1.31747399269,-16.12192297657952
1.22468422959,-15.284536905080607
1.16086167859,-13.519791209521374
1.13797667185,-21.687504797155587
1.08783976644,-7.377503158482373
1.08457225984,-14.18915842745016
1.07645613786,-13.31302829608856
1.07051399058,-13.602845682986871
1.06386017104,-12.938577203941021
1.0615087681,-13.619347501348194
1.05629969994,-13.126472679096247
1.07143733323,-20.84512159534582
1.04466465568,-7.546453902796404
1.05389965829,-14.112802270079776
1.05708775823,-13.313942037036385
1.05750973218,-13.91234623522051
1.05313199178,-13.20376956927659
1.05297896798,-13.735329948288188
1.0541188087,-12.735608868323661
1.06793024951,-20.305133735274513
1.04228799664,-7.61647656690828
1.05553679752,-14.158343251475133
1.05442585483,-13.183169004548159
1.05301759266,-13.870941103745537
1.0496266272,-13.136984487274326
1.05355398299,-13.825222225860346
1.05481379513,-12.917964484681752
1.07238145432,-20.613234085018135
1.04722492641,-7.786017526981445
1.05326245899,-14.007094620519688
1.05821993278,-13.223808897524243
1.05757482446,-13.744566179835655
1.05644531195,-13.362591205600566
1.05791649177,-13.612070895212762
1.05875156964,-12.881629469919408
1.07429923202,-20.4221268217267
1.04689114892,-7.4363875618797595
1.05949731456,-13.950991103584764
1.05493525361,-13.31479139822222
1.05557372734,-13.964307023684563
1.05595159475,-13.156955441948952
1.05465050094,-13.621787075321404
1.05444912392,-13.021521379816546
1.07003591561,-20.758944133506734
1.04151319756,-7.526624732326961
1.05554941178,-14.090886649921025
1.05060537256,-13.106721851140627
1.05249740511,-13.688638441408052
1.04852877564,-13.170790060228082
1.04790047848,-13.680511546113694
1.05038655834,-12.650512924079239
1.06535608689,-20.57873134032106
1.03971220044,-7.30110825863331
1.04845022307,-13.886458170291796
1.04829811811,-13.142385897265488
1.0529062919,-13.866914727969277
1.04740642083,-13.000163533650474
1.04756816144,-13.281386794775683
1.04368333776,-13.146145573684983
1.06335116823,-20.315998631428204
1.03617916906,-7.722747585740661
1.04742041358,-14.145069350808889
1.0442712008,-13.27415260544853
1.04597361599,-13.922786510321309
1.04483334026,-12.948226888425545
1.04756617885,-13.449029668391073
1.04704851889,-12.84377417236938
1.0598690545,-20.606659034265142
1.0386323589,-7.199629774810908
1.04754465063,-14.018766646091212
1.04648491994,-13.282452193293768
1.04603674818,-13.8202140152671
1.04750946102,-12.99032115820858
1.0462515408,-13.940627185475797
1.0463360165,-13.112207769257093
1.06081308427,-20.740598782189746
1.03747152917,-7.616836114752392
1.04574144468,-14.044990204859639
1.04634997579,-13.363326937064285
1.04514572474,-13.906985908823613
1.0464001517,-13.282751455521508
1.04737937456,-13.749127189710459
1.05000583944,-12.619072868956781
1.05980527365,-20.555572233192002
1.03642442427,-7.9058700031278
1.04471525654,-14.437051919831923
1.04197851614,-13.141229571014806
1.04606663452,-13.865266360121957
1.04001732584,-13.134210644444444
1.04385796126,-13.854711356368982
1.0421104161,-13.283986660258561
1.0573100974,-20.83604388883043
1.03679227945,-7.445962317311473
1.0421958955,-14.060818292046747
1.03988625595,-13.175980799346611
1.04503444834,-13.851704739713917
1.0438057733,-13.279114119992542
1.04541218827,-13.885683346843056
1.04353325242,-13.052505442479674
1.05904696453,-20.961641142763202
1.03047188171,-7.841893723110467
1.04357594902,-14.199594057771403
1.04380165867,-13.527911035988708
1.04504764598,-13.83541165123348
1.04299140307,-13.251913397220468
1.04513198002,-13.76078965460229
1.04313102192,-12.941246510133332
1.05885287871,-20.77075014413009
1.03189679104,-8.021645497688262
1.04050338326,-14.32349552985448
1.03831509319,-13.550501221772503
1.0419032929,-13.982720691073174
1.04391381188,-13.306037864613145
1.04455457249,-13.984952799889212
1.04070969636,-13.200651995010126
1.05613256614,-20.83112007262503
1.02908760074,-7.808976149464403
1.04629067762,-13.81886051786667
1.04120388069,-13.580634979089446
1.04220870878,-13.98415233423802
1.04206067463,-13.031136674388648
1.0428220934,-13.913123154706106
1.03807929347,-13.188891685289043
1.06065112063,-20.669675335025254
1.03028484095,-8.063099305393171
1.04096999972,-13.964678052127589
1.03777578377,-13.666501151567044
1.03951704501,-14.202480292932872
1.0407202051,-13.409713729386477
1.03933963331,-13.857568389969849
1.03931322767,-13.053008890889469
1.05408349289,-20.772769797184882
1.02714284436,-7.890010457568786
1.04112775535,-14.006085672400836
1.03913789511,-13.656888735005024
1.03998372516,-14.201614878846827
1.03631670446,-13.38205364593808
1.04077546327,-14.057077233411498
1.03885420508,-12.737275265052435
1.05490674425,-20.863414101876632
1.02768657532,-7.932388354241206
1.04289498239,-14.461099547911992
1.0363907787,-13.620697609464438
1.03582088305,-14.259146627941012
1.03720199368,-13.4460506865824
1.03924024063,-14.106501724533334
1.03644725449,-13.051508155415823
1.05498888389,-20.806488752099945
1.02824596184,-7.812089147411522
1.03728801983,-14.26509227147293
1.03812988137,-13.599586617710472
1.0370273657,-14.247736858185903
1.03739664384,-13.41777514776398
1.04187753516,-14.077147129492538
1.03641471178,-13.577488940858125
1.05371468821,-20.73641297462012
1.02724235859,-7.985566101989186
1.03893977756,-14.177480503276598
1.03441416748,-13.71151887800767
1.03597978068,-14.298755165945355
1.03627657621,-13.461160998477883
1.03625008271,-14.080945173714252
1.03510152674,-13.297712698427977
1.05528754067,-20.86208898382957
1.02536346847,-8.045534267557654
1.03944973206,-14.137635391330202
1.03505062908,-13.427591498920997
1.03574346937,-14.267665578150918
1.0370881108,-13.185344314212635
1.04104196142,-13.833660113584866
1.04051609959,-13.0341488673294
1.05246130887,-20.84058636664574
1.02588146754,-8.143868635581388
1.03794796122,-14.389707385423836
1.03669142186,-13.78367380466362
1.04095147584,-14.117784690636036
1.03719654559,-13.505855496380908
1.03743565839,-13.872248838208776
1.03486325827,-13.168703862440843
1.05485855629,-20.736721190134958
1.02947963699,-7.795471670766464
1.03670173436,-14.537674469376576
1.03982120311,-13.247508509600001
1.0391493681,-14.205986722135007
1.03225853668,-13.449053376543974
1.0386111142,-13.831379048013572
1.03375808391,-13.431367242277457
1.05011268832,-20.84227649806678
1.0254238594,-8.11619725713697
1.03652570442,-14.466177774489601
1.03497467971,-13.540918841184673
1.03814025256,-14.115613021974948
1.03398925478,-13.279433073805313
1.03595844759,-14.0416238684823
1.03553736766,-13.406876022965205
1.04941571464,-20.73059724612346
1.02718408795,-7.819144888899875
1.03838701848,-14.058384487730844
1.03422811989,-13.627157619388543
1.03490787994,-14.217148532466588
1.03724468759,-13.37874785709297
1.03506877008,-13.898195862258792
1.03391620281,-13.33090080999822
1.0484011571,-20.890110984105984
1.02437936969,-8.018781230364258
1.03726334404,-14.34162213497031
1.03416422178,-13.516700202677505
1.03322324946,-13.915469821686816
1.03335041997,-13.66577111470079
1.03524832371,-13.930015247488301
1.03345877257,-13.210120269541214
1.04870037155,-20.975899004979315
1.02310933106,-8.135291263944778
1.03717023105,-14.321945343061893
1.03545916491,-13.354370934400476
1.03565182269,-14.290450544822555
1.03240424216,-13.645501582681977
1.03774568541,-13.753814777749437
1.03236036524,-13.482294964412496
1.05024865132,-20.9021339238445
1.02247017946,-7.998995657655346
1.03630537345,-14.229964117633418
1.03565267949,-13.724482924461737
1.03759274969,-14.286987110162151
1.03453224915,-13.57459578123948
1.03408240062,-14.0803754080046
1.03386901817,-13.330005887292675
1.04892452216,-20.752636570863995
1.02382236422,-8.26721383676021
1.03384086143,-14.117368084453751
1.03556000798,-13.645409105254124
1.036537924,-14.165664176584919
1.03463487209,-13.485116719498325
1.03855140227,-13.947730396442545
1.03181662851,-13.330207664197802
1.04939132463,-20.652475402917943
1.02412922829,-8.29699864342721
1.0377032055,-13.93802243845329
1.03729900991,-13.400198065323208
1.03594871127,-14.242209753663426
1.03219905599,-13.412372874892414
1.0374431172,-13.831484152583368
1.0346671091,-13.42036072979825
1.04951972501,-20.866362344990584
1.02399395912,-7.9543252699867715
1.03703648562,-14.446632042518397
1.03232875325,-13.476250030416557
1.03454780314,-14.173572779847028
1.03442501131,-13.236436240063517
1.0344492386,-14.244072759554248
1.03365309568,-13.155343731248848
1.0499533599,-21.044507339756592
1.02400717691,-7.799791625871115
1.03625705793,-14.427056829512743
1.03262869243,-13.613221824650818
1.03840470442,-14.476257306726714
1.0376540275,-13.461347546572068
1.03466064863,-13.94963722413122
1.03546292026,-13.401647915784736
1.05327129847,-20.781796160704598
1.0246552293,-8.012346492357214
1.03460554044,-14.28676116906441
1.03424597203,-13.765489952552883
1.03581628748,-14.072545204271202
1.03364605729,-13.094345196884712
1.03451915939,-14.025723102311868
1.03270610104,-13.388217736496687
1.04888747296,-21.076930663154574
1.02408712906,-8.037273227284366
1.03608793725,-14.229589039576926
1.03675529539,-13.702420988332024
1.0349769872,-14.42530212614208
1.03479839437,-13.350762407766831
1.03259135989,-14.218763813969527
1.03160667949,-13.367930951433873
1.05285726995,-20.652003064620274
1.02387387173,-8.246484481491287
1.03223984397,-14.445615025184537
1.03543387739,-13.497855895318343
1.03412564091,-14.307561977822912
1.03598496534,-13.464219679733333
1.03380158869,-14.125718021070249
1.03454574349,-13.249696595835148
1.04962179986,-20.785596431229937
1.02535069247,-7.966653704291076
1.03738819798,-14.761381463603612
1.03420294822,-13.591175283952998
1.03593217135,-14.620219182718845
1.03809992019,-13.595727742730872
1.03759945681,-14.206154248088888
1.03768971509,-13.266910734160941
1.05203322655,-21.128529773000846
1.02542026938,-8.025156430150426
1.03688857381,-14.371116132729533
1.03536491147,-13.827778854318133
1.03391969195,-14.520382656945564
1.03530162474,-13.567828457053933
1.03474460079,-14.10679874791428
1.03613233236,-13.237733360957359
1.04990866488,-21.039711604892446
1.02453161514,-8.104174709293485
1.03927788952,-14.57897152614057
1.03691319144,-13.700768064613577
1.03571087797,-14.237871999811299
1.03423381482,-13.673949527573765
1.03487091968,-14.291726254925116
1.03575576589,-13.598496923825858
1.05079516916,-21.163467600318167
1.0207562394,-7.960523047323905
1.0356055018,-14.47733300511736
1.03523960044,-13.923182475807028
1.03781641458,-14.332166148498894
1.03821308439,-13.634491702715748
1.03922058119,-14.132606118487551
1.03231667529,-13.669134538649313
1.05032416953,-21.290168137948083
1.02053256796,-8.185222975552826
1.04016994065,-14.335717306781707
1.0339656495,-13.929327076888708
1.03811033506,-14.364604859377778
1.03532507899,-13.542749965340043
1.0363566061,-14.13061564088889
1.03809147424,-13.404764775328532
1.04916547794,-21.478326408891654
1.02974996457,-7.885781953836924
1.03747897825,-14.728625058468001
1.03457444047,-13.78817276610362
1.04004130801,-14.244783985381007
1.03700363667,-13.6038175890019
1.03505557782,-14.040929175387912
1.03633714697,-13.544433428362419
1.04993663134,-21.088518216161283
1.02091200742,-8.135808844565906
1.03632868663,-14.526120465389823
1.03699764512,-13.61785210612407
1.03793633481,-14.255580875852356
1.03631963816,-13.558740518576903
1.03648970425,-14.322642833816978
1.0379000157,-13.514515086021975
1.05099194392,-20.931098492395297
1.02566099837,-8.227474624036828
1.03755378639,-14.492476136158835
1.03399206266,-13.967115627691218
1.04196669538,-14.196410735116778
1.03838913252,-13.41205260755534
1.03771416887,-13.916828359272317
1.03750666124,-13.360666890349421
1.0522172904,-20.94855919721202
1.02398924067,-8.030963280275714
1.03585281146,-14.387757286269435
1.0355910253,-13.982326290853486
1.03556884424,-14.465246060421675
1.03727014939,-13.760348954255129
1.03728700664,-14.002158933552117
1.03728409781,-13.399283213253451
1.05164293016,-21.355781649793258
1.0236526961,-8.030116849189573
1.03997826479,-14.442257318268442
1.03442484098,-13.962754223346618
1.03869223138,-14.15919612266071
1.03599790131,-13.569768099505254
1.03857416239,-14.315871378538796
1.03816897971,-13.394278426971985
1.05249186804,-21.104956717310493
1.02618327057,-8.204877723560948
1.03753371479,-14.505369904930795
1.03566304116,-13.741979549739675
1.03599512891,-14.55191359554977
1.03680711488,-13.641715597866666
1.03591169086,-14.187215952273053
1.03348078798,-13.256718539426656
1.05183895258,-21.072134182861184
1.02746297447,-7.967386176724381
1.03668341837,-14.521901343177673
1.03600724322,-13.998209681227003
1.03597024737,-14.394945975953918
1.03388980719,-13.68779781523472
1.0352952141,-14.096633180007686
1.03850571752,-13.301424986008808
1.0545097688,-21.083774560011232
1.02524667066,-8.171900687850565
1.04265076858,-14.408706116708506
1.03798588182,-13.468229545537648
1.0359932791,-14.420744025936983
1.03615969799,-13.464343720905253
1.03641226757,-14.419014891290345
1.0343740934,-13.609431807408058
1.04981471201,-21.07510009220285
1.02631853248,-8.095680532545039
1.03965114877,-14.79812694668293
1.03609216654,-13.747107347123164
1.0416486476,-14.350851676214035
1.03624667431,-13.594385400214588
1.03919140915,-14.431542364631023
1.03562645389,-13.69264959690605
1.05311999931,-21.3572539590505
1.02586691058,-8.105787399222645
1.03821061263,-14.665227995745612
1.03745359243,-13.992680103479847
1.0362540774,-14.548334786916453
1.03941705109,-13.590832551879007
1.03640218,-14.331509805138275
1.04089628387,-13.602675856683154
1.04960577653,-21.315482986609588
1.02762356101,-8.372186956878428
1.03777671171,-14.688281037293924
1.03665097236,-13.751443522930206
1.03778388333,-14.459613853430678
1.03419932664,-13.873769985327396
1.03691439723,-14.147641983388013
1.03936020501,-13.470573137251376
1.05013524817,-20.781205151685192
1.02755456807,-7.957319420261052
1.03911982321,-14.474503201333338
1.0370252081,-13.754833465667248
1.03760995412,-14.603303845848371
1.03910801875,-13.335942415733333
1.03869125729,-14.193626877268052
1.03921712233,-13.40211184841944
1.04928723884,-21.158948519949888
1.02521233963,-8.072817122265242
1.0367899295,-14.438732628349149
1.03485905089,-13.783326057955556
1.0359093981,-14.796428516656432
1.03565470461,-13.611024679398204
1.03692971747,-14.444050114221447
1.03736096723,-13.339400963656555
1.04834302427,-21.219614872244094
1.02676676645,-8.05642011248184
1.03793126554,-14.497655671665816
1.03654589382,-13.757858859665287
1.03521409372,-14.573908431491146
1.03764419733,-13.606115689021273
1.04063766829,-14.17240880828446
1.03430945739,-13.441091758826214
1.04966376245,-21.332921912893422
1.02656998216,-8.508380890966302
1.04136153198,-14.10881065095058
1.03649509557,-13.864858337273803
1.03308093458,-14.535818010684343
1.03758682207,-13.570985657256486
1.03563115986,-14.104612336534895
1.03600719611,-13.724184295999798
1.05130299514,-21.21494096963282
1.02414647494,-8.639157013938167
1.03573990754,-14.529758108116773
1.03681892541,-13.697953940299037
1.03751490396,-14.51991517197275
1.03645819299,-13.864129554602144
1.03739373747,-14.199203812195977
1.03351396451,-13.538064273850692
1.05362534802,-21.232868939750656
1.02585050851,-8.21551121971893
1.03848729892,-14.577562650403216
1.0373882861,-14.078655161220128
1.03963105487,-14.15444687149045
1.04015465183,-13.401978792771509
1.04113396525,-14.155950019473385
1.03716560765,-13.445590929007066
1.05234672564,-21.32926901410719
1.02403907327,-8.19536880730212
1.03673673474,-14.43759168964624
1.03456381852,-13.994006823231224
1.03798710209,-14.542541742149417
1.03950781146,-13.740867888178876
1.03725169991,-14.35647690653537
1.03479269225,-13.505690786513473
1.05088801787,-21.111359432114483
1.02468541613,-8.291397610206925
1.03811157206,-14.642806517785377
1.03877427323,-13.776120904092444
1.03569226529,-14.658514950162024
1.03894886832,-13.8215029233775
1.03822181704,-14.317953918054407
1.03710944938,-13.495303215797243
1.05093811823,-21.17016937133406
1.02680760171,-8.312524026874025
1.03883320642,-14.624330852171129
1.03232161954,-13.850648063403701
1.0435070009,-14.275508287251865
1.0381473509,-13.580020860886947
1.03663830542,-14.146840564258335
1.03634368795,-13.645344656099619
1.04768560902,-21.288844736013605
1.02838092609,-7.785096668768247
1.03648025337,-14.735492048053882
1.03839753212,-14.012494795389106
1.03921908933,-14.192902366390538
1.03662869616,-13.686961713709541
1.038404937,-14.133466715438836
1.03662745992,-13.59882862714722
1.05074225929,-21.457904175347814
1.0243885244,-8.508452730504075
1.04035762612,-14.631997554961183
1.03549029838,-13.91978692514617
1.03817154187,-14.618029590811448
1.03580896305,-13.950189612967895
1.03740841015,-14.338210442044875
1.03420976302,-13.600565927617632
1.05049056925,-21.259781045982663
1.02390917904,-8.324678811664889
1.03856707391,-14.4230713646599
1.03511564583,-14.295008129790185
1.03626506731,-14.515031164766697
1.03541384905,-13.801333286281428
1.03830841079,-14.294411928704879
1.03845688855,-13.56214136734357
1.04965200302,-21.404148053398618
1.02463304537,-8.203123728828862
1.03918348744,-14.413120401866665
1.04149690402,-13.512616658692103
1.0361369,-14.39256880669273
1.03602148423,-13.834101601872629
1.03778997105,-14.220673761576698
1.03576275097,-13.568471416950986
1.0541661179,-21.099233026906624
1.02481295829,-8.38921377067385
1.03759541999,-14.430460622907683
1.03748325373,-13.77215572201064
1.03782247388,-14.273145859140364
1.03568793718,-13.664443582918034
1.03981479664,-14.316120624548493
1.0381375752,-13.659251022236658
1.054817087,-21.20978517975628
1.02550832379,-8.325787154382455
1.03845582147,-14.804006891488513
1.03985348287,-13.85538834497778
1.03935867506,-14.549038473001538
1.03621920015,-13.850294325758231
1.04229690966,-13.874361650669002
1.03826828479,-13.588579237449446
1.05571211548,-21.165794559791664
1.02621442469,-8.257087106767775
1.03711881562,-14.781163891897737
1.03798062337,-13.806190056550939
1.038669314,-14.626670465413733
1.03972779576,-13.886753639349438
1.03743143817,-14.521465352753621
1.0373485458,-13.564476801797905
1.05327991289,-21.28545254537262
1.02578299343,-8.438721847347209
1.03966770949,-14.402523698364838
1.03819592364,-14.034894869105257
1.03894518735,-14.569757299936377
1.04118600572,-14.01645200906667
1.03970630733,-14.463871154644266
1.04012051829,-13.426066681474623
1.05317044116,-21.131320027560417
1.02762105959,-8.302724286534637
1.04158907435,-14.46698451846017
1.04101591636,-13.80342798410215
1.0353883573,-14.354129602514089
1.04031646262,-13.783705894418771
1.03611704518,-14.46958684298714
1.03634074456,-13.590663365704666
1.05024893499,-21.062705798706723
1.02313847282,-8.372591747206025
1.03857643373,-14.768781105619427
1.03383164199,-14.075654939230585
1.03970749898,-14.741152081323982
1.0350483261,-13.793276386570986
1.03985949518,-14.216566411890438
1.03732087103,-13.464314250048528
1.05137040691,-21.150252514052664
1.02411347092,-8.249535185509545
1.03451438106,-14.467734213619426
1.03660862965,-13.866767493367595
1.0378088109,-14.365395679968161
1.03551462849,-13.616755676111714
1.03636200211,-14.148739155898799
1.03615651117,-13.49756366152186
1.05337051803,-21.44363559994819
1.02687262083,-8.151623093200469
1.03675715182,-14.833605426570927
1.03493344557,-13.956687849569594
1.03879489907,-14.563631138222222
1.0392010734,-14.002357287288888
1.04534265273,-14.263173413144143
1.03811008992,-13.17720418845703
1.05597234591,-21.054629953255542
1.02746686264,-8.239210839227677
1.03817662943,-14.670334174822939
1.03989175195,-13.866186923577578
1.03682406068,-14.639723223620434
1.04057671684,-13.769311573649407
1.03920873346,-14.333957223608728
1.0357822835,-13.76282643715114
1.05562891774,-21.101691143008875
1.02834233325,-8.341101645512587
1.03850132936,-14.635073204369624
1.03962557786,-13.839034210011153
1.03767914635,-14.732810142445382
1.03952193777,-13.79266818310268
1.03986124329,-14.10909797959157
1.0378215472,-13.6293479474509
1.05348636983,-21.402808620757085
1.02864016923,-8.443704404697542
1.03950240798,-14.933639249775698
1.03886444322,-14.092400517233532
1.03983884165,-14.423557584943104
1.03918689476,-13.695171730099169
1.03747201335,-14.51914442151111
1.03632722488,-13.93529433241031
1.05243764586,-21.161263241338517
1.02784772739,-8.705773083932227
1.04067347995,-14.543136755954736
1.03721964557,-13.981155011167179
1.03804158421,-14.614841565562378
1.03369278382,-13.92838314324623
1.03706525788,-14.549933856694865
1.03943313263,-13.616693786409712
1.05516776388,-21.12899002155492
1.02693400546,-8.623544738373264
1.03720875936,-14.618217408111796
1.04272509133,-13.800605924206057
1.03950571337,-14.851776292781551
1.03983814261,-13.701814199135306
1.04076999286,-14.380253562372145
1.03723674091,-13.467833425396655
1.05123709933,-21.140767887224186
1.02804808341,-7.950159250293733
1.04230995114,-14.678867706628845
1.03655315963,-13.950703228101892
1.03924557455,-14.660134741513705
1.03789069478,-13.601561280514753
1.03564367203,-14.248434657415007
1.03822051748,-13.522301386901267
1.05116682305,-21.272501668320857
1.02807305285,-8.227219710589926
1.04217790855,-14.769842941025157
1.03816243976,-13.960911978272229
1.03610249761,-14.715578550034552
1.03572896144,-13.82310839049267
1.03828227814,-14.305246130948474
1.03753634259,-13.781287177750686
1.05376952205,-20.71699716552308
1.02675604229,-8.519288578428247
1.04030277455,-14.46112236988591
1.03611828727,-13.987520848622223
1.03605686203,-14.642739770025385
1.03582058499,-13.793645167027588
1.03746641029,-14.354708957532457
1.03863818895,-13.745306072706638
1.05237477716,-21.184894046272923
1.02890865159,-8.236378968366068
1.03997067027,-14.607348116110265
1.04262051418,-13.812451912918805
1.04177861369,-14.77896665293578
1.03632590142,-13.690806444097541
1.03494177336,-14.626281838913734
1.03484242843,-13.744265243762781
1.05353704167,-21.500001310036758
1.02505360929,-8.623918158447726
1.0388490188,-14.76690209535289
1.03657025716,-13.975594567172019
1.03776674696,-14.624246549883948
1.03707678048,-13.799931697494038
1.04036057336,-14.121965491503353
1.04119276695,-13.43468598521982
1.05072283266,-21.230158064608744
1.0252899754,-8.219191078508711
1.04129642569,-14.607864697453616
1.03434515424,-14.099904248642048
1.03874501127,-14.529959816985874
1.03697545759,-13.69049656848734
1.03989184965,-14.27879958188199
1.03671235609,-13.700824317758423
1.05220106552,-21.193789334786832
1.02913819777,-8.421425605769231
1.04031960868,-14.704721637128955
1.03728523012,-13.867487659541824
1.03728630326,-14.711658728351896
1.03715453492,-13.99748975575936
1.04119052594,-14.338097393997455
1.03550372529,-13.595008561582768
1.05474285614,-21.154222991077656
1.02639092704,-8.350169265787454
1.03928842108,-14.79619076012688
1.03743613704,-13.845487213167583
1.04050956875,-14.29897151697833
1.03827313906,-13.83811942794003
1.04261557123,-14.187182171652166
1.03511359805,-13.681977184356986
1.054080045,-20.99319763601773
1.02727645191,-8.22679193390927
1.04067618088,-14.58494948689141
1.03785474663,-13.97637751612378
1.03831922615,-14.569093593907866
1.03717782593,-13.645424882261379
1.03841609342,-14.293126200458216
1.04170082977,-13.87270251036491
1.05353051173,-21.216756863813174
1.0286964008,-8.532642371197152
1.03821159591,-14.666587011021234
1.03914213981,-13.661125578986644
1.03550522482,-14.488581459999999
1.03230172993,-13.814577089698224
1.03569102564,-14.350107039313022
1.03768817723,-13.646611912159848
1.05208664527,-21.152466796497507
1.0254647711,-8.264622046318912
1.03911904613,-14.585471518938268
1.03842049274,-13.830580367842298
1.03987651776,-14.505805734254169
1.03824677773,-13.864221985820272
1.03779345006,-14.411816482010664
1.03900400137,-13.390999173385161
1.05448266069,-21.369141103198544
1.02428210497,-8.503993311826667
1.03871592019,-14.614851492624634
1.0411462329,-13.76498386961732
1.04149860706,-14.368069611138232
1.04092164785,-13.50921164874202
1.04359811949,-14.12148506988423
1.03955736458,-13.76884157940011
1.05769141703,-21.148141718905826
1.03023929537,-8.179950877918037
1.03853537289,-14.680116063288889
1.04049332392,-14.023501148413784
1.03887274053,-14.573850324709841
1.03866695039,-13.643184227288234
1.04078630947,-14.391515513365796
1.03667090124,-13.669730981905985
1.05107464946,-21.416888342379124
1.02430218097,-8.04548991643417
1.03671218021,-14.914197992757503
1.03955217641,-14.009241786990135
1.03951107558,-14.543133037634426
1.03780273405,-13.705794974280806
1.0391468629,-14.436999661791596
1.03419036412,-13.927016472991715
1.05223852067,-21.495214999641544
1.02503586589,-8.429225394971365
1.03870799055,-14.74635574288424
1.04057807521,-13.774923286146006
1.04112547599,-14.947065887116175
1.03690501147,-14.001968575667123
1.03666765484,-14.59476446138024
1.03748625269,-13.788862459661352
1.05500783731,-21.11063906132243
1.02670045971,-8.705745452991193
1.03762626248,-14.539474157028536
1.03966615646,-14.06484352710213
1.04114778924,-14.552715710286586
1.03862787977,-13.633146033877171
1.04650386738,-14.446202013312956
1.03973737037,-13.530417070755552
1.0526064474,-21.31891691997398
1.0268973365,-8.053028323038024
1.03650074579,-14.886786600524086
1.03470661404,-14.14571803681502
1.04105972614,-14.564016358666667
1.03537239655,-14.211380681918971
1.0370144912,-14.453268990399003
1.03499568937,-13.569539012443224
1.05408849677,-21.403787818257367
1.02432883807,-8.392070964680519
1.0397036991,-14.407599803074524
1.04144415224,-13.98216886784348
1.03623485621,-14.46335645012008
1.03624285761,-13.938534402353717
1.04124352006,-14.23568665668003
1.04026695311,-14.04130514229093
1.0507216005,-21.32179519257389
1.02507571784,-8.453840095912264
1.03920353325,-15.00495355182574
1.03167348241,-14.068766690368642
1.03864997108,-14.570419282665275
1.03620703685,-13.772537462543657
1.03797404576,-14.485248109274352
1.04089644591,-13.328310005648088
1.05088265217,-21.326550887970132
1.02611493988,-8.358317978990154
1.04382722163,-14.627525447510433
1.03698853128,-13.763642716240893
1.03975399735,-14.469602548834732
1.03649141966,-13.640079187423968
1.03615458572,-14.806146718056945
1.0395544709,-13.535381906543599
1.0532908593,-21.24240832991707
1.02989711659,-8.566238388674408
1.03974112376,-14.84035037353219
1.03734353367,-13.996795150368307
1.03800325409,-14.481015405959015
1.0428796818,-13.769713963738896
1.04424127019,-14.466108872550507
1.03695390404,-13.82006817986415
1.05295336509,-21.00468527685716
1.02655478674,-8.15135741465909
1.03895184057,-14.868651749953045
1.04060996038,-13.948630959262388
1.03686032707,-14.639183996402554
1.03869999639,-13.68758893462473
1.03788156292,-14.352988258576696
1.03853197374,-13.743017376380454
1.05159013333,-21.3137272535299
1.02573798007,-8.439323837614062
1.03899244728,-14.835572504812113
1.03946542811,-13.99549731366979
1.03826587683,-14.8209966832816
1.03858179382,-13.757547221400221
1.03786329309,-14.559772285477745
1.04198779841,-13.603151690283736
1.0541722108,-21.219980381484618
1.02626003141,-8.671923516077229
1.03821642196,-14.939556986171052
1.03810634468,-13.878294569542852
1.03680798291,-14.627054938465683
1.03362817224,-13.91968357710039
1.03756570135,-14.448185661025017
1.03814081609,-13.724273938999481
1.05385068792,-21.653563901866832
1.02738571017,-8.088129250791702
1.03885135639,-14.83574358168709
1.03608960841,-13.930157715326573
1.03805822313,-14.55910992653274
1.03899942335,-13.79889477978056
1.03890776311,-14.343027116449825
1.03584471879,-13.664027902553846
1.05131558697,-21.421770158420397
1.02594202028,-8.562279089455366
1.04024321024,-14.496650829004116
1.03476949216,-13.90456986630731
1.03741882843,-14.621341556681179
1.03503136479,-13.926978796129939
1.03919254937,-14.359348971985561
1.03691054799,-13.742304947231116
1.05134850172,-21.31946684217541
1.02626261019,-8.506931927107907
1.03794765669,-14.770346708285055
1.03942947566,-13.971007011741198
1.03986409638,-14.577341311979925
1.03789958328,-13.673573323113999
1.03907611642,-14.212572860083332
1.03604845112,-13.537514504728865
1.0522847019,-21.15481324258087
1.02360430039,-8.486874928157995
1.03636649834,-14.728646246013268
1.03592372628,-13.839325140009285
1.04036101801,-14.838078038607522
1.03845601251,-13.588169567130125
1.04188615986,-14.501220517654332
1.03680395616,-13.661945244697991
1.05449805788,-20.95042622809582
1.02515199685,-8.53541976965851
1.03643899388,-14.688868442636167
1.04316945275,-14.07340603710948
1.04008166197,-14.501006119527894
1.03600929628,-13.932759637360363
1.03790106689,-14.33505728313444
1.03889031076,-13.545118732663639
1.05079713537,-21.41521416938626
1.02864017603,-8.463350628975572
1.04207350215,-14.467807230524038
1.03827327725,-14.072058757297299
1.03789592444,-14.560065059646563
1.03865605018,-13.741108584850515
1.03794173357,-14.400163211211138
1.03469385623,-13.831046737786217
1.052358532,-21.289809490205474
1.02711249324,-8.139521773770987
1.03854975136,-14.824257678288758
1.03921548173,-14.112374889600662
1.03685070971,-14.734175212883697
1.04208231487,-14.012940354437575
1.03952910352,-14.41000357156817
1.03984687372,-13.525170896183859
1.05400650622,-21.147909266818804
1.02435551639,-8.485766742601408
1.03782269111,-15.07704655945605
1.04089354785,-13.82400244098482
1.03706446946,-14.66126086246417
1.03592997832,-13.905672954012221
1.0394192579,-14.385492654858247
1.0384144989,-13.874966130149728
1.05602986577,-21.20938321908172
1.02615705315,-8.591497661882542
1.03793717048,-14.835942352664043
1.03923783831,-14.110458709968007
1.03780262024,-14.592271498501466
1.0366682186,-13.868282634915637
1.0393460788,-14.367461026661438
1.03561501273,-13.722454658910845
1.05177656047,-21.370407329221866
1.02680334365,-8.184644248733242
1.03656423132,-15.046166555191073
1.03525689837,-14.041958824674587
1.03605674242,-14.674872743674952
1.03672092813,-13.760355308843662
1.0398629473,-14.230120499883895
1.03846194308,-13.706707480034895
1.04967290514,-21.574337030923864
1.02832556362,-8.323715298710956
1.03761115274,-15.012930932200582
1.03727576747,-13.919850651616214
1.03564002682,-14.670139330836873
1.03718445846,-13.946198230044041
1.03974307548,-14.47875625246781
1.03708302595,-13.510827222364112
1.05491746584,-21.348273690885414
1.02769378202,-8.285210815503108
1.04041789669,-14.646046699820696
1.0373310144,-14.107762638063724
1.03764078297,-14.559158440554686
1.03982180289,-13.74801091374669
1.03980276553,-14.449068937600003
1.03506352908,-13.599252772159657
1.04993101808,-21.499371803986126
1.02582224369,-8.513303989615894
1.04022013156,-14.665372372349626
1.03612657752,-14.037009042667146
1.03823517623,-14.791733354678838
1.03523861291,-14.129317714986607
1.03780056913,-14.762509569885585
1.03614623526,-14.176388975794094
1.05209783733,-21.14772412557651
1.02628171913,-8.467365243068741
1.0381046621,-14.576353293899517
1.03617307542,-13.985016896736868
1.04117283422,-14.615347902107382
1.03719338055,-13.992320449484389
1.03799933881,-14.284656197182304
1.03933286678,-13.642681204430284
1.0526847238,-21.26831592265412
1.02578739332,-8.389786592613126
1.04191997396,-14.693132439709006
1.04229741494,-14.152446273580917
1.0403452348,-14.4503260515395
1.03854030103,-13.945475870101298
1.03832843653,-14.614186419621461
1.03897529489,-13.663219249543873
1.05228189102,-21.509064147591598
1.03045996604,-8.37094959075385
1.03856949336,-14.885189432025697
1.04050617827,-14.150727265024642
1.04092977978,-14.563215133968596
1.03625357868,-13.834848630663938
1.03766500231,-14.410297841812366
1.03544353778,-13.708265853808147
1.05369041695,-21.37815687717811
1.0281498174,-8.253083944203077
1.04089923512,-14.476827721832601
1.03743441452,-13.836947826212045
1.03641471909,-14.635371872806855
1.04015257618,-13.925961799882716
1.04087028176,-14.512670498910207
1.03776202428,-13.761812646203097
1.05402895451,-21.40487050555495
1.03050541492,-8.3458707556544
1.0381455189,-14.622597613768805
1.03544620124,-13.997033269006621
1.03874696309,-14.571768272026418
1.03753970843,-13.872713993791189
1.03780391475,-14.427023466868949
1.03795410804,-13.624504790107238
1.05754566831,-21.01761775582746
1.02710500732,-8.397494147892957
1.03960508387,-14.68818308795308
1.03906098087,-14.069090007627954
1.04011637179,-14.680042442657298
1.03890403943,-14.051293272258555
1.0379428105,-14.099227541943463
1.04038505475,-13.683673521324277
1.05600432489,-21.154177441868985
1.02763273437,-8.623203955422717
1.0397082523,-14.968615355444086
1.0395479631,-13.702213275556675
1.03892129177,-14.70737164382222
1.03700210765,-13.947786404562143
1.03962185879,-14.41638756631111
1.0390179172,-13.641107153886319
1.05461253532,-21.443986412651565
1.02363797891,-8.697492218058947
1.04141238622,-14.794888743478696
1.04237594327,-13.916049214037711
1.04045602042,-14.443603036123953
1.03613627787,-14.012654605454918
1.03721210935,-14.652007544912383
1.03346791802,-13.991396062619108
1.05154524406,-21.226365025801755
1.02565516451,-8.577173319143387
1.03971966939,-14.903171892225961
1.03432133924,-14.102125142087095
1.03955224825,-14.70496029216748
1.03731729419,-13.776303341371959
1.03765454994,-14.598995917290429
1.04049324527,-13.830413683949748
1.05464737693,-21.356998247693564
1.02591817067,-8.634784176404722
1.04018112181,-14.737107437057874
1.04193012729,-13.993150438635327
1.03685091624,-14.62319134467124
1.03474323431,-14.2208388576662
1.04041544156,-14.45699668020159
1.03630188476,-13.800619997585754
1.05137004113,-21.23606739926149
1.03022694262,-8.333738488764995
1.03800152134,-14.814456906899462
1.03833099632,-14.157151113384193
1.03880622023,-14.986262427594447
1.03643145948,-13.695341937414176
1.04197079594,-14.300329187128447
1.04003520853,-13.922389397251747
1.0505347336,-21.137955742063923
1.02388785783,-7.962625705774027
1.04095904266,-14.806362060708327
1.03850385448,-14.208039638543966
1.04106116204,-14.491668851989033
1.03596914644,-14.093277472595771
1.04041208773,-14.290270607277629
1.03591861658,-13.881049590780211
1.05170921477,-21.406777103562973
1.02872052698,-8.242962537816368
1.03863942728,-14.833224485219088
1.03949034886,-14.443404278396587
1.03934673974,-14.538263879655773
1.0400513951,-13.79116676806358
1.03765141678,-14.570629705632777
1.03660842716,-13.730245827867277
1.05030428723,-21.282144217600052
1.02589228151,-8.492678577842911
1.03819736005,-14.835229884347832
1.03462840483,-14.007534766139646
1.03762981257,-14.507512020387399
1.03486780748,-13.711264715511508
1.03850851067,-14.416285131429097
1.03904836537,-13.668120876048214
1.05450729335,-20.8697028061405
1.02640547189,-8.577340086307174
1.03726963226,-14.86012524998602
1.03750491425,-14.01510205091061
1.04007759948,-14.541910436813165
1.04009060504,-13.487607084744628
1.04029762307,-14.39526748670201
1.03589764061,-13.8405540005429
1.05032438808,-21.419690279392242
1.02383124016,-8.767351852688538
1.03833667294,-14.943657283783681
1.03587588079,-13.94463092319206
1.03910128031,-14.483537769962624
1.0378730751,-14.010200262139561
1.04082171194,-14.435339639164377
1.03904973669,-13.897617731911517
1.05495920248,-21.184500581978266
1.02259773086,-8.772059086251222
1.04034626693,-14.847192996599412
1.03804123554,-14.272845909003987
1.0380766448,-14.897926511085513
1.03626299337,-13.97533874679157
1.03864543863,-14.406781622133334
1.04001208151,-13.804564790320752
1.05204087174,-21.329867702218838
1.0270400793,-8.492737222736679
1.04184761764,-14.501798577422981
1.03591408622,-14.499667377408644
1.03906728378,-14.511139897777038
1.03758310072,-13.88073836286531
1.04074519521,-14.273191364624113
1.03668752458,-13.601023048006967
1.05243133263,-21.27631152671383
1.02796844997,-8.364927546654629
1.03887436119,-14.84228304459364
1.03793706448,-14.193538611832768
1.04183908087,-14.681716717528985
1.03697781113,-13.675477099721393
1.03802390094,-14.395308008683363
1.03779731181,-13.741838393929251
1.05234077557,-21.08570846463664
1.02746577565,-8.581394347029757
1.03954995505,-14.82381123798428
1.03738290277,-14.286797728340026
1.04044294769,-14.625956332271159
1.03492827172,-14.1449589276592
1.04061182865,-14.411388620704676
1.03924255878,-13.936504657431968
1.05248653636,-21.31021764779275
1.02687139439,-8.579535536158337
1.03936179209,-14.854329578971775
1.04127359852,-13.871533843250063
1.04059618229,-14.476563448974916
1.03705603082,-13.936062433188845
1.0411746078,-14.458933695058676
1.03918405988,-13.651755130405295
1.05287695417,-21.16737341601116
1.02552388023,-8.534674412763227
1.04126688383,-14.873129733083548
1.03998426416,-14.453356658344262
1.04142612573,-14.717825625108297
1.03817494744,-13.883988303241328
1.03873603504,-14.526776487651388
1.03813353642,-13.691996426705558
1.05109869193,-21.535046377938002
1.02669214482,-8.363470489725508
1.04404659819,-14.665307549990226
1.03642652725,-14.27260789268087
1.0401465561,-14.784717328965879
1.03547254035,-14.005563326025642
1.04146610654,-14.311428029115708
1.03774626397,-13.521341637796304
1.05089358132,-21.603789673781513
1.02584666535,-8.289434661173575
1.03897760158,-14.976832734415073
1.03872720485,-13.888478898734764
1.04089847764,-14.70652982700126
1.04174563413,-14.020550915403286
1.04090309455,-14.485741951541932
1.04097015241,-13.704232394038813
1.0538218219,-21.238509430794565
1.03056684117,-8.710574155725984
1.03993445576,-14.755219482744524
1.03860610543,-14.172773866133333
1.04150578701,-14.455568075666479
1.03777907688,-13.747883292179862
1.03860377361,-14.497037156823588
1.04088192854,-13.890402418984939
1.05768056794,-21.161294824695098
1.0269358919,-8.355993350629072
1.04011542406,-14.715381282503667
1.03996752499,-14.354250139755155
1.04143384679,-14.496561578655225
1.03801772205,-14.121067756810408
1.04127058818,-14.45095237146405
1.03644157514,-13.75392547329056
1.05426264611,-21.450232893366902
1.02575873602,-8.535799852857581
1.03853354386,-14.738866867244395
1.0380055131,-14.19124616613733
1.04053741641,-14.425671552501102
1.04022774022,-13.771270776786185
1.03802700604,-14.771006459097164
1.04155484793,-13.870164784389756
1.05906652828,-21.295843953515067
1.02764851371,-8.432795835949626
1.04182865147,-14.7972856384
1.03982050131,-13.957406656986926
1.03796855512,-14.625670849040823
1.04062131161,-13.701004805735343
1.04714812787,-14.476499573949257
1.03937602905,-14.036523842666664
1.0552798278,-21.560988720401795
1.02907510383,-8.510081219430475
1.04191541115,-14.496392029099598
1.04109261715,-14.20943776595603
1.04171484959,-14.652241866915116
1.0406693444,-14.194984161548794
1.04098134786,-14.442933237684153
1.03828160246,-13.887714833203766
1.05559511822,-21.43328766337276
1.0278882823,-8.4991832616595
1.04103470989,-15.029776613502065
1.03943126657,-14.027008046844374
1.03976258969,-14.908068117194883
1.04052894399,-13.920588227748336
1.03967285549,-14.539609305320422
1.03712229538,-13.601609118606367
1.0553945757,-21.430449416940913
1.02544852919,-8.430074878723069
1.04079654979,-14.752568850098372
1.03768436879,-14.092287160145395
1.04195484348,-14.501745748209162
1.03857270405,-14.027630035965037
1.03942242449,-14.487357029389138
1.03540496092,-13.855415939506537
1.05392525298,-21.48529614836121
1.02788001178,-8.512919139537065
1.0402359363,-14.592877887611614
1.04041775218,-14.31684764747445
1.03840031931,-14.569560221525292
1.0394343932,-13.89659759235689
1.04074100273,-14.423551682262731
1.03653263594,-13.780821973207331
1.0522271434,-21.380975042102406
1.02832541488,-8.332775449374553
1.04318225746,-14.397718156564821
1.03690731998,-14.238063348832249
1.03578625604,-14.625714265065305
1.03820280719,-13.789191229459064
1.03665498269,-14.401958716309682
1.03988472171,-13.603500379301288
1.05156815945,-20.972785759820386
1.02870261971,-8.412738518269673
1.03747931592,-15.022443873761517
1.03895856308,-13.695623858612459
1.04073597523,-14.581106390529474
1.03952199379,-13.912531348288073
1.03791319757,-14.590478354774124
1.03837379278,-13.664521800059621
1.05454179422,-21.235103702499735
1.02451782636,-8.58790535581325
1.03839315021,-14.695481060563772
1.04000586239,-14.1302420080001
1.04112401417,-14.493873669587547
1.03714389784,-13.839661727022225
1.04008211538,-14.69301582109186
1.03558429721,-13.93543493635514
1.05286163586,-21.714407009854412
1.02911374551,-8.25900233719356
1.03838093538,-14.90340258849715
1.03903341288,-13.899049435472818
1.03731172342,-14.735408692177774
1.03847061582,-13.78826223511111
1.03787599653,-14.635705653688985
1.03958910161,-13.593217034660151
1.05296892687,-21.20728395714832
1.03229844432,-8.513956991157098
1.03967993941,-14.71451307936189
1.0346880981,-14.022829881504288
1.0399787365,-14.783762533775956
1.03651301268,-13.973826367079925
1.03631099361,-14.634221615502465
1.03954766011,-13.667223336553981
1.05299231659,-21.221869349754286
1.02741136578,-8.729773638396194
1.04103604541,-14.842377902731569
1.03758861711,-13.979278605753258
1.03539631126,-14.729837702070828
1.03741476809,-13.839384001947046
1.03729428085,-14.500489649206722
1.03641904509,-13.659207071406195
1.05298614381,-21.569753235849507
1.0274617864,-8.20794357394969
1.03782227817,-14.646094313510648
1.03512234567,-14.1760242789279
1.03488289055,-14.701505603674198
1.04036881999,-13.476595802417018
1.03945203785,-14.468273790900055
1.03551127129,-13.521847796890107
1.05123659014,-21.467341683411533
1.02693821686,-8.233770543736473
1.04241023115,-14.726572729244314
1.03761347115,-14.172994614174097
1.0409686129,-14.437422827443331
1.0380184788,-13.935603561527248
1.03715956096,-14.527755780018317
1.0416921162,-13.520393566519532
1.05557580058,-21.71134398342039
1.02750614678,-8.455874293634867
1.04051808109,-14.70018828456123
1.03906586962,-13.84772767366099
1.03649256744,-14.960481132621892
1.03542562686,-13.689757095733334
1.03976763114,-14.504510293645502
1.04061018854,-13.748474941596406
1.05499506695,-21.268730674759702
1.02663524826,-8.531152722168345
1.03771938076,-14.722411212532032
1.04083347237,-14.167909247308536
1.03883921785,-14.935467578269424
1.03792661964,-14.048942874076962
1.04088815245,-14.473580470797694
1.03646201757,-13.66329436133451
1.05698119506,-21.526885164630038
1.02841274785,-8.135309790759717
1.03605609823,-14.943848628872992
1.03931472097,-13.738311821235364
1.03572749033,-14.763872732914384
1.03324679689,-13.815906799311207
1.03795511935,-14.359755933054535
1.03638584732,-14.078224714355347
1.05235176326,-21.350954300788928
1.0278572111,-8.301381278427273
1.0380538356,-14.701709490821246
1.03946220163,-14.161856667702239
1.03874802538,-15.0407560963796
1.0376293362,-13.988306646590356
1.03788840728,-14.715234274788791
1.04003556567,-14.01594110067864
1.05347927825,-21.449291298095698
1.02881134318,-8.390229387789233
1.03907825575,-14.56751406205364
1.04152612928,-13.95112947737697
1.04188711568,-14.87396428043102
1.03740640947,-14.016612477216505
1.03668357755,-14.474549130061522
1.03803137212,-13.938666435285898
1.05260660846,-21.172645252259354
1.02942040532,-8.469918805332922
1.03761437692,-14.947892204807452
1.03637018121,-14.156156215962184
1.04343549249,-14.600911067060034
1.03478180439,-13.868578981437944
1.03754838646,-14.42600812774814
1.03937422066,-13.550333668673028
1.0553334587,-21.679401034937385
1.02883052764,-8.348642985165364
1.03811910545,-14.807044931942455
1.03876799844,-14.214245687534337
1.03981922223,-14.509304261260143
1.03946955739,-13.533527692216046
1.04132926344,-14.739546867845498
1.04232951729,-13.559292629132278
1.05603769907,-21.627963731774273
1.03033543493,-8.441662205076266
1.03676368436,-14.93738294676226
1.03543710182,-14.408121192460161
1.04084229047,-14.78833421374052
1.03666961927,-13.862480143928671
1.04145701433,-14.560559585541597
1.03610798387,-13.784859543837642
1.05194462275,-21.67413415470057
1.02867701473,-8.375790676912235
1.0378817269,-14.83004978705536
1.03653999569,-14.194452014643153
1.04006132096,-14.533231871352784
1.03606836132,-14.022095556701284
1.03642273686,-14.485197591201505
1.03599439629,-13.834444698819828
1.05285588956,-21.49080411608469
1.02623897424,-8.432235031882984
1.03788067478,-14.751879222977585
1.03540759398,-14.131403898199043
1.03655586701,-14.769527669488262
1.03607670325,-13.924286127846308
1.04084434902,-14.53701166733493
1.03851541822,-13.993939649684204
1.05112024494,-21.611858180200528
1.0277584884,-8.676810291646843
1.0380175289,-14.83848245641362
1.03712330893,-14.104331472830825
1.03599053792,-14.965397536556319
1.03659028915,-13.983167467720852
1.03813846419,-14.724141741617984
1.03822746603,-13.809419965585604
1.05200564577,-21.364520767576796
1.02854575481,-8.049963399238514
1.03685410132,-14.994073010594215
1.03686531035,-14.029368437806141
1.03889884536,-14.719702878075147
1.0385060743,-13.837989265657535
1.03774153858,-14.650217683170297
1.03485296466,-13.695891501913136
1.04951762458,-21.298095361634637
1.02586724593,-8.64795755283917
1.03720158799,-14.9102391665873
1.03838005993,-14.148177372290197
1.03798532279,-14.731141047880252
1.03805352851,-13.82563712054708
1.03793799527,-14.39729144324425
1.04331455227,-13.491099906910598
1.05089679965,-21.531475072247908
1.02629902181,-8.333708475206713
1.03506756317,-14.75333062621244
1.03778004296,-14.341361742541794
1.04183933118,-14.540731729310389
1.03704949422,-14.094153994320365
1.03905988515,-14.356909549908247
1.03701988039,-13.854442140711301
1.05810356932,-21.47696918677498
1.02623521829,-8.518233294192445
1.04023111582,-14.94423136107806
1.04313192718,-13.86292054319445
1.04042269157,-14.693702602776439
1.04090610767,-13.666147692090583
1.04022925163,-14.748661918104201
1.04056449558,-14.139048288686295
1.05754623433,-21.521872138865426
1.0286555978,-8.611599057305902
1.04268239493,-14.795820443242977
1.04030653001,-14.401603617844327
1.04510034875,-14.28865809307845
1.04304914495,-14.10125099989194
1.04593192827,-14.442626185599998
1.04156263398,-13.80866293351111
1.05818769515,-21.486088119153877
1.02972131839,-8.547350618267162
1.04412343321,-14.8907003248738
1.0433368765,-14.123547752533332
1.0455344604,-14.925900085389312
1.04226408281,-14.045944844516065
1.04547163323,-14.767487355638679
1.04126011517,-13.937142149572487
1.05817571602,-21.170989276598274
1.03313203421,-8.445626271012516
1.0439429556,-14.86681522201113
1.04124380828,-14.200053339459705
1.04886364452,-14.756672086311106
1.04145093145,-14.03991995264824
1.04050771718,-14.313442379997168
1.04074079309,-13.776368891349557
1.05932384908,-21.231931684877793
1.03063642953,-8.664801974431121
1.04159968018,-14.728018048973894
1.04114695445,-14.151609300484843
1.04092838131,-14.71200012580929
1.04033780328,-13.675211097411536
1.03871270113,-14.374744026564425
1.04047074695,-13.996116787596812
1.05794529697,-21.448772719762374
1.02716675888,-8.56300278026286
1.04152591891,-14.961442941937046
1.03868287405,-14.06021583155856
1.03786117394,-14.755505307511918
1.04186289456,-13.997982531982561
1.03804587088,-14.593334105611724
1.03631500547,-13.662744627674174
1.05156607009,-21.438580679584515
1.02751041357,-8.291599324269889
1.04053405606,-14.636563834657425
1.0369824515,-14.179253139957986
1.04089744389,-14.573532026233424
1.04080046168,-14.007113996870357
1.04124427746,-14.592112656023497
1.03911116597,-13.676240340793907
1.05388997573,-21.13177122009079
1.02543952458,-8.692392711511424
1.04004611795,-14.729467736521757
1.03783366087,-14.073146786472185
1.04184023341,-14.548224058072172
1.04015627342,-14.132123244186767
1.03942837614,-14.499215134078932
1.0412451774,-13.57395576218895
1.05818330746,-21.330291280875972
1.03188607877,-8.440350890648984
1.0417987456,-14.663238837176301
1.04456886609,-13.976487371318349
1.04446750056,-14.44008631540191
1.03827936513,-13.704799513869729
1.04407821486,-14.473071902035311
1.04499557437,-13.896488456214357
1.05808975988,-21.579953424147707
1.03054231403,-8.403540116169086
1.0418860326,-15.154097703276006
1.04373264338,-14.156103942768619
1.04582057723,-15.004077429866662
1.04123213745,-14.049019198253072
1.04069534771,-14.71384445477321
1.0435005502,-13.74684564029868
1.05788977691,-21.437031781233603
1.03253445672,-8.463948313649013
1.04208124914,-15.21720804163452
1.04289466783,-14.095950463247839
1.04844834613,-14.740591548755248
1.04224404892,-13.988247489277253
1.04481123069,-14.349395399556139
1.04371351549,-13.921423419671166
1.05735690033,-21.463034942726054
1.03109856005,-8.919087530460597
1.04394437641,-14.91691466726996
1.04198976134,-14.095203023358552
1.04278435104,-14.862102470181034
1.04417462216,-14.015746441749585
1.04145535013,-14.726416923780343
1.04087281712,-13.993236555473148
1.056762414,-21.47487064099795
1.03148854072,-8.629391351342225
1.04227327568,-15.077785990002424
1.04460278351,-14.277539526133747
1.04303071508,-15.085469234231466
1.04188709077,-13.932598011517245
1.04313387539,-14.536535171141743
1.04063391744,-13.850551122392343
1.0584303493,-21.70268228358138
1.0293186624,-8.93981766257593
1.04231699107,-14.853977413928716
1.04071723353,-14.317216518406674
1.04530707746,-14.965784895578022
1.04170176697,-14.304161001847742
1.04417538021,-14.600080105627358
1.04189690389,-14.110254505079617
1.05794938319,-21.675852546930358
1.02891527091,-8.314770714779414
1.04264065554,-15.164715206101379
1.04131902405,-14.192886946600872
1.04215257279,-14.86907758263973
1.04306860305,-14.271764351422597
1.04175895231,-14.624994270244892
1.05075003795,-13.82459388678521
1.05694740042,-21.641085589646863
1.03308031377,-8.564726459511583
1.04212809553,-14.712236601867065
1.04252621768,-14.500205883332017
1.04381800253,-15.177624000125
1.04270723366,-14.126837061335353
1.04369883649,-14.651653909542343
1.04444557079,-14.221298868798959
1.05803542312,-21.64272880115242
1.03164409242,-8.49495926374899
1.04464307205,-15.003569192546754
1.04472977514,-14.167668375938812
1.04121819373,-14.919341411579284
1.04398630369,-14.083839224763494
1.04419441149,-14.936732135504931
1.04277709492,-14.142397576936387
1.06325299927,-21.293718093781685
1.03036125171,-8.719577975258554
1.04251315595,-14.953168018809297
1.04601004193,-14.51051858097235
1.04495204675,-14.762233798348774
1.04198570584,-14.38332333526629
1.04282432299,-14.512066712097319
1.04521037881,-13.98250115557041
1.05758913654,-21.82242741092222
1.03367297323,-8.660557770499995
1.04446866395,-15.115177273025346
1.0436482224,-14.347984283400697
1.04320379202,-14.676436883162921
1.04184790088,-14.131832795632995
1.0441982406,-14.728309919035793
1.04501826136,-14.047330031582838
1.0604721583,-21.636983682882278
1.03354679466,-8.68577669072713
1.04186073773,-15.348745471864923
1.0426198165,-14.23034530376365
1.04652788041,-15.253807991632824
1.04619532494,-13.895446091138849
1.0438598959,-15.008071198668015
1.04485329383,-14.21564627267164
1.06103594291,-21.625658570091243
1.03672913857,-8.23668326523888
1.04508408759,-15.199090279351493
1.04481807668,-14.290036203366741
1.04289527569,-14.860538619062035
1.04292510766,-14.242715295836575
1.04450069697,-14.930411690318733
1.04650895699,-14.282042848285673
1.05914624994,-21.76767586339021
1.03137428317,-8.39628750303702
1.04507716307,-15.079875813072476
1.04306829984,-14.176653867895478
1.04497617192,-14.997119222192218
1.04380005028,-14.257477196559563
1.04382161999,-14.97045337550281
1.04359176185,-13.68660316325109
1.0623445874,-22.05014871295955
1.03604870699,-8.480487533154907
1.04177309991,-15.358335566243571
1.04456880953,-14.21656850671365
1.04699117145,-14.88507397164444
1.04173871643,-14.634453517333336
1.04317129342,-14.757588652088888
1.04122579674,-14.14336948536173
1.06021600015,-21.43930296144879
1.03547825173,-8.616983777993104
1.04740832857,-15.051509683409275
1.04657990257,-14.460240765400947
1.04824277376,-15.311381982533069
1.04511152785,-13.9443022868661
1.04813079229,-14.750896154820929
1.07078161176,-14.19961102969789
1.06457719627,-21.936123113827794
1.03723404045,-8.81807915465162
1.04572305945,-15.306448691179545
1.04266933878,-14.420162239081456
1.04673781802,-14.903426508140358
1.04337279277,-14.188149807688346
1.04557795219,-14.888774338429139
1.04513022952,-13.98069626313913
1.06201956999,-21.806153374101775
1.03307172156,-8.848380479352693
1.04878181483,-15.050328383940306
1.04510578466,-14.480759729708703
1.0447952247,-14.975516099706217
1.04598764989,-14.32082075892261
1.04721565186,-14.664048130203447
1.04303951369,-13.99021557787017
1.05945813525,-21.742849319009576
1.03775644844,-8.391929027352417
1.04464422026,-15.0089148081966
1.04579344771,-14.256928832570631
1.04507983904,-15.068407585151586
1.04573087052,-13.793670214061011
1.04740544039,-14.57199974017513
1.04491174077,-14.083186518966961
1.05963145181,-21.427369585607025
1.03317581879,-8.52870913930444
1.0412574481,-15.32410359490232
1.04261197884,-14.310526555342047
1.04358261025,-15.035486742772106
1.04250071753,-14.281530769397287
1.04683707209,-14.703482229820192
1.04555817916,-13.950311335192639
1.0608141124,-21.96820316960221
1.03433283084,-8.72838405367405
1.04773756255,-15.360086024367954
1.04564710772,-14.34535182542844
1.04571281903,-15.058474890318145
1.04756277426,-13.83853455550118
1.0479451232,-14.851104296444444
1.04678428472,-14.014815193401986
1.06133909439,-21.634952950645204
1.03460756098,-8.652410083191418
1.04718100041,-14.899249010260625
1.04355138862,-14.270170552882226
1.04554639083,-15.182694699789867
1.04433676721,-14.22106728367915
1.04599847228,-14.310770824199725
1.04511982602,-14.189289187161945
1.05758690351,-21.801765594208618
1.03192173027,-8.8783781416858
1.04169538174,-15.087105718630568
1.0433500399,-14.56878548663812
1.04327127237,-14.757708184993524
1.0452395565,-14.302970639195106
1.04530243449,-15.001243949643307
1.04648875143,-13.722917287983526
1.06301001714,-21.815788452052466
1.0339453509,-8.664810059136135
1.0497243137,-14.954769792310998
1.04333807969,-14.31407405588724
1.0435619076,-15.039761964895057
1.04548100025,-14.275286408515326
1.04640710119,-14.85692823216937
1.04514627588,-14.281862798573192
1.06159298466,-21.53949561056637
1.03642834093,-8.7041328690977
1.04449826025,-15.072592556302254
1.04332969763,-14.432638672064778
1.0485516214,-15.158479181461754
1.04164784735,-14.361516690461222
1.04856339721,-14.92245299860064
1.04630877,-13.974569832353048
1.06225217946,-21.376013070819656
1.03536295962,-8.900779312769258
1.04793451201,-15.03628254884276
1.04642774999,-14.31048691448143
1.05085622846,-14.655131819563593
1.04615027287,-14.437319496424326
1.0479301412,-14.76365090875504
1.0453937757,-14.040263188010686
1.06033648176,-21.92250339498106
1.03665056596,-8.587415546434785
1.0500136575,-15.125228410767837
1.04710492846,-14.458304904134192
1.04841033289,-15.025319830172021
1.05157256769,-13.945796219772017
1.04732822061,-14.74243314103101
1.04846951185,-14.149004899583755
1.06225377175,-21.742594425192763
1.03639366999,-8.971224983401193
1.05053314697,-15.32638013020972
1.04773052392,-14.243790275608534
1.04699566247,-15.01197729326198
1.04579642357,-14.373516784784158
1.04940027651,-14.694905691404983
1.04483306247,-14.167288741250308
1.06094582642,-21.643354444855703
1.03463300545,-8.578862497853391
1.04517944223,-15.081124957298464
1.0465734813,-14.294244083964381
1.04598275398,-15.041466186008652
1.04494289869,-14.235203453656814
1.04431990995,-14.852325019256376
1.04536011746,-14.099076976918896
1.05672378707,-21.764585825038772
1.03601226621,-8.841478303039969
1.0448116137,-15.25442029867289
1.04404678115,-14.273418745577011
1.04926090767,-14.710429742635975
1.04504798419,-14.305974086986632
1.04445544729,-14.520709498805385
1.04522416072,-13.967068691029842
1.06158288886,-21.697965951710362
1.03418080202,-8.512598637302178
1.04616463393,-14.93203714248218
1.04564887194,-14.336339103185603
1.04410740461,-15.062072752300399
1.04179963523,-14.239223468322795
1.04367849488,-14.84655719538685
1.04382828927,-14.123273736088889
1.06066605868,-21.78580850820413
1.03632936543,-8.666643684281187
1.04585681831,-15.0569720709699
1.0445361184,-14.374971572186446
1.04396237501,-15.083118214984305
1.0432479185,-14.2299403864556
1.04411880902,-14.779967782920997
1.04428416507,-14.230149454598736
1.06280338632,-21.604588836077234
1.03814636779,-8.542651810782983
1.04427946272,-15.057251882242038
1.04260410298,-14.60025190034859
1.0442394819,-14.962185363794285
1.04513671409,-14.108499851462346
1.0445104034,-14.702630675115538
1.04500879922,-14.179397974227555
1.05644427929,-21.376830717749566
1.03354830185,-8.810368278825894
1.04373628064,-15.012884596142344
1.04169977687,-14.431066460598494
1.04431327102,-15.10420612259467
1.04603108531,-14.123974051904682
1.04612206332,-14.796992002476749
1.04348898024,-13.843022960536176
1.05839284982,-21.398900125721454
1.0348953978,-8.513406357312121
1.04656679446,-14.819768986359135
1.04207840747,-14.433423261063597
1.04760759167,-14.682192512024853
1.04126840305,-14.065239851862994
1.04400696561,-14.854384021579518
1.04368646679,-13.944202837417524
1.05731961988,-21.523252253301692
1.03073660539,-9.02200210549654
1.0434000632,-15.390983196740017
1.0440073814,-14.410802996254539
1.04558607369,-15.028423093947737
1.04379340753,-14.076050334030434
1.04390099674,-14.8933796942192
1.04350432773,-13.979529093282055
1.06346519445,-21.534790473465627
1.03212308945,-8.897961370720585
1.04559962816,-14.89602619808479
1.04382499879,-14.7088913953561
1.0419339459,-15.00704092574959
1.04670291082,-13.993632077458686
1.04362888602,-14.75406189235219
1.0448279861,-14.098294952979565
1.05972348696,-21.961668276736948
1.03529558317,-8.790023685019198
1.04402220686,-15.07140135738438
1.04548481165,-14.121327191267818
1.04456173969,-14.887084014901392
1.04350733087,-14.220677475058261
1.04589902963,-14.797709057388523
1.04112320742,-13.942316476579116
1.06002130466,-21.663910838138477
1.03285239411,-8.898081156153948
1.04921858181,-15.079761432089814
1.04176378326,-14.31663169233115
1.04571300237,-15.157562737861777
1.04317232027,-14.134999787377778
1.04250463912,-14.974133744290937
1.04711721409,-14.118562627000577
1.05906392747,-21.340084317616114
1.03198614624,-8.799055358588921
1.04427327453,-15.02259518365541
1.04313327456,-14.192103747242115
1.04289170531,-14.675790265116111
1.04699309143,-13.925812450757524
1.04715325895,-15.002243849057034
1.04362084476,-14.022779201354842
1.0571169534,-21.57705663393405
1.03267834582,-9.081916500451111
1.04507261663,-15.034933728430083
1.04503337823,-14.372996356365215
1.04322909211,-14.814479364793531
1.04262390833,-14.262684288236175
1.0437402934,-14.849664431221832
1.04492880928,-13.918767865343902
1.05596940062,-21.753056960409456
1.03330003802,-8.643289909933536
1.04594976923,-14.767535004774418
1.04785650003,-14.566345796640507
1.04875057836,-14.788300530791112
1.04309938575,-14.077787665498587
1.04348947739,-14.913848313511112
1.0500639299,-14.072452348805378
1.05602324276,-21.900109726953694
1.03451996062,-8.595767808326928
1.04729178455,-15.069090607762442
1.04381093783,-14.28535680467031
1.04344250062,-15.0348741952735
1.04415641227,-14.283499726258375
1.04313948245,-14.765684707891104
1.0440825146,-14.076585447867494
1.05838187396,-21.780012991106
1.03294816896,-8.531830060661942
1.04169827414,-15.287971101031173
1.04378269154,-14.342890634603044
1.04262919148,-15.040459340317646
1.04292698215,-14.371046005358188
1.04439330134,-14.814483524661735
1.04612247373,-14.103924652827377
1.0566413231,-21.465792840748303
1.03065926851,-8.624919942067446
1.0413277744,-14.873055699788965
1.04299056786,-14.580249964915335
1.04351762406,-14.771182522869529
1.04067940826,-14.169656199184343
1.04227137942,-14.683403081614664
1.04471967078,-14.115090737041026
1.05601603911,-21.554254420879303
1.02859121519,-8.793953416213308
1.04204348773,-15.114041073055782
1.04226442763,-13.95042087092302
1.04251267854,-14.988967856602507
1.04105134852,-13.960518308733956
1.04229965634,-14.63159783565318
1.04402007921,-13.908627413300833
1.05820021636,-21.406156866316834
1.03143818017,-8.682513083027757
1.043410452,-15.156269172921222
1.04206218105,-14.439211117244444
1.04213164821,-14.783801589345583
1.04224889332,-14.044041283958217
1.04244402264,-14.728055169758319
1.04338019275,-13.796517172483352
1.05760017115,-21.981316951702283
1.02846824286,-8.631434634054456
1.04353767772,-15.327216817238524
1.03941907165,-14.35195944031474
1.04446339505,-15.041337263326113
1.0449217481,-14.09079957723484
1.04165594879,-14.940044178913533
1.04017297868,-13.921108388142935
1.05625502945,-21.628956252673298
1.03103490675,-8.601576897247599
1.04049785069,-14.923200693478366
1.04048158015,-14.482221142066386
1.04173080495,-14.84851205081828
1.04440224147,-13.869613239278477
1.05044269089,-14.446256404657662
1.04517170181,-14.074934060948106
1.05658408725,-21.589528632826067
1.02853491494,-8.760898131657616
1.03928319073,-15.293432670270667
1.0416311601,-14.273898347280717
1.041240442,-14.922919785539863
1.03930688674,-14.610749040480929
1.0403152749,-14.577227251574
1.03864811209,-14.035467219926433
1.0590358947,-21.53944779894466
1.02753044945,-8.673487942090626
1.03997219127,-15.221340847792549
1.04169896746,-14.266756747789193
1.04261652509,-14.912756639508425
1.03841002595,-14.24240125078654
1.04293478539,-14.670725257931192
1.04301524788,-13.96127069917757
1.05454104008,-21.4345218304649
1.02685122015,-9.060270437203974
1.04236359605,-14.896359941087688
1.03683055732,-14.526034278819449
1.04190948112,-14.95502090370746
1.04208003501,-14.09125842144704
1.04005413259,-14.795438146601583
1.03953206838,-13.766125956005135
1.05704384606,-21.460400452324464
1.02996386061,-8.752884793869734
1.03823850946,-14.877807762784999
1.04250244829,-14.208699424708222
1.0395040777,-15.057016939925083
1.03926129497,-14.090794270938325
1.03930840708,-14.693467819765269
1.03868460261,-13.878924044902645
1.05610085735,-21.46429662434528
1.02790938759,-8.85093833370163
1.03901202995,-14.988596440491042
1.04184563993,-13.984975549476134
1.04307438004,-14.801475304317993
1.03867683098,-14.072129181078061
1.04274322828,-14.31260980820273
1.04071634453,-13.964588698666384
1.05282357281,-21.517671709998446
1.0323743999,-8.652170688923077
1.03950201963,-14.927579800692977
1.04102373879,-14.414614148123267
1.0401923612,-14.762874043994694
1.03873358126,-13.938248780663137
1.03822282539,-14.693606660263406
1.03887032944,-13.929728758187757
1.05177862229,-21.255577959752777
1.02533133952,-9.050272508307897
1.04062259284,-15.036916383353546
1.03908966586,-14.439049700257527
1.03787463188,-14.885800438546365
1.03874351863,-14.170785638286269
1.03630155438,-14.50413062246083
1.04028893661,-14.08070077303937
1.05407448983,-21.802698508701898
1.02474096742,-8.900560276727767
1.04201805226,-14.91045818534239
1.04045947716,-14.47988284281329
1.03789160161,-15.03052035193826
1.03816044966,-14.032424742919522
1.03888370502,-14.84329860282952
1.04200157812,-14.09561599183389
1.05020082608,-21.883232063546867
1.02557230111,-8.704148239393557
1.03938003194,-15.172721577027955
1.0375856202,-14.3172012607989
1.03691503933,-14.869126843859318
1.03480371217,-14.18024582475032
1.03654427382,-14.748580874454
1.03745093459,-13.988813573436607
1.0510440841,-21.526391514631246
1.02397944058,-8.384408753559988
1.04011704132,-15.118540602107206
1.03822313059,-14.038285457208616
1.03644045031,-15.109925179649366
1.03733226605,-14.071821850679193
1.03741127512,-14.858557923235114
1.03765108672,-14.168595353678684
1.05187224058,-21.577460440574363
1.0253029637,-9.1567349997633
1.03669358671,-15.185905698987678
1.03563971809,-14.654023245370231
1.03826670188,-15.279732168837386
1.03801936198,-14.137925043466666
1.04035858776,-14.691604628638029
1.03873054494,-14.067780624279555
1.05070084496,-21.51691645360485
1.02891964376,-8.626796079716526
1.03761554316,-15.122125187720867
1.04129685601,-14.247099302818505
1.04048121683,-14.793113865443367
1.03742999156,-14.277898566954743
1.04058342477,-14.741091884286298
1.03587705294,-14.142591345537191
1.05240648186,-21.510647060973618
1.02535850862,-8.70462092608711
1.03977291856,-15.21861565334955
1.03821904808,-14.283194814759131
1.04095171286,-15.006318368919214
1.03786893118,-14.164454004460348
1.0379823372,-14.979720387377776
1.04051655055,-13.898515297087037
1.05207288361,-21.512983251221296
1.02976936225,-9.008631633199522
1.0409070662,-15.029815675347253
1.0360109474,-14.343886334759357
1.03702333955,-14.905463958603178
1.04105617242,-14.009667375224122
1.0404379878,-14.797260346877339
1.03812091293,-13.93475989514176
1.05554691324,-21.695703997133883
1.03010426114,-8.84417089642734
1.0408686017,-15.03006896365071
1.03800355668,-14.418833646262446
1.04000746157,-14.99584198812807
1.03884892812,-14.404866528596695
1.03905299226,-14.784757802834422
1.03688346809,-13.772987858292849
1.05493026517,-21.5781423611878
1.02864542153,-8.854696490094485
1.04043945578,-15.149257867292716
1.03793105039,-14.211094546622077
1.03744611696,-15.044957144068478
1.039381358,-14.294614555409758
1.04065781393,-14.774421863972512
1.03624806816,-14.09465705434931
1.05297282303,-21.608084767686577
1.02538903722,-9.202671219211926
1.03890557178,-15.21461156658884
1.03705808261,-14.071626244195414
1.03470902987,-15.199330140597718
1.04001863568,-14.240929084611217
1.04065723761,-14.822335006285293
1.03604173217,-13.981543951953752
1.05090305774,-21.57799119063521
1.02823837465,-8.859089677764445
1.03661918481,-15.424902552131947
1.03506927825,-14.40078760486589
1.0354766244,-15.104970364462604
1.03699065099,-14.002923465283779
1.03709165794,-14.974101038643807
1.03795779874,-14.077347202395076
1.05302819531,-21.749454143270334
1.02562205814,-8.923354132812158
1.0373518104,-14.843786674008044
1.03803314049,-14.448579656263142
1.04007655965,-14.972866962876257
1.03882484549,-14.12419808146051
1.03893872192,-14.725323154604006
1.03715339738,-13.97732956297493
1.05297573639,-21.514324275021924
1.02733762398,-9.03091665529613
1.03708434678,-14.885181476569857
1.03835770557,-14.503559135430145
1.03790996764,-15.15310113988035
1.03557723398,-14.31977024493029
1.03604072009,-15.072572767406037
1.03855974824,-13.647080993276386
1.05217229092,-21.48291905455084
1.02798091559,-8.733555163347887
1.0363137977,-15.220200370271575
1.04000746533,-14.32979541584571
1.03480810577,-15.129411556278459
1.03790674135,-14.200209473301683
1.03703460195,-14.853570999276279
1.04127504416,-13.660999529080662
1.05350673834,-21.622049008768258
1.0256170779,-8.86991603508269
1.0385562936,-15.094574594860823
1.03649587383,-14.179198369381256
1.03820820244,-14.862438828071808
1.03825103882,-14.276302301886309
1.04186615385,-14.759038059139606
1.03973717783,-13.925387132349002
1.05303381391,-21.796663782136804
1.02920839863,-8.643997562232874
1.03764359137,-14.955776249504233
1.03415592091,-14.382267304172204
1.03608974969,-14.874044175321096
1.03846597519,-13.953342467865268
1.03825261395,-14.505446346838308
1.03917511352,-14.119118463200001
1.05208511194,-21.954630468266085
1.02610676366,-8.809590580587015
1.03761439324,-15.24834967385058
1.03854018746,-14.184305109210143
1.03568107675,-14.942123240955238
1.03371278247,-14.225501463225928
1.03745089473,-14.51110795355684
1.03492091633,-14.244998586991601
1.05186202365,-21.48889390086812
1.02665219948,-8.320997053310386
1.03696560078,-14.792528050505426
1.03319933991,-14.16264321182222
1.03937994633,-14.832593142615963
1.03393375471,-14.168640771926908
1.03545457567,-14.962467815571781
1.03710300897,-14.0433658936125
1.05138583378,-21.595562176773857
1.02553431656,-8.970957025109533
1.03793927788,-15.04618289487548
1.03816443756,-14.444111515554024
1.03776933549,-14.657638596454348
1.03432329659,-13.827949004444442
1.03722115205,-14.92791137547083
1.0360748939,-13.94382885678177
1.05297828721,-21.510665339512673
1.02598892103,-8.889506806420934
1.03869542685,-15.152561474086529
1.03668890114,-14.34665445548918
1.03834282143,-15.166765098929083
1.03474597547,-14.202654420406153
1.03633845184,-14.730445311957084
1.03668789977,-14.01060632800753
1.04743744101,-21.944024843223318
1.02665172207,-8.760581102860078
1.0387012742,-15.23640069446148
1.03790232896,-14.272965729080186
1.03549552456,-15.111413558230257
1.03555171643,-14.396855057520334
1.03930889809,-14.94200394155404
1.03824455884,-14.09339216633351
1.04995929116,-21.508249841110587
1.02486318829,-8.777924465620023
1.0361989755,-14.855189460035916
1.03571233536,-14.274950481020706
1.03750977159,-15.014681191861538
1.03580997544,-14.071051811604303
1.03409404415,-15.058958228140584
1.03529677118,-13.867453229886147
1.05076346284,-21.697929782744605
1.02156145483,-8.71868000258768
1.03382409141,-15.275371156732781
1.03314868945,-14.254332438798246
1.03176587627,-14.911583377663037
1.03651001371,-13.690135538843894
1.03710276046,-14.96025616940872
1.03583704303,-14.278397026985523
1.05436507959,-21.686447711560174
1.02474856052,-9.059777635012294
1.03593956155,-15.132167780114255
1.03891597333,-14.59497623728777
1.0384638956,-14.94743030675023
1.03690279501,-14.238730514580972
1.03643811352,-14.647830560936768
1.03677500116,-14.06528281243058
1.05133576786,-21.4667190887735
1.02632384211,-8.711889046174834
1.03693902835,-14.967146601125584
1.03719947676,-14.62066714559663
1.034637728,-15.158051862494306
1.03534536719,-13.934231258229168
1.03870905517,-14.885372230875877
1.03709715013,-13.907052159346618
1.05278008965,-21.33342391052147
1.02409042708,-8.577861521832515
1.03566055184,-14.797464843759862
1.03565293307,-14.291868479687642
1.03535608327,-14.946080412626664
1.03434505499,-14.09724548526436
1.03583404437,-14.841371351133603
1.03300384182,-13.997284234004102
1.05359553743,-21.912850061293867
1.02623019571,-8.713754933972364
1.03808238448,-15.51335247952716
1.04138255757,-14.144268068983374
1.0377172373,-14.98835847855392
1.03734793284,-14.236394718414495
1.03695588249,-14.979274549642087
1.03814365006,-13.857731387066742
1.05102711472,-21.650273256404507
1.02605498913,-9.077710906238707
1.04311664118,-14.987040142809516
1.03538780741,-14.60208219109833
1.03717501781,-14.914670189447836
1.03633338407,-14.357522800177236
1.03795982383,-14.613155357439618
1.03615206218,-13.862688656617664
1.05395787225,-21.531329277286037
1.02524877022,-8.995299777648965
1.03974262207,-15.089849144805264
1.03830788083,-14.26334090291757
1.03718963698,-14.837735139905183
1.03643116877,-13.962476920943464
1.03798939509,-14.908403344470353
1.03629673483,-14.05732028840279
1.05353022437,-21.85878969618163
1.02726350499,-8.617036110216429
1.03887376482,-15.23013210699434
1.03976759263,-13.999580645022315
1.04043744837,-15.025901513383909
1.03671786716,-14.255285032858698
1.04102576897,-14.754873634797418
1.03981092237,-14.112729637154484
1.05165240293,-21.8830135567624
1.02770137745,-8.705404955896647
1.03845937804,-15.098816785792966
1.03655698373,-14.534826460453559
1.03883228519,-14.864576559682737
1.0392492302,-14.142676605021
1.03871935647,-14.66602338653293
1.03363613595,-14.207292484010928
1.04920689231,-21.722500576653665
1.02610489295,-8.803007513943342
1.03846600135,-14.919116595555558
1.03337625797,-14.54601214308937
1.0370430102,-14.920384475256068
1.0374043326,-13.926275160574395
1.03707180611,-15.088886567642659
1.03413602892,-14.099047861230739
1.05371204854,-21.716581880256754
1.02572220665,-8.925798259087998
1.03662468775,-14.826708987078932
1.03801753428,-14.552622860811418
1.03673446649,-14.972064846254597
1.03472013115,-14.074997923935776
1.03912268267,-14.834436443352795
1.03661985841,-13.953005258710158
1.04891494175,-21.825101677000962
1.02679713619,-8.692663096945678
1.03763587662,-15.192004519699209
1.03647890519,-14.525042885250222
1.03730736157,-14.812371762111642
1.03569929342,-14.340373539546327
1.04216758197,-14.575746146996131
1.03593455486,-14.11752870939601
1.05365748393,-21.601181140990896
1.02657689368,-8.947681498346538
1.03344071476,-15.052838956339448
1.03648689537,-14.367323474718509
1.03755399183,-15.062626082445275
1.0398935409,-14.021066187911295
1.03769313444,-14.655774813612034
1.03918396218,-13.87619533062612
1.05132315287,-21.800848565196272
1.0284390256,-8.587988417927356
1.03671489458,-14.996743818479437
1.03883642963,-14.26106161473235
1.03766181828,-15.09075439333333
1.04228019236,-14.401243677304624
1.04054295916,-14.89426744889272
1.03815181569,-13.960814843505721
1.05031417264,-21.483470097623297
1.02730059038,-8.726092403224374
1.03838948939,-15.070145472418204
1.03670362194,-14.23610892452963
1.03658276997,-14.813665416393397
1.03669957714,-14.299251083577161
1.04189336544,-14.872459834518391
1.03960885439,-14.156208107885686
1.05041834818,-21.641930678020426
1.02470059275,-8.610198675560206
1.03877935729,-14.984179023392265
1.04007995305,-14.42119686694662
1.03650370128,-15.013527801154039
1.03682966145,-14.070375329422225
1.03834421387,-14.625216639949485
1.04062949346,-13.74392082938454
1.05484183575,-21.618315245380508
1.02802111461,-8.948131193609973
1.04039374283,-14.789393010084243
1.03610545409,-14.1748639202901
1.04122519422,-15.015655012185672
1.03920482589,-13.9873812248716
1.03668446482,-14.710997849604249
1.03672963832,-13.882490574640565
1.05039243112,-21.63719669969528
1.02288615792,-8.512495871474231
1.03546596344,-15.064520283057078
1.03713712655,-14.278481792592125
1.03710678002,-14.88147036825206
1.03546976609,-14.19658259144294
1.03731466904,-14.62000310151111
1.03864019841,-14.027760147604235
1.05456050573,-21.823807150776407
1.02479943965,-8.47013440735245
1.03519219743,-15.165720971869737
1.03915392516,-14.335364763687531
1.03631337702,-14.938442587517724
1.03767438977,-14.051062982478209
1.0391965533,-14.923598003214535
1.03544550218,-14.112726328822767
1.05266108944,-21.9203302317932
1.02499348426,-8.551662918842707
1.03833950762,-15.082413161225304
1.03787114026,-14.085237819667732
1.03819827985,-14.895232711769674
1.04066613015,-14.134337481588473
1.03645416051,-14.45918178527801
1.03385118154,-14.160129077513602
1.05390624574,-21.5882826636956
1.02649815789,-8.665269537689607
1.037867091,-15.304278599930553
1.0375938547,-14.307679609567764
1.03879123463,-14.885548587765735
1.04023913068,-13.85707037168274
1.03633372918,-14.983617594305198
1.03522152707,-14.175468467817
1.05077231673,-21.7148380127704
1.02562125946,-8.933744217508583
1.03638925307,-15.215836953917126
1.03518476015,-14.017159374318274
1.03454069102,-15.033927227564554
1.04049120077,-13.966425924442776
1.03856189491,-14.856086513936503
1.03370156417,-13.700549915867064
1.0532979431,-21.745731575668447
1.02767773176,-8.709481859618405
1.03609349217,-14.990322362239286
1.03620601666,-14.274222065391545
1.03833401555,-15.006172626427267
1.03301986188,-14.332705370090578
1.03727268942,-14.72367480360525
1.0354371193,-14.0529872064901
1.05460850159,-21.46047029214337
1.03109237136,-8.358174620971083
1.03605885215,-15.091609353217011
1.0359689032,-14.120917185031333
1.03517097465,-15.07045451011951
1.03530291762,-14.167625149008959
1.03709385276,-14.714421210866131
1.03481894128,-14.089320320838954
1.0488709146,-21.461633743929653
1.02484352078,-8.943803810787802
1.03856698652,-15.246826915599314
1.04021700477,-14.377726984281319
1.03795439829,-14.826381399201122
1.03782007508,-14.163056925244444
1.03540810755,-14.640151296949094
1.03564484824,-14.242017668809638
1.05297524029,-21.594150517238226
1.02782296134,-9.099339748655709
1.03818540504,-15.034843964031138
1.03744356764,-14.600855318938986
1.0372103207,-14.767848636248958
1.0350690238,-14.366714563917949
1.03923945744,-14.856616072800001
1.03450436595,-14.152032895716301
1.05089039429,-21.42591781163438
1.02825168085,-8.680390462730095
1.03679275898,-15.11736120801811
1.03583333323,-14.410432335348974
1.03784681219,-15.115063695997428
1.03648190563,-13.962007545825086
1.03263646668,-14.742078459718872
1.03554337915,-14.021685510627696
1.05076108569,-21.69960194301515
1.02544546305,-8.63980822680095
1.03786709056,-14.946969347215779
1.03873726427,-14.124440678312995
1.03874208288,-15.136741261529949
1.03875720311,-14.082741803116173
1.03695536774,-14.534240205432269
1.03887013575,-13.770144004516004
1.05111659726,-21.69375816728147
1.02298953462,-8.785645042608971
1.03752094444,-15.160400606649043
1.03597817826,-14.200233282395585
1.04075315731,-14.813302762532977
1.03548529896,-14.142739540305216
1.04091063557,-14.79277616232058
1.04034962644,-13.832710927331984
1.05201214473,-21.832846650973224
1.02844162188,-8.591912006007561
1.03495838116,-15.256903811103115
1.03561092487,-14.3132823791998
1.03244044184,-14.891599490010192
1.03295285881,-14.333426489109858
1.03624830518,-14.591421284624248
1.0346627683,-13.964678559244161
1.05379604688,-21.801735462987065
1.02707842872,-8.561871307058873
1.03872546859,-15.118135175064168
1.03642729636,-14.15126072803754
1.03656318151,-14.901358645315554
1.03873657451,-13.957323200633436
1.04026415796,-14.737349407319
1.03340091821,-13.729315832253418
1.04894975849,-21.85380146838759
1.03007720373,-8.965289585795777
1.04041835707,-14.879950289602817
1.03590650373,-14.271096825912613
1.03668866319,-14.846022963357854
1.03189461598,-14.220226485742687
1.03641883114,-14.802092552724377
1.0355788226,-14.082285013897883
1.04971991131,-21.796507192630067
1.02677403781,-8.385097954563811
1.03946054288,-14.940797427197737
1.03820399658,-14.36182979408995
1.0400094619,-14.65986938484785
1.03432773126,-14.029083819131987
1.03527132418,-15.082854152370857
1.03775344926,-13.912010433749659
1.04853913691,-21.702087337915977
1.02615729661,-8.600218247090787
1.03720771264,-15.17945092553562
1.03490731226,-14.035599250087246
1.03666128529,-15.071438131580386
1.03994269416,-13.975933474639195
1.03855000632,-14.663555694842175
1.04047507648,-14.182202150796188
1.05267995579,-21.84417263312561
1.02241703875,-9.04915705205607
1.04038038875,-14.769306856654588
1.03749521155,-14.302594531217434
1.0388348291,-15.010424389786781
1.03814131352,-13.91157244638242
1.035151066,-14.95016846694455
1.03849452236,-14.05739509600083
1.04990684055,-21.979395237897837
1.02695514483,-8.778420924280447
1.03844510967,-15.232914928378872
1.03627991387,-14.364733826688756
1.03687717473,-14.845895756633489
1.0378319349,-14.290328712941955
1.04053352679,-14.535247466416791
1.03784954846,-13.803916112437436
1.04782545324,-21.627360769874755
1.0283739604,-8.682154516032622
1.03947402057,-15.05096211713683
1.03617331453,-14.423946243209189
1.03709459634,-14.713897485945925
1.03408398442,-14.093388360844058
1.03586160014,-14.70281332194639
1.03385652495,-14.163303355321508
1.0500256567,-21.83081657366871
1.02600780833,-8.552596276279111
1.03811714853,-15.105031106215144
1.03516449512,-14.503634311258246
1.03623167411,-14.934288820928478
1.03577007285,-14.419094813197672
1.04142574116,-14.669854761480593
1.03457582828,-13.679040161866004
1.05213763287,-21.416896435893946
1.02792472811,-8.685511318383204
1.03418294485,-14.95698454916531
1.0362034314,-14.527619947964963
1.03812186265,-14.828083217873923
1.03671235244,-14.251627827980364
1.03475683699,-15.033356696426921
1.03890559892,-13.965184318974734
1.05131969167,-21.646961413286924
1.0272151992,-8.664306412853719
1.04229558595,-15.014939481357736
1.03674346108,-14.355276536040922
1.0380842617,-14.846942645925399
1.04155691468,-14.183349368932568
1.0397610347,-14.783080311643197
1.03536406799,-13.832578863218508
1.05005025677,-21.913129239973912
1.02698096135,-8.733522942803074
1.0372771915,-15.076231959843236
1.03731310719,-14.27615817028588
1.03590474938,-14.9214594520652
1.03363193702,-14.158333260618498
1.03441661077,-14.730141569339553
1.03603157734,-13.968157513032644
1.05214598897,-21.928724910694104
1.02366175759,-8.892303665194309
1.03647917475,-15.277280525968353
1.03580532149,-14.462687436682927
1.03546170757,-15.017991450119531
1.03577203101,-14.072759745678992
1.03526839632,-15.043852950445094
1.03707149215,-13.887241624818197
1.04893513045,-21.786257778157218
1.02582703285,-8.700110256052863
1.03306318341,-15.013330842271365
1.03799273025,-14.5163828669643
1.03554744044,-15.100630186975382
1.03567863025,-14.094772425283892
1.03590499759,-14.490347137874002
1.03423955721,-14.093892619557678
1.04926241559,-21.731495292873927
1.02624045964,-8.849908786881445
1.03547225923,-15.04204331279819
1.03405379783,-14.36967412726207
1.03922244836,-14.698155689566558
1.03747125483,-14.147709708753872
1.03713678232,-14.919434569881812
1.03372900762,-14.025524599250483
1.05126239386,-21.57942304209954
1.02739088931,-8.828622911618332
1.03604631448,-14.756690920189016
1.03673971735,-14.302763104698768
1.03850440165,-14.939966617445943
1.04156342415,-14.259942522577578
1.03748259279,-14.647067648509644
1.03516385803,-14.146136853895515
1.05050551247,-21.78234562858032
1.02690200971,-8.627766267256558
1.03939335468,-15.12975879765255
1.03453883014,-14.479298955464534
1.03856138162,-15.04126197425028
1.03743908746,-14.268803831466663
1.03596156001,-14.554702120499648
1.03820073498,-14.254274237985738
1.05245855661,-21.632722161189072
1.02703888301,-8.770871459952293
1.04099928587,-14.898624734721317
1.03976360865,-14.476529766938036
1.04107317145,-14.821094742182977
1.0366081723,-14.543173389155555
1.03864177041,-14.795661092409233
1.03832086709,-13.88477735587267
1.05359071087,-21.756786005014167
1.026804437,-8.938931165171551
1.04095905286,-15.01803945265961
1.03799102338,-14.32556706726336
1.03777399129,-14.907793222887562
1.03775523036,-14.199894373790428
1.03522123279,-14.674531819222823
1.03588669166,-14.26335767541214
1.04927940743,-21.11560634062506
1.02798525559,-8.815649617765219
1.03680560221,-15.059407644433318
1.03726482827,-14.170044215822223
1.03859592956,-14.975622128714933
1.03624168222,-14.40760940218206
1.03690903419,-14.904798740028744
1.03740664403,-13.706907013922256
1.05306485953,-21.750215282366085
1.02240996226,-8.710085620155224
1.03831013706,-15.010251144596133
1.0340262726,-14.434064674041537
1.03678142891,-14.97053756202511
1.0368778908,-13.744220290445549
1.037999511,-14.872893555284431
1.0369505612,-14.082289797056871
1.04989050831,-21.481137274276076
1.02873791743,-8.673762099168984
1.03572031045,-14.99138911653234
1.03763469531,-14.435730642207053
1.0358821023,-14.860056599636184
1.03689209043,-14.133756850838013
1.03522881572,-15.033779866565308
1.03424160516,-14.20379129449771
1.05175895139,-21.659378790599746
1.02682495956,-8.948926565579313
1.03600575814,-15.15358695839192
1.03772919488,-14.30989485186121
1.03360784847,-14.855648685412351
1.03909077881,-14.22107202408889
1.03330997736,-15.059826782599421
1.03913330244,-14.080958544371827
1.04941163874,-21.561931379605255
1.02196047227,-8.797626298710123
1.0355604432,-15.292876552932379
1.03493977931,-14.06958090562239
1.03367743259,-15.135634134751134
1.0343908651,-14.440400058205293
1.03543755314,-14.651470378616795
1.0372151839,-14.154292560512364
1.05172594608,-21.822259054881215
1.02212134533,-8.426233224126804
1.0357920176,-15.2044675366294
1.03456911942,-14.176967955011886
1.03945054265,-14.825196864053826
1.03528501232,-14.333910539823478
1.03404098902,-14.678158573371881
1.03552309093,-13.792647510387075
1.05196151559,-21.64149190877312
1.02406487184,-8.65690659820806
1.03648375584,-14.894415280077656
1.03598293743,-14.518956848085004
1.03713995336,-14.8959478009998
1.03420593963,-14.281840028090663
1.03617251493,-14.78918063135757
1.03751661382,-13.971370278504232
1.05149570022,-21.213306636038503
1.02315376969,-8.644776152291403
1.03519326628,-14.885746475219142
1.03395472388,-14.50564420838515
1.03900132165,-14.732510871994561
1.03470254588,-14.252639136500155
1.04000170946,-14.879212562720275
1.03480494067,-13.800809062184475
1.0499398012,-21.50967845815973
1.02389643179,-8.870867852852678
1.03554797737,-14.922207039191022
1.0362750384,-14.336806268049182
1.0381438615,-15.22214494808889
1.03519183928,-14.212687748343122
1.03230695309,-14.810477259629513
1.03528473311,-13.992501690283527
1.05004803543,-21.487950664175784
1.02303552143,-8.50199376151622
1.03486156379,-15.124140560662912
1.03538518053,-14.39933825626667
1.03359327021,-14.973941454027527
1.03637952105,-14.103333929850324
1.03629381606,-14.593321519840357
1.03254518639,-13.786941193416578
1.04694292823,-21.74386176020738
1.02778685841,-8.730382905145824
1.03856298499,-14.809744977328348
1.03730651168,-14.102257422235951
1.03607009638,-14.877552599473375
1.03133937078,-14.132634275443365
1.03495331244,-14.659166862101607
1.03834419702,-13.827197426298854
1.04862468164,-22.11552485848319
1.02523930467,-8.130419305704557
1.03818903889,-14.865368097561142
1.03483456572,-14.642074139147663
1.0353851564,-14.921474208632068
1.03519071152,-14.184589428126952
1.03463746322,-14.667067091182247
1.03477814941,-13.937178597589948
1.0486017112,-21.576232762927965
1.02324526595,-8.651405715892139
1.0324171354,-14.955107154178863
1.03764604237,-14.526912187343633
1.03476560272,-14.848816686249343
1.03508712726,-14.326735094125233
1.03489631088,-14.7469118940819
1.03569141066,-14.192664282953832
1.04857099417,-21.611633504853174
1.02442835342,-8.50426724975988
1.03382215799,-15.166987514281544
1.03512761487,-14.501113613175995
1.0358139888,-14.863782151712027
1.03600088012,-14.374747225537217
1.03510164087,-14.808355359926683
1.03669489025,-13.838299741938377
1.04956494214,-21.816747030236442
1.02495889463,-8.654421996751767
1.03541307056,-15.122472619299664
1.03369025276,-14.290079954571079
1.03363933514,-15.123486078895748
1.03515760773,-14.208599076266665
1.03631419667,-14.824339438754256
1.03834807586,-13.911409312334218
1.0498126757,-21.49707999079011
1.02218045435,-8.852138059923977
1.0363430486,-15.02670153608085
1.03345486124,-14.36543071688794
1.03664076261,-14.923382812286697
1.03537900328,-14.500063973446354
1.03444998291,-15.022863922666668
1.03297313228,-14.060109472026584
1.04841111742,-21.619458490038532
1.02222881582,-8.821507310264977
1.03514459218,-14.984729829116652
1.03686991024,-14.456110216383898
1.03510743254,-14.975333235812087
1.03505671094,-14.203274084493815
1.03422159523,-14.847664863381077
1.03439070679,-13.917713305935875
1.05242069434,-21.508460376136433
1.02373463609,-8.766038854196204
1.03270581011,-15.203515948421877
1.03886742192,-14.127306996943771
1.03577246296,-14.996944655815359
1.03559810953,-14.189679679005081
1.03683684343,-14.496916540364587
1.03615707203,-13.879861323644443
1.04594974638,-21.678239134934753
1.02089674429,-8.78654387393258
1.03535761768,-15.188100188463043
1.03357017203,-14.218502730092133
1.03639766024,-14.931148735493874
1.0315007359,-13.597774089612479
1.03365749665,-14.751155487644446
1.03514667832,-14.116709394142907
1.05197749433,-21.440712170429848
1.02304345461,-8.806323697310797
1.0349375568,-14.793997571723047
1.03340664929,-14.367991657465403
1.03749560884,-14.906695612541982
1.03258809253,-13.995942768886264
1.03153457024,-14.88937893667378
1.03183563851,-13.93841856951396
1.04749473679,-21.6740960250575
1.02332536782,-8.823880142190639
1.03677834789,-15.09127045721673
1.03139022399,-14.347513202948257
1.03343997339,-14.754685093193347
1.03314152699,-14.290045244309088
1.03369555441,-14.800877071852776
1.03338701166,-14.176897847006906
1.04933052995,-21.659639097850356
1.02369515591,-8.762061068381582
1.03430173679,-14.945093492980899
1.0336092791,-14.077697143029313
1.03274629785,-14.804973378200534
1.03431233569,-13.956803181352527
1.03196450752,-14.628739122292318
1.03200584244,-13.790176630409375
1.04837948616,-21.538350613712126
1.02450397788,-8.482286388956929
1.03384051985,-14.840857147409233
1.03293147059,-14.231512555673817
1.03497630814,-14.724997128730731
1.03285516306,-13.968378549519516
1.03214785378,-14.659333820951222
1.03155184277,-13.878516454511235
1.04648635391,-21.55508996583198
1.02194302954,-8.638339735547616
1.0355951273,-14.959469397228089
1.03377661279,-14.24867664932687
1.03563017203,-14.880326030181275
1.03848713448,-14.156728256259072
1.03120294105,-14.590876009516585
1.03180645215,-14.271485512553893
1.05120169012,-21.330143371372078
1.02258652715,-8.644492073976792
1.03313462454,-14.869497151112833
1.0320442241,-14.520131473039404
1.0338788956,-14.900689608598501
1.03078795,-14.343094527043247
1.03199999927,-14.660086695023864
1.03604720321,-14.007399929771449
1.04675903929,-21.655953125882686
1.02176472936,-8.841806355586614
1.03426158266,-14.97245235978552
1.03277882352,-14.372407372465922
1.03292062457,-14.632021136669017
1.0373580535,-14.221123370871867
1.03145169033,-14.512017787897081
1.03440672263,-14.061784935983306
1.04625642454,-21.62410954898397
1.02160534004,-8.704085406168153
1.03203677697,-14.788599671013337
1.0371630365,-14.004487896282471
1.03483726525,-14.846932254587127
1.0353236338,-13.838470978695545
1.03555746089,-14.544732074841214
1.03103637922,-13.79476625436938
1.04610352543,-21.55728912812637
1.02370443692,-8.561153737131031
1.0354746723,-14.912186378911246
1.03092272411,-14.300780659830984
1.03239544831,-14.85798441041665
1.03204434104,-14.097875123589542
1.03346257347,-14.796813913997251
1.03253965768,-13.870158358579276
1.04516991347,-21.094861135200755
1.02238970438,-8.38144040897071
1.03208324416,-14.780711954120692
1.0307342152,-14.217204416700872
1.03124651319,-14.777727349618825
1.03194447504,-14.09451919976697
1.0348981668,-14.7197479864445
1.03033198705,-13.99296125473513
1.04710292834,-21.553710302157008
1.02227833051,-8.626089582924566
1.03706874228,-14.950735435246685
1.03514466592,-14.481677587048255
1.03454969367,-14.747576845081893
1.03219939651,-14.057001574691917
1.02912704988,-14.65159819747479
1.03122286453,-13.883752516754328
1.0465442442,-21.466295905437796
1.02182915214,-8.518727660151
1.03404051835,-14.880600659387037
1.03204263855,-14.159863211813194
1.03039623039,-14.818349751752034
1.02895405462,-13.963777986565312
1.03333363907,-14.703094621948622
1.03334887153,-13.692759731004692
1.04668956508,-21.27800371211099
1.01959698766,-8.762147652649476
1.03081607754,-14.862110528430057
1.03323421766,-13.871174546699882
1.03320039122,-14.7866267356632
1.03118802349,-14.353289388606562
1.0330041949,-14.421377933937956
1.03369872199,-13.794267997405639
1.04475398464,-21.590424020683948
1.02159958221,-8.41327329299677
1.03416853697,-14.887576317224662
1.03252935274,-14.449810478237275
1.0313654402,-14.862018056828122
1.03305231349,-13.930245738202391
1.03184390655,-14.433537605864464
1.03534231367,-13.672677379362312
1.04463741748,-21.32237451497831
1.01926431638,-8.794470668095308
1.0335607068,-15.006624922432415
1.03135073448,-13.949909749940094
1.03409420845,-14.775552532878443
1.02905044586,-14.26726647907937
1.03010296163,-14.825982733995557
1.03228128505,-13.823275256246417
1.04807768943,-21.526630900010407
1.02087469054,-8.940429208187846
1.03190931254,-14.915131601746793
1.03108489436,-14.264974484695747
1.03277032004,-14.922379159644445
1.02710126379,-14.211324843681739
1.03117930906,-14.581798731292732
1.03292454459,-13.4949284280153
1.04295982426,-21.663535153148697
1.01806139311,-8.812254369093896
1.03417391896,-14.920936167642022
1.03129259873,-14.032090034779833
1.03115297448,-14.82995142753245
1.03000332531,-14.139421899206187
1.03234022993,-14.637154634920522
1.03100776083,-14.039439672471836
1.0458309564,-21.56424469889329
1.01734083477,-8.329607238054015
1.03449735192,-14.864310018557624
1.03041064615,-13.726891498595784
1.02886766287,-14.709631884229061
1.02871978299,-13.941319178399311
1.03142602832,-14.338079198567291
1.03074539922,-14.1038677826427
1.04412895502,-21.09424798290092
1.0188760612,-8.16463134411822
1.03214028734,-14.941964811282256
1.03118618078,-14.178681368815857
1.0301423083,-14.664100394098831
1.0290144063,-14.031753966877288
1.03198091336,-14.514785194222222
1.03084957308,-13.996276011904172
1.04722103603,-21.345289690310175
1.0207672223,-8.623042432647754
1.03422026068,-14.561452877167788
1.03046070238,-14.246878057074642
1.02865583983,-14.816395949749635
1.03215613643,-13.914244917683
1.03151648659,-14.580520760333846
1.03321691415,-13.420546693852712
1.0469486453,-21.45494682121944
1.0214385894,-8.744193419402796
1.03102369418,-14.728055738931696
1.03464036022,-14.183240824907847
1.03322412965,-14.628177869366144
1.03020417954,-14.18618550355923
1.03322611496,-14.44113025783819
1.03162195424,-13.933174196654292
1.04513264532,-21.360232655510597
1.02127794027,-8.791232540521676
1.03009320511,-14.8403811081465
1.03114690211,-14.144956236516952
1.03226096301,-14.658056799774815
1.03286931784,-14.101034785438271
1.03285708472,-14.489055318844445
1.03028594486,-14.050908573254402
1.04603983611,-21.500110936076666
1.02229550498,-8.535626352235342
1.03295269508,-15.016900205658906
1.02935494584,-14.444704496979426
1.02810407559,-14.823562216383111
1.02993952775,-14.572655113663773
1.02979575073,-14.619804678123407
1.03513305594,-13.718365918588056
1.04658531122,-21.219626804525085
1.02271920775,-8.513792619395185
1.03485715469,-14.874145638499774
1.02867003712,-14.294072070439292
1.03074884521,-14.726383678456576
1.03006222445,-13.644480162328971
1.03273152314,-14.559438679052855
1.03062445464,-13.909330575803889
1.04572736201,-21.290625139683176
1.02009611424,-8.672688959161254
1.03023900915,-15.146734487490185
1.03244850164,-14.430096764122972
1.03242288472,-14.747885628854663
1.02836390678,-14.110979706080862
1.03110961465,-14.485460848506275
1.03112025891,-13.961312781258751
1.04529603312,-21.571857947538025
1.02124861301,-8.923070776084252
1.0332614581,-15.0798754972333
1.03225845107,-14.38350362762146
1.03305841438,-14.69026962685157
1.0305094031,-14.170964665801591
1.03033832558,-14.491089772371598
1.02824433745,-13.931235781026537
1.04507021191,-21.579043390429863
1.02095387211,-8.367392751285726
1.03373773363,-14.861308015243894
1.02947206679,-14.21060972795092
1.03385947304,-14.526833164260463
1.02965381026,-14.248072685174062
1.02863269524,-14.714359077450958
1.02895283698,-13.755308573983378
1.04452176792,-21.451209579992966
1.01900250199,-8.777395488644846
1.03359848346,-15.018867724911855
1.0324108267,-14.124300931199997
1.03083415817,-14.759043439757328
1.0340798297,-14.1642392688
1.02998848841,-14.490466689662494
1.03303930417,-14.024719455606169
1.05018303588,-21.500385119929724
1.02181490624,-9.212130919564975
1.03076516291,-14.848673237781732
1.02995171697,-14.18582147088853
1.03138179221,-14.677877587196694
1.02680638619,-14.020645005393497
1.03255282773,-14.632108506897241
1.0289105328,-13.975015686532926
1.0477414315,-21.464746001564418
1.0185159103,-8.49047616202275
1.02865984354,-15.036823426199952
1.03102645727,-14.16364048031899
1.02794433421,-14.799100026666666
1.02994772268,-14.225791865856596
1.03421888707,-14.53898665028253
1.02850931701,-13.967191256293722
1.04302951294,-21.311619588376104
1.02024482903,-8.799063704778295
1.02813953967,-14.762402239619636
1.0277153207,-14.36140709562752
1.02852821707,-14.54148236182732
1.02839408326,-13.87795459127512
1.03133489876,-14.674272511692692
1.03099405767,-13.65057931000013
1.04810389301,-21.47177106155344
1.01885893153,-8.610770508337971
1.02963325079,-15.172777121790851
1.03170547808,-13.863697527123119
1.03066846856,-14.768529882561385
1.02778855735,-13.81359862764467
1.02920655565,-14.58321238662076
1.02722344353,-13.75716387934602
1.04313484622,-21.42159757534141
1.01929515169,-8.47680249661961
1.02952828748,-15.056612090872692
1.03017593665,-14.546559145484926
1.02882809353,-14.817381500392482
1.02969560992,-14.236704162961846
1.03007675365,-14.53672594
1.03284715072,-13.858042787113032
1.04680034646,-21.203834353001653
1.0174247763,-8.814408225052883
1.02984435025,-14.604338909073075
1.02390243809,-14.24612107478168
1.02733455857,-14.479113909812375
1.02972966238,-14.025728424563773
1.02977113043,-14.519741932030854
1.03200763124,-13.80032076267145
1.04460536393,-21.533762944489723
1.01791106756,-8.762826176248597
1.02982172525,-14.79109045911025
1.02964647382,-14.244605519958197
1.02912525049,-14.70368335564573
1.03004201052,-13.661557048343541
1.02750352435,-14.668542084589417
1.03186954383,-13.740535144079391
1.04201129144,-21.36877186768531
1.01873851558,-8.538607226407045
1.02963673631,-14.696098780732662
1.02807197791,-14.083522004411615
1.02991770226,-14.618888645234854
1.02935032913,-14.040399099528454
1.03137908273,-14.356023121925777
1.02794988775,-13.87698206842597
1.04392482113,-21.260873935631807
1.01918296474,-8.517774374079467
1.03160759658,-14.856397289688886
1.02974732637,-14.369931899538635
1.0296523236,-14.737685778515877
1.03300942044,-13.942262057257837
1.03113899036,-14.710622598844443
1.03087872103,-13.892515475880357
1.04749685049,-21.41667787409487
1.01901312565,-8.710028136694397
1.03358704637,-14.948435407986665
1.02846709745,-14.0941269365034
1.02732012818,-14.684902194546346
1.02677462834,-14.019844739055257
1.02849398199,-14.407383073544057
1.0301075212,-13.780723014646652
1.044597626,-21.345687733590907
1.01742649754,-8.76159327867869
1.02947929057,-14.866845730861566
1.02871152104,-14.1650370646699
1.0320011641,-14.740241675833143
1.02932115634,-13.766589260974804
1.03191404131,-14.0297644062996
1.03088899283,-13.607617794376715
1.04978399835,-21.092840762370024
1.01760337677,-8.70279101168887
1.02742867768,-14.679654665926215
1.02768918677,-14.052491974322779
1.03021840167,-14.750430427825762
1.03425559886,-13.997826367580815
1.02827333835,-14.650476379270893
1.03129982875,-13.791416890111588
1.04136325946,-21.51938034550171
1.01699370623,-8.389504309292814
1.02731690313,-14.592798395337647
1.02804603927,-14.186621637985436
1.03099375858,-14.565605043180701
1.02861935632,-14.156524393691301
1.0273120665,-14.6991944337786
1.02755564939,-13.635139405796231
1.04336794182,-21.285843111421123
1.01869027024,-8.486752782229711
1.02793756917,-14.881119313430238
1.02754040873,-14.053755529155552
1.02908379701,-14.636642348177308
1.0272285717,-13.662210941823083
1.02579855588,-14.87588877024126
1.02820229829,-13.818593638691006
1.04159247217,-21.40704026679747
1.01478294128,-8.198540199513666
1.0292974954,-14.662614877155555
1.02926004502,-14.249211171835798
1.03317144437,-14.684480347159925
1.03186135061,-14.056145687553977
1.0308699162,-14.283205145927262
1.02692548061,-14.076492754055964
1.04339974808,-21.129128672617224
1.01870718398,-8.325328839328739
1.02843630125,-14.84842751190519
1.02861346185,-14.169632905168536
1.02600561851,-14.654295901805815
1.02589811827,-13.623765338906535
1.0270803269,-14.519196203939584
1.0288738573,-13.512409690084247
1.04008727134,-21.807420195684593
1.01999627427,-8.01193539442091
1.02788492487,-14.931025835475793
1.02627120705,-13.993149513796457
1.02911835302,-14.686125698986135
1.02660292756,-14.003411795874158
1.02890228795,-14.570373975062514
1.02656980336,-13.83107839351106
1.04380591367,-21.31405171702615
1.01789136155,-8.100782111521013
1.02915756798,-14.92864033585726
1.02978190407,-14.062506074030239
1.02852177634,-14.908412387644448
1.02759669326,-13.968060919465021
1.03256126927,-14.591503224055806
1.02780045681,-13.579422900595041
1.04056936407,-20.99939511608741
1.01886437202,-8.379089287129538
1.02926196918,-14.794411465908745
1.02809101171,-14.377064519383891
1.03149274876,-14.446739264707652
1.03058165219,-13.787552543555528
1.02701330737,-14.344943097777778
1.02912064504,-13.619282768069406
1.04919050553,-21.18780223112502
1.01520116245,-8.458763802878078
1.03021517739,-14.996336045560017
1.02935652057,-13.718252479585367
1.02766693388,-14.8635529276181
1.03083113556,-13.777874795350584
1.03003370018,-14.699034956476416
1.02867683414,-13.687948682507505
1.04505467399,-21.50727405275252
1.02591476467,-8.4704943494391
1.02830820715,-15.142407866953018
1.02900040706,-13.781533822993996
1.02981826276,-14.666897660007916
1.03132178465,-13.841623351342283
1.03021224363,-14.706021262137178
1.02827793159,-13.71439666281673
1.04173542439,-21.52724650400917
1.0144010674,-8.68438596120764
1.03057632889,-14.74255066617142
1.02968140327,-13.770631879620911
1.02737573751,-14.416972442875334
1.02895887963,-14.074644564168896
1.02853072328,-14.336690455927696
1.02777806106,-13.999279135223908
1.04444593229,-21.31145446234356
1.0173942475,-8.450632979938673
1.02966042781,-14.619411519994337
1.02853268727,-13.846208375598174
1.02839492485,-14.465731958824867
1.02677487605,-13.942331163835384
1.0266059443,-14.426805016490224
1.02926224111,-13.784972756206333
1.04446371243,-21.007538769421792
1.01767207374,-8.729554448025567
1.03101478977,-14.261060958337298
1.02973412659,-13.76042536114323
1.02756403257,-14.491183017696507
1.02601171089,-13.741400468966042
1.02834107323,-14.238766295879834
1.02708953613,-13.984749730755555
1.04303030795,-21.079747258057886
1.01885780426,-8.312385105007724
1.02957178939,-14.799995180374461
1.02766626021,-13.910578332172593
1.03124359553,-14.813004320602793
1.02646643148,-14.109959299504345
1.02984713815,-14.336166095372242
1.03013215359,-13.916433715924406
1.04161162302,-21.560074342488114
1.01587245088,-8.28820279886716
1.02976510706,-14.950856301140583
1.02557153052,-13.86324608443525
1.0297605626,-14.67556509643947
1.02859571752,-13.772620302996792
1.02537880468,-14.738145973483885
1.02860075317,-13.660505808202556
1.04139759629,-21.0512969678502
1.01795707513,-8.674487564662131
1.02732656718,-14.784653902257235
1.02688204379,-14.178562618802454
1.0267939058,-14.477025610886308
1.02713632009,-13.81341984466966
1.02874527339,-14.562165706478346
1.02859400563,-13.733596695933773
1.04225330754,-21.356349597354267
1.01542234464,-8.410889402244868
1.0256834055,-14.538549988145418
1.031385813,-14.059275579694908
1.03031892319,-14.647702589617957
1.0274924271,-13.346057420450641
1.03041242962,-14.365009752673776
1.0277549236,-13.520476494957364
1.04317786108,-21.602821894770308
1.01383028292,-8.495820697985575
1.02502842692,-14.491580046736917
1.02498513641,-14.312979809255044
1.02727935667,-14.766555634619957
1.0289537811,-13.611970008041407
1.02577728144,-14.54428323663806
1.02629165049,-13.44630453532038
1.0430400814,-21.467180837453
1.01619446269,-8.289782658931076
1.03124555315,-14.623779344631552
1.02935057412,-13.946881350163586
1.0275542997,-14.755098690069413
1.02606301092,-13.73850674159418
1.02834913812,-14.673681850386759
1.02795081251,-13.454698387586099
1.04289209697,-21.219327287341034
1.01474167837,-8.3438903999822
1.02601588621,-14.783670554349035
1.02784089419,-13.852157136642866
1.02873041367,-14.63783724981619
1.02429786484,-14.032714066994748
1.02537095551,-14.199652198137588
1.02532219879,-13.536210148731652
1.04090467529,-20.90677570453128
1.01624311905,-8.416637742265216
1.02620372824,-14.513421832093984
1.02844102005,-14.03746499426557
1.02695728014,-14.858292969064431
1.02903556889,-13.668900046653938
1.02786287533,-14.34549665914391
1.02816999311,-13.43186210104419
1.04330988632,-21.114796517126873
1.01449249822,-8.434685191392893
1.02864420883,-14.742592789391166
1.02680128483,-14.116979925842841
1.03081980442,-14.33433564956085
1.03312279273,-13.966526337199703
1.0438365193,-14.699446321107919
1.03823147932,-13.279818667007705
1.04860846156,-21.021432596800672
1.01663905947,-8.353384241633634
1.0275732762,-14.497016799412203
1.02667044425,-14.11179021620794
1.02783403012,-14.347034604240905
1.02539857176,-13.789993563772867
1.02509594544,-14.264705882058507
1.02722353671,-13.69551236583716
1.04377704398,-21.165448471405856
1.01660380406,-8.34344626457312
1.02621513269,-14.782083382522181
1.02595736522,-13.943461213528018
1.02491190379,-14.631737293993869
1.02678187119,-13.465747403491223
1.02793051659,-14.53545073552976
1.02398337591,-13.357868470268516
1.04034002175,-21.032421219955822
1.01590251817,-8.523700162878368
1.02876839479,-14.555294853506972
1.02727381851,-13.98357135126389
1.02555233256,-14.334866877463263
1.02379593209,-13.373914830857617
1.02638663885,-14.531495816337424
1.02734528768,-13.5042837660895
1.04235376908,-21.255813127957556
1.01756999408,-8.368327062593075
1.02582751693,-14.439252994877348
1.02723111521,-13.781271718703671
1.02501154156,-14.292902773468224
1.02599669982,-13.921161215365462
1.02641081002,-14.121407412402798
1.02759936513,-13.511955159057685
1.04277281476,-21.321399834781314
1.01566094899,-8.427669642654475
1.02625379378,-14.555255021288904
1.02981527488,-14.149371187505254
1.02818975171,-14.716512734797135
1.02591903122,-13.706582377511243
1.02450719614,-14.606730629561135
1.02606577795,-13.546280358155258
1.04101760974,-21.101056871127025
1.0171899908,-7.924417705494142
1.0270742483,-14.82359617741482
1.03103191193,-13.688864059191948
1.03146095558,-14.57532951799812
1.02405059077,-13.707825346586299
1.02913519966,-14.276225105315401
1.02447172461,-13.307325680114651
1.04269228078,-21.04755001817134
1.01484940871,-8.238524607819986
1.02334661118,-14.413400791160747
1.02314660521,-13.629737451417856
1.02455521456,-14.639237449213933
1.0242294865,-13.44058603200995
1.03016531465,-14.242954343559356
1.02782185633,-13.595110343244505
1.04290847254,-21.11023341054586
1.0148998145,-8.468080758704406
1.02854834676,-14.182434250774058
1.02717788598,-13.940418104275164
1.02868330739,-14.36446014809351
1.02683470468,-13.559090349771637
1.02880521484,-14.286169037618142
1.02499691867,-13.733076318540263
1.04042550081,-21.140873355508617
1.01873067175,-7.96696775416676
1.02941647254,-14.276113327377779
1.0280789686,-13.621396463508304
1.02929711167,-14.324482801465743
1.02573546108,-13.730617128940453
1.02602380921,-14.37106535445201
1.02860005033,-13.17617615614838
1.05131127934,-20.98836270712737
1.01663999728,-7.81702426119514
1.02676155637,-14.673586288268755
1.02758943694,-13.898518841777777
1.02874705086,-14.499662251501016
1.02508586345,-13.602919783444317
1.02465929758,-14.281232079794652
1.0263606659,-13.290085431804675
1.04338770667,-21.17014520093977
1.01431669763,-7.888338488422936
1.02699947867,-14.752926936512036
1.02761540084,-13.633959289457103
1.0241578858,-14.68541343579808
1.02359130629,-13.303951686012608
1.02505572171,-14.348805641806807
1.02670985046,-13.770308492299757
1.04016680734,-21.25228649272657
1.01594019134,-8.342178318741686
1.02772101854,-14.259686337394312
1.02678187716,-13.879063824981806
1.02474226315,-14.080817873378198
1.02517032284,-13.714736509859817
1.02619866436,-14.176343265886183
1.02330600607,-13.540820882033811
1.03652415398,-20.9009938840484
1.01465963446,-8.470104414444425
1.02551576776,-14.377253273055645
1.02760018075,-13.60716640399395
1.02380886854,-14.636606781730983
1.02691468707,-13.671368946293883
1.02621230246,-14.537419845777777
1.02319219293,-13.605065585710795
1.03919967219,-21.09874910334692
1.01361469863,-8.442331216809905
1.02524071848,-14.223613543692514
1.02740513961,-13.77506020065619
1.03053055236,-14.299252127437704
1.02510570715,-13.67132822231719
1.0263484204,-14.231694151876521
1.02399394843,-13.349142789107969
1.03883574219,-20.900555687744866
1.0166591956,-8.118464184335224
1.02940528006,-14.989304240434308
1.02805247394,-13.587994921164663
1.02872361872,-14.534889165633665
1.0274893013,-13.189736497363597
1.02729998789,-14.631636663012662
1.02775020035,-13.257231424204225
1.03936570876,-20.97451408609734
1.01179121851,-8.087732461265865
1.02805266796,-14.551726259683177
1.02095208551,-13.776440005869421
1.02425856139,-14.45841898717312
1.02919592473,-13.714659705205545
1.02465173704,-14.203479584241688
1.02676426669,-13.636228059022223
1.03809546455,-20.855564513441138
1.01199305085,-8.184049737397196
1.02752637016,-14.770530290544697
1.02310003403,-13.803681699865844
1.02776959504,-14.134867170318886
1.02098822074,-13.766343280268718
1.02793331146,-14.286477706254848
1.02333975469,-13.57377039536429
1.03751877645,-21.224492388716037
1.01607048067,-7.879220974769798
1.0231147744,-14.73938476190321
1.02753702958,-13.548728374303828
1.02460209073,-14.47881844871111
1.02493561718,-13.666671453978584
1.02463426449,-14.093802093566431
1.02491778678,-13.416964502622813
1.03718171408,-20.937592877508408
1.01264570847,-7.998778716038463
1.02684168377,-14.4947698720797
1.02022835801,-13.797031714817589
1.02285912037,-14.1370753143401
1.0252716442,-13.015569390566338
1.02395674301,-14.215494236325874
1.02414350236,-13.334806370076898
1.03734649116,-20.80662780400347
1.01281967695,-7.727634525185106
1.02563094025,-14.288434408288307
1.02374239276,-13.680672200670625
1.0257558299,-14.329301518373162
1.02450577424,-13.670943748997695
1.02630696002,-14.225108769112223
1.02526071815,-13.024143813352259
1.04297471632,-20.927241934628032
1.01505666254,-7.88094143063036
1.02372942058,-14.164681553023467
1.0259107362,-13.927481817222088
1.02237119088,-14.346695730950987
1.02206512127,-13.334808063468815
1.02415125632,-13.898606495686401
1.02268810736,-13.690203658757387
1.03805201606,-20.969096068109454
1.01384444154,-8.308312259421314
1.02424869159,-14.581082775776464
1.02575961583,-13.44304813426799
1.0265583151,-14.34485196456172
1.02224453327,-13.817999219952858
1.02770272913,-14.30393975926348
1.02649808262,-13.008161762598714
1.04285826339,-20.785951081869673
1.01348076666,-7.741861801937511
1.02827176292,-14.540866321837662
1.02413689236,-13.604548113195655
1.0255950196,-14.103243677486734
1.02357001233,-13.037185814984765
1.02476670286,-14.037156923633356
1.02025834632,-12.967797617842725
1.03997767954,-20.78799281567255
1.01336176601,-8.07146462104266
1.0235927204,-14.538200872036303
1.02241735602,-13.507738728181458
1.02531724618,-14.37494667814591
1.02196683512,-13.29334357631394
1.02556678727,-14.004293231231244
1.02467400223,-13.542103984884248
1.03635534297,-21.252212228234807
1.01468235375,-7.927230182853707
1.02723066878,-14.494123578190893
1.023996585,-13.589889576124646
1.0274615109,-14.431951349866669
1.02288391459,-13.364478493066665
1.0256724601,-14.148620749549082
1.02196427777,-13.329741315159739
1.03656011038,-20.935517491762443
1.0109538451,-8.345595029853744
1.02722950101,-14.13178841167725
1.02177927822,-14.05686451148872
1.0249868691,-14.135042475262548
1.02522224964,-13.440499001241156
1.02344847078,-13.978941671012079
1.02555029519,-12.922427671542541
1.03798447372,-20.98798845953224
1.01017557352,-8.179106456967995
1.02552760444,-14.4014779708176
1.02311278755,-13.53190038163223
1.02584313458,-14.331033297512688
1.02167486396,-13.584841612974078
1.02588051526,-14.148336038123745
1.0216108171,-13.353952662559113
1.03923261338,-21.125848732025425
1.01283335713,-8.131540557431729
1.02271831374,-14.656953275268156
1.02435709133,-13.694636106299841
1.02209354112,-14.237874447574162
1.02151763639,-13.463177519061077
1.02629887764,-14.308824066905098
1.02103341604,-12.928327214792358
1.03996022562,-20.652046790314532
1.01365776887,-8.01696619513645
1.02450042253,-14.76622342715439
1.02689886545,-13.592040016712723
1.02979990678,-14.160994847487077
1.02527788095,-13.209072333407972
1.0258590927,-14.154946280232211
1.02296642698,-13.069105427181807
1.03820256189,-20.758850995333077
1.01174352422,-8.32382312067372
1.02472082837,-14.462754804288743
1.02378491131,-13.944285792405541
1.02329926605,-14.190187917816663
1.02408425627,-13.779896407009808
1.02506183976,-14.093669334425321
1.02281444051,-13.264037285873682
1.03944741184,-21.067123257676755
1.01247250303,-8.076800675040184
1.02240645211,-14.530206855826183
1.02321339939,-13.862886963583481
1.02400593768,-14.008778396071088
1.02323089975,-13.525023969385558
1.02285216247,-13.996601525008563
1.02022103417,-13.097816778743017
1.03513520233,-20.877889937804987
1.01452483848,-7.923316889339247
1.02566074675,-14.202965167218588
1.02232041926,-13.547305808799997
1.02633120688,-14.149537600566907
1.02216639053,-13.493450478154124
1.02669200347,-13.992642599357216
1.02382227593,-13.211759096052088
1.03811801367,-20.781945614354655
1.01094034585,-7.998521508199975
1.02836816134,-13.948660177913958
1.02359933883,-13.357459729883576
1.02653312325,-14.149324428810484
1.02198511383,-13.295322115077992
1.02494700247,-13.82242615782195
1.02211894559,-13.160888279634861
1.0409122057,-20.981349412861633
1.01361878589,-7.9515519211488845
1.02534238527,-14.076712859945243
1.02324585732,-13.507107812312944
1.02537926029,-14.18406974889465
1.01926214358,-13.549368877266447
1.02512853086,-13.985747711891896
1.02983779727,-13.53118878409132
1.0375173581,-20.76238127434706
1.01130206061,-7.8402283457527835
1.02206770115,-14.367368652744485
1.0238258859,-13.51881139677707
1.02389401249,-14.205543928457658
1.02393102983,-13.208363957685043
1.02410770502,-13.983503786368612
1.02308419095,-13.018082223034746
1.03589059702,-20.563637814188006
1.012082985,-7.759427894903813
1.02200850984,-14.533905562072846
1.02329479108,-13.722868772036193
1.02152498847,-14.06902830656494
1.02153286245,-13.355760557187935
1.0227286281,-14.057914492882581
1.01943905721,-13.15692555142041
1.0363361545,-20.622475909075597
1.0117345316,-7.5007713123523025
1.02120463593,-14.193094734225419
1.02273862076,-13.218233088588365
1.02389653976,-13.992421224930112
1.02198726051,-13.087616918362837
1.02291891363,-13.859279183353959
1.02356641256,-13.093312711400415
1.03500898432,-20.777055851778503
1.01445460394,-7.972687514158459
1.02665560996,-13.997499985641339
1.02346365409,-13.546844084293532
1.02697864898,-14.060292164783853
1.02030233506,-13.550765591742461
1.02143744508,-13.85748476816213
1.02195999183,-13.313821963093003
1.0349845186,-20.926350116428722
1.01198625829,-7.844972163166553
1.02413265937,-14.07774997513624
1.02247087241,-13.614953738666333
1.02482706605,-14.078627222407036
1.02303525191,-13.0426588132102
1.02728220834,-13.924569179874888
1.0226694202,-12.85812725000445
1.03921013113,-20.388185777628998
1.01223424011,-8.086202796946669
1.02453005035,-13.95532029507319
1.01929769246,-13.722218083852745
1.01998869953,-14.07123246443525
1.02348719855,-13.259508057439383
1.02582262677,-13.760112725439177
1.02166869439,-13.053625420708793
1.03710819315,-20.593306035582895
1.009866132,-7.95012396484702
1.02235713456,-14.077331535680656
1.02633704945,-13.35520188637647
1.01814468733,-14.146951793614216
1.02273818716,-13.332158921423824
1.02388686495,-13.725283805021238
1.02229874721,-13.197467998973142
1.03726700922,-20.878820434057207
1.01082877268,-7.797778032193256
1.01777704734,-14.370964966324717
1.02239288208,-13.275551443534876
1.02126651198,-14.371951659888802
1.01882232155,-13.101927352447042
1.02124018277,-13.740123690084086
1.02569651678,-13.07146595611924
1.03687936743,-20.608400882944608
1.01042374004,-7.689334780926166
1.01969862767,-13.841944352599551
1.01898732421,-13.46332884258213
1.02559073234,-13.890254624998464
1.02333933832,-12.976898906349385
1.0218193738,-13.790212992525662
1.01978764129,-12.95766277926827
1.03529290816,-20.317417530130612
1.01144098534,-7.969917838989348
1.02165197106,-14.339659651625757
1.01973223981,-13.473546888195362
1.02393128517,-14.002034753996705
1.02459445336,-13.10498058554121
1.02418236018,-13.738207616747061
1.01781600533,-13.15678010062198
1.03547665261,-20.382861153692772
1.01078891655,-7.954674831800036
1.01975404889,-14.084393299261434
1.02171599104,-13.280893805599996
1.02440928109,-13.671702490217264
1.02062613609,-13.059992519201026
1.02249444218,-13.998068287083752
1.02392438938,-12.849521731871615
1.03902074656,-20.657575424470988
1.00866256185,-7.575857372992323
1.02479328933,-13.949822697797455
1.02225598853,-13.335431036809824
1.02479262859,-14.023812444464909
1.02000622797,-13.085809636773838
1.02208983213,-13.932452815580248
1.02258923628,-12.843071275925249
1.04004165501,-20.64541753223403
1.01169536159,-7.857233575848691
1.02247579111,-14.301852072341505
1.02449807426,-13.210184308920631
1.02551831357,-13.794118226202393
1.02324432981,-13.05457246573721
1.02585987937,-13.634562183194257
1.02488574643,-13.111039515134559
1.04117729772,-20.557934453759117
1.01388371169,-7.580661951547068
1.03008938482,-13.821914973923166
1.02324673239,-13.635187397366446
1.02650092938,-13.917815547003174
1.02302750954,-13.19148889757354
1.02640179745,-13.66054176432389
1.02119967866,-12.811338387130156
1.03936548472,-20.742233890680268
1.01531563024,-7.471015321080682
1.02340669985,-14.23582406501487
1.02383325131,-13.619485274577778
1.02526505073,-13.953654733066665
1.02081041939,-13.160593012936516
1.0232766811,-13.934181474599374
1.02357091051,-13.005208522537353
1.03863352568,-20.521237415427148
1.01256119306,-7.528274333107597
1.02409100111,-14.166431331672559
1.02644963399,-13.383453234559097
1.02178693867,-14.097817319093638
1.02555575936,-13.304826107231444
1.02460438807,-13.57431604182312
1.02313645606,-13.025852074085059
1.03866376919,-20.58437746920546
1.01190485395,-7.6600507544053995
1.02235898192,-13.808974618663322
1.0228311375,-13.273509126391462
1.02147954475,-13.70988428257778
1.01864387356,-13.244826779625653
1.0213618969,-13.519955159641272
1.02027229901,-12.75889042958631
1.03480081366,-20.44617075502368
1.01134580894,-7.570434651725814
1.02177085319,-13.988302773476255
1.02151330591,-13.363450212253777
1.02156682168,-13.773515185342491
1.0241050108,-12.88218316865113
1.02186211129,-14.005798917691017
1.02284093412,-12.854423123481473
1.03648442588,-20.671045810385937
1.01001387881,-7.726988432167159
1.02286814253,-14.045448151207857
1.02041745626,-13.352671063317901
1.0215952382,-13.76250723003534
1.02050910478,-13.002235151555558
1.02098985971,-13.841945176721875
1.0219622901,-12.917972992237637
1.03299434831,-20.72802213958731
1.01257784593,-7.279552345581872
1.01898994762,-14.000116770788374
1.01990267621,-13.189004229829031
1.02451084343,-14.035313497723447
1.01970186054,-13.392443768311797
1.0211279419,-13.6863480956438
1.02084969703,-12.560945387020261
1.03656995514,-20.632226927213694
1.00875483658,-7.721455922156721
1.02559308294,-13.636333490599172
1.02505716666,-13.088488419910625
1.02165682134,-13.908009148278147
1.02181593998,-12.684556005432635
1.02025863751,-13.607442175832006
1.02074047771,-12.671650421858173
1.03546548212,-20.416034819647155
1.00926285713,-7.536328371275668
1.02479476698,-13.938695291444244
1.02163909233,-13.088045945802623
1.02237954143,-13.846538244208482
1.02117367428,-12.564843713399766
1.02416885978,-13.777618045159905
1.01744216974,-12.695865755144043
1.03543092522,-20.568316701618553
1.01082340244,-7.437415618187752
1.02311385617,-14.20801638930758
1.01916411663,-13.035104808887958
1.02302723789,-13.55237508783744
1.02528700709,-12.922355132259542
1.02058414186,-13.46237488210252
1.01962577416,-12.848453831675961
1.03745702071,-20.53165519614607
1.00968117091,-7.567968104631784
1.02273186789,-14.0648197763889
1.02475742498,-13.372542016827929
1.02491170238,-13.863748737566207
1.02284527089,-12.98344643349362
1.02026011798,-13.768308398407267
1.02216381068,-12.76057468235232
1.03791918727,-20.55289249988846
1.00957832411,-7.6008282101194835
1.02104137616,-14.126002390070022
1.01752954917,-13.025884264713065
1.02159270906,-13.719690105075907
1.01917780832,-12.961121644130536
1.01722438517,-13.731443686934172
1.02205745124,-13.113605663288887
1.03439620266,-20.592140344498986
1.01063729416,-7.7790064411073825
1.02358618975,-13.605982927999598
1.02012559455,-13.163905406971358
1.01935069484,-13.379710268822329
1.02070041185,-12.805755221062919
1.01976521488,-13.431531707638738
1.02085001198,-12.765695579720587
1.03339955347,-20.502756640769277
1.00956210004,-7.482921172357724
1.02041130347,-13.756751415178726
1.02664548484,-12.845716925333335
1.02134702428,-13.826387538668444
1.02208818623,-12.971999182493105
1.02216757303,-13.63739067950133
1.01979743757,-12.851859728808778
1.03602529171,-20.116073236339595
1.00980983668,-7.520674463819047
1.02102353279,-13.96817193736336
1.02083500346,-13.075875835037188
1.02160965733,-13.695135907111336
1.02148832114,-13.051355374486606
1.02250362164,-13.165299622672745
1.02129926247,-12.56036273847853
1.03830843313,-20.225334238240592
1.00971718512,-7.635953839498037
1.02452949234,-13.713333567821612
1.0201119678,-13.088091337305203
1.02091396666,-13.61474229320938
1.01851274107,-12.891091633964727
1.02357085716,-13.40275589683582
1.02016672949,-12.86435896626814
1.03308044848,-20.10161845613202
1.00966789929,-7.151228097836259
1.02070250148,-13.934634354796767
1.02181489029,-13.02617677653209
1.02367073201,-13.739156578852082
1.0210928461,-12.867634196738845
1.02108158198,-13.608509853175029
1.01847015723,-12.815726576867739
1.03592793731,-20.24897263998093
1.0083677719,-7.085601771803679
1.0249870121,-13.768739857052823
1.02127556952,-12.778275273182874
1.02273407031,-13.781457441117619
1.0217025575,-12.625696775377914
1.02290887862,-13.887344571410942
1.02104136397,-12.328047961635043
1.03248022365,-20.136765860777643
1.01191871827,-7.425476804623647
1.02177600134,-13.933863160198287
1.02542599255,-12.778440216130727
1.02220276767,-13.601477047037132
1.02216775976,-12.934252477448144
1.02168980037,-13.44124730348859
1.0200159473,-12.67612698897513
1.03970880027,-20.59480434258984
1.00702967507,-7.890407553547827
1.02695942054,-13.856176996442677
1.01983393593,-13.23361325145035
1.02468025143,-13.270631672326635
1.01871305603,-12.665483097405113
1.02226803585,-13.341781290338723
1.02049523627,-12.7758627354659
1.03371218192,-20.523862224479856
1.01302014679,-7.4765078094025705
1.01893257588,-13.943526208299403
1.02198729554,-12.768325553412872
1.02201362781,-13.413353454719886
1.0194497338,-12.795153526644931
1.02233732293,-13.325542840807298
1.02148079072,-12.277908905138553
1.03365249058,-20.21767984042961
1.00976325698,-7.389554528453715
1.02225888629,-13.816968492483413
1.02234769264,-12.73589380458947
1.02015183531,-13.925169162280367
1.0203906193,-12.901640353860389
1.02431290084,-13.377261359009143
1.02342736038,-12.611402080888888
1.03584841037,-19.993399848511842
1.00988866257,-7.488140506783274
1.02031429092,-13.613284127622798
1.01854574047,-12.93694174073415
1.02156205157,-13.665227526359182
1.02397175605,-12.93614353003652
1.02417096318,-13.62103840603342
1.02092343319,-12.4936787611436
1.03919092395,-19.895280112602325
1.0138098383,-7.409230617255498
1.02647317497,-13.764594983376416
1.02186548625,-13.001122864800003
1.02353482567,-13.682864455414899
1.02061493008,-12.796117087420281
1.0223565925,-13.416539937271857
1.02515082584,-12.381163035873621
1.03857349046,-19.950220607016885
1.01114713881,-7.124225423634068
1.0224117543,-13.760762296459706
1.02002569336,-13.103162378237762
1.02002098233,-13.395370097395308
1.01735618451,-12.977996647693498
1.02084923661,-13.02367232319254
1.02070012121,-12.959456719942054
1.03507152196,-19.884599495642224
1.00883387434,-7.49826796014501
1.02179389006,-13.488489129862574
1.02234284283,-12.590542281849904
1.02525516336,-13.71868844347357
1.0201415722,-12.757231228329454
1.02343488956,-13.272038451281663
1.01962944401,-12.632019957800251
1.03832924463,-19.86973753620223
1.01201843666,-7.217674541784122
1.02092479146,-13.43021242064408
1.02346225818,-13.028745224094575
1.02009826891,-13.594397330997714
1.01985499036,-12.32988676922013
1.01818209142,-13.531812337148814
1.02123855843,-12.293538165379887
1.03515009288,-20.123969789607894
1.00854794586,-7.355497697140352
1.02517587404,-13.302903345354244
1.02220065246,-12.898629171549967
1.02329685982,-13.589781688772701
1.01876007319,-12.317944330037847
1.01887644275,-13.18044021265997
1.01956329976,-12.45206983291175
1.03494914176,-20.16433621191851
1.00915895521,-7.474329115367445
1.02253707002,-13.469845896873633
1.02501118206,-12.453961236839806
1.02129371231,-13.100521874150894
1.01979081594,-12.741732922831929
1.02172386018,-13.397001538938612
1.02097485863,-12.103935300780066
1.03520411657,-19.927107615852087
1.01347884797,-7.544912680442175
1.01968216238,-13.58951259682259
1.02115976519,-12.519968211077677
1.01951247526,-13.45960636193859
1.01934649775,-12.611303192531324
1.02370693273,-13.38239311079999
1.02041284876,-12.650940876478094
1.03540685792,-20.005034349503674
1.01331370059,-6.984764679552743
1.02374991958,-13.258954917630843
1.02269690537,-12.833310062330975
1.02183905498,-13.424912178805009
1.02065548958,-12.395760863521195
1.02303619907,-13.470152640936467
1.01810444353,-12.797953295353208
1.03708110798,-20.033531836402325
1.01162452436,-7.113571457074148
1.02220818448,-13.84098515249538
1.01996941582,-12.712380492962472
1.02513365129,-13.312583950150351
1.02034692924,-12.406329787709154
1.0216980718,-13.284000337520123
1.0204691346,-12.609175020712023
1.03424004297,-20.033936057073102
1.00825747415,-7.243087743320127
1.01947307137,-13.5328793680797
1.02078264516,-12.457953125152294
1.02189470487,-13.288106553966795
1.02017715959,-12.567141738542906
1.02056302582,-13.056055878134009
1.02109150539,-12.456260674091421
1.03498218658,-20.114808241130245
1.01059470559,-6.704018131941006
1.02441500601,-13.229403361872894
1.02169862087,-12.737079964054164
1.02134179417,-13.49866418063686
1.02253881719,-12.421780922693113
1.02397852642,-12.974197473314115
1.02068658098,-12.60005993505316
1.03958136414,-19.973449343673146
1.00931828647,-7.448991818472027
1.025385735,-13.36333144690243
1.02211435308,-12.413718937299366
1.02236424195,-13.343444054069376
1.02222912739,-12.745268204083025
1.02231788296,-13.07822168527667
1.02633584159,-12.225110271668628
1.03406134082,-19.892226948163025
1.00774783236,-7.076473459707163
1.0204049784,-13.493211150425001
1.01947905462,-12.859833640722258
1.02318883607,-13.268059360442727
1.01922005032,-12.349211707183684
1.02578016867,-13.33449152901321
1.02100508968,-12.574729667958795
1.0367618082,-20.196465982342247
1.01035637544,-7.181979722408863
1.02472858262,-13.488685197005623
1.02213098974,-12.420662369389545
1.02624591256,-13.62653359173374
1.02263318113,-12.659693411953384
1.02371965052,-13.086398218773489
1.01960700362,-12.266455300188301
1.03936082112,-19.699992568041626
1.01059429691,-7.124842018605018
1.01986197672,-13.358779830046593
1.02289600278,-12.498499745748477
1.02563575377,-13.220557464328152
1.02051944306,-12.26310920409263
1.0213529786,-13.007356503977187
1.01861345285,-12.237934673826187
1.03632174965,-19.89818737370109
1.010071848,-7.105727197191753
1.02028159536,-13.440404991662046
1.02195091242,-12.913329889506878
1.02491486767,-13.342426524155693
1.01859787391,-12.74938800923256
1.02515409305,-12.933942975339937
1.02052847953,-12.091835582374753
1.03796371852,-20.033720846220362
1.00971968399,-7.130568240472428
1.02710989162,-13.386721656905765
1.01936842224,-12.76545080027335
1.02458559572,-13.237421024236772
1.0238632443,-12.41592594593979
1.02005210386,-13.144714765327079
1.02573554619,-11.687206865473293
1.03568548877,-19.636243084433513
1.01109231765,-7.0442174894480765
1.02181516406,-13.126504196842841
1.01869245553,-12.658391025014128
1.02278088554,-13.146145332617763
1.0211417175,-12.300199762456115
1.02429340624,-13.114053892922259
1.01714283933,-12.22449334306312
1.03445962433,-19.837657795602944
1.0099346602,-6.7977707614019565
1.01894436068,-13.286158462022867
1.02182131533,-12.53634524838816
1.01881784644,-13.345708240545683
1.02302660034,-12.342556077962449
1.02035245473,-12.977164888074249
1.02351287779,-12.350552338563643
1.03569257656,-20.073435070949596
1.0084482837,-6.966892522065212
1.01903900273,-13.342203920892876
1.02276105293,-12.463193841432428
1.02174732498,-13.479813117503054
1.02143008128,-12.127799522104059
1.02262841698,-13.130491775089212
1.02484652768,-12.044245233614102
1.03687416295,-19.541295869551497
1.01189749585,-6.951110599806173
1.02716992991,-13.070864499467863
1.02818899482,-12.41265593834639
1.01885054577,-13.099643904266664
1.02205017561,-12.455135366161008
1.02077685074,-13.177233600800001
1.02039683909,-12.271249624465284
1.03554636742,-20.084035540335233
1.0096383308,-6.731546619442649
1.01892116795,-13.417790373632187
1.02304254017,-12.272010030288207
1.02127783577,-13.296944958666664
1.0229114271,-12.452072403533034
1.02153904164,-12.77959722860655
1.02024931659,-12.296853850460337
1.03610366586,-19.582392709292563
1.01400607652,-7.028543294019952
1.02411128306,-12.969621871019237
1.02283488562,-12.393069200158926
1.0265138187,-13.415404675574363
1.01904211935,-12.398416332433024
1.02242662149,-12.867413880519535
1.01907159783,-12.085982340728306
1.03635682748,-19.75471367264265
1.00898716191,-6.9299115946273355
1.02570078723,-13.181294338957061
1.02155622296,-12.54724796921168
1.0234399143,-12.915131964043862
1.01834742152,-12.12417566127318
1.02484759663,-13.100844619165395
1.02099677529,-12.232115111277999
1.03738071572,-19.32735813854336
1.00898306754,-7.137248671531675
1.02377261217,-13.350132487811317
1.02102457679,-12.56437334683749
1.02209728142,-12.924719927156945
1.02009326657,-12.038534939702194
1.02419122655,-12.968116877671612
1.02028841938,-12.2554061467741
1.03736404747,-19.52566359355707
1.01213421661,-6.957613985619428
1.02250947696,-13.226636575349445
1.01912929514,-12.051552661859498
1.02274852554,-12.808161114231828
1.02295345772,-12.606749217783742
1.02085707175,-12.994628440505071
1.0187488689,-12.014884658270848
1.03668134102,-19.677514592915408
1.0102747485,-6.609103910423493
1.02122985465,-13.328225558798389
1.01789990321,-12.515198460691632
1.02291273631,-13.111787165629035
1.0169749632,-11.933353623539656
1.02260151479,-12.93679732799065
1.01848333059,-11.981373413155554
1.03880718796,-19.53022024215069
1.01101862517,-6.40400904065903
1.02359664131,-13.181073651864333
1.02405072124,-12.155482455073116
1.02494372737,-13.093694663784014
1.02410559622,-12.290749352477503
1.0202745706,-12.910258662550135
1.02078204733,-11.950359195322484
1.03458528163,-19.76146349212324
1.01337769154,-6.816174598085996
1.02257957749,-13.431763291757143
1.02398342531,-12.32778994494848
1.0250394429,-13.046294211775725
1.02376410761,-12.188066352548967
1.02177071975,-12.95929758061084
1.02464789505,-11.98211243448929
1.03630162795,-19.337055614295494
1.0148866497,-6.811317779762055
1.02438060749,-12.807182943100354
1.02557395218,-12.164370476610046
1.02029197742,-13.056318432655644
1.02040798705,-12.206281043077478
1.02186975792,-12.885929221590082
1.01898528887,-12.083296418939272
1.03491348971,-19.980762016770676
1.01065789756,-6.990769521138494
1.02202949698,-13.063198333563136
1.02207043694,-12.28179634958924
1.02278851455,-13.047948006045765
1.02248729624,-12.244978343301712
1.02291715966,-12.784315693332243
1.02266485637,-12.014404985840352
1.04228507517,-19.311472090537237
1.01323915735,-6.861609564186909
1.02318539035,-12.905106797765136
1.02105690649,-12.728953615014131
1.02274452772,-13.007544001258955
1.02130218689,-12.110093218451231
1.02593772276,-12.537283192433414
1.02155296644,-12.269666768443292
1.03728008513,-19.5936420154723
1.01402074887,-6.568984861709251
1.02334509936,-13.028351956932319
1.02592804034,-12.488866041340117
1.02306339101,-13.339413162283224
1.02297719778,-12.154096035453144
1.02247337454,-13.124202412832567
1.02559018414,-12.07726705038933
1.03973082452,-19.333318536392003
1.01703913978,-6.774493590401655
1.02285504122,-12.812259726349113
1.0241102738,-11.965915242922971
1.02523455587,-13.211153042100063
1.02342200102,-12.062148205739073
1.02248839645,-12.815250744131625
1.02520758131,-11.904819727508269
1.03622128923,-19.50854500604699
1.01483954396,-6.491888666667516
1.02491787752,-13.056702784652613
1.02397172918,-12.428446995210226
1.02638925315,-12.83044296073084
1.02140642525,-12.476616428687338
1.02441483199,-12.643946903733333
1.0248537778,-11.974653915006384
1.04151885022,-19.484822733298234
1.01221469938,-6.517599028566854
1.02467951472,-13.10956103554944
1.02555730218,-12.112745843069247
1.02899516382,-12.960592819590643
1.0211240354,-12.24126500312485
1.02535108728,-12.819160676826717
1.02213621855,-11.872822751209329
1.03551472125,-19.473545450928157
1.01235916496,-6.72247563002936
1.02324213775,-12.967928803801863
1.02815641281,-12.350856566125746
1.02558125643,-12.85702223145117
1.02170118143,-12.085999333320531
1.02827698972,-12.44132627464111
1.02460318654,-11.914074538417184
1.03962341988,-19.36519141816092
1.01617464981,-6.569242112208048
1.02691753524,-12.935123860128602
1.02700131005,-12.080378369425786
1.02571574394,-12.869422316686606
1.02831377604,-11.97518796257778
1.02866776201,-12.597151468824466
1.02541949522,-12.031316051560685
1.04264170999,-19.379631307787747
1.01491906052,-6.738500095552282
1.03101118038,-12.981987672276912
1.02885111666,-12.228935809877532
1.02967538514,-12.762839600810187
1.02644025566,-12.093795336995713
1.03108867834,-12.702062775266215
1.02888093644,-11.483477674600174
1.04180627476,-19.690395809801064
1.02156727065,-6.764771484090883
1.02606980361,-13.173758725698743
1.02493697169,-12.068517289925591
1.02948058229,-12.669708882200226
1.02499488898,-12.29548317804687
1.03126667587,-12.621529814588595
1.0297340936,-11.65569076876533
1.04519099031,-19.502368998154036
1.01570961282,-6.562483942699129
1.03081592325,-12.978457685570643
1.03388999146,-12.061035241361155
1.02758404156,-13.047225415353433
1.02851340393,-11.987662263910767
1.03120817363,-12.331139316890795
1.0275556615,-11.689786457207639
1.04684524703,-19.257522016321378
1.01869645069,-6.737767806823354
1.02962727255,-12.684288484475934
1.03030709443,-12.067168466800448
1.03360194842,-12.614386544970927
1.03080757671,-11.903259803080216
1.0312231489,-12.64506409651883
1.02925980982,-11.56158818271995
1.04351780992,-19.287894968171937
1.02044034082,-6.614631771109057
1.02819422955,-12.95584316827725
1.02925683737,-12.070300375041628
1.03050291536,-12.759567656502934
1.03016746897,-12.09075029601531
1.03035920182,-12.68833992256041
1.02866756227,-11.819913682485517
1.04344863851,-19.39964969944519
1.02206400895,-6.3470417548995215
1.03290343898,-12.763107208581186
1.02778190863,-11.88479318169993
1.03322907483,-12.744669415565324
1.03218686,-11.940241676622222
1.03389588245,-12.632908930685652
1.03006698774,-11.707239794435123
1.04773722529,-19.183188699947678
1.02048756636,-6.035230382049652
1.03121836759,-12.919294825201254
1.02980009706,-11.806494583120038
1.02968841093,-12.704683257440598
1.03429512077,-11.803341027379021
1.03204378012,-12.779164342569258
1.03142314521,-11.722663643199999
1.04346301056,-19.006793624194746
1.02152342884,-6.754464709606677
1.03460178688,-12.834131694902867
1.03205453101,-12.235749108101533
1.03140794402,-12.591689249627763
1.03172951794,-11.939995699645113
1.03682258733,-12.347020865534638
1.033871587,-11.718952759981258
1.04452400444,-19.591290467153534
1.02447534656,-6.216652178174148
1.03957361352,-12.867346344634576
1.03559984475,-12.289950233793542
1.03931154477,-12.674615828891241
1.04611472923,-12.023656081156053
1.055234255,-12.665956990923677
1.06069260018,-11.838245990482072
1.09141501579,-20.047488320124295
1.09069303743,-6.690961842922806
1.13546985807,-13.761246631208557
1.19325076298,-13.43426038862222
1.29937994905,-17.532121274026323
