1.4512827603,-55.6628867956
1.31901955072,-50.1857624861
1.24499520385,-45.0455646223
1.21355145919,-74.0327278289
1.16475040557,-27.3643369166
1.15321452472,-45.7549816641
1.14161788487,-45.2356350533
1.13757005179,-46.2439081606
1.13219223125,-43.5569617207
1.13068841827,-44.1189421253
1.12634706265,-42.2426930972
1.13572046065,-69.9051788124
1.12419202267,-26.5831701977
1.12523759782,-45.9690740007
1.1222259826,-45.2791347712
1.12330272964,-45.5220749853
1.1274202158,-41.9698109435
1.12417345836,-44.666105769
1.12546761776,-42.0764090115
1.13010230026,-70.2233388533
1.11711800289,-26.3499287878
1.12826612785,-45.9611658036
1.12076311411,-44.4948715641
1.11907308305,-45.6850037695
1.12003324966,-42.6972352618
1.12393214941,-45.1858277998
1.11639755332,-41.6197862721
1.12755322386,-69.056672125
1.12317822478,-26.3217026257
1.12301698039,-45.5683485974
1.11831637613,-44.8240546535
1.12130497001,-45.8863193038
1.11336244229,-42.0533846884
1.12441434863,-44.1853318388
1.11788709946,-41.4545187827
1.12367332595,-69.494269415
1.11628344658,-26.1605418516
1.11944163788,-45.5580567
1.11638463999,-43.2618936857
1.11588402186,-46.0003912317
1.1185863679,-41.8117574524
1.12056808658,-44.5242688404
1.11314914613,-42.6077333518
1.12703027847,-70.084706867
1.10910959282,-26.5397646749
1.11852501047,-45.9426485394
1.11519387143,-43.8561807167
1.11613950962,-45.910668116
1.11520607794,-42.786350574
1.11519435755,-43.7732118201
1.11813935874,-41.761617531
1.1239047558,-68.7561490841
1.11349962228,-26.0983940974
1.11260783319,-45.3171442458
1.10983170958,-44.3008836582
1.1094899768,-45.4885849685
1.10943820503,-43.6196897975
1.11168114477,-43.8915744674
1.11190678769,-41.9267002119
1.12533353087,-69.7609891734
1.10613919968,-26.344480836
1.11225063333,-44.7039433964
1.11163663934,-43.490639715
1.11695729596,-46.4615188063
1.11144404332,-43.486010272
1.11499872511,-44.2280664669
1.11345164956,-43.1764704767
1.11849159439,-68.5720686004
1.10901941314,-27.5698809888
1.11250763818,-44.7972862237
1.10684040084,-44.057555901
1.10747576852,-45.8725472094
1.11167724705,-41.9838219964
1.10581697165,-44.1300603797
1.1127438678,-41.2640640401
1.11974138916,-69.5592255401
1.10143376763,-25.96459125
1.10924836696,-46.0840903171
1.10929186736,-43.7150191293
1.10736873652,-44.8309860019
1.11381741167,-43.141635963
1.11452626219,-43.7572652647
1.10859074299,-41.8499235197
1.11780478255,-69.0233216493
1.10833974114,-25.4504736682
1.11242554121,-44.4710407924
1.1097983367,-43.6144558643
1.10876633507,-45.2764309304
1.10644962477,-42.5473577234
1.10786941663,-44.8654165431
1.10778856722,-42.0109220567
1.11901310419,-69.2769317525
1.09871903006,-27.9380058926
1.10445925481,-45.1687764505
1.10291781748,-44.500188562
1.10984541414,-44.7174116286
1.1049552484,-43.285836859
1.10478985207,-45.0612504394
1.10407776591,-42.2685818302
1.11378351946,-70.0725050477
1.09830986141,-26.1740908419
1.11076521737,-44.1772481048
1.10389736725,-43.4521254102
1.10358143786,-44.7350635568
1.10374355822,-43.3294594409
1.10796480446,-44.2210920916
1.10557452544,-42.9536767351
1.11303317388,-69.8264370375
1.09734467842,-27.3936582939
1.10690973805,-46.0339741085
1.10269408036,-44.1396853601
1.10903001095,-45.3438047714
1.10129354501,-43.2642060379
1.10580950733,-44.0444997784
1.1010322209,-43.1831129092
1.11089040898,-69.5773899507
1.09791565909,-27.0012876556
1.10339975859,-45.5281896565
1.10505603676,-44.6173641779
1.10685604749,-45.3873345964
1.1037516057,-42.89679217
1.10504534984,-44.0978602851
1.10196301638,-42.6541774787
1.11181335694,-70.1450892845
1.09861637413,-26.3729682841
1.10362329562,-45.7362224389
1.10170641044,-43.7998443385
1.10415132075,-45.797469411
1.09966650771,-43.2831782793
1.10311302554,-44.5784596023
1.10320221221,-42.2320750433
1.10861957489,-69.9911873899
1.09671943714,-26.7858231286
1.10377802673,-44.7703984358
1.09710107278,-44.3319362321
1.09834912832,-45.4695280598
1.09686922059,-43.791139458
1.10256485013,-44.0903941483
1.10422878717,-42.316569878
1.1088316003,-70.2496240171
1.09673330536,-26.3903995774
1.10380687613,-46.6016270863
1.10517090255,-44.6961219833
1.10059501661,-45.9095309923
1.0997249913,-42.6626472936
1.10206238967,-43.0624275246
1.10076275123,-43.6776203147
1.10625817072,-68.7134979047
1.09515070456,-26.6540619503
1.10131496815,-45.5703362203
1.09979233602,-45.151658058
1.10570536445,-45.15915854
1.10689846122,-42.8452775219
1.10444431655,-45.0980037005
1.096997514,-43.0490336254
1.11443491182,-69.2977028027
1.09834771473,-26.9466298785
1.10548110867,-45.6541104755
1.10413094302,-44.515356177
1.10299544987,-46.9826665062
1.10461330033,-42.7011042354
1.10349276551,-46.2615528289
1.10128235471,-42.1145305799
1.11033588414,-69.3724670428
1.09759200181,-28.2076074452
1.09956450909,-45.6479478807
1.10272395634,-45.057856642
1.10121293212,-45.772961991
1.10549292469,-43.8629325804
1.10139343297,-45.0581532099
1.10167780008,-43.3419300015
1.11314115992,-69.025391581
1.09711721458,-27.8406802741
1.10460268216,-45.5439334195
1.10131878326,-44.3721311338
1.1025393646,-45.8583479181
1.10085061582,-44.2601600337
1.1031158141,-44.4518760712
1.0968573997,-42.5132103707
1.11102933786,-69.6332915453
1.094998482,-27.5127778812
1.10145701125,-45.545973309
1.10338612562,-44.3861647653
1.1018997058,-45.9259739948
1.09916781012,-43.4026140977
1.10657918419,-44.4795475822
1.09799492151,-41.7554096148
1.10869750873,-69.8208120868
1.09545632333,-27.0099886135
1.10094642117,-46.3445773637
1.09878494536,-43.8308254946
1.09798258722,-45.8763602975
1.10017879259,-43.7006030305
1.10524181819,-44.3956699154
1.09920895444,-42.2223364945
1.10798063498,-70.021998865
1.09593090464,-27.9944505606
1.10665753319,-46.7347556588
1.10049166672,-45.0858316327
1.1023218132,-45.7045732045
1.10056252841,-43.9340847991
1.10273752285,-45.3776487663
1.10056197142,-43.1606826565
1.10839594142,-69.9153503301
1.09534709271,-27.6330951616
1.09877241883,-46.4470486098
1.10273137632,-44.4523616913
1.10183379283,-46.0045395503
1.09744888151,-43.0194637826
1.10270495669,-44.0718354389
1.10247707331,-41.9676596671
1.10943086113,-69.4034906868
1.09776755274,-27.8050767727
1.1005551185,-46.1001459701
1.09990050753,-44.5370012958
1.10145538632,-46.5965715995
1.1027412743,-44.3302440817
1.1013377472,-45.0085874734
1.1010010566,-42.8247732223
1.11017521272,-70.4049717956
1.09394219142,-28.2124274069
1.10111125103,-46.2102469205
1.10102723657,-45.5850201765
1.10181135775,-45.5615723066
1.09902429236,-44.4758274826
1.10353843821,-44.415384733
1.10372355202,-43.0259024287
1.11295260643,-68.99365725
1.09800198173,-28.1541997819
1.10223684161,-46.1924403604
1.09940641912,-44.4353414019
1.10139357898,-46.6416042094
1.10057161265,-43.3888081468
1.10768365759,-45.090924265
1.1046515289,-43.4543517316
1.10995533168,-69.689372558
1.09893128643,-28.1335119605
1.10401073491,-47.1196547159
1.10193395649,-43.8556249025
1.09886331503,-47.4959470007
1.10175711253,-44.8908502823
1.10309068409,-45.5088166386
1.10697333835,-43.7636208455
1.10842072629,-69.933355212
1.09777293332,-27.4924211449
1.10401667172,-47.1342293311
1.10046938561,-44.295136068
1.10251984585,-46.865049528
1.10062186179,-43.430699329
1.10026787976,-44.7816961491
1.10148986401,-42.1418822229
1.11213900533,-71.0151609589
1.09903880368,-27.461113557
1.10272851833,-46.5557588282
1.10187560842,-45.3509833487
1.10458461013,-46.7236179312
1.10278524062,-44.7611933903
1.10320450873,-45.6990274966
1.10128295444,-43.3353149397
1.10658074571,-68.7658320008
1.09466806251,-27.6495708102
1.10142122701,-46.1526737627
1.1004207019,-45.4856779696
1.10019272554,-46.712961437
1.10087771215,-43.5470306003
1.10009311008,-46.0228169269
1.10209786577,-43.7822949437
1.10746997073,-70.7946050491
1.0934978879,-28.580109328
1.10226869979,-47.301016361
1.09931997282,-45.2410995461
1.10558147662,-47.1402513349
1.10087514894,-43.7734341279
1.10614806175,-44.8094351749
1.10222050704,-41.9221768948
1.10405351016,-70.5953404425
1.09589499247,-27.7271851645
1.09873092378,-47.7358415822
1.10100984807,-45.3561084469
1.10161918511,-47.9807314767
1.0966153906,-43.810447837
1.10428920971,-45.5897834347
1.10311649822,-42.9949054669
1.11055462514,-70.5390982906
1.09669501002,-27.7092249358
1.10191905598,-45.8664509443
1.09815802336,-44.4093510131
1.09986810597,-47.3273906494
1.10103991182,-44.2017271404
1.10387329421,-45.3562714851
1.10100656118,-43.9351462523
1.1051438362,-70.7110256758
1.09567474867,-27.9125785186
1.1025663177,-46.0094833385
1.09961307235,-44.3525467423
1.09988370083,-46.9597373009
1.09849219922,-44.8081161846
1.09900623254,-44.7322731744
1.09873881289,-42.9640964155
1.10715988542,-68.7674501216
1.09435729377,-28.3314926611
1.10433815321,-45.7038648165
1.10005087731,-44.4887792709
1.10207247427,-46.7998634918
1.09911124826,-43.3208232139
1.1013879661,-45.4597942236
1.10183055405,-43.2235388423
1.10725262988,-70.4861519987
1.09345278112,-27.7060198131
1.10182659521,-45.2114919115
1.09561271316,-44.3959851791
1.10298191874,-45.5537570959
1.09935736814,-43.6492530091
1.10160396031,-44.8654724191
1.10157623392,-43.1693527233
1.10699113555,-70.1027251372
1.10006921796,-28.2814574792
1.1020201057,-46.7695439489
1.1005907961,-45.1804617667
1.09980950836,-47.0083354319
1.10078915341,-44.5037545038
1.10122716426,-45.065472412
1.10003443105,-43.049666338
1.10454854013,-70.2370568357
1.09353165644,-27.8223955258
1.09980523745,-46.6166001491
1.10770270171,-45.5196660627
1.10067629599,-46.4026423928
1.09764489992,-43.4254775335
1.10082342305,-46.0792759961
1.09985050255,-42.7017315049
1.11004744518,-69.9549195455
1.09408568953,-27.5780023862
1.10099379265,-46.4450235942
1.09922188917,-44.9834942444
1.09845285014,-47.1763105997
1.10180748595,-44.5475253346
1.10074773548,-45.8052983444
1.098041228,-43.0818908411
1.10942726644,-70.6645956911
1.09747948088,-28.2321620556
1.09945427869,-46.3449951094
1.09633373699,-47.1486257807
1.1027804359,-47.1013098968
1.10444313755,-45.275051177
1.10372363377,-45.4043596927
1.09964059399,-42.9618816817
1.11114374133,-70.3394714774
1.09407707281,-28.8052139051
1.09727678811,-46.3818875764
1.1029570898,-45.273579524
1.10422343161,-46.7071665839
1.09698876586,-44.4266526295
1.09892150929,-45.1236586306
1.09871507825,-43.5422073817
1.11166482837,-70.520974797
1.10192663883,-29.3412482729
1.10174858273,-46.89079638
1.10028257685,-45.4619171862
1.10354536034,-47.8526776109
1.09870272735,-43.8712120963
1.09930489316,-43.6404705161
1.09833752004,-43.6893289709
1.10780885726,-70.4342653661
1.0951324406,-28.6523164896
1.10367902582,-46.8066691034
1.09973600976,-45.8361318601
1.09946770073,-46.7479779667
1.1068896748,-44.0023041623
1.1025357956,-45.6180415433
1.09916551328,-44.3051568108
1.11025350311,-70.3763476517
1.09379502815,-28.3968970724
1.099527775,-46.7093479737
1.09883819059,-46.3469613703
1.1013669082,-47.4689279431
1.09949097924,-44.3082993221
1.09937780644,-45.7138064139
1.10109899827,-43.5188380094
1.1049965201,-70.8200803794
1.09450258676,-29.3156572679
1.09842879454,-46.821603372
1.10104500936,-45.6029559832
1.09873887457,-46.7574010492
1.09892264992,-45.1905568346
1.1024865725,-45.8198210813
1.0998232093,-43.7834468532
1.10753416042,-70.1667315419
1.10062885931,-28.8092818859
1.09789333301,-47.7606446889
1.1042650894,-45.4530302411
1.09989230666,-47.6283668163
1.10084543995,-43.2855397368
1.10384345592,-45.0451546664
1.09864210122,-43.6830408892
1.10880930396,-71.052979965
1.09285278309,-27.7643390928
1.09718935462,-46.6186784338
1.09898934197,-45.8440476738
1.09889600292,-47.0410013105
1.10118662045,-44.564230488
1.10272314939,-45.6204450901
1.10356880527,-44.4066911755
1.10688551455,-70.7219607872
1.09557096847,-29.1367716869
1.10374456114,-47.5744310242
1.09941576347,-45.3659554569
1.10015479813,-46.8527544033
1.09813646096,-44.9828313107
1.10183195436,-44.9309609817
1.09894821873,-43.5429248059
1.10669394883,-70.0868875134
1.09155723827,-29.1096132376
1.09578597235,-47.0432966667
1.10164727206,-46.0608016045
1.0994875486,-46.645369471
1.09619217907,-44.5121118612
1.10251880171,-44.9376099412
1.09789064572,-43.5015238799
1.11064313088,-69.70283908
1.09437189929,-27.385414257
1.09669323771,-46.2544042853
1.09834123127,-47.0082189239
1.09924036011,-48.643221587
1.09820566006,-44.1650150941
1.10106649483,-46.5766638957
1.09941654717,-42.8881802921
1.1064175738,-71.7635704947
1.09609686974,-28.2915486429
1.09800083154,-47.6030217991
1.1004412452,-45.4278429265
1.09813203379,-47.3340071996
1.1000160494,-44.3800778822
1.09794622407,-45.2766897599
1.09385681037,-43.6202356613
1.10392285279,-70.6217502157
1.09296612901,-28.8176760567
1.09871563829,-47.6776551684
1.09791693165,-45.8370197223
1.09996605194,-47.4631918114
1.09824374228,-45.0675743567
1.10517189849,-45.9977465222
1.09742499129,-44.9223670485
1.11042323423,-70.6205281958
1.09630933594,-28.1823124734
1.10005320038,-47.1600211537
1.10029032048,-46.0631086667
1.09956832102,-48.3688634779
1.1000643435,-45.2515866924
1.09782637663,-46.3900154324
1.09794665294,-44.6497656091
1.10615356859,-69.8689184324
1.09438549953,-29.5972702068
1.10671313154,-46.0671476263
1.10183199072,-45.5722773607
1.1023713017,-47.2679187692
1.09849100982,-43.7805798341
1.09783853968,-45.6286324638
1.10258818008,-45.0317343735
1.10482545495,-71.1028937112
1.09377445022,-29.1329818571
1.10084207143,-48.5814824897
1.10115733201,-46.3073119274
1.09914099189,-47.4116098764
1.09906517607,-45.9625325613
1.10013171912,-46.431353093
1.10389256564,-43.7439494153
1.11306970737,-71.0861682942
1.10099938448,-28.7973296985
1.10082826166,-47.1044036558
1.10361038073,-46.5907981475
1.10266618986,-47.698905591
1.09772837036,-45.0117988731
1.10260937054,-46.0542885533
1.10324100201,-44.1638248481
1.11017220242,-71.7276287676
1.09470406605,-28.8954528633
1.10471959661,-47.4706362832
1.09963387459,-46.394793915
1.10512311907,-47.8308548115
1.10443389215,-45.7410274235
1.10171328076,-46.0677029348
1.10320710458,-44.3371699483
1.10822909986,-71.5317959331
1.09369496625,-29.1769869798
1.09819409354,-47.6422544365
1.10318130329,-47.1267895279
1.10676435422,-47.7113554525
1.10056713004,-45.4959757308
1.10354945648,-46.14915962
1.10368586784,-44.5444720877
1.10749483703,-70.2413479328
1.09868586395,-28.422747037
1.10044917088,-47.3503561855
1.10285246178,-46.6874420825
1.09969264579,-49.4142176523
1.09748385005,-45.123753888
1.09847460346,-46.9711345819
1.09902762399,-43.9594218153
1.10534478808,-71.9442080454
1.09511266667,-28.6397080804
1.0975094326,-48.5044554611
1.09690943143,-46.580875864
1.10025680612,-47.1082205714
1.09571851868,-44.3012180848
1.09639544986,-46.5753776287
1.09847711888,-44.0560121209
1.10557144478,-70.7082404635
1.09231733885,-29.3582729327
1.10609112212,-47.6601235275
1.09761492921,-46.5718708637
1.10212435499,-47.5330600974
1.09817937408,-45.09962753
1.10165403175,-46.0196302914
1.09925688472,-44.812720182
1.10768209591,-70.102474956
1.09750893183,-28.9423986333
1.09919491146,-46.9392376672
1.09717273414,-45.9299700548
1.10139465964,-47.7890469183
1.09479674172,-45.3143867281
1.09894126411,-46.915882012
1.09636962795,-44.6926859541
1.10571305087,-71.2760430777
1.10042957017,-29.3179724504
1.09874255521,-47.0908296409
1.1007201239,-46.0907792651
1.10034432294,-47.7175135935
1.09963231561,-45.2147482042
1.09595838724,-47.0411904731
1.09896650979,-44.6368057382
1.11442745598,-71.3909696902
1.09755676203,-28.5485230993
1.10254092377,-47.4027434498
1.10149918453,-46.3609634813
1.09862260958,-47.3446212181
1.10228868101,-44.4343753122
1.10257471656,-46.1800238305
1.10228004758,-44.3364490351
1.10902817797,-70.7209693504
1.09685170039,-29.1713799995
1.09683726627,-48.1071671056
1.09626585476,-45.7463059412
1.10015309693,-47.8761543862
1.09664533283,-44.0434040929
1.10007275471,-47.411609626
1.10283111139,-44.1725589273
1.10517361401,-71.9034245771
1.09339656357,-29.5282550725
1.10329666291,-48.4238329762
1.09457933855,-47.1950990525
1.09808464521,-48.4578883856
1.09543591342,-44.966732416
1.09687324654,-46.1103545515
1.09797353935,-44.4700606466
1.10531251954,-70.4828002877
1.09331223384,-28.6692826235
1.10303990695,-47.5407298585
1.09855009737,-45.929958271
1.1028238651,-46.9551596796
1.10074197439,-44.8878825781
1.10131042906,-47.5968894856
1.09767942954,-44.8618653426
1.10817337913,-71.3998455902
1.09549451937,-29.5287260267
1.10528124428,-48.2682216635
1.10551904579,-46.2726788105
1.10333080615,-47.9243649439
1.10051008368,-45.7046701383
1.11049318266,-46.8056413339
1.10122601596,-44.335707572
1.10892409864,-71.9366936505
1.09824323124,-29.2589236135
1.10251642194,-48.16041662
1.10479742164,-47.422738091
1.0998665616,-48.6024651774
1.10366594643,-45.917595482
1.10248662495,-46.9636465704
1.10224939492,-44.25402304
1.11054608539,-71.4601863027
1.09570184687,-29.370639826
1.10180911847,-47.6703387243
1.09861723888,-46.5454013674
1.10106933694,-47.8926788981
1.1004621461,-45.3393982859
1.10470260667,-45.8618909401
1.10104716644,-45.3075296319
1.10839575743,-71.4766545025
1.09594417414,-29.0536978634
1.10387279257,-47.8682003189
1.10436981299,-45.8533351612
1.10559489964,-48.1512618797
1.09896008775,-45.1596174296
1.10453966204,-46.260107884
1.10243629379,-45.2430105586
1.10789654496,-70.4432576541
1.09707268068,-29.8676131275
1.09699219924,-47.6394460817
1.10118364887,-46.3754865133
1.10005526476,-48.5451221143
1.0976865189,-45.7465024405
1.09838270267,-47.0349139475
1.09783197049,-44.6339420974
1.10824895932,-71.6122622622
1.08658262791,-29.4604237823
1.09478503519,-48.651496622
1.1009724952,-47.3366113652
1.09884016962,-49.3499168492
1.09153594125,-45.662048794
1.10075197778,-47.2178837672
1.09896596458,-44.8418201602
1.10913913055,-71.2393899618
1.09669237124,-28.3497732004
1.09827604711,-47.6892297991
1.09500243956,-46.8047698382
1.09989916358,-47.4917258548
1.09817442215,-45.8450948171
1.09939484323,-46.1223547038
1.10064360692,-45.3153121757
1.10828387077,-71.2408185935
1.0912056151,-29.0050660203
1.10078724971,-48.5615447429
1.10059237658,-46.7515612549
1.09693338829,-48.942680493
1.09772520827,-46.1101579509
1.10346086954,-46.4150051557
1.09730993084,-44.9172945268
1.10302098274,-72.0931535432
1.09848294823,-29.1645242813
1.0981960981,-48.3370109855
1.09954522557,-47.1517013896
1.09802296462,-48.6272226749
1.09299124133,-44.7517701318
1.10315154144,-46.8527343643
1.09797392081,-44.8209830511
1.10763266683,-71.0789614645
1.09461199344,-28.5832414468
1.10100666673,-47.762103958
1.09634432461,-46.1091099962
1.09571934542,-48.1887600755
1.09483586381,-45.9761822886
1.09561132291,-46.0929620771
1.09989733018,-45.1474673256
1.1112019203,-72.8829713357
1.10096974934,-29.726886628
1.09730165444,-49.4400611748
1.10302644815,-47.2082167774
1.10364767828,-48.6949282902
1.10732467544,-45.0196078928
1.10690938542,-47.0550643033
1.11219794661,-45.1225686155
1.1173802627,-72.1296669131
1.10095580017,-30.2705645493
1.10411234402,-48.9596178242
1.10676952709,-46.8874417412
1.10269753894,-48.7838984427
1.10449463268,-46.4448422983
1.09965298132,-46.7166918561
1.10202487933,-45.428931631
1.10807465933,-71.7336728648
1.0947940525,-30.634525997
1.09901664186,-47.7266251952
1.09361511658,-45.9000586001
1.09325170901,-47.7175926284
1.10028414339,-45.5606456025
1.09556366696,-46.6413144234
1.09585185035,-45.4445485463
1.10443744581,-71.0952844026
1.09376608829,-29.9117233841
1.09691637604,-48.1115857503
1.10084420491,-47.0416096716
1.09887038884,-48.9748408194
1.09905069656,-46.4307552773
1.10039368728,-46.2527569781
1.09744003147,-44.3437546686
1.109968515,-71.7480771111
1.09690856914,-28.9067736051
1.0994319679,-49.2122905126
1.09757003698,-46.4982734794
1.09995624581,-48.4830035692
1.0926939589,-45.8442458132
1.10136170764,-46.4811891845
1.10317325101,-45.1648582733
1.10509782506,-72.8023243476
1.09340274038,-29.171693315
1.10061121773,-48.705185809
1.10357039822,-46.7726739751
1.10473044902,-48.2959449508
1.09646208627,-46.5015811927
1.10104198036,-47.1724259346
1.09836124527,-45.2369504132
1.10853328106,-72.375213927
1.09428378164,-29.7115226913
1.0999026233,-49.0546093932
1.10151766901,-46.512609101
1.09910184326,-49.0873025536
1.09938155988,-46.2777456612
1.09854469359,-47.6534668138
1.0925496446,-46.0480426813
1.10567996791,-72.4018706416
1.09303337736,-30.5411295796
1.09889460836,-49.3169232758
1.09700267746,-47.7282646749
1.1000193309,-48.3513462843
1.10048740848,-45.9577096701
1.10390067107,-45.9729019414
1.10004592961,-45.7515782948
1.10377954707,-72.1886329564
1.09497637658,-29.6184539901
1.09657619168,-49.1528764516
1.10166728634,-47.290989758
1.10342629137,-50.2654847842
1.09793858112,-46.1249617252
1.10163335707,-47.4229203084
1.10337141752,-44.6050046377
1.10619084026,-71.7806371965
1.09203509584,-30.4160925992
1.09908721913,-48.4901592746
1.09633658358,-47.7981449896
1.09693809786,-48.6571236134
1.09767929876,-45.6743483222
1.10020263159,-46.6080907118
1.09764172351,-45.7652975408
1.10817893751,-71.9233211243
1.09510839207,-29.584897852
1.09706055504,-48.6493943596
1.09896303911,-46.9774363335
1.10087549183,-49.3776732226
1.09538468392,-46.0535498058
1.09903996952,-47.4566968281
1.09836663748,-45.0883251078
1.10396210277,-71.1324677161
1.09034607009,-30.1238155008
1.09657523488,-48.2435514055
1.09927897979,-47.3607782074
1.10282571415,-49.0059919403
1.09699760149,-46.4426400923
1.09599594723,-47.0402401765
1.09990948238,-45.138649172
1.1048614588,-71.4680882234
1.0931810268,-29.4447392038
1.09698383008,-48.8368125172
1.09446516829,-46.743167059
1.09756188293,-48.7340504226
1.0937108263,-45.4163190183
1.09849401112,-46.8720666259
1.09651794718,-44.289190525
1.10746315664,-72.691714753
1.09500533907,-28.9250514994
1.09470494298,-48.8152565024
1.09770401831,-45.8479283232
1.09892254385,-48.5347660391
1.10105210558,-44.9548427687
1.10275445677,-47.1388710241
1.09801934684,-45.0488976641
1.11040265779,-72.9470859508
1.09183264838,-31.2177468825
1.0987341113,-48.4813488739
1.0995807176,-47.9144284823
1.09781356583,-48.8045191504
1.09679140407,-46.4080017884
1.10153878082,-47.1025493857
1.09652084903,-45.962807869
1.10722611758,-72.6165152852
1.0943428872,-30.2972975808
1.10271570547,-47.9673519021
1.09793613816,-46.8875729265
1.10110778323,-49.3292607791
1.09843038593,-46.6045428265
1.1000401754,-47.8910115787
1.09736875015,-45.8800548796
1.10642168543,-71.7821928852
1.09951613061,-30.3809122007
1.09894292893,-48.5261199851
1.09751192351,-47.0219238475
1.09872496554,-48.3770203095
1.09701829524,-45.7596147919
1.09905554629,-47.4892616174
1.09824852601,-45.4174164097
1.10982997164,-72.2065622093
1.09701309919,-29.9264533765
1.09865957463,-49.0616041432
1.09604334105,-47.5841224751
1.10093590593,-49.0535023007
1.09849410334,-46.28947054
1.0974266197,-47.0533587018
1.09792207418,-46.131164792
1.10468393511,-71.4105406442
1.09089381208,-29.821669894
1.09902751005,-48.6420452041
1.09597301351,-46.9849814974
1.09703597952,-49.3944302135
1.09923115942,-47.2336204603
1.10156687641,-47.4594307916
1.09743795195,-45.3828177922
1.10405789709,-70.8423570495
1.09028466889,-30.240025487
1.10044179578,-49.1838502436
1.09426583615,-47.1524832967
1.09238034072,-49.206720675
1.09448966535,-46.1610949458
1.09822012946,-47.3353844813
1.1001891143,-44.762957245
1.10525453515,-71.4476502298
1.0967813427,-29.7652514114
1.09887563666,-48.7779430235
1.0982048175,-47.029473224
1.09862450159,-48.4660664441
1.09741197524,-45.7677587925
1.10216574713,-47.4071373343
1.0961726048,-44.7951623562
1.10555452984,-71.9535988442
1.09226865615,-31.002615046
1.09723599666,-49.1026129505
1.09430916045,-46.8161527985
1.09476560218,-48.8831001519
1.09551757073,-46.4860773615
1.09250624126,-47.9121022937
1.09523274682,-44.9329516223
1.10551173467,-73.2966548893
1.09107143719,-30.1645579092
1.09908105521,-49.73855071
1.09494904537,-47.5099720474
1.09569115286,-49.2311494314
1.09359403973,-45.9388925927
1.10051294562,-46.5448673585
1.09689528046,-45.5665714411
1.10522088243,-72.096888869
1.09119222529,-30.4141404647
1.09541954163,-49.0827939844
1.09303480765,-46.8229108638
1.09648187522,-48.5543552401
1.09752149196,-45.9395708258
1.09463502814,-48.0947433808
1.0963258551,-44.8896245717
1.10108331546,-73.317380377
1.08806441271,-30.2825040164
1.09638071989,-49.3849717906
1.09369329956,-47.8622572878
1.09278700983,-49.7981961992
1.08894453268,-47.1795513524
1.09155910523,-47.4878239018
1.09542055576,-45.5375648553
1.10488444165,-72.6262155572
1.09550000245,-29.4196440978
1.09737498732,-48.6789916397
1.09427989037,-47.6072051547
1.09622169635,-49.148577276
1.09657452348,-46.8279460708
1.09452622455,-48.2555150322
1.09740312709,-45.8608881414
1.10114568913,-72.12231222
1.09460545376,-29.7821196106
1.09106279876,-48.5846977543
1.09092214664,-47.5325375404
1.09550774632,-48.6017854209
1.09172393264,-47.646960648
1.09390098927,-47.6541391041
1.09616348303,-45.2702249432
1.10070835364,-72.6059855187
1.08910744859,-30.6948422095
1.09768457243,-48.3773099484
1.09155585199,-48.3251798185
1.08940903561,-48.0902754052
1.09302233682,-47.3015076318
1.09624899469,-47.4244033056
1.09447415253,-46.0492954264
1.10088993093,-72.1027521704
1.08971030854,-29.9886868499
1.09407751316,-49.3769147916
1.09396244915,-47.3162965851
1.09621520954,-49.3519351669
1.09559792494,-45.4185407051
1.09292022898,-47.6827860141
1.09641033286,-45.4621855346
1.1057094415,-72.453263335
1.08948675626,-30.065723077
1.09507172362,-48.8053580216
1.08837099203,-46.3153766363
1.0927991139,-49.2934254791
1.09427600103,-45.678359364
1.09623485073,-47.5541672746
1.08961907243,-45.118023363
1.09983691735,-72.0308405504
1.08580803049,-31.3392742089
1.09459869376,-48.4750943866
1.09445855215,-47.7722018759
1.094352495,-49.0985232869
1.09038248662,-46.1309738871
1.09254928424,-47.4631842248
1.09276865544,-45.4443620503
1.10039395255,-74.0748935044
1.08616799342,-30.6558202992
1.091813095,-49.6309852082
1.0940505205,-46.9178304518
1.09013987162,-49.6782311418
1.09076333715,-46.7546670362
1.09429214356,-48.1143125084
1.09846003281,-44.5726173643
1.10283302026,-72.2722020175
1.08708702527,-31.3041435236
1.09425981382,-48.2057657184
1.09122121381,-48.2138030483
1.09550482408,-49.1497248878
1.09044230327,-45.667662213
1.09504593984,-47.3817692806
1.09734332521,-44.542161202
1.10217311393,-72.0520957814
1.0914019259,-30.8402111428
1.09555779391,-47.8332664314
1.0903162854,-47.4420367109
1.09305606265,-49.1200216884
1.09044519347,-46.3794765814
1.09303924961,-47.833305937
1.09364736184,-45.517536851
1.10030734708,-72.1270636623
1.08614454586,-31.0419841405
1.09498195365,-49.7135671936
1.0938290251,-47.8823743355
1.09123006222,-49.4020444275
1.09062599277,-46.76045999
1.09241168696,-47.5995346413
1.08977550124,-45.5017700307
1.10036237877,-72.5452043967
1.08689557158,-30.5940589925
1.09453591325,-48.8151908778
1.09081062434,-48.8131337354
1.09209678357,-48.7883343437
1.08832264664,-47.6013602954
1.09188099763,-47.4800211471
1.09090561358,-46.3447321129
1.0995852039,-71.6934430624
1.08657693587,-30.3432337732
1.09134674698,-49.1638422661
1.09147113334,-48.2504048672
1.09477338401,-49.4805503167
1.08987796595,-46.5276517711
1.09499914736,-47.7571750569
1.08876440436,-45.5770669824
1.09594790799,-72.6280301898
1.08436804849,-30.4989436357
1.08979294329,-48.2353700643
1.09258202143,-46.2686902428
1.08842834614,-48.5294353411
1.0939619355,-45.412454557
1.0914011104,-47.5912462626
1.08828643758,-45.639164213
1.09647477491,-72.0713723468
1.08622775603,-29.8098942263
1.08960740739,-48.6457523732
1.09236294985,-46.7049617684
1.09603512558,-49.9513404916
1.09283978289,-46.4331880255
1.09794392795,-47.1244497086
1.09744543412,-46.202597314
1.10311221069,-71.8828273774
1.09371748716,-31.6888843258
1.09726535891,-48.5320487815
1.09248378361,-47.5053433014
1.09850200238,-49.3931795159
1.09272268031,-45.9946157977
1.09521015108,-47.8135321384
1.09585458099,-45.6589715046
1.10084312592,-72.5254158601
1.09423728811,-30.6529390433
1.0934208911,-50.2157003786
1.09228918437,-47.2796657756
1.09410307765,-48.1064284793
1.0942295674,-45.790162874
1.09649784693,-47.6518561207
1.0946386314,-45.9262904893
1.10239985919,-72.5431001038
1.08949727156,-31.2551775852
1.09393811161,-50.2087194458
1.09281433852,-47.9118451903
1.09847694141,-49.5563652024
1.09474845501,-46.1723619979
1.09560940312,-47.705177856
1.09492965396,-46.1412255544
1.10463772042,-72.5961642084
1.08782861782,-31.3926934733
1.09567855733,-48.8991258594
1.09580350266,-47.5326599287
1.09553096187,-49.0213384672
1.09307089577,-46.2033431361
1.09147461228,-47.2679852932
1.09686817735,-45.499187006
1.10206617765,-73.5312419921
1.08446974749,-31.1362515433
1.09121372067,-49.0526212386
1.09126172232,-47.2249835626
1.09214920997,-48.7847857591
1.08584986278,-46.5028497584
1.09218503453,-47.1485702775
1.09754068797,-46.4250354612
1.09592071016,-71.5995684092
1.08305707053,-31.0645436181
1.09043163379,-49.4424877412
1.09031082612,-47.4425606514
1.09139173582,-49.3824812975
1.08436704152,-46.7145132561
1.09014547216,-47.9468832
1.09061190968,-45.9994138906
1.09779064105,-71.7679306554
1.08323399566,-29.7041493889
1.09336201375,-49.2259299875
1.08934260057,-48.4597502059
1.08958759261,-49.4221347104
1.09042545485,-47.5352379521
1.08817862156,-47.6825848132
1.09086519263,-45.7425321222
1.0984614136,-72.2576095157
1.08472301987,-31.6374517445
1.08996555968,-48.6479079081
1.08726344884,-47.9837105275
1.0884093338,-49.6261788882
1.08749156942,-46.3589459539
1.08659781584,-47.4996061694
1.08885195817,-46.5951246394
1.09893052377,-73.2627218921
1.09001129392,-30.8994049447
1.08810597486,-48.6522823214
1.09019727708,-48.7087225297
1.09151765379,-49.4277110983
1.09386099002,-47.6031917026
1.08748640941,-46.9385151115
1.09018828652,-46.1770378186
1.0955902204,-72.3686769027
1.08522297923,-30.8674679858
1.08831716502,-48.7439856122
1.08567237317,-47.6895000046
1.08494584141,-49.6145806223
1.08599873877,-46.2949337
1.08958550318,-48.6529671743
1.08876591731,-45.3385007983
1.09473836876,-71.8363037783
1.08545320022,-30.8682940376
1.0890938477,-48.9800351043
1.08824528208,-47.6462570226
1.08685500627,-50.3878569639
1.08277318413,-46.0929459919
1.08907855445,-47.6435634533
1.09309340001,-45.6154178778
1.09638725083,-71.3576132245
1.08269475507,-30.3339460854
1.08915867934,-50.3858469121
1.08821050436,-47.7585630434
1.08710821968,-49.3314253965
1.08562151592,-46.1811568886
1.08537405839,-48.1042886633
1.09197872871,-46.0075359352
1.09593516175,-73.2204220942
1.08463864567,-31.2077000362
1.08461084933,-48.5518350889
1.08878620842,-47.4161307676
1.08913830984,-48.2097031465
1.08758481878,-46.4103814865
1.09026636363,-47.8874605658
1.08739892893,-46.0115067335
1.10243804908,-72.7206135185
1.08484471861,-30.4810184165
1.08859190162,-49.9876074062
1.086971095,-47.8832458986
1.09000267054,-50.0413039857
1.08508790065,-47.3066235056
1.09085544614,-47.3677490399
1.08670938177,-45.2756050173
1.09727717263,-73.0146013926
1.08180146347,-30.9910403464
1.08441650146,-48.8411446623
1.08646778894,-48.5681305619
1.0878511365,-50.7499035428
1.08737766842,-46.526721294
1.08760028723,-47.3616771342
1.08508488681,-46.0437730739
1.10064972711,-73.4812751831
1.0817541736,-30.8035940645
1.08672314964,-50.0453607671
1.08542804747,-47.7674126439
1.08692218761,-50.2181672919
1.08474806152,-46.3485473537
1.08678915638,-47.9537735354
1.08744580864,-45.5901055467
1.0959118677,-72.1793077485
1.08032947804,-31.1410414422
1.09098583771,-50.0383340813
1.08908713152,-49.3587502487
1.09255856848,-49.7333368581
1.08901625003,-47.471181552
1.08852494685,-48.7391737966
1.09338150618,-46.4028348807
1.09518342361,-73.8566625934
1.08398337085,-31.347409676
1.08720678696,-50.9293663837
1.08709467178,-48.1770147459
1.08528016121,-49.2901230663
1.08858716504,-46.9487050562
1.08746415388,-46.7628977491
1.09064165883,-45.6486145177
1.09812586844,-73.6060375974
1.08126785023,-31.5060736105
1.08735195963,-48.7012439062
1.08988433109,-48.7700884533
1.08752236363,-50.1153837948
1.08677336847,-47.5836925518
1.09134494373,-48.7083634242
1.08806541608,-46.9726219637
1.09417207246,-73.7076795206
1.08234450738,-31.3713975716
1.08946462289,-49.9085955875
1.08843049146,-47.5927551365
1.0922764541,-49.7964940428
1.0861201604,-47.0262557696
1.08746325849,-47.5037620392
1.08999353166,-46.9928054456
1.09364495606,-73.6946636248
1.07892749158,-31.8131781089
1.09289855781,-49.0137684779
1.08644507421,-48.6937411967
1.08778336815,-50.2823878246
1.0847115626,-46.6996036963
1.09031640161,-47.2866325839
1.08981904568,-45.7478359419
1.09390275342,-73.439211235
1.08464234976,-31.6014609291
1.08958230546,-49.4316326451
1.08763016993,-48.265869651
1.08823679637,-48.9896559367
1.08684659001,-47.0040389479
1.08848873013,-47.6751920744
1.09069559994,-45.8811729142
1.09923499786,-72.9956646362
1.08063771445,-31.6555446513
1.0885837935,-48.7782247072
1.08852885743,-46.8802259008
1.08745597353,-49.5259848395
1.08493833747,-47.0800748936
1.08953100841,-48.0165622542
1.08621227401,-45.5558990977
1.09530251235,-73.2813337188
1.0814387797,-30.5765685504
1.09017144388,-49.5090875554
1.08387124445,-50.6198876985
1.08818495324,-50.4766435734
1.08441234999,-47.4882863998
1.08661979498,-48.5654315108
1.09038139343,-46.0481028473
1.09550172467,-72.0530666563
1.07966162716,-31.1741486858
1.087611485,-49.4060243564
1.08435536479,-46.9924843193
1.09054190759,-49.7568286299
1.08427326697,-47.4620353901
1.08626602403,-47.6701509369
1.09099016746,-46.6222491935
1.09736738557,-72.8987827166
1.0845715469,-31.8044290696
1.08981648727,-49.9403508302
1.08837006068,-48.8569327028
1.08656253173,-50.0248070284
1.08901132541,-46.6361662768
1.08627656565,-49.1805100141
1.08453588407,-46.504130039
1.09507767445,-72.2803604629
1.08352654277,-31.908661985
1.08634240965,-48.9175803593
1.08567351249,-48.6268480088
1.08914013554,-50.5617596764
1.08481503568,-47.5943051922
1.08507009981,-47.4040502389
1.08952338484,-46.7361471774
1.09478999464,-71.6505482875
1.08215433159,-31.924587767
1.08769498008,-49.0024888758
1.08507383644,-48.37050803
1.0912887958,-49.2950465978
1.08486105072,-47.6307034524
1.08296189034,-48.8288051808
1.08944745069,-46.6661592162
1.09506718928,-73.7297776029
1.08152275608,-31.8386317088
1.08476834669,-50.1062600898
1.08997696936,-49.35267685
1.09422073394,-49.6741761181
1.08685213902,-48.7024392642
1.09125024331,-48.8829193326
1.08847339648,-46.9753731397
1.09328062905,-73.3863632993
1.07882256035,-31.1813105411
1.09232483367,-49.3073057063
1.08576250176,-48.4431066322
1.08642706438,-50.2018782519
1.08551969751,-46.8956543386
1.09017032455,-48.524884086
1.08436576065,-47.017600901
1.09472132031,-73.8227846706
1.08125844088,-32.2968748624
1.08804191736,-49.5418458094
1.08374765242,-48.2073039287
1.08683505257,-49.7996162309
1.08271175387,-48.2054315612
1.0860137671,-48.9740421028
1.08786911006,-46.4133205075
1.09142645305,-73.1653868154
1.08178299168,-31.5489720204
1.08707298694,-48.4186218862
1.08416130543,-47.6228781761
1.08616337512,-49.6615765891
1.08367637266,-47.248091904
1.08550561194,-47.6567848778
1.08418685345,-46.6190957657
1.09463080328,-73.0426395969
1.08202246704,-30.6512214923
1.08296755652,-49.7152018769
1.08465711116,-48.8708025529
1.08724561728,-50.9066915395
1.08361429603,-48.2216706954
1.08602369252,-47.7851705854
1.08478096471,-46.9059990424
1.09300835315,-72.5542397268
1.07883585433,-32.0774090601
1.0881815009,-49.5290621181
1.08375655788,-48.5966297068
1.08725977355,-49.1986167243
1.08866791236,-47.6148676369
1.08335249886,-48.2547804939
1.08988302015,-45.4411885787
1.09248135053,-73.0599625935
1.07875681418,-31.8194924932
1.08664030644,-49.6237505713
1.0843237456,-47.9912113785
1.08333653923,-50.2985228935
1.07967745426,-47.4102462582
1.08353234128,-48.6689971462
1.08470090382,-46.1543960403
1.09255768823,-72.3963182446
1.08320921903,-31.7784061812
1.08418935533,-48.7406709244
1.08730371346,-48.0896436325
1.0849133886,-48.7887193088
1.07829688707,-47.588968245
1.0847712019,-47.8050405167
1.08472136245,-46.2774351634
1.09312156627,-73.417477081
1.07804334766,-31.4115807837
1.08316614151,-49.2411933088
1.08432820306,-49.2989611074
1.08082646262,-49.435320464
1.08400730995,-46.9189590505
1.08231359411,-48.7428044765
1.08129211744,-46.7737723376
1.09678546773,-72.3662348251
1.07648436353,-32.4394711559
1.07960254838,-50.2869335206
1.08368702402,-48.7893115131
1.08332948008,-49.7025328893
1.08133624524,-46.8433685954
1.08864350204,-47.4802429078
1.08257566171,-45.5372578291
1.09315096937,-72.9764569656
1.08016968381,-32.0283907003
1.08606367652,-49.2216912649
1.08720410609,-48.5752633475
1.08274447255,-48.9129373124
1.0818355273,-47.0345565542
1.08696710783,-47.3203521441
1.08356694135,-46.0090489386
1.08925284475,-72.60851036
1.08363856511,-30.8693564854
1.08311180787,-49.7085952985
1.0793584774,-48.422329695
1.08485923734,-49.6891733831
1.0799986939,-47.8170376055
1.08536530116,-49.3299244627
1.08944446468,-46.200448265
1.09652457757,-73.1193473629
1.07618354432,-32.0058865186
1.08639582883,-50.9554464176
1.08028927911,-48.7284610454
1.08124727095,-50.2725584475
1.08153731637,-47.3076218462
1.08387863744,-49.2618532941
1.08470901968,-46.2837692803
1.09100368533,-72.0716677099
1.07603514917,-31.3425770763
1.080952316,-49.992882367
1.08170637829,-47.8254031345
1.08629098241,-49.709497682
1.08023372473,-47.0799230462
1.08745040699,-48.448942074
1.08461400488,-46.641920871
1.09271566405,-72.7053187458
1.0781055212,-31.3035856507
1.08583764393,-50.6417198221
1.08176144605,-48.6519446316
1.08048160543,-49.9141774391
1.07945777318,-47.0799799363
1.08370334579,-47.8669759588
1.08218643243,-47.0990209239
1.09397649641,-72.0653993179
1.07642602437,-32.1525138001
1.08680184326,-50.2799826239
1.08206872735,-47.9855850905
1.08297172281,-51.0890159024
1.07784157464,-48.7055634837
1.08301807118,-47.8872407246
1.08195303411,-46.2684666499
1.09098434662,-72.950210087
1.07989296162,-29.8154535953
1.08170253882,-50.7402802405
1.08183177232,-47.4165243892
1.08401172488,-49.4947788244
1.08254539184,-46.8362335866
1.08554593191,-47.9823231125
1.08098673892,-46.4021503461
1.09217335719,-74.0418082138
1.07747771938,-31.9731404687
1.08146881056,-49.2323617346
1.08048757623,-48.9389715334
1.08334738588,-50.052755638
1.07845521952,-48.056938885
1.08036692059,-47.515735677
1.08040908834,-47.0019248185
1.08964322757,-71.5809295971
1.0770547027,-31.4116539114
1.07980335817,-49.7363011775
1.07798786382,-49.4183295937
1.08356537339,-50.2758206715
1.07854165206,-49.0391949932
1.07788270131,-49.6212915542
1.07917537029,-46.373371121
1.09248034352,-72.3473569315
1.07566155292,-32.3508684648
1.07776581376,-50.1169457819
1.08004106503,-48.702217365
1.08306355215,-49.241289687
1.0795481057,-47.7149900112
1.08012897098,-47.7734782559
1.08383767426,-46.1600184746
1.08814809112,-72.9439757518
1.07330521558,-31.5375128015
1.07758345426,-50.1698145667
1.08160764158,-48.559604769
1.08235560177,-49.7999822499
1.08152256422,-48.674496998
1.07889955005,-48.4829997926
1.08060794794,-46.9170251211
1.08944569489,-73.8809157157
1.07628224672,-30.844523846
1.08460531925,-49.3236453431
1.0817554731,-48.3463635003
1.08109646363,-49.8596952753
1.07854190578,-46.9055280552
1.08265379059,-49.165597546
1.08382148895,-47.0064824491
1.08827462194,-73.8745110085
1.07679070568,-32.0572422482
1.08290422591,-49.0072659149
1.08463980474,-48.9498420251
1.08598107556,-50.0373037429
1.07917401629,-47.9347531162
1.08581831521,-49.3389345583
1.08155468863,-47.5863812039
1.08923129184,-73.3115909073
1.07398867868,-32.8508935588
1.08720231361,-49.5777962184
1.08383664928,-48.4160150569
1.08714601775,-49.5731266245
1.0862428609,-47.5127233093
1.08665003406,-48.6162318521
1.0842552624,-47.4651794523
1.09531414488,-72.2356499932
1.07604953621,-32.1714500981
1.08173895323,-49.2831616558
1.08216016594,-48.2847257739
1.08022035171,-50.126212189
1.08702195971,-48.1829319157
1.08367793794,-48.0924981763
1.08652701748,-46.8688168143
1.09322627405,-72.4721539483
1.08184293566,-31.8797589748
1.08368476267,-50.2552231889
1.07971835066,-48.6606456763
1.085016545,-50.199382729
1.0813797386,-47.747746941
1.0883587795,-48.4254722343
1.08343923416,-46.9322446
1.09034429346,-74.4157692729
1.07603214265,-33.1252976518
1.08292728686,-49.9192150905
1.08168321068,-49.0074447436
1.08477294642,-50.4092949646
1.07932532102,-47.574208081
1.08494666617,-49.2478243027
1.08100094653,-46.7177574712
1.08873996853,-74.140440199
1.08325935373,-30.8855083697
1.08339154527,-50.7737560741
1.08238872868,-48.1184973439
1.08307624847,-49.5963744059
1.08558681316,-47.3441976738
1.08704684823,-47.9450046754
1.08505609733,-47.4907039333
1.09619159318,-73.6156633318
1.07638837715,-32.0218099915
1.08500742183,-51.1931793086
1.0794481868,-49.8126839428
1.08109118495,-49.4354335444
1.08115649975,-46.9719119888
1.08107405352,-48.9966568169
1.08279216384,-46.7950028415
1.09011816626,-73.1305188017
1.07677579302,-31.7872632767
1.08475999153,-49.1678095932
1.08327257002,-48.7937248464
1.08431064759,-49.7182896188
1.08365589199,-48.1841771232
1.08589232201,-49.1760069122
1.07943917897,-47.0879223207
1.0904956775,-74.2798494624
1.07781403628,-31.2746989645
1.08217779836,-50.7010429693
1.08004576753,-48.5623202763
1.08322500183,-50.7187361286
1.08379089894,-49.3138583087
1.08512966468,-50.3195381363
1.08480899866,-47.4396110548
1.09327424281,-73.9166983827
1.07905875463,-32.2208623915
1.07911320925,-50.9540044032
1.08887265073,-48.4866328057
1.08499275821,-51.4227894858
1.08216768581,-47.3151478015
1.08230615246,-49.0711089422
1.08313563171,-46.4122848322
1.0931402209,-73.6221379312
1.08258419051,-32.7424278779
1.08736383342,-50.6713750236
1.08471115577,-48.7678165449
1.08187990866,-50.2893127909
1.08145592563,-47.4993527788
1.08399752765,-48.4280194011
1.07961744511,-46.501494613
1.08904473424,-74.6709083598
1.07616405526,-32.4225764502
1.07963615238,-50.5602791545
1.0842486136,-48.7222504165
1.07800623503,-50.4174383238
1.07738401894,-46.7717473072
1.0803341454,-49.8990810886
1.0850737808,-46.2510662003
1.09705423081,-74.2516936763
1.07835305058,-31.4022269718
1.08091285012,-50.9308210351
1.08119972297,-49.4051795244
1.08396148716,-50.399725953
1.08017653952,-47.7991224381
1.08320738379,-48.9670573308
1.08115710986,-46.4123354059
1.08934622289,-74.0435665332
1.07942144944,-31.9608941605
1.08265483397,-50.9310589744
1.07772055292,-49.3938877146
1.08091498888,-50.334978966
1.0797198902,-48.4227709997
1.08048649829,-49.5512767084
1.07986456134,-47.4098797578
1.08642349266,-73.1383879859
1.07771775269,-31.9929923213
1.08073337107,-50.8976102535
1.08040061914,-48.6497581967
1.07939188714,-51.1586290209
1.08231723826,-47.1640205055
1.08058859695,-48.5723208211
1.08160253619,-46.7925992011
1.0891206066,-72.3156968188
1.07656932411,-33.1205221789
1.08567228941,-49.9000358009
1.08139156933,-48.5031925324
1.08371379897,-49.5909754424
1.08118083937,-46.6007608243
1.08157400084,-48.4528761095
1.08185612584,-46.8590679295
1.08980623854,-72.804980745
1.07645263929,-33.0151046902
1.08172245096,-49.2251026684
1.08277409316,-48.3709802315
1.085478232,-50.3587610458
1.07549252228,-48.3671117897
1.07818722172,-48.2984827417
1.07718317448,-46.4335771819
1.08393824113,-72.8285538646
1.07183289494,-31.7254630145
1.07711917049,-49.9301999275
1.07590399455,-48.6392992968
1.08206968462,-50.1265059187
1.07649376974,-48.5884455137
1.07949130915,-48.8352232207
1.07685619024,-47.904067728
1.08473197789,-73.211203329
1.06934725839,-32.3155774475
1.07952660113,-50.5730438906
1.07652846066,-49.6691832859
1.07577528532,-50.4699677118
1.07621806086,-47.062226657
1.07844943415,-49.6400437246
1.07796899819,-46.5631166903
1.08525087113,-74.0435406015
1.07296006745,-32.4789904305
1.08140530614,-51.985590614
1.07860733331,-49.9745269553
1.07918937299,-50.7415308908
1.08260470045,-48.1363382681
1.0793473607,-49.4449412746
1.0824957124,-47.631383318
1.08838418732,-73.978791125
1.07296476836,-32.2100368186
1.08017664324,-49.9860252043
1.07722073498,-48.5896044814
1.07939448074,-50.4972922709
1.07709578411,-47.6784882008
1.07902739688,-49.484434152
1.07622955624,-46.8274595539
1.08462719517,-74.182081742
1.07235599175,-33.1395529062
1.0759491224,-50.9478517184
1.07696963105,-48.7859590034
1.08302767225,-50.5875687702
1.08135643179,-48.169960348
1.07982771957,-48.932965286
1.07837046715,-46.8396880999
1.0849395641,-73.4872147236
1.07544726669,-32.7154678757
1.08038306477,-51.2011205619
1.07719493331,-48.4876083371
1.07873499533,-50.541924315
1.07659049044,-46.879602631
1.07812519643,-49.1921919107
1.07816036585,-47.3354774263
1.08776760231,-72.7137809462
1.07671925409,-32.1835978093
1.0770279282,-49.511197641
1.07748434263,-47.7054006061
1.08314036803,-51.2234596934
1.0755584231,-47.8527720567
1.07492596102,-50.2842601901
1.07800187565,-47.7869339214
1.08060538121,-73.9679551684
1.07270358315,-31.271119661
1.08152488809,-50.922415208
1.07926977645,-48.4390451405
1.07805354505,-51.0657080939
1.07594799383,-48.6789486266
1.08007083384,-48.7319674254
1.07769620693,-49.0156957765
1.08662444991,-74.1709492727
1.07216974,-33.2477611725
1.07932968331,-50.3284926575
1.07480934832,-49.5639102595
1.07863859755,-51.4690130192
1.0754582685,-47.0748139205
1.07831430769,-49.4192793652
1.0835460462,-46.4984705476
1.08678736834,-74.2748081759
1.07244579804,-32.778102268
1.08074264972,-50.3773542232
1.07713831909,-47.9894914156
1.07964593709,-50.8818842359
1.0789853531,-47.8268834453
1.07772504975,-48.740607777
1.08053228086,-46.9311874401
1.08554129551,-73.6713698432
1.07455812207,-31.9586538955
1.07510756134,-50.7127247609
1.07698292936,-48.8711795421
1.07984701117,-51.5574838707
1.08004368862,-47.4336236002
1.08066032358,-49.828321705
1.08083831588,-47.2919934652
1.08539111054,-74.375737411
1.0755619035,-32.6130426519
1.07747212739,-51.2048951413
1.07569996695,-48.1505378779
1.07626781046,-50.3254274169
1.07612951957,-48.3839425557
1.08233724442,-49.5946734272
1.0786335441,-47.4704549217
1.08608075911,-73.5144193833
1.07038033802,-31.9607543153
1.07707585227,-50.4891651874
1.07825978471,-49.627874193
1.07775656304,-51.0330782433
1.07875181481,-47.7996430346
1.07768539717,-49.1682015219
1.07802865111,-46.9353405402
1.0855996677,-74.1944876814
1.07776956698,-32.1708431778
1.08050165681,-50.7432707887
1.07409540686,-49.2923247788
1.08619661618,-50.5977239379
1.07949098894,-47.6874624065
1.0810412927,-48.356289912
1.07512131879,-48.0101093654
1.08835312961,-74.0425839719
1.07345518265,-31.6228235082
1.08071144165,-50.9856835459
1.07379783526,-49.4835980648
1.07788020345,-49.9028016178
1.08276863623,-49.0113173293
1.07722098554,-50.2557795802
1.07784750899,-47.1155207122
1.08647039064,-74.7249437025
1.07545957689,-32.9188995028
1.07817529947,-51.6793080328
1.07913781674,-49.548665569
1.08245308278,-51.0474579798
1.07794347905,-48.7795026674
1.08029967016,-49.8600746821
1.07922030017,-47.8549812868
1.091079563,-73.3667380303
1.07477424695,-31.9353490156
1.0788604204,-51.5390878414
1.07577058941,-49.1965528941
1.08152237481,-51.1712084329
1.07878514966,-47.9169448057
1.0772021165,-48.741445642
1.07792298618,-47.4411032377
1.08673549966,-74.8470417889
1.07343654429,-32.5088110774
1.08294327196,-51.3232462517
1.07590216288,-48.7072997704
1.08098924037,-51.1096265713
1.07943579135,-48.3202833238
1.08304818573,-48.3561936529
1.07939796534,-47.5482958298
1.08716238183,-73.2248410931
1.07405011232,-32.6693230993
1.07882856971,-50.5370941447
1.08030553832,-49.9496004516
1.08045667031,-51.7635032869
1.07504291488,-48.3649380847
1.07958543872,-49.0924198689
1.08067875447,-47.8738638941
1.08497547324,-74.268696797
1.07664814011,-32.5077443724
1.07990286387,-50.9393626035
1.08113561385,-49.3515166586
1.08013041572,-51.0367951667
1.07588300008,-48.4912182038
1.07834828028,-49.5281930283
1.08052786047,-48.1846529222
1.08601896358,-74.4098982109
1.07070098028,-33.9289823654
1.07789194111,-50.8422652678
1.07558825136,-49.4927433333
1.07931321402,-50.1548506848
1.07670747719,-48.8589354614
1.07871789395,-49.8026520481
1.07884524894,-48.0623786553
1.0848163131,-72.9949605185
1.07426402642,-32.6775623391
1.07874134532,-49.6647362814
1.07701365469,-49.3179859272
1.08206833551,-51.5318530601
1.07865040374,-49.1092347931
1.07750251126,-48.4882196874
1.08153710885,-47.8411690267
1.08368200771,-73.9982989302
1.07926613179,-32.0837453489
1.07840942726,-51.4388061658
1.07482882079,-50.2470399953
1.08157621348,-51.4102392018
1.07918766135,-48.6286284245
1.07928779387,-49.5745857447
1.07622364905,-47.099926522
1.08480744983,-74.126353995
1.07575097546,-32.4865748234
1.08017096355,-52.0644511124
1.0764892174,-49.133327579
1.07713234724,-51.4719910492
1.07761949899,-48.3513043331
1.07817817344,-49.5842586944
1.07724870026,-47.6428065105
1.08716595563,-74.0126824157
1.0722247241,-32.495760614
1.07753062173,-50.6072988416
1.07649307546,-48.6778866979
1.07760908016,-51.4175495457
1.07551078264,-48.9478268938
1.07772113506,-50.4648966154
1.07526896171,-48.9138184137
1.0837137776,-75.2766493063
1.07204231008,-33.2635694985
1.08107405577,-50.9799906027
1.07622304796,-49.5370567556
1.07715908361,-50.5322911828
1.07864070365,-48.1435790577
1.07903817943,-49.0017625236
1.07254248526,-48.6339183227
1.08396051801,-73.2190975681
1.07491430523,-33.0460155912
1.07789744461,-50.8735501606
1.0748274679,-49.5131300755
1.08296143853,-51.0258579974
1.07899852029,-47.9482606106
1.07614207289,-49.898019053
1.07725015439,-48.6813867696
1.08401532651,-74.6869017843
1.0712801812,-33.0928793203
1.07577204923,-51.1147391017
1.07533135964,-50.3744054361
1.0765335681,-50.9014955712
1.07417264031,-49.1044660654
1.07898614399,-49.5587238827
1.07767261167,-47.7076526174
1.08611160965,-74.1415932381
1.07582326054,-31.892328646
1.07715655339,-50.3450993185
1.07786588967,-48.8827353671
1.07602717834,-49.6443425969
1.07887522683,-48.0655975318
1.07455018794,-50.5184969939
1.07567203469,-47.9685330479
1.08318854627,-74.1980841825
1.06997817505,-31.7868156287
1.07800721949,-50.1436403958
1.07628108044,-49.6514815236
1.07730862845,-50.0229861647
1.07553662668,-48.4323988128
1.07654025342,-48.6238158212
1.07753490112,-46.9058498493
1.09109910715,-73.6685568896
1.07010554933,-32.7307762047
1.07589543752,-51.3266541783
1.0792368547,-49.0529126743
1.07462421471,-51.7852710121
1.07345324794,-47.7608686589
1.07762029859,-50.3718047082
1.07838886223,-47.9460033232
1.08106322389,-72.7910579191
1.07067434866,-32.4875439067
1.07656300639,-51.2934625864
1.07973081338,-49.9105550238
1.07507916369,-50.7622921646
1.07624527403,-48.4334598761
1.07962549117,-49.4070868262
1.0780653408,-47.9752483398
1.08621097998,-74.0511302555
1.07098525014,-32.824095665
1.0761380089,-50.9739108441
1.07656410185,-48.7084665878
1.0720353762,-51.3226240601
1.07878986577,-49.2958463358
1.07461361377,-49.5778745599
1.07931825554,-47.5597332103
1.08253514693,-74.4632990521
1.06949537729,-32.2188887125
1.07065644134,-51.1518181617
1.07490162743,-49.5206850824
1.07527370351,-51.7213408889
1.07254238349,-48.6700080698
1.07811773967,-49.4969487878
1.07943419202,-48.0934586731
1.08041088431,-74.0536152849
1.06968506116,-32.9192398391
1.0800106801,-51.4244280304
1.07961253904,-49.2967942941
1.07572857473,-51.5274733266
1.07422970282,-47.9795138162
1.0777617338,-49.0277521441
1.07242969448,-48.9337484858
1.08471140745,-73.8226167944
1.06983007097,-32.8226469917
1.07159066335,-52.0232339964
1.07444828005,-49.491865896
1.07465600493,-51.6135857609
1.07217715494,-48.826477169
1.07340693889,-50.1213690066
1.07497906463,-46.7368871772
1.07983224854,-74.694362669
1.06715520791,-32.7913318001
1.07134732695,-51.6642837083
1.07199374054,-50.0193165761
1.07271140764,-51.3696415329
1.07199007925,-48.2471568762
1.07257214308,-50.0955678194
1.07375420815,-47.5661931207
1.0772229408,-73.7214963575
1.06553467986,-31.9733418566
1.07521514186,-51.2034187479
1.07301540072,-49.2780157191
1.06976009122,-52.8367459619
1.0730999672,-48.5542753179
1.07590481059,-51.0481045849
1.07027012403,-46.4677706416
1.08123484526,-73.2790167056
1.07169282744,-32.2689038544
1.07180421369,-51.4046896204
1.0744579042,-50.374035281
1.07236870579,-51.1882819084
1.06854394392,-47.7622102054
1.07118212678,-49.5177067317
1.07364464611,-47.5853371336
1.08233649924,-72.5136623052
1.06553260688,-33.2472528155
1.070378279,-50.0372586372
1.07179211035,-49.7483592431
1.07270062452,-51.356918561
1.0703323979,-48.5061842006
1.07073218771,-50.4512299274
1.06947908543,-46.8207964562
1.07389893053,-74.499375525
1.06448512551,-32.6766445711
1.07435112204,-50.5972344192
1.06915116922,-48.7494181249
1.07140872681,-50.9196153719
1.06942602952,-49.738841946
1.06966109285,-50.603001056
1.06989651264,-48.9100638904
1.0769864815,-73.9738363118
1.06388278097,-33.5734097538
1.07002916221,-51.1123187954
1.06917771741,-49.7590292829
1.07192524538,-52.0624480027
1.06598813627,-49.0159789738
1.07157822387,-49.166648926
1.06951572723,-49.2611311988
1.07958456942,-74.0047110046
1.05990385305,-33.7532425389
1.07019799071,-51.2433963502
1.07109344616,-50.3190201038
1.07367341372,-52.7366882233
1.06784123737,-48.9452718986
1.0724163144,-50.423126392
1.07038020168,-47.2457558191
1.07702872474,-73.9620258984
1.06746916488,-33.5663966962
1.06721826584,-49.3777883425
1.06717834677,-49.8506157302
1.07017362823,-50.449736179
1.0636967107,-48.4986526663
1.07060168398,-50.1798393044
1.0661889911,-48.5759975242
1.07863803902,-74.434193363
1.06579669514,-33.565051139
1.067662008,-50.6366519406
1.0675080347,-49.3355045774
1.06828134998,-50.7567781429
1.06946256441,-48.4449978472
1.06833192237,-49.706248228
1.07099278709,-48.2566231568
1.07861173139,-72.9565077378
1.06476658084,-32.370777133
1.07011774098,-50.18832518
1.07048873009,-49.4386655687
1.0707225497,-50.922641128
1.06585266545,-48.0320243223
1.06895662317,-50.3098693408
1.06872190631,-47.3751897622
1.07861546397,-74.0589931663
1.06445559584,-33.4676629911
1.06875157215,-50.7612417586
1.06727221741,-50.1736917845
1.07058542086,-51.2279293574
1.06997451789,-47.8418988654
1.06877270623,-50.5764090408
1.06893031366,-48.0725648699
1.07919631264,-74.2391597384
1.07189478916,-33.0327474234
1.06532958708,-50.6327616193
1.07386504886,-49.2496411876
1.07143242092,-51.3003162504
1.06839705161,-47.7277193287
1.07333564564,-49.7541440742
1.06920121069,-48.7863104413
1.08264319306,-72.8092070589
1.06970323477,-33.1435203507
1.06910315206,-50.7751687142
1.07221517684,-49.1739094643
1.06966707538,-51.3075426939
1.07079816711,-49.2119143838
1.0714595,-49.4085898739
1.07250844024,-48.7487747494
1.07704355183,-73.75850968
1.06440926387,-32.9501185186
1.07129625817,-51.8064915534
1.07316139586,-50.6659229612
1.07049117042,-52.2780299155
1.07186405081,-49.1368663142
1.07207663008,-50.192616331
1.06810166913,-47.2141672632
1.08034576959,-73.900689625
1.06785535587,-33.4141624144
1.06763307519,-51.8106955994
1.06638014241,-49.7862042245
1.0694786916,-51.5400601562
1.068645434,-49.2067913787
1.0695663707,-49.7179430106
1.07302989814,-48.825556249
1.07856152787,-74.2602388609
1.06533737696,-33.9323989868
1.07023978187,-51.1197621267
1.0687659465,-50.2432768929
1.07196821818,-50.5990284053
1.0712908709,-49.7357522072
1.07166300971,-50.3659199656
1.06676808715,-48.261057384
1.082362114,-73.7967870809
1.06955872686,-33.3427526358
1.07064869128,-51.1744544386
1.06943027506,-49.6130836897
1.07241866739,-51.0542585551
1.07153836851,-49.9910973073
1.07522988489,-49.6991934632
1.06896136742,-48.8278374398
1.08513686158,-73.5458893218
1.06601188639,-33.729077165
1.06904122529,-51.5362849711
1.06912703472,-50.2561044681
1.06755704758,-51.1455871356
1.06531799677,-49.2806402951
1.07345856416,-49.7151817185
1.07132513476,-48.7109828873
1.07654471068,-74.7170368566
1.06556222447,-32.8915767001
1.07418712023,-52.3230324295
1.07324606158,-49.338002764
1.07111540983,-52.20860739
1.07086724039,-47.3986584546
1.07284705205,-51.0132150513
1.07005389018,-49.0565405565
1.07422774823,-74.4970630204
1.06622403747,-33.4283215113
1.07083057985,-52.8216017568
1.07227394634,-49.8987670865
1.07190516877,-52.2344615849
1.07107308647,-50.022327324
1.07351165356,-49.8947216293
1.0676226291,-49.3412479052
1.0755326667,-74.1962779215
1.06808749373,-33.5506982014
1.07273179212,-51.6670587296
1.07235102153,-50.5625742116
1.07290919635,-51.4063807966
1.06794819502,-49.0517902879
1.07012037799,-49.5534780543
1.07464160427,-49.4768336166
1.0801105564,-74.2961612694
1.06564512602,-34.0398869494
1.07128939653,-52.6505331839
1.0692086212,-50.5280253122
1.06887323075,-52.7222963206
1.06866109145,-50.3126479324
1.06915974102,-50.38168479
1.0713725971,-49.3646464532
1.07651757642,-74.0784683847
1.06362424135,-35.4716558956
1.07166349457,-51.6185929875
1.06965340761,-50.1874403129
1.07088196973,-50.5917636412
1.07106259792,-48.982230741
1.07262053291,-49.6057869924
1.0710912746,-47.7744605231
1.08225847368,-74.5354067625
1.06842069408,-33.7898007915
1.07386961569,-51.082853589
1.07651874454,-50.7333321477
1.07145474716,-52.7176021792
1.0727481152,-49.160568897
1.07407012106,-50.3500651782
1.07514169698,-49.1980448666
1.07718543005,-74.9873579679
1.07142138285,-33.2646628041
1.0734697033,-51.5138468277
1.07280822453,-49.4346882168
1.0706763316,-51.4867676962
1.07416826897,-49.4122203302
1.07500514203,-49.5222466819
1.07410374242,-48.5578813515
1.08611623691,-74.2402727713
1.07086108378,-34.0852987575
1.07194326403,-50.917394536
1.07305747138,-50.4306191425
1.07408710276,-52.2252928206
1.07188852229,-49.9704950076
1.07615410624,-49.9027589304
1.07331324745,-49.1399439473
1.08303484519,-74.0383683705
1.0689335138,-33.8774920522
1.07086112421,-52.379237388
1.07452919494,-50.8020856519
1.07175621182,-51.5651222527
1.07107692742,-48.8281184835
1.06782318265,-49.3989563382
1.07199844177,-49.6861724755
1.079051219,-73.7970470099
1.06422393385,-33.6041988502
1.07083077409,-51.1334843607
1.07080267356,-50.8218459268
1.07224654161,-52.8324925146
1.06678614812,-49.8320059894
1.06976690817,-51.4297640433
1.06927532508,-48.8792078619
1.07818936634,-74.7610127105
1.06605354319,-34.0766728348
1.0731731977,-52.2424840667
1.06982181424,-49.8165793197
1.06975749772,-51.240987559
1.06877632236,-49.4534286361
1.0705279839,-49.8282604534
1.07140444193,-49.056325088
1.07765912566,-74.5240657287
1.06618742668,-34.1636702339
1.0713948587,-53.1033583919
1.07190797229,-50.1267196158
1.07269507762,-52.7075929675
1.0698948328,-49.7802950214
1.07334729387,-50.7024896851
1.07486305487,-48.5363704299
1.07914318703,-75.5540429215
1.06734688928,-33.1398297963
1.07100982617,-52.4499993137
1.07437463649,-50.385515037
1.07338263369,-51.8621511831
1.07237640052,-50.0854733709
1.07405983149,-50.2242909935
1.07458822054,-48.6597938833
1.08273579771,-74.6607968118
1.06553467353,-33.8774360244
1.07472806472,-51.5606563144
1.0710726503,-50.8664895795
1.0757113935,-51.4332041044
1.07148547419,-49.1109438709
1.07314940608,-51.2818538558
1.07869964282,-48.683264034
1.08160195623,-75.2242672182
1.06820634019,-34.5690779888
1.07287451783,-52.2192244908
1.07209749954,-50.0156563335
1.07300521033,-51.4965970239
1.07388744711,-50.0034974331
1.07527593074,-50.1140245145
1.07686099514,-48.5611098621
1.08592216607,-74.6123169056
1.06752921793,-34.0011622427
1.07173102508,-51.9046179786
1.07171453187,-50.9150601599
1.07576006084,-53.2753122984
1.07919774107,-49.2432028544
1.07372764429,-51.2364681393
1.07541387708,-48.9512927765
1.0833774519,-75.9220043739
1.07093756374,-35.1585925426
1.07320809476,-51.8873735571
1.07545410245,-50.3774298315
1.07830247506,-50.8021449974
1.07511278372,-50.1062536894
1.07565377516,-50.8527684446
1.07512617903,-48.6435516434
1.08462130664,-75.2431642032
1.07002457188,-34.3942440704
1.07693025388,-52.7283596186
1.08006546649,-50.8472520151
1.08238093298,-52.6661341263
1.07727696869,-49.2552840095
1.07924422431,-51.3320745203
1.0768765859,-49.020282028
1.08526919512,-74.9993230514
1.07552773995,-34.1054712747
1.0813666248,-52.8599313804
1.07824091453,-50.9746046544
1.08005916583,-52.7780428155
1.07629745413,-49.8685087928
1.08060562388,-51.8532479691
1.0814471698,-49.2409351354
1.08694170749,-75.6435233841
1.07528829459,-33.9620309196
1.07687407232,-53.3029919598
1.07447103805,-51.3934217643
1.077212909,-51.8706076534
1.07505897498,-50.3807741825
1.07884195733,-51.8692554703
1.07887099514,-49.3061517548
1.08556284885,-76.9573275394
1.07312833434,-34.1607215187
1.0803864757,-53.2708393626
1.07542655028,-51.3000126594
1.08103281102,-52.7145197346
1.07894248284,-50.1043623678
1.07986796384,-51.2580267939
1.08252178927,-49.5789933144
1.08623512149,-74.887677683
1.07676716203,-33.6283186819
1.08305652257,-52.2592704606
1.07952751874,-52.019062261
1.08008001786,-53.4574560491
1.0790575013,-49.8568270586
1.08008582273,-50.7370450476
1.07827772345,-49.6318185599
1.08754976031,-76.4131419389
1.07588271403,-34.4413122454
1.07785283918,-54.2585371545
1.07989942555,-50.9424365786
1.07962752011,-53.2959435123
1.08090948746,-51.3990475997
1.08410784716,-50.775819626
1.08160307735,-50.500287137
1.08773913258,-73.9384664836
1.07217443773,-36.8392051202
1.07905415349,-52.4932959121
1.08016712866,-50.9517086204
1.08002812911,-52.3084545177
1.0805617306,-50.7275453782
1.08090170135,-51.6103683365
1.08102704591,-50.5397158499
1.09044211343,-76.0398260395
1.07818114765,-34.7723120534
1.07962409976,-53.4201315153
1.07844366148,-51.6773158689
1.08197626418,-52.9383464432
1.08072509394,-49.2584388744
1.08199358119,-52.0997553189
1.08433038166,-50.6309874764
1.09003463263,-75.3496659088
1.07623054198,-33.3063074508
1.0854906385,-53.3852909633
1.07967875044,-51.6430790064
1.07934425044,-52.4636603747
1.07834647624,-49.7260220811
1.08136994117,-50.6322831329
1.08144867962,-49.5356005268
1.08686595179,-75.1479782879
1.07247286361,-35.0281399313
1.08116628056,-51.8564133146
1.07768572838,-51.7471916307
1.08334912826,-51.4331095499
1.07918416349,-51.1275557814
1.08434434122,-51.1829561965
1.07826566937,-49.3791043546
1.09207107385,-75.975327434
1.07801858452,-34.3320456276
1.08215186025,-54.2053927572
1.08025724828,-50.8973816265
1.08016503968,-52.6635836611
1.08551346558,-49.7623826583
1.07939086126,-50.5128008596
1.08255789237,-48.2889259675
1.09154803356,-76.0601391077
1.07718269461,-33.9497734041
1.08484777887,-52.5502106306
1.08772424595,-51.0595805965
1.08359707683,-53.4535745414
1.08575742883,-48.7203827697
1.08451901624,-51.8234228904
1.08405270333,-49.6511612099
1.09631941307,-77.8146753637
1.08199368363,-33.8106474447
1.08388962924,-53.0176183189
1.08562156205,-51.5492525036
1.08641992052,-53.0818532305
1.08123955889,-51.0697479677
1.08641890291,-52.9985110973
1.08411331692,-49.7047327437
1.09708705107,-79.46824794
1.07967958722,-33.5101882202
1.08988306399,-54.3804573309
1.0896998121,-53.1246544569
1.08507257515,-54.5483192752
1.08364562005,-51.4940503009
1.08646758314,-53.2147042474
1.09172754821,-52.0091981353
1.09669243956,-79.2478709926
1.07857552218,-34.5379247704
1.08311829831,-55.6391525353
1.08581031094,-54.0431214945
1.08292213539,-56.141738479
1.08554713093,-53.3090846831
1.0896472991,-54.4827202569
1.08829135784,-52.4689203554
1.09030510904,-80.1703580396
1.08520993633,-34.3832647138
1.08574879959,-56.113882785
1.08544807394,-54.9814164621
1.0861289703,-56.5813734553
1.0834528007,-52.7756966575
1.08873083594,-54.3908480677
1.08347559821,-52.8975399156
1.0911101358,-78.3427264159
1.08129072587,-34.7877498459
1.08567863494,-55.2981175387
1.08980960131,-53.8452903624
1.08994515678,-56.200125505
1.09043509193,-53.6888868487
1.0886296327,-55.2967901388
1.08616934206,-52.0674028395
1.09708897676,-79.7747570111
1.0849556044,-35.4260276722
1.0863390322,-56.1870752031
1.08310997296,-54.6555491983
1.08702184219,-56.7625500617
1.09114159066,-51.1002312927
1.08684705971,-55.6158375329
1.08667000959,-52.1356663682
1.09682417184,-79.2641134785
1.0845525618,-34.996601449
1.08979124044,-55.6521697601
1.09018871218,-54.1136974348
1.08913742256,-56.8204371027
1.08737374445,-54.1047514765
1.09065309049,-54.8500229042
1.08973757442,-52.6439790267
1.09488792407,-79.8654909207
1.0838213901,-34.0181782517
1.08858284499,-56.2960962761
1.0877254489,-53.4120297703
1.09364217769,-57.2807343515
1.08894576665,-52.7731715656
1.09128347926,-54.5885935317
1.09315480203,-52.2978283335
1.10213871652,-80.7707108961
1.08727289439,-34.3587510101
1.08867716034,-55.9040309748
1.09205121162,-54.993013186
1.0890336243,-56.4494113967
1.08817307739,-53.9777795946
1.0944129926,-54.6847292093
1.0930669121,-53.1688317963
1.10121864721,-79.6638631407
1.08475430159,-35.3743896812
1.09157188407,-56.397644963
1.09195916593,-55.2076995817
1.09150377229,-56.2709252306
1.0953019808,-54.7414441885
1.08937895651,-53.4199037486
1.09348698368,-52.6414332742
1.0964799981,-80.3739376534
1.0823010988,-35.3506398938
1.09038753149,-55.7383694845
1.09212180716,-54.8449656226
1.09351168633,-56.20737887
1.08704264625,-53.9464300049
1.09262622306,-55.4821607674
1.08861819963,-53.3088434566
1.10042494427,-80.3384310556
1.08233135549,-35.973858036
1.09430687638,-54.9206637448
1.09424677225,-54.4656384751
1.09302605078,-56.0061184702
1.09203041095,-53.855567551
1.09135761838,-54.9555557152
1.09201754308,-52.9905632784
1.09666620002,-81.1594728122
1.08720943216,-36.1903083595
1.09073236602,-56.9179372813
1.09340867354,-55.1621427358
1.09010335826,-56.2655023058
1.09376045155,-53.5253257117
1.09244213546,-53.9066001585
1.09211544604,-53.6865522572
1.10080808343,-78.6190055423
1.08569053287,-35.2924080973
1.08670690928,-56.0387793667
1.09004576675,-53.8339032442
1.09072687244,-56.213528684
1.08937781062,-54.8130299304
1.0889397219,-55.8765866258
1.0914756562,-53.0056198443
1.09443413553,-79.8631914649
1.08212119802,-35.1947679535
1.0922283561,-56.3296832076
1.09078437891,-54.7160437202
1.08887527087,-55.9687573769
1.08754240339,-55.1467304158
1.09132376417,-55.3270271123
1.0877242139,-53.6378658054
1.09290930409,-80.1187925412
1.08248140755,-34.4042799183
1.0889253484,-57.2072345584
1.08877135357,-55.7381757655
1.09595113826,-56.9160259789
1.08931465033,-54.7735935148
1.08873111316,-54.6517254362
1.08671895544,-52.8381640629
1.0937737004,-79.2955144478
1.08405551284,-35.9107639419
1.084641089,-56.6682847858
1.0905694771,-54.1342326854
1.08774974536,-56.0158546036
1.08637846689,-53.0898396433
1.08751461931,-55.6440388974
1.09299820258,-51.8850500577
1.09595574278,-79.1285788153
1.07988895408,-35.2760610917
1.08652672957,-56.6161289828
1.08872679043,-54.0038902761
1.08848980156,-57.0823586949
1.08325314251,-53.474337717
1.0861935596,-55.2083109406
1.0836132335,-53.3483881573
1.09464284828,-79.6939644614
1.08337774351,-35.995994897
1.0939379785,-56.7039173884
1.08761858954,-54.8107561051
1.08868995972,-56.3864763783
1.08665223864,-53.7597051879
1.09075048998,-55.549054028
1.08813626667,-52.0301125399
1.09213389723,-80.0586318807
1.0829833805,-35.5912481341
1.08311553539,-56.7304097295
1.08622804108,-54.2622129072
1.08719640681,-55.7844847271
1.08865618404,-53.3817500487
1.08956456187,-55.2956187191
1.08469686554,-52.4771426435
1.09596204861,-79.9122897867
1.08083216996,-36.2053247635
1.09040402308,-57.4037251487
1.08967798765,-55.2082176477
1.08654434987,-57.2998389913
1.09052958056,-54.0356171444
1.08429203394,-55.919141658
1.08848697143,-52.7980909516
1.09803355608,-79.8996847842
1.08122511689,-35.4693327173
1.08809272865,-56.1819158755
1.08781388365,-55.1719783825
1.09074445347,-56.2068966428
1.09062982884,-52.6434531565
1.09338446034,-55.4234835155
1.08870957706,-53.4618075311
1.09553611054,-80.3224754609
1.08322614149,-36.2899373335
1.08932676855,-57.3889065177
1.09109213077,-54.5011488734
1.09089843525,-57.7356889754
1.08827458875,-54.2824974904
1.0861116361,-56.0954735892
1.08715937628,-53.5904747018
1.10053156908,-81.3392868986
1.08573788587,-35.9609235619
1.09090493513,-55.5627938879
1.08969221777,-55.0303581417
1.08865924938,-57.3321664136
1.0847738418,-53.2415995809
1.08643081181,-54.3559059214
1.08680051796,-52.417970865
1.09482208356,-79.306366798
1.0770129571,-34.9525926094
1.08585678252,-56.222148048
1.08410056646,-54.6800720959
1.08782675369,-56.43329291
1.08611278182,-53.4505781246
1.0844481361,-55.6283605732
1.08838980768,-52.7756096653
1.0911623789,-79.6540278243
1.07799637295,-35.0626236729
1.08465323229,-56.8233805463
1.08486705408,-55.6071079976
1.08039831903,-56.3496047174
1.08402172267,-54.4380622032
1.08787359263,-54.0924261852
1.08434574315,-52.6745572004
1.09316693789,-79.6838953235
1.07915493429,-35.8132932637
1.08153537212,-56.2700889504
1.08431124713,-54.2285341092
1.0858306109,-56.461938902
1.0819903176,-53.7754306677
1.08678812631,-54.89525664
1.08410850361,-53.078519493
1.09740663222,-80.6744002334
1.07718034815,-36.747558798
1.08488870663,-56.8229190399
1.08611298694,-54.4075152775
1.08594247045,-56.6474136112
1.08918885605,-53.8714206549
1.08953685915,-55.0222643621
1.08442254094,-53.5423732599
1.09155072989,-80.0032104299
1.08438147756,-35.1306421895
1.08414467425,-57.5899846991
1.08672091129,-54.4762827988
1.08363783135,-55.7859663606
1.08588391061,-54.0830090311
1.08877146425,-54.5681151077
1.08438462033,-53.1234903352
1.09492070278,-79.4296097188
1.08349904191,-34.7710778794
1.08598430436,-56.79392739
1.08782027012,-54.8637144995
1.08245815582,-56.5595322865
1.08497392188,-52.9284739077
1.08866920467,-55.2204406827
1.08904548889,-53.5425544576
1.09161557536,-80.1376079633
1.07921966111,-35.5381287247
1.08761709794,-56.7231092526
1.08703903931,-55.0018650413
1.08765336971,-56.9344717105
1.08319086755,-56.1630906649
1.09199833224,-55.9628860717
1.08500453864,-53.6454712301
1.0947335171,-79.6881658798
1.08191523429,-36.0006116443
1.08916284641,-57.2767301951
1.08842566646,-55.0601331176
1.09165790886,-57.0799661884
1.09096294342,-54.3036274552
1.09290640262,-55.3033060308
1.09072330384,-53.2069809684
1.09830679406,-80.6929088579
1.08018281808,-35.7534990764
1.08970858804,-56.8611384665
1.09279748564,-55.3910029329
1.08655055915,-56.3214014846
1.08672877744,-55.9984703271
1.09179964791,-54.7845707229
1.09280549494,-52.9177591712
1.09708218221,-79.7664939198
1.08239692064,-36.1868342568
1.08851106515,-56.3729410713
1.09260209229,-55.9340540051
1.08895950257,-57.0430134135
1.08770592042,-54.3425637223
1.0914572409,-55.8972740593
1.09063134857,-54.1623863201
1.09725929973,-81.9375347487
1.08393952041,-36.2360034028
1.08888506207,-57.3785205359
1.08727032703,-56.0758463918
1.08738774771,-57.6532607901
1.08535095514,-54.5528986787
1.08922183682,-56.075102587
1.08948493453,-54.0760428175
1.0950849132,-80.1899123369
1.08096979326,-36.6882115879
1.08835535733,-56.2847759604
1.09119663431,-55.5636187704
1.08767857431,-56.5103224974
1.08923515873,-55.3165420236
1.09044951524,-55.4549218057
1.08771720424,-54.3952837597
1.09656308405,-79.7037731715
1.08334680147,-36.8060943192
1.09105909448,-57.3883845875
1.08917335673,-54.7568951943
1.09021045149,-57.8599580074
1.08789020549,-53.9856530646
1.08728748895,-55.7595787709
1.08447321481,-53.4640883276
1.09508204663,-80.374247053
1.08579301602,-36.1855246898
1.08823018508,-57.2893996965
1.08539033914,-54.8926732712
1.08705877951,-56.7282271093
1.08624777316,-53.7071174828
1.08883078057,-55.4253748391
1.08672598956,-52.4730512078
1.09455857646,-80.1265706144
1.08251711365,-35.8810599932
1.08808357911,-56.4346839388
1.08745558995,-55.2470363731
1.09249093512,-56.368972569
1.08399406749,-55.6535958481
1.08954376919,-55.4122574804
1.08616059583,-54.3152404713
1.09283239223,-79.9571703011
1.07935697794,-35.1986159235
1.08466365359,-56.7700906036
1.08574457789,-54.8033099802
1.08827525177,-57.5217150189
1.08748608725,-54.0995592634
1.08698032767,-54.1451609229
1.0888213153,-53.282963779
1.09947393353,-78.8538048804
1.08185583687,-36.0963759769
1.0837522556,-56.3095745555
1.08642246246,-54.6672675528
1.08952724528,-56.2346348316
1.08464911348,-55.0545974615
1.08400508667,-56.0620188047
1.08332022527,-53.6052144555
1.09006094159,-79.2012266072
1.07834751894,-35.48379778
1.08428881795,-57.5711268586
1.0867642528,-54.8618599744
1.08580628504,-57.3520185278
1.08167802353,-54.4338592102
1.08618724059,-56.1031148831
1.088511746,-53.7064464004
1.0953923519,-79.7378092978
1.07879657986,-35.1917900396
1.08356299223,-56.4500895297
1.08259119271,-54.4618849112
1.08114629497,-56.5542430195
1.08170062832,-53.6766026941
1.08474490739,-54.5914540316
1.08839708088,-52.72597537
1.09155244287,-80.2041507652
1.07481646797,-36.0202451841
1.0828714088,-56.4639776649
1.08620404993,-54.8300939756
1.08380893745,-56.458720837
1.07843532902,-53.2616060794
1.0820933338,-55.8158033188
1.08242173196,-52.7841895904
1.09302714488,-80.1040402271
1.07750631928,-37.1630824934
1.08168227325,-57.5906356723
1.08486693678,-55.8223864536
1.08634301569,-56.0208507021
1.08414725091,-55.326510389
1.0810515228,-55.5989522166
1.08134744022,-53.8385477525
1.09068796287,-79.6392209084
1.07974868228,-36.0074198947
1.08450117609,-56.4924958825
1.08114060162,-55.870806601
1.08154805039,-56.8674248643
1.08079303505,-53.6629695299
1.07698253308,-54.9945000279
1.07930414986,-53.7284937076
1.08537422762,-79.6370551921
1.07697707759,-36.2600956182
1.08081728261,-56.4666965447
1.07896099239,-55.3732387507
1.07833963129,-56.0005496188
1.07874238607,-54.2602597314
1.07951947975,-54.528972274
1.07933775693,-53.2516672643
1.08709075882,-80.4421864474
1.07876989951,-35.5000825024
1.07830694633,-57.2184441625
1.07743923538,-55.3246900563
1.08294446837,-57.2141423664
1.07795650579,-54.6022337716
1.08072930646,-55.4875716853
1.07930235698,-53.2308534596
1.08801279512,-79.8750913348
1.07261830113,-36.7244602667
1.07823676237,-55.5072066898
1.07686885973,-55.4090255857
1.0786863988,-57.2213872277
1.07480650669,-54.2990262152
1.07811643368,-55.0948843485
1.08276000084,-53.5094148358
1.08208029549,-79.3508431066
1.06970417357,-36.0382155447
1.07665596736,-56.397196603
1.0755609926,-55.0429268375
1.07582531727,-55.8583025674
1.0762300267,-53.903172179
1.08094677634,-54.5059211986
1.0814497767,-53.4148931415
1.08246508677,-79.1427389111
1.06978670151,-36.064325305
1.07663042746,-56.1688747305
1.07588145178,-54.0892592928
1.07816022515,-55.4313557648
1.0755715154,-54.1601423802
1.07545215224,-55.4383468753
1.07716715356,-52.4592178921
1.08535757998,-80.2740253339
1.07334518509,-36.331266466
1.07788967805,-56.825037733
1.07432777506,-54.5696912962
1.07440919112,-57.0142043116
1.07510827753,-53.1619629674
1.07537488221,-54.2475599034
1.07702522092,-53.9717780757
1.08016353728,-78.9649961564
1.06650918625,-36.6550045663
1.07406576924,-56.3995613274
1.0755594884,-54.8840355214
1.07869786555,-55.8127797219
1.07515894355,-54.6465365317
1.07421956026,-55.4976590585
1.07518525964,-54.1841346179
1.08259502638,-80.1888536461
1.06729238031,-36.7423830247
1.07760470026,-55.9673829894
1.07216676023,-55.1270704685
1.07293516244,-56.6204971368
1.07581863676,-54.2500768798
1.0806281316,-55.2046876517
1.07654889048,-52.8813074114
1.08255343318,-79.3107164635
1.07059896415,-36.4394769439
1.07429405536,-56.0307641366
1.07493950508,-55.4058877271
1.07403038015,-57.1627465333
1.0691129182,-54.1584104508
1.0730646739,-55.3544767459
1.07202479215,-53.6150038064
1.07853239061,-78.8320168722
1.06983438413,-36.4801395879
1.07737507799,-56.187303704
1.0751518837,-54.6947839535
1.07344675604,-56.7048375766
1.0764203847,-52.7625036614
1.07339312845,-55.843239421
1.07301914064,-53.1764632273
1.07930464037,-79.6698387107
1.06744161527,-36.3606967896
1.07751513513,-56.7393738914
1.0704044732,-55.7571562104
1.07464005512,-56.0587024299
1.07295192969,-54.831028466
1.07306264935,-55.9596424149
1.07188494658,-53.7970266221
1.08330212552,-80.3686159597
1.0687639114,-36.7287299495
1.07471993776,-56.6014346065
1.0700579369,-56.4184070027
1.07070486319,-55.357319331
1.07108502331,-54.8656331422
1.074309023,-55.4858625671
1.07534859508,-53.5392784914
1.07938735092,-80.0157133893
1.06592287631,-36.27985853
1.07563782442,-57.0754207595
1.07768376251,-54.7420371657
1.07473912752,-55.7200223269
1.07257410731,-54.0911097212
1.07305602364,-55.6380614667
1.07302656564,-52.7408958411
1.07774981005,-79.5380556793
1.06519161955,-35.6145713652
1.07354435974,-56.266558883
1.07125545618,-53.8241027581
1.07300050576,-56.9611180684
1.07617245438,-53.8135577753
1.07365402896,-55.4032773738
1.07554241802,-52.5394338741
1.07634716456,-79.9299762577
1.06746860442,-35.8512018584
1.07637656415,-56.6615545126
1.07284779123,-55.6995306108
1.07251282371,-55.8941073677
1.0693995129,-54.6185465282
1.07229640863,-55.8237856844
1.07649288589,-52.8728652227
1.07561835832,-80.4399852131
1.06939994452,-36.217806004
1.07243182912,-57.1096435441
1.07420650383,-54.825722288
1.07062008307,-56.7731314621
1.0692325415,-52.7629239594
1.07651892567,-55.221887621
1.07365396551,-52.2445407338
1.07943946519,-79.5118179541
1.06832599994,-36.3457168598
1.07455409758,-57.0743531197
1.07250198595,-54.2021263548
1.0738184047,-56.0660405237
1.07457386008,-53.9438530609
1.07330636714,-55.1280847679
1.07472524583,-52.3708088983
1.08243919808,-80.2451767764
1.06783875697,-35.2055054387
1.07245565276,-56.6292010759
1.07168298566,-55.562880432
1.07458028529,-56.4569154162
1.07408253647,-54.4880873538
1.07001711813,-55.7117865611
1.07162644001,-54.2628597564
1.08289417245,-79.1808018369
1.06666290909,-36.9026066156
1.07274489723,-56.5959221073
1.07138703876,-55.5347591379
1.07318331552,-56.6768194615
1.07133625314,-53.7489842273
1.07336101707,-54.0811362055
1.07554161418,-52.9635372871
1.08152264836,-78.7351079204
1.06671783906,-35.6142281589
1.07366931005,-56.5009323371
1.07108652284,-55.4297084061
1.07335520762,-56.7079072226
1.07322560787,-54.1346183648
1.07248966092,-55.2169145413
1.07231508666,-52.5571007125
1.08014539208,-79.5157238716
1.06679265857,-34.912094872
1.07237445253,-57.1138066755
1.07553484302,-54.798157904
1.07247895607,-57.0141283276
1.07540122344,-54.9003706802
1.07622684905,-55.5314465357
1.07554373756,-53.9619211673
1.08369808759,-78.2469507098
1.06887154586,-36.3176409516
1.07680985476,-55.5546055781
1.07415246426,-54.5680601923
1.07492624237,-56.6773897467
1.07314343792,-53.5066683116
1.0763330582,-54.8386007827
1.07456713776,-54.0028530902
1.07643122669,-79.6490034687
1.0676694554,-35.8315839908
1.07864277827,-56.9823435282
1.0732565079,-54.8127394858
1.07143414254,-57.0718236456
1.07609693223,-54.4422540965
1.07346717133,-55.9239837896
1.07482663422,-52.9625138597
1.08055964146,-79.6336916636
1.06855610476,-36.7644985447
1.07497663739,-57.2442523002
1.07951854242,-55.4259517162
1.07318004452,-56.2982999476
1.07594850491,-53.7896700225
1.07648840878,-54.3603471062
1.07452021758,-53.3022866552
1.08140957426,-80.5890179836
1.07048917138,-35.1883692591
1.0791277132,-57.374280889
1.07636292425,-55.70565189
1.08105704802,-57.2264646497
1.07347684088,-54.4254916466
1.07259442737,-56.7663686032
1.07224984274,-52.4994329409
1.08541450347,-78.983911125
1.06913612843,-36.4651980231
1.07448102213,-56.7825233924
1.07241094028,-55.5316753738
1.07750642952,-55.665410017
1.07376800363,-52.7689710992
1.07645751258,-55.6803757147
1.07334608273,-53.6761819753
1.08334779415,-79.9522522511
1.06618950699,-37.087882295
1.07144691614,-56.5507025572
1.0741871986,-55.1521191991
1.07308664975,-56.1480666981
1.07369487774,-54.1143318305
1.07633072624,-55.4586156959
1.07946773392,-53.101201207
1.0800327688,-80.0936955766
1.07569822797,-36.1114472516
1.07498530922,-57.3548898807
1.07609119658,-55.2326704303
1.07412325627,-56.9247778194
1.07539297121,-53.495939996
1.07351961649,-55.679215174
1.07878911438,-53.7938453393
1.08417310561,-80.8171438403
1.07209225449,-37.1743616282
1.07718707017,-56.4140175752
1.07319409145,-55.6195440179
1.0776391157,-57.5109173237
1.07364362755,-54.2197947365
1.07964531249,-55.6490714496
1.07618800047,-53.362234221
1.08128437211,-79.72073671
1.06634302614,-37.2390984669
1.07617174309,-57.1737769332
1.07443140805,-55.9278657095
1.07765112446,-56.6966969519
1.07143240987,-54.5861506066
1.07508223529,-54.7706908586
1.07656285766,-54.7652847349
1.08438290744,-80.619348262
1.07016895496,-36.779718734
1.07789316399,-57.7135933975
1.07893646337,-55.5204531264
1.07740913069,-57.1491723503
1.07829061119,-54.519902587
1.07712983737,-54.8654258858
1.07738269102,-53.4938822965
1.08271138197,-79.2420234844
1.06976944004,-36.2240432831
1.08070242939,-57.1165358837
1.07584313656,-54.98898944
1.07867265384,-57.3720994779
1.07386455663,-54.4450527551
1.07584118523,-56.1255389828
1.07349208434,-53.4655849262
1.08572511995,-79.377658471
1.0736555049,-36.1848333089
1.07873706237,-57.2351812274
1.07630439472,-55.9423875996
1.07753190089,-57.2993036114
1.07926681025,-55.4466331307
1.0808271484,-56.8054899806
1.07830891404,-53.931628082
1.08770985312,-80.6345851896
1.07419924751,-36.3101941532
1.07552827586,-56.3736817095
1.08098726352,-55.6249513112
1.07935388245,-58.3523925722
1.0767752827,-53.3931333736
1.07807539846,-56.9466304272
1.07950666922,-53.1707758855
1.08732480181,-80.0964745881
1.07352369568,-36.8017572629
1.07956914789,-57.6326169388
1.07587719373,-55.8806801714
1.0774824986,-57.5889545858
1.07852510392,-54.976067044
1.07657991679,-55.2400706012
1.07859635383,-53.9751136792
1.08682222696,-79.8546660109
1.07691279373,-37.3442460691
1.07603392519,-57.2691864553
1.0769001786,-55.9669305237
1.07639967866,-57.3829185801
1.07696203365,-54.801691409
1.07774445009,-54.7596208557
1.08101972359,-52.9629305249
1.08890235451,-79.632238623
1.07652394457,-36.2240142235
1.07789541867,-55.7685653688
1.07667573105,-55.318459351
1.07658536297,-57.0436380383
1.0767278189,-54.1896349224
1.07897364106,-56.3345215473
1.07701428031,-54.4931144258
1.08800345497,-80.3529345931
1.07299288008,-37.1930620508
1.08262516703,-56.6183718314
1.07923658747,-55.3112325639
1.07931191396,-56.2750691192
1.07812982711,-54.2340449503
1.07894731277,-55.4718895772
1.07917733931,-54.4826978397
1.08504033305,-79.9622214408
1.06986156655,-37.8256008558
1.0779529573,-57.2134022168
1.08260695069,-56.3961804575
1.08060437845,-57.1896245915
1.0802339659,-54.3062046137
1.08272376913,-56.0709573568
1.08335113676,-53.4221785863
1.08563864779,-80.4161497505
1.08084217277,-35.5355895823
1.08320931261,-56.3089325046
1.0816420701,-55.4989125825
1.07846977793,-57.1896110062
1.08464566771,-54.7305140493
1.08428545887,-56.5800918667
1.08503296113,-54.1812582932
1.08895170741,-80.4201991913
1.07456700248,-37.0794111853
1.08168620071,-56.507296625
1.0829539316,-55.9780236334
1.08484511314,-57.4436666899
1.07967698493,-54.9704123538
1.08372528182,-55.2586563656
1.08233579043,-54.5554358709
1.08837267765,-81.4041802731
1.07659886606,-37.3099885434
1.07914989649,-57.3292916563
1.08193710738,-56.4678386563
1.0836461089,-57.3798480953
1.07997006569,-55.6647994601
1.08464120059,-55.5655549923
1.08077487328,-54.4165630687
1.08587712268,-81.3651472934
1.07897214517,-37.2567677587
1.08435997217,-57.6823253884
1.08241954172,-56.9485140894
1.0787392883,-56.8107275776
1.07925222509,-54.4133499438
1.08270639996,-56.0015264395
1.08308666842,-54.1517768226
1.093470682,-80.4736513044
1.07888942208,-36.1264366011
1.08276705245,-56.3553737034
1.08286776325,-55.2489953975
1.0866688231,-57.6553668289
1.08570206009,-55.7172435132
1.08385376887,-56.842798362
1.08025318887,-53.9778197892
1.08979436162,-80.1727443923
1.07505173929,-37.2889777781
1.0811105678,-57.3749059152
1.08623392071,-56.2343108592
1.08647270687,-56.222832966
1.08580817142,-54.7490245906
1.0815149191,-56.4469909157
1.0803086651,-54.4921973473
1.09323245501,-79.8560639947
1.07777678393,-36.8055547381
1.08537532938,-57.0313747804
1.08156943628,-57.2098150353
1.0809939448,-57.7435085544
1.08698215456,-54.9592255298
1.08333412259,-56.2417653165
1.08579271027,-53.3900116381
1.09280793064,-79.9404919914
1.0792202314,-36.74143266
1.08403187238,-57.6967040856
1.08033057949,-55.3661341976
1.08209725434,-57.745851594
1.07989456256,-55.9114381612
1.08146636161,-56.1088524763
1.0857921754,-54.7177202104
1.08778546305,-80.3221046489
1.07691487962,-37.122858846
1.08869089898,-56.651761692
1.08645205404,-56.1932471485
1.0846318747,-57.1510996105
1.08208552093,-55.3990968523
1.08205002656,-56.2123225263
1.08468771351,-53.238235652
1.08911601863,-79.6366513816
1.07506243375,-37.3915533209
1.08441755234,-57.3622051373
1.08335409037,-56.5249226802
1.09178073481,-57.5544890953
1.08434454066,-55.2668095994
1.08337530557,-55.79682402
1.08423210736,-53.5815243889
1.0925634258,-80.1197346988
1.07951488995,-35.7752051474
1.08339226912,-57.9614716071
1.08297803473,-55.105147149
1.08604312548,-57.2955855345
1.08309671671,-54.1927847834
1.08405104008,-56.3741313113
1.08490989352,-53.7977248355
1.09432799801,-80.2605898058
1.0778399918,-37.187151965
1.08489747993,-57.3505210874
1.0820568433,-55.9985158385
1.08564777999,-57.8869135461
1.08364033649,-55.3305963926
1.08470518918,-56.4102740696
1.08792055791,-54.5232723209
1.09179724919,-80.4897806155
1.07726556101,-37.713628502
1.08469705524,-57.6178865209
1.08160879083,-56.8678540298
1.08455471313,-57.2769733484
1.08490376243,-55.4051145522
1.0841565343,-56.5101332712
1.08449256374,-55.1520585051
1.08901254402,-80.8830364567
1.07644620073,-38.0765568294
1.08595900131,-57.7335311944
1.08844779335,-55.8304482313
1.08244212295,-57.7220679527
1.0831887268,-54.9719655165
1.08402337696,-55.3391591446
1.0815705609,-55.250109848
1.09113606977,-80.3301603315
1.08304598765,-36.6728106068
1.08563808922,-57.4650830106
1.08330251173,-55.5797906255
1.08548480196,-58.1860004482
1.08313447468,-53.1416978247
1.08542072224,-56.8745756828
1.08605306706,-54.0314385422
1.09251623471,-80.0945159663
1.08433507273,-37.8227821943
1.0836209193,-57.9363247347
1.08171417556,-56.1380746335
1.08982380819,-58.2110615839
1.08356982253,-55.3793913519
1.09214688572,-55.4069013303
1.0878243331,-54.8995301261
1.08981640735,-80.4622257152
1.07613206844,-37.1050055245
1.08591221953,-57.6603077224
1.08857925923,-57.045541337
1.0850072857,-57.3166814462
1.08345710347,-55.5374512809
1.08857932332,-55.1776307748
1.08657449498,-54.4171406483
1.0930482162,-80.9144989803
1.07894195361,-36.8002918448
1.08617980858,-57.4597489722
1.08322031795,-55.4348423733
1.08593680254,-58.2158356889
1.08422753691,-55.2882709587
1.08500135196,-55.552728541
1.08126809759,-53.3695210492
1.09247294448,-80.3750526583
1.08353663245,-37.5387287577
1.08606277692,-57.53884658
1.08471085405,-56.8021170042
1.08469454355,-57.3014852712
1.08231058653,-53.2182845639
1.08188682401,-56.2936231988
1.08701282434,-54.0981474872
1.09369957386,-81.3649041402
1.07741092097,-38.1983650617
1.08259925074,-58.171219789
1.08297998998,-56.3554473886
1.0869852926,-57.2638427641
1.08547926552,-54.6511838097
1.08598337673,-55.7905123184
1.08373407344,-54.2340467062
1.08995808093,-80.7516671818
1.07776226304,-37.7017493125
1.08482664557,-58.1693548793
1.08652877832,-55.8114394291
1.08548314001,-57.434208911
1.08411759485,-54.974770404
1.08439238473,-57.3207824925
1.0868793053,-54.1635962445
1.09257749068,-81.2585254108
1.08433949702,-37.0837190416
1.08581203126,-57.0517458092
1.08569617002,-55.7389794056
1.09162687994,-57.5553574163
1.08429693049,-55.9066562554
1.08629916251,-56.543740496
1.08159209928,-53.7012099456
1.09131664071,-81.0690293646
1.07776659778,-37.9970275167
1.0848561495,-57.1080465238
1.08673272757,-55.6376930178
1.08761943173,-58.225477934
1.08877366144,-54.7099797952
1.0863538325,-56.9579765024
1.08681621657,-55.5218476517
1.09418980184,-81.1421377769
1.08377835413,-36.8179714037
1.08938661651,-58.6743729412
1.08566605746,-56.3825032945
1.08686813195,-58.883123922
1.08550431752,-54.5764343977
1.0828916978,-55.9468991193
1.08562108195,-54.4169492492
1.09327190909,-80.1493487619
1.07901900791,-37.2480710638
1.08438635377,-57.2584899934
1.08249806859,-56.7201534251
1.08547832215,-57.793506195
1.0854392752,-54.8384706076
1.08242808267,-57.0724861931
1.08056130044,-54.6180068695
1.09402405891,-80.5732440069
1.07612124168,-37.590129553
1.08527527354,-57.9366370399
1.08621962831,-56.4349908914
1.08295042358,-57.0185423624
1.08819919379,-55.5800484275
1.0822890931,-56.2715971225
1.08605557941,-55.0976731918
1.09261684446,-80.7035215805
1.08306222239,-36.4750538601
1.08721674695,-57.2799205853
1.08374395507,-56.5667107964
1.0867185242,-57.6508661819
1.08292838183,-55.1417391968
1.08697361167,-56.9257977262
1.08653874831,-53.6655251775
1.09790789088,-79.7240159456
1.08035720075,-38.0229458784
1.08517973047,-58.111616474
1.08560818175,-55.8283350364
1.08268475478,-59.1014349453
1.08314610006,-54.3912348885
1.0865980905,-56.4824662754
1.08847390579,-52.7458909911
1.08990017128,-80.5745779907
1.07851763493,-36.7118798853
1.08395648118,-57.5171781121
1.08783110839,-56.0331572792
1.08285071077,-58.3046734376
1.08149098969,-54.9735407583
1.08466843399,-57.9164990193
1.090834638,-53.8310277191
1.091767637,-81.0751870392
1.0803921798,-38.3725128613
1.08308652579,-57.2469444593
1.08713150523,-55.1641151231
1.08474619275,-58.4872924953
1.0840196741,-54.080653592
1.08373924498,-57.2505202034
1.09014704906,-53.0565781262
1.09222838584,-81.5694785702
1.07846217718,-37.7734440555
1.0859134485,-58.3752166188
1.08641391884,-55.7080736862
1.08607520624,-57.1843767571
1.08280460735,-54.0992669577
1.08366145395,-56.7358241409
1.0836567101,-54.5228471819
1.09490494558,-81.0616562771
1.0777297018,-35.9174132116
1.08789465795,-57.6626095288
1.08443610728,-56.267754191
1.08764727746,-57.8088038692
1.08495072591,-55.2695680339
1.08371126876,-56.3449211416
1.08666519587,-54.1596080559
1.09098589962,-80.1990875542
1.07783861209,-36.8466998246
1.08328199802,-56.5217215576
1.08539240868,-56.9905886108
1.0864143848,-57.4519570862
1.07963308465,-56.2856267047
1.08563104056,-55.6093569124
1.08639204251,-54.1202381871
1.09538531884,-79.7412047158
1.08044882359,-37.193709178
1.084007919,-58.0144308026
1.08687836838,-56.6255027064
1.08714916879,-57.6367071154
1.08815309414,-54.7327537897
1.08659169026,-56.2225273232
1.08619629428,-53.5384783836
1.09304182701,-79.9361382017
1.08170900686,-37.138224291
1.08376327007,-57.3370552843
1.08544821321,-55.8362430434
1.08340278401,-57.7284461357
1.08738820423,-54.3855942993
1.08867037006,-56.7263900759
1.08396375583,-54.5879970085
1.09164571356,-81.5233873264
1.07897734672,-37.2531064426
1.08558836695,-57.2609499563
1.08012897642,-55.957514557
1.08279114216,-57.4827510727
1.08336838072,-54.7526523395
1.08903822506,-55.279352731
1.08548871228,-54.0697491673
1.09489793772,-80.8254078918
1.08019737522,-37.1662319257
1.08852546415,-56.2720465975
1.08394527716,-56.9575681362
1.08733084296,-57.5377398364
1.08566322754,-55.754904583
1.08249503711,-55.9059864672
1.08514354356,-55.3480817449
1.09141954937,-79.9109488171
1.07814140053,-38.0109541657
1.08259126374,-58.0962358601
1.0852547319,-56.2613144192
1.08214971705,-56.6884058434
1.08461848728,-55.3276022609
1.08278179368,-56.3560843548
1.08245680045,-54.3152531132
1.09329081139,-80.8195023179
1.07752520952,-36.3747512647
1.08678693505,-57.124545704
1.08527940487,-55.7299241481
1.08638215748,-57.6144575435
1.08057915872,-53.0116558421
1.0852090304,-56.0759276176
1.083711269,-53.9612062296
1.09413923823,-80.5062771599
1.07809961296,-36.1095879782
1.08868172196,-57.2392882836
1.08329938493,-55.8037158999
1.08202568424,-57.6611067853
1.08371188296,-52.9424594258
1.08378096059,-56.0298854333
1.08233558012,-54.6895761216
1.0884239835,-80.0690821081
1.07700612624,-35.7905115761
1.08604660302,-55.4293187881
1.08293969925,-56.2548944666
1.08289967881,-57.1982411602
1.08468284433,-54.7689366215
1.08469780249,-56.1046524624
1.08554907723,-53.7483101022
1.08995383808,-80.6618547101
1.07761719273,-36.7244532007
1.08263952573,-57.1667103618
1.08381270208,-56.1466012258
1.08430515609,-57.4439030676
1.08201688347,-54.8094273278
1.08243048778,-56.8996879745
1.08397737645,-53.5625422759
1.09562598596,-80.370717001
1.08017717112,-36.827931
1.07990485133,-57.4788710249
1.08506568588,-55.1162359485
1.08256343963,-56.7768011083
1.08550510388,-54.2411448786
1.08548220716,-55.8041069407
1.08445203287,-53.4883490624
1.08973620037,-80.419002796
1.077962938,-36.8721776359
1.08173873994,-56.9075288593
1.08360350777,-56.1572677308
1.0840499216,-56.7299922339
1.08370578217,-55.0884842301
1.08279424282,-55.9193109504
1.08148894165,-53.5299278436
1.09119676427,-81.060011437
1.0783195664,-36.5670925808
1.08551332091,-56.9726603737
1.08703680428,-55.9291959288
1.08123662465,-57.2380304989
1.08489360281,-54.1926192422
1.08145124288,-55.6373325972
1.08227755805,-53.4038722086
1.08990784657,-81.4834336119
1.07786833335,-36.1603231957
1.08188848484,-57.6699782606
1.08255646093,-55.4475403499
1.08086024715,-57.1714442036
1.08105054006,-53.8870648689
1.089050896,-55.7323764662
1.079740996,-53.5333987982
1.0870374673,-80.2029928962
1.07680931561,-37.0544563529
1.08699230701,-56.5094803652
1.08298414322,-55.7736586622
1.08168803697,-57.7392867371
1.08491371959,-54.2924989866
1.08330819142,-56.123608132
1.08198033918,-53.3757677293
1.09264735275,-79.4174045426
1.08044056018,-36.3439107266
1.08056186598,-57.2646624129
1.0823946042,-54.3690558446
1.08144863351,-56.9300113936
1.0858535812,-54.1656438497
1.0835728353,-54.9894877142
1.08246482818,-53.6003050522
1.08948133771,-79.2150952881
1.07750677487,-37.2639027312
1.08112519509,-56.9260969535
1.08496716477,-56.5678768227
1.07963226485,-56.3454838774
1.0827235933,-55.5971863079
1.08039255355,-55.8120738547
1.08162294394,-53.9865437472
1.09044934797,-79.52473253
1.08002897001,-36.6387876563
1.08456318363,-56.8317232955
1.08145404851,-55.3836816863
1.08153332492,-57.0610378862
1.08353310918,-55.8048905604
1.0836644663,-55.2087840342
1.08218903854,-53.7528912667
1.08751354888,-79.3034828442
1.07618462289,-34.7601342819
1.08380855415,-56.5986544766
1.08176787507,-55.9971465847
1.08528815155,-56.4874153742
1.08428616118,-54.4179247591
1.08370100236,-55.5093888942
1.08103161212,-54.5241022961
1.09052527021,-79.8896054467
1.07888793626,-36.3914302049
1.08697147723,-56.8446933465
1.08135993109,-55.4886482928
1.0832715615,-56.4494359263
1.08070925566,-54.072087947
1.08461145646,-55.2118995047
1.08259887918,-53.3123073537
1.09122842743,-79.7993335636
1.07883716376,-35.8463968564
1.08142875413,-58.0453426136
1.08089170953,-55.2738243527
1.08516918066,-58.3904563151
1.0764640854,-54.4894183433
1.08255265995,-55.387284854
1.08125059653,-53.7333331208
1.09054608522,-79.7777151884
1.07915286489,-37.0438304134
1.08369527853,-57.5939024975
1.08566975395,-55.4066417717
1.07958810145,-56.2510190783
1.08300632678,-55.1730200588
1.08520729688,-55.6401101185
1.08128465077,-52.2386571775
1.09046240821,-81.1828011223
1.07731062352,-35.364328607
1.08283463329,-56.9146274632
1.079392704,-54.5048227617
1.08255022774,-56.5576735986
1.07877024732,-52.5104860806
1.08096187446,-55.2490263136
1.08336213358,-52.6573073257
1.09460765739,-78.9991069342
1.07736164996,-35.833646618
1.08239301496,-57.0337599584
1.0788190531,-55.1851066198
1.08233882206,-56.9880994706
1.08246787332,-53.9764142275
1.08159258577,-56.6694708462
1.08258261667,-53.9777879462
1.08685067398,-79.8493757548
1.07570733982,-36.7417764742
1.0852468047,-56.6680220824
1.08390579294,-55.3146659149
1.08352035123,-57.2782653865
1.08178485414,-53.2382899743
1.08800982155,-55.1312951298
1.08387463497,-53.3497415363
1.09547344485,-79.9558747465
1.07685850398,-36.8719015146
1.08229882905,-57.0531055713
1.08469482184,-55.7240896697
1.08152536123,-57.5789189138
1.08795392888,-54.2148335279
1.08289443727,-55.951043464
1.08768810134,-53.4746043588
1.09048426204,-80.1160607441
1.07972101177,-35.1284152988
1.08396753225,-57.2776485005
1.08175045684,-55.6158410452
1.07836952277,-57.0820672739
1.08428444064,-53.5071839796
1.08395390951,-54.809173618
1.07889316389,-53.6795683629
1.09040668946,-80.1024735658
1.07629755045,-35.5557128571
1.08437391729,-56.5033922348
1.08357345624,-54.8188716233
1.08088225444,-56.9924756339
1.08542105022,-54.0839247861
1.08427179308,-55.4302243307
1.08162364074,-54.0027014558
1.0906503588,-80.2387745837
1.0754735514,-36.9015241222
1.07908024203,-56.837418289
1.08094323978,-54.6552791121
1.08632629584,-55.947820064
1.08103237177,-53.3882521763
1.08267447954,-54.3682604712
1.08413181537,-53.2775507434
1.09078934256,-80.5149238124
1.0783156975,-36.3442697198
1.0790698963,-56.5765245198
1.07739753392,-55.4784839045
1.08203435676,-57.3825090287
1.0827862451,-53.5165741502
1.0824033558,-56.1147229164
1.08473916018,-52.3874819279
1.09042666165,-80.3195162864
1.07482027751,-35.7068866909
1.08181713499,-56.1352159175
1.08075995156,-54.9080000541
1.08112803651,-57.1322069491
1.07935192448,-52.4934613467
1.08402344933,-55.7846045641
1.08169312306,-54.3593212682
1.08870963976,-79.4380328976
1.0713882112,-37.2512009266
1.08080120482,-55.5778382978
1.08024734024,-54.9142033003
1.07975598887,-55.8393773666
1.08021552163,-53.8639302784
1.08454114532,-55.2685728111
1.08611343291,-52.8957477847
1.09277147529,-79.3796719456
1.07542413226,-36.1689461813
1.07816821024,-55.9098287845
1.07802278039,-55.3366212839
1.08429184771,-56.5357222112
1.07862971806,-53.9572516072
1.08331930998,-55.5457065565
1.08380070524,-53.2448806339
1.08957051112,-80.9541310329
1.0775009186,-37.1993972938
1.08100182358,-56.4907091155
1.08413999564,-54.9456745349
1.08304105824,-56.8690197759
1.0812530745,-54.7565700559
1.08530556728,-54.2622549208
1.08053083613,-53.6689590751
1.08913900519,-79.3820938532
1.07389658388,-35.8566048693
1.08122536819,-56.4328334151
1.07791403934,-54.5464557375
1.08300906141,-55.243526497
1.0782089595,-51.7170691636
1.08157855336,-55.7589894574
1.07924780145,-52.7974879374
1.08834871857,-80.192649728
1.07286771473,-35.4430308502
1.07926261829,-55.68833529
1.07737907609,-53.7338458266
1.08007878508,-56.5353630105
1.07620959547,-53.9688167056
1.0809818212,-55.0711813925
1.07907103095,-52.8913106605
1.08606517304,-79.7215366388
1.07587191586,-35.5617449811
1.07909984047,-56.7156375056
1.07651367287,-53.2833064811
1.08085589172,-55.9821382647
1.07964259618,-53.9218906676
1.0849420533,-53.7804937759
1.07561877216,-52.8878244383
1.08831219311,-80.0032615377
1.07423636125,-35.6761137963
1.07748616117,-56.4218539347
1.07560493011,-54.1831463049
1.08322814028,-57.0587138838
1.07855999311,-54.6403110542
1.07813069566,-55.5543313857
1.0834232621,-52.3896366994
1.08655035036,-79.0797093951
1.0752408939,-35.1736802644
1.07818890005,-56.5705671426
1.08336319688,-54.6088160699
1.07815887681,-56.2521306951
1.07671027012,-53.9920392214
1.07940031306,-53.8900266003
1.0787714891,-52.1013695452
1.08803103929,-79.4410101203
1.07339307186,-35.2034583608
1.07874902562,-56.0634985314
1.07865607622,-53.0779892497
1.08180292894,-56.606046809
1.07632287665,-53.6949941772
1.07973553179,-54.298430722
1.07803151949,-53.3036087685
1.08618167493,-79.2392498234
1.07304601275,-35.4261313194
1.07667285057,-55.5304641969
1.0755211698,-54.1269802852
1.07686304495,-56.3414150607
1.0830694663,-52.8819613516
1.07950051066,-54.1797720793
1.07517049469,-52.1853903392
1.08554051794,-79.8513793748
1.07190259185,-36.1480835139
1.07576761284,-56.2607225159
1.07943197068,-54.2569059634
1.08144062455,-56.7516014537
1.07428290903,-53.1350171123
1.08337829585,-54.7637262166
1.07953639793,-52.7436187484
1.08883785823,-78.6359998034
1.07503960109,-35.0309694427
1.07656785647,-55.6686744679
1.07935943916,-53.6677706558
1.07975090715,-55.2052022709
1.083752682,-52.473504757
1.08357328697,-53.7212013072
1.07877864282,-52.1368478543
1.08463981754,-79.2755400737
1.07198163471,-35.5520581064
1.07614746091,-55.4526049498
1.07824298955,-53.267723188
1.07997456616,-54.8071528014
1.08097673054,-53.6962865989
1.07868156715,-54.1286488642
1.08143619756,-52.1863647393
1.08778465115,-79.0423265396
1.07171668732,-35.1787261019
1.07624872893,-55.8515563696
1.08143494259,-53.9588430974
1.0794070255,-56.0281493523
1.08143737112,-54.428312504
1.08179864811,-54.9281940912
1.0767384534,-52.5902456552
1.08589951693,-78.7065998544
1.07419031484,-35.1812262663
1.07617143017,-54.2811609766
1.08030197258,-55.5102701227
1.07897936376,-56.6073871313
1.07948898679,-53.6520920802
1.0755511773,-54.7119501862
1.07898271154,-52.5612714713
1.0800291855,-79.1012202992
1.07415837537,-36.4288467085
1.07753597826,-56.8230275193
1.07702862659,-54.1885387216
1.0787430902,-54.8551241807
1.07881076608,-52.3716044337
1.07596449621,-54.4056771799
1.077662703,-52.0496679589
1.08736911217,-78.4731784444
1.07420048126,-34.7054639782
1.08061566966,-55.1641043797
1.08025515511,-52.9397249078
1.07982348665,-55.7688168106
1.07764437436,-52.6774594044
1.07462789444,-53.787427527
1.07611966543,-51.2207714082
1.0849899208,-78.6094476157
1.07156330789,-36.0764565977
1.07929245983,-56.470730398
1.07956058514,-54.9138804977
1.07695893399,-55.9431109926
1.07708423739,-52.139582606
1.0770309558,-54.4971082416
1.08400974574,-52.1269094519
1.08464344696,-78.8460175781
1.07193411864,-35.7656561984
1.07642656636,-55.9238784963
1.07634758693,-52.4144655379
1.07944834574,-55.9370958513
1.07760811177,-52.0274784237
1.08064452212,-54.1272225965
1.07656642664,-52.0895463319
1.08810267058,-78.4321851591
1.07287149944,-34.3562260513
1.07896772108,-55.0090754654
1.07791578818,-53.7877578337
1.07878006056,-55.1606240179
1.07594049828,-52.5021973549
1.07927353522,-55.2992196182
1.07745416448,-52.0017614172
1.08676137033,-79.100306735
1.07202832959,-33.7087074806
1.07819809385,-55.2951688456
1.07548965907,-53.8232320056
1.07563982171,-55.3227694717
1.07754945857,-52.8483223643
1.07492949181,-53.1015006956
1.07560339538,-51.8978447414
1.08428691833,-78.0588169267
1.07478302878,-34.7427393669
1.07978950806,-55.549271487
1.07773539629,-53.5249180534
1.0771692548,-55.6524879308
1.07468823157,-53.0631703726
1.07461141914,-53.9411866762
1.07745455686,-52.0540218996
1.07994363656,-78.6773197511
1.07287458826,-35.0544414998
1.07162723307,-55.3805013734
1.07871479984,-54.0433086479
1.0755788765,-55.5454988252
1.07823006838,-52.7849088699
1.07700949975,-53.7072538246
1.07583455568,-51.7168842298
1.0875951153,-78.3366043149
1.07214628757,-34.1750421414
1.07313778937,-55.7912077683
1.07507601645,-53.6546055366
1.07529729278,-54.9106062958
1.0768433667,-51.8780112293
1.07521963041,-54.9970580827
1.07927694502,-51.7715048224
1.08302876305,-79.0313100089
1.07252465344,-34.0461523436
1.07447168833,-55.8259104395
1.07611975342,-53.5073027081
1.07972056484,-54.9371132984
1.07921264878,-53.0709743845
1.07503152952,-54.0423400889
1.07525095002,-52.5141152474
1.08323491694,-77.6725966988
1.06953741148,-35.1774763173
1.07736067612,-53.9083419701
1.07367924066,-52.5085184863
1.08050198592,-54.1387161119
1.08018493927,-51.2169397778
1.07583972073,-53.3809044198
1.07774087851,-51.7583019913
1.08292380686,-79.1074310928
1.06902001561,-33.8186843836
1.08075649421,-54.6949591305
1.07918509905,-54.4528717904
1.07572373304,-54.3700788121
1.07288372588,-54.1060407688
1.07497236871,-52.4496777658
1.07352898549,-51.7864311539
1.08454127369,-77.5705696282
1.06893332074,-34.0228982938
1.07530023561,-55.614718777
1.07242910907,-53.8452946661
1.07757692902,-55.7757625872
1.0712843157,-52.7580797364
1.0736049883,-54.3793257395
1.07689011724,-51.1723596507
1.08543616705,-78.9070720345
1.07167639447,-34.8438965614
1.07355880988,-54.5265109034
1.07781053284,-54.7442516949
1.07387906203,-55.0918707916
1.07629354449,-51.4038112442
1.07650274321,-52.8356551472
1.07521950317,-50.8714755274
1.08370792877,-78.4528019871
1.0684996074,-33.4556564798
1.076826821,-54.1363446659
1.07414928722,-53.3525626532
1.07419825079,-55.1345849319
1.07508302879,-52.4115636501
1.0783075213,-53.5482213332
1.07505697765,-52.2853731213
1.08167427496,-77.7596015936
1.06825541224,-35.2868931454
1.07722079045,-55.0796478203
1.07728362325,-52.0138033828
1.07887013136,-54.5221925
1.06911730313,-51.7773406119
1.07516790751,-54.0531677415
1.07382200327,-51.5667232961
1.08451516223,-78.4100623235
1.07064317559,-34.2217667028
1.07333198789,-54.7938322649
1.07737352135,-52.5814992298
1.07160931981,-54.9023358915
1.07351026383,-51.5734223012
1.07456597346,-53.3139320833
1.07275784003,-51.6058804843
1.08537105171,-78.2269054374
1.06891249742,-34.450661311
1.07518201424,-55.1825107401
1.07594818757,-54.3650641591
1.0756795318,-54.465878293
1.0721419248,-52.3893465734
1.07438305325,-53.7687800758
1.07669432414,-51.5583256823
1.08143772939,-77.431599591
1.06847559876,-35.3990102015
1.07134888388,-54.3170730943
1.06963170308,-52.4115682925
1.07146380126,-54.8719563445
1.07530304125,-50.9304439191
1.07284801868,-53.9127764828
1.07579553744,-51.0483480229
1.08296750294,-77.6109772586
1.07137326801,-33.8049256732
1.0749383619,-54.4452460776
1.0728846929,-53.5016722693
1.07527208616,-54.5153745632
1.07432692653,-51.6773316364
1.07230535512,-54.1776476577
1.0728729109,-51.0666527323
1.08273489468,-76.7577760112
1.07030506907,-34.1807877571
1.07537299249,-55.1067925263
1.0716469817,-52.8850187973
1.07303987066,-54.3885668764
1.07615047668,-52.0543516122
1.07020961617,-52.5926863701
1.07371985295,-51.6075524733
1.08025310007,-76.1370780551
1.0694133513,-34.5851017213
1.07040930404,-54.2463884409
1.07244455143,-52.8420405181
1.07706389797,-54.2516848678
1.07232097843,-52.4085793079
1.07148607515,-53.3253509961
1.07338767423,-52.4595595577
1.07908254379,-76.602191298
1.0694096058,-34.7647891878
1.07230432625,-54.8643872668
1.07374065634,-53.2676554041
1.07307686271,-53.7173958273
1.07128688245,-52.2347150955
1.07139257507,-53.4585817622
1.07118244759,-51.4669533207
1.08273658099,-77.1634062232
1.06700998782,-34.0496330431
1.07265826123,-54.7952646667
1.07208621306,-52.9450699903
1.07163017556,-54.5057787707
1.07517990694,-50.6197834338
1.07038045772,-52.4145853277
1.071297816,-50.1309393316
1.08055378808,-76.4414886943
1.06925884076,-33.2208202424
1.07128202867,-54.204947934
1.07282090603,-51.8157327
1.07229799665,-55.017667765
1.07050181587,-52.2407751638
1.07279081289,-52.4616349892
1.07150544562,-50.5033858485
1.08063731118,-77.6704435889
1.06709808735,-33.8497953459
1.07199526711,-54.0245449221
1.07231014778,-51.9420046082
1.07358598225,-54.0449049346
1.0749033094,-51.4235146348
1.07365438266,-52.5739551816
1.07642340326,-50.937677048
1.07986156706,-77.2345833081
1.06947246968,-33.7528241933
1.07355180413,-53.7553852169
1.07332635046,-52.6460601646
1.07234082694,-54.7653990136
1.07345440409,-51.5678775405
1.07295669046,-52.8432710643
1.07323421952,-50.6640078077
1.07912651423,-75.960610339
1.0672367998,-33.2511089402
1.07124136054,-53.9890052076
1.07111727123,-54.6696725413
1.07032799608,-54.7476979152
1.07013198395,-51.7305853525
1.06888911379,-52.4337125993
1.07159966117,-50.310678027
1.07577562295,-76.550192911
1.06226712594,-33.526074665
1.06887198527,-53.7390640099
1.07096498523,-52.4136059026
1.07385650808,-53.7453348145
1.0742742195,-51.1986523843
1.07364280804,-52.4733117412
1.06813784772,-50.6726648909
1.07821330281,-76.6396730142
1.0644700069,-34.6614979068
1.07076393449,-54.2204186335
1.0699072426,-53.0513812528
1.06876498936,-54.5454323644
1.07449490682,-52.5327105443
1.0745737655,-53.1133504699
1.07234215799,-50.8309849375
1.08126907348,-76.7817055203
1.06514980827,-32.7856069808
1.07136461498,-52.7930310284
1.07263700616,-50.9892130005
1.07567167176,-53.7041483505
1.07240726511,-50.4698421824
1.07666574865,-52.3063148948
1.07186962601,-50.6706337416
1.0809416246,-76.2659941326
1.0658765255,-32.2466836534
1.07148272618,-54.4480254636
1.07123700526,-52.5565745744
1.06853416181,-54.1924950188
1.07136958609,-51.4866749782
1.07532129224,-52.4667065804
1.07226039919,-50.6740898118
1.07775066175,-77.288629619
1.06421282067,-33.1006093919
1.07050781552,-52.6318658769
1.07333290257,-51.5483065545
1.07255519295,-53.8336324251
1.06768614626,-51.2085325048
1.06925854512,-52.012858101
1.06886991997,-49.6154333141
1.07752878927,-75.3889813583
1.06485564869,-32.9129929018
1.07229906165,-54.0226890545
1.07154171393,-52.4660972435
1.07621538128,-53.780678275
1.06856903118,-50.6995336077
1.0721133253,-52.050531795
1.0725740385,-50.3648263693
1.08172909397,-77.2718099421
1.07019290749,-33.3100101261
1.0740187545,-53.3321698019
1.0731150146,-50.4734268592
1.0729041777,-53.0147822239
1.06800444042,-50.3657571223
1.07365508142,-51.7003535123
1.07201718954,-51.2000394885
1.07823186985,-76.4308765698
1.066619275,-32.8758913003
1.07305569319,-52.8128876419
1.07095112357,-51.8084463448
1.07371682112,-53.7692156599
1.0708329256,-50.9310610431
1.07074017181,-52.0102293234
1.07144087334,-49.8506529569
1.0804775031,-76.2413341546
1.06700417755,-32.6887186716
1.06899128311,-53.8291136554
1.07062068598,-51.7568330033
1.07106937117,-54.0093139093
1.06863260252,-50.9899728587
1.07268546031,-52.6581964328
1.07197517849,-50.0889480899
1.07907254651,-76.3045212477
1.06420294064,-33.5816193852
1.07591146484,-53.211062447
1.07092111654,-51.4456965752
1.07064292206,-53.856557187
1.07440127759,-51.9319788941
1.06925377363,-51.7248471218
1.07325634047,-50.3102797225
1.0771085528,-75.9974647463
1.0665361853,-33.2488157024
1.06941763552,-52.4696938255
1.07429386997,-52.1515766843
1.07475910039,-53.3684866548
1.06747252387,-51.0969824903
1.07323628064,-52.1004159006
1.06922723734,-49.3325146049
1.0778404589,-75.6944954341
1.06468609562,-32.5206931022
1.07180376186,-53.7011705306
1.0667595608,-52.1175752167
1.07032928072,-53.0338225155
1.06998213807,-50.7407515999
1.07027215081,-50.3195413458
1.07211687185,-50.3947516348
1.07652047716,-75.6056493024
1.06689175264,-32.976339908
1.07248288702,-53.1671865601
1.07099333786,-51.7311927483
1.06748058323,-53.145553792
1.06922010686,-50.1318675074
1.0692339529,-51.3151652537
1.071765098,-50.017616353
1.08128020163,-76.0477927848
1.06703989091,-33.0215949587
1.07046682177,-52.473199168
1.06820881563,-51.7921594037
1.06782559542,-53.5967879743
1.07061517391,-50.8400290955
1.07072357661,-52.4234512601
1.06739705688,-50.2640540723
1.08140001739,-75.864577098
1.06648956404,-33.0118160462
1.07385734144,-53.1923979221
1.07089003837,-51.1341184167
1.07072271986,-53.2014020726
1.06799175305,-51.1850002201
1.06820264092,-51.4211208642
1.06900838998,-50.2404801728
1.07719970026,-75.7137512326
1.06375647003,-33.5384348192
1.07163627998,-53.0803163559
1.07546011122,-51.5775499055
1.07376221937,-54.003305725
1.06541143248,-50.2844129183
1.06907637396,-51.4517199908
1.06725116105,-49.7146996864
1.07657537389,-76.1571116148
1.06512597927,-32.2436701583
1.07046419156,-52.9682987666
1.07023507308,-50.1499536842
1.0674673571,-52.7968289403
1.06920317556,-49.4089828828
1.07197295816,-51.6270771579
1.06986218146,-49.5107722423
1.07946116897,-75.9303261217
1.06382067693,-32.3254970183
1.06890725601,-52.6946904722
1.06918272928,-50.8649298857
1.06552238456,-53.0997129565
1.0696311468,-49.7655718863
1.07116574776,-50.6323633161
1.0680973462,-49.7406116567
1.07509729955,-75.5018857606
1.065642982,-31.6399503706
1.07530816485,-52.0332589372
1.06897769109,-51.0383917286
1.06765808886,-53.6427490173
1.06865596573,-50.4780912713
1.06862320381,-51.922981456
1.06601322304,-49.3198451953
1.07357857257,-75.6993416772
1.06279986867,-32.4641003618
1.06792578308,-53.0855100801
1.06810897676,-49.7487337019
1.07058129679,-54.0874393518
1.07194611422,-50.3185895031
1.0675826037,-50.8705964272
1.06792433515,-48.8720776358
1.07016160532,-74.1710133951
1.06417742266,-32.2313827798
1.06513275903,-52.5024852288
1.06991289127,-51.6712350292
1.06789044744,-53.4384781578
1.06470537768,-49.3021275935
1.06685980188,-51.7276394363
1.07009391104,-48.6851613443
1.07757575047,-75.2188146971
1.06182992786,-32.0242606144
1.06874418377,-52.962445259
1.06696582791,-51.5126903654
1.07116516551,-52.580517558
1.06991331245,-50.8696437656
1.06722851989,-51.291107605
1.06800722957,-50.0400459397
1.07585667623,-75.3660113142
1.06515241179,-32.985030795
1.07180852731,-53.3922052303
1.06843287591,-51.7182378759
1.06965396708,-52.0294249682
1.06861260568,-50.721073151
1.07349812371,-51.6421153717
1.07146021508,-49.2581067437
1.08007191796,-75.0160904944
1.06852290426,-33.2551684013
1.06828970209,-52.9070485091
1.07267961273,-50.6961293416
1.06827545132,-52.868360388
1.06714693474,-49.4901616504
1.06937599804,-50.9066563866
1.06893021373,-49.7583816096
1.07735916904,-74.2842423192
1.06245443485,-32.1327581693
1.06951455417,-52.7512777202
1.07139999926,-50.8249100111
1.07157739759,-52.3417671452
1.06929849336,-49.8264538876
1.06899812981,-51.1913138692
1.07312927968,-48.5083420289
1.07890548016,-75.0203714835
1.06666934628,-30.7813368595
1.07047475978,-51.6161834152
1.07264479916,-50.1566877597
1.07098040863,-51.7012890433
1.07001871391,-48.9989051579
1.07080884121,-50.7803190276
1.06948896832,-49.7805527697
1.07915663381,-74.4887287139
1.06450947953,-32.8271131978
1.07303363903,-51.5626063394
1.07136038272,-50.4016080401
1.07016849191,-52.7869737026
1.07419869199,-49.4677053051
1.07047054766,-51.2869426192
1.07558317164,-47.8390151184
1.07808569197,-74.4054499446
1.06338049147,-31.8043972925
1.07114270765,-52.0309795638
1.07157510565,-50.718324205
1.07282151131,-51.6224476848
1.06969437032,-49.6981160106
1.07405682953,-50.4534332529
1.07192068035,-48.9021952668
1.07951444602,-75.5848750696
1.07199600187,-31.5547065214
1.07532226368,-51.500641307
1.07108076791,-50.2925136688
1.0705511336,-51.6293072103
1.06837982638,-49.9666747291
1.07860178014,-51.1380692935
1.07218627592,-49.6288238274
1.07961691485,-73.915647897
1.06780401712,-32.1427654967
1.07490656349,-52.0326331524
1.07386429578,-51.2756452719
1.07150098627,-51.9410734374
1.07580309853,-49.8838871079
1.07570764759,-50.0677119971
1.070868559,-48.6526050014
1.08656271841,-74.9964676112
1.07188234519,-30.1406375545
1.07758322718,-52.5895396553
1.07571588386,-50.8839733218
1.0735639463,-53.1836109238
1.07368767277,-49.7354468897
1.0731085681,-50.4448493809
1.07346533391,-49.2746596822
1.07791431479,-73.4662660229
1.06780923534,-32.5362110122
1.07657917945,-52.6890375048
1.07622662437,-51.0191279008
1.07351640042,-51.6781433506
1.07373605049,-49.8212792617
1.07643159746,-50.784861101
1.0757950838,-49.2387806186
1.08298736291,-75.3283741131
1.07215535834,-31.4603875482
1.07941619161,-52.7369970948
1.07417272577,-50.3689389184
1.07077744886,-52.3215949712
1.07483739182,-48.927156738
1.07510326183,-50.8926876313
1.0764060299,-48.6285798929
1.08528285023,-75.7142188132
1.07345660398,-31.2178782248
1.07975791497,-52.4561198788
1.07953169913,-50.3638212263
1.07989466192,-52.5089976564
1.07655092894,-50.1397291678
1.08160495234,-51.0345336521
1.07875567769,-48.5415597661
1.08453898365,-75.1279554811
1.07254927792,-31.9026057738
1.08012529183,-52.042239253
1.08049583051,-50.6136475249
1.0802461248,-51.7765631485
1.07699330239,-49.6694959152
1.07727578667,-50.4142206232
1.07896905724,-48.4939813083
1.0904619592,-75.2273787308
1.07349554183,-31.1015684727
1.0805691262,-51.5476126673
1.08045089026,-49.3707831118
1.07960607371,-52.0598711943
1.07715893298,-49.1473801385
1.07853721941,-50.0761234009
1.07896865001,-48.6282756255
1.08400607145,-74.7942517217
1.07358299059,-31.3603070999
1.07706190304,-53.2219733033
1.07786781739,-49.5887107109
1.08384940527,-51.5393324781
1.07986859408,-48.9488245554
1.08118952017,-49.7930097663
1.08203166199,-49.0016189363
1.08821667876,-75.3510093127
1.07314406761,-31.3161106044
1.08163926882,-51.0134400242
1.0796090715,-50.597313829
1.08803151818,-52.0402933397
1.08009252193,-48.9270124056
1.08137821086,-50.0485608538
1.0835595378,-48.1751456594
1.08819793833,-74.7944411248
1.08002814978,-30.7119877468
1.08893706919,-51.1231272785
1.08764393173,-50.1790500255
1.09150402503,-51.7775115129
1.09159640744,-49.5557747433
1.10089246139,-51.7496311939
1.11098418621,-49.983092624
1.13278477635,-77.6573008817
1.15214035381,-34.2691712596
1.19724110906,-55.6299660733
1.25382331799,-58.1355128291
1.37559643081,-65.0829354081
