1.34717676025,-26.1128304563
1.23468911254,-25.0105219288
1.17879943495,-22.9302667668
1.15056529828,-37.591396258
1.11043193061,-14.0589835277
1.10277394477,-24.4405053785
1.08566987112,-22.5234456713
1.08443457282,-22.3888270536
1.07787299807,-21.5001790728
1.07676744665,-23.4662655505
1.07350677191,-22.4416152884
1.09173956221,-35.6263175819
1.06170098415,-14.1029021564
1.07230234924,-23.8465059663
1.06612438185,-22.3683231181
1.0655838644,-22.6186082481
1.06789250644,-22.2790058745
1.06726928829,-22.5651720355
1.06619875585,-21.8768675017
1.07765711997,-35.3857781112
1.06442578619,-14.1222016619
1.0710595985,-23.730184371
1.07036751789,-22.2127890287
1.06659207519,-23.0135688558
1.06390121917,-22.443270189
1.06707502329,-22.8157305759
1.06680239372,-21.979234122
1.07734293678,-35.597934863
1.05903353375,-14.1918631832
1.0657782212,-23.7134305976
1.06246152907,-22.4236684473
1.06560864879,-22.6080298707
1.06405755995,-22.7812798982
1.06520335871,-23.4117306045
1.06660812714,-21.8219573608
1.07584202898,-35.8922859736
1.06077463222,-13.9927174373
1.06707507894,-23.3287296169
1.06436021112,-21.4698131579
1.06476221715,-22.1073164435
1.06364510851,-21.9106979045
1.06221399037,-22.9656036025
1.0648966294,-22.5639093892
1.07785707147,-35.4632994607
1.05367002172,-15.2389160009
1.06582986942,-23.325134271
1.06862370829,-22.2552708874
1.06745612014,-22.7781707308
1.06352683619,-22.7668665832
1.06183692753,-23.0314607287
1.06579834728,-22.2194117691
1.07384150721,-35.5205072613
1.05500028777,-14.1958037486
1.0601820272,-23.7360091745
1.06209663182,-22.5697665432
1.06448490472,-22.9111949706
1.06177115532,-22.4084718361
1.06098995349,-23.3459129083
1.06076099321,-22.5577729917
1.0731861157,-35.7347199876
1.05406546433,-14.6486885223
1.06068274142,-23.6523329937
1.05951705265,-22.2893259382
1.06277103693,-22.9317379656
1.05916772929,-22.7970044569
1.06053318444,-23.0575178135
1.06309346705,-21.9976641737
1.0674859297,-35.9138389547
1.0549408253,-14.4948407436
1.06187745558,-23.9466778902
1.0554320842,-22.8912121405
1.05873211914,-23.1925198458
1.05682180647,-22.5984617522
1.05938323341,-23.0956444876
1.06007529858,-22.0757059779
1.07038029831,-35.5971398007
1.05216288555,-14.2915823203
1.05701311312,-23.5832462902
1.05861998652,-22.2769339156
1.060309112,-22.9191263159
1.05836993009,-22.7496059167
1.05801071621,-22.8773224432
1.05752876295,-22.6084975966
1.06994032507,-35.568308964
1.0575254735,-13.9683471384
1.0564173318,-23.6638037193
1.05462726405,-22.4255887525
1.05965905713,-22.7326812589
1.05351670096,-22.7448722714
1.05826384466,-22.8234117447
1.05696517326,-22.6642368435
1.07154758327,-35.4957343649
1.04863173522,-15.2546400149
1.05590330019,-23.7073621286
1.0528658926,-22.8552936763
1.05618501758,-22.6667154115
1.05614973244,-22.7531015536
1.0521696044,-23.7169845322
1.05802682172,-22.4037498782
1.06594289731,-35.860284501
1.05148930826,-13.9702728116
1.05677156835,-23.5397312853
1.05533409874,-22.4263203045
1.05624992282,-22.9923863424
1.05467222915,-22.5341582832
1.05589360532,-23.4211781728
1.05550135982,-22.4204001005
1.06590585283,-35.9025870298
1.04737596367,-14.7121151511
1.05644508512,-23.9668632359
1.05542563229,-22.2913085052
1.05271398205,-23.4097192267
1.05485620339,-22.4288048901
1.05433031846,-23.3598521068
1.05222496617,-22.2291819179
1.06007166741,-36.3587405932
1.04620226029,-14.3754220147
1.05275237665,-23.7089726746
1.05072232288,-22.4739271162
1.05720195522,-23.1283805645
1.05128905719,-22.7294965951
1.05467680934,-23.2583062985
1.05124068787,-22.7499638647
1.0680092435,-35.7207785661
1.04619164799,-14.9055280751
1.0536214376,-23.7407437018
1.0556123822,-22.5698417776
1.05598686267,-22.8200442623
1.05119051951,-22.380201726
1.05129227834,-23.3829567886
1.05537588054,-22.3483196255
1.06663778398,-35.9920867822
1.05326122757,-14.2256184976
1.04881595691,-23.8247431168
1.05141005421,-22.1756052254
1.05407681704,-22.4423988727
1.0532340838,-22.4477155291
1.0511195271,-23.0740856853
1.05262364907,-22.1551025205
1.0612649685,-35.0878110039
1.04487502053,-14.5617886437
1.04863527956,-23.8487618134
1.04820168595,-22.1421260542
1.05779410542,-22.9888063877
1.04965314946,-22.5838656799
1.04991550107,-23.4925354015
1.0525309038,-22.1962145248
1.06052447117,-36.2437845738
1.04385147613,-14.9010863127
1.05279449776,-23.9712205278
1.05181538401,-22.4495821871
1.05556005081,-22.9856502164
1.05168996664,-22.1293154333
1.05179756489,-23.2882528986
1.05275810441,-22.4653400232
1.06065397843,-35.7784233095
1.0448204252,-14.7382660299
1.05269191683,-23.5731967296
1.05031800132,-22.2164388557
1.0491228468,-22.9305504453
1.05069432628,-22.315471791
1.05212807126,-23.5498804756
1.05124231853,-22.2783321597
1.05748179797,-36.0968402434
1.0413575286,-14.4941847055
1.05114021767,-23.8909675676
1.0504801473,-23.2038537061
1.05286991813,-23.321045899
1.05317417231,-22.1045377546
1.05223337876,-23.1454903556
1.04849407314,-22.5783552493
1.06385240599,-35.7854023584
1.04294710576,-15.154781515
1.05496713581,-23.8263486301
1.05134110085,-23.0913995295
1.04902251479,-23.1084003717
1.0475263052,-22.445130266
1.05341134695,-23.4442431343
1.04946227249,-22.6490316451
1.05836612273,-35.4971984023
1.04243194286,-14.6728312563
1.0505159873,-23.5400828445
1.04679147584,-22.4236947884
1.05308025585,-23.1006387391
1.04887884011,-22.8340063142
1.05495472144,-23.1404741438
1.05291830337,-22.4007331864
1.06457950553,-35.6769517178
1.04736566632,-14.9841919997
1.05136728875,-24.0575081446
1.04767798092,-23.1716173272
1.04827935493,-22.8918447343
1.04956394872,-23.3242035621
1.04944717307,-23.7533539875
1.04841343484,-22.6468542876
1.062362351,-36.0585679054
1.0449683534,-14.635335425
1.05207148294,-23.8405222001
1.05008086981,-22.7347892727
1.05496217913,-23.2318447035
1.04714229038,-22.3599343037
1.05331139354,-23.1760715592
1.05074572241,-22.8024097552
1.05952040821,-35.6154830366
1.0439671404,-15.4172237805
1.05139950165,-23.836204647
1.05122626846,-22.7108176242
1.05276467798,-23.4278798271
1.05248178895,-22.8144259836
1.04975432573,-23.68837871
1.05010216813,-22.6932282307
1.06011601445,-35.6985518279
1.04674400673,-14.9846928092
1.052166505,-23.9812841071
1.04829500953,-23.2290480339
1.05242908849,-23.5295403868
1.05078820632,-23.0542352438
1.05061235298,-23.0472220757
1.05120395459,-22.8332849939
1.06229455684,-36.3213622261
1.04322044267,-14.7551352218
1.05106113231,-24.3019601433
1.05181469995,-23.3505035239
1.04834958604,-23.0089823148
1.05053533367,-23.2031844439
1.04908834975,-23.6227946893
1.05090284197,-23.3453642367
1.06090918862,-36.2300553714
1.04315060292,-15.1258597403
1.05051896115,-23.8301967537
1.05110552684,-22.5287371008
1.04897905211,-23.4822515987
1.04805961713,-22.6726988948
1.05146467728,-23.8031186132
1.04951946404,-23.2162156172
1.06389652563,-36.1844714578
1.04747680775,-14.7440869061
1.04826412841,-24.4239782689
1.05323778943,-22.5813284487
1.05405062134,-23.4952603243
1.05222809818,-22.9069501514
1.05171256038,-23.2429989842
1.05033828446,-23.0937791192
1.0627512588,-36.3161860565
1.04120370524,-15.4505444158
1.05328097407,-24.3597180307
1.04947875143,-22.8482031129
1.0512716841,-23.5758092447
1.05387065151,-23.3148353525
1.04857807617,-24.0899775736
1.05256533016,-23.0589157664
1.06371948343,-36.8379317739
1.04201132885,-14.9275349649
1.05335753704,-23.9612351448
1.05088797757,-23.0016270687
1.05334864809,-23.1122414851
1.05106970288,-22.8907659912
1.05255541549,-24.0897570876
1.05228582028,-23.5635748943
1.06440704631,-36.2102775612
1.04548188943,-15.4899130034
1.05203530217,-24.8530366341
1.05175670799,-22.6728796593
1.0520340718,-24.0544074843
1.05221448325,-22.7070232461
1.05078721142,-24.110862497
1.04989699231,-23.517914064
1.06647800412,-36.2735765979
1.04511712708,-15.2579237186
1.0506246792,-24.587467851
1.05200532332,-22.9502399741
1.05340391243,-23.1871085332
1.04936840554,-23.1172933336
1.05239422726,-23.7218682708
1.05289615351,-23.363703469
1.06502581397,-36.275949532
1.04420495777,-15.2678842722
1.05527325799,-23.863950942
1.05148136576,-23.4017815812
1.05374184073,-23.2011411419
1.05149577422,-22.9903562466
1.05209716244,-23.6229827693
1.049772451,-23.4449510341
1.06201145351,-36.3931108245
1.04670967687,-15.562512128
1.05415003332,-24.0285932504
1.05370025415,-22.9485012359
1.05388564527,-23.1460095834
1.05024811367,-22.7592350568
1.05530437207,-23.7303206706
1.05043137783,-22.9026457802
1.06318134603,-36.0611485855
1.04366914555,-15.4235335043
1.05902435124,-24.1213090993
1.05204658654,-23.1209494499
1.05269757115,-23.4207474426
1.05324594919,-22.9444165386
1.04949781758,-23.7876516364
1.05370784614,-23.048131604
1.06272522825,-35.6174340107
1.04628396983,-15.3789632485
1.05271101313,-23.9135446301
1.05331030113,-23.3434457489
1.05135395785,-23.7765337881
1.05344642816,-23.470846049
1.05390462491,-24.0308371223
1.05044114632,-23.237141877
1.06141059276,-35.6488179635
1.0441484098,-14.9943006452
1.05291155447,-24.1491593638
1.05202428579,-23.2263342064
1.05240239346,-23.3362169035
1.04801685227,-23.8909254065
1.05046612206,-23.5488397888
1.05110832284,-23.244846188
1.05899872141,-36.4499851421
1.04616965621,-15.0924635261
1.05158410691,-24.4936529367
1.05359499409,-22.9496834113
1.05426358704,-23.1336801089
1.0503078861,-22.7505247472
1.0539710856,-23.8222604988
1.05166969166,-23.2142143662
1.06556502326,-36.4965497789
1.04742340523,-14.866758808
1.05274907769,-24.1914866631
1.04909655488,-23.4659043779
1.05037206863,-23.5707156416
1.05542417674,-22.8362946827
1.052982437,-23.98700847
1.0516485424,-23.1982749064
1.06469116737,-36.0326987828
1.04360623012,-15.2060865651
1.05640935673,-23.9905156261
1.05242322303,-23.0054513879
1.05444342595,-23.2536098709
1.05098581394,-23.1329302809
1.05434497217,-23.5831518683
1.05423068243,-23.0823438991
1.06596672876,-36.2035667522
1.04818559457,-14.9693157069
1.05293282109,-24.1849785356
1.04972733386,-23.5302675755
1.05299842456,-23.4614239941
1.05183675398,-23.4521143747
1.05229813453,-23.6968897118
1.05255699047,-23.485735128
1.06217304093,-36.230104118
1.04303268792,-15.4974718443
1.05256462769,-24.4729796713
1.05446096097,-23.4989049006
1.05347754317,-23.5511982542
1.05002715633,-23.2424154758
1.0564281167,-23.8836331768
1.05620906583,-23.4409629173
1.06584506983,-36.2685977903
1.0479452681,-15.427497139
1.0545918116,-24.0672553377
1.05311793627,-22.7533787292
1.05618777827,-23.9477007796
1.05431396122,-23.016761737
1.0560842781,-24.5849064391
1.0547602082,-23.3245091594
1.06575632634,-36.6339855963
1.05119493703,-15.5600534793
1.05238866799,-24.0212098335
1.05257849122,-23.4662720659
1.05327220473,-23.0290468231
1.05243808203,-23.7724937417
1.05103286371,-23.5113691359
1.05365428542,-23.5655538762
1.06547018554,-36.5738150998
1.04392855103,-15.5334092751
1.05194738402,-24.2087210809
1.04916441128,-23.8071689532
1.05276800984,-24.3374786555
1.05349096602,-23.4414677778
1.05381543824,-23.8334311812
1.05633383198,-23.2841504471
1.06590317097,-36.7976513995
1.04884145475,-15.3938532016
1.05757707707,-24.3392256467
1.05629055282,-22.8288554691
1.05349677287,-23.7251124176
1.05064696945,-23.5970222721
1.05630971441,-23.7847850475
1.05539777394,-23.8849314733
1.0652685127,-36.3799159625
1.04822498128,-15.5289433785
1.05398879488,-24.2905536184
1.05158616695,-23.2309795659
1.05238880149,-23.8216183169
1.05639399191,-22.7578122864
1.05622530694,-23.8576251335
1.0529888848,-23.2337983278
1.06453488189,-36.7010484877
1.04884092164,-15.5117446994
1.05570153066,-24.2221417568
1.05361223227,-23.3016613171
1.05767664964,-23.328786827
1.05293959472,-23.4174211533
1.0532698997,-24.0777022833
1.05605846428,-23.7330525027
1.06826087695,-36.4355532845
1.04831746028,-15.7248718328
1.0547026012,-24.1353537114
1.05809975191,-23.0387392122
1.05603130562,-23.500497912
1.04974581118,-23.4052377451
1.0533447879,-24.1119855259
1.0531986066,-22.9760204993
1.06790758045,-36.4452685322
1.04600884456,-15.6231807379
1.05670281627,-24.422404701
1.05073219132,-23.4362580371
1.05018395085,-23.802175165
1.05167142427,-23.5456370551
1.05498618336,-23.5678342598
1.04826591013,-23.2090522933
1.06362755869,-36.4378065314
1.04451663105,-15.7867606204
1.05172841103,-24.2495717927
1.05151212966,-23.6434350622
1.05472162015,-24.0139599994
1.05457883175,-22.9604905976
1.04920143841,-24.242491149
1.05124459665,-23.1741588112
1.06583604253,-36.4168776746
1.04603494072,-15.6216714927
1.05255155599,-24.8863865601
1.05362861307,-23.1147158682
1.05683692756,-23.9837411307
1.04991374984,-23.7755401243
1.05377157777,-24.7009949016
1.05322763898,-23.8124056104
1.06923210534,-36.9561606474
1.04782905628,-15.3803836782
1.06059507399,-24.6428189704
1.05181182536,-23.1460892494
1.05746982394,-23.7671989201
1.05095186571,-23.0700320892
1.0578813279,-24.2396457977
1.05351903528,-23.2372326745
1.06640396118,-37.1224336267
1.0456983324,-15.7408744924
1.05187814961,-25.7013006041
1.05896458058,-23.1004571229
1.05261967753,-24.1005756277
1.05507746073,-23.8438487854
1.0560490487,-23.8953627984
1.05304127438,-23.5969408937
1.06560899127,-36.5429640195
1.05068414964,-15.3645564487
1.05296209963,-24.7451081932
1.05104979252,-23.1722352009
1.05685228118,-23.8820041532
1.05278371117,-23.1094748662
1.05516951221,-24.4209384214
1.05481515524,-23.9340316411
1.06564900556,-36.403213954
1.04449818151,-15.502883487
1.05865629216,-24.9199955073
1.05131415302,-23.2943059893
1.05627071191,-24.1992679182
1.05248173859,-23.276645352
1.0596043243,-23.7150521622
1.05671033321,-23.3557666329
1.06459099168,-36.8880325233
1.0458279801,-15.3184112755
1.05715171531,-25.043026694
1.05219152161,-23.6827285728
1.05585036967,-24.2141875863
1.0513681912,-23.753872307
1.05544528734,-23.7991435092
1.04934232104,-23.7235076552
1.06669503755,-36.9042919853
1.04712578676,-15.5805698808
1.05186789427,-24.806144395
1.05124078894,-23.346055273
1.05237682495,-24.0456781219
1.05459015577,-23.597703027
1.05342745691,-24.0548297825
1.054832387,-23.4869096494
1.06432114408,-36.7175984334
1.0431644371,-15.8410679837
1.05554374325,-24.5059685456
1.05138326754,-23.5421953072
1.05348724705,-23.9128151215
1.05340564911,-23.5755877961
1.05361611156,-24.2328862278
1.05116461018,-23.5539777996
1.06493656608,-36.6642629019
1.05066603933,-15.5914605439
1.05005644438,-25.2827520502
1.04992703255,-23.4969834131
1.05287988259,-24.1175058877
1.05649708639,-23.5759457902
1.05257628913,-24.5660194444
1.05478891314,-23.3587778768
1.06541681247,-36.9863965556
1.04650863316,-15.6131428221
1.05865248722,-24.8208097453
1.05301384205,-23.2805356544
1.05546304019,-24.4640639001
1.05147628452,-23.7938361208
1.05466255966,-24.1305768668
1.05549873381,-23.3126038927
1.0650027181,-37.1986038704
1.04800979858,-15.449032107
1.05309888611,-24.4642968756
1.04963682548,-23.5276535296
1.05419617156,-23.8401441674
1.05059354273,-23.7944401629
1.05813985058,-23.9510142415
1.05162508184,-23.6791608689
1.06685660802,-36.844925824
1.04879652602,-15.1183501995
1.05360088818,-25.0844650841
1.05446204308,-23.1822347207
1.05331959859,-24.0999515724
1.05389774745,-22.9838917719
1.05831014527,-24.3614176693
1.05400035224,-23.5812838736
1.06735447947,-37.3748489406
1.0476588546,-15.6922949081
1.05460595531,-24.829908965
1.05611078562,-24.0989648798
1.05734136913,-23.7336802724
1.05635375057,-24.2529189071
1.05477054892,-24.5302476506
1.05439949835,-23.8110170272
1.0685781207,-36.6677617536
1.04944270053,-15.7346185935
1.05511152693,-24.9265488872
1.05328159088,-24.0035568693
1.05675438569,-24.3013117081
1.05387222685,-23.2436472427
1.0531588142,-24.6387201629
1.05548366982,-23.5356857294
1.06834265828,-36.7868126386
1.04637693838,-15.3795124007
1.05316275098,-24.9776529759
1.05299944442,-23.8542953506
1.05810477199,-23.8472665807
1.051853382,-23.9412481206
1.05641459406,-24.3194492806
1.05330592283,-23.5183750071
1.06591665401,-36.7382389246
1.0452658914,-15.9231298736
1.05520469402,-24.1355834022
1.05337945488,-23.4230704932
1.05530793952,-24.0050451399
1.05617513986,-23.3387118087
1.05396954723,-24.1517488175
1.05152824872,-23.7553270857
1.06765362087,-36.9229048029
1.04839368713,-15.8713277658
1.05558114077,-24.5987311562
1.05350842824,-23.8082003627
1.05545610458,-24.1867343645
1.05392219025,-23.4475875684
1.05366776536,-24.4599003887
1.05341131671,-23.2433542495
1.06601384917,-37.1703088225
1.0466092734,-15.8536623108
1.05585991916,-24.6082244412
1.05289625786,-23.8333043236
1.05677620193,-23.7985294441
1.0537629841,-23.7358576072
1.05229370586,-24.4066070858
1.05138775542,-23.6093386424
1.06875831665,-36.8596942392
1.04691608825,-15.7868118363
1.05908249878,-25.0921669426
1.05496474005,-23.6071912499
1.06010468905,-24.321879851
1.05476714673,-23.631458325
1.05419551248,-24.7037216331
1.05217229493,-23.3159750241
1.06619267849,-37.1080646385
1.04713154186,-15.3898932634
1.06049167429,-24.8050727339
1.05537848926,-23.6798565328
1.05693601858,-24.2979499015
1.05299604422,-23.4862533333
1.05545854934,-24.5429648326
1.05245530085,-23.6031553457
1.06680751265,-36.8255021211
1.04688591035,-15.2538537991
1.05325246077,-24.8551644374
1.04966637517,-24.0411848091
1.06171835346,-24.1173604086
1.05316672095,-23.7300654598
1.06030776877,-23.8231635516
1.05054489305,-23.6209250223
1.06701520822,-36.9204413055
1.04977411482,-15.6093798017
1.0558154442,-24.7024217125
1.05321851,-24.0678471832
1.0535636086,-24.4761105007
1.05502077582,-23.8616066432
1.0526099018,-25.025029827
1.05712812324,-23.8132178912
1.06702867841,-36.9656378327
1.04808957192,-15.5880345019
1.05491342228,-24.9615587717
1.05224843998,-24.3836051357
1.05456412605,-23.9505645914
1.0548600037,-23.9846621051
1.05276832449,-24.669970807
1.05706118658,-24.0727603682
1.06748368391,-36.9799398866
1.04833026765,-15.8448203868
1.05657980732,-24.8908285235
1.05506738868,-23.6508517554
1.05067778502,-24.4411704454
1.05708012585,-23.8113827076
1.05429115804,-24.3796530265
1.05703639239,-24.1395347962
1.06866602271,-36.7987500896
1.04685987441,-16.2579788868
1.05424847533,-25.1459425417
1.05583516727,-23.5039306791
1.05647669163,-24.0056451772
1.05141726962,-23.7347938222
1.05438635378,-24.0531161975
1.06022569707,-23.8752595358
1.06475731961,-37.5012578376
1.05111009374,-16.4945982869
1.0527124803,-25.5215878522
1.05564951142,-23.5661804308
1.05761403153,-24.4208774474
1.05381127425,-23.721145032
1.05472399451,-24.9916906993
1.0555105206,-23.7074526627
1.06526446663,-37.3895608655
1.04582763515,-15.9808175431
1.05674291877,-25.0083677087
1.05701817274,-24.1472900948
1.05364430198,-24.1390721169
1.05383280772,-24.2368732046
1.05725233809,-24.5438221003
1.06106304717,-23.7532212543
1.07238094602,-37.315844584
1.04866848872,-15.8294971217
1.05851465298,-24.974574511
1.05208336661,-24.5281545102
1.0548995465,-23.5341376189
1.05479780908,-24.1318769466
1.0603242157,-24.8658056794
1.06043673188,-24.254906519
1.06606898949,-36.7179702255
1.04537513688,-16.2050939306
1.05646729025,-24.79468552
1.05421819306,-23.8329442381
1.05523236964,-24.2535666621
1.05606685585,-23.9561235766
1.0579489941,-24.5183315779
1.06059066146,-23.8812119682
1.07157967707,-36.814006257
1.05014792157,-16.4630460897
1.06029740291,-24.5167761647
1.0572404204,-23.832819226
1.06259623485,-24.0603940453
1.06169208877,-23.9129090945
1.05575399131,-24.3153664403
1.05368824846,-23.7554660328
1.06911050576,-37.1668694593
1.04981520391,-16.1656710388
1.05541695099,-25.1983586639
1.05669155203,-23.732771172
1.05533591993,-24.1509302803
1.05626194139,-24.0356021606
1.06039673351,-24.5731299495
1.05885496097,-24.0974981289
1.06782754683,-37.2707454918
1.05190266046,-15.9854429107
1.05793433485,-25.5153311313
1.05512574199,-23.9057941796
1.05345390354,-24.526469011
1.0564414377,-23.8277855726
1.05792900671,-24.4947862166
1.0589284706,-23.5923447832
1.06932910524,-36.7737340818
1.05114308429,-15.8948297125
1.05494570844,-25.2709271647
1.05579963357,-23.7362714653
1.05711083224,-24.5536032308
1.05862665336,-24.0319879469
1.05819682548,-25.2111535876
1.05700609999,-23.5473070173
1.06835313191,-36.9528721418
1.04773665905,-16.133608752
1.05171379259,-25.4158015745
1.05436335845,-24.2337462179
1.05682354168,-24.237461949
1.05743114974,-24.3096856138
1.05625466718,-24.600925907
1.05709870312,-23.728767124
1.06441838517,-37.3793145904
1.04854330338,-16.0720820535
1.05212569941,-25.2976155214
1.0544507929,-23.900956983
1.05334312352,-24.6471560906
1.0558426465,-24.6348667626
1.05786243621,-24.6164701044
1.05889216586,-23.9075584439
1.06644545714,-37.3725530743
1.04794688597,-15.4430302056
1.05573312907,-25.2541070437
1.05445961576,-23.6773314367
1.05629296099,-24.6468264371
1.05715094597,-23.7165577112
1.057623677,-24.1486670839
1.05477899705,-23.5831486251
1.06745371475,-37.0529644444
1.04818599181,-15.9454126326
1.055780037,-25.3489073188
1.05714172196,-24.3847153891
1.05177087625,-24.6055910521
1.05675972335,-24.2837180781
1.05415664637,-24.7197586201
1.05346577414,-24.0121484473
1.06689163757,-37.2349425769
1.0494978499,-16.4545734647
1.05718292886,-25.119110593
1.05540137951,-24.2999370292
1.06017685356,-24.7054960529
1.05450396389,-23.9004499242
1.05460555694,-24.2969317609
1.05346863482,-24.2571356083
1.07015545808,-36.6074709193
1.04661839166,-16.2608181746
1.05788424156,-25.142718841
1.05681140598,-24.1416072423
1.05653659998,-24.0950556771
1.05600669609,-24.2382870685
1.05450443495,-24.4991780243
1.05218941978,-23.391321916
1.06820260909,-37.2615076423
1.04810577477,-16.140056043
1.05515622663,-25.3245473742
1.05605060131,-23.9226073786
1.0568011217,-24.6270108255
1.05444044314,-24.2825983284
1.05670502533,-24.536716255
1.05795255248,-24.2626923358
1.06538656443,-36.8459500723
1.04683136845,-16.0836599529
1.05649046095,-24.9653586291
1.05268778553,-23.7449115305
1.05503712799,-24.144414305
1.05401608763,-24.559088018
1.05186132348,-24.5405168561
1.05671453958,-24.0364219519
1.06666342537,-37.446830407
1.04659943379,-16.3629168601
1.05802303417,-24.6712756446
1.05572590071,-23.7384284974
1.05501902973,-24.2822702848
1.05204733616,-24.2206667322
1.05537079482,-24.7172312866
1.05046375078,-23.6461010588
1.06910317631,-37.2285661651
1.04676744182,-16.2641061082
1.05592344837,-25.3570499512
1.05325201871,-24.0583035234
1.05491085574,-24.1518292438
1.05851198577,-23.799971295
1.05739889391,-24.5940057673
1.05538293356,-24.2578717039
1.06743771006,-37.1809449021
1.04558135842,-16.040015981
1.05550528197,-25.0647212065
1.05392691824,-24.0870356006
1.05503545242,-23.9725516484
1.05426668774,-23.6375822595
1.05761021463,-24.540809428
1.05436145082,-23.4136876008
1.06898174709,-37.5603097085
1.04733024499,-16.2279178062
1.0566442444,-25.1074185272
1.05370645333,-24.5995885104
1.05496451626,-24.7307365879
1.05388752369,-24.3698125494
1.05602367675,-24.5883260195
1.05536158339,-24.0125514668
1.06750481599,-36.885523393
1.04741075378,-15.8775214105
1.05505328113,-25.1296157549
1.05435673245,-24.1898845709
1.05341491793,-24.8250469608
1.05536332295,-24.7747023963
1.05191712246,-25.1878540774
1.05572898383,-24.3595896985
1.0679577677,-37.8102500096
1.04804042868,-16.234313097
1.05603773466,-25.4563317857
1.05523917213,-23.9470306794
1.05395602774,-24.3052591864
1.05223754054,-24.5195422833
1.05391692597,-24.5900914951
1.05213441862,-24.3213259734
1.06712919678,-37.7697134393
1.05012113406,-16.150379119
1.05803775092,-25.0106673259
1.05558702404,-24.2127815344
1.05694649979,-24.5837411894
1.05324910468,-24.0978431508
1.05812968807,-25.1880521162
1.05256383039,-24.8415611762
1.06531747839,-37.4277164224
1.04889541936,-16.1767897893
1.05431673925,-25.2381985071
1.05570643242,-24.5489882851
1.05710604196,-24.3892801701
1.04900056438,-24.3024684997
1.05321415527,-24.8276590145
1.05556438814,-24.8886657948
1.06749826044,-36.8779781088
1.04705718344,-16.5721112182
1.05746336159,-25.4360356536
1.04878836741,-23.7583798802
1.05642827669,-24.8170905463
1.05378099727,-24.4118674842
1.05402200021,-25.5592628841
1.05102966261,-24.3848767143
1.06431924119,-37.6730800644
1.04808976431,-16.4134917829
1.05833690668,-25.3025765066
1.05576851761,-24.1286261999
1.05789394452,-24.5761049326
1.05380208749,-24.2644446088
1.05667864895,-24.9357625153
1.05177746306,-24.2418493676
1.06254289207,-38.0040211937
1.04691550515,-16.6184242158
1.05469853496,-25.5659968047
1.05270839815,-24.137697474
1.05104814805,-24.4486181895
1.05182052205,-24.3015767172
1.05580839062,-24.8848004656
1.05494822704,-24.1924030982
1.06379068048,-37.7439170767
1.04820222002,-16.0057463371
1.05574339711,-24.8659786228
1.05087750381,-24.2520205444
1.05264138514,-24.6667489344
1.0522679951,-24.9925204106
1.0554970906,-24.7407640794
1.05765052029,-23.9237817838
1.07104508351,-37.7629480529
1.04962079791,-15.9088695344
1.05526782398,-25.8660756934
1.05795976592,-24.2179604256
1.05757913211,-24.4919109233
1.05552011769,-23.9636014334
1.05727499855,-24.7262080187
1.05343972256,-24.4363950643
1.06358685096,-37.7842357981
1.04721906112,-16.7576929359
1.05559377661,-26.0064467221
1.05349511456,-24.794930311
1.05417958224,-24.728849009
1.04860114,-24.4954733716
1.05134992063,-25.0385694086
1.05328717015,-24.2938342823
1.06388649757,-37.8406294762
1.04557573431,-16.2203836667
1.05618562445,-25.2532700523
1.05366681561,-24.0615981742
1.05629513575,-24.2595453872
1.05312950833,-24.0136892229
1.05426456148,-24.4970482046
1.05159150811,-24.7829373367
1.06574892783,-37.709982282
1.04362677735,-16.6852776714
1.05726727579,-25.7642687888
1.05222730259,-24.3936125372
1.05274948708,-24.1868072596
1.0543646638,-24.6821027601
1.0550375481,-24.8926793775
1.05218187715,-24.4813039012
1.06724070461,-37.3359271114
1.04730883317,-16.9542398964
1.05544242791,-25.2703091044
1.05207115216,-24.5637387084
1.05205540859,-24.8322298635
1.05420849427,-24.5039491341
1.05485341486,-25.4270043873
1.05299544089,-23.9749084228
1.06293946351,-37.1520268136
1.04731116775,-16.0482385208
1.05404366284,-25.5128930326
1.05124775495,-24.6394751334
1.05369023662,-24.7691077917
1.05173520837,-24.8201755293
1.05743130409,-24.8507943093
1.05141065866,-24.6167820823
1.0618139898,-37.7976747122
1.04698342494,-16.2708606649
1.05240979957,-25.4658565683
1.04916398149,-24.2496566987
1.05056563591,-25.0713696004
1.04945860412,-24.0554498982
1.05090854668,-25.0795032702
1.05168053832,-24.7479981791
1.06100766124,-37.447427192
1.04223365415,-16.4837840335
1.04961431293,-25.5527010321
1.05250534835,-24.1586639516
1.05259689865,-25.1388046956
1.0507162361,-24.5472081856
1.04963648732,-25.6737185975
1.0515905934,-24.0698883996
1.06189843983,-37.9877433129
1.04430504626,-16.5105558862
1.05391292945,-25.4300950641
1.04929822135,-24.6751700445
1.05623156333,-24.6835177124
1.05365622211,-24.4046960061
1.04990778665,-24.7282576074
1.05478478578,-24.1646084503
1.06203838855,-37.680810018
1.04554120712,-16.4237625167
1.0531005112,-25.2000835087
1.04693047039,-24.1444744603
1.05444639483,-24.7270657441
1.05074881907,-24.1773197105
1.05197399412,-25.1853877717
1.05237047712,-23.4056725805
1.06267246775,-37.357843378
1.04664626722,-16.2154128821
1.04957469064,-25.346740735
1.05034603323,-24.4914166878
1.05243974617,-24.7066076076
1.05038623194,-23.9226631034
1.05093281018,-25.0001630919
1.05154510084,-24.3991485537
1.06596217403,-37.6627888063
1.04660427757,-16.395766049
1.04890006196,-25.7610195815
1.04807034928,-24.4551596184
1.0498248323,-24.9810134071
1.04804909215,-24.9204452721
1.05294698529,-24.9274064483
1.05269795071,-24.5392748469
1.06024191706,-37.2850001985
1.04428137102,-16.1435195453
1.05116373609,-25.427743638
1.05125604333,-24.0410523178
1.05202692691,-24.8809186142
1.04801383759,-24.4510779344
1.04978916155,-24.7477357646
1.049701901,-24.3942169878
1.0632763802,-37.7141838882
1.04207934809,-16.5480006315
1.04986702049,-25.006979025
1.04663665639,-24.3372957492
1.05293322403,-24.4112413906
1.04619206926,-23.9681521855
1.05515510525,-24.8220126376
1.04757200884,-24.0451453086
1.06434717145,-37.1300292461
1.04478164052,-16.5892848636
1.05355368028,-25.3301312408
1.05287120275,-24.0594634125
1.05286079978,-24.7035027607
1.04722806304,-24.2156903439
1.04894085357,-24.6145907382
1.04686032512,-24.5262660311
1.05958211242,-37.1912791703
1.04259987609,-16.4595381049
1.05221892257,-25.083386634
1.0494345482,-24.6050969221
1.05090420963,-24.4665422701
1.05008037087,-25.6131218741
1.05046978355,-24.7370777258
1.0494809782,-24.7585779317
1.06437656254,-37.2906961433
1.04476938088,-16.7814001427
1.05409177805,-25.4934311392
1.04983180858,-24.3848634269
1.0491222642,-24.3608746038
1.04793153,-24.4702306265
1.04835651475,-25.0634062152
1.04993166745,-24.4973562741
1.06288646112,-37.0920673763
1.04026664407,-16.5059001129
1.05146981053,-25.3637730068
1.04695005999,-24.5424556033
1.05191516032,-24.9799973892
1.05097889921,-24.5609828893
1.0504181702,-25.3170290372
1.04565375572,-25.0692832496
1.06316111731,-37.7467498158
1.03848091372,-16.4054096479
1.05628492491,-25.3673012837
1.04923356912,-24.5568770527
1.05088791496,-25.0748444274
1.04680810206,-24.4722313367
1.05050722812,-25.3718717255
1.04675070331,-24.1394157482
1.05714792293,-37.5496453167
1.04159318553,-16.1447082154
1.05232376826,-25.9701161928
1.04913120385,-23.8023590664
1.04617718964,-25.1653125566
1.04836939199,-24.1145231638
1.0507847366,-24.9535060173
1.04802283076,-23.5871718725
1.06265190294,-37.6874971729
1.04496003309,-16.0809245439
1.049803849,-25.4681394696
1.04840473768,-24.3702246139
1.04660045271,-25.3674113825
1.04979012313,-24.6304849362
1.04889104831,-24.7979895697
1.05059230341,-24.2493358171
1.06155964761,-37.5727806853
1.03959373362,-16.9445747771
1.05002257314,-25.5536539216
1.04642997496,-24.165152549
1.04618483073,-24.3425054645
1.04623102464,-24.5398653189
1.05146984581,-24.5658768925
1.0509289781,-24.1495918605
1.05914351064,-37.9153934247
1.03850427281,-16.8205559093
1.05011405805,-25.5327959708
1.04425524902,-24.6762418485
1.04890705848,-25.2776123239
1.04532215276,-24.149963761
1.04873200929,-25.500003946
1.04549854558,-24.9228417617
1.06291173515,-37.7573904202
1.04071053279,-16.4333923117
1.04941215149,-25.8037782577
1.04878334808,-24.3630253915
1.04874537738,-24.684694906
1.04999248027,-24.7088773945
1.05029025154,-24.7925326408
1.04665826727,-24.4593105875
1.05776515874,-37.5820811583
1.04137222821,-17.1277848745
1.05159506481,-25.6847184658
1.05036398664,-24.9101361842
1.05099613627,-25.5599922913
1.04380624765,-25.3493860095
1.04818888611,-25.2962745009
1.04924129659,-24.7278453051
1.06359037636,-37.2578862852
1.04512520283,-16.4112042688
1.05034288463,-25.949036121
1.04534946995,-24.0503586843
1.04838804777,-24.6080858529
1.04828079511,-24.5281894803
1.04992504656,-25.3638626788
1.05069187859,-24.0531974265
1.06083601238,-38.1379881441
1.0418306688,-16.3921212942
1.05189390881,-25.7404329943
1.04966357416,-24.7165126651
1.05471181853,-24.8187966464
1.05000834376,-24.9926584835
1.0525716955,-24.8040393521
1.04964619232,-25.1180207957
1.06210727652,-38.0405338317
1.04042966968,-17.4779562085
1.05001580699,-25.5327760148
1.0490308939,-24.6643299515
1.05298745357,-24.342416993
1.04909785005,-24.6465950197
1.04810293716,-25.1607873645
1.05075850107,-24.6279761626
1.06187196687,-37.2694450296
1.04041400377,-17.2244034357
1.05228140399,-25.1487525912
1.04768980899,-24.9441188603
1.0494956823,-24.8766884235
1.0466775419,-24.0372248493
1.04849006688,-25.3107914363
1.05013153895,-24.4228622093
1.059204855,-37.9494581685
1.03970659914,-16.5524398298
1.05434476091,-25.2901881659
1.05118695298,-24.5908612371
1.04980931176,-24.581998589
1.04756383926,-24.7350020774
1.04903533241,-24.9533465984
1.04579455012,-24.2388919113
1.0578894615,-37.8416957917
1.04352023023,-16.5978021775
1.04913709068,-25.7100966648
1.04753248905,-25.0495325907
1.05096277482,-24.9157652625
1.04950587024,-24.6894954127
1.04968687133,-25.6030184563
1.04620955328,-24.5881680915
1.06027095033,-37.7157184284
1.04442558515,-16.0766287409
1.05151560208,-25.5233030341
1.04647930024,-24.695636378
1.04869748149,-24.7169442601
1.04750935716,-24.3237218309
1.05671571846,-25.2713061974
1.04703189039,-24.5922303958
1.06001006469,-37.2525206487
1.03839742141,-16.6315439136
1.04862641538,-25.6151487532
1.0483942315,-24.8143893158
1.04781121541,-24.7391458012
1.04920377451,-24.7495147448
1.04729276626,-25.348505987
1.05074994604,-24.4163742853
1.06149989204,-37.6018634917
1.04107258269,-16.4505238992
1.04654029784,-25.4566524081
1.04609221049,-25.2449212515
1.04612963266,-24.9542977101
1.04812753571,-24.5773262761
1.04682166433,-25.3566028395
1.05005271857,-24.9076460851
1.05635380996,-37.8474491726
1.04005899831,-17.2911307783
1.05127839269,-26.2644215508
1.04646508406,-23.9469721024
1.04988082116,-24.8649811787
1.04745198421,-24.7049289691
1.04670126786,-25.2438437333
1.04674852089,-25.1512933752
1.05838000256,-37.5293140228
1.03989973195,-17.0294017843
1.05004031584,-25.9340932771
1.04857501149,-25.0682679176
1.0476728063,-24.4856616416
1.0465808864,-24.930986983
1.05112620942,-25.1275128634
1.04849255456,-24.4964851683
1.05867727499,-38.4923860921
1.04119431385,-16.5785893039
1.04955230215,-25.8409514885
1.04428821758,-24.543346092
1.05039465598,-25.202168519
1.04894466627,-25.0865878788
1.04826695759,-25.2267627158
1.04805550873,-24.8111476928
1.0606677898,-37.8225405941
1.04521720939,-16.7258842971
1.05149272642,-25.7957547084
1.04742844691,-24.9311584001
1.05288989306,-25.3985642178
1.04853710238,-25.13906691
1.05010759305,-25.516567265
1.04860587031,-24.4946377603
1.06300075722,-37.6748801637
1.04559468745,-17.2463593601
1.05161981115,-25.2580880978
1.05137613596,-24.899501493
1.05051082561,-24.9005857406
1.04893961218,-24.7231497517
1.05034448398,-25.4712343888
1.04983211864,-24.074908415
1.06009194808,-37.9047445236
1.04062293014,-16.51413561
1.05014461269,-25.822133007
1.0497515088,-24.5331114861
1.04757977462,-25.3003448198
1.04842806302,-24.9759807513
1.05065977824,-25.2978810573
1.0519756683,-24.7068747877
1.0611225878,-37.5144356352
1.04050765326,-17.0447552562
1.05496454659,-25.5276744904
1.0536080768,-24.3398652953
1.04907595627,-24.9857062296
1.04973910313,-24.3323130771
1.05123562463,-25.1967761067
1.05067689252,-24.7457047494
1.0576980052,-38.1080917908
1.04018650242,-16.9122416439
1.04807064059,-25.9832519446
1.04553491502,-24.6393946037
1.04556829066,-25.2261979387
1.04438908555,-24.7501765555
1.04591839926,-25.5255563301
1.04617626214,-24.7532944447
1.05675903501,-37.721031931
1.03617028077,-16.9384624131
1.04531495384,-26.0338713497
1.04745052987,-24.8606287108
1.04749392374,-25.2428153271
1.04286251534,-25.0390237252
1.04563646251,-25.4365554128
1.04570664671,-24.9197493833
1.05424346481,-37.6996534913
1.03617966542,-17.4007307639
1.05343710355,-25.5743662419
1.04924531603,-24.6436166252
1.04891715222,-25.348280806
1.04877365214,-24.835925089
1.04817966971,-25.6097705552
1.04363397946,-24.5508552994
1.06014584112,-38.170810985
1.04074886402,-16.7390377654
1.04965776985,-26.0628277833
1.04314038246,-24.4591821844
1.04819408245,-24.9405966127
1.04731260171,-24.2734936824
1.04563510477,-24.9307440062
1.04700986127,-24.711560049
1.05802636054,-37.8281328753
1.03981975342,-16.8490173578
1.04713660861,-25.9312368402
1.04813983391,-24.6348964567
1.04686690599,-25.5531182273
1.04303463166,-24.6965445591
1.04461161786,-25.2009206879
1.05089575482,-24.3367868491
1.05683561622,-38.3188865994
1.03843308586,-16.6934169579
1.04347612563,-25.893222607
1.04726699912,-25.1226372741
1.04531739486,-24.8515973793
1.04458779576,-24.5939295228
1.04706296854,-25.1760455081
1.04705811767,-24.3310564067
1.05618390973,-37.9136993778
1.03606470643,-17.0789886854
1.04461010495,-26.1714524292
1.04546021193,-25.1100742876
1.04355602837,-25.2539987546
1.04527289177,-25.3741022397
1.04348410633,-25.5303992915
1.04708906989,-24.9815581312
1.05738785853,-37.9826367096
1.04228819397,-17.1146873361
1.04661410532,-25.2111134516
1.04777554101,-24.4286312346
1.04529793211,-24.7863611518
1.0457504561,-24.8037390834
1.04656256187,-25.4558605948
1.04494493208,-25.0574969075
1.05468657931,-37.9799511363
1.03944553507,-16.8033672015
1.04760094602,-25.5065004832
1.04566979443,-24.697337181
1.04911012646,-25.1413963927
1.04247832446,-24.5965783938
1.04548280496,-25.6475046229
1.04415531652,-25.1592374059
1.05659367085,-38.5867698557
1.03596147857,-17.0609729008
1.04344871152,-25.8845658201
1.04086070343,-24.8102445804
1.0481793651,-24.9555420458
1.04451726313,-24.5234538733
1.04650833868,-25.0439169922
1.04279216362,-24.4753888232
1.05514189663,-38.0901024249
1.03670563173,-16.663873684
1.04729729314,-26.0166029757
1.04551942049,-24.581150274
1.04857267632,-25.6396786415
1.04270481141,-24.9371993437
1.04357961024,-25.3835035065
1.04723969249,-24.7028507425
1.05647360741,-37.9218387496
1.03351442677,-16.4750414152
1.04749470172,-25.7973357763
1.04480994195,-25.1294680706
1.04594369003,-25.2393551735
1.04627528664,-24.8205451788
1.04676915219,-25.5834406029
1.04245989102,-24.926944614
1.05424643692,-38.8093086278
1.04444182302,-16.4327301534
1.04563477173,-26.1321857586
1.04546666976,-24.8159467963
1.04517598322,-25.3505514713
1.04600024432,-24.607889561
1.04346051201,-25.2642808316
1.04865848761,-24.4427017816
1.05474870163,-38.2857228342
1.03984309454,-17.0757276504
1.04567681963,-26.4147698103
1.0478362681,-24.9571416085
1.04661655931,-25.2090396275
1.04575425366,-24.6228871728
1.04676453364,-25.1749440966
1.04836116397,-25.1777479291
1.05891584863,-37.9853309575
1.03782877484,-16.8713390923
1.04702367091,-25.963765459
1.04636357607,-25.2599915197
1.04622646264,-25.1637341645
1.0442726791,-24.9507749781
1.04572883607,-25.4323978361
1.04710933373,-24.4326840473
1.05649120759,-38.287530003
1.04158249478,-16.6724508522
1.04951534559,-25.7161576934
1.04551450107,-24.5206906297
1.04639084323,-25.0312404864
1.04610170562,-25.1729446007
1.05172853627,-25.0841646187
1.04279739141,-25.4017875235
1.0593014484,-37.9618298985
1.03758669357,-17.1868410006
1.04990139863,-26.2284131556
1.04692462186,-25.2100496495
1.04605411296,-25.085871597
1.04832701401,-24.6752375168
1.04553323371,-25.6535237973
1.04709832137,-24.4840065346
1.05843269623,-38.3331788609
1.03857809581,-17.6677319135
1.04139802096,-26.2596050412
1.04526070135,-24.7765801548
1.05022254147,-25.0054153867
1.04375489012,-24.6429044639
1.04522779341,-25.862466151
1.04478754503,-24.8948206531
1.05961074805,-38.3683907279
1.03996382094,-16.9544333966
1.04414568788,-26.0393315792
1.04558323937,-24.7421465924
1.04728190294,-25.1152365323
1.03915704378,-24.7048609612
1.04383446913,-25.7849676595
1.04575854773,-24.5628376085
1.05619240722,-38.0785788364
1.03637260527,-17.0003454933
1.04623909028,-25.904771933
1.04200026378,-25.0835951942
1.04738264526,-25.6358560761
1.03918373834,-24.9728830164
1.04387280427,-25.3279638529
1.0453458853,-24.61221866
1.05691392101,-37.9963396306
1.03595955673,-17.4052799576
1.04512789166,-26.0724364557
1.04336769089,-25.5072259448
1.04248458602,-25.5530408549
1.04855047486,-24.998094276
1.04417420472,-25.6429893001
1.04349332797,-25.0090372782
1.05522557941,-37.5015253769
1.03480514043,-17.7235176096
1.04799697259,-25.6224766395
1.04460768444,-24.7533135618
1.0513488475,-24.7621675857
1.04396527282,-24.7625879031
1.04412573961,-25.7599106913
1.04355427269,-24.9810902025
1.05422607537,-37.7923999328
1.03552610997,-17.0244341336
1.04701795803,-25.5112442478
1.04273347684,-24.9997790537
1.04500705797,-25.4437642101
1.04481410164,-25.3793235498
1.04591643742,-25.6938651792
1.04140318942,-25.2742935053
1.05373151584,-37.8992916934
1.03582191382,-17.1894798809
1.04653315631,-25.7646685254
1.04367435756,-24.9955535101
1.04544454225,-25.2721328585
1.04269122767,-25.4873731282
1.0417517875,-26.4174526473
1.04008151838,-24.625493015
1.05568889054,-37.9124411877
1.03835292483,-17.0421054975
1.04543110331,-25.7883191685
1.04661581668,-24.8045653261
1.0438729798,-25.4055876631
1.03925946135,-25.3576781733
1.04573493073,-25.8258575894
1.04959333975,-25.0896181833
1.058377697,-38.6635829083
1.0370284461,-17.5441166745
1.044304829,-26.2913648649
1.04351062013,-25.5864581455
1.04874593308,-25.0165063188
1.04476676942,-24.8639648092
1.04298605338,-25.146683743
1.04290895539,-25.1172831265
1.05653935351,-38.4912433086
1.04215461871,-17.0230938709
1.04441164337,-25.9013253629
1.04390045466,-24.6540951436
1.04940006866,-24.9358214652
1.04613900528,-24.7166204917
1.04757715321,-25.9109086948
1.04472443243,-24.7236075204
1.05615292719,-38.1805713857
1.03827422258,-17.1819876319
1.04408723437,-26.5262230555
1.04723742154,-24.7006489083
1.04362177155,-25.6699790603
1.04466833179,-25.0017987053
1.04576333836,-24.9043002156
1.04435275645,-25.0595359344
1.0596550953,-37.8395993301
1.03990833602,-17.7483217842
1.04546944283,-26.2147212027
1.04359983962,-25.4296631886
1.0460682163,-25.399642652
1.04416481946,-25.2582454599
1.04668264114,-25.9201177712
1.04311406303,-25.3115633243
1.05668929282,-38.136704193
1.03929344626,-17.4708024807
1.04302314318,-26.0139725122
1.04668483081,-24.8750548132
1.04563086242,-25.4278493685
1.0468769609,-25.2439546549
1.0499046183,-25.9642720801
1.04336304908,-24.7389991228
1.05478533541,-38.8076964533
1.03765303509,-17.5589377723
1.04612431858,-26.0449718661
1.04274910133,-24.8607597586
1.04849114747,-25.4465812824
1.04487429334,-25.38039967
1.0455830309,-25.4740268819
1.0462120017,-24.9446374461
1.05967245065,-38.4132629867
1.04046156373,-17.7931666469
1.04726621787,-26.4261792317
1.04724225981,-24.9890895208
1.04784438186,-25.2527764194
1.04741542844,-24.943113053
1.04546790061,-25.724967473
1.04582885747,-24.3087135742
1.0546350947,-38.2553289327
1.04072583622,-16.9682933199
1.04375454435,-26.1761673642
1.04642922997,-24.9713650079
1.04507789867,-25.4762087122
1.04457011489,-25.3829567802
1.04786537944,-26.1109489695
1.04538287883,-24.7969979575
1.05742487264,-38.4043859617
1.04033461041,-16.4975670426
1.04545680665,-25.8670073604
1.04199970273,-24.3592955313
1.0497373566,-25.3884952716
1.04790917486,-24.7276171875
1.04420495776,-26.4843858361
1.0445555031,-25.0319797457
1.05625339868,-38.508510171
1.04192153325,-17.2113181607
1.04619767694,-26.1989361269
1.04586704106,-24.9807401032
1.04727661537,-25.9204232441
1.04667565851,-25.2701569441
1.04426634638,-25.9965427847
1.04463102752,-24.9906012329
1.05779669866,-38.4913167851
1.03918329204,-17.0775895613
1.05014332385,-25.8234557865
1.04178052635,-25.1981279712
1.04461361694,-25.7786236113
1.04217351477,-25.1905489006
1.04552775948,-25.5921901045
1.04620995069,-25.3451500639
1.05575168057,-38.3469454664
1.03743525814,-18.0500277368
1.0423304705,-26.4578562526
1.04635969361,-25.0980494721
1.04630764023,-25.5258046739
1.0479708499,-25.0523682092
1.04519111089,-25.772603392
1.04370965588,-24.8474565008
1.05572514671,-38.6014036626
1.0365507202,-17.5894146708
1.04412954071,-26.1803366076
1.04528527136,-25.3957977168
1.04738633271,-25.2514650216
1.04564719156,-24.7977024943
1.04558326641,-26.2078816127
1.04423594886,-25.1651343617
1.05665544106,-38.7523853814
1.03896997755,-16.9386427203
1.04967705364,-26.4336070715
1.0448662535,-24.999426877
1.04426248023,-25.9068519786
1.0424408042,-25.3882523457
1.04307371935,-25.8408945831
1.04315629058,-25.7181636132
1.05613554107,-38.4238157448
1.03708388891,-17.9394443723
1.04890256832,-26.2466057501
1.04561608036,-25.1224004894
1.0485958646,-25.3817673553
1.04133054089,-25.6412402876
1.0465153048,-25.8661410965
1.04684854499,-25.2105091701
1.05724282777,-38.6170027894
1.03898871401,-17.0518851221
1.04486514038,-26.1103079507
1.04693851662,-25.2159613779
1.04459522123,-25.5210929745
1.04336897718,-25.7342906115
1.04538392297,-25.8842420627
1.04438537624,-25.1820652097
1.05553667729,-38.5119764653
1.03647996313,-17.6538398459
1.04830780329,-26.5565194253
1.04127493738,-24.7474449659
1.04411393229,-25.3931675109
1.04360582134,-25.0104971294
1.04385297257,-25.6590877989
1.04294149759,-25.5921186528
1.05811881784,-38.5836032339
1.04281449878,-17.2251555791
1.04855014192,-26.8718834721
1.04297075156,-25.255394677
1.04441956501,-25.9797774998
1.04295824065,-25.491890252
1.04780089606,-26.0468893152
1.04108632009,-25.1626414012
1.05314668248,-38.6736974625
1.03946728684,-17.4300425147
1.0463961045,-26.3550076057
1.04671540199,-25.3276897138
1.0471103594,-25.4324089773
1.04298583471,-25.1122919243
1.04387527391,-25.9896802851
1.04333160238,-25.2109171658
1.05614530845,-38.6299238415
1.0387454194,-18.170998596
1.0496865993,-26.5782274116
1.04807377277,-25.6908091822
1.04709436371,-26.1403619
1.04564118976,-25.4982308189
1.05129415983,-26.473565861
1.04408490156,-24.4177379842
1.0557574289,-39.1470235637
1.03955637232,-17.2352425097
1.04823876605,-26.6191795395
1.04120179551,-25.4732802692
1.04322370386,-25.7837400415
1.04629003736,-25.5704920175
1.04799416163,-26.124439862
1.03994437994,-25.8861314528
1.05336378688,-38.0538532413
1.03315561619,-17.6042104983
1.04576197793,-25.9269688217
1.04909235419,-24.6097894215
1.04333613566,-25.0771577045
1.04366829499,-25.1270220393
1.04589809374,-25.5482079891
1.04128884364,-25.5538161348
1.0597185598,-38.1225255057
1.04080528521,-17.6351301288
1.04527304318,-26.0959275925
1.04133321385,-25.5112934392
1.04860113702,-25.3116877321
1.03951432078,-25.0544094668
1.04428678946,-25.7912776787
1.04714758387,-25.293139475
1.05623600274,-38.7776249844
1.03696139762,-17.9550075362
1.04511157801,-26.4245743382
1.0432778003,-25.6836879756
1.04776078686,-25.3815607382
1.04299162264,-25.151494663
1.04518650569,-26.7804185844
1.04417998234,-25.646199118
1.05367965386,-38.3338329849
1.03746052319,-17.2982731652
1.04640789414,-26.1628120603
1.04352833157,-25.1861914974
1.04481538151,-25.4443301237
1.04408686839,-25.0900945299
1.04403416181,-26.3983028546
1.04696264016,-25.4369913697
1.05610608207,-38.437110064
1.03770749908,-16.9390189847
1.04392679154,-26.6337153733
1.04594441625,-24.6006827353
1.04525281747,-25.5729520648
1.04782212628,-25.2167649745
1.04556875531,-26.0726009948
1.04182637053,-25.0074187021
1.05595297976,-38.2717738173
1.03732158407,-17.5716567464
1.04543740181,-26.9043142997
1.04351576733,-24.8583054889
1.04450658196,-26.4229267609
1.04188005286,-24.8469667591
1.04324133731,-26.2099980408
1.04318963579,-25.2739800779
1.05322502592,-38.8033518752
1.03566815717,-17.0132875805
1.04491398498,-26.3461220003
1.04012560378,-25.7736230989
1.04465160892,-25.7807813683
1.04250810148,-25.8879263343
1.05130305403,-26.0131183339
1.04480676762,-24.9908749045
1.05625734484,-38.6884641847
1.03722761801,-17.515709578
1.04834714916,-26.5592809341
1.04579184141,-25.248647814
1.04434905781,-25.8286509655
1.0430833762,-25.8329976617
1.03994550108,-25.9947079874
1.042724359,-25.503220878
1.05526984406,-38.2535717565
1.03660908271,-17.2567858005
1.04320990944,-26.5734939252
1.04229839207,-25.8358777341
1.04703491186,-25.3048653551
1.04631004922,-25.3941495111
1.04494786962,-25.9980782695
1.04076666599,-24.900205781
1.05853672512,-38.8629473114
1.03521733513,-17.0196796058
1.04699757988,-26.5139668959
1.04672531967,-25.1197039967
1.04879565987,-25.2229296274
1.04282719435,-25.4730556935
1.0489930676,-25.7771861484
1.04594720587,-25.4436937623
1.06026458775,-38.5926499881
1.03521988874,-17.7903872663
1.04517166221,-26.8697074243
1.04143750457,-25.5831296713
1.04435047437,-25.4928144956
1.04312777847,-25.8954853763
1.04249183454,-25.8046608703
1.0404353894,-25.3527814684
1.05366927079,-38.5859978026
1.0359346965,-17.0229751995
1.04299525987,-26.4061255895
1.03959963071,-25.6987111345
1.0428371843,-25.8107530316
1.04657594692,-25.0983761137
1.04315811831,-26.1913494112
1.04620798678,-24.9979622609
1.05632746254,-38.490174212
1.04094822657,-17.7587549136
1.04473950198,-26.082788055
1.04064084888,-25.3473293899
1.04424085688,-25.6567486229
1.0453329536,-25.8453580947
1.04511842615,-25.8753752238
1.04511115958,-25.8659679123
1.05614896351,-39.1614984865
1.03521621544,-18.1899191559
1.04307336315,-26.3275654594
1.04506478845,-25.5379324804
1.04515747864,-25.9416989791
1.04491548817,-25.6776211308
1.04406460266,-25.9572942147
1.04594903777,-25.5617298826
1.05149190437,-38.8261419344
1.03543261159,-17.7597663812
1.04888713599,-26.334153684
1.04035380386,-25.4843511639
1.04245592923,-26.0535611886
1.0466289065,-26.0794139768
1.04757409419,-25.9667901662
1.0431824341,-26.2027290667
1.05668253452,-38.4402971201
1.04140571128,-17.4024051114
1.04610161752,-26.4574432815
1.04390109133,-25.651871204
1.04135451354,-26.1955178746
1.04118628849,-25.4124207945
1.04294448773,-25.8907662458
1.04272756142,-25.821795342
1.0550416283,-39.0352572742
1.0370407296,-17.756730863
1.04415729823,-26.5552837733
1.04568176614,-25.3394422202
1.03966414189,-26.0534404338
1.03953254958,-25.7962736211
1.04434147408,-26.3441259955
1.04426855394,-25.3588993988
1.05633856307,-38.9480987752
1.0358935044,-17.6227955654
1.04334291763,-27.0975514929
1.0493378817,-24.7637103954
1.04388080218,-25.8795544482
1.04365602802,-24.9681459579
1.045120003,-26.1449350841
1.04064887199,-25.563168808
1.0534304512,-38.8627907348
1.03399830713,-17.8797059917
1.044118377,-26.5843296533
1.04500534877,-25.3520827952
1.04299331242,-25.9512915329
1.04407476766,-25.6695657083
1.04085170272,-26.1637327299
1.04354675441,-25.4502090901
1.05134797323,-39.0859046625
1.04032572211,-17.1477961075
1.04337368485,-26.504051071
1.0401224055,-25.3771520376
1.04512335414,-26.172405594
1.04330524478,-25.4549635382
1.04537155205,-26.3710735279
1.0426761242,-25.0362406571
1.06187024391,-38.8467245924
1.03734086191,-17.9813499565
1.04313311939,-26.478128561
1.04157940043,-25.2882169849
1.04399144048,-25.7087297875
1.04147426185,-25.3413918844
1.0436133278,-26.1895858608
1.04337788758,-25.5665476448
1.05261090836,-38.9250251532
1.03698744763,-17.1039098131
1.04543617146,-26.2824055065
1.04298383223,-25.2328456159
1.04483299779,-25.7495748781
1.04062441678,-25.2608661661
1.04496549129,-25.7807526826
1.0519751693,-24.9534088393
1.05518834054,-38.505767759
1.03524937841,-17.6598569706
1.04149577532,-26.9306690981
1.0428987129,-25.9799411664
1.04435042926,-25.8388027626
1.03941903112,-26.3210066976
1.04454551244,-26.4183364271
1.04160599572,-26.1123663673
1.05524675061,-38.7960006124
1.03713684008,-18.387216501
1.0426876588,-26.9792252378
1.04166765681,-25.5965503811
1.04387212296,-26.1218350478
1.03984739931,-25.6147932952
1.04201086551,-26.1526181381
1.04152106198,-25.6996929481
1.05784697974,-38.9284647326
1.03780771612,-18.222646942
1.04568631158,-26.6438776706
1.04149683487,-25.6773638206
1.04223021403,-26.5038509871
1.04051862674,-25.9500414574
1.04096125015,-26.2714929274
1.04354813159,-25.2788902227
1.05514073432,-38.8650451852
1.03381220761,-17.8490378616
1.04493105595,-26.8302104644
1.04493239008,-25.7814728655
1.04206161633,-26.2412384856
1.04176944201,-25.9736551241
1.04535108491,-26.0845670427
1.04330933245,-25.1697366867
1.05223331607,-38.8786790619
1.03525322808,-18.0731590939
1.0423616782,-26.872556964
1.03829235816,-25.866959425
1.04621571664,-25.7522588561
1.03741931383,-25.9896685125
1.04041498511,-26.2130600286
1.04143975155,-25.8222221806
1.05668906721,-38.623597485
1.03544215323,-17.3962012078
1.04260398899,-26.1973281979
1.03984643532,-25.91323487
1.04701384019,-25.9134317335
1.04234545348,-26.1030945177
1.04419573307,-25.8417757707
1.04278142076,-26.0040590751
1.05292168405,-38.9275877606
1.038572656,-18.2912333158
1.04781379015,-26.6055861341
1.04051717893,-25.3980184381
1.04153880309,-25.9844920325
1.04185695773,-25.6953612878
1.04264810487,-26.0181015706
1.04102603225,-25.4513456362
1.05306580191,-39.3365721838
1.03499444332,-17.8116251671
1.04276211132,-27.037281634
1.03825100841,-26.0694721779
1.0407066965,-26.1756731658
1.04268655467,-25.0676647018
1.0404868108,-26.2212302554
1.04465975695,-25.0317189394
1.05569831276,-38.3284083707
1.03553598462,-17.7222701931
1.04449190119,-26.9689901029
1.04095200593,-25.8019654049
1.04058022071,-26.1228801513
1.04119879269,-25.82458372
1.04394473253,-26.2800305509
1.04251818793,-25.5070079635
1.05469438611,-39.0871240508
1.03815368312,-17.9297773178
1.04529040724,-26.388263474
1.03959120219,-25.7149058042
1.04257978838,-25.9238576046
1.04333578004,-25.4144476875
1.04035616015,-26.5257982276
1.04366203647,-25.3939524099
1.05260354225,-38.8803746413
1.03418382534,-17.6934883121
1.04153141806,-26.9052967995
1.03897460296,-25.5452984013
1.04375092419,-26.6755084196
1.04242173418,-25.9037076815
1.04627398154,-25.9321562402
1.03866522674,-25.3613517226
1.05337541974,-39.3358431325
1.03759155764,-17.7474409909
1.03799596846,-27.0006317
1.04517504979,-25.4702213311
1.04218261648,-26.0320271724
1.03777017433,-26.0575417039
1.04174279373,-26.1814036396
1.03855179876,-25.5578556989
1.05269421531,-38.8389957255
1.03454246058,-17.6792632927
1.03988031812,-26.9757290765
1.04307371227,-25.5956059966
1.0430540358,-26.3301014277
1.04373617764,-25.3615020742
1.03834815813,-26.7691066849
1.0431197371,-25.5479335465
1.05717087454,-39.102691418
1.03181111633,-17.682251501
1.03811714273,-27.1072529484
1.0367306091,-25.5353976671
1.04148917901,-25.7798693201
1.03721891083,-25.6792242922
1.03753644943,-26.5573390389
1.04133688564,-25.8266810708
1.05179354694,-39.0226497301
1.03232887101,-17.6804954991
1.03937883315,-26.995942906
1.03841072703,-25.3777619928
1.04030242594,-25.7510499984
1.03649884377,-25.5033554741
1.04029414112,-26.4464306144
1.04111317347,-25.6081083302
1.05024225212,-38.3288650125
1.03431813903,-17.823245071
1.04336463737,-26.6828619809
1.03747258608,-25.4494241268
1.0378814711,-25.6226845119
1.04167737796,-25.9772302695
1.04068281088,-25.9446093124
1.03884735923,-25.4699349695
1.05334188895,-38.709941136
1.03340144226,-18.1745695547
1.04106848065,-26.5724426556
1.03994798956,-25.9133294126
1.04278990963,-26.1561880869
1.03692061172,-26.0834767048
1.04143333693,-26.8706535302
1.03889079018,-25.7453296146
1.05171173872,-38.7183298526
1.02875580607,-17.9692602768
1.03954995185,-26.5275601287
1.03710714427,-25.8862410927
1.03913109416,-26.4347501956
1.03591255512,-25.2056078792
1.03894498199,-26.4429413489
1.03760979287,-25.6741647959
1.05051392001,-38.6335055277
1.03283125282,-17.3318763588
1.04118846302,-26.7595828999
1.04081842205,-25.7520403457
1.03852936677,-25.8526539271
1.03744826906,-26.0122442866
1.043779127,-26.3754215186
1.03850188983,-25.849231008
1.05190384284,-38.6797032849
1.02878400315,-17.872277865
1.03848800349,-26.7323966232
1.03667573615,-25.7061679038
1.03775683125,-26.6141353849
1.03857532343,-25.5941910645
1.038314904,-26.3574444487
1.03660902882,-25.0089905108
1.05108257798,-38.8490706115
1.03548387097,-17.6864890013
1.04479939198,-26.8123400307
1.0362712592,-25.7722974292
1.04231423862,-25.8998003048
1.04142302185,-25.9015358838
1.04033113664,-26.5434472831
1.0351576951,-26.4329083765
1.05401726157,-38.863584699
1.03146488113,-18.1557554087
1.03634392825,-26.7961533584
1.0394961601,-25.8168942423
1.0383734109,-26.7211589196
1.039066167,-26.1801413259
1.04187949226,-26.6788828678
1.03873414716,-25.8243513885
1.05261788891,-38.9671648539
1.03301986632,-18.3424824829
1.03893464699,-26.811372339
1.04178622999,-25.8898615879
1.03824913394,-26.1505934436
1.03958627566,-26.3078800139
1.03644218945,-26.9127292183
1.04096517745,-25.9119571974
1.04948064891,-38.9258008424
1.03373555852,-18.0268990037
1.03662694673,-26.9302759217
1.0398863451,-25.9757431427
1.03595678908,-26.0471722163
1.03970421816,-25.7482720815
1.03972322832,-26.3971632473
1.04064297142,-25.5484455635
1.05518826648,-38.8862465959
1.02948864607,-18.3895913772
1.03935861468,-26.9150205163
1.03786552431,-26.4495608548
1.03997489559,-26.2731375705
1.03438498272,-26.4586001629
1.04310674323,-25.9883771728
1.03763482093,-25.0137566674
1.05335888271,-39.0989448464
1.0311752535,-17.5339005809
1.03761633884,-26.8687070131
1.03881830117,-25.3711795063
1.03532162981,-26.4326316379
1.03678891923,-25.7734937217
1.03848855108,-26.8608397031
1.03647768074,-26.106162664
1.05127220974,-38.7100570254
1.03076585256,-18.3643803198
1.04015038411,-26.4846334236
1.0381150741,-25.8806247949
1.03955919473,-26.2578847631
1.03455286868,-26.330494575
1.03911381841,-26.2593590675
1.03629601195,-25.918811208
1.05083418647,-38.773340676
1.02786635259,-17.6956340852
1.044284532,-26.2841632922
1.04017266067,-25.6129228721
1.03725853135,-26.0621566044
1.03455435414,-25.972932539
1.04219449129,-25.7775156871
1.03513794576,-25.7705396093
1.04991591527,-39.3035970782
1.03045816031,-18.1753635914
1.03860203112,-26.7971857841
1.03729817609,-25.580712883
1.03880087864,-26.363895981
1.03836287634,-25.9051740615
1.04185199684,-26.1209994177
1.03821055298,-26.1857301222
1.05084586897,-38.7687862384
1.03111277385,-17.8227891921
1.03686111659,-26.9739280798
1.03910313736,-25.0228330339
1.03462670362,-25.8532077089
1.03345711317,-25.7127375753
1.03537440865,-26.5195182136
1.03506197155,-26.3731860151
1.05269457644,-39.3765469176
1.03146099358,-18.1030661664
1.03721203963,-27.1991672979
1.03748889019,-25.6944130639
1.03963592565,-26.6049781215
1.03778814898,-26.1823075324
1.03692450999,-26.462052505
1.03646626063,-25.4159443864
1.04754175863,-39.2746476889
1.02992586586,-18.2982508407
1.04117459348,-26.7737564328
1.03314181336,-25.5676014408
1.03792555153,-26.2250206429
1.03744763446,-25.7292178089
1.03542697003,-26.6276789183
1.03432930802,-25.7031380627
1.04527549178,-38.9965462968
1.0287393368,-18.0672226956
1.03863759577,-27.6503817867
1.03686208732,-26.3028502181
1.03445058059,-25.9212023729
1.03589848863,-26.0199669242
1.03953262196,-26.2412216967
1.03667387315,-25.8591157158
1.05296421825,-38.9652059044
1.03189256914,-17.8393740247
1.03862405356,-27.1025825029
1.03528235325,-25.7293923314
1.03815330226,-25.8242320291
1.03828574352,-25.2955352132
1.03757339467,-26.5870927432
1.0349350974,-25.8457561577
1.0544192117,-38.8764245346
1.02714694466,-18.5798971215
1.03603576183,-27.4049456538
1.03626044572,-26.1447343098
1.04174335786,-26.7825662928
1.03377185723,-26.0411483277
1.03703155045,-26.5124144022
1.03762613725,-25.2073921405
1.05049455414,-39.5121065523
1.02738182739,-17.9257504807
1.03585491158,-27.1927365636
1.03420842466,-26.3139389819
1.03673606763,-25.9516159375
1.03599728233,-25.745509453
1.03487523297,-26.2126227582
1.03599112554,-25.8453678004
1.0472234826,-38.9397603473
1.0268035373,-18.3633479923
1.03536232055,-27.398119898
1.03192838121,-25.8844425138
1.03757534796,-26.3274593505
1.03416371933,-26.2248117466
1.03744687805,-25.9450688235
1.03522679349,-26.4115419817
1.04722344377,-39.0723493684
1.03148563971,-18.5258513189
1.03937435466,-27.163368343
1.03567151512,-25.7763601023
1.0361210496,-25.9792097299
1.04003068788,-25.5163559203
1.0339323282,-26.1923349981
1.03794308837,-25.9994312638
1.0505914459,-38.6604455542
1.03047554729,-18.0489894853
1.03511996623,-26.8611076028
1.03800199648,-25.6929602085
1.03721298009,-26.2488270115
1.03529442733,-26.8461342101
1.03882891258,-26.7262378585
1.03356966762,-26.0584684714
1.04448744307,-38.9665654457
1.03135385488,-18.1921223614
1.0384934633,-27.1679115641
1.03522051821,-25.6941392887
1.03698517292,-26.2909248545
1.0340217321,-26.3080959637
1.03773107708,-26.3120486782
1.03436343968,-26.2079377482
1.04714634866,-38.738516949
1.02716201968,-18.2910875582
1.03649641328,-27.1754659761
1.03384596942,-25.9901706597
1.0375465774,-26.2765908416
1.03433633805,-26.4899769227
1.03167362079,-26.8220927102
1.03573582912,-25.8587496353
1.04720695414,-39.2328815583
1.02914778105,-18.2019773974
1.03611352681,-27.3743948583
1.0340318088,-26.0705812495
1.037316452,-26.5656694319
1.03426415819,-25.9878459553
1.0351704472,-26.8004893125
1.03473622947,-26.1479639741
1.04682751897,-39.2170159232
1.03329622327,-18.0997000277
1.03480472072,-27.432299857
1.03413725467,-26.437405326
1.03494316785,-26.4917052656
1.03587447365,-26.3650725341
1.03669638196,-26.5065831706
1.03841227409,-26.2595749651
1.04646805292,-39.1164661695
1.02536057944,-18.4336651734
1.0395356887,-27.493674634
1.03654542078,-25.7805601855
1.03380162393,-26.0399570342
1.03597626542,-26.2482579391
1.03745504156,-26.6787283182
1.03609020756,-26.4916042461
1.04494142534,-39.5975072328
1.0348549953,-18.1573265567
1.03439460625,-27.0085045991
1.03344066994,-26.304546695
1.03424042633,-26.1743385574
1.03167741115,-26.4967663932
1.0333115484,-26.8298748741
1.0332954168,-25.9918636137
1.04549651717,-39.4413773946
1.03124357716,-18.8675010291
1.03275711401,-27.13725195
1.03255689278,-25.84643176
1.03233243488,-26.5445977913
1.03200835353,-25.4402641898
1.03499798229,-26.59940846
1.03456639622,-26.1620185148
1.04531270847,-38.9924673315
1.02816266136,-18.2108382437
1.03833189038,-27.2258154085
1.03905867491,-26.3139192496
1.03440348387,-26.4597574482
1.0331870497,-26.2006022501
1.03543524654,-26.3422768771
1.03235835828,-26.303805193
1.04997868866,-39.5450624794
1.02766889665,-18.16527104
1.03254486583,-26.9876412464
1.03850309649,-25.5533850213
1.03128085668,-26.2020008683
1.03672295507,-26.0670088746
1.03404149106,-26.7567159254
1.03154603915,-26.3184492984
1.04484938988,-39.4062290285
1.02550931934,-18.6127409536
1.03409602264,-27.2861710545
1.03781702849,-26.32660622
1.0402259472,-26.1847384942
1.03815383614,-26.5632182972
1.03317275568,-26.2377174167
1.03760026893,-25.9601485277
1.04751739817,-38.6995399287
1.02871251363,-18.0205000609
1.03501654362,-27.3739516171
1.03287911631,-26.1286520529
1.03075083683,-26.5494537578
1.03527838671,-25.9373650779
1.03440672264,-26.6174397229
1.032612294,-25.6924609976
1.04709271452,-39.0749466398
1.02741684957,-18.1804384992
1.03481140641,-27.3217702609
1.03490909766,-26.3974567078
1.03313691002,-26.8992454845
1.03916993155,-26.4260641261
1.03782159437,-26.7733841653
1.03819947805,-25.6096424538
1.04747590235,-39.4787048979
1.0244110428,-18.4359992866
1.0343745426,-27.0998089938
1.03709733916,-25.6936421283
1.03803035925,-26.4120010316
1.03260022946,-26.1143249316
1.03682250379,-26.9163123034
1.03358320756,-26.4272128083
1.04736054322,-39.0034696222
1.02777100738,-18.2584375166
1.03534697143,-27.5945827678
1.03367232514,-26.2462071007
1.0353014511,-26.7554521422
1.03791763193,-26.5198762989
1.03583136476,-26.860411817
1.03738835105,-26.1827556176
1.04752181626,-39.1879473315
1.03241979643,-18.4253656786
1.03787297739,-27.1751456992
1.03395246336,-26.0324997675
1.03299263982,-26.4764277412
1.03403621712,-26.1316095787
1.03863740494,-26.4766191781
1.03386230387,-25.8847100359
1.04449064912,-39.1479471165
1.0263258823,-18.0631536866
1.03540732982,-27.4754958706
1.03688250525,-25.8934802965
1.03285024704,-26.7075138944
1.03379205817,-25.669158557
1.034833507,-27.0006261948
1.03436853624,-26.5316691666
1.052440348,-39.8514034325
1.02716208221,-17.4889137175
1.03759969995,-27.3338255958
1.03543939774,-26.0026376757
1.03631768419,-27.3194885705
1.03819511568,-26.3901171603
1.03192440275,-27.3458876968
1.03569296848,-26.732829218
1.04488506851,-40.205318862
1.0260448387,-17.792076752
1.03423165423,-28.5848012953
1.03440291285,-26.1351625359
1.0390293129,-27.4174444334
1.03250417398,-26.9226215859
1.03788878657,-27.3758284663
1.0350121535,-26.8502167693
1.05123033941,-40.3134573166
1.02641069574,-17.9362868666
1.0413237445,-28.2465573769
1.03575835438,-26.146514054
1.03860097704,-27.52276967
1.03338687474,-26.3416635618
1.03356758084,-28.2836352181
1.03338273282,-26.7413763882
1.04920931592,-40.1192143196
1.02422886751,-17.8669561129
1.03611622516,-28.810095018
1.03184322767,-26.3741551143
1.03699161998,-27.8344915568
1.03355936159,-26.9248509672
1.03365773451,-28.3431198761
1.033023365,-26.8768895087
1.04757987888,-40.4370353762
1.02593007764,-17.641815182
1.03752612618,-28.8203006028
1.03464504153,-26.4484542554
1.04040423,-27.6359198679
1.03486972584,-27.1608422873
1.03633334875,-27.7644722682
1.03954921204,-26.6348262026
1.04928116562,-40.178885795
1.02952215171,-17.9218447441
1.03790620609,-28.6673395174
1.03659814684,-26.2309178144
1.03966504392,-27.6542390399
1.04217922868,-26.6250310674
1.04105059899,-28.106478217
1.04000518761,-26.6836243025
1.04988033955,-40.6953976587
1.02981229029,-17.7337040174
1.03742000157,-29.0499043801
1.03852272514,-26.5810671631
1.03756248361,-27.9145002813
1.03617746584,-26.6961801162
1.03992758191,-28.2525753378
1.03560922073,-26.4322489351
1.04838199772,-40.5968907808
1.02738537784,-17.4688780062
1.03719177265,-28.7833242116
1.03813039062,-26.3500295302
1.04148860918,-28.3288795
1.03620795705,-26.6479200402
1.03897575279,-27.9930388256
1.03772625315,-26.0615892966
1.04745690985,-40.6755890349
1.02904292848,-17.4784043398
1.03998659317,-28.8441351703
1.03501062855,-26.7964068742
1.04014691275,-27.574499696
1.03604738531,-27.0348038371
1.03572998925,-28.2932338943
1.03582402119,-26.543744972
1.05277429011,-41.1614301608
1.02511513858,-17.958598677
1.03695386453,-28.5584670476
1.03688379361,-26.1158347162
1.03764131019,-28.2046081475
1.03208173434,-26.4398684735
1.03601876043,-28.6343645702
1.03532404487,-26.302184945
1.05114336223,-40.6586192597
1.02793522441,-17.7617838233
1.0381740087,-28.6582737686
1.03495649074,-26.4055406588
1.03295107747,-28.7208928584
1.03373299154,-26.3461951493
1.042765235,-27.9660162381
1.03379360591,-26.9183068617
1.05191561342,-41.0218492552
1.02905915056,-17.5247287936
1.0381063487,-28.6488442413
1.0377169198,-26.513415137
1.03653910123,-28.9043123557
1.03691098975,-26.3033957178
1.03631551551,-28.7986672692
1.03858796589,-26.8112681679
1.05059991481,-40.8425825145
1.02814199346,-17.9752582686
1.04282166337,-28.5792774363
1.03518717093,-26.4075613176
1.04028546986,-28.1878658763
1.03582198302,-26.5185854992
1.04139827544,-28.3220440465
1.04021128479,-26.6754936836
1.05431509306,-40.850782586
1.02793665748,-18.3595981037
1.04328545078,-29.2287545083
1.03783844629,-26.415347564
1.04012606357,-27.9389371205
1.03946579211,-26.6937356796
1.04101416128,-27.9248363215
1.03614199953,-26.6347934947
1.04673795288,-40.5664650566
1.03008393554,-18.1138183453
1.0402928092,-29.2953073921
1.03866447877,-26.4083249512
1.0382457514,-28.4507372317
1.03885967104,-26.7143614897
1.03814177489,-28.8463880804
1.04098066444,-27.1813184849
1.04891382481,-40.7709764587
1.03511502774,-18.0090412883
1.04144922175,-28.897592087
1.04063156046,-26.0530456899
1.03872161617,-28.1631667686
1.03829566682,-26.3040929865
1.04023887602,-28.2092440478
1.04034165369,-26.2741538876
1.05043478621,-40.6717301944
1.02693832097,-18.5261924767
1.04049697238,-28.8672863119
1.04213107392,-26.226307476
1.03950346713,-28.0249635899
1.03847022212,-26.6981664359
1.03765237183,-28.4560791126
1.03678040746,-27.3386799268
1.05324693177,-40.6710230896
1.02932262529,-18.2782810576
1.03989107475,-28.4572232407
1.03528913064,-26.8835647828
1.039649007,-27.9221882165
1.03783796909,-26.7860716445
1.04170064016,-27.694528198
1.03843513227,-27.3045733129
1.04918281844,-40.4391950672
1.03359022913,-18.284171878
1.03946716751,-29.114181057
1.03711493382,-26.85898352
1.04114342281,-27.4699325928
1.03384849595,-26.7228506271
1.03971897941,-28.0937373103
1.04049058906,-26.1594414834
1.04792623754,-40.8762405192
1.03119485226,-18.1415475079
1.03930584765,-29.1928684056
1.03710481488,-26.6463770507
1.0430592502,-28.2879100831
1.03481578329,-27.2094869685
1.04159568967,-28.3559763441
1.03853877057,-26.560331123
1.04958474839,-40.3862465237
1.03239052728,-17.9158796191
1.0414037122,-28.8544960528
1.0398587988,-26.4583257648
1.03743919431,-28.3902867417
1.04323856972,-26.7429705972
1.04148747755,-28.4437574779
1.04079422243,-26.7394828495
1.0485392643,-41.0625649011
1.02858168717,-18.1771610142
1.04157160508,-29.1383607785
1.04187562579,-26.5619149145
1.04009509241,-28.0394335996
1.03691091897,-27.2116724266
1.04354221615,-28.1160769248
1.0404520899,-26.5259388914
1.05191436115,-40.6991085972
1.03204502426,-17.8616336757
1.03877023515,-28.7825210734
1.0399461898,-26.6713985473
1.03996206282,-28.2041814645
1.0390398123,-26.6576627567
1.03785944285,-28.2639328626
1.03998066081,-26.9230239692
1.05232088118,-40.416145139
1.02963563994,-18.24116767
1.03915971523,-28.9801150851
1.04096180831,-26.6512689481
1.04198849283,-28.3091370774
1.03630221112,-27.0222264693
1.04000766612,-28.4319337507
1.04157040469,-26.8711652321
1.04601591183,-40.6085107737
1.03017835571,-17.9996807933
1.03823025913,-28.5148842324
1.04024706599,-26.9660479363
1.03981054304,-28.5822980845
1.03434991206,-27.3481009098
1.04123467848,-28.7385536954
1.03951948558,-26.9758508268
1.05147577166,-40.8869972988
1.03153937772,-18.2465599886
1.03983737502,-28.7461792089
1.038410513,-26.7372639237
1.03910438675,-27.7419954192
1.03565567514,-26.8250745377
1.04060524188,-28.3530122843
1.03761649472,-26.7358349625
1.04963760049,-40.5529109335
1.03544052727,-18.0042507545
1.04128124148,-28.9142612855
1.03664132411,-27.0276149369
1.03952621759,-28.4827058149
1.03799272243,-27.0064191497
1.04230736791,-28.546770516
1.03749629514,-26.8948906982
1.0550904804,-41.1391744969
1.03124636544,-18.2543344624
1.04373024333,-28.9090099982
1.03760950536,-26.736365069
1.03785085011,-28.4358702381
1.03804757464,-26.8520512779
1.04001276647,-29.2451275753
1.03741536851,-27.2176043198
1.05519422047,-40.7132344682
1.03178360629,-18.5059266147
1.04420456334,-29.1833635882
1.0393744525,-27.2379158811
1.04151622358,-27.7836059518
1.04218196183,-26.9077406459
1.04236261808,-27.6469603006
1.04212247088,-27.1281439399
1.05260252314,-40.8411213521
1.03199141994,-18.5672672513
1.04165765162,-28.8273007851
1.03882504194,-26.676690514
1.04572204472,-28.4342233058
1.03910071049,-26.9575753653
1.04224137788,-27.939524616
1.03768094755,-26.8260925918
1.05222366242,-40.9748853389
1.03043612533,-17.9763740376
1.04064031115,-28.8202853518
1.04200888148,-26.5526290044
1.04131810072,-28.6136812065
1.04010804236,-26.8964680496
1.03716868026,-28.646932337
1.03643107259,-27.2445901898
1.05236608518,-40.5103751345
1.02895095898,-17.9515526627
1.04089924287,-28.74972292
1.0384331183,-27.0606585027
1.04268797406,-27.8794364322
1.03773986674,-27.0812658753
1.0408835026,-28.6393859204
1.03900327762,-26.9796468245
1.0497562412,-41.433756975
1.03055315476,-18.5224880173
1.03824812834,-29.0598572309
1.03592306175,-27.421201292
1.04255016424,-28.5169418405
1.03927463419,-27.1997453052
1.04179450684,-28.9807538327
1.0388986422,-27.2246679695
1.04938347646,-40.9385544153
1.03094433188,-18.4200355001
1.0405174772,-29.6573684884
1.04055865588,-26.6736080379
1.03971517396,-29.0340036434
1.04215029133,-26.8663282467
1.04067310597,-28.4128637503
1.04171770509,-27.2861746541
1.05102718365,-40.9896306156
1.03132988232,-18.1267097803
1.04355862131,-29.1107228224
1.0397941231,-27.2600753721
1.04205177883,-28.0476563284
1.03872883404,-27.2131469827
1.04234244254,-28.3511524029
1.04004282898,-27.3330484311
1.0542850606,-40.9307965395
1.03500971909,-18.0727912292
1.0425837033,-29.0202952527
1.04212472893,-27.2996219547
1.04031652185,-27.939738698
1.04023039388,-27.179692238
1.04170116309,-28.5875415311
1.0393857574,-26.8793210789
1.05044136192,-40.6539136762
1.03360324632,-18.5424245911
1.04499777574,-28.7215004425
1.03908016666,-26.7637491634
1.04473426434,-28.1340621544
1.04245956807,-26.7982005332
1.04247870274,-27.7144157263
1.043846523,-26.9912284438
1.05827635257,-40.7787079428
1.0308077173,-18.3571453124
1.04319896458,-28.9705034824
1.04111501116,-27.076009063
1.04124834093,-28.3924781889
1.04160664916,-26.8754287591
1.04254401767,-28.7658287886
1.04316064527,-26.9321024695
1.0516944893,-41.4348959907
1.02866544194,-18.5501024018
1.04096002276,-28.8293408953
1.03914601153,-26.9753231018
1.0435572591,-27.8177361004
1.03616064969,-26.9807082624
1.04091650692,-27.8086070256
1.04155849305,-26.7964750597
1.05090358635,-40.8370225553
1.03130264247,-18.1908587176
1.04359999493,-29.2566079116
1.03956886776,-27.5626470085
1.04119339344,-28.0251302166
1.03748043703,-27.343768765
1.04182736335,-27.748981991
1.04168728431,-27.2204467921
1.05303838118,-40.7721458531
1.03553125402,-18.0523382866
1.04390452935,-28.3074629499
1.04286931495,-27.3444854064
1.03975794396,-28.2461877497
1.04147277985,-27.1000905296
1.04211614992,-28.9268657684
1.04050516966,-27.1023842499
1.05246644444,-41.3802549638
1.03066244216,-18.3444183214
1.04063089616,-28.8453006914
1.03838998598,-26.8502830864
1.03865532552,-28.1279289923
1.04074151729,-27.1180447957
1.03929897714,-28.9109571826
1.04751098296,-26.9390849863
1.049182956,-41.1508739522
1.03204624442,-18.0081318833
1.04006192825,-29.3682877479
1.0386924973,-26.5717368905
1.03926978642,-28.1069193125
1.04051310098,-26.3370638438
1.04376045166,-28.7024056393
1.03838379572,-27.5620360929
1.04940846219,-40.9968487889
1.03074673287,-18.0965493109
1.0394537239,-29.3769717119
1.03831446759,-27.0618218114
1.04461976561,-27.7753512054
1.04115594145,-27.1876676389
1.03937793602,-28.2754629405
1.03907221335,-27.2873682181
1.05238043655,-41.6315344609
1.03219347324,-17.9674506187
1.0405922843,-29.1856855161
1.03639896284,-27.0665964914
1.04432282057,-28.2885815543
1.03902540137,-26.8405071147
1.04584655207,-28.3581955819
1.041492868,-27.0165862239
1.05461661021,-41.1419152988
1.03389376486,-18.0007270681
1.03986723033,-28.6294415825
1.04014025195,-26.5513737834
1.0421161785,-28.5589496517
1.03873282543,-27.8535275637
1.04514118275,-28.1219699794
1.03599397558,-27.0997339484
1.05479305269,-40.7527276968
1.0326247388,-18.2657904122
1.04269268677,-29.7749668571
1.04036884149,-26.458802052
1.04062432266,-28.5993568153
1.03964603939,-26.670997513
1.04040468865,-28.9418545935
1.03842486196,-26.9470922164
1.05081762428,-41.0297918359
1.02914207176,-18.3569332246
1.04405131693,-29.3783799169
1.03596038515,-27.1958889803
1.04102889488,-28.8388604352
1.03677066312,-27.0780477975
1.04547921888,-28.5778902269
1.03676877965,-27.4012951205
1.05138010006,-41.4775957563
1.03088456215,-18.0766108659
1.04155504528,-28.9776664631
1.03843579013,-27.0266788359
1.04252448742,-28.6199129435
1.03923971356,-27.6245038137
1.04162272221,-28.4040180162
1.04243124313,-26.814463848
1.05310302185,-40.5784550232
1.02905252204,-17.9920539038
1.03967526583,-28.6705810883
1.03849105506,-27.0254179891
1.04447235174,-28.3480210947
1.04091603281,-26.9549845874
1.03813444127,-28.5363201269
1.03953131355,-27.1129816304
1.05152402641,-40.787473073
1.03606844604,-18.0134282661
1.04080729091,-29.3513592636
1.04001246396,-26.6895755675
1.04359719239,-28.3898524315
1.03676792207,-27.2097410358
1.04080857493,-28.2707641058
1.04290179277,-26.8858922185
1.05556055401,-41.288171584
1.0341027122,-18.0999225211
1.04571865709,-29.3110979453
1.04046958308,-26.8896837723
1.04304253638,-28.5956403871
1.03463637048,-27.2272574528
1.041242824,-28.8903988455
1.03945232129,-27.4983997116
1.05024480012,-41.444218284
1.02916747992,-18.5812494593
1.04006690341,-29.3172527397
1.03883052212,-27.0039398773
1.04194873298,-28.2847487992
1.03804088064,-26.9167199499
1.04322376509,-28.5548314857
1.04142783334,-27.2054123071
1.05021622794,-41.2795751584
1.0318559602,-18.5570156995
1.03992470886,-29.4454578373
1.04016910024,-26.9741932281
1.03760039044,-28.4872618267
1.03921701906,-27.3247036213
1.04083813961,-28.7623211451
1.04046667569,-27.0897889163
1.05103400731,-41.17624188
1.02653077468,-18.8673778348
1.04418632617,-28.864486081
1.03922370701,-27.2872881814
1.03645212114,-28.3376216806
1.03860922421,-27.31199165
1.03889582612,-28.0780118264
1.03867978714,-27.426594976
1.05237382397,-41.4578068524
1.02975957831,-18.4926270764
1.04148395289,-29.4545808572
1.04104759228,-26.7158638688
1.0419205443,-29.3946915663
1.03808987403,-27.5008733336
1.04046468658,-29.1445279152
1.03577028288,-27.1989654555
1.05061236544,-41.2625616276
1.0313579751,-18.1792453656
1.03994620157,-29.2906331287
1.03843996798,-26.5411105341
1.04129251687,-28.2989415811
1.03903500948,-26.7732017508
1.03849664298,-28.3034892057
1.04073356215,-26.981142172
1.05170904873,-41.4741713847
1.03053548894,-18.1587623671
1.04434911182,-29.2386525294
1.04033837728,-27.1301685485
1.03949276611,-28.7910038641
1.03904337161,-27.7207509506
1.03901058441,-28.9247632263
1.04335751754,-27.8618350809
1.04934834259,-41.3823671593
1.03161736466,-18.5462418589
1.03489773586,-29.2993724716
1.03756982878,-27.3802958722
1.04422923628,-28.4052013873
1.03626442836,-27.4767980165
1.04001684899,-28.555516658
1.03987931978,-27.5499069094
1.05072784152,-41.4977616875
1.02862310493,-18.471632607
1.03889350201,-29.1339485312
1.03871013497,-26.7943710155
1.04410133952,-27.8745094526
1.03769136616,-26.9496414944
1.04028821339,-28.5533796081
1.03851820667,-27.2212118601
1.0527844587,-41.5413568293
1.0295080505,-18.7620142188
1.04079371381,-29.5970928999
1.03696003624,-26.8471275015
1.04142371323,-28.3773390526
1.03865609436,-27.2166233113
1.03623901046,-28.833566453
1.03720240068,-27.0001997746
1.05298327777,-41.5331370465
1.03265036293,-17.6373336129
1.04107278753,-29.3694761898
1.04018881311,-26.9247035921
1.04108832644,-28.6424035922
1.03735264353,-27.2636798517
1.04213447592,-28.5110115647
1.03805618139,-27.4409765348
1.04893151964,-41.1281157981
1.0313629298,-18.8476798882
1.03978508612,-29.6504934292
1.03876585009,-27.0343193344
1.04046513874,-28.6834388677
1.04096188428,-27.1422370065
1.0401771992,-28.1614952811
1.04271151943,-26.7778698504
1.05323059766,-41.0219374027
1.0290151536,-18.0425652373
1.04041299751,-29.258191369
1.04427994224,-26.9337660602
1.04080956567,-28.3481340045
1.04010318334,-27.6505884417
1.03801694003,-28.8501706421
1.04123979691,-27.6849195791
1.04851035256,-41.4584970953
1.03549764874,-18.3556203669
1.04142715143,-29.4310785201
1.0378150628,-27.0631761478
1.04056763829,-28.8004392489
1.03946738981,-27.5278789376
1.03714425018,-28.9568518059
1.03885241406,-28.0539214822
1.05527857461,-41.0979143512
1.03009582774,-18.7209209586
1.04099941934,-29.1002201543
1.03772144986,-27.3711019827
1.03852167162,-28.6092781445
1.03692693039,-26.9440403684
1.04004457426,-28.7514622925
1.0400340194,-26.9868792609
1.05465090199,-41.1534855345
1.03504904294,-19.0038225006
1.04563994583,-29.4446082386
1.04180264257,-27.2037111702
1.03917412797,-28.107064014
1.04115462622,-26.9727933868
1.04159955758,-28.6505898653
1.04232971509,-27.3226537076
1.055388342,-41.6093102457
1.03246749222,-18.5143748516
1.04273958203,-29.2127252269
1.04198259689,-27.2001032521
1.04207376416,-28.5060455734
1.03894585284,-27.5558837162
1.038309652,-28.8399166381
1.03881977536,-27.3214083438
1.05050964477,-40.8369465484
1.03000683266,-18.864703606
1.04174479475,-29.1127121468
1.03654200418,-27.4611928591
1.0405684977,-28.4642809284
1.03795128118,-27.1103852396
1.03905976924,-28.017917159
1.03922553017,-27.7969914968
1.04987342475,-41.0481661728
1.03307435266,-18.8666954387
1.04029032631,-28.7820630864
1.04080829518,-26.7905312861
1.04202576977,-28.0930989352
1.03854260111,-27.3528509539
1.03880145571,-28.5324591755
1.04098716751,-27.2343541947
1.05292255086,-40.9563107444
1.02960527114,-18.7197901553
1.04131537375,-29.1370691846
1.04023466703,-27.2532616489
1.0396213718,-28.5073056877
1.03767665015,-27.277805636
1.04103832853,-28.6913696739
1.04035685995,-27.3552927679
1.05042675683,-41.233289073
1.02837043665,-18.8995563651
1.0427073282,-29.2666821996
1.03877242943,-27.0810678019
1.04289914984,-28.7307896848
1.03726155121,-27.4764242651
1.03578693262,-29.1246272323
1.03991360975,-27.5073624739
1.05170836239,-41.2214639857
1.03242742608,-18.9877014211
1.0387765677,-29.4272737008
1.03722966048,-27.4313019153
1.0388098474,-28.7851886373
1.04003036476,-27.7322293455
1.04410367017,-28.885094098
1.03835993534,-27.7370953407
1.04999082228,-41.4762526992
1.03550972762,-19.0896528962
1.04120716418,-29.8989283737
1.04005046541,-27.254396619
1.04458822455,-28.3353984939
1.0392400599,-27.3414450767
1.040236724,-28.7721098978
1.04145961623,-27.1019151947
1.04997475099,-41.1848143238
1.0309517685,-18.4958805726
1.03993100542,-29.4724330252
1.03613248892,-27.495964249
1.04060578546,-28.6995919872
1.03714617365,-27.339641442
1.03859610926,-29.0240327976
1.0417013364,-27.4431071247
1.05218445514,-41.3436004551
1.03258021382,-18.624349524
1.04262716205,-29.2802019573
1.03934040741,-26.9407288883
1.04046371932,-28.8143933655
1.04171056879,-26.9734692765
1.03694295946,-29.2379137974
1.04165738387,-27.8999925995
1.04902434638,-41.3188929237
1.03478309758,-18.4721965009
1.04250095378,-29.3287430068
1.04075059594,-26.8943254078
1.04278952455,-28.3367707358
1.04112656214,-27.4082138738
1.03907145645,-28.8561086936
1.03924938736,-28.1408511059
1.05199728266,-41.4566619243
1.03140682507,-18.9804384872
1.04519817737,-29.3522632197
1.03909942489,-26.8915603429
1.03942089841,-29.0173977522
1.04184393693,-27.348285623
1.04177297755,-29.1405585341
1.04171054768,-27.0467725549
1.05363577318,-41.019080129
1.02747646812,-19.1863410717
1.04543081118,-29.0324231478
1.04255933725,-27.539802421
1.03959443844,-28.8521097321
1.03735416681,-26.9822915274
1.04029845007,-29.4203916161
1.03844798187,-27.8985364311
1.05176881951,-40.6919890816
1.03285258643,-18.4757100593
1.04345876836,-29.2827626819
1.04262339948,-27.1900808319
1.04004027653,-28.4054190494
1.03471065654,-27.9051563573
1.03991385294,-28.7773756267
1.04143216377,-28.0248380168
1.04911613735,-41.3449388123
1.03133063684,-18.7677441143
1.04008293783,-29.0529344851
1.03698241715,-27.3545750529
1.04233528414,-28.640981673
1.04071814106,-27.5711763824
1.04072532324,-28.9046918416
1.04223642499,-27.2414498234
1.05378610774,-41.3645123189
1.03130122883,-18.5660694284
1.04754638913,-28.8897605134
1.04355418703,-27.2907975207
1.0410167214,-28.193126221
1.038511792,-26.8567076818
1.04068334931,-28.6140489232
1.03805091515,-28.1524534091
1.05320801802,-41.0057243317
1.03121625799,-18.627256756
1.04170930582,-29.6185945374
1.03764268174,-27.3089304789
1.04188863341,-28.6365247865
1.03701800065,-27.3189785435
1.04022490836,-28.3643948202
1.03828960904,-27.2889376278
1.04934015209,-41.1382147571
1.03509934648,-19.0807602001
1.03885474421,-29.5135975026
1.03940990377,-27.0181684982
1.04097737194,-28.6449517829
1.04152402846,-27.6383950307
1.03869485122,-28.7743094339
1.03721778172,-27.8333576102
1.05453617865,-41.4359325022
1.02977766498,-18.6526149505
1.04358025725,-29.4201340501
1.04183306279,-27.6669804412
1.04186051735,-28.5240039208
1.04128007222,-26.7565855861
1.04509567427,-28.7472631967
1.0431957178,-27.1355906577
1.05172664692,-41.2183343088
1.03153192051,-18.3850330664
1.04114153214,-29.5615725492
1.04153788633,-26.8732399163
1.04080608947,-29.1731976619
1.04321670975,-27.1392714345
1.03869255368,-28.7123759073
1.03809649684,-27.4569202217
1.05058022441,-40.7968801424
1.03563417839,-17.8863452114
1.0413375426,-29.4347858317
1.03943432941,-27.788729859
1.03856467468,-28.2640963596
1.03991536779,-27.6373572178
1.04032750344,-28.5387703277
1.0359000309,-27.6787318196
1.05172480062,-41.0732598223
1.03124718772,-18.39503223
1.04226950801,-29.8745466439
1.04242670313,-27.7870564954
1.04313385277,-28.7777087139
1.04611985454,-27.5087079035
1.0440383505,-28.9382173363
1.03706217722,-27.95546579
1.05369703838,-41.497251885
1.03296652499,-19.2157734403
1.04516494596,-29.162700136
1.04161504753,-27.8061303509
1.03998613625,-28.5128327281
1.03509956551,-27.65763107
1.03881628615,-29.0336283996
1.04218705584,-27.3097426063
1.05244245615,-41.3680237664
1.0337841147,-18.1830398323
1.04579963323,-29.6415292667
1.03932645599,-27.3421253818
1.04456054096,-28.2090573359
1.04258558397,-27.8522664356
1.04231883213,-28.4773888412
1.03997938485,-27.3494592375
1.05524931838,-41.2291562414
1.0330486222,-18.8383861249
1.04195303877,-29.2718575878
1.04211317428,-27.5385066889
1.04196482499,-28.4620927066
1.0365491222,-27.3601842833
1.03928285294,-29.0023526702
1.04032076705,-27.2726173028
1.05352598706,-41.3239364822
1.02810372113,-18.5168404247
1.04089976518,-28.9719028625
1.04046691818,-27.3040236476
1.04208968624,-28.0925445512
1.03972230902,-27.4773438044
1.03845013536,-28.925212627
1.03996252837,-27.5569945521
1.05605773424,-41.5473697012
1.03054933009,-18.1557400576
1.04046984921,-29.4561641576
1.04042469545,-26.7497638294
1.04316250475,-28.7967337415
1.04187547217,-27.096958036
1.04035606167,-29.0459067091
1.04029883889,-27.3985599534
1.04955193704,-41.4370846411
1.03029493288,-18.819553778
1.04344226093,-29.7950376558
1.03773480084,-28.1092774368
1.04467069061,-28.8908148345
1.03675184785,-27.6349690328
1.04086602697,-29.2645753452
1.04100125987,-27.6470650198
1.0541486937,-41.0928385388
1.03426526991,-18.2869934343
1.04289911186,-29.3808186159
1.03873359615,-27.262633601
1.04340869653,-28.1863052736
1.04044010406,-27.2912929325
1.03952373971,-28.4952891001
1.04182854735,-28.1187163484
1.05127055293,-41.5084902801
1.02992565237,-18.9543278071
1.04400844546,-29.6316785097
1.04007250536,-27.3031697736
1.04321162434,-29.2506414802
1.04104438921,-26.9414288328
1.03935922197,-28.6368091245
1.04000560334,-27.9817253751
1.05317617718,-41.5350401956
1.03136843548,-18.5661193436
1.04116556926,-29.0999919728
1.04074964009,-27.2815881307
1.04148440831,-28.4850464742
1.04509436911,-27.1010422466
1.04338585291,-28.984664754
1.03857956786,-27.6096925785
1.05217246734,-41.446231915
1.03302472928,-18.7988839742
1.03881707666,-29.7474403941
1.03924106805,-26.8915762961
1.04303632999,-28.8754486011
1.0436688885,-27.9130627462
1.04417180383,-28.8407452606
1.04304280957,-27.7597712577
1.05545811738,-41.3234527113
1.03818777533,-18.1986075114
1.04513525736,-29.317999875
1.04179907431,-27.0539247774
1.04478941014,-28.8694162496
1.0420725078,-27.5068084216
1.04490685687,-28.8209466777
1.04517749879,-27.5406108163
1.05879928302,-41.7718386617
1.03387291071,-18.9034747971
1.04794480106,-29.2216108904
1.04242760739,-27.3359612532
1.04433918062,-29.1678814477
1.04325809167,-27.3299423898
1.04882471216,-28.3016186897
1.04304762954,-27.8964628732
1.05795012545,-41.004339707
1.03436010816,-18.0348045685
1.04263721668,-29.2436123653
1.04126129887,-27.5380442769
1.04329707974,-28.8616074274
1.03979401828,-27.8626468525
1.04304833662,-28.2657965668
1.04188533292,-28.0400426646
1.05554603646,-41.4269484332
1.03477757406,-18.6772247703
1.04459433078,-29.09059708
1.04510008694,-27.5438394865
1.04522239436,-28.5529890166
1.0405534316,-27.8766270255
1.04176398542,-28.6808690898
1.04015900998,-27.549516985
1.05406745405,-41.3478843494
1.03244357123,-18.8283009423
1.04484515884,-29.5730863861
1.04312472835,-27.2356727685
1.04531383078,-28.8961929102
1.0446743303,-27.8019900075
1.04330526436,-28.7464784241
1.04018248581,-27.5925337044
1.05271257628,-41.0163134901
1.03323598611,-18.800362086
1.04247349836,-29.6468199705
1.03988613655,-27.6081187195
1.04355328256,-29.1939800268
1.04102851409,-28.0857673155
1.04075736201,-29.6955176896
1.04303707343,-27.5967837185
1.05315068732,-41.9777140073
1.03213492773,-17.9254384562
1.04158672814,-29.3787470831
1.04276353506,-26.6727025851
1.04228416751,-28.5462277243
1.03967190481,-27.6703600956
1.04229712086,-28.9056555817
1.04309313062,-26.9425319156
1.05459441113,-40.9297971469
1.03049168164,-19.0336372746
1.04136827392,-29.7596289584
1.0484864712,-27.1474046528
1.04456381882,-28.0410397675
1.04079400789,-27.460485463
1.04376676086,-28.8650953961
1.04280130018,-27.0179658249
1.05286903722,-41.7025317332
1.03421857877,-18.4257569621
1.04440494648,-29.3305596205
1.0431179004,-27.4664630785
1.04175802731,-28.4325097658
1.03836442886,-27.7309420286
1.04250151348,-29.4533436836
1.04014873974,-27.1877991702
1.05170390051,-41.5873816952
1.03497479107,-18.4598611956
1.04408142232,-29.6770561861
1.03992102409,-26.7973547424
1.04027887012,-29.0208088281
1.03871982629,-27.5323378009
1.04274281315,-28.9670530677
1.04028096059,-27.7650485798
1.05510527859,-41.2180698033
1.03172849997,-18.3807602913
1.04051700798,-29.5558751307
1.03895751843,-26.9712873972
1.04071978128,-28.6651010717
1.0420232792,-27.1848521052
1.04034260373,-28.7806957495
1.04243809829,-27.481040573
1.05688315659,-41.086480937
1.03102101061,-18.7369856553
1.04420324928,-29.0907731705
1.038316335,-27.2742749063
1.044216051,-28.6065662476
1.04061934429,-27.2713996945
1.03817194354,-29.2495945323
1.03976853356,-26.7720912785
1.05366964722,-41.8188000635
1.03433710572,-17.9454716456
1.04314238209,-29.4965932722
1.03963925043,-27.2336221729
1.04515947212,-28.3603663578
1.04111236734,-27.1880435284
1.03761329892,-28.5508464436
1.03737056625,-27.6306546099
1.05414694908,-41.1948223395
1.03295086923,-18.8181856785
1.04124289227,-29.649466906
1.04005663935,-27.2452813284
1.04219273428,-28.7428135578
1.04209579374,-27.102881502
1.03785503311,-28.8360056851
1.03870211675,-27.2677289462
1.05048550575,-41.5188738595
1.03242970457,-18.4182251094
1.04093685571,-29.0227359375
1.04032491885,-26.4777769906
1.04325343758,-28.9670381929
1.03848275664,-27.6970438825
1.04333700828,-29.0469956484
1.04033606713,-27.3945977763
1.05691477526,-41.2844596186
1.03366152798,-18.6272010519
1.04223024023,-29.4165438433
1.04257006308,-27.3214679615
1.03934094491,-29.0919949848
1.03790321484,-27.56411603
1.04456457059,-28.789652813
1.03921326321,-27.4100309241
1.0549624358,-41.480751013
1.03072190435,-18.8112606889
1.04073432147,-29.4648249522
1.03822118473,-26.9408791197
1.04030309561,-29.2027147578
1.04028120709,-27.1875904845
1.04202091402,-27.9872507532
1.0405532372,-27.4592313894
1.05135331599,-41.4161834371
1.03176746395,-18.6749619953
1.0439091186,-29.3881630707
1.03694200533,-27.264914541
1.04117461049,-28.5686381744
1.0409159852,-27.264458755
1.04603847108,-28.4950532301
1.04585518979,-27.8475766409
1.05562035141,-41.0832365225
1.03264047855,-18.7355589189
1.04059986714,-29.049188503
1.0370016973,-27.2155762703
1.0392640216,-28.5860428452
1.04382454564,-27.5424513509
1.04495040293,-28.4270561512
1.04225516313,-27.0868814731
1.05217365577,-41.6805874958
1.03200939545,-18.4487524033
1.04191093354,-29.3680313495
1.03438169823,-27.814693657
1.04219127043,-28.4695071329
1.04170743544,-27.3463118132
1.04168987127,-28.947149581
1.03991439271,-27.4123334613
1.05309465413,-41.1394493078
1.03555919302,-18.6503993166
1.04227168138,-29.0815744057
1.03843809374,-27.9106935803
1.04517133947,-28.6641773076
1.03715012996,-26.8627492089
1.04589322995,-28.380638074
1.04000563231,-27.8870143709
1.05353640774,-41.0096412924
1.03340163421,-18.7739096349
1.04633379454,-28.7863849998
1.04141890669,-27.1232981742
1.04361975703,-28.4986445831
1.043651107,-27.3754475469
1.0380555144,-28.5480601597
1.04104939565,-27.6591347204
1.05682669843,-41.1307855493
1.03435291358,-18.4998606416
1.04176275385,-29.5737295568
1.037940034,-27.1390030951
1.03873990766,-28.9869983635
1.0380628985,-26.9738012544
1.04213392538,-28.743743048
1.04183215949,-27.356860003
1.05179031168,-41.4850274965
1.03127665819,-18.6942766082
1.04204229337,-29.5227316267
1.03839304809,-27.428367116
1.04049729726,-28.4250909339
1.04047155245,-27.114204661
1.04121642861,-28.5335385351
1.03991752529,-27.255432959
1.05322041727,-41.5525186462
1.02557963126,-18.7082572995
1.04388451991,-29.334993109
1.04372707497,-27.2580953514
1.03954170915,-28.4303713774
1.04233181826,-27.0349522323
1.03993309394,-28.434084628
1.04149479862,-27.4173996477
1.05496959088,-40.7903601041
1.03180645171,-19.1826102602
1.03996660561,-29.1846513459
1.0445645486,-27.6281766318
1.03687939637,-28.4122053979
1.03836110723,-27.3946983666
1.04058821037,-28.8707281782
1.03883468084,-27.5530208156
1.05216085509,-41.248528817
1.02828869646,-18.7647906513
1.04152457545,-29.1812040025
1.04061953712,-27.0578100092
1.04215500667,-28.6824470068
1.03706081213,-27.7604471704
1.04062244646,-29.2160136432
1.04214462102,-27.4851194783
1.05420046997,-40.7083480696
1.03192970234,-18.3228154273
1.04108071679,-29.1082951511
1.0398690279,-27.0746057839
1.0403628588,-28.6476295675
1.04002918898,-27.7649280208
1.04364930542,-28.4824031616
1.0356528654,-27.4730025768
1.05005321432,-40.8960955724
1.03284575984,-18.4634279181
1.04179197685,-28.7976689835
1.04202880887,-27.2129251299
1.03849216417,-28.2009987659
1.03818244123,-27.6626232516
1.0410228,-28.4236782353
1.03714780504,-27.1973890184
1.05188962002,-41.0026465987
1.0311528759,-18.6081437669
1.04193988287,-29.1437615809
1.03984291389,-27.617120691
1.03835521778,-28.5348899903
1.03703680158,-27.8314091576
1.04049201494,-28.8312406685
1.03931029347,-27.8314588964
1.0510529924,-41.0102554314
1.02955502484,-19.1773418353
1.04156030535,-29.0949187993
1.03827805036,-27.1222708586
1.03983290247,-28.675989871
1.03990344354,-27.3050117351
1.03997433328,-28.8804634057
1.03791410556,-27.6846057486
1.05046670837,-41.4151116047
1.02930483323,-18.327643514
1.03908890908,-29.3185862436
1.03755442727,-26.6731741533
1.04086533666,-28.3397399847
1.04197622223,-27.5706565656
1.03991451504,-28.0605089734
1.03779617499,-27.1080279736
1.0493485224,-41.0795350371
1.0275741476,-18.5727072652
1.04054897487,-28.8404488647
1.03860614066,-27.3597142197
1.03967149207,-27.9543178338
1.03709813877,-27.1061146222
1.04358306833,-28.3373658045
1.03782032435,-26.9446821468
1.0529446355,-41.068878939
1.02879277329,-18.4632532878
1.04286929001,-29.41405338
1.03645469441,-27.2431921487
1.0371034357,-28.7597785483
1.03868488379,-27.2499029735
1.04103688107,-28.7734498315
1.0375592309,-26.7570769094
1.05053771911,-41.2223627026
1.03347700783,-18.2103991207
1.03977615212,-29.2316271872
1.03871209561,-27.1688403025
1.04208153951,-28.3182066123
1.03351128478,-27.457084183
1.03876413624,-28.8410799078
1.03899075492,-26.9381082358
1.04989131487,-41.3926588386
1.02866508219,-18.2627673759
1.03914561003,-29.0980784309
1.03620812409,-26.9027998057
1.04108173083,-28.329651001
1.03969089029,-27.3797429077
1.03759165699,-28.4653488463
1.03423170377,-26.7504099055
1.04688994774,-41.0797751691
1.03047278857,-18.4817126775
1.04062676962,-29.1859847814
1.03985707397,-27.1114978449
1.04034292949,-28.5148692817
1.03610086387,-27.0695268929
1.04064345609,-28.2644376807
1.03742947459,-27.6678538262
1.0494369779,-41.4739964632
1.0302360905,-18.2913262464
1.03889478581,-28.671509609
1.03749556663,-27.1151544093
1.03712020131,-27.8977468026
1.03954691108,-27.1991465261
1.03940824731,-28.3414935915
1.03820851923,-26.7569489409
1.05017887576,-41.100595453
1.03044571548,-18.0845693914
1.03624044939,-29.2830075935
1.03479873215,-26.489020055
1.03967378565,-28.4511260775
1.03677577444,-26.9095242306
1.03960148843,-28.4868006297
1.039233249,-26.9762360736
1.05348312624,-40.8128943179
1.02782831421,-18.2382506366
1.04057968467,-29.1034589287
1.0331200183,-27.218300194
1.03785179059,-28.7302998217
1.04290657143,-27.0107965165
1.03674008664,-29.4819109915
1.0386994923,-27.0916326774
1.04911085324,-41.4709080438
1.03140346306,-18.3561529676
1.04100477588,-29.3871635746
1.03598597682,-27.1007239801
1.03902392846,-28.5587440868
1.03249587872,-26.805609392
1.03657893955,-28.6179883142
1.0355314506,-26.8870082466
1.05177472179,-40.4680569102
1.03091368976,-18.5313706853
1.04008071539,-28.8987295197
1.03791648492,-26.5927267514
1.03707364168,-28.4973818028
1.04019392937,-27.2393410538
1.03838261118,-28.6855199019
1.03463553135,-26.9704293736
1.04638574912,-40.9520141345
1.02665058326,-18.4582880576
1.04313295027,-29.1132513066
1.0362179213,-26.8859142355
1.0421212781,-28.4322777819
1.03719390155,-26.7785378338
1.04254493992,-28.5389476653
1.0373066505,-27.1549931867
1.05002048297,-41.4085511358
1.02814479511,-18.0400061047
1.03764224962,-29.3261867195
1.03819182641,-27.0434060118
1.03576461496,-28.3465855264
1.03820274073,-27.1689338227
1.03766523665,-28.4642493331
1.03525067625,-27.1057654719
1.0540316593,-41.0287099708
1.02970031372,-18.4091986354
1.04041207776,-29.5095338161
1.03448156228,-26.3307780105
1.0418439849,-28.5816313974
1.03546464838,-26.6614941959
1.04015897619,-28.4812426302
1.03949724614,-27.5463064178
1.05110340559,-40.6575940066
1.03153292764,-18.3730723211
1.03727404089,-29.277353265
1.03882889726,-27.0794731554
1.03872925415,-28.6468699892
1.03436942601,-27.3281313553
1.03857634624,-28.5256685778
1.03986106835,-27.639580857
1.05039817222,-40.9656336556
1.02481855636,-17.8711313063
1.04311179621,-28.7376417827
1.03504771408,-26.7310970204
1.04072164317,-28.1477080602
1.03489183418,-27.2536358786
1.0423121778,-27.8469395401
1.03681541577,-26.8722391578
1.04811162723,-40.9629456669
1.03208203882,-17.6224286987
1.04034133533,-29.4400710344
1.0338534818,-26.8884690736
1.04117991395,-27.9366382912
1.03882146284,-26.431553167
1.03907944297,-28.5010296262
1.0430052007,-26.2474159307
1.0508632023,-40.9551651403
1.02843658778,-18.0880164574
1.03919496637,-29.1911512317
1.03722092641,-26.2827752198
1.04102454626,-28.5066344612
1.0330868945,-26.6936567272
1.04150419207,-28.5274101609
1.03723122644,-26.7547929689
1.05343449466,-41.1099602536
1.02721660878,-18.0567572913
1.03589336618,-28.7865741339
1.03548922926,-26.4171175088
1.03910991739,-28.4660624034
1.03903481006,-26.9559548496
1.03708036036,-28.401134847
1.0348905138,-27.0083779945
1.0511350585,-40.7999098695
1.03150424416,-18.174259773
1.04039647114,-28.7781026136
1.03728303453,-27.3764326737
1.03823337255,-28.2304855446
1.03588046269,-26.8642218056
1.03853571911,-28.1737816824
1.03357015058,-26.8661031995
1.05270897608,-40.480856793
1.02986060786,-17.9235597075
1.04106398708,-28.826743164
1.03623684534,-27.1334888895
1.04088917602,-28.8317060857
1.0389446868,-26.8983571324
1.04021821508,-27.8265399205
1.0344945264,-27.0093808264
1.049559408,-40.7827388403
1.02747744474,-18.9571490437
1.03915485016,-28.6746892589
1.03831875481,-26.8899527734
1.03630859493,-28.1812673283
1.03610575713,-26.8278250924
1.0374787665,-28.3870207679
1.03964222705,-26.6604279012
1.04899157698,-40.9864694458
1.03053053649,-18.0663113249
1.03890627897,-29.0826961378
1.03577597755,-26.6023430293
1.03632197212,-28.271923193
1.03631347016,-26.9611548164
1.03765263937,-28.3979036375
1.03522103076,-26.7027074082
1.05063942221,-40.9031339644
1.03305223451,-17.5882783174
1.03751557373,-29.0867024729
1.03931044552,-26.5518786684
1.04296806643,-28.0945456844
1.03318679946,-27.1569231041
1.04217626405,-28.7228693449
1.0392968389,-26.4873014177
1.04562457145,-40.5332738389
1.02941314511,-17.7256796541
1.03740038322,-28.6665619548
1.03391581839,-26.9661275413
1.03539873081,-27.8863128119
1.03935540594,-26.8525616849
1.03664614499,-28.3591447208
1.03586957618,-26.0801525248
1.04617148664,-40.9988370577
1.02745049013,-17.5744830143
1.03740336838,-28.9820823095
1.03798451396,-26.5385461005
1.03586667718,-27.8997971852
1.03496658053,-26.6259981119
1.03895607272,-28.183745147
1.04117790432,-26.924351395
1.04650778718,-41.2636483837
1.03005423792,-17.5684863043
1.04057911358,-29.1828619147
1.03608232033,-26.1763632781
1.03489497276,-28.3611460083
1.03127913988,-26.7907591764
1.03673571612,-28.2456352148
1.03270570065,-26.9888768648
1.04835795288,-40.9410244383
1.02942354129,-18.0173101721
1.03621813327,-29.1125328744
1.03667027353,-26.3969694919
1.03567044593,-28.1090877986
1.03460913617,-26.5148247906
1.03580263131,-28.2576868776
1.03181088282,-26.893810575
1.04767235499,-40.4191459601
1.02743198032,-18.2325082551
1.03715011011,-28.7485165453
1.03406791326,-26.502123654
1.03388778985,-27.9533973082
1.03431478905,-27.1442126269
1.03740738575,-28.2818874941
1.03147875515,-26.4160472418
1.04983927501,-40.3294344051
1.02598905938,-17.9221458499
1.03535386194,-28.3238981757
1.03521211646,-26.4435205734
1.0385750743,-28.2104597654
1.03348256748,-27.0576375549
1.03718671917,-28.3606846983
1.03242294403,-26.9610386498
1.04807131473,-40.813498245
1.0286185048,-17.4341946926
1.03569048959,-28.3317342681
1.03635602236,-26.0798488903
1.04071430756,-28.4853721449
1.03456380384,-26.658761193
1.03532269556,-28.3316244579
1.03435400224,-26.9155303531
1.04820356552,-40.2476294386
1.0235545336,-17.4940169305
1.03833523714,-28.7256588152
1.03219022973,-26.7136384669
1.040576222,-27.894409852
1.03820865264,-26.6978682701
1.03925901666,-27.5883607477
1.036180006,-26.9572184224
1.0476195115,-40.2847667541
1.02583114602,-17.8106409821
1.03545400566,-28.4413414471
1.03374997724,-26.819176551
1.03235749705,-27.640561066
1.03469349761,-26.7366014535
1.03316088213,-28.1043066635
1.03631678558,-26.2415292556
1.04716430431,-40.0263026634
1.02493883691,-17.4964412544
1.03701793012,-27.6881132325
1.03422908101,-26.2656696616
1.03652738808,-27.6660650711
1.03624178775,-26.5491976196
1.0343005774,-28.0153805507
1.03401190679,-26.4626523386
1.04493936367,-40.5758195872
1.02440672723,-17.2503967446
1.0368608199,-28.1217621532
1.0363307127,-26.1231939324
1.03482211566,-27.8690449901
1.03405099237,-26.8553354636
1.03608561253,-27.7476061127
1.03438851568,-26.6202555839
1.04539135726,-40.6164585869
1.02466825383,-17.2783322803
1.03543013355,-28.7512464712
1.0336125429,-26.5602196411
1.03647181677,-27.9453309261
1.03215260211,-25.8715899889
1.03438627269,-27.9309128711
1.03661409505,-26.0639509602
1.04728225597,-40.3332417923
1.0257299825,-17.5615572793
1.0393271367,-28.1967743935
1.03235481427,-26.603924485
1.03979170509,-27.6529347375
1.03489120187,-26.5219095931
1.03567484206,-27.9108859876
1.03174044524,-26.8868957801
1.04731148526,-40.4006919827
1.02587749646,-17.5779920806
1.03570349309,-28.6390210078
1.03294785591,-25.6372820435
1.03444893721,-27.9378139516
1.03466232817,-26.296535784
1.03713517664,-28.2307993083
1.03101265656,-26.2761765854
1.04831407751,-40.0097696204
1.02600580456,-17.3619733281
1.03597047297,-28.1381625978
1.03042919013,-26.668502573
1.0383005864,-28.1691010849
1.03744628915,-26.4612218327
1.03465363475,-28.2842576144
1.03438703095,-26.5602334954
1.04783678579,-40.7836714444
1.02320732008,-17.4852871205
1.03446131418,-28.685913044
1.03437173644,-25.9197451407
1.03599957022,-27.606516678
1.03591013598,-26.6580625679
1.03386958131,-27.5761510951
1.03245237696,-25.9734811868
1.04171579502,-40.0270457732
1.02248896835,-17.718581786
1.03822306133,-28.0900162286
1.02887439359,-26.0222755397
1.03155594044,-27.4538968022
1.03229352622,-26.6185444269
1.03598000373,-27.459856116
1.03684506203,-26.319566515
1.0439427846,-40.7040951952
1.03192816216,-16.9862439314
1.03449731307,-28.1526704395
1.03350907542,-25.9943347656
1.03569149494,-27.860546918
1.03159378314,-25.7040940771
1.03706947615,-27.5088012145
1.03430511907,-26.5686040437
1.04326891929,-39.9397002683
1.02313174478,-17.4399110533
1.03656802894,-28.449032276
1.03488463875,-25.7937553752
1.03139307536,-27.9496413119
1.0343666482,-25.9822235852
1.03382758514,-27.7402477609
1.03104349165,-26.3422247314
1.0472490136,-39.9453539893
1.0250430598,-17.6372347262
1.03637687459,-28.2769416058
1.03028875567,-26.2258638763
1.03354439401,-27.6152956253
1.03110084904,-26.0988060015
1.03134315554,-28.0024188844
1.03443649775,-26.0452907263
1.04758078118,-40.2595244282
1.02682139615,-17.1832696031
1.03209884294,-28.4367419427
1.03944753516,-26.396022986
1.03261059991,-27.6368238034
1.03119749629,-26.4682064809
1.03375655251,-27.8409968698
1.03307199651,-26.2396341505
1.04771583385,-40.2953527264
1.02675968065,-17.422405156
1.03560507463,-28.4620175747
1.03394717186,-26.1902398964
1.0335529034,-27.7171162824
1.03266351049,-26.0363118858
1.03428693387,-27.5992516261
1.03486065447,-26.0825333953
1.04623996011,-40.537546973
1.0253742553,-17.5235003157
1.03592939899,-27.7257662165
1.03331869945,-25.8257990635
1.03691272876,-27.2680071552
1.03537498743,-26.0052012761
1.03313526214,-27.967595064
1.03249961634,-26.4637962245
1.043703318,-39.7755404853
1.02666276639,-17.1602057906
1.03567082552,-27.9048282199
1.03440508111,-26.0692335491
1.03538401624,-27.4772111649
1.03069408748,-26.461209604
1.03726649453,-27.0888764026
1.03042993947,-25.8571217428
1.04785426761,-39.9072897219
1.02697390416,-17.6780035461
1.03821850974,-27.4972036671
1.03314181378,-26.0569314872
1.03441347887,-27.5508244212
1.03393900752,-26.2414936794
1.03394413499,-27.583099546
1.03512278818,-26.3312502341
1.04573870903,-39.5971729077
1.02596800416,-17.6715545329
1.03409248894,-28.0478354205
1.03245344264,-25.7537086684
1.03528886343,-27.2484198642
1.03197087974,-25.7771802009
1.03573675661,-27.6191920394
1.02968105343,-25.6697625895
1.04368814211,-40.0721266911
1.02359866991,-17.5345671214
1.0361076358,-27.8078090962
1.03004195945,-26.0704091371
1.03395471331,-27.3788345561
1.03196855885,-26.1009379408
1.03223253066,-27.4369723926
1.03093201365,-26.6671231763
1.04428698312,-40.0965350287
1.02274175239,-17.3482724262
1.03398427213,-27.9828237595
1.02972993884,-26.0193902659
1.02950280181,-27.473637029
1.03190714763,-26.4540306329
1.03101922998,-27.5958157329
1.0330243637,-26.1448910938
1.04527485895,-40.2454724478
1.0292114739,-17.2206851304
1.03308318135,-28.0981518698
1.0286058022,-25.5562069617
1.03302253101,-27.6526115556
1.03296160267,-26.7677796056
1.03606480667,-27.6205217296
1.03541542036,-25.7970620262
1.03834205511,-39.7907684825
1.0249924888,-17.2438341325
1.03544599076,-27.9671904095
1.02558289781,-25.2877222798
1.03310364611,-27.096567864
1.0311125719,-25.6284064751
1.03057213003,-27.453460302
1.03109407127,-25.481745633
1.04037589244,-40.1319755325
1.02376909209,-17.1412093524
1.03557219468,-27.7000208463
1.03087228107,-26.0129058847
1.03288067405,-27.0028226211
1.0352245906,-26.8903174042
1.03837625476,-26.7867039338
1.0320639062,-25.8542882735
1.04768850774,-39.2562013491
1.02587423901,-16.8111563209
1.03195136297,-28.1781690652
1.03680006883,-25.8166790724
1.03732247183,-27.1003687195
1.03163338421,-26.1451188601
1.03387565993,-27.1468676054
1.02976664743,-26.340213472
1.04372458758,-39.1658000236
1.02269268992,-16.9899192387
1.03419770573,-27.8358611861
1.03083561818,-25.6187906076
1.03038320945,-27.1752965134
1.02934455418,-25.9142505444
1.03670192744,-27.0289334848
1.03020292843,-25.6139692545
1.0459927844,-39.8496012406
1.02290657465,-17.3881559968
1.03223689498,-27.9879977989
1.02963671502,-25.598538021
1.03348884781,-27.9526983345
1.03222775773,-25.3941375531
1.03266111779,-27.3238023803
1.03472567652,-25.6490577609
1.04348213135,-39.9787939055
1.02565246934,-16.6598292959
1.03226099505,-27.6752416499
1.02978792087,-25.9160078861
1.03070973719,-26.7022592539
1.03364637345,-25.1323467371
1.0336850364,-26.7740965976
1.03014992876,-25.3492844601
1.04478200104,-39.5281945754
1.02141083378,-16.8946562419
1.02984580863,-27.5604885432
1.03290432863,-25.6569907158
1.0311134099,-27.2007760897
1.02858467726,-26.1127046941
1.03668016031,-27.2123555033
1.03000458588,-25.1296627654
1.04335332583,-39.7262005323
1.02171538164,-17.5713100811
1.03285759452,-27.5827588327
1.02961943862,-26.1844965061
1.03151283758,-26.8028273744
1.03327292117,-25.8127869499
1.03212411836,-27.0724441745
1.03353892779,-25.9935931506
1.04829044051,-39.6653947748
1.02750204432,-16.4817152849
1.0301184794,-27.7195498229
1.03065588084,-25.1779473226
1.03361118915,-27.4460973896
1.02949408008,-25.7927914475
1.03090072686,-27.5155138057
1.03050090968,-25.8713348158
1.04359663608,-39.5458187918
1.02596233929,-16.5727081196
1.03089607783,-28.0622040893
1.02929203249,-25.6614122364
1.03181061846,-26.9540772885
1.03177291528,-26.5393655096
1.02999671474,-26.9003149816
1.03154245475,-25.8457957078
1.04306790945,-39.4137793749
1.02220863032,-17.786241359
1.03200279881,-27.4412086229
1.03407877457,-25.3513276635
1.03300062428,-27.0769583218
1.02741053059,-25.9255074364
1.03233906451,-27.1434434848
1.0286079285,-25.7211370971
1.03958007657,-39.8190026072
1.0210307648,-16.8211954393
1.03198701924,-27.0343894164
1.0281449673,-26.1126299822
1.03235048323,-26.4883136298
1.02939109319,-25.8942277745
1.03319712096,-27.50527617
1.02938000302,-25.5605842147
1.04404021192,-39.7264781859
1.02237086049,-16.8647827275
1.03235269338,-27.5215652624
1.03101659691,-25.8320520419
1.03282364501,-26.7990988872
1.02662394119,-25.6534594164
1.03366014599,-27.2583014197
1.03006532831,-25.5742305192
1.04421120196,-39.5189054808
1.0233835192,-17.1610301467
1.03011837843,-27.2464259248
1.02669540494,-25.4127462328
1.03000884696,-27.3311519255
1.02719472957,-25.4857932221
1.03037882162,-27.0475266368
1.03193848124,-25.7270468515
1.04190681062,-39.5684533607
1.02647005682,-16.7987028368
1.0355182551,-27.4578710116
1.03018302754,-25.2117709531
1.03435100207,-26.1413289132
1.026167736,-25.5586003227
1.03473038874,-26.7847398117
1.03124845686,-25.2044073312
1.04132583183,-39.5576421573
1.02138772347,-17.2231518077
1.03180265851,-27.3892021906
1.03050185176,-25.2606529679
1.02997995581,-26.5757496175
1.03157385102,-25.5505242676
1.03288568707,-27.2361548286
1.02909117111,-25.1255989965
1.04367168583,-39.526974362
1.02392375135,-16.7403472908
1.02964577017,-27.7690531296
1.03022490994,-25.3452298712
1.02875976231,-26.9342870263
1.0294245387,-25.2496779786
1.03088299571,-26.4617476022
1.02980161341,-25.8738778372
1.04248313614,-39.180801775
1.02408008723,-16.8004854941
1.03180929456,-27.5405004522
1.03221751202,-25.0855389335
1.03120153731,-27.0870060964
1.02813316691,-25.3743489292
1.03118405754,-26.5978637206
1.03010823223,-25.5073806725
1.04223932677,-39.4727549675
1.02021703248,-17.0174407964
1.03234562726,-27.2522373241
1.03342949807,-25.5661746261
1.0343086609,-26.2023233813
1.03262341698,-25.8429313781
1.03201341651,-26.9859439066
1.03230435533,-25.1638661873
1.0428705315,-39.2135407466
1.01924232862,-16.4108815788
1.03316978446,-27.7858830281
1.02634098935,-25.0169793294
1.03008415823,-26.779839207
1.02930825553,-25.4148961021
1.02788361737,-26.9217555021
1.02843871704,-25.4252615732
1.03793837302,-39.2532544918
1.02124355273,-16.5969077389
1.02693395804,-27.5534390755
1.02790755361,-25.4883133294
1.0291305535,-26.7345471455
1.02730363587,-25.3273195863
1.02888213469,-26.6575004899
1.02954379739,-25.4535817551
1.03966725304,-39.7435648846
1.02270183412,-16.1636041889
1.02784115666,-27.4558700909
1.02770202044,-25.1206262715
1.02671666469,-26.8826479806
1.02667039552,-25.1871923761
1.027293846,-26.4898733115
1.0265514743,-25.0828481405
1.03796228494,-38.7531202505
1.02057432263,-16.7803088276
1.02986461029,-27.5024055419
1.02708753149,-25.0926298936
1.02979578523,-26.8538135076
1.02819056951,-25.4513722962
1.03103535519,-26.7182756571
1.03296849486,-25.1427316014
1.04111660879,-38.9236545096
1.0228418636,-16.509225541
1.03048542144,-28.0191862902
1.0327753968,-24.9195583512
1.03113095828,-26.6796081278
1.02565655145,-24.6526173964
1.02987703764,-26.6937943711
1.02854801642,-25.3487462686
1.0382209237,-38.9265315399
1.02099927347,-16.2938473257
1.03208937316,-26.9650621475
1.02853460955,-24.8006142018
1.02457591633,-26.3982177721
1.02793718302,-24.7402789168
1.02913548332,-26.7002108641
1.0240597639,-25.1665878755
1.04471314475,-39.0735592816
1.01859600224,-16.161736803
1.03210744025,-27.242163273
1.02691623544,-25.2468979297
1.02959982888,-26.487206053
1.03044068331,-25.2447553706
1.02981003471,-26.5410282105
1.02994601166,-25.0735260056
1.04043839647,-38.9037157039
1.02030023956,-16.1239465595
1.03022358011,-27.2893565824
1.0258615926,-24.9758188972
1.02662019929,-26.2686779666
1.02757916729,-25.116210082
1.0277576442,-26.5599096417
1.02580131994,-25.1841653889
1.03606078859,-39.3168240469
1.02078739883,-16.0937237663
1.03225232304,-27.3525630268
1.02772206032,-25.2264940736
1.02776653338,-26.4609736464
1.02526556323,-25.4074144376
1.029107196,-26.6214802137
1.02840892576,-25.4569732889
1.04250278052,-38.8501689676
1.02110075392,-16.1222943987
1.02896249263,-27.1126237286
1.02587664493,-24.8577164415
1.03084398358,-26.0558428026
1.03218335045,-24.6009626259
1.03668720197,-26.030670331
1.02877564821,-25.2853914573
1.04148719569,-39.0287570408
1.02224292732,-16.4529958034
1.03201276441,-26.5053764557
1.02842799068,-25.01167952
1.02717328622,-25.8162569436
1.03010233944,-25.1640744021
1.02842115165,-26.9316807774
1.026123123,-25.1934113379
1.04178701837,-39.0536394776
1.01904039558,-15.9812217569
1.0295721575,-27.454003452
1.02973149205,-24.3518989452
1.03025161458,-26.2369131196
1.02848784968,-24.1910501419
1.03370418734,-26.1142320771
1.03124763796,-24.7588967604
1.04028714011,-38.5475601406
1.02043524049,-16.5170169412
1.03207175125,-26.7639715664
1.02745380034,-24.9618368708
1.03455508089,-26.196818667
1.02690161129,-24.9561733818
1.03416593493,-26.2666463199
1.03021561332,-24.9146464783
1.04554975374,-38.9880163203
1.02215220492,-16.1000798794
1.03136902393,-27.2676934377
1.03061086308,-25.1498102472
1.0318505936,-26.3270821522
1.02740666337,-25.0443771942
1.02927432392,-27.0201273952
1.03088286132,-25.3806671006
1.04432246938,-38.9168474318
1.01780547944,-16.512530033
1.03195652733,-26.6565087379
1.02985668069,-25.0594765984
1.03685137506,-26.1308622625
1.03022065985,-24.6312107028
1.03156135995,-25.9829704179
1.02848917169,-25.8179661268
1.04453460034,-38.8399245599
1.02515980994,-16.181759616
1.02957324065,-26.7602206077
1.03059671859,-25.003443103
1.03587049129,-25.7552505202
1.03151441781,-24.7341586137
1.03328015473,-26.2214680223
1.02815228676,-24.744256588
1.04139303104,-38.6455313569
1.02024084446,-16.5817976095
1.03415319111,-27.1705675893
1.03079837599,-25.0859851617
1.03379539721,-26.2068615691
1.03101953367,-25.003776446
1.03327900719,-25.6324475816
1.03031661606,-25.0199689824
1.04640565397,-38.3690279349
1.0208307194,-16.0732917225
1.03500010408,-26.7034938877
1.03978272515,-24.6673688814
1.03440991979,-25.8182070609
1.03194555869,-25.0100055738
1.02931425894,-26.2705078883
1.03522522658,-24.4866809756
1.04926181575,-38.9139656415
1.02375501013,-15.8502728888
1.03703736815,-27.1096633282
1.03278641778,-24.809243342
1.03303875076,-26.1163667303
1.03268052151,-24.9963131518
1.04011072802,-25.8490048221
1.03445913229,-25.2976428448
1.05359234417,-37.9437862878
1.02459495616,-15.9337704497
1.03749910523,-26.6274354989
1.03539675668,-24.3540533258
1.03751062051,-26.2763525432
1.03475766844,-24.4753308448
1.03446707668,-25.8874037329
1.03924660138,-24.3682919768
1.048483569,-39.1127729231
1.02698574144,-15.8133616579
1.03613428753,-26.3016067028
1.03847027495,-24.5054366646
1.03717820058,-25.8532972616
1.03419028946,-24.2702915564
1.03395926288,-26.0037635323
1.03301287612,-24.4624957486
1.04841895615,-38.2551876475
1.02707299393,-16.0151452797
1.03647966389,-26.5583859667
1.03473228141,-24.9743701807
1.03512488967,-25.4333692998
1.03267923722,-24.9483163917
1.0385201263,-26.1354455396
1.03532992564,-24.7207898091
1.04996395148,-38.7637563013
1.02849176674,-16.3458088944
1.04069764901,-26.483147092
1.03655421186,-24.7157011989
1.03714119156,-25.833531583
1.03713085227,-25.2433146974
1.03843395534,-26.3338062402
1.03973437259,-24.7598802489
1.04963320001,-38.6086653841
1.03088001355,-16.1535647598
1.03874326611,-27.0119791767
1.03845308894,-24.6497341624
1.04158152836,-25.7888342213
1.04154017451,-24.8053249649
1.0391903602,-25.8683943011
1.04094453136,-24.57146416
1.04871823305,-38.0371250831
1.02976223546,-15.7206673972
1.0399183988,-26.1947972935
1.03756395758,-24.061340364
1.04259180993,-25.6866880542
1.03670444393,-24.4994946023
1.04441261836,-26.0245075125
1.03981131731,-24.4624744033
1.0527397252,-38.4153803624
1.03197983757,-15.8901459587
1.03927653083,-26.8971668141
1.03723400711,-24.1794119663
1.04168897649,-26.0422788293
1.03862196863,-24.4122171029
1.04035276741,-26.1781171379
1.03992291751,-24.4385028047
1.05175129724,-38.6021202875
1.03508869407,-15.9847548384
1.04365512766,-26.0894563606
1.04003845296,-24.3681909593
1.04555767294,-25.960551266
1.04070618596,-24.2195728574
1.04382943282,-25.8738414364
1.04186757409,-24.8123099901
1.04963897362,-38.2384781177
1.03749637703,-15.7397489158
1.04876928472,-26.1425621737
1.04538527928,-24.6221019671
1.04985298535,-26.1051475534
1.05021298205,-25.1753189939
1.06107573912,-26.313695182
1.06993015826,-25.5912045977
1.10000737624,-39.5612183973
1.09680437136,-16.8695111074
1.14388258639,-28.2479951661
1.20008469954,-27.6961787893
1.30861067486,-30.9715373455
