1.30167553113,-242.072354532
1.33604153677,-301.849301729
1.35516320463,-333.372972454
1.39353735358,-383.006116487
1.37199459393,-364.067834387
1.3976954029,-393.115207102
1.4042300947,-402.315593287
1.40568390633,-403.984134819
1.40723069909,-406.511332243
1.41230479492,-412.190762924
1.41191160658,-412.191462187
1.42624131983,-425.936799294
1.40219135377,-402.895295515
1.41614453396,-416.942392098
1.41667165541,-418.351921153
1.4184373142,-420.284937989
1.41535087571,-416.664841625
1.41703019679,-418.536559374
1.41572928548,-417.291153742
1.43557260545,-437.911160333
1.40032240266,-400.542955287
1.41690711715,-417.911212904
1.41346456213,-414.318268951
1.41886525406,-420.645946483
1.41839439984,-420.528382328
1.41772649815,-419.305129514
1.41567210618,-417.138155256
1.43614134926,-438.551434399
1.40422777298,-405.503015767
1.42062315625,-422.673524295
1.41944057148,-421.86009344
1.41850542495,-420.348461484
1.41894665983,-421.123145236
1.42016304226,-422.256590148
1.41535435328,-416.797480416
1.4379280507,-440.707638446
1.40271505595,-403.617470319
1.41901727172,-420.691520794
1.41599870782,-417.816176351
1.41823979667,-420.161630506
1.41757974179,-419.638120967
1.42155906163,-424.16426572
1.41807126216,-420.029261098
1.43568547013,-438.015923194
1.40982298951,-412.384774253
1.41983538388,-421.784360083
1.41486191598,-416.052271302
1.41770286633,-419.225310301
1.41950235936,-421.820957259
1.42219548016,-424.910186664
1.41672050251,-418.466665588
1.43871755063,-441.797869875
1.40688488122,-408.928485703
1.4247792886,-427.92483292
1.42005537533,-422.582327808
1.42001368273,-422.175573125
1.41974623193,-422.277059876
1.42320779068,-426.121440326
1.4211977935,-424.002376589
1.43968677788,-442.969365373
1.40852368964,-410.861054556
1.42406486289,-427.080457343
1.42126604144,-424.21839088
1.42130913509,-423.77509381
1.42259267878,-425.722712678
1.42297204972,-425.925629018
1.41836578531,-420.583619005
1.44424782406,-448.728684559
1.40766466875,-409.798007758
1.4241075146,-426.978943399
1.42534423979,-429.254182079
1.42473236311,-428.08341521
1.42360828107,-427.167447392
1.4236830101,-426.868844821
1.42053348759,-423.330526679
1.44155711395,-445.372055156
1.40902307085,-411.645408865
1.42648382282,-430.206081279
1.42172625933,-424.840931254
1.42312260646,-426.106201641
1.42304960109,-426.352333229
1.42452337094,-427.930833364
1.42337443475,-426.803298909
1.44163779678,-445.544143453
1.40471264533,-406.207684222
1.42736981649,-431.27148929
1.4249326328,-428.909516249
1.42334716431,-426.431310668
1.42645812365,-430.711752626
1.42402534818,-427.365426807
1.42411188323,-427.698247561
1.44040287278,-443.942953402
1.41339246234,-416.968584103
1.42772562265,-431.730831709
1.4272175708,-431.650743734
1.42547058841,-429.225221203
1.42471725147,-428.484454982
1.43018744373,-434.945967693
1.42259632208,-425.896931695
1.44535367044,-450.138609514
1.40889832519,-411.600736013
1.42665811045,-430.422096474
1.42458678331,-428.447573219
1.4260876579,-429.905209851
1.42517901612,-429.145375703
1.42712661984,-431.085056292
1.42464307945,-428.445301568
1.44532089943,-450.097376059
1.41326705321,-416.932055026
1.42773247052,-431.677059374
1.42422850239,-427.993871991
1.4294800025,-434.105900948
1.42494209198,-428.872963481
1.42792958204,-432.188438561
1.42644043357,-430.854289813
1.45069636598,-456.794880686
1.41329317756,-417.119676891
1.42976232335,-434.364077274
1.42799699689,-432.780020193
1.42581090271,-429.503679385
1.42802867881,-432.729597932
1.42746887734,-431.611365782
1.42824561716,-432.976569011
1.44360948306,-447.971101718
1.41467156723,-418.63618151
1.42938183699,-433.859052818
1.42452408724,-428.329418441
1.42599878398,-429.83844121
1.42757755767,-432.269376363
1.43030930125,-435.219306001
1.42450331944,-428.315404241
1.44512197139,-449.793077355
1.40825507264,-410.675490721
1.43298093437,-438.460274024
1.42690608956,-431.502872947
1.42644055419,-430.561049894
1.42602289383,-430.285702192
1.42987322626,-434.737271376
1.42610547169,-430.424217691
1.44715115951,-452.682258706
1.41490094384,-419.066852583
1.43333560161,-438.871451516
1.42908312111,-434.3335323
1.42509434618,-428.614160166
1.42905914642,-434.094947592
1.43152703793,-436.726298562
1.42623379373,-430.583416336
1.45027914494,-456.260618332
1.41624596807,-420.68603453
1.43046539677,-435.160636475
1.42715774073,-431.708701701
1.42660184106,-430.557375198
1.42676729346,-431.259538041
1.42967896203,-434.442319989
1.42670404227,-431.064485572
1.44896709327,-454.79434056
1.4151117766,-419.314659221
1.42955110642,-434.131810493
1.42781640961,-432.617820001
1.43106776313,-436.303072718
1.42781411878,-432.600814908
1.43003037436,-434.795513289
1.42736248961,-431.978438761
1.45206617242,-458.627842594
1.41711228318,-421.906707054
1.43168897451,-436.71285702
1.42986793873,-434.910352665
1.42939518325,-434.005978128
1.42539000928,-429.599590776
1.42911449488,-433.753308112
1.42994102297,-435.187386783
1.44685417326,-452.076929592
1.41742455587,-422.104986566
1.42869998042,-432.933616775
1.42890895864,-433.692688386
1.43167741713,-437.01760296
1.43026827895,-435.730522871
1.42906198317,-433.55513626
1.42938538919,-434.458782094
1.45018168798,-456.452208501
1.41675146824,-421.450877612
1.43133187239,-436.40205282
1.43091296445,-436.505814341
1.42888030953,-433.412159831
1.43023689839,-435.502406939
1.42732487426,-431.429027823
1.42662982191,-430.953010869
1.44599384383,-451.044027619
1.41400542869,-417.793827606
1.43169622376,-436.699571544
1.43149923417,-437.06308405
1.43179655456,-437.233603319
1.43070024253,-435.929886681
1.43249359895,-437.868267632
1.43018271724,-435.492406391
1.44831066374,-453.878540986
1.41489727454,-419.026979838
1.43078486774,-435.594118779
1.4293037018,-434.317351764
1.4276185589,-431.781025588
1.43062974542,-436.151879542
1.42865698145,-433.163783998
1.42889308889,-433.773713383
1.44970038875,-455.745701481
1.41728968363,-421.846414823
1.43118083904,-436.178438869
1.42823640121,-432.994159813
1.42970284134,-434.371174375
1.42774862311,-432.278007237
1.43215977467,-437.454608093
1.4292011211,-434.170067657
1.44927172841,-455.217146486
1.41438917686,-418.264806394
1.43105304235,-435.931371623
1.43153685639,-437.01126345
1.43034589107,-435.143526882
1.42926967501,-434.170306865
1.43019363468,-435.161778233
1.4286283607,-433.400729333
1.4490340412,-454.689305264
1.4166041313,-421.150241285
1.43235504863,-437.497943436
1.42925958688,-434.100938709
1.43227173635,-437.767622815
1.42982384772,-434.829920797
1.43256647765,-437.959349597
1.43001642799,-434.999306111
1.44988415827,-455.804694418
1.41736619734,-422.003352116
1.43174674476,-436.876457075
1.42800613873,-432.7515196
1.43248520553,-437.909202346
1.43046438967,-435.882518404
1.43103091024,-436.010554854
1.43071059217,-435.954704156
1.44775487227,-453.098597425
1.41354616302,-417.282377474
1.43475042136,-440.492985967
1.42679667999,-431.158925845
1.4289173461,-433.34864988
1.42816213732,-432.73002953
1.42990053344,-434.698137573
1.4298098795,-434.8044741
1.44870944145,-454.293300013
1.41947747047,-424.610369589
1.43106405232,-435.77150213
1.42992322428,-435.095105781
1.43115223444,-436.131810995
1.42772132891,-432.104651413
1.43376754365,-439.372958343
1.42826582703,-432.884596739
1.44915924082,-454.649106155
1.4175907214,-422.397112446
1.43015652008,-434.770284342
1.42923793687,-434.145768586
1.42862876378,-433.095486357
1.42855618725,-433.35210494
1.4310852005,-435.902521414
1.42944098196,-434.201293367
1.44724718023,-452.451498272
1.41638735367,-420.616621462
1.43298667142,-438.055039993
1.42782415075,-432.456439536
1.43157403091,-436.537909611
1.42776325681,-432.341353917
1.43224052626,-437.410653249
1.43106270439,-436.259750885
1.44602224572,-450.844537397
1.41621013571,-420.507279806
1.43337664325,-438.684361367
1.42828018466,-432.964103546
1.42880009338,-433.284826771
1.43063142221,-435.850131552
1.430290502,-435.05364641
1.42848133405,-433.018538533
1.44689152598,-451.991157631
1.41692736256,-421.381707542
1.42862307635,-432.829854729
1.42970985444,-434.577141381
1.42868024577,-433.114666884
1.42876465086,-433.550109591
1.43044241948,-435.248250269
1.43118701751,-436.413456021
1.44951773023,-455.274972677
1.41581686079,-419.837688032
1.42964280214,-434.095742137
1.42696045838,-431.256412726
1.42817628051,-432.533023605
1.42899086131,-433.956237931
1.42817167172,-432.355627458
1.42942087094,-434.375578622
1.44780058995,-453.216129391
1.41753817956,-422.165316145
1.42639315221,-429.905774305
1.42842276211,-433.102492294
1.42975180554,-434.420836332
1.42735736863,-431.778068865
1.43258030021,-437.981732263
1.42723961669,-431.60258985
1.44738804563,-452.821760051
1.4154287484,-419.487111796
1.43044824323,-435.168082951
1.42822683433,-432.734935561
1.43155203703,-436.567596274
1.42817013982,-432.659053422
1.42959806529,-434.093347361
1.43014218596,-435.201264892
1.44840918033,-454.120004174
1.41633892779,-420.75948324
1.43096911804,-435.717331322
1.42891951529,-433.661312519
1.42976229772,-434.493212611
1.43316547229,-438.86055703
1.43147874244,-436.609871781
1.42974929529,-434.643899442
1.45182802901,-458.184437452
1.41521754187,-419.280384002
1.43256708322,-437.663704492
1.42700976227,-431.360903364
1.4280511347,-432.363747767
1.42919389524,-434.139575566
1.42948508178,-433.979878336
1.42903098035,-433.794203746
1.44710535461,-452.177992933
1.41387793236,-417.62845036
1.43100038609,-435.772876765
1.4314082148,-436.784757806
1.43179582815,-436.988181249
1.425698626,-429.657971202
1.43045236326,-435.154026282
1.42896601682,-433.754120514
1.44689365126,-452.026122479
1.41726050373,-421.832427723
1.42791254667,-431.910883468
1.42807946643,-432.666298689
1.42807834661,-432.363848906
1.4293432464,-434.264136432
1.42860268944,-432.928303345
1.42703020928,-431.2647086
1.44606787618,-450.969841266
1.41357878075,-417.181794557
1.43084706079,-435.604749455
1.43112370643,-436.364061355
1.42942852212,-434.059496201
1.42951502995,-434.361478949
1.43033380799,-435.128228913
1.42897815474,-433.650832433
1.44923708032,-454.934651508
1.41835783596,-423.161982553
1.43175257443,-436.638623544
1.42786091054,-432.200760282
1.42938001223,-433.911165867
1.43018695371,-435.297270193
1.42775059037,-431.743237342
1.4264999209,-430.423474345
1.44634887407,-451.273888236
1.41454681652,-418.288609778
1.42939078272,-433.77045377
1.42706141001,-431.419725002
1.42838428271,-432.467463905
1.42674337216,-430.925734193
1.4291918754,-433.389513706
1.42701367936,-431.159200985
1.44709569858,-452.147904002
1.41274508023,-415.937693329
1.43098439636,-435.788064351
1.42885390264,-433.513213354
1.42839408793,-432.866378979
1.4296250804,-434.389370114
1.43079062909,-435.775473192
1.42844729857,-432.889509912
1.44736962604,-452.498007873
1.4176584,-422.237158275
1.43165125003,-436.601443796
1.43222829931,-437.672969091
1.43161499119,-436.522359027
1.4283430891,-432.813272718
1.42955119491,-434.025874977
1.42597075411,-429.832859149
1.44728092341,-452.343871196
1.41400052219,-417.562031088
1.42797680396,-431.83117964
1.42492317261,-428.688534984
1.42959044597,-434.129975061
1.4305253908,-435.592653862
1.42758874553,-431.609540293
1.42768177004,-431.872176828
1.44681370749,-451.877730595
1.4146754613,-418.417372636
1.43026428567,-434.795883154
1.42891471862,-433.673863374
1.43074778775,-435.579149103
1.42480917599,-428.545269698
1.4278754056,-431.899671309
1.42818089121,-432.696475768
1.44825572285,-453.546810212
1.41417228898,-417.784273222
1.42897362676,-433.163897448
1.427836527,-432.232099406
1.42597043567,-429.64333978
1.42866844959,-433.239509678
1.43029717932,-434.965830213
1.42700462287,-430.997423411
1.4448516235,-449.331734334
1.41485572302,-418.612411097
1.42947433697,-433.854085485
1.42416197824,-427.611198311
1.42758959928,-431.627590035
1.43075003758,-435.945563822
1.43048016902,-435.133193643
1.42776993866,-432.224818353
1.44510774483,-449.663012179
1.4161740324,-420.375954476
1.42860985665,-432.642043224
1.43017530994,-435.230216489
1.4322805619,-437.551974712
1.42982909688,-434.705787195
1.42801902903,-432.214549142
1.43149791134,-436.957073328
1.44851045358,-453.99026845
1.41770068092,-422.205089266
1.43175810322,-436.749418949
1.43001055127,-434.93148004
1.42952407775,-433.939099559
1.42633468552,-430.488346358
1.43364060267,-439.1737225
1.42935149404,-434.217005367
1.44666914618,-451.616830811
1.4162328142,-420.401055786
1.43257491774,-437.566595398
1.42734507593,-431.727895925
1.42770724844,-431.647837922
1.43149642695,-436.76556787
1.4313156366,-436.048052142
1.42918073035,-433.785442188
1.44519001731,-449.594595748
1.41461194097,-418.392105342
1.42632075372,-429.643959949
1.42887317138,-433.623340913
1.42689412833,-430.684464925
1.4292936465,-434.209920432
1.42726249668,-431.032162016
1.42775906027,-432.156441132
1.44758173398,-452.594152788
1.41676633705,-421.033964415
1.43477731845,-440.077985718
1.42369833719,-427.000052831
1.43117952057,-436.02144114
1.42773612518,-431.984071022
1.42774803331,-431.787982902
1.42889678371,-433.46104499
1.44680595429,-451.822400289
1.41260114962,-415.813273564
1.43193810083,-436.798560564
1.42922879706,-434.117073538
1.42761546497,-431.558692646
1.42790415724,-432.421214524
1.4295115958,-433.871171586
1.42805425274,-432.345697356
1.44653281768,-451.516169458
1.41701078477,-421.45022097
1.42816742897,-431.952955876
1.42934112951,-434.18532094
1.428906953,-433.071460923
1.42848947298,-433.119929195
1.42491197788,-428.209263612
1.42562111106,-429.402865343
1.44841526497,-453.736801074
1.41559700382,-419.731004396
1.42957497196,-433.675940801
1.42946601704,-434.2467665
1.42889257752,-433.118497732
1.43033790613,-435.30841439
1.42826603847,-432.446587186
1.43149671301,-436.805219247
1.4469008523,-451.815815919
1.41551225654,-419.474962075
1.43284476144,-437.933854733
1.42966239033,-434.565764756
1.43099004936,-435.834112814
1.42775619872,-432.056355544
1.4300832511,-434.683242784
1.42728393264,-431.501061981
1.44835124924,-453.70189664
1.41856128116,-423.384500042
1.4293697214,-433.624988072
1.42983403573,-434.761850304
1.43007088762,-434.690489043
1.42835852325,-432.865470809
1.43019941844,-434.820218059
1.42992027565,-434.834719333
1.44770428718,-452.914387995
1.41291289239,-416.143194098
1.43516991417,-440.767814725
1.43077925293,-435.992829872
1.43080060923,-435.563382699
1.42607963948,-429.970201871
1.43183331068,-436.74616939
1.42706326123,-431.249162219
1.44799724342,-453.164427382
1.41597996752,-420.073638861
1.42798274112,-431.678221795
1.42802963092,-432.54023343
1.42967431238,-434.007515652
1.43030783146,-435.283384418
1.42932487532,-433.730594156
1.42647362015,-430.466220221
1.44864942228,-453.930576682
1.41446858713,-418.202449738
1.43116966293,-435.897648027
1.43094069735,-436.159841144
1.42960683645,-434.092460429
1.4306880856,-435.807547708
1.42643311071,-430.09792906
1.43013104318,-435.04020671
1.44642190999,-451.264320152
1.41325956612,-416.777864915
1.43207770385,-436.903018389
1.42670673229,-430.907812234
1.4304773057,-435.167324856
1.42675095974,-431.0113764
1.42715300446,-430.851210511
1.42798687277,-432.364345843
1.44737503546,-452.266530581
1.41516542296,-419.037028259
1.43104313521,-435.61180165
1.42745869953,-431.53475018
1.42684516284,-430.680272688
1.4274694465,-431.512804543
1.43000143747,-434.450327529
1.42824899934,-432.613402216
1.44497691322,-449.428462162
1.41390242296,-417.412472706
1.43069861943,-435.165050908
1.42930514255,-433.938941289
1.4283630835,-432.410273797
1.42728184355,-431.619012231
1.4315153082,-436.336493878
1.42677538759,-430.844547747
1.44543106513,-449.94673665
1.41538696701,-419.438022182
1.43217095222,-437.047381459
1.42918288995,-433.827788145
1.42652161362,-430.186817287
1.4301672054,-435.061395469
1.42850329564,-432.603281586
1.42842288531,-432.92861503
1.44696418452,-452.000886782
1.41738904354,-421.767639561
1.42877454073,-433.032592211
1.42795753032,-432.400439862
1.42869188945,-432.961308001
1.42588030533,-429.752010925
1.42982934138,-434.365364547
1.43019443577,-435.1271445
1.44618481991,-450.910925621
1.41509095228,-418.861470727
1.42952846486,-433.820046157
1.42872453365,-433.261050137
1.42916989933,-433.472790541
1.4276732586,-432.030492883
1.43061149541,-435.269474989
1.42782220397,-432.235807624
1.44783920219,-452.90862976
1.416092142,-420.189953745
1.42943960342,-433.67112849
1.42921822468,-433.887344325
1.42739513576,-431.321288379
1.42831355215,-432.760466387
1.43155248306,-436.482344441
1.42993063189,-434.858928231
1.44514237197,-449.635835775
1.41581594355,-419.816480287
1.42800716569,-431.755372452
1.42696007941,-431.121462977
1.42592188376,-429.304245139
1.42731649036,-431.553945777
1.4305996356,-435.186980901
1.42859053025,-433.269916446
1.44739399113,-452.428226283
1.41485648634,-418.744226855
1.42631676536,-429.657572549
1.42695185247,-431.088298913
1.42822489533,-432.247550635
1.42836156119,-432.90355235
1.42950971304,-433.831708233
1.42906565413,-433.776718725
1.44655338201,-451.416302961
1.41477031281,-418.68721777
1.43180543255,-436.621561858
1.4318229652,-437.18227134
1.42444254757,-427.453150868
1.42879297173,-433.390662072
1.42467062304,-427.88209651
1.43049011837,-435.572308821
1.44665036099,-451.496005274
1.413604135,-417.063712165
1.42958202671,-433.855390956
1.42941662068,-434.061488656
1.43089133256,-435.610788071
1.42756049048,-431.777865707
1.43238413395,-437.36999947
1.4262355309,-430.039196994
1.44666713316,-451.518077957
1.41470001886,-418.466572194
1.43053950784,-435.026584832
1.43071938011,-435.64036319
1.42905092614,-433.436231129
1.42802861241,-432.313770034
1.43144737255,-436.290426942
1.42688979183,-430.796763716
1.44633560951,-451.087515658
1.41492032215,-418.670141561
1.42946491672,-433.617085371
1.42704470631,-431.200012974
1.43286435753,-438.134465319
1.42609321595,-429.936712528
1.42987377792,-434.375516188
1.42689558893,-430.790832697
1.44504404519,-449.521739467
1.41678326396,-420.911458453
1.43141141277,-436.05251479
1.42638623151,-430.379715191
1.42799470763,-432.052896372
1.42996173188,-434.878020816
1.42920852761,-433.661548055
1.42413080513,-427.356472327
1.44948331718,-454.886650426
1.41435839046,-417.717509139
1.43344640836,-438.492832951
1.42648476943,-430.533739111
1.42782449647,-431.686207707
1.42823102265,-432.63597017
1.43073114392,-435.290861651
1.42697782212,-431.063013794
1.44868914393,-453.966467341
1.41688980755,-421.161795629
1.42951222396,-433.650660577
1.42684902901,-430.761613736
1.43017811798,-434.807880003
1.42916990344,-433.723316749
1.42828196853,-432.261125569
1.42317501074,-426.16850187
1.44321019519,-447.01289102
1.41452409954,-418.191713923
1.4280341925,-431.808420933
1.4311360288,-436.116794714
1.42803216354,-432.284480597
1.42837569917,-432.740091366
1.42641121102,-429.8143406
1.42471550305,-427.956668528
1.4469298146,-451.880430544
1.4176258932,-422.038113477
1.42915652312,-433.279910935
1.42808970795,-432.458193579
1.4293398667,-433.670432488
1.42700470961,-431.046062138
1.4274333621,-431.23511291
1.42405345502,-427.22305559
1.44265562578,-446.507054446
1.41488533269,-418.421604965
1.42594064497,-429.256523681
1.42601058053,-429.790924322
1.42346525827,-426.280125399
1.42287648157,-425.786316666
1.42833435168,-432.499243375
1.42838040585,-432.834687971
1.44527972991,-449.707830699
1.41445498439,-417.986371819
1.43070397401,-435.146700649
1.42605490578,-429.936085445
1.42892178976,-433.209854249
1.42696430942,-430.981508489
1.42582108277,-429.145383527
1.4253563628,-428.850688819
1.4464134472,-451.118788161
1.41254384504,-415.604829357
1.4296344895,-433.672140383
1.42752147767,-431.728141097
1.43100917093,-435.736462336
1.4263577347,-430.284348846
1.42738283124,-431.180998863
1.42435735815,-427.744332926
1.44444844078,-448.741469129
1.41278758322,-416.007426756
1.43123259871,-435.764749329
1.42656865651,-430.576802648
1.42842327802,-432.436484959
1.42526102817,-428.802812419
1.42873883474,-432.645205228
1.42564194461,-429.373174902
1.44537796653,-449.889320519
1.41573467364,-419.656455632
1.43404035917,-439.289566322
1.42887570356,-433.346807753
1.42795705041,-431.952757585
1.42660673891,-430.43346714
1.42890136755,-433.037788173
1.42589168333,-429.663016873
1.44932348996,-454.777942047
1.41510116302,-418.875987958
1.43322168408,-438.346865067
1.42794472331,-432.274172895
1.43141751435,-436.192559055
1.42854140337,-432.780412111
1.42786189762,-431.704378753
1.42491154494,-428.352572496
1.44781430912,-452.85039641
1.4141662368,-417.89578984
1.43054565552,-434.91491448
1.42749285672,-431.777592354
1.4293227289,-433.530523559
1.4256957474,-429.453993869
1.42694664724,-430.731951863
1.42707485744,-431.236104827
1.44635714448,-451.125583693
1.41505940828,-418.863159705
1.43069547053,-435.099385236
1.42703352108,-430.946894171
1.43240402565,-437.516506759
1.42710091456,-431.084557321
1.43057341054,-435.156081701
1.42908412871,-433.644845385
1.44716483254,-452.074287732
1.41500317212,-418.668372736
1.42931619208,-433.410806696
1.42799991537,-432.232602283
1.42642018032,-429.851612161
1.42782245749,-432.146056707
1.42941915778,-433.840390179
1.42946869526,-434.083299807
1.44330076839,-447.407107363
1.4167028628,-420.862949624
1.42870096944,-432.615929907
1.42675345688,-430.671434971
1.42770840549,-431.716201618
1.42750160802,-431.59547255
1.42975177261,-434.220252823
1.42857817427,-433.258518123
1.44596835081,-450.598605113
1.41538913181,-419.202546048
1.43112725952,-435.621341801
1.42672002343,-430.751988884
1.4288203274,-432.92074062
1.42881035552,-433.268384485
1.42828464717,-432.326640413
1.42638478175,-430.134990916
1.44742719203,-452.511514744
1.41620245026,-420.286347216
1.42938250084,-433.540478425
1.42888644949,-433.533548689
1.42903933977,-433.365884139
1.42955607554,-434.127156166
1.43180951554,-436.864338562
1.42669676606,-430.6263814
1.44757351973,-452.583084204
1.4171256883,-421.346179034
1.42773446807,-431.530621625
1.42661048751,-430.651738366
1.42920263679,-433.547790233
1.43035512062,-435.257813589
1.42959496896,-433.960954706
1.43012032376,-435.168159289
1.44548140389,-449.956557796
1.41657587314,-420.699085549
1.43037067352,-434.710519245
1.42910191335,-433.735764163
1.42899782075,-433.348786323
1.42476633874,-428.254415544
1.42783275558,-431.725886492
1.42800220684,-432.228194132
1.44653823283,-451.333567021
1.41694849876,-421.292986626
1.43027568911,-434.651552591
1.42863033675,-433.110981777
1.42869375448,-433.001135708
1.42734189098,-431.624617579
1.42766901502,-431.538434417
1.42700846587,-431.233744871
1.44597835187,-450.523824549
1.41613572302,-420.169538883
1.42953688539,-433.718090224
1.42969822792,-434.338290485
1.43008314684,-434.512985749
1.42920480742,-433.756635589
1.42892524918,-433.114993914
1.427634946,-431.818354272
1.44577299821,-450.470710801
1.41514495266,-419.060275192
1.43050959926,-434.95628252
1.42847588689,-432.923096994
1.4315643135,-436.368550917
1.42897529216,-433.314327308
1.43304161202,-438.199004551
1.42804576456,-432.232332237
1.44733292203,-452.141992127
1.41564452472,-419.551124681
1.43059160456,-434.9285574
1.42735980267,-431.522268492
1.42984219962,-434.383216242
1.4305980727,-435.533011871
1.43042659855,-435.024281818
1.43047217589,-435.370033137
1.44794234003,-452.93703844
1.41370341477,-417.09892268
1.42831692272,-432.168321044
1.42771803979,-431.899390488
1.42838748557,-432.442994535
1.4290701425,-433.649005595
1.42865678019,-432.568596636
1.43126034953,-436.200308085
1.44848646725,-453.738982456
1.41492240454,-418.626352224
1.43130659709,-435.953399884
1.42829895795,-432.530744987
1.42800034929,-431.947834976
1.43244906374,-437.964145673
1.43135768927,-436.194145219
1.42906962067,-433.410979397
1.44570907867,-450.401325462
1.41687323146,-421.009806244
1.42946072545,-433.497169205
1.43160708612,-437.05514214
1.42941549715,-433.617966367
1.42917665043,-433.738602866
1.43211754494,-436.918203683
1.43129989645,-436.442019146
1.44988123484,-455.432697942
1.41591071641,-419.814368123
1.42854495346,-432.406233179
1.42729027977,-431.380038073
1.42762407764,-431.437200476
1.42891837124,-433.446279352
1.42897027284,-433.06247367
1.43052897177,-435.476321479
1.45168643873,-457.647967024
1.41710452472,-421.25963486
1.43163457642,-436.281199672
1.42950987448,-434.241551875
1.43225999703,-437.44374847
1.43031588563,-435.255437783
1.42940820241,-433.681947133
1.42800185138,-432.291883857
1.45006706799,-455.671564896
1.41482935494,-418.590713399
1.42931276564,-433.552874061
1.43106628211,-436.181604559
1.43163185579,-436.545848822
1.43157055706,-436.600482081
1.42934315354,-433.649296846
1.42558154968,-429.254548841
1.44473738623,-448.884029469
1.41370537376,-417.175487229
1.43217891427,-436.796545194
1.4258514266,-429.56280705
1.42765298529,-431.53313648
1.4270283249,-431.105264485
1.42814333384,-432.120704402
1.42964492649,-434.272705745
1.45045740861,-456.100757429
1.41708907193,-421.271541736
1.43196866161,-436.525195091
1.43007918384,-434.749309125
1.43055988786,-435.162387521
1.43327201526,-438.904791413
1.43300601087,-438.215796523
1.42935790272,-434.004224873
1.45026538054,-455.88127332
1.41706362034,-421.393812885
1.43009251812,-434.376668334
1.42867884025,-433.173536326
1.42810706458,-432.189322178
1.42884404927,-433.430980731
1.42983271687,-434.345383826
1.43157340067,-436.660474868
1.44878189515,-454.034661933
1.41947542024,-424.318369406
1.43017967413,-434.354600941
1.43038601879,-435.2625897
1.43042714142,-435.186818141
1.42938475943,-433.874244872
1.43002774991,-434.445369374
1.43050437983,-435.373566607
1.44683501201,-451.688768854
1.41752719385,-421.685777389
1.43048226115,-434.900527607
1.43084305681,-435.791662044
1.43221355719,-437.29505969
1.42901149277,-433.499597315
1.43118958414,-435.785889372
1.42879544635,-433.399741857
1.44954292195,-455.207911104
1.41559436209,-419.537225367
1.43209065934,-436.82995994
1.43160361216,-436.730355397
1.43094966086,-435.680980158
1.4314632144,-436.530142374
1.42809236328,-432.021519301
1.43139060218,-436.469869751
1.45181258462,-457.849637714
1.41631621222,-420.378924565
1.43316040369,-438.217551986
1.43232076829,-437.783343298
1.43384966271,-439.276518482
1.43158202136,-436.950966163
1.43333306169,-438.662336533
1.43142463758,-436.505687053
1.45157456468,-457.686233958
1.41994309272,-425.004263659
1.43531198901,-440.977466197
1.42954305992,-434.322087126
1.43260912338,-437.658315714
1.43168690386,-436.895200743
1.43563577623,-441.323257732
1.43020837374,-435.182206384
1.4520979575,-458.152131699
1.41833979727,-422.984732454
1.43170931785,-436.434688525
1.43283195878,-438.351579656
1.42905076687,-433.243528598
1.42924451301,-433.802525169
1.43327463016,-438.69344963
1.4280235299,-432.334273074
1.45114305139,-457.101895152
1.41727680039,-421.636661303
1.43195259821,-436.809338528
1.43363403218,-439.53753187
1.4303242797,-434.897991828
1.43080703587,-435.900221492
1.4327944295,-437.902708305
1.4281266274,-432.745693317
1.45013332407,-455.875638909
1.41641312036,-420.562914657
1.43484544446,-440.441023443
1.43189979018,-437.195402476
1.43171340603,-436.646496048
1.43044454229,-435.565800819
1.43312726024,-438.421381096
1.43084458365,-435.871423154
1.44835968993,-453.525222793
1.41660356532,-420.775223454
1.43621107406,-442.06503985
1.43337995007,-439.125710304
1.43418339437,-439.716858763
1.43434036917,-440.19672351
1.43151088891,-436.373509144
1.43038684514,-435.189955873
1.45171713,-457.982592449
1.4176359107,-422.205190856
1.43365820139,-438.954667894
1.43013698588,-435.115869334
1.43239624404,-437.461668054
1.43324737588,-438.973472206
1.43327456335,-438.761085835
1.43212902872,-437.506885848
1.45036618212,-456.106572198
1.42010974222,-425.210197303
1.43383709823,-439.282345523
1.43414642007,-440.145922111
1.43051956487,-435.291042813
1.43364893327,-439.629623144
1.42968163957,-434.092835405
1.43278572283,-438.490718273
1.4483374664,-453.738771443
1.41852900705,-423.108517098
1.43161002912,-436.374339981
1.42898741975,-433.639943172
1.43125591571,-436.125890695
1.43324902311,-439.081850105
1.43372913828,-439.36930425
1.43448477531,-440.464255697
1.45206656282,-458.461407488
1.41974056446,-424.723921022
1.43214023719,-437.135856475
1.43258004916,-438.059993988
1.43225339441,-437.448620494
1.4341914093,-439.761230097
1.43282491438,-438.136850746
1.4329082168,-438.391877361
1.44850952167,-453.899658455
1.41856734483,-423.171412758
1.4316225246,-436.323238589
1.43185702727,-437.17917017
1.43317675402,-438.690851464
1.4333873195,-439.143191413
1.43499481927,-440.828942541
1.4322446815,-437.619190797
1.44926989276,-454.91706849
1.42128497789,-426.747350423
1.43329245334,-438.492611516
1.43412817632,-440.085670997
1.43260179072,-437.72491341
1.43127102578,-436.415260903
1.43416735718,-439.623312145
1.43632445323,-442.678844453
1.45042855145,-456.201299176
1.42255016861,-428.358807597
1.42986117978,-434.088558741
1.43271358672,-438.213268189
1.43354069286,-438.916050624
1.43427598073,-440.241412573
1.43388584828,-439.350058006
1.43358932344,-439.484963586
1.45460070797,-461.561507991
1.41952888884,-424.609157478
1.43409269543,-439.303680366
1.43108993766,-436.434251892
1.4370306871,-443.349935449
1.43251181596,-438.096304389
1.43295183674,-438.242513445
1.43151848088,-437.028203837
1.45069046289,-456.511864614
1.41684481223,-421.242670758
1.4345887225,-440.121543167
1.43276915865,-438.383473783
1.43715929197,-443.453147564
1.4322641612,-437.680070394
1.43400591748,-439.633116576
1.43107249307,-436.240439915
1.45126118201,-457.284061988
1.42255461782,-428.252201406
1.43489328492,-440.451361328
1.43390617279,-439.887617817
1.43549116134,-441.633304006
1.43473855808,-440.847103065
1.43170043427,-436.784436499
1.43069836065,-435.765245119
1.45367932931,-460.283416165
1.42303554863,-428.913530121
1.43459686132,-440.130289523
1.43658783902,-443.131856866
1.43530434552,-441.107740443
1.43449976227,-440.706055688
1.4358011541,-441.680299073
1.43620758666,-442.602771623
1.45076476031,-456.605650125
1.42064751692,-425.983482017
1.43571638462,-441.461594303
1.43261013974,-438.163208873
1.4341983894,-439.873876223
1.43242420851,-437.824000591
1.43304964541,-438.43468168
1.43441384723,-440.422319279
1.45419697134,-461.065822444
1.42163870896,-427.001809558
1.43390780225,-439.16605031
1.43241654312,-437.783330764
1.43437761926,-439.831833556
1.43824720173,-445.056001039
1.4356962913,-441.650204408
1.43296032583,-438.52138933
1.44883352837,-454.300711569
1.41765527973,-422.140454036
1.43544711996,-441.017552578
1.43437961496,-440.539874151
1.43422742871,-439.970123639
1.43314536865,-438.824480095
1.43450508408,-440.069041315
1.43059089408,-435.690134793
1.45295631156,-459.266103783
1.41979988944,-424.901369854
1.43375051512,-438.991179366
1.43257793486,-438.048558217
1.43004935597,-434.527353809
1.43271089782,-438.11396506
1.43128340443,-436.192367817
1.43343649288,-438.981338062
1.4518565274,-457.906810766
1.42307582735,-428.744842989
1.43472458508,-440.285155616
1.43303359096,-438.624778812
1.43036820339,-435.085866408
1.43270120498,-438.210722445
1.43530216087,-441.197050807
1.43157287713,-436.773033507
1.4503828851,-456.292333317
1.4223154719,-427.878675392
1.43231939358,-437.342532814
1.43439278941,-440.280457868
1.43390775139,-439.485383639
1.43330571418,-439.194050082
1.43535471346,-441.217545771
1.43158200668,-436.850995314
1.4536589836,-460.249806852
1.42157827425,-427.146513714
1.43099525973,-435.629392926
1.43102230572,-436.089823484
1.43332840569,-438.741518898
1.43401070471,-439.878484289
1.43422650591,-439.878810767
1.43435193124,-440.482818453
1.4546056975,-461.513125434
1.41897484395,-423.768531569
1.43564151468,-441.382832279
1.43480825076,-440.788663127
1.43289530372,-438.192641222
1.4325431542,-438.015864961
1.43504058162,-440.688516666
1.43486086307,-441.010480392
1.45268913035,-459.082306266
1.41721353372,-421.723759557
1.43348205855,-438.695144818
1.43466078661,-440.725403231
1.43413692634,-439.833968502
1.43326090924,-439.051343333
1.42921381912,-433.386558763
1.43420385836,-440.115270838
1.45165249281,-457.95801599
1.42267866861,-428.525263637
1.43572133984,-441.58489437
1.43377471964,-439.55282117
1.43483442491,-440.709809269
1.43299896557,-438.523321262
1.43619006174,-442.28780608
1.43114468488,-436.300805088
1.4512819044,-457.320533578
1.42033085371,-425.581901635
1.43696736499,-443.166384073
1.43617357399,-442.487729401
1.43658865138,-442.876218159
1.43349254861,-439.237264476
1.43660785656,-442.813506248
1.43261679956,-438.023272184
1.45566440734,-462.802708965
1.42285833005,-428.534282104
1.43532353091,-440.792768899
1.43296643881,-438.834718627
1.43362434386,-439.123545347
1.43419980974,-440.064989516
1.43653629736,-442.726793128
1.43564016404,-441.799436431
1.45350085929,-460.191496716
1.42258231481,-428.223652878
1.43524681203,-440.870161976
1.43409678611,-439.882366801
1.43426666031,-440.088033675
1.43528151653,-441.427548025
1.43295497696,-438.2239156
1.43294364724,-438.561885386
1.45511344657,-461.96359785
1.42054321751,-425.805706598
1.43547196268,-441.128025047
1.43598853226,-442.497219819
1.43410657759,-439.636531994
1.43366266515,-439.32574311
1.43537852183,-441.222534835
1.43407303179,-439.866910748
1.45223086654,-458.536292675
1.4179778879,-422.447775361
1.43415331523,-439.434384383
1.43461475736,-440.577574881
1.43249553423,-437.502862523
1.43402521468,-439.772353119
1.43462201411,-440.167782316
1.43277916969,-438.363101244
1.45023085977,-455.968946308
1.41880030301,-423.316905694
1.43268493069,-437.80169185
1.43159445054,-436.753126614
1.43307774284,-438.407414985
1.43293946655,-438.532943627
1.43422385808,-439.712904362
1.43115522167,-436.406625045
1.45292645992,-459.30812447
1.42074817861,-426.094802965
1.43490020604,-440.43549841
1.43190003146,-437.273785751
1.43613668357,-442.182454001
1.43400354137,-439.765920451
1.43360245687,-438.982558999
1.43081045987,-435.764388088
1.45116665749,-457.248587472
1.4219280697,-427.43396054
1.43096725309,-435.52631846
1.42880491993,-433.355817214
1.43423407816,-439.867837075
1.43159372575,-436.938638275
1.43306193999,-438.30531043
1.43171292305,-436.912292371
1.45491773593,-461.829024141
1.421905824,-427.448306207
1.436999559,-443.031962037
1.43527992545,-441.529705599
1.43737350558,-443.80478398
1.43624540285,-442.767888535
1.43769433144,-444.176441722
1.43496593512,-441.119228966
1.45503856631,-462.119544413
1.42490830038,-431.280539176
1.43898994883,-445.622618667
1.43435544446,-440.329403096
1.43600164312,-442.027309256
1.43812335324,-445.034537571
1.43770000519,-444.188217087
1.43573652044,-442.030737392
1.45676542558,-464.339906224
1.42581984373,-432.280568736
1.43196614445,-436.798046179
1.43256133426,-438.071708675
1.43506283363,-440.830907763
1.43323669262,-438.869392765
1.43592125033,-441.887693951
1.43652082367,-443.150260073
1.45331826678,-459.802144292
1.42121487872,-426.602235211
1.43580106381,-441.506465078
1.43659174055,-443.311679066
1.43483485008,-440.687602188
1.43313902527,-438.903418474
1.43635534195,-442.676693875
1.43438381684,-440.389263501
1.45433396252,-461.16277942
1.42194303355,-427.537297527
1.43732395292,-443.537023258
1.43332463607,-439.056105458
1.43710671926,-443.342507458
1.43709371134,-443.893854174
1.43787997939,-444.501073172
1.43065870472,-435.76246065
1.4559886014,-463.119294648
1.42256762149,-428.387795197
1.43982427318,-446.758788547
1.43505575091,-441.083191916
1.43674155179,-443.109733704
1.43570152253,-442.138436693
1.4359454791,-442.050647758
1.43363877518,-439.506797293
1.45576251689,-462.979066752
1.42526225742,-431.711696025
1.43997751968,-446.795416322
1.43633688304,-442.757069136
1.43893639935,-445.815470327
1.43700643537,-443.50730642
1.43932370939,-446.251226846
1.4348650503,-440.900942397
1.4550580055,-462.070712305
1.42073994902,-425.894769994
1.43619424312,-442.344062851
1.43303003131,-438.733434441
1.43651996176,-442.872364803
1.43531181715,-441.548019907
1.43682775144,-443.110659358
1.43652840867,-443.01301853
1.45706074785,-464.630275757
1.42214149647,-427.796804076
1.4362378987,-442.281114553
1.43523557607,-441.512690821
1.43446847286,-440.127045126
1.43743621785,-444.30348308
1.43807505629,-444.624408317
1.43731060983,-443.980632231
1.45704672851,-464.408044994
1.42511554472,-431.546315573
1.43991973856,-446.885571893
1.43911113165,-446.411731942
1.43485373231,-440.735231152
1.43568990524,-442.11501851
1.43601409719,-442.201393511
1.43699387197,-443.762537729
1.45702060763,-464.499497124
1.42395729719,-430.139529405
1.43753590691,-443.726182207
1.43507373935,-441.3104625
1.4359832458,-441.896061717
1.43789894937,-444.803019079
1.43896157719,-445.838527715
1.43398149127,-439.902750134
1.45538958272,-462.505824629
1.42554094672,-432.33760879
1.43697902978,-443.11477644
1.43662113381,-443.123048485
1.43702058823,-443.370011446
1.43493333635,-441.076977099
1.43699939233,-443.227905053
1.43811918982,-445.072719198
1.45914910332,-467.037592425
1.41783047747,-422.39415548
1.43882788546,-445.38181136
1.43563122329,-441.945115476
1.43769232985,-444.224719665
1.43476798705,-440.906050792
1.43867969735,-445.509855245
1.43246255046,-438.027052468
1.45750656079,-465.064915713
1.42212091911,-427.719718684
1.43940797107,-446.040850064
1.43411634511,-439.969084647
1.43640342047,-442.596236022
1.43493501853,-441.133759089
1.43602252806,-442.156773513
1.43434281798,-440.12657789
1.45365760292,-460.315208376
1.42327504274,-429.264065327
1.4375861808,-443.856725896
1.43597688921,-442.226468166
1.43658366631,-442.838300557
1.43669122104,-443.278052439
1.43742136029,-443.876700479
1.43357362806,-439.478995336
1.45629997373,-463.510287796
1.42047044865,-425.68269496
1.43500499078,-440.623869443
1.43480191209,-441.022127453
1.43622479272,-442.439737643
1.43573527866,-441.973246434
1.43226211625,-437.366167957
1.43883800974,-445.788778551
1.45345755339,-460.071364277
1.42433572313,-430.449105526
1.43584578526,-441.541059611
1.43534013037,-441.424148151
1.43657799226,-442.872529558
1.43317959695,-438.852181351
1.43790403002,-444.391798171
1.43371264828,-439.612877876
1.45476471948,-461.577382994
1.42429314073,-430.312449371
1.44231723218,-449.796879812
1.43563712966,-442.000308132
1.43344684589,-438.869512112
1.436383808,-442.984672102
1.43870451627,-445.330328049
1.43625268542,-442.726129629
1.45407468225,-460.699221699
1.42188143724,-427.450582286
1.43981309787,-446.648258818
1.43525867068,-441.555611174
1.43566187722,-441.691536839
1.44000186421,-447.581263085
1.4395643915,-446.49459932
1.4346916913,-440.852272889
1.45592982229,-463.211124196
1.42447433708,-430.796490575
1.43782403348,-444.181905008
1.43864320348,-445.741033472
1.43668465718,-442.827893674
1.44045871611,-448.115207307
1.43856369865,-445.364200735
1.43525613176,-441.542140951
1.45521490142,-462.295318644
1.42566932876,-432.179304186
1.43902646755,-445.673247055
1.43850303875,-445.421229117
1.44033237718,-447.504856101
1.43366208439,-439.392722414
1.43897732582,-445.754404511
1.43731816022,-444.052529835
1.45560135438,-462.928732501
1.42731271595,-434.139694213
1.43605706414,-442.040688797
1.43595565129,-442.405856301
1.43207287292,-437.201170709
1.43631875065,-442.855815751
1.43908760111,-445.914460449
1.43733714164,-444.081763474
1.45696471356,-464.592506045
1.42534321721,-431.850691825
1.43642426346,-442.551964601
1.43788018621,-444.805432006
1.43795897241,-444.523587163
1.43723518953,-443.790589238
1.43774746996,-444.172509775
1.43948021389,-446.745915262
1.45751335903,-465.260141086
1.42530606009,-431.770790649
1.43745404685,-443.76274934
1.43730719142,-444.014825961
1.43727937265,-443.742517741
1.43893256834,-445.982895901
1.4422877124,-449.770200591
1.43909787756,-446.477007238
1.4561538267,-463.502296227
1.42319490821,-429.103310976
1.43809295979,-444.584345824
1.43468373437,-440.776001777
1.4387147525,-445.519970506
1.44110617267,-448.820114139
1.43815143544,-444.655133862
1.43302028714,-438.546388761
1.45555328791,-462.481657647
1.42517073535,-431.483880598
1.43994680751,-446.83740295
1.43854445958,-445.416842514
1.43448398131,-440.206417234
1.43601070501,-442.450335185
1.43870886177,-445.622035325
1.43793731169,-444.814859403
1.45657442311,-463.856092651
1.42036159603,-425.455560945
1.43916466533,-445.885469184
1.43618112061,-442.75852595
1.43373100306,-439.292460756
1.4346251175,-440.745461288
1.4368188504,-442.934966897
1.43577903102,-442.201241693
1.45619156076,-463.488722885
1.42362609342,-429.575619617
1.44059102604,-447.563366839
1.43383497436,-439.763672784
1.43929559948,-446.204937704
1.43642982598,-442.95161133
1.43625918673,-442.561171153
1.43671167162,-443.288306397
1.45263388431,-459.1018104
1.42341038344,-429.136322221
1.43893078172,-445.55219562
1.43820336352,-445.046575921
1.43705119144,-443.422375076
1.43726964314,-443.928893079
1.4375048946,-443.841769893
1.43799310982,-444.862033846
1.45573218158,-462.920396807
1.42347264527,-429.304811147
1.44023327276,-447.294094477
1.43454643665,-440.630004199
1.43752025674,-443.951780828
1.43520624649,-441.327161675
1.435213606,-440.866618702
1.43681408753,-443.499153481
1.45856336627,-466.302139673
1.42483187574,-430.994314173
1.43813702855,-444.554004358
1.43741207625,-444.287514018
1.43537568349,-441.23157321
1.43695007911,-443.472482953
1.43737523836,-443.822494366
1.43503961583,-441.154779471
1.45396771304,-460.570703196
1.42316624445,-428.81269993
1.43819233241,-444.435472975
1.43446153543,-440.444366204
1.43553272887,-441.484557639
1.4342180648,-440.145861148
1.43777548587,-444.269033114
1.43400826863,-440.116273156
1.45730075555,-464.888183586
1.42130178196,-426.690879768
1.43988277729,-446.787684655
1.4351269857,-441.299042139
1.43776969697,-444.312936702
1.43731935181,-443.940008614
1.43712008097,-443.248628577
1.43538665103,-441.691051797
1.45553419163,-462.636458303
1.42047727795,-425.83282268
1.43833994616,-444.844188104
1.43689365392,-443.80475117
1.43446750729,-440.0940185
1.43328869494,-439.029650434
1.44044709966,-447.392093063
1.43663282746,-443.180507897
1.456731449,-464.096935283
1.42091206335,-426.140842948
1.43824291671,-444.650263762
1.43538111206,-441.63814109
1.43721775668,-443.42805097
1.43532010117,-441.448050631
1.4393144478,-446.136314385
1.43623560029,-442.725051915
1.45544324412,-462.467731683
1.42249885558,-428.225074127
1.4345786084,-440.122059013
1.43872817026,-445.88977828
1.43873146732,-445.468382124
1.43855604435,-445.620499053
1.43762611194,-444.119594801
1.43579104469,-442.040369078
1.45679232311,-464.224554605
1.42589916693,-432.243456727
1.44181936363,-449.126899435
1.43510512221,-441.254727511
1.43699137977,-443.296518326
1.43384066855,-439.657715571
1.43822137624,-444.779666269
1.43663470517,-443.290712399
1.45713876552,-464.589218408
1.42528465432,-431.67653381
1.43989912921,-446.783092242
1.43661342638,-443.114002335
1.43573664711,-441.79387887
1.43503051103,-441.257732432
1.43866331201,-445.249282097
1.43694085903,-443.55744941
1.4569341908,-464.254175703
1.42247748239,-428.214962841
1.4363090479,-442.107419316
1.43603660545,-442.476393792
1.43942474873,-446.268408178
1.43868437872,-445.717404848
1.43999263501,-447.054086566
1.43881628302,-445.806790006
1.45651554928,-463.84721017
1.42574945419,-432.106784032
1.43625888415,-442.18946169
1.43575607963,-442.077692633
1.43496342535,-440.795287859
1.44008399014,-447.43835104
1.43729582339,-443.611888325
1.43515540444,-441.244239482
1.45607261663,-463.222033342
1.42255653637,-428.333974676
1.43897844007,-445.641091309
1.43504456872,-441.127469969
1.43812957496,-444.760015138
1.43881638036,-445.772534238
1.43824208915,-444.820911161
1.43686443885,-443.462335166
1.45711037017,-464.606633981
1.42552473819,-431.950306604
1.43752613306,-443.646432028
1.43807827453,-445.175673043
1.43821783915,-444.986649204
1.43693007141,-443.6261324
1.43888880649,-445.741269919
1.43875777567,-445.752092408
1.45531998265,-462.287230809
1.41997544758,-424.955793157
1.4379582785,-444.030889064
1.43795604359,-444.842517197
1.43934928733,-446.179502943
1.43837960052,-445.34417718
1.43686899842,-442.99941163
1.43919733462,-446.480513855
1.45936154885,-467.390685524
1.42298510501,-428.753391803
1.43829108431,-444.710298226
1.43522994569,-441.366215183
1.43609332559,-442.200133548
1.43776708963,-444.640683958
1.43961434964,-446.529789731
1.43767014918,-444.500712905
1.45687496751,-464.261298823
1.42490962955,-430.943072233
1.43633185093,-442.142927037
1.4351371388,-441.094539048
1.43755406724,-443.869527338
1.43645181141,-442.831126457
1.43518594784,-440.693936111
1.43520396902,-441.604107837
1.4582142767,-465.802521877
1.42247859542,-428.15802578
1.43749845818,-443.585176131
1.43970432931,-447.018192231
1.4397033932,-446.70106572
1.43608782554,-442.364703918
1.43674356375,-442.823274998
1.44131433335,-448.950348144
1.45792653058,-465.753952877
1.42794338167,-435.035153184
1.43790267694,-444.39532058
1.4321446706,-437.640382529
1.43816537674,-444.962684628
1.43714752096,-443.878306324
1.43705173485,-443.421867986
1.43990403975,-447.259960743
1.4529514074,-459.47371263
1.42234790328,-427.836912688
1.43858965523,-445.151200863
1.43971603922,-447.016127201
1.43490963071,-440.727644778
1.44000678586,-447.533041118
1.43879522071,-445.589431256
1.43485753209,-440.863618102
1.45715921685,-464.528242751
1.42558138913,-431.959615091
1.43943249192,-446.122868781
1.43866306827,-445.623120218
1.43555525809,-441.563114027
1.43750598652,-444.339017529
1.44014367567,-446.962033455
1.43783436364,-444.560155275
1.45817918458,-466.006250405
1.42410208598,-430.246579489
1.43780075787,-444.182021411
1.4372701844,-444.021923906
1.4377836792,-444.360179206
1.43663164497,-443.26261763
1.44015411711,-447.105298101
1.43544552939,-441.588422437
1.45630586347,-463.605640107
1.4230514829,-429.026885061
1.44061181448,-447.568047998
1.43429975068,-440.429466406
1.43774456504,-444.264455105
1.4341678087,-440.022999489
1.43816816409,-444.665074997
1.43821426957,-445.279081096
1.45635764755,-463.659998429
1.42461407238,-430.812434615
1.44012459119,-446.893103738
1.43655161272,-443.255658968
1.44022663971,-447.127087932
1.43774564492,-444.771103943
1.4404018875,-447.470394523
1.43781772084,-444.669628572
1.45962377464,-467.660382838
1.42482335273,-431.251975118
1.43941271985,-446.120335509
1.44116922134,-448.790553571
1.43875122604,-445.495294615
1.43953599284,-446.670909208
1.43421187113,-439.623814175
1.43584062965,-442.254909919
1.45694134989,-464.302941834
1.42447537491,-430.680891235
1.43703332712,-443.088034814
1.43587573201,-442.177823306
1.43887781587,-445.659352955
1.43893422006,-445.928299861
1.44248493939,-450.184911844
1.4383276399,-445.299504177
1.45667940338,-464.176498492
1.42450948233,-430.796085207
1.44112619379,-448.231043272
1.43964467141,-446.848344975
1.43577002813,-441.879479059
1.43544886188,-441.618596242
1.43873731909,-445.420580981
1.43862840709,-445.899890386
1.45535342849,-462.260763209
1.42510142629,-431.630057327
1.43811470025,-444.433633521
1.43472037396,-440.766158361
1.4342731362,-439.964104444
1.4382227712,-445.159704725
1.43514324899,-440.926220629
1.43594292518,-442.237587712
1.45326655866,-459.760502668
1.42646471353,-433.122515639
1.44033720788,-447.143893701
1.43957553577,-446.85743439
1.43829517756,-445.012672103
1.43900390643,-446.018486553
1.44002927548,-447.143211674
1.43998285561,-447.42600145
1.4585802817,-466.468737271
1.42442647815,-430.799344331
1.44094774517,-448.082462623
1.44118655101,-448.859456409
1.43992766439,-447.034305115
1.4347621534,-440.858248998
1.44015383817,-447.204948732
1.43475558014,-440.914893231
1.456198012,-463.431809943
1.42229178087,-427.803183542
1.43886191898,-445.55346465
1.43970054891,-447.100281098
1.43861291493,-445.377560593
1.43730475893,-443.841300849
1.43810003191,-444.67870087
1.4374417695,-444.013360313
1.4578588373,-465.334241692
1.42742929316,-434.218440547
1.44050562377,-447.61061556
1.43684920947,-443.367301149
1.43836501443,-444.996180157
1.43710644168,-443.694563869
1.43927421657,-446.134961627
1.43612362689,-442.470029357
1.46040700447,-468.737871779
1.42628159534,-432.917926099
1.43626351641,-442.175218128
1.43999675831,-447.460701569
1.44060780234,-447.839844981
1.43692659315,-443.255133362
1.43649727741,-442.579212362
1.43950639049,-446.523405244
1.45597637914,-463.205566922
1.42124640221,-426.578289078
1.43857662891,-445.057474965
1.43779188923,-444.546212305
1.44176941336,-449.249579956
1.43916436251,-446.441296594
1.43974379539,-446.775253349
1.4389634294,-446.004297109
1.45840293964,-466.132297786
1.42518151469,-431.480213859
1.44005773055,-446.950102868
1.43587990653,-442.232158572
1.44280713159,-450.58904127
1.44135055709,-449.083588536
1.43988387926,-446.761374822
1.43691191786,-443.537372634
1.45716523785,-464.580345078
1.42567478035,-432.18029707
1.4420747735,-449.315274545
1.43193990688,-437.407474134
1.43911911978,-445.95982926
1.43659377236,-443.245827062
1.43863375806,-445.254438164
1.44032931916,-447.775188524
1.45910846599,-467.09375808
1.42768508218,-434.620413322
1.44040332012,-447.374987403
1.43638372853,-442.847947729
1.44001630687,-447.07725889
1.43766308528,-444.407290939
1.44192504032,-449.477056464
1.43759634294,-444.392229171
1.46133040847,-469.789529242
1.42152138781,-426.958933005
1.44054601933,-447.574200506
1.44015137808,-447.653092114
1.43897806696,-445.707469258
1.43775505442,-444.630467403
1.43898641134,-445.642312217
1.43745210244,-444.332959702
1.45271926693,-458.958826095
1.42532094113,-431.608253319
1.44083150529,-447.941489449
1.43870870144,-445.85484372
1.43902654116,-445.864924755
1.43880066563,-445.998284476
1.43991368496,-446.900220526
1.43801081612,-444.866772548
1.46009840865,-468.268861623
1.42382477442,-429.946174151
1.43866590014,-445.251076191
1.43739742637,-444.277589899
1.43825529417,-444.901406961
1.43939018357,-446.735974262
1.4380934739,-444.685838435
1.43046325739,-435.428185811
1.45672122092,-464.146514022
1.42627264826,-432.928309079
1.44310157074,-450.661730665
1.4391854434,-446.243014324
1.43870696786,-445.455760641
1.44251397916,-450.378781697
1.43961902491,-446.447957336
1.44027658574,-447.644307228
1.45772177486,-465.286408156
1.42630723698,-432.707312405
1.44221385454,-449.546117459
1.43926454385,-446.471329523
1.43982256904,-446.777222293
1.44066242504,-448.255720173
1.44086556645,-448.153394326
1.43967629301,-446.948639468
1.45576449586,-462.828814848
1.42538753158,-431.613971718
1.43912644004,-445.739423456
1.43954537878,-446.817564564
1.44187337838,-449.263159127
1.44085167296,-448.389349059
1.44202821255,-449.553125067
1.4371870264,-443.945215665
1.45782562663,-465.450630423
1.42748565596,-434.443306136
1.44028011432,-447.1255772
1.43707252675,-443.636163423
1.44116679575,-448.481763044
1.43993025846,-447.224333629
1.4380994129,-444.659891351
1.437177207,-443.933516454
1.46007402032,-468.285003941
1.4269045993,-433.622736109
1.44215860534,-449.528540571
1.44228061337,-450.258663803
1.43702347763,-443.397184952
1.44319488939,-451.366923744
1.44221064931,-449.856234209
1.43989727887,-447.206893722
1.45599001326,-463.250434831
1.42540266247,-431.907384083
1.44046359409,-447.609758722
1.44139410927,-449.086169641
1.43694439974,-443.205314953
1.43971618712,-446.889196523
1.43848977814,-445.249366916
1.43931655141,-446.394475232
1.45954726071,-467.641156465
1.42499097165,-431.102576192
1.43741628715,-443.561860802
1.43957798431,-446.962859764
1.44106409224,-448.407778468
1.4392971469,-446.477445673
1.43989268622,-446.994013597
1.43941453711,-446.721989596
1.46035147217,-468.528948086
1.4266362255,-433.3548741
1.44212929816,-449.433212112
1.44267090742,-450.682306665
1.44199009385,-449.585621757
1.43727389868,-444.154376015
1.44211127037,-449.728715522
1.43585947691,-442.329893317
1.45607791229,-463.417793121
1.42593981421,-432.518988438
1.44059582399,-447.511413479
1.44006569762,-447.449756043
1.44191504471,-449.517703415
1.44001791486,-447.394243362
1.43956364633,-446.490939892
1.4382455456,-445.239585607
1.45849964991,-466.260397443
1.42434321079,-430.389090775
1.43861121575,-445.21334858
1.44108745721,-448.749997066
1.44014928701,-447.309505408
1.43746151328,-444.264846978
1.44267706229,-450.398712013
1.43722384921,-443.96855977
1.45952725193,-467.636794884
1.42674669614,-433.587581063
1.44270450002,-450.258325753
1.44105816538,-448.815365464
1.44076391709,-447.861704489
1.43917276027,-446.272472706
1.43721164391,-443.541877368
1.44102169492,-448.789223539
1.46008213989,-468.186185894
1.42458785157,-430.733195818
1.44544754505,-453.724965881
1.4363341448,-442.798449611
1.44061375559,-447.842700558
1.44314079147,-451.275068155
1.44107878411,-448.433929698
1.44146651446,-449.324080762
1.45944769045,-467.571745942
1.42645882846,-433.212746814
1.44402519971,-451.92061156
1.43794355622,-444.831067108
1.4404464835,-447.588275793
1.4371234504,-443.847856578
1.4448040485,-452.992375961
1.43768477107,-444.548322235
1.45676318749,-464.027519352
1.42857025662,-435.930319149
1.44568943459,-453.964663984
1.44267160771,-450.895960829
1.44040099234,-447.692689682
1.44252025229,-450.677100212
1.44504267813,-453.352883939
1.43996743641,-447.296881435
1.46052825344,-468.875862134
1.42819132331,-435.412919199
1.44450438312,-452.518095908
1.4410499577,-448.877498854
1.44119653311,-448.741014641
1.44264334008,-450.876621008
1.44268493621,-450.427129909
1.43949656205,-446.783501279
1.46023023924,-468.736086255
1.42710851385,-433.951375166
1.44077981429,-447.874361381
1.44186613214,-449.905256356
1.44290627701,-450.951754888
1.43977081636,-447.045824504
1.44129806442,-448.806816896
1.44095088236,-448.700502573
1.45864056045,-466.580806029
1.42846359955,-435.575970425
1.44216493776,-449.697156474
1.44112060064,-448.722631989
1.44027027945,-447.395152502
1.44347928628,-451.746153576
1.44263644541,-450.208406063
1.44136092739,-449.115323222
1.45975141656,-468.003409377
1.43112868841,-439.150790602
1.44327638606,-451.119989741
1.44315436596,-451.382578107
1.44352722973,-451.507469185
1.44252830586,-450.807483197
1.44381369085,-451.811085409
1.44229373249,-450.374430437
1.46070060211,-469.233416969
1.4270107666,-434.046240626
1.44258061015,-450.149938915
1.43989016067,-447.294684862
1.44291543791,-450.877354984
1.44295653976,-451.11164137
1.43976419278,-446.701919709
1.4418802749,-449.799366617
1.45970023065,-467.979628417
1.43113336384,-439.153811466
1.44454955947,-452.68578271
1.44282044057,-451.045561828
1.44493488643,-453.224020971
1.44136615599,-449.209847601
1.44404155828,-452.134077735
1.44143237222,-449.52818007
1.46062180273,-469.069036526
1.42554849356,-432.09153765
1.43984979779,-446.635970505
1.4434833416,-451.863512583
1.44010248222,-447.281032328
1.43978786438,-447.088146228
1.44261745192,-450.29349345
1.44581129142,-454.575681592
1.45844640604,-466.259331022
1.42968269414,-437.200592244
1.44620880584,-454.791466686
1.44110632525,-448.804043681
1.444736158,-452.934055365
1.44208292224,-449.932041411
1.44181175263,-449.228328508
1.44159003021,-449.423227961
1.45957907096,-467.707361062
1.42875514763,-435.959887015
1.44419571249,-452.209673894
1.43954251071,-446.765356044
1.44354263243,-451.610202832
1.44196281115,-449.756618626
1.44645058956,-455.065608557
1.44006785064,-447.457662386
1.46209986432,-470.91267258
1.42769352063,-434.70614789
1.44630204635,-454.825080751
1.44108102798,-448.706479845
1.44494129913,-453.44946516
1.4406793481,-448.276669821
1.44292668041,-450.723054065
1.43961085227,-446.987145555
1.45738238503,-464.941977116
1.43156963745,-439.55442097
1.44420604148,-452.177967343
1.44342117673,-451.603107235
1.44260015525,-450.329207302
1.4461652239,-455.061158832
1.43955441366,-446.582484462
1.44069230027,-448.568055095
1.45932373754,-467.340936262
1.428561056,-435.977308419
1.44525753763,-453.566042393
1.44062939159,-448.372489799
1.44633857293,-455.072464796
1.44291276313,-451.142012844
1.44482321363,-453.000907867
1.4438572919,-452.213724572
1.46005295832,-468.421326843
1.43036341058,-438.026611026
1.44237543911,-450.069569969
1.4422269317,-450.222998331
1.44261789834,-450.426953516
1.4458454788,-454.699744406
1.44292536103,-450.824850427
1.44349887639,-451.84743136
1.46047517414,-468.931468867
1.43116708653,-439.292194564
1.43888721445,-445.671753439
1.44002511376,-447.507098453
1.44385467131,-452.107154708
1.44512794088,-453.900880824
1.43949729449,-446.641053304
1.44418662988,-452.754850219
1.46233692095,-471.116062521
1.43042609968,-438.16085845
1.44433838332,-452.441960004
1.44203706805,-450.1003841
1.44355175186,-451.562822051
1.44210890361,-450.057026555
1.44062079672,-447.918505077
1.44254129628,-450.521987184
1.46068061938,-469.161724187
1.42900576835,-436.517110126
1.44622613589,-454.7544686
1.43956648879,-447.10887551
1.44569808817,-454.464246558
1.44512463566,-454.035143321
1.44632476235,-455.066450679
1.44539467384,-454.138723865
1.4604759497,-468.72105738
1.42930603128,-436.752142932
1.44620720772,-454.678114338
1.44233945352,-450.408484081
1.44329504873,-451.157041702
1.44289510057,-451.002129432
1.44503259799,-453.434483738
1.44249046174,-450.726777736
1.46409423739,-473.385430954
1.43080437777,-438.64651155
1.44236065924,-449.903384552
1.44520959681,-454.190126439
1.44382195402,-451.950797007
1.4423129542,-450.385922551
1.44643853374,-455.199818335
1.44468133715,-453.430514532
1.46533159792,-475.050425454
1.43125566258,-439.276445808
1.44601412026,-454.299598469
1.44391457358,-452.277842709
1.44610918081,-454.932404367
1.44399551854,-452.464800814
1.44265528924,-450.480553148
1.44304088119,-451.283568228
1.45917128541,-467.235313658
1.4284683142,-435.762856924
1.4448960716,-453.051590172
1.4438727748,-452.416957717
1.44271220274,-450.697616811
1.44074263944,-448.561356679
1.44463028096,-452.899736612
1.44429617491,-452.944925042
1.45788580263,-465.623992551
1.43371286455,-442.227241877
1.44756101095,-456.336103289
1.44412476722,-452.558210779
1.44199059002,-449.454118574
1.44554749672,-454.48516155
1.44489883852,-453.291279216
1.44087140132,-448.768654253
1.46237603608,-471.105350414
1.4319527018,-440.239867694
1.44735456958,-456.149381514
1.44583558863,-454.719504686
1.44409140303,-452.403060147
1.44337177151,-451.742025579
1.4460502477,-454.806980374
1.44343128732,-451.83183532
1.46367599256,-472.945518248
1.43331722676,-441.821547706
1.44806061326,-456.98303993
1.44656862511,-455.843860549
1.44436023268,-452.606609638
1.44560591693,-454.486053633
1.44347182665,-451.629314518
1.44540269643,-454.101567024
1.46400018346,-473.306362724
1.43030683487,-437.852340597
1.44435637532,-452.360061048
1.44379718071,-452.281273829
1.44473638489,-453.221940089
1.43966461279,-447.165932437
1.44655641073,-455.501288163
1.44218605911,-450.200653833
1.46038188021,-468.879890535
1.42982257678,-437.478493689
1.4471050607,-455.953716765
1.44171867928,-449.672366447
1.44430237249,-452.563920667
1.44602721497,-454.821119637
1.44388352167,-451.88621343
1.44576244502,-454.725039811
1.46583345328,-475.712871072
1.429506174,-436.969036274
1.44498656921,-453.182656029
1.44370811822,-452.227246556
1.44465508464,-453.010258404
1.44583446715,-454.77697364
1.44372942318,-451.864135673
1.44538419229,-454.213393038
1.4631929513,-472.423231318
1.43279262497,-441.171950578
1.44654609128,-455.153355273
1.44542032295,-454.279871232
1.4441495174,-452.38368124
1.44613408669,-455.060665134
1.4496172252,-459.198097986
1.44377431141,-452.217043482
1.46425683618,-473.578761422
1.43117131451,-439.135559894
1.44737760112,-456.109372898
1.44531033893,-454.165872159
1.44500318019,-453.355422349
1.44502935626,-453.811908453
1.44694434775,-455.769140937
1.4450314429,-453.755681678
1.46439481456,-473.770877383
1.4277690404,-434.830120675
1.44848949018,-457.525597591
1.44607544505,-455.043178041
1.4465055912,-455.364942575
1.44466789887,-453.223631607
1.44518694933,-453.613490574
1.44242249162,-450.38258908
1.46448518809,-473.934072646
1.43438739737,-443.197121382
1.44498576307,-453.023313179
1.4428883642,-451.167784847
1.44638527892,-455.349541926
1.44438571024,-452.892110885
1.44497508065,-453.272291733
1.44473974607,-453.267239802
1.46671768673,-476.652154713
1.42673704596,-433.4853932
1.44773967467,-456.772044126
1.44615343135,-455.202998237
1.44628160837,-455.146311468
1.4480780054,-457.544414662
1.44822082005,-457.434836199
1.44571648698,-454.702453241
1.46601093878,-475.784370123
1.43102821335,-438.700348407
1.44931687708,-458.685318315
1.44603635656,-455.161406718
1.44862432697,-458.025137605
1.44538897025,-454.503642836
1.44649491349,-455.320366016
1.44523303313,-454.014597628
1.46540428548,-475.092088628
1.43191117221,-440.083316005
1.44533270154,-453.562978611
1.44206363948,-449.917191662
1.44698559111,-455.944303176
1.44628270618,-455.335370058
1.44567987268,-454.304436732
1.44717802762,-456.466977153
1.46249908333,-471.290309817
1.43196478229,-440.19097761
1.44923283697,-458.653791243
1.44088900463,-448.694322769
1.4487103258,-458.235661824
1.44325552207,-451.533950771
1.44756432181,-456.607835318
1.44767013033,-457.094729849
1.46636465549,-476.215149607
1.43472682038,-443.535642123
1.4483496039,-457.485231585
1.44295570384,-451.06271535
1.44164646885,-449.241280099
1.44313874011,-451.245375675
1.44710265051,-456.211869681
1.44240128826,-450.455773194
1.46266460732,-471.783943928
1.43097505795,-438.974495695
1.44818995695,-457.160193872
1.4462810332,-455.397191454
1.44982206195,-459.540442464
1.44404999148,-452.567962928
1.44699800354,-455.936876504
1.44560881685,-454.640246604
1.46382142773,-473.160342049
1.43253281284,-440.877876977
1.44800849729,-457.01702807
1.44523797035,-453.981227319
1.44857855535,-457.87141641
1.44212764417,-449.998146571
1.44487838246,-453.13061728
1.44113744686,-448.966596571
1.46434219149,-473.670410995
1.43504711299,-444.059385123
1.44786705545,-456.897644681
1.44209452387,-450.203502652
1.44378900159,-451.895888716
1.44654462141,-455.739227388
1.44578321488,-454.262884441
1.44624651629,-455.249238854
1.46328093262,-472.495749599
1.43216733838,-440.412075928
1.44815792221,-457.094103048
1.44595452532,-454.916464067
1.44677694194,-455.561901767
1.44313030734,-451.235059149
1.44638650271,-455.072584092
1.44289520731,-451.070347583
1.46369022703,-472.929687565
1.4291185403,-436.470345366
1.44543164374,-453.75361764
1.44518900242,-454.056236706
1.44772417613,-456.91616135
1.44526342022,-454.113547602
1.44334032724,-451.331723946
1.44501545489,-453.859045701
1.46601155511,-475.893528801
1.4325488493,-441.040706276
1.44802051924,-456.929917539
1.44263657904,-450.804036058
1.44833895285,-457.637221472
1.44473677812,-453.528086421
1.44720139542,-456.105505684
1.44569825195,-454.638827895
1.46072287749,-469.163644077
1.43301619215,-441.466509336
1.44637718651,-454.966158264
1.4446434649,-453.339808318
1.44672415789,-455.526023377
1.44308244102,-451.237774283
1.44990478029,-459.597811849
1.44472599451,-453.384015016
1.46651722398,-476.513626304
1.43320339551,-441.737171324
1.44987656284,-459.261188282
1.44445843428,-453.195104639
1.44363588744,-451.744916826
1.44757960458,-456.906047187
1.44428359107,-452.598184001
1.44543819875,-454.240075912
1.46142757092,-470.076797028
1.43316141151,-441.598450871
1.44319206328,-450.981199587
1.44347576338,-451.944540092
1.44394044669,-452.175374465
1.44565835723,-454.65750351
1.44936023976,-458.837238616
1.44632154383,-455.403874736
1.46251660464,-471.5560383
1.43466590652,-443.530827353
1.4483973462,-457.429020979
1.44697723316,-456.317565047
1.44561414215,-454.205313887
1.44675769851,-455.847276902
1.44949585709,-458.939286471
1.44704560837,-456.23603315
1.46439285495,-473.826019384
1.43294623329,-441.382389035
1.44718198156,-455.906193927
1.44523198669,-453.984694684
1.44282507005,-450.662991626
1.44640230637,-455.292644477
1.44620608227,-454.958236274
1.4417181048,-449.474835773
1.4624564655,-471.482776437
1.43086045187,-438.593710584
1.44665468852,-455.244573224
1.44301176956,-451.288770231
1.44340288134,-451.447109123
1.43976794216,-447.001135307
1.44313019101,-450.959555854
1.44129200815,-448.926034467
1.46311040625,-472.102949829
1.42993846269,-437.568816218
1.44791164217,-456.713495045
1.44248986194,-450.468147156
1.44553430712,-454.05086114
1.4443847755,-452.895656336
1.44441958928,-452.531104718
1.44401611073,-452.533611339
1.46403412153,-473.306816853
1.43142805369,-439.529895406
1.44748110329,-456.242214458
1.44225318787,-450.247294456
1.44340977507,-451.220493806
1.44420234571,-452.668576075
1.44471627727,-452.949185455
1.44189826056,-449.930036873
1.46506182038,-474.592371347
1.43007651173,-437.829565775
1.44544166044,-453.634639032
1.44555518402,-454.307697626
1.44265762303,-450.531975364
1.44503073432,-453.611628299
1.44781228604,-456.824237084
1.44421405388,-452.709613939
1.46184813944,-470.361251243
1.43405600973,-442.739890743
1.44702747293,-455.79321106
1.44258582492,-450.746557445
1.44600982865,-454.564850756
1.44683998574,-456.124670756
1.44792008045,-456.911295963
1.44386573911,-452.412998772
1.46199018349,-470.697021466
1.43154795332,-439.599068038
1.44636228962,-454.911927448
1.44486372114,-453.547584656
1.45089098967,-460.581861237
1.44534267262,-454.238936064
1.44160904578,-449.044694595
1.4465183039,-455.56902944
1.4621374938,-470.758794182
1.4301523771,-437.910785592
1.44624767153,-454.790368829
1.44284923528,-450.987790002
1.44833466241,-457.301381391
1.44277815928,-450.992888014
1.448106027,-457.098259193
1.44261437729,-450.640722151
1.46274539038,-471.639516761
1.43169048967,-439.745719782
1.44254172196,-450.038803382
1.44457104222,-453.210322272
1.4439639215,-451.964975534
1.44431737835,-452.836480708
1.44329349564,-451.075260802
1.44122722501,-448.865961585
1.46001882185,-468.112222581
1.43268222226,-440.877343305
1.44380807456,-451.411467233
1.44228905645,-450.32904896
1.44346587718,-451.42578632
1.44159348375,-449.352553343
1.44270980776,-450.506664188
1.4441839285,-452.688698525
1.46527690298,-474.907073999
1.43072940516,-438.410931266
1.44604230005,-454.280560854
1.44196395296,-449.85321191
1.44583191211,-454.299170405
1.44229820123,-450.21442472
1.44680796069,-455.405567023
1.44163777518,-449.245867408
1.46403317447,-473.233202815
1.42689948604,-433.52295506
1.4443229592,-452.206673457
1.43948806041,-446.802472952
1.44511572772,-453.451596047
1.4417573749,-449.677723173
1.44388186254,-451.894867122
1.44024340441,-447.741547502
1.46250118786,-471.325221827
1.43373942465,-442.130487151
1.44510103158,-453.195046743
1.43885338264,-445.955506005
1.44407681648,-452.152104689
1.44251116627,-450.487401432
1.44638524045,-454.988220012
1.44501675322,-453.472034327
1.46020932407,-468.475494633
1.43125888305,-439.087514396
1.44448675408,-452.591906151
1.44545846285,-454.187615061
1.44370009824,-451.769092272
1.44307889482,-451.212722852
1.44165718755,-449.201776873
1.4437031655,-451.791181933
1.4627460269,-471.847011022
1.42838801163,-435.364319193
1.44621139552,-454.567197826
1.44404382074,-452.365600813
1.4415382345,-449.152552983
1.4458834108,-454.788140363
1.44401501209,-452.089810672
1.43967871611,-447.115311158
1.46492413392,-474.353496367
1.42965664611,-437.055098022
1.44652041545,-454.919261242
1.44325056575,-451.491150288
1.44199702157,-449.433486824
1.44604620555,-454.897513566
1.4430646036,-450.818315901
1.44186873113,-449.820064609
1.46232058299,-471.241303042
1.42840809155,-435.538607965
1.44425306005,-452.141561485
1.4410188904,-448.645235427
1.44637624864,-455.021967999
1.438770306,-445.771107563
1.44344252797,-451.232850399
1.44076851063,-448.277021548
1.46482484296,-474.150879858
1.4316884837,-439.690021839
1.44475825516,-452.701763666
1.4396286004,-446.852937315
1.44364908292,-451.649369521
1.4448109151,-453.227504755
1.44093555505,-448.15946638
1.44038384231,-447.881367103
1.46126011331,-469.772239245
1.42850715063,-435.684913977
1.44594976869,-454.379004639
1.44125982895,-448.939634363
1.44398258356,-452.030849142
1.44187576614,-449.701314913
1.44561298398,-454.107558419
1.4416227563,-449.332494736
1.46024551294,-468.619212353
1.4310983818,-438.899316113
1.44612683062,-454.498204467
1.44057186022,-448.024824193
1.44276425887,-450.388913469
1.44455865438,-453.071336626
1.44442592586,-452.513793871
1.44039860663,-447.741881531
1.46573160675,-475.489425685
1.43014200317,-437.764632221
1.44593019002,-454.361695486
1.44161624611,-449.266680477
1.44492662752,-453.075439499
1.44683637581,-455.834686618
1.44412276679,-452.026678494
1.44194633733,-449.747047418
1.46199273387,-470.664024902
1.42958707801,-436.94560794
1.44510598965,-453.296870177
1.44254488691,-450.541125712
1.44358572064,-451.68523173
1.44466966013,-453.260700096
1.44384008945,-451.772351133
1.44279374398,-450.928442747
1.46272189023,-471.688390816
1.4261850114,-432.669364122
1.44432358469,-452.218819988
1.44440386151,-452.825545828
1.44497959258,-453.179850651
1.44309689253,-451.224123695
1.44287272197,-450.4876051
1.44327217396,-451.476106227
1.45972949016,-467.68249327
1.42988468526,-437.323131351
1.44251801107,-449.913745452
1.44331034818,-451.439695609
1.44615872567,-454.721674853
1.44292621586,-451.034932811
1.44618320971,-454.462658786
1.44404584463,-452.355603193
1.4587996808,-466.639519424
1.43000445734,-437.379669004
1.44284186259,-450.219291989
1.44282104149,-450.691537153
1.44200020008,-449.620493076
1.43986127766,-447.087003528
1.4408825201,-448.266129024
1.44024284594,-447.510877045
1.46096918686,-469.374628986
1.42990365595,-437.277452612
1.44386009454,-451.675036498
1.44216585792,-450.061693727
1.44019537774,-447.075955941
1.44226710941,-450.162639307
1.44171576679,-449.220096187
1.44277172806,-450.916010212
1.46154115481,-470.067202026
1.42967679669,-437.225600774
1.44453730743,-452.518690097
1.43935371396,-446.546899419
1.44378667286,-451.637466712
1.4414455895,-449.093357359
1.44704705405,-455.767331957
1.44472990257,-453.238342735
1.46047256538,-468.841422204
1.43098529701,-438.855817755
1.44428733032,-452.258798922
1.44313470238,-451.190268318
1.44128289876,-448.696567571
1.44350366568,-451.687125205
1.44420273218,-452.153880478
1.44238807542,-450.299584505
1.46464962394,-473.826194222
1.43081439749,-438.432972042
1.4468688959,-455.442380635
1.44588667572,-454.564519189
1.44259949381,-450.149805134
1.44277278473,-450.671424637
1.44413358237,-451.936301135
1.44296087748,-450.960726776
1.4636958557,-472.791009
1.43036055878,-437.871471952
1.44653587455,-454.783103844
1.44058624596,-448.049839695
1.44588854658,-454.182535189
1.43968230138,-446.898410669
1.44405142297,-451.983375727
1.44078858274,-448.1929434
1.46253980648,-471.27975889
1.42933438598,-436.696196523
1.4428766613,-450.304901393
1.44242572168,-450.226390543
1.44215736589,-449.727819637
1.44292798117,-450.921989994
1.44248214299,-450.063524966
1.44225110723,-450.012869897
1.45984002377,-467.927282439
1.42657864367,-433.162681402
1.44348176756,-451.11735723
1.44069174582,-447.988899447
1.44305386416,-450.942096654
1.44191062965,-449.605188679
1.44322781506,-450.968473163
1.44180969108,-449.605977174
1.46214792369,-470.955481488
1.42857013628,-435.588035661
1.44107196052,-448.139929568
1.44199125168,-449.820028438
1.44005392948,-447.085438055
1.43923972206,-446.336787574
1.44098145817,-448.37805928
1.43856052101,-445.453790239
1.45633833508,-463.536989075
1.43008656967,-437.601899087
1.44293233955,-450.442565247
1.44113304132,-448.636154867
1.44333430416,-451.159672033
1.44007498568,-447.380923909
1.44303822953,-450.650290168
1.43890550604,-445.915799299
1.46298331028,-471.735118867
1.43224929681,-440.295939712
1.44421494757,-452.153277136
1.44221461462,-450.069901036
1.4403945096,-447.554107646
1.44450921446,-453.008015984
1.44245707735,-450.182584294
1.43989520158,-447.211298507
1.46231632654,-471.04945671
1.42946713364,-436.862523018
1.44316945464,-450.65072784
1.44317544508,-451.094538885
1.44247517224,-450.20219715
1.444107414,-452.417234334
1.44141110126,-448.939268424
1.44052570242,-447.903869097
1.46042107133,-468.719208437
1.42599966977,-432.471055844
1.44088009091,-448.077001117
1.44014286846,-447.320371003
1.44386325672,-451.892588624
1.44052642377,-447.921279952
1.44363098952,-451.35946802
1.44129932888,-448.873595118
1.46207942064,-470.622529988
1.4303229081,-437.877662853
1.44454232607,-452.540711855
1.44244854521,-450.425653069
1.44478984103,-453.079297892
1.44114002177,-448.685705178
1.4459041591,-454.202073251
1.43581605045,-441.932461221
1.46419019308,-473.375516409
1.42843034196,-435.621122486
1.44608155396,-454.322408974
1.44156382668,-449.422105151
1.44407051752,-452.190088887
1.43964799325,-447.056544293
1.44203960909,-449.366342187
1.4440097896,-452.175822612
1.46365805794,-472.75748269
1.42952031088,-436.992233234
1.44648840672,-454.858407572
1.44304581076,-451.11093409
1.43948399299,-446.431086049
1.44094884503,-448.441295287
1.44434446884,-452.457108653
1.44266213614,-450.615592585
1.46273298935,-471.362018979
1.42839697556,-435.55449911
1.44529173546,-453.376627248
1.4443949292,-452.842057234
1.44076960313,-447.890392166
1.44187383844,-449.698190777
1.43957571431,-446.400066393
1.44029757629,-447.628748
1.45979799569,-467.813621797
1.42704103417,-433.845068318
1.44455821961,-452.622917488
1.44034132709,-447.884864434
1.44295085542,-450.570992263
1.4441324073,-452.274310724
1.43965758564,-446.533944478
1.44463575817,-453.169992286
1.45874521922,-466.627078404
1.4285614951,-435.679676313
1.44485968134,-452.660829372
1.44008841121,-447.544154671
1.44383577177,-451.762434012
1.44098541968,-448.656073501
1.44508364291,-453.161914355
1.4424733449,-450.47745801
1.46258934359,-471.413952304
1.43128041108,-439.104661943
1.44300096418,-450.405333703
1.44490010693,-453.480888175
1.44436247669,-452.292908129
1.44407869096,-452.451141387
1.44050712618,-447.436375919
1.44450008499,-452.938838894
1.46317905918,-471.973996599
1.42931577723,-436.738029705
1.44395613173,-451.78208498
1.44286024471,-450.881034642
1.44264670068,-450.172960652
1.4432104615,-451.16019927
1.44288813086,-450.587579152
1.43921272065,-446.322224827
1.45974394361,-467.945665343
1.43045931023,-438.191633653
1.44481012508,-452.952697246
1.442611285,-450.60111923
1.4406350781,-447.72246406
1.44060252726,-448.042281203
1.44577976956,-454.235746707
1.44177122769,-449.554832843
1.46139628255,-469.964929213
1.42547247409,-431.840188781
1.44525706007,-453.315170064
1.44094439297,-448.525981538
1.4412302994,-448.491822277
1.44419560293,-452.584039948
1.44306449266,-450.896447225
1.43877206217,-445.795376386
1.45935052956,-467.172355938
1.4270189497,-433.800476736
1.44168766021,-448.742822718
1.44081373797,-448.327163844
1.44228678836,-449.706141996
1.44583770127,-454.672951209
1.4443205625,-452.232820051
1.44263218792,-450.521564073
1.46389443063,-472.894853845
1.43173107321,-439.643091605
1.44564286173,-453.859258246
1.44227695283,-450.178210528
1.44227507897,-449.866471056
1.44258232382,-450.600997671
1.44201722271,-449.397501411
1.44054471498,-447.94604183
1.46335076746,-472.298152841
1.42956216231,-436.90316502
1.44624144769,-454.504032835
1.44124513576,-448.860196376
1.44609983774,-454.64077626
1.44238828293,-450.271465014
1.44408204416,-452.010687469
1.44104259426,-448.599893257
1.4625400353,-471.320633698
1.43409785464,-442.59799137
1.44179311256,-449.009093482
1.44254115288,-450.434239067
1.44656064769,-455.302695877
1.44297270005,-450.986512312
1.44397909357,-452.135760068
1.44310874482,-451.130345542
1.46208589727,-470.61037614
1.4308883591,-438.631691001
1.44500422901,-452.95976392
1.43992639205,-447.292512167
1.44463397648,-452.464101902
1.44368361662,-451.847423744
1.44526806997,-453.350173453
1.4447692133,-453.338266722
1.46304598436,-471.885366714
1.42913353053,-436.460666524
1.44583036344,-454.040451869
1.44145793105,-449.3149693
1.44273269903,-450.434093019
1.44140070739,-449.198690655
1.44468187594,-452.962517818
1.44057131754,-448.057688733
1.46246094335,-471.133012799
1.42974714109,-437.250002318
1.44248422525,-449.778890509
1.4413504865,-448.94308034
1.44514576084,-453.354706837
1.44330405807,-451.319098983
1.44568583302,-454.020001009
1.44051264139,-447.671325842
1.46424122894,-473.40350856
1.42973655831,-437.121192084
1.44954876634,-458.843956586
1.44381418263,-452.048423631
1.4407326377,-447.883804102
1.44500658252,-453.572918422
1.4442462867,-452.287602891
1.44249545142,-450.310550639
1.46343501496,-472.363309027
1.43174144156,-439.702311809
1.44617428409,-454.569082761
1.44181363899,-449.678972452
1.4398305849,-446.856513243
1.44270091772,-450.798825173
1.44408222031,-452.058061569
1.44274233288,-450.755453214
1.46212301864,-470.610837666
1.43146486901,-439.327380631
1.44564748,-453.728532833
1.44312391867,-451.325094971
1.44279946872,-450.506929678
1.4426056367,-450.570608906
1.44784263653,-456.774048207
1.44319703918,-451.411487404
1.46178237765,-470.209143448
1.42709122529,-434.036404832
1.44495318228,-452.952521514
1.44099875751,-448.596999833
1.44365143605,-451.480812615
1.44368500717,-451.925181691
1.44254307064,-450.105096141
1.44349876481,-451.637006661
1.46392552084,-473.107742907
1.43029865205,-437.798068617
1.4465285208,-454.835112304
1.44231263178,-450.221090012
1.4441403899,-452.105898405
1.4406108217,-448.095589952
1.44324431733,-451.136322581
1.43860899186,-445.63549536
1.46031706075,-468.540864868
1.43040858866,-438.162219787
1.44526788884,-453.341271463
1.43788108458,-444.588843181
1.44311499365,-450.926055656
1.44224516687,-449.982557193
1.44632302344,-454.831114848
1.44145562366,-449.009016805
1.46486527345,-474.229489619
1.4263960267,-432.893485219
1.44488950348,-452.794897768
1.44295959999,-451.055813675
1.4442299791,-452.185970356
1.44261348063,-450.483584534
1.44728265045,-456.02957016
1.44410897608,-452.215099627
1.4588116777,-466.624546061
1.43109594233,-438.81986811
1.44444483436,-452.370394813
1.44370855155,-451.900273162
1.44543804024,-453.808727929
1.44326094849,-451.526860382
1.44463477255,-452.718123566
1.44099814401,-448.637460906
1.45954803095,-467.51456344
1.42793146816,-434.665880976
1.44161467256,-448.649901641
1.44034913082,-447.664324737
1.44381248882,-451.887247168
1.44000852423,-447.34678027
1.44307187332,-450.775936125
1.44003801303,-447.269952048
1.45987164368,-467.828895705
1.42873461106,-435.862662051
1.44340481057,-450.973094855
1.44016763077,-447.437167161
1.44245260117,-450.032599075
1.4429397992,-450.896539826
1.44610597999,-454.55793476
1.44255914294,-450.50449423
1.46205847278,-470.832767127
1.43124868573,-439.006276908
1.44376287118,-451.53439685
1.44470496636,-453.16207852
1.44351725637,-451.435906693
1.44266997038,-450.726098007
1.44367314311,-451.785961429
1.44320509041,-451.148911464
1.46286785646,-471.784499916
1.42905674917,-436.140590085
1.44406886838,-452.03687785
1.4400951006,-447.496721018
1.44153500796,-449.014137118
1.44279971388,-450.824031659
1.44511806532,-453.390916582
1.44075253598,-448.214658048
1.46030665982,-468.580664368
1.43130085188,-439.089963986
1.4443153128,-452.186956734
1.44149704776,-449.111689197
1.44426500014,-452.333277642
1.44318655875,-451.339869097
1.44341968886,-451.246999794
1.44125773122,-448.875161307
1.46271221107,-471.583805776
1.43245725896,-440.55476899
1.44343792885,-451.072605479
1.44219360343,-450.086174404
1.44218804451,-449.627991832
1.44393676629,-452.245692191
1.44858361746,-457.633539843
1.44207229876,-449.803940281
1.46180240349,-470.402968507
1.42958580347,-436.841966255
1.44666361787,-455.142152673
1.44406188714,-452.37876592
1.44546808904,-453.785127144
1.44245229081,-450.22062736
1.44150536664,-448.7129715
1.44356396152,-451.691210241
1.46374828766,-472.743855289
1.42758903108,-434.257700294
1.44595215586,-454.024516723
1.44153704336,-449.183354132
1.44008243386,-447.074478
1.4420812906,-449.891613674
1.44431208227,-452.314246795
1.44000574742,-447.306273846
1.46291867194,-471.831807607
1.42975154164,-437.212329441
1.44575209539,-453.958150923
1.44506960844,-453.610250339
1.4439164596,-451.845328524
1.44365732005,-451.949264301
1.44611269313,-454.53835536
1.44051012569,-447.849645139
1.46172096828,-470.262035658
1.42866151697,-435.785937533
1.4433183137,-450.912452042
1.441537241,-449.304667039
1.44430397706,-452.29872411
1.43933546394,-446.550096637
1.44766215422,-456.455913754
1.44146573669,-448.940820082
1.46411899379,-473.305467021
1.42704195402,-433.721512128
1.44355920897,-451.177803537
1.4401820088,-447.592265728
1.44139219387,-448.722104332
1.44109924379,-448.573676672
1.44533092735,-453.584865046
1.44368937145,-451.689316993
1.46200061333,-470.609872811
1.43026412704,-437.712466009
1.4415542719,-448.644144322
1.44125656042,-448.988510579
1.445239379,-453.474574807
1.44016385409,-447.4682541
1.4439033976,-451.675297326
1.43961059551,-446.85551149
1.45970563196,-467.827112279
1.43373068004,-442.089377022
1.44077823093,-447.739737001
1.43990223298,-447.104962672
1.44471226498,-452.8283306
1.44281746807,-450.955416754
1.44546901654,-453.613594608
1.44376406995,-451.896720673
1.46059260708,-469.02692853
1.4283791702,-435.435479014
1.44251008529,-449.892940793
1.43934484977,-446.448539271
1.44360566662,-451.557588841
1.44676173905,-455.704522652
1.44433710718,-452.398709318
1.44178363102,-449.308882802
1.4639752054,-473.146988645
1.43008395792,-437.518090851
1.44476019909,-452.840449438
1.44401370694,-452.319514694
1.4422854011,-449.783797756
1.44148068643,-449.035340221
1.44393287255,-451.842872717
1.43948328315,-446.651068097
1.46040064782,-468.559801733
1.42950472615,-436.892892308
1.43877652639,-445.27496114
1.4388155797,-445.717852283
1.44237794467,-450.086700859
1.44144207426,-449.283126963
1.44336842472,-451.213002673
1.44457993095,-452.869006136
1.46008557706,-468.294336845
1.42973642204,-437.187713193
1.44458781148,-452.444320084
1.44322266316,-451.358419058
1.4425842691,-450.209577483
1.44361832196,-451.910558984
1.44317171693,-451.053144752
1.44254671901,-450.547601519
1.46326355068,-472.359514309
1.42778203254,-434.505174695
1.4465287781,-454.992204007
1.44149324478,-449.239517314
1.4432025254,-451.001762711
1.44088371203,-448.306098006
1.44532258602,-453.645780954
1.44441572031,-452.776120979
1.45991576601,-467.933309012
1.43066633443,-438.397233471
1.44273120141,-450.140844601
1.44089170165,-448.251551513
1.44246937002,-450.104968195
1.43910442364,-446.343071995
1.44024423871,-447.198151564
1.43862028869,-445.584364646
1.46156389022,-470.138823698
1.42887865029,-436.197044175
1.44497241304,-452.964928252
1.43937393719,-446.614528295
1.44452241883,-452.485288078
1.43866470618,-445.602541966
1.44532853053,-453.623531965
1.44277328036,-450.84468753
1.46150191958,-470.187814238
1.42470549785,-431.008692308
1.44444050325,-452.299507138
1.44283356992,-450.714920029
1.44414857933,-452.366067824
1.44194465069,-449.690188508
1.44345988452,-451.383025148
1.445299854,-453.898666175
1.46126014831,-469.781436988
1.42913194816,-436.494500457
1.44470912812,-452.526121844
1.44068388171,-447.968865171
1.44190779169,-449.280045083
1.43723423499,-443.65585336
1.44149458246,-448.697825683
1.44482823875,-453.254640958
1.4606813962,-468.91715181
1.42966655616,-436.846535903
1.44102302181,-448.059129384
1.4412360156,-448.686724362
1.44376996903,-451.725414274
1.44568256803,-454.428940939
1.44561210363,-453.952023927
1.4395422148,-446.726579377
1.46127192329,-469.743336078
1.42677407558,-433.518098334
1.44157902808,-448.598437171
1.44202863451,-449.802689426
1.4396287017,-446.576252067
1.44045838303,-447.675571986
1.44181870171,-449.27566779
1.44114061065,-448.781635437
1.45859665484,-466.401947932
1.42864786034,-435.724139431
1.44366208812,-451.397897962
1.44023459569,-447.495687521
1.44186655773,-449.410731862
1.44397176988,-452.329815183
1.44510993473,-453.333938938
1.44091462004,-448.466257138
1.46029867331,-468.48809201
1.43154392826,-439.555079067
1.44386079555,-451.716847007
1.4411691388,-448.719720788
1.44106345206,-448.50451308
1.44176859785,-449.509860558
1.44564907572,-454.024260985
1.44170259041,-449.383807489
1.45866811178,-466.368200788
1.42901004686,-436.4246449
1.44514249766,-453.202414282
1.43993077786,-447.368146998
1.44187532023,-449.229683563
1.43929262104,-446.478446555
1.44432737205,-452.325773286
1.44103463201,-448.633156207
1.46362336354,-472.673772398
1.43031256867,-437.930064584
1.44354424982,-451.057877045
1.44472002048,-452.991840852
1.44089512122,-447.963486992
1.44447124724,-452.885718862
1.44439015777,-452.375395114
1.44105479345,-448.565613375
1.45917088286,-467.168857266
1.42662558892,-433.311682745
1.44313569459,-450.655860314
1.44217410971,-450.066441011
1.4403038774,-447.479653321
1.44083007124,-448.32406297
1.44382043496,-451.846552426
1.44127534436,-448.70822052
1.46236721067,-471.060992315
1.43114923419,-438.886802042
1.44278603914,-450.168888754
1.44116784901,-448.756170993
1.4427815304,-450.22375293
1.43951769847,-446.818466699
1.44434670992,-452.487771202
1.44259572928,-450.403242486
1.460962796,-469.300110808
1.42924202552,-436.569070819
1.44377377708,-451.640994163
1.44079551322,-448.259431157
1.44236629289,-449.961140619
1.43686376885,-443.362821159
1.44195620793,-449.284667882
1.44272647606,-450.707687532
1.46144511842,-469.916643592
1.42861361236,-435.701909669
1.44696264788,-455.436399082
1.44099524816,-448.659964813
1.44205202808,-449.487707008
1.43958593045,-446.582577255
1.44105940782,-448.208028494
1.43980097859,-446.913261052
1.45873035586,-466.508371936
1.42337781681,-429.209593792
1.44088093839,-447.863339486
1.43927435349,-446.452213125
1.44071914771,-447.767492467
1.4400582082,-447.286157319
1.44050581795,-447.49620885
1.43768865151,-444.275480093
1.45688438995,-464.028095968
1.42795831368,-434.813080832
1.43897898434,-445.429197699
1.4394040213,-446.518796517
1.44147606082,-448.656897274
1.43881932725,-445.757731072
1.43638666008,-442.436691811
1.43998853502,-447.091965395
1.45596624394,-463.129962366
1.42589100521,-432.467658201
1.44293812881,-450.470969317
1.44077754351,-448.196007701
1.44165072076,-448.983743095
1.44226062719,-450.037862649
1.44052660494,-447.751394532
1.44106510616,-448.46903626
1.45866081916,-466.392233824
1.42686545597,-433.495824302
1.44101336602,-448.096584287
1.43773532506,-444.310041096
1.43959066395,-446.450481799
1.44179477749,-449.426681764
1.44235614232,-449.952690042
1.44129448172,-448.903418946
1.45983660159,-467.907754416
1.42881194888,-435.969497074
1.44193159493,-449.106193278
1.43866678071,-445.609179289
1.44032980235,-447.246873684
1.43863291671,-445.412378666
1.44136137407,-448.636469936
1.44128317187,-448.91392472
1.46005132384,-468.286910547
1.42819268758,-435.152504031
1.44378682574,-451.443511633
1.4419740929,-449.691166222
1.44224891561,-449.632793374
1.44189775128,-449.479975758
1.44527151526,-453.280419841
1.4392618738,-446.28022716
1.46169347682,-470.079231851
1.42733451771,-434.347570884
1.44394178803,-451.74043554
1.4376992927,-444.569685776
1.441808162,-449.31379856
1.44191261735,-449.671620416
1.44252929578,-450.100327736
1.43793525501,-444.812651852
1.45853149338,-466.38793103
1.43061601249,-438.219422957
1.44485510174,-452.773471669
1.43447353397,-440.292639787
1.4387892692,-445.62792921
1.44071641491,-448.188376251
1.44129711117,-448.525517836
1.43822883314,-445.166150713
1.46115880515,-469.502842636
1.42664424484,-433.327091491
1.44157972739,-448.763259503
1.43914904147,-446.139752833
1.44188417595,-449.424355914
1.44298937332,-451.009721126
1.44363788839,-451.290515798
1.44046729371,-448.016596215
1.46214558751,-470.764358204
1.4261539054,-432.684468065
1.44253580698,-449.840060695
1.44026207648,-447.7361459
1.44415591478,-452.151444254
1.44243844894,-450.39118071
1.44231435103,-449.781487921
1.44164850959,-449.307637188
1.45865169209,-466.460195243
1.42830533275,-435.482564114
1.44496939737,-452.991339203
1.44117041342,-448.890447846
1.44293025014,-450.72154737
1.43918718588,-446.32952026
1.44381215011,-451.717701461
1.43930531022,-446.41405087
1.45676248229,-464.16235151
1.42966114014,-437.093286379
1.44110807868,-448.252747599
1.4421152954,-450.056987961
1.44032522063,-447.370206479
1.44046412968,-447.966550551
1.44631126419,-454.808046579
1.43983981107,-447.351990575
1.46098499953,-469.245144517
1.42544900051,-431.988121949
1.44280696466,-450.260523514
1.44111880607,-448.773086049
1.43901937729,-445.80346693
1.43975460414,-447.091490083
1.44511777351,-453.553297888
1.44347801326,-451.713400262
1.4593766462,-467.431537051
1.42835841043,-435.405965218
1.44471520277,-452.657254627
1.44077761638,-448.339976109
1.44198150311,-449.489398156
1.43886835575,-445.97710971
1.44549137508,-453.927965597
1.44158213486,-449.44750452
1.46270576149,-471.553537961
1.42787299642,-434.919895916
1.44346684715,-451.269022071
1.43911693275,-446.445395117
1.44177299792,-449.126798608
1.44279666614,-450.824512308
1.44185827642,-449.221410469
1.4408150071,-448.389703318
1.45727011364,-464.719142427
1.42742171017,-434.265376815
1.44332550312,-450.95256148
1.43904531876,-446.111557029
1.44500219558,-453.218525725
1.4430937495,-451.214969215
1.44032048691,-447.324240667
1.44161313109,-449.401155836
1.45927600365,-467.189516204
1.42993812677,-437.435311847
1.44466858708,-452.659109631
1.44150367401,-449.39296458
1.44446858835,-452.472973542
1.4405114471,-448.007064148
1.44047559748,-447.830366548
1.44073442855,-448.240878131
1.46178247172,-470.424156447
1.42876544732,-436.003789603
1.44192364979,-449.190290422
1.44319882337,-451.42135303
1.44261699513,-450.336833026
1.44025840934,-447.680011745
1.43860574391,-445.263129187
1.4374580044,-443.952246011
1.45780368566,-465.460913849
1.42818445762,-435.233165481
1.44375964718,-451.652981892
1.44300243096,-451.187098055
1.44384753564,-451.951651295
1.43865184089,-445.475106824
1.43926105152,-446.103130439
1.43864192371,-445.699555842
1.4615962682,-470.116319227
1.42821883382,-435.370451972
1.44355282174,-451.287504292
1.44627581177,-455.184421273
1.44148787442,-448.947601397
1.43956570855,-446.804846073
1.44270068413,-450.352540147
1.44104621535,-448.654316143
1.45984422823,-468.036386295
1.42602881823,-432.471236085
1.44253617981,-450.091892498
1.44328037451,-451.339167093
1.43949527438,-446.356710927
1.44186294333,-449.920215158
1.43846208236,-445.105169247
1.44191491222,-449.623717077
1.45919103161,-467.249762727
1.42780085708,-434.760736712
1.43890120391,-445.535256931
1.4394566923,-446.723962004
1.44023431076,-447.343478526
1.43833701836,-445.184068665
1.44447397519,-452.778901334
1.44073012782,-448.167376233
1.45688546488,-464.273293191
1.42639290167,-433.034382366
1.44401765515,-451.805283556
1.44210660692,-450.097391623
1.44511418264,-453.403991828
1.44138516351,-449.297285753
1.4419353979,-449.443313504
1.43948512267,-446.691576328
1.46142424798,-469.983312847
1.42911333489,-436.455675545
1.44367068317,-451.353651583
1.44226019959,-450.171956378
1.44261551703,-450.396728662
1.44012258007,-447.571107589
1.44221296046,-449.869295461
1.44060953498,-448.181571444
1.46058474438,-468.869324985
1.43340969686,-441.962166459
1.4418382191,-449.114977466
1.43790107523,-444.708088186
1.44315298631,-451.13835603
1.43840467734,-445.454850753
1.44293587043,-450.839607433
1.43958410235,-446.857486654
1.45756198728,-465.259855712
1.42967174274,-436.990243087
1.4443662141,-452.431665636
1.4381229356,-444.833099966
1.44511771988,-453.623317978
1.44211211619,-450.079301917
1.44331266982,-451.186785958
1.44200754914,-449.923316104
1.46069056558,-469.077154806
1.43145402648,-439.442961643
1.44308356522,-450.799814818
1.43988042402,-447.297893277
1.4417957777,-449.290434434
1.44378122102,-452.112343536
1.44415107829,-452.091079619
1.43954211829,-446.702208448
1.45792658737,-465.778402913
1.42787069841,-434.997201297
1.44329189276,-451.059486316
1.4404499626,-448.009919718
1.44315162268,-451.026621226
1.441575952,-449.26126175
1.44025156179,-447.387364004
1.4441869338,-452.701078815
1.46138441276,-470.151585569
1.42752267867,-434.511569109
1.44235832665,-449.941112972
1.43914470798,-446.297999414
1.44353073226,-451.689574212
1.44272527066,-450.766983966
1.44213306147,-449.824370365
1.44250510416,-450.668197942
1.46039554749,-468.784330235
1.42901246107,-436.386537962
1.44278539727,-450.456250037
1.44149960574,-449.18525922
1.44422155944,-452.488157738
1.44411626453,-452.448916434
1.44341276085,-451.3091735
1.4421988416,-450.047362516
1.4609730515,-469.534011728
1.43120277724,-439.02071135
1.44317264094,-450.896780739
1.44175020261,-449.65476382
1.44355703891,-451.547875158
1.4407778611,-448.37714054
1.44379250493,-451.795333888
1.4426928049,-450.784014559
1.46229659719,-471.129454124
1.42965537087,-437.299187867
1.44534611829,-453.609029223
1.44118331501,-449.114136883
1.44190865832,-449.585134894
1.43973640156,-446.970491208
1.44200999423,-449.828549133
1.4418877639,-449.875164643
1.46243241226,-471.383819745
1.43134616362,-439.406067275
1.44314910629,-450.98601755
1.44198393499,-449.866462799
1.44197839797,-449.790785293
1.44217169427,-450.287792884
1.43982732449,-446.895604585
1.44140510402,-449.310102483
1.45948821324,-467.674401291
1.43021852978,-438.00276241
1.44259091352,-450.084746337
1.44326876621,-451.584346812
1.44560016955,-454.161873391
1.44144846903,-449.286408962
1.44252987952,-450.242130249
1.4412139622,-449.18054905
1.46184512087,-470.578361654
1.426415862,-433.153026436
1.44445757355,-452.567861322
1.44155743826,-449.408872814
1.44106630247,-448.469410814
1.44583275508,-454.809502832
1.44453366401,-452.770441328
1.44043384704,-448.117167564
1.46259658927,-471.518260067
1.42977944548,-437.538012054
1.4448113424,-453.024339725
1.44263714566,-450.89793676
1.44170222567,-449.303289256
1.44108427271,-448.751784557
1.44471674057,-453.124571154
1.44361575081,-452.236044697
1.46419944709,-473.678132828
1.4291001544,-436.530776293
1.44383711002,-451.735820998
1.44038945421,-447.925972748
1.44269713666,-450.516085907
1.44309005501,-451.441869119
1.44187740042,-449.560196039
1.4430679244,-451.239097256
1.46314945324,-472.157391494
1.42893006046,-436.397282983
1.44402547724,-452.13959589
1.44213292849,-450.186816599
1.44396186401,-452.330598633
1.44070247915,-448.313429961
1.44293207166,-450.899526577
1.44071046426,-448.505199122
1.46160053051,-470.348856597
1.42833397785,-435.704052339
1.44723189716,-456.077053488
1.44293826311,-451.439736509
1.44303511842,-450.954614743
1.44207306995,-450.221356542
1.44305421154,-450.99962869
1.44030807911,-447.951314141
1.45844473341,-466.43958879
1.43048663297,-438.416770029
1.44359626359,-451.481004106
1.445684924,-454.698814256
1.44502103852,-453.406942894
1.43761466549,-444.501811333
1.44728687739,-456.055392555
1.44084486398,-448.606976466
1.46339558927,-472.49140439
1.42817898266,-435.390155321
1.44385420341,-451.723189
1.44312128461,-451.481103207
1.44363623601,-451.748093721
1.44516802631,-454.216627288
1.44563391356,-454.251706169
1.44296607086,-451.375805669
1.45905071914,-467.32345739
1.42871987214,-436.047426557
1.44353357099,-451.485637791
1.44068429208,-448.515151054
1.44492578852,-453.414788011
1.44007048214,-447.564462434
1.44439528793,-452.645247203
1.44385808994,-452.463179175
1.46433136369,-473.872419765
1.43171254542,-439.957599372
1.44174881567,-449.092875769
1.44246956068,-450.719283827
1.44095990099,-448.373010983
1.44160384319,-449.636086308
1.44086579204,-448.186122855
1.44195608602,-450.024668145
1.46242730738,-471.293955054
1.42973028147,-437.540756404
1.44617160298,-454.725591639
1.44139247087,-449.231762165
1.44583978347,-454.577458505
1.44136029968,-449.254615015
1.44450184717,-452.846929512
1.44342638443,-451.928116663
1.45826077478,-466.159927842
1.42912163983,-436.67956116
1.44447181053,-452.481384898
1.44253680877,-451.01657968
1.44137688916,-448.865117743
1.44250210589,-450.848119134
1.44264507972,-450.456858151
1.44107578716,-448.793711568
1.45996722957,-468.439695517
1.42790603346,-435.064746068
1.44650567278,-455.123448564
1.440853018,-448.580292406
1.44414373542,-452.316271061
1.44470299812,-453.443607545
1.4439655719,-452.158666173
1.44100616515,-448.646358458
1.46090272426,-469.558060541
1.43187953043,-440.362291544
1.44077345775,-448.00517644
1.44303457554,-451.477537597
1.4414411048,-449.060911214
1.4440508752,-452.655340481
1.43961143243,-446.832424838
1.44181261314,-449.924019989
1.46282953678,-471.9907006
1.42586925219,-432.760115336
1.44420988799,-452.214237961
1.44422360567,-452.969893473
1.44056377364,-448.030953665
1.43947534386,-447.046489692
1.44349140221,-451.575314295
1.43584178557,-442.516163206
1.46057790707,-469.147311618
1.42955736987,-437.322167267
1.44464540429,-452.799692274
1.44036078743,-448.243847159
1.44209406496,-449.755829933
1.44433000704,-453.194144858
1.44172567198,-449.289105621
1.44125822506,-449.224276643
1.4590838988,-467.162268202
1.43036490047,-438.34478151
1.44623878634,-455.032310575
1.44202931234,-450.316891512
1.44318685465,-451.235793137
1.44035832542,-447.996791588
1.44474889904,-453.211479787
1.44356346974,-452.135921294
1.46021373302,-468.675125604
1.42769957506,-434.833061593
1.44269140498,-450.494469286
1.44272000495,-450.849263229
1.44347693809,-451.653706665
1.4427013616,-450.998710402
1.44305805543,-451.153339854
1.44446397533,-453.259931765
1.4581338573,-466.168658489
1.42798498584,-435.385584896
1.44233204547,-450.009264204
1.44285864405,-451.153113376
1.44269877358,-450.452678953
1.44014459957,-447.806443631
1.44105441706,-448.705563527
1.44384750934,-452.473938344
1.46139488814,-470.204067682
1.43204895662,-440.191260078
1.44359181159,-451.653049242
1.44087762553,-448.673920385
1.44470616203,-453.274111271
1.44222167668,-450.459580454
1.44422770993,-452.603589981
1.43905790829,-446.544687164
1.46213124977,-471.107992172
1.42794315636,-435.251133914
1.44459573816,-452.816023945
1.44208934014,-450.337206878
1.44494507319,-453.525813712
1.44229833646,-450.500248389
1.44414170143,-452.470415646
1.44254895002,-450.959281171
1.46069366119,-469.319183597
1.42516795244,-431.859617598
1.4456641118,-454.1380642
1.43928990374,-446.794813591
1.43951157177,-446.645585855
1.44508202424,-454.02317961
1.44145044714,-448.917041231
1.43899816347,-446.44941281
1.4638664155,-473.435164768
1.42783159449,-435.243924052
1.44476286005,-453.161973122
1.44416243146,-452.869746429
1.44492606602,-453.6465067
1.43968027641,-447.233650368
1.44481362637,-453.353458284
1.4406595889,-448.768966445
1.46433321518,-473.905350936
1.42911818741,-436.948088268
1.44532156662,-453.825597714
1.44027058042,-448.042673693
1.44447991125,-453.040799972
1.44242914066,-450.845673648
1.44276281505,-450.751160906
1.43852890683,-445.711804226
1.46474496858,-474.323393722
1.42697225029,-434.236498494
1.4435303172,-451.427165082
1.44079068439,-448.872365719
1.44601970258,-454.909907209
1.44587600741,-455.11219535
1.44448350696,-452.974724001
1.44493002281,-453.934447638
1.4623519066,-471.408962419
1.42868802142,-436.187688273
1.44647872675,-455.233297296
1.44090421635,-448.930118885
1.44494275846,-453.610694513
1.44235670966,-450.831942454
1.44524446503,-453.908678202
1.44537835921,-454.529214144
1.46182009005,-470.912399265
1.43030445594,-438.275821043
1.4451655611,-453.642738204
1.44324579119,-451.854495834
1.44599568523,-454.989888789
1.44414541501,-452.823198142
1.44404755813,-452.359681824
1.44474124311,-453.854257133
1.45992628534,-468.539959714
1.43077155228,-438.979892179
1.44555530589,-454.298711009
1.44187380246,-450.147038114
1.44293808999,-450.978524778
1.44445339575,-453.270899253
1.44440872173,-452.805841064
1.44506898332,-454.112681827
1.46238821285,-471.514920984
1.42782395811,-435.336845369
1.44541103835,-454.097614294
1.44050880125,-448.494371614
1.44178796574,-449.457286792
1.44291071528,-451.407935633
1.44549350733,-454.288184507
1.44346872734,-452.074699348
1.46100691357,-469.947781614
1.43167587828,-440.283587191
1.4441464296,-452.370734371
1.44488938782,-453.920509358
1.4407405287,-448.297207325
1.44013672658,-447.885355766
1.4411253279,-448.883620336
1.44216070652,-450.392199274
1.46151592371,-470.614398622
1.43076397304,-438.969456444
1.44567553875,-454.423574763
1.44390620136,-452.627132289
1.44646600395,-455.745989746
1.44281130876,-451.321061139
1.44684802042,-455.993829306
1.44049759366,-448.539205727
1.46126508833,-470.326632004
1.43054525722,-438.858704181
1.44286953846,-451.128500384
1.44237696099,-450.866830634
1.44323230975,-451.572680789
1.44120189866,-449.300679474
1.44569534075,-454.609562905
1.44272214326,-451.285683095
1.46433818793,-474.053559211
1.43053570982,-438.925159933
1.44378492221,-452.133289803
1.44048795143,-448.489127821
1.44499525511,-453.775357537
1.44352044533,-452.164034585
1.44371621634,-452.1977446
1.44292615112,-451.503513758
1.46417414956,-473.81703495
1.43031938514,-438.624268122
1.44644369831,-455.288568354
1.44353445653,-452.198594443
1.44368717219,-452.104212106
1.44302984511,-451.869347129
1.44552132342,-454.38051883
1.439910974,-447.839760917
1.46185512965,-471.005969117
1.43005159622,-438.205265
1.44193163779,-449.803554952
1.44441714983,-453.349355443
1.44068470819,-448.341902425
1.44235926109,-450.766406114
1.44455302414,-453.180359083
1.44531801983,-454.455821626
1.46190237239,-471.047060514
1.43027587189,-438.442676046
1.44572730403,-454.485920491
1.44200216202,-450.578404716
1.44532271957,-454.164990305
1.44184584594,-450.221667534
1.44410789917,-452.503413346
1.44446975381,-453.605746651
1.46062544545,-469.510950205
1.42943827793,-437.4756832
1.44450447261,-453.040604043
1.44595064917,-455.319380353
1.442937293,-451.025446991
1.44020699892,-448.047285329
1.4459763854,-454.849924402
1.44276911571,-451.292094366
1.46250611351,-471.647045336
1.43187439525,-440.531521309
1.44690932494,-455.968161114
1.44143188098,-449.816890357
1.44338661139,-451.824907702
1.44164596134,-449.853024759
1.44521238646,-454.116972282
1.44281839358,-451.584512584
1.46559622683,-475.854197939
1.43288302549,-441.766883109
1.44274584364,-450.836226603
1.44576093256,-455.329927059
1.44658366834,-455.950379893
1.44435519208,-453.310778942
1.44315419088,-451.555394006
1.44024173963,-448.156746755
1.46533580012,-475.284841854
1.42443386416,-431.168788204
1.44562695196,-454.493849629
1.44229401284,-450.875758483
1.44420227676,-452.781555543
1.44292089592,-451.792949775
1.44241100361,-450.588770545
1.4426740363,-451.186963564
1.46419231455,-474.090387142
1.43173403363,-440.425740332
1.4446945066,-453.217581569
1.44087595768,-449.110506264
1.44778624049,-457.323257359
1.44142440523,-449.796022206
1.44533508989,-454.274494815
1.44469376264,-453.833971792
1.46101882587,-470.055220991
1.43070114237,-439.000323573
1.44445617249,-452.956560677
1.44522550649,-454.524008575
1.44527087092,-454.250181543
1.44436703652,-453.474639362
1.44786568034,-457.412618682
1.44153923483,-449.917092649
1.4613916075,-470.445074038
1.42855047572,-436.390585338
1.448107395,-457.592709063
1.43857530916,-445.952810192
1.44608208414,-455.249395316
1.44490477061,-454.054776548
1.44565592583,-454.632421979
1.44266382005,-451.363717484
1.46137748841,-470.409376013
1.42912934694,-437.043578099
1.44536025388,-454.07572343
1.44219969179,-450.687702166
1.44561223157,-454.622284317
1.44280514002,-451.527274105
1.44476247591,-453.589396931
1.44117711797,-449.441835655
1.46300874387,-472.400283549
1.43036453108,-438.590853983
1.44375245102,-452.260307721
1.44200668817,-450.527310182
1.44192333775,-450.076676497
1.44056863485,-448.72928044
1.44640677269,-455.561178309
1.44373299905,-452.617630454
1.46348399495,-473.23860231
1.42848756771,-436.331938939
1.44428356496,-452.838543614
1.44148777222,-449.855998451
1.44371333323,-452.270351474
1.4451456579,-454.417422148
1.44143587314,-449.48650948
1.44402705043,-453.210475029
1.46043102055,-469.338589108
1.42939672593,-437.309890066
1.44123789634,-449.150554726
1.44254635164,-451.166973013
1.44446531314,-453.241368149
1.44225476801,-450.800466021
1.44494965013,-453.823386857
1.44131863458,-449.590916035
1.46123336862,-470.468857527
1.43005449803,-438.180554753
1.44575705787,-454.707364599
1.44245004943,-451.170520995
1.44311264138,-451.615486749
1.44260016524,-451.416093442
1.44374566065,-452.266801052
1.44424887689,-453.504059229
1.4639485454,-473.757053995
1.43161801361,-440.243315928
1.44380278156,-452.252855346
1.4448942276,-454.192061854
1.44445585456,-453.258599955
1.44341510818,-452.31170219
1.44587315976,-455.047975365
1.44546655292,-454.706874326
1.46357171571,-473.255736341
1.43196161519,-440.709761995
1.44546131202,-454.381987417
1.44513173757,-454.501941942
1.44803012616,-457.832102505
1.44392203804,-452.871630454
1.44718830619,-456.698236587
1.4425596215,-451.234475826
1.46307985792,-472.634153704
1.42679924125,-434.123668419
1.44651940267,-455.688696079
1.44477637609,-454.249135255
1.44581313618,-454.904098213
1.4439370405,-452.76601718
1.44324208811,-451.666842541
1.43997623294,-448.094329073
1.46770628031,-478.616189983
1.43000959165,-438.243662552
1.44433324173,-452.952207467
1.44676714137,-456.838274626
1.44435643888,-453.286812583
1.4429599554,-451.905178608
1.44718436351,-456.739148339
1.44264905138,-451.555646386
1.46683194396,-477.410313071
1.43063327603,-439.093858358
1.44399458483,-452.527068089
1.44420134751,-453.311265426
1.44432542089,-453.254851495
1.4424224741,-450.770650529
1.43973701034,-447.446464754
1.44279964944,-451.616940451
1.45903411361,-467.812354749
1.428311188,-436.228296372
1.44758924417,-457.005934994
1.4392577107,-447.070294942
1.44130389621,-449.350172631
1.44379233596,-452.762737833
1.44391201896,-452.674814511
1.44545140029,-454.878029028
1.46210724618,-471.716383927
1.43081656295,-439.455570674
1.4450639903,-453.877474773
1.4431736271,-452.157362197
1.44667987091,-456.179569446
1.44480667019,-454.192596136
1.44150506075,-449.685179171
1.44371272496,-452.884911978
1.46158706894,-470.82829586
1.4316644997,-440.36553487
1.44687940655,-456.18828316
1.44409164726,-453.36895417
1.4456993483,-454.744914037
1.44146870199,-450.124848378
1.44532906466,-454.39598973
1.44021911829,-448.394226462
1.46380921516,-473.624281995
1.42810980436,-436.042211765
1.4462164161,-455.443298757
1.44456065171,-453.853827503
1.44537400918,-454.703361171
1.44000598663,-448.305996338
1.44330475373,-452.030287009
1.44314811701,-452.242006056
1.46172588548,-471.189131452
1.43166529029,-440.538979729
1.44779121215,-457.498903016
1.44185595567,-450.473890595
1.44632965921,-455.749128893
1.44587943,-455.493932582
1.44192638293,-450.110694975
1.44268473612,-451.729384469
1.46342710138,-473.244648642
1.43298698085,-441.986481668
1.44551499838,-454.57954862
1.44541965805,-454.817484944
1.44495738514,-454.155034991
1.44177319477,-450.299590057
1.44515917992,-454.302464127
1.44173013192,-450.241329183
1.45937034524,-468.112397836
1.42643030943,-433.915991711
1.44770950853,-457.393329263
1.44244041628,-451.382187948
1.44469974987,-453.584925951
1.44441972419,-453.727766872
1.44691614585,-456.395764602
1.44390302968,-453.039864299
1.46260091215,-472.291825858
1.42750351673,-435.319862376
1.44799035491,-457.590011236
1.44439181919,-453.722166864
1.44519300019,-454.370470336
1.44419463772,-453.183232709
1.44640256897,-455.926850788
1.44295583382,-451.846793479
1.4629629659,-472.750790407
1.43305321158,-441.96453999
1.44579733655,-455.01875007
1.44038203876,-448.62867114
1.44426790333,-453.184984392
1.44628366787,-456.096343658
1.4450472679,-454.126759593
1.44496223053,-454.442932246
1.46650578666,-477.123339663
1.43191971736,-440.8539722
1.44507490953,-454.177215453
1.44633182842,-456.052279636
1.4436824096,-452.620847139
1.44485132072,-454.214437745
1.44506362545,-454.054815979
1.44388737142,-453.175405479
1.46274931837,-472.405727099
1.43072005659,-439.37074783
1.44547647046,-454.610011827
1.44357376,-452.615237865
1.44380369069,-452.686986632
1.44629789272,-456.211123732
1.44423033128,-453.041726671
1.44359004525,-452.752066882
1.46204835115,-471.55765011
1.43075630014,-439.266041451
1.44695968243,-456.550827937
1.44588195203,-455.746113192
1.44706933209,-456.67873987
1.44547047644,-455.213397238
1.4463071643,-455.758410574
1.44241567357,-451.18793958
1.46404482356,-474.069721764
1.42772039026,-435.514024562
1.4431246662,-451.564118971
1.44283133511,-451.856495751
1.4411223706,-449.532148716
1.44643592675,-456.431347154
1.44226289878,-450.757441223
1.44179219551,-450.601371551
1.46463672059,-474.817367848
1.43226650869,-441.230279979
1.44569531422,-454.915600998
1.44280427805,-451.808037336
1.44556731756,-455.012374118
1.44238558424,-451.239593434
1.44472081833,-453.701888486
1.4434169817,-452.684202548
1.46263936971,-472.325944482
1.42942776438,-437.742991007
1.44810469396,-457.893857511
1.44306148444,-452.111622882
1.44721144331,-456.998119266
1.44333491617,-452.552614443
1.44485900176,-454.094306024
1.44422315039,-453.493210543
1.46294476123,-472.80551134
1.42946735999,-437.743640089
1.44624079193,-455.524071041
1.44087301989,-449.417811494
1.44564007959,-454.936705779
1.44444575717,-453.913754268
1.44467167878,-453.840714825
1.44323841784,-452.391506396
1.46363398812,-473.61619546
1.43270285515,-441.836157245
1.44504181178,-454.15782785
1.44094947448,-449.364764995
1.44139362385,-449.831145086
1.44209700184,-450.760289528
1.44482612438,-453.914829639
1.4409798755,-449.56337501
1.46260812661,-472.374794964
1.43220245936,-441.418429582
1.44551027807,-454.54330927
1.44537898539,-455.190964243
1.44577452384,-455.217290386
1.44361003361,-452.859095116
1.44776552587,-457.741962013
1.44432909843,-453.777816154
1.466480953,-477.316403401
1.43118385365,-440.014665337
1.44992098121,-460.269163775
1.44512542938,-454.717864487
1.44633082952,-455.977188771
1.44504317786,-454.685501095
1.44656128395,-456.285162904
1.44353182925,-452.737382633
1.46631014692,-476.912910607
1.42906430394,-437.477984042
1.448897465,-458.988388824
1.44431054071,-453.841448776
1.44865836972,-458.86910358
1.44513822851,-454.87949412
1.44749555469,-457.503848877
1.44507026331,-454.839079174
1.46544628986,-476.145351179
1.43189652702,-440.892918008
1.4474169233,-457.115411109
1.44473152305,-454.411866588
1.44617136589,-455.71653274
1.44455624954,-454.085172355
1.44505425214,-454.294078564
1.44025401041,-448.658522659
1.46318299082,-473.240243465
1.42953997609,-437.982935482
1.44812267658,-457.801636409
1.44007020939,-448.465709675
1.44490454042,-454.144913542
1.44482227725,-454.674423497
1.44564283569,-455.120748039
1.44400478123,-453.394554478
1.46557344677,-476.258847808
1.43064135746,-439.46392255
1.44463292401,-453.712770172
1.44301925791,-452.297013198
1.44930108752,-459.863789801
1.4433749685,-452.783912097
1.4465360762,-456.195378948
1.44701017824,-457.316026698
1.4606293056,-469.93947467
1.4321418577,-441.429367615
1.4451065491,-454.232627783
1.44515440096,-454.865884107
1.4456553354,-455.156157666
1.44243070077,-451.407752605
1.44551144059,-454.991550817
1.4424312863,-451.489378146
1.46354412652,-473.725991582
1.43071752567,-439.639549155
1.44656830692,-456.070357488
1.44560740324,-455.510140819
1.44729034323,-457.348043273
1.44419372292,-453.723932092
1.44709211607,-457.009733657
1.4456315275,-455.574778821
1.46804018713,-479.301375904
1.43044214815,-439.23754547
1.44520707098,-454.325066585
1.44458020471,-454.145609886
1.44689634571,-456.762604479
1.44681918073,-456.937838328
1.44630013693,-455.961367547
1.4442814773,-453.730115331
1.46195552282,-471.669300806
1.43000580548,-438.718094675
1.44722258399,-456.989258292
1.44503286822,-454.872357632
1.44364499681,-452.770091418
1.4396218711,-448.07031855
1.43906986968,-446.923761262
1.44375803112,-453.085683911
1.4632226174,-473.217166992
1.42991413047,-438.493294368
1.44343641986,-452.39652782
1.4434654285,-452.819785627
1.44594112757,-455.799838002
1.44237550679,-451.383714974
1.44716552999,-457.001883587
1.44538029143,-455.249392592
1.46297655941,-472.933602639
1.43125129477,-440.40179554
1.44758860451,-457.30899778
1.44126214747,-450.18977204
1.4444422092,-453.731296609
1.44168234052,-450.804302893
1.44174622552,-450.265612985
1.44073888074,-449.442681191
1.46297769646,-473.109456655
1.43124408539,-440.211720786
1.4441680606,-453.192616456
1.44427104919,-453.804656627
1.44108352526,-449.449662787
1.44459918788,-454.266985962
1.44168863692,-450.143292442
1.44178417061,-450.720187991
1.45981128945,-468.936809193
1.42909142251,-437.578468494
1.44576499596,-455.057901479
1.44206055601,-451.011662321
1.44352923953,-452.503181691
1.44412540701,-453.695164556
1.44683404539,-456.507644665
1.44217498609,-451.073668821
1.46052829853,-469.897327973
1.43337540208,-442.905794226
1.44400176446,-453.036876541
1.44243032937,-451.47499231
1.43911681735,-446.944324681
1.44112848552,-449.978343685
1.4428359544,-451.76477949
1.44501581346,-454.541096019
1.46007678672,-469.366109022
1.42709499905,-434.95976644
1.44603443212,-455.563057258
1.44178838086,-450.667965493
1.43920628309,-447.175351724
1.44027684336,-448.882534742
1.44203720174,-450.673433441
1.4428746922,-452.189378251
1.46227366321,-472.199237653
1.43154158904,-440.536455001
1.44310959831,-451.779446506
1.44175055355,-450.575322951
1.4415971429,-450.13415931
1.44132489113,-450.114791165
1.44097040871,-449.4757155
1.44177948523,-450.686978035
1.45769967451,-466.493359112
1.43007763065,-438.893963781
1.44168786446,-450.04387081
1.43424641293,-441.111804653
1.44031566249,-448.590628494
1.44058011552,-449.154118897
1.44511655519,-454.623035912
1.4369256339,-444.672313338
1.45659082472,-464.90065887
1.42744619999,-435.551391572
1.44099152902,-449.029749742
1.4395763833,-447.943161681
1.44191581785,-450.586229922
1.43997320815,-448.383801998
1.43613170493,-443.223855276
1.43924468539,-447.345664859
1.45105659761,-458.1874613
1.42693225521,-434.880143365
1.43967685107,-447.497663662
1.43674751379,-444.431682435
1.43886638162,-446.590716775
1.43744280563,-445.296748328
1.4404248223,-448.716324279
1.43371365187,-440.614888843
1.45755483774,-466.07538076
1.42491986193,-432.338678282
1.43991688803,-447.948556082
1.43458497832,-441.667371523
1.43837172977,-446.082581175
1.43728891635,-445.199021839
1.44098301729,-449.414104533
1.43847885859,-446.692495271
1.45584750146,-464.193594787
1.42517415675,-432.575936309
1.44017863967,-448.200184615
1.43852452385,-446.480334704
1.43910033872,-447.182800607
1.4399884931,-448.377536349
1.43778228535,-445.281539903
1.43751066261,-445.320601002
1.45567038093,-463.78838178
1.42484274006,-432.03349757
1.43682129082,-443.907428828
1.43671533492,-444.255878907
1.43835211349,-446.071820265
1.43704355394,-444.576363703
1.43830240634,-445.84838061
1.43424656035,-441.134221953
1.45554388898,-463.662959984
1.42273457234,-429.387718858
1.43934977765,-446.970017874
1.43508878303,-442.201875545
1.43487005132,-441.686090224
1.43293251528,-439.425749997
1.43669132272,-443.961197121
1.43277440652,-439.338958325
1.45506914762,-463.256785768
1.42258030575,-429.391930219
1.43669601647,-443.879149782
1.43438462516,-441.538982962
1.43399375103,-440.552782876
1.43586555057,-443.307972668
1.43317518415,-439.402993729
1.43334774024,-440.105702374
1.45275026199,-460.2193068
1.42120528748,-427.566483682
1.43866467025,-446.138502908
1.43492977066,-442.196010624
1.43527056572,-442.086616354
1.43423998981,-441.263775903
1.43652096122,-443.652982577
1.43317042817,-439.897868212
1.45385603239,-461.521009182
1.4190861788,-424.817683699
1.43371493696,-440.075287166
1.4331705743,-439.871782908
1.4322513823,-438.236905807
1.43236579589,-438.88520008
1.43307541498,-439.364963134
1.43271789189,-439.168225981
1.45455785243,-462.58763409
1.41716701586,-422.381244227
1.43011728729,-435.422318919
1.4297980989,-435.459217673
1.42920378907,-434.296530307
1.42740715771,-432.206736742
1.42160026853,-424.518746424
1.4142859301,-415.275787848
1.42085801071,-419.217139455
1.38063441459,-374.985503707
1.37389902561,-361.83405825
1.34794516169,-321.691412882
1.31105587428,-262.995871227
