1.33135002084,-14.1913057068
1.22377101259,-14.3490201761
1.16698318641,-13.2123520964
1.14209759473,-20.9827744446
1.09860613595,-8.65048214642
1.09119820135,-13.8702744645
1.0753122138,-13.1990672803
1.07300179751,-12.7789262601
1.06790067923,-12.7647548193
1.06629396934,-13.5031257098
1.06403049694,-13.2659115957
1.08204182832,-19.7099776118
1.05098661982,-8.82971070841
1.06159847198,-13.6391990105
1.05662639791,-13.2637756975
1.05514655886,-13.1232165065
1.05809524926,-13.141635017
1.0566727618,-13.0144301711
1.05674591049,-12.9948628796
1.06878271222,-19.7550186904
1.0535055938,-8.81920440104
1.0603366195,-13.5889725886
1.06062402755,-13.1076940092
1.05609879304,-13.3004044246
1.05398652308,-13.1553344337
1.0564216459,-13.1134012571
1.05673995857,-12.9146932145
1.06864736153,-19.9483238765
1.04820249643,-8.85678394705
1.05551636599,-13.6551557917
1.05314936235,-13.3421390389
1.05494173503,-13.0512964011
1.05420000186,-13.3793250822
1.0542370241,-13.3342651849
1.05691480055,-12.9453354276
1.06740469474,-20.1103154035
1.05035292027,-8.86985989084
1.05650291485,-13.4098673705
1.05484793449,-12.8008682863
1.05418598283,-12.7947399046
1.05402882778,-12.9746973648
1.05164487076,-13.2221078123
1.05490437295,-13.1974313612
1.06945500113,-19.9320147804
1.04345321883,-9.53928136603
1.05518671865,-13.398085371
1.05844808086,-13.0606516018
1.05725651677,-13.2326025348
1.05347405222,-13.3096837172
1.05158632093,-13.3011483671
1.05575997239,-13.0663443578
1.06547598126,-19.9374949268
1.04466931037,-9.00372584179
1.05002553583,-13.7144363235
1.05197671472,-13.1915439202
1.0538522656,-13.1924829062
1.05202562865,-13.2207636375
1.05010874938,-13.3553033068
1.05125077153,-13.3179300268
1.06443447919,-19.9898455555
1.04396314059,-9.25237623835
1.05081937582,-13.7441989679
1.05012906295,-13.2403377839
1.05229241722,-13.2521382103
1.04979128452,-13.4872633521
1.04994324396,-13.2735413236
1.05329272545,-13.0005089572
1.05933610801,-20.193374081
1.04483550176,-9.24203714248
1.05175339209,-13.8473485409
1.04610738599,-13.5604868046
1.04829078361,-13.3842297803
1.04736698517,-13.3547728347
1.0489697596,-13.3233892951
1.04986412175,-12.931178902
1.06214395726,-20.0379849069
1.04198755038,-9.08172914557
1.04694161987,-13.6978446212
1.04904360276,-13.171727
1.04980917799,-13.2398988599
1.04908104508,-13.4564323907
1.04742724238,-13.190966664
1.04827732629,-13.3994461573
1.06141551916,-19.9635404477
1.04731535218,-8.94818099868
1.04568401723,-13.5246430172
1.04493886407,-13.172232272
1.04990133035,-13.3236924988
1.04406397636,-13.4558372208
1.04782109919,-13.1930745696
1.04741251799,-13.3846662355
1.06252322178,-19.8025421033
1.03798812908,-9.44528513596
1.0454331333,-13.6269801367
1.04376844201,-13.5886200706
1.04585725771,-13.1665038869
1.04669197136,-13.4308599141
1.04229439361,-13.7657108496
1.04799519765,-13.11893383
1.05780954323,-20.2195786192
1.04076965878,-8.77711551994
1.0465605843,-13.6047837731
1.04576795538,-13.2922048738
1.04598108109,-13.3245842538
1.0453660728,-13.3689473639
1.04524764348,-13.4520915007
1.04581099696,-13.2222035632
1.05775463217,-20.1792948791
1.03731587428,-9.30934729891
1.04640286841,-13.8400291897
1.04619462831,-13.2714420197
1.04260292784,-13.5646460364
1.04539445853,-13.2959015833
1.04350791582,-13.3718751698
1.04249960201,-13.0779626402
1.05161270794,-20.3603392044
1.03560621237,-8.99987168365
1.04289181051,-13.8066166005
1.04142974213,-13.3594848614
1.04656538697,-13.3320046495
1.04187209536,-13.4288628289
1.04390836249,-13.3557534781
1.0413899585,-13.3316392707
1.05903529094,-19.9267696484
1.03592702289,-9.37348843398
1.04307201268,-13.6251672039
1.04567624079,-13.2694091218
1.04502747775,-13.076447505
1.04124437243,-13.1431075141
1.04118274086,-13.5524973709
1.04477213201,-12.9767810372
1.05769922141,-20.0672422218
1.0420423539,-8.82010172376
1.03824837484,-13.6725982829
1.04227890952,-13.2634658653
1.04309552436,-12.8802256151
1.04339359753,-13.2041696406
1.04081189236,-13.2987207102
1.04300425121,-13.1151398869
1.05313335315,-19.8101493303
1.03442831267,-9.16002487607
1.03850149271,-13.7318768787
1.03869035297,-13.1715297967
1.04645821978,-13.0906644213
1.04045496699,-13.4573540136
1.03998583177,-13.6336324225
1.04246177801,-13.0523725847
1.05221016378,-20.3522329038
1.03335008628,-9.30188149054
1.0418394505,-13.6458288726
1.04212664592,-13.2592219955
1.04480467072,-13.2392145691
1.041661619,-13.0070163459
1.04085154604,-13.3223095663
1.04297077353,-13.2615276757
1.05268520006,-20.1916695284
1.03484142422,-9.35826373029
1.04235178834,-13.6005434589
1.04063046406,-13.1282599885
1.03932920792,-13.4195600224
1.04088978633,-13.1752378672
1.04168847688,-13.5886124148
1.0412814839,-13.1087337467
1.04932945767,-20.2799829993
1.03094451442,-9.11936612412
1.0412659394,-13.8985631648
1.04139653042,-13.7744743401
1.042038113,-13.4003337707
1.04301505234,-12.9662480684
1.04257677059,-13.5226939996
1.03874372188,-13.2913270846
1.05553603922,-20.1703434317
1.0328039009,-9.50453039569
1.04374259817,-13.520421951
1.04183829633,-13.5895554026
1.03906403099,-13.4699933116
1.03787113838,-13.2496528527
1.04336458785,-13.630243839
1.03986829707,-13.3506631433
1.04979566792,-19.9596091633
1.03219804959,-9.27934971645
1.04046471119,-13.6193658879
1.03705030866,-13.2448489471
1.04205813795,-13.2241870222
1.03919566983,-13.4344480597
1.04486954289,-13.453023897
1.04368012796,-13.3104353386
1.05568563399,-19.9079440916
1.03592721142,-9.12915880256
1.04103824032,-13.855945174
1.03835550373,-13.7051718174
1.03813772333,-13.3253691194
1.03981609392,-13.6503500278
1.03960542835,-13.8215972441
1.03830317985,-13.2754419835
1.05452028963,-20.3916315063
1.03453698591,-9.21764363679
1.04161994968,-13.7050320394
1.04002493108,-13.2849956107
1.04441150862,-13.4003976783
1.03780288265,-13.3099580928
1.04305729063,-13.4420663111
1.04099489086,-13.4156321989
1.05105536046,-19.9996392166
1.03338484701,-9.58801245624
1.04097260196,-13.7015009885
1.04196841365,-13.504156096
1.04200611656,-13.4405716707
1.04244600989,-13.3416755823
1.0394632757,-13.6415449386
1.04039850668,-13.3707192901
1.05188631351,-20.0807080078
1.03624355755,-9.37562989556
1.04182915409,-13.8167378329
1.03918960873,-13.7722960498
1.04208333976,-13.6157004598
1.04115235808,-13.5761149706
1.0401163139,-13.3119602737
1.04172643719,-13.4924157491
1.05393896971,-20.3726471597
1.03287260039,-9.28276929192
1.04042348061,-13.9042658043
1.04155300976,-13.5643346516
1.03760123695,-13.2454423591
1.04089838654,-13.6575372915
1.03841050408,-13.5252059588
1.04089874633,-13.6392665215
1.05218051576,-20.2505501324
1.03303838927,-9.5156924929
1.04000548615,-13.6744411991
1.04181404859,-13.4188580972
1.03840108129,-13.5206193949
1.03806896261,-13.2922088864
1.04123919352,-13.7337988937
1.04002895318,-13.6648991345
1.05476626216,-20.1126042632
1.03665602849,-9.19555364041
1.03782331191,-13.9646343491
1.04344745529,-13.3296760647
1.04315845082,-13.4329308711
1.04230527556,-13.3941229999
1.0409516578,-13.3582411008
1.04118965278,-13.7156478426
1.05369628296,-20.2206603177
1.0308540537,-9.62060751226
1.04262521877,-13.8798420659
1.03951878221,-13.3869787387
1.04083785624,-13.5723658728
1.04433974324,-13.7388528326
1.03813844525,-13.7846787567
1.04318235428,-13.6610548166
1.05561644755,-20.7412651911
1.03136116705,-9.2666516022
1.04299240688,-13.8025076355
1.041569733,-13.5773452164
1.04268436029,-13.2871223607
1.04075134732,-13.305919223
1.04185579139,-13.7585806675
1.0424520589,-13.7725024797
1.05534020277,-20.1572045381
1.03498334269,-9.61434275903
1.04134482211,-14.1696509986
1.04244430267,-13.4731828241
1.04145875175,-13.7737142106
1.04238182722,-13.3531034632
1.04026708473,-13.8105324158
1.04036891333,-13.8225920526
1.05761653199,-20.2620324416
1.03502248355,-9.57428745034
1.04020551836,-14.0694722839
1.0424640665,-13.5676407807
1.04262107899,-13.3352213242
1.03977411309,-13.5739029115
1.0418359806,-13.6412168942
1.04316136013,-13.6875562465
1.05626637938,-20.2811055708
1.03401296984,-9.56854800225
1.04464068269,-13.690882321
1.04265851288,-13.9208706679
1.04341166952,-13.4495544991
1.04175089358,-13.5107314524
1.04178339924,-13.6445754188
1.04045965496,-13.8161728742
1.05355158181,-20.4230854492
1.03643891651,-9.70980853173
1.04324329757,-13.718774911
1.04370782927,-13.4512814275
1.04367363763,-13.432004836
1.04073789604,-13.4169537812
1.04452115705,-13.5635786707
1.04097821886,-13.5358858909
1.05485366633,-20.2480930658
1.03321290852,-9.5996939003
1.04802147847,-13.7297972563
1.04252416276,-13.6153351606
1.04181684871,-13.4028882438
1.0429897509,-13.3855448496
1.03915855649,-13.7359051105
1.04355984356,-13.4410936519
1.05379872153,-19.8960777991
1.03544963725,-9.49083928411
1.04199389148,-13.6602345622
1.04402133795,-13.7873775004
1.04135261006,-13.8064466053
1.04338570005,-13.6590795366
1.04319499973,-13.7417116072
1.04056148635,-13.5942287431
1.05316130727,-20.0599106876
1.0339257825,-9.41241378019
1.04214230764,-13.805101592
1.04188034557,-13.5522907477
1.0420865598,-13.513685099
1.03844989751,-13.9796436989
1.039889016,-13.5500929288
1.04161147472,-13.6892860153
1.05051880795,-20.4188928344
1.03512861817,-9.27637782593
1.04155732605,-14.1438104276
1.04426347875,-13.6028717963
1.04360769554,-13.3053381187
1.04039021853,-13.354392288
1.04395258455,-13.8321053235
1.04147959551,-13.5000053208
1.05701774079,-20.4535210276
1.03687860772,-9.28461870039
1.04231174167,-13.8895461025
1.03972927299,-13.8438323588
1.03955417289,-13.4876483049
1.04494478515,-13.253390206
1.04243203802,-13.7615377059
1.04127376377,-13.4219864134
1.05604802835,-20.1887679405
1.03336551663,-9.49994214237
1.04610505097,-13.8063932806
1.04253115572,-13.4692910719
1.04398662485,-13.4207474035
1.04141853109,-13.6213779242
1.04431713573,-13.69485425
1.04445401729,-13.5483732733
1.05740299509,-20.2833787371
1.03768944838,-9.33558411317
1.04238785688,-13.8647213098
1.04039528773,-13.8908235539
1.04243206077,-13.5134951748
1.04230238624,-13.7777851695
1.04196725046,-13.6485998266
1.04279038149,-13.7744282119
1.05362757258,-20.2833262054
1.03259227545,-9.64531572447
1.0419360632,-13.9612050678
1.04475214298,-13.8214561882
1.04301974096,-13.5569500228
1.04054360423,-13.6668644136
1.04607138138,-13.7516105872
1.04677509684,-13.8154609314
1.05728772506,-20.3238403329
1.03763690355,-9.61378703714
1.04442677641,-13.8804958898
1.04347365021,-13.4330682856
1.04513654465,-13.6208202181
1.04384510777,-13.3523346844
1.04553628939,-14.0499489804
1.04492096696,-13.6530057046
1.05708850494,-20.4820257576
1.04004480618,-9.46364819666
1.04156105198,-13.6961786909
1.04291092515,-13.7481879456
1.04260846261,-13.262766039
1.04278791605,-13.8871040845
1.04135688961,-13.7354225863
1.0444130653,-13.9392805805
1.05645893156,-20.3321962442
1.03337590006,-9.5954975475
1.04180726053,-13.9704213049
1.03987345475,-14.0137373779
1.04177596585,-13.8573887904
1.04372873439,-13.7331415156
1.04375835686,-13.776130914
1.04639364595,-13.5980770355
1.05694283483,-20.4941676995
1.03843475935,-9.61381989469
1.04666607823,-13.8622051028
1.04634487925,-13.3710719617
1.04288269951,-13.6364501967
1.04071157343,-13.7426008059
1.04546292169,-13.5587829426
1.04565998301,-13.9642781822
1.05653127329,-20.3473198133
1.03755968148,-9.6290859424
1.04369418494,-13.980462594
1.04197869519,-13.6591028121
1.04188578723,-13.6701847731
1.04632103844,-13.3181052906
1.04565176555,-13.698161253
1.04313131436,-13.5730809418
1.05543091219,-20.4003769117
1.0383543809,-9.61742928975
1.04503106051,-13.824268716
1.04418618226,-13.7568571894
1.04705574128,-13.421216714
1.04307010795,-13.6670942357
1.04259901978,-13.7674059725
1.04640390465,-13.8878401921
1.05981522636,-20.4180815688
1.03805518927,-9.78094167878
1.04381239675,-13.7507080842
1.04745004252,-13.2762999952
1.04512192577,-13.4340273829
1.04017225802,-13.7540127727
1.04302966747,-13.8720742635
1.04303802316,-13.4136586017
1.05866549335,-20.2294529241
1.03476585052,-9.44253883653
1.0458906929,-13.9283595772
1.04095857804,-13.7094230146
1.03959903691,-13.6819311606
1.04178469554,-13.7518460538
1.0441970545,-13.5119701317
1.03871028402,-13.6447483666
1.05483074221,-20.3666729355
1.0345017563,-9.8758219119
1.0411057296,-13.8350093437
1.04190704695,-13.9023675083
1.04390839049,-13.7193670299
1.04392705521,-13.2821015826
1.03916886387,-14.0152949979
1.04198384625,-13.7384136929
1.05660906752,-20.2284823701
1.03548606222,-9.64712009072
1.04178411504,-14.1169556097
1.0440218375,-13.6264442642
1.04620943206,-13.7201142455
1.04041577165,-13.9274139125
1.04342154591,-14.165291901
1.04325720176,-13.8918980067
1.06018367587,-20.5189190794
1.03756747566,-9.6024465929
1.0488047929,-13.7855273622
1.04175984851,-13.4927813184
1.04675052916,-13.6240101968
1.04114955463,-13.5288294738
1.04737678364,-13.9132519247
1.04332575071,-13.4868117495
1.05756318367,-20.6756289098
1.03499272279,-9.6889652234
1.04166628917,-14.6552306245
1.04855355378,-13.4175201161
1.04265727153,-13.9638247285
1.04513531166,-13.9025768667
1.04563868012,-13.7370937388
1.0432510597,-13.809808787
1.056837285,-20.3943560144
1.04008098468,-9.55089270349
1.04286604896,-14.2610071647
1.04167725585,-13.6585068268
1.0465747785,-13.7976922539
1.04258871848,-13.4043198639
1.04460490896,-13.971426888
1.04456679519,-13.83545399
1.05694768931,-20.3167514686
1.03384037606,-9.55594329968
1.04791742209,-14.1942867732
1.04180204052,-13.6983984514
1.04526274348,-13.8039405435
1.04280778529,-13.6759966811
1.04864492084,-13.5465821856
1.04653588988,-13.5414757648
1.0559789425,-20.5872445067
1.03506920101,-9.47758357573
1.04644848521,-14.2749450225
1.04272642039,-13.8985063712
1.04487062396,-13.7903021761
1.04160916817,-13.8534415549
1.04513161369,-13.7282953641
1.03971025757,-13.8511031574
1.05828780897,-20.6873551482
1.03631817724,-9.56348145525
1.04203340648,-14.3570804186
1.04188661891,-13.7898057563
1.04202764122,-13.8247202266
1.04463554291,-13.7751549174
1.04299330452,-13.7868178301
1.04494870176,-13.7382288366
1.05562562082,-20.5067123601
1.03255390949,-9.71572365371
1.04546590472,-14.0838049117
1.04161284768,-13.7676852387
1.04257155595,-13.6348585826
1.04360204537,-13.7889355202
1.04343668688,-13.9424167235
1.04132072837,-13.7085812398
1.05660041733,-20.5765883072
1.04008495541,-9.62173305339
1.03974800581,-14.4430888072
1.04027768104,-13.7719594911
1.04176563014,-13.6876585946
1.04646682474,-13.7208237744
1.04258409009,-14.1720300357
1.04503734532,-13.705709398
1.0568268978,-20.6262343878
1.0357175664,-9.59550246833
1.0477008068,-14.0531681075
1.04394166938,-13.8060696609
1.04505290152,-14.0193257266
1.04176834924,-13.9023214267
1.04387422442,-13.7459687361
1.04528255214,-13.5729343298
1.05643846677,-20.7586382781
1.03707894153,-9.49592629715
1.04326896173,-14.1732793003
1.04051902647,-13.924196641
1.04371630961,-13.6954250528
1.04077751514,-13.8597572565
1.04824380867,-13.9219097792
1.04206643209,-13.9157020769
1.05852555903,-20.6378487377
1.03868882629,-9.53387582465
1.04319663176,-14.3280878412
1.04488041188,-13.6464616668
1.04261098081,-13.774409117
1.04412837318,-13.489333054
1.04772523324,-13.9834702965
1.04439297351,-13.8645152676
1.05867686291,-20.8229595337
1.03710237255,-9.69209243778
1.04409975255,-14.1854141798
1.04589429588,-13.9216665901
1.0462725723,-13.5298637191
1.04645412464,-14.1057201186
1.04429525944,-14.0649598392
1.04456177902,-13.9203190868
1.06008001197,-20.5322229807
1.03839345399,-9.60285620016
1.04409629678,-14.1267634229
1.04314303788,-13.9233410891
1.04606310435,-13.9240187903
1.04391700899,-13.5736466118
1.04370439739,-14.3432781231
1.04747442343,-14.1831372621
1.0623526677,-21.1089609352
1.03653005592,-9.11988572328
1.0448227053,-14.7336466749
1.0443728816,-13.9906717569
1.04901810962,-14.0792731089
1.04311693955,-14.0498168552
1.0472679323,-14.5102320471
1.0443516204,-14.0522501344
1.05886244037,-21.2094227111
1.03483795769,-9.72927794366
1.04595400126,-14.4558674583
1.0449856586,-14.1440793378
1.04578825879,-14.3175295791
1.04719284103,-14.0260116776
1.04464207119,-14.4084721916
1.04319456456,-14.3747678243
1.06017470094,-21.2568116545
1.03766530691,-9.65804449461
1.04635280057,-14.7011534796
1.0443170261,-14.1394555932
1.04591620746,-14.4208716443
1.04505763834,-14.0556049233
1.04467109869,-14.6615223773
1.04495971633,-14.0943432671
1.05902345941,-21.447605716
1.03601030312,-9.63951197777
1.04643720554,-14.6477249597
1.0440176298,-14.2354023684
1.04765745607,-14.354073234
1.04506773814,-14.2598271826
1.04379178354,-14.781783833
1.04236225566,-14.1459033596
1.06130759863,-21.2164889797
1.03623453786,-9.59792967328
1.04885952056,-14.7054628641
1.04579967542,-14.0535739216
1.0505650129,-14.5001976726
1.04591514409,-14.1719218025
1.04488579177,-14.7115817894
1.04326671347,-14.0290912908
1.05842712225,-21.2861044003
1.0362120316,-9.35867877164
1.05080400043,-14.7309570779
1.04661935961,-14.1714948418
1.04767601955,-14.5419756787
1.04404039356,-14.0506166514
1.04575598591,-14.5319520523
1.04344464124,-14.1315809403
1.05963568666,-21.2622274197
1.03574315649,-9.22861683783
1.04390239162,-14.7611214345
1.04107273406,-14.399393406
1.051980384,-14.3904198229
1.04435345982,-14.1741010133
1.05008863472,-14.0693681054
1.0418852265,-14.2270293169
1.05884717719,-21.0960579487
1.03869943873,-9.41764011564
1.04619127,-14.6773260119
1.04431903412,-14.3072713943
1.04423480517,-14.6277221869
1.04624894473,-14.287425406
1.04401482099,-15.0749262923
1.04805317329,-14.2240476717
1.05895155854,-21.1212422373
1.03746581143,-9.49414041154
1.04602708348,-14.9947704199
1.04386683212,-14.6093464294
1.04574027263,-14.4810570472
1.04623335769,-14.404951431
1.04416742452,-14.8259878189
1.04771997112,-14.2888842996
1.05969459322,-21.2141753461
1.03745120704,-9.57709997824
1.04738978398,-14.8597413527
1.04638643663,-14.1373231234
1.0421679787,-14.7686376746
1.04796403955,-14.2035460994
1.04569385097,-14.7416696071
1.04831293297,-14.459631136
1.06023657783,-20.9137822586
1.03692335745,-10.0247502899
1.04538412503,-15.0611464716
1.04711650785,-14.1103292917
1.04673050509,-14.3043539112
1.04229317952,-14.1153784372
1.04553773322,-14.5392625951
1.05089466476,-14.2144695219
1.05777911939,-21.6588515128
1.04023161347,-9.88468234984
1.04415390109,-15.291747764
1.04669157028,-14.1042837787
1.04812659761,-14.5527746536
1.0450561724,-14.2089843817
1.04545489,-14.8688108115
1.04658524811,-14.1801987287
1.05757696782,-21.4105611023
1.03497053322,-9.63137131304
1.04783426901,-15.0118584219
1.04806412159,-14.3739417801
1.04429741224,-14.4348295274
1.04468536981,-14.4079186823
1.04740285913,-14.5117633446
1.05167277596,-14.0948956938
1.06472377468,-21.3731582607
1.03813471371,-9.63261882474
1.04882710095,-14.7423719869
1.04393139435,-14.7431719034
1.04584523749,-14.2291011224
1.04566636827,-14.3325103216
1.05039055797,-14.6689522316
1.05066135675,-14.2577802923
1.05906982881,-21.2004445033
1.03453951627,-9.74507332748
1.04749808351,-14.8739193515
1.04562521551,-14.3117379883
1.04589585648,-14.5278414548
1.04735648564,-14.3619801075
1.04884611155,-14.7096366186
1.05136556062,-14.2040998956
1.06322492186,-20.9349724147
1.0394735935,-9.92033016248
1.05104797847,-14.648072422
1.04825880299,-14.2034393347
1.05254805307,-14.2722637523
1.0520521213,-14.1056947515
1.04697404988,-14.6588554739
1.0446844211,-14.1715545295
1.06157909697,-21.329243058
1.0393512587,-9.83750402528
1.04621705867,-15.0174049686
1.04743143564,-14.077087195
1.04625995905,-14.5218446999
1.04651742643,-14.1473630838
1.05112717259,-14.693836277
1.04994224135,-14.3959036993
1.06100216172,-21.5378494253
1.04048435668,-9.50881097984
1.04858509922,-15.1276343086
1.04614109553,-14.2279828341
1.04426629634,-14.709996936
1.04750791084,-14.2239048752
1.04905210736,-14.7075047169
1.04887801616,-13.8790761061
1.06184324097,-21.1338297323
1.03991347992,-9.48967059454
1.04538467015,-14.957329358
1.04686711416,-14.161161656
1.04705523067,-14.4726109015
1.04918510605,-14.2291682826
1.04965849533,-15.1713262626
1.04809310807,-14.0902955184
1.06124040091,-21.3323474802
1.03690441578,-9.71410118416
1.04309563007,-15.2456417646
1.04488627795,-14.2838457967
1.04717651628,-14.4446661025
1.04851270762,-14.4640452136
1.04656359735,-14.5737263271
1.04752938122,-14.057972509
1.05691688396,-21.4377172178
1.03789149186,-9.76445940694
1.042944232,-15.0518219059
1.04560869773,-14.2470116283
1.04431291091,-14.7766380873
1.04680923354,-14.6009887164
1.04876469234,-14.712392054
1.04978547234,-14.2250572781
1.05891171856,-21.4282540659
1.03702929666,-9.35535314883
1.04648764036,-15.0316415476
1.0456228011,-14.1490465204
1.04665842965,-14.6195847593
1.04777037302,-14.0750136019
1.04775011144,-14.3031936097
1.04597771621,-14.1465818326
1.05898108358,-21.069493658
1.03763171315,-9.70860731261
1.04656068729,-15.0900466567
1.04780371913,-14.3596593236
1.04246945087,-14.6991977262
1.04761047568,-14.3801693898
1.04505867808,-14.7746852469
1.04461613659,-14.385605202
1.05979723523,-21.5091423022
1.03841041628,-9.79912523783
1.04750627482,-14.8436972699
1.04693100377,-14.5553821038
1.05056154033,-14.6797593273
1.04551583922,-14.2109496933
1.04571863096,-14.6207849906
1.04478517448,-14.5389815068
1.06207563615,-20.9076557518
1.03559980024,-9.750642217
1.04824176197,-14.8913010398
1.0480156523,-14.4033545309
1.04703392969,-14.3842665919
1.04676096519,-14.3458057383
1.04496707433,-14.5368567743
1.0435541207,-14.0840897955
1.06085855561,-21.4519153309
1.0377208984,-9.83594365251
1.04613859337,-15.1130823231
1.04676601455,-14.1838295468
1.04724894432,-14.6185181936
1.04552057994,-14.4649262317
1.04663717092,-14.4503318089
1.04834509985,-14.3048303132
1.05795562423,-21.1793938162
1.03673505956,-9.89858527305
1.0475762128,-14.9439966889
1.04354624883,-14.0921036269
1.04557844027,-14.4516796149
1.04553404791,-14.6972295816
1.04282359394,-14.6760875039
1.04706589105,-14.2041004009
1.05956288336,-21.5783007817
1.03593630971,-9.87659754241
1.04834192023,-14.6407747414
1.04640859528,-14.0302110685
1.04586504855,-14.5693099595
1.04296533312,-14.3655399036
1.04644418954,-14.8215856883
1.04188697457,-14.2232035904
1.06118685326,-21.3043225159
1.03576589294,-9.73294695706
1.0466952336,-15.0704377882
1.04471283258,-14.4380698055
1.04564033319,-14.4794490927
1.04883376997,-14.0152019172
1.04781484796,-14.5846411689
1.04625266201,-14.3917414317
1.05983262932,-21.3033497669
1.03500190714,-9.73344825434
1.04588449753,-14.8378729119
1.0450875215,-14.3753221633
1.04556266517,-14.3356890129
1.04531086229,-14.1222907034
1.04844226525,-14.6632393153
1.04500942758,-13.9192075025
1.0613369362,-21.4696884338
1.03658156776,-9.80773660891
1.04674552762,-14.7941139958
1.04485358917,-14.5963717251
1.04574851251,-14.7914657851
1.04498813175,-14.4833812928
1.04672481864,-14.621479785
1.04653534097,-14.3578139556
1.05994110656,-21.2137089921
1.03674364772,-9.65188733372
1.04611380196,-15.0036719519
1.04512852361,-14.3071745106
1.04387742585,-14.7207393598
1.04664260662,-14.7296242154
1.04268501391,-14.924010298
1.04661050763,-14.4906432995
1.06107123521,-21.8116682792
1.03685882358,-9.65790539567
1.04700951461,-15.178422064
1.04626659547,-14.2759919395
1.04458476387,-14.4835254997
1.04307096991,-14.4954187941
1.04505076092,-14.7663662741
1.04321791748,-14.4867371297
1.0593075629,-21.5542298872
1.03916932259,-9.69875463297
1.04839519827,-14.806459369
1.04649971769,-14.3585408462
1.04747236814,-14.6486017257
1.04435072179,-14.3736510115
1.04840027364,-14.8612204045
1.04393314749,-14.8234105233
1.0569755268,-21.2809523403
1.03799902949,-9.70634732364
1.04504595171,-14.9772973022
1.04637043693,-14.484871633
1.0478479516,-14.5941451921
1.04022261931,-14.4781651339
1.04412309211,-14.8339248414
1.04680257161,-14.8364632613
1.05969288629,-21.105714728
1.03629022837,-9.94044727218
1.04802044451,-15.0325377365
1.04027833385,-14.268078792
1.04672653991,-14.7271285134
1.04453804006,-14.4019489875
1.04459355597,-15.0849191342
1.04204002389,-14.501100633
1.05665301599,-21.5522661802
1.03763115435,-9.96350913748
1.04878389038,-14.9606478231
1.04711286665,-14.4198334789
1.04824824342,-14.5737925263
1.04479904592,-14.4077410838
1.04743827532,-14.817991951
1.04292697347,-14.4526496022
1.05508147045,-21.7659482018
1.03583826914,-9.83519576138
1.04547313304,-15.1640328718
1.04364052023,-14.3011881548
1.04193521354,-14.6310938564
1.04267579683,-14.424995448
1.0466705932,-14.8471834801
1.04600722894,-14.4098026764
1.05640873456,-21.6208529308
1.0378699625,-9.76117700605
1.04591344169,-14.656596005
1.04179881501,-14.3414934564
1.04331901065,-14.6723967834
1.04315900372,-14.7644292366
1.04637264028,-14.7464990212
1.04827265961,-14.1730568418
1.06337773502,-21.5640947204
1.03768411563,-9.33313195084
1.0460372622,-15.288771567
1.04854119287,-14.3455177299
1.04802103234,-14.5665818059
1.04674740068,-14.2913432899
1.04780647707,-14.6747583635
1.04451804749,-14.4995988562
1.05639708803,-21.7314893319
1.03610750455,-9.9577512186
1.04656470709,-15.4306217821
1.04487353951,-14.7599540142
1.04471179792,-14.673821607
1.03980148143,-14.5719406251
1.04206250127,-14.8477881386
1.0439823467,-14.3889308325
1.05624472652,-21.5920190351
1.03480303729,-9.75436567456
1.04692669244,-15.0162512188
1.04459030484,-14.2681870855
1.04670611316,-14.4527482069
1.04424733267,-14.3055972957
1.04516927755,-14.6279213356
1.04298916944,-14.7958994464
1.05748008048,-21.4104571251
1.03283579849,-9.9890216442
1.04731502033,-15.063099098
1.04338447766,-14.4848151553
1.04347483093,-14.4734722972
1.04546028296,-14.6522034758
1.04596375037,-14.8351118489
1.04341032222,-14.5827755125
1.05963449753,-21.3984937848
1.03649036235,-10.0880728953
1.04614216906,-15.0040802586
1.04339325546,-14.6512488921
1.0424009884,-14.7237501236
1.04473241504,-14.4576095419
1.04568434407,-15.085895297
1.04404696773,-14.3217167459
1.05534432156,-21.2851018932
1.03622889635,-9.61989141351
1.04462872406,-15.0672055467
1.04219223103,-14.5544321814
1.04383438158,-14.6167084742
1.04250264073,-14.6595727891
1.04738761748,-14.577625675
1.04240032412,-14.5783565143
1.05438225298,-21.6924548835
1.03606801167,-9.750972123
1.04318187227,-15.0838715053
1.04027862443,-14.3995991855
1.0411089874,-14.8585380129
1.04061935524,-14.3504654469
1.04161586072,-14.9018653561
1.04226331493,-14.612017578
1.05365553675,-21.5092134333
1.03137597107,-9.86192033267
1.04052906404,-15.1608903063
1.04308972461,-14.2567320163
1.04346617608,-14.9689639725
1.04126246709,-14.4742369385
1.04062440988,-15.2571248313
1.0426189798,-14.3914921004
1.0546654936,-21.7848532072
1.03363335072,-9.95301632904
1.04479439085,-15.07884971
1.04018229288,-14.5994136781
1.04588333865,-14.4820519528
1.04421055036,-14.3689576713
1.04026342872,-14.6095366904
1.04571435199,-14.4227931572
1.05439021261,-21.5221725994
1.03497929313,-9.97584707521
1.04392058639,-14.9714950111
1.03804021683,-14.3823032806
1.04422583675,-14.5296025447
1.04177924069,-14.4087121109
1.04297865982,-14.9891720106
1.04286892683,-13.9026609107
1.05528413518,-21.4312968312
1.03523358886,-9.61290035398
1.04012430747,-14.970952566
1.04120715453,-14.5399468358
1.04334327755,-14.7421371434
1.04092641263,-14.1183687824
1.04152488086,-14.819148982
1.04235960569,-14.4643413104
1.05796259291,-21.447294404
1.03494581368,-9.66293292146
1.03941268224,-15.1740128215
1.03964777637,-14.673820892
1.04039889909,-14.8389014026
1.03885060032,-14.715277196
1.04397125016,-14.9000176603
1.04328147216,-14.4795919553
1.05309383906,-21.4633102497
1.03311217752,-9.64186896197
1.04177908787,-15.0223841603
1.0423694329,-14.3225882812
1.04270464116,-14.8060418066
1.03930327653,-14.5906975193
1.04047546077,-14.7150774892
1.04068651816,-14.4924612719
1.05517323187,-21.4346387774
1.03145271171,-9.95047431197
1.04067361814,-14.8782532955
1.03786953534,-14.5122794618
1.04338007127,-14.5271910876
1.03730060269,-14.2949983385
1.04520444311,-14.6216639469
1.03854238186,-14.3217881043
1.05634245376,-21.225376239
1.03337821799,-9.8145842998
1.04390076602,-14.9209853029
1.0435025872,-14.1850612698
1.04367998538,-14.7261341087
1.03803020997,-14.3362873289
1.03949799729,-14.609519849
1.03819750416,-14.6719646203
1.05170273792,-21.2758513258
1.03153657801,-9.83916281087
1.04289233216,-14.8754761754
1.04019214166,-14.5487319948
1.04115932763,-14.4896538346
1.04100558239,-15.0541271637
1.04102228853,-14.658879171
1.04043644325,-14.6762741896
1.05682370044,-21.4097081885
1.03441394225,-10.1560739684
1.04454991045,-15.0401980707
1.0409970761,-14.4794348735
1.03972772321,-14.5188216854
1.03833994537,-14.3794291706
1.03892211738,-14.8771855663
1.04110062751,-14.6527156198
1.05495247555,-21.195332642
1.02932900815,-9.8545708519
1.04174952523,-14.9164783305
1.03791874471,-14.5153345421
1.04183529642,-14.699905042
1.04190054146,-14.5380130086
1.0409938437,-14.9366659679
1.03680540074,-14.8693088012
1.05542671775,-21.6440435351
1.0278029504,-9.87148988956
1.04682129526,-15.0393000442
1.04029907483,-14.5444792414
1.04161715745,-14.9413071519
1.03790940915,-14.5720646161
1.04089529061,-14.9597707272
1.0375581301,-14.3014561859
1.0490414968,-21.3783081276
1.03097351819,-9.74911870535
1.04274636002,-15.2932468363
1.03967225508,-14.0810357565
1.0365332592,-14.865778088
1.03948626552,-14.3859043651
1.04120969031,-14.7314357022
1.03841127549,-13.9701910997
1.05458664771,-21.4566136792
1.03417680133,-9.67145842927
1.04020956593,-14.9959043345
1.03878406227,-14.3078425122
1.03711192069,-15.0067722268
1.04044358003,-14.5356197678
1.03968376481,-14.755115384
1.04157479012,-14.431526609
1.05396575916,-21.5186957476
1.02910887443,-10.1978243223
1.04043764036,-15.0403576604
1.03758472721,-14.3952149598
1.03696974011,-14.5632410228
1.03703959241,-14.5049861106
1.04116126323,-14.4212508909
1.04180509468,-14.3610735284
1.05149205001,-21.6414227155
1.0278831617,-10.1044867773
1.04047739703,-15.0183396836
1.03567768862,-14.7217627081
1.03954187683,-15.0279556205
1.0362209527,-14.3594040944
1.03917277062,-15.015298845
1.0356193147,-14.5539874765
1.05527770188,-21.6561447133
1.03023455961,-9.91472647454
1.0398525709,-15.1967025596
1.03964148729,-14.4582476321
1.03914573882,-14.6202342837
1.04090948272,-14.6209660354
1.04124281908,-14.8213458181
1.03780746124,-14.5885394257
1.05020583337,-21.5733586437
1.03061746362,-10.2382991443
1.04259715274,-15.2736494442
1.04134167185,-14.760631324
1.04176426027,-15.1505315601
1.03506279822,-15.0792136433
1.0386072974,-14.968452405
1.04015950448,-14.6517048984
1.05592876326,-21.369875206
1.03352405262,-9.6712763256
1.04111560306,-15.3407330053
1.03619959656,-14.2928005839
1.03823100682,-14.5002152807
1.03887329656,-14.4457262046
1.04009248477,-14.9024801303
1.04170737755,-14.3358664241
1.05287222446,-21.7002918279
1.03080654023,-9.7898667177
1.04222375,-15.1353998292
1.04060335912,-14.6166174219
1.04532281569,-14.742799383
1.04078078587,-14.7029339993
1.0427755974,-14.6187759272
1.04077137725,-14.8886180713
1.05373861425,-21.5793449892
1.03007632563,-10.4982338326
1.04066950916,-15.1196965474
1.04001956468,-14.6319657626
1.04254134275,-14.2486447564
1.04007557397,-14.6051004239
1.03854566283,-14.8647198658
1.04121953682,-14.4899408546
1.05328967344,-21.1480913353
1.02948512907,-10.2007621541
1.04276263842,-14.8915570139
1.03830313057,-14.6757093564
1.03991458097,-14.7576410858
1.03745367759,-14.2787621989
1.03874175683,-14.8476076951
1.04109203628,-14.5243319491
1.05145788474,-21.6498369089
1.02870238723,-9.88133261915
1.04498299061,-14.9892097878
1.04204091963,-14.5401055667
1.04031666501,-14.55058437
1.03872799489,-14.7225691067
1.03931512559,-14.7678458494
1.03654203045,-14.373142537
1.04937717024,-21.4531608926
1.03263572992,-9.95635998614
1.04017669787,-15.27760926
1.03826095164,-14.7623619708
1.0406877572,-14.5682258643
1.04034203406,-14.5683933701
1.040166211,-15.0329423596
1.03705611507,-14.5759945181
1.0526659689,-21.6181428509
1.03372859722,-9.71586180986
1.04209678736,-15.1021857295
1.03768788837,-14.6703318784
1.03894161839,-14.6199732438
1.03872506983,-14.5132317984
1.04608234037,-14.6614881398
1.03814095428,-14.5898294499
1.05229964062,-21.3551116399
1.02794038406,-10.0404828587
1.03994338958,-15.3420726662
1.03900372122,-14.6394344119
1.03854619769,-14.7521820998
1.03970310868,-14.5612560578
1.03803390526,-15.046739381
1.04112733055,-14.40806384
1.0530896962,-21.3373426429
1.0302431311,-9.86218319807
1.03763786396,-15.1489608456
1.03689899242,-14.8749702711
1.036212951,-14.6704913887
1.03863455392,-14.4730904235
1.03691509594,-14.8590399175
1.04063040746,-14.6817277969
1.04878208178,-21.6192627561
1.02926297158,-10.2735308208
1.04213103994,-15.5270158347
1.03762646807,-14.2700600569
1.03991574937,-14.6185650267
1.0386452815,-14.6757926165
1.03770958051,-15.0033462592
1.03738334821,-14.8286767323
1.05092500084,-21.5879690781
1.02917436858,-10.1478089811
1.04026912623,-15.203285839
1.03931387324,-14.7672124275
1.03853831981,-14.6179925871
1.03745682394,-14.7183343381
1.04082649465,-14.6665597497
1.03947274745,-14.5169797443
1.05081529409,-21.9206780041
1.03047056546,-9.9462831303
1.04069218703,-15.3155106492
1.03534514968,-14.5481985624
1.04036732303,-14.7936981993
1.04016976605,-14.8880707733
1.03921046258,-14.9999948
1.03891496979,-14.7050638389
1.05334012801,-21.7260133183
1.03438749557,-10.0138812259
1.04185685278,-15.1422313787
1.03850728536,-14.7472370126
1.04322989503,-14.9998832067
1.03883965489,-14.6439839938
1.04040963026,-15.0026504535
1.0395517671,-14.525710456
1.05505672678,-21.482218559
1.03412886311,-10.1082230647
1.04227945994,-14.9776383846
1.0424471841,-14.7290783594
1.04114735741,-14.7590523485
1.03959716815,-14.5572342316
1.04117813588,-15.0850796645
1.04035932955,-14.2094948194
1.05294663264,-21.7915405914
1.03013500184,-9.96157729715
1.04128096761,-15.3454933292
1.04055340998,-14.5006720143
1.03781316176,-14.8700968982
1.03905411401,-14.7074519425
1.04107926627,-14.9291117891
1.04259616317,-14.5716232442
1.05357731891,-21.4845648951
1.03010590263,-10.2395108854
1.04492455772,-14.9297494396
1.04458960382,-14.4524436679
1.0391260054,-14.6697056318
1.04002719617,-14.2917806702
1.04116229619,-14.7097982163
1.04138781345,-14.6056975142
1.05013163542,-21.7561646009
1.02886328638,-9.97207848426
1.03862528568,-15.2895262382
1.03682614458,-14.6719454092
1.03583582144,-14.8494046008
1.03507909737,-14.6148950978
1.03615321934,-15.0149948416
1.03718563977,-14.6840299551
1.04897913922,-21.5758554293
1.02561849338,-10.147297611
1.03593809484,-15.3372503996
1.03793154425,-14.6401853881
1.03773622976,-14.8602879517
1.03372568703,-14.7837811483
1.03638219334,-15.0909215109
1.0359344291,-14.5889860555
1.04627817084,-21.4626262512
1.02554966095,-10.3914515936
1.0438564865,-15.0790521953
1.03971433562,-14.4666837345
1.03872529886,-14.7879618769
1.03934597159,-14.6128169689
1.03838124494,-15.0213845609
1.03430284874,-14.5178989662
1.05155936879,-21.6105076927
1.03031424421,-10.1057439329
1.04054160684,-15.410159686
1.0338764149,-14.450057018
1.03814215903,-14.658299419
1.03789955561,-14.3238114347
1.03631671296,-14.8008127641
1.03701850307,-14.4500754226
1.04995758581,-21.5308499061
1.02924730044,-10.1293527393
1.0370700224,-15.1104098088
1.03857253722,-14.4984941463
1.03754336141,-15.104618646
1.03327057457,-14.4462571238
1.03525210481,-14.9472934109
1.04079356723,-14.2637181845
1.04942721487,-21.9240599854
1.02779915438,-10.0324423273
1.03447134823,-15.3341568107
1.03852741564,-14.9320609052
1.03572942482,-14.6964584857
1.0347299305,-14.3735284257
1.03721920946,-14.8086829108
1.03742138212,-14.3114424889
1.04829094816,-21.6049927079
1.02519763146,-10.1492520578
1.03496872743,-15.3426991565
1.03609273176,-14.7862259184
1.03392784102,-14.9054736365
1.03559790021,-14.8455252081
1.03398804476,-15.0598431956
1.03730496359,-14.6305147214
1.04896994401,-21.5147249235
1.03070730724,-9.99853661091
1.0374513641,-14.9620561367
1.03820869441,-14.4009790172
1.03597485547,-14.7436747281
1.03574287635,-14.4726814729
1.03737677648,-15.087342978
1.03548467755,-14.7395198079
1.04642761395,-21.6196073534
1.02848506181,-10.012524299
1.03810689799,-15.0246196193
1.03601353315,-14.4999709111
1.0390695058,-14.7254992591
1.03320669411,-14.5318087322
1.03571967478,-15.0842108958
1.0351926772,-14.9225596454
1.04836370233,-21.932831468
1.02522582022,-10.1815226939
1.03352437104,-15.118684838
1.03204857456,-14.7684288827
1.03805387614,-14.6524492301
1.03479835377,-14.3938328878
1.0369643144,-14.7929551873
1.03405659613,-14.6298338911
1.04735670726,-21.7982438772
1.02595729253,-9.97702556243
1.03789934206,-15.3485730755
1.03700460985,-14.7039193389
1.0382157737,-14.907806724
1.0336073127,-14.7094987934
1.03370015413,-14.9001867718
1.03734188073,-14.4387355175
1.04840880649,-21.5876903283
1.0228920181,-9.92081555046
1.03774771532,-15.1449874248
1.03477809041,-14.5678223509
1.03593789244,-14.7796000962
1.03650276507,-14.5661841107
1.03724958976,-15.0726299568
1.03319930382,-14.6915044691
1.0457728602,-21.974518617
1.0327358957,-9.61643863475
1.03598007203,-15.3154903083
1.03635779801,-14.6822560304
1.03562004736,-14.9927049229
1.03666685823,-14.5566466049
1.0340610814,-14.9216219159
1.03884278798,-14.3527513613
1.04703523232,-21.8057804272
1.02849639378,-10.0008373745
1.03614932999,-15.4792965208
1.03782438277,-14.5313267492
1.03638010688,-14.712601217
1.0356116383,-14.2869542836
1.03672841114,-14.7371141642
1.0390793439,-14.8573254166
1.05015921388,-21.4690801998
1.02692163501,-10.0252619047
1.03727049236,-15.2187105204
1.03686774259,-14.7794088847
1.03658113665,-14.8564224507
1.03502609667,-14.7015109298
1.03603290529,-14.9585008016
1.03719309775,-14.3378249802
1.04891364787,-21.8416750826
1.03019689824,-9.87735372803
1.03987795864,-15.0877352591
1.03631113963,-14.5014279166
1.03711186697,-14.8725176087
1.03704384543,-14.8683227963
1.0417782702,-14.7254207809
1.03438963774,-15.1294827999
1.05092124295,-21.5335831927
1.02688417175,-10.2650971441
1.039759501,-15.2435286886
1.03789920751,-14.8740921495
1.03611980538,-14.7125544586
1.03902728584,-14.5598397972
1.03662086425,-15.2580885494
1.03734845926,-14.4190184539
1.05109426594,-21.9490057008
1.02782766209,-10.4737268366
1.03218946142,-15.498731816
1.03595344519,-14.6193171777
1.03990069051,-14.6307936671
1.03488854956,-14.6148125063
1.03542827884,-15.1559648389
1.03576797197,-14.7826410117
1.05191341359,-21.9048873692
1.02902344086,-10.040050728
1.03478442118,-15.33128654
1.03632727857,-14.6407043559
1.03775913239,-14.8705151715
1.02988727133,-14.5768628747
1.03397607794,-15.0782367505
1.03730347831,-14.7436355187
1.04824216858,-21.7030780986
1.02531565698,-10.0422915101
1.03762761286,-15.4599311223
1.03282420268,-14.7850926752
1.03676107198,-14.8459262207
1.03034845835,-14.8165750756
1.03463724269,-15.0134575199
1.03583724516,-14.4994433695
1.04848848042,-21.5473629902
1.02503923414,-10.3216166205
1.03565539596,-15.3486950602
1.03375083851,-14.9098851378
1.03326858554,-15.1519590846
1.03848290037,-14.5579284015
1.03484010549,-15.1009676682
1.03432465129,-14.7748552232
1.04716569536,-21.3989026145
1.02426076913,-10.5753675522
1.03836161241,-15.105997381
1.03576134267,-14.7087650414
1.04132595298,-14.5861603068
1.03384631015,-14.3398104606
1.03461870033,-15.1834040046
1.03415101367,-14.7223048808
1.04619224626,-21.5641065253
1.02561508561,-10.3834607381
1.03742836156,-15.0630183815
1.03352958529,-14.7356345735
1.03529828931,-14.9739731454
1.03523953478,-14.8411677466
1.03672680515,-15.210203632
1.03191838686,-14.8317519317
1.0456369621,-21.6007938891
1.02487749861,-10.1693806001
1.03693839651,-15.185127825
1.0342179585,-14.6535106559
1.03608451824,-14.9775122037
1.03357740395,-15.0187750493
1.03276539009,-15.6115347934
1.0310702096,-14.620782026
1.04779084561,-21.6756764236
1.02781689293,-10.2116982566
1.03634731798,-15.2875783074
1.03790561429,-14.7732675606
1.0342797381,-14.9698784108
1.02986377045,-14.8710914006
1.03563732915,-15.0760575896
1.04014179972,-14.8010922311
1.05033543683,-21.9256911597
1.02626092646,-10.3944217111
1.03466055093,-15.4057042874
1.03426148937,-15.0087264298
1.03931778022,-14.877239483
1.03581893318,-14.7092375796
1.03373576174,-14.9397825504
1.0337916185,-14.8478462627
1.04839242849,-21.8757932614
1.03087141603,-10.0246686241
1.03497950324,-15.2422755511
1.03455134432,-14.5524254624
1.03976390052,-14.7931925839
1.03728460457,-14.7007884607
1.03795160242,-15.2090458385
1.03546965493,-14.6235674598
1.04794795261,-21.6947709909
1.02740196907,-10.1959978992
1.0346657387,-15.5577375482
1.03777924827,-14.5824037779
1.03387830497,-15.0873285934
1.03574317262,-14.8496212333
1.03596350731,-14.6390505669
1.03492493616,-14.7122334176
1.05109762844,-21.4796578214
1.028393118,-10.2965069061
1.03573899403,-15.3086847959
1.0338644599,-14.8854382584
1.03669853023,-15.0751579085
1.03467535478,-14.8377675889
1.03684026981,-15.1545704878
1.03373078473,-14.8488872015
1.04796871151,-21.5803068644
1.02796762227,-10.2831524472
1.03349565437,-15.2906651053
1.03723275284,-14.6475457266
1.03604981342,-15.0052868181
1.03696114704,-14.70605287
1.04017756832,-15.2249778429
1.03411973889,-14.6164121981
1.0470710134,-22.1397295348
1.02623052055,-10.2381332189
1.03688361808,-15.3672109956
1.03361978492,-14.7095100503
1.03828268161,-14.8611438123
1.03556295749,-14.9240702962
1.03574795055,-14.956373415
1.03683429536,-14.7141787059
1.05090194516,-21.6676958295
1.02896127902,-10.3275665697
1.03757621667,-15.4542076171
1.03845529225,-14.8665908179
1.03759044529,-14.7261675932
1.03735337966,-14.5121469951
1.03572281911,-15.0892782494
1.03649600855,-14.3887565329
1.04664089496,-21.781621749
1.02938038201,-9.98042525651
1.03425273077,-15.3614853274
1.03698488294,-14.7138938169
1.03590107445,-15.1300667416
1.03451996423,-14.7543242552
1.03854358662,-15.4002267802
1.035868815,-14.5825306988
1.04947549009,-21.8980879812
1.03001951023,-9.99545513233
1.03644624501,-15.3416160958
1.03273424124,-14.4132698881
1.03970189841,-14.8609102789
1.03791028459,-14.4032594474
1.03488987697,-15.5333401827
1.03513198027,-14.7606472599
1.04794521563,-21.8303191455
1.0303945911,-10.0272765618
1.03711018489,-15.4830838696
1.03611639605,-14.5794042537
1.03752459208,-15.1622490756
1.03797485317,-15.007246117
1.03436392297,-15.1130223715
1.03536318401,-14.7666798622
1.0494865799,-21.7935290605
1.02828882139,-10.1558949618
1.03995927592,-15.0489779148
1.03311482756,-14.9919849662
1.03461179126,-15.0515461124
1.03292858696,-14.8473334562
1.03526890313,-14.8881198622
1.03698725102,-14.9644232671
1.04739491317,-21.7322966961
1.02582807762,-10.4652130707
1.03256841734,-15.4191219879
1.03722805474,-14.8328774427
1.03701347212,-15.1274619057
1.03905473867,-14.8706953051
1.03563645678,-15.1565035718
1.03415040258,-14.6044064912
1.04739507721,-21.8638412292
1.02587226853,-10.4592026703
1.03443570091,-15.3414645369
1.03590689059,-14.9280185692
1.03732063562,-14.7879356533
1.03632670834,-14.6210149381
1.03622954745,-15.4158498375
1.03512751761,-14.8828253629
1.04829533097,-21.9521161234
1.02761428973,-9.974750021
1.03958469413,-15.3398880038
1.03495253173,-14.5661372634
1.03423783517,-15.1217429912
1.03297260058,-14.8802519968
1.03340364241,-15.1638514667
1.03353289813,-15.0366349487
1.04773901807,-21.7752376161
1.02664950766,-10.6521900847
1.0387009507,-15.2566129148
1.03640527991,-14.7889798892
1.0385123409,-14.8378903873
1.03173946771,-14.948702042
1.036733277,-15.185936137
1.03739917381,-14.8252354082
1.04916661835,-21.9367885434
1.02740657095,-9.96825141894
1.03584742768,-15.4518288705
1.03724431091,-14.7497469856
1.03521367152,-15.0888479434
1.03371192306,-15.0079620476
1.03633955407,-15.3475468547
1.03489382242,-14.7972993469
1.04695945573,-21.7537111544
1.02557278844,-10.3915234116
1.03867168177,-15.5166986405
1.03246705006,-14.6943415175
1.03435467333,-14.9413449074
1.03440550579,-14.7617176867
1.0342661226,-15.1009246592
1.03376481891,-15.0472060505
1.04939716105,-21.7513618272
1.03162983795,-10.1236184458
1.03919002548,-15.7331432233
1.03400791889,-14.9476990102
1.0343329557,-15.168452036
1.03367432867,-14.9911497603
1.03808243646,-15.2746945915
1.03182219393,-14.8528109798
1.04548076562,-22.0778456851
1.02833011499,-10.2528910144
1.03675621917,-15.4117171324
1.03732345574,-14.8722112976
1.03755107397,-15.0022616365
1.03319983783,-14.669280388
1.03472061314,-15.4117723972
1.03374597903,-14.7990534672
1.0483696064,-22.0331859736
1.02814489723,-10.7579250075
1.03974418631,-15.456402184
1.038862569,-15.1037656729
1.03725615091,-15.2789331497
1.03595981317,-14.8842269759
1.04090212477,-15.3004697392
1.03518000384,-14.5363684995
1.04716678721,-22.0898746266
1.02847949426,-10.1864439294
1.03834308329,-15.4956459513
1.03218030383,-14.9947997803
1.033950034,-15.2468747211
1.03653270099,-14.9203887043
1.03816266754,-15.2577556065
1.0306813052,-15.1561909775
1.04530125271,-21.6808989797
1.02250702063,-10.4732240086
1.03626352384,-15.2820304815
1.03966140142,-14.5087253856
1.03366292987,-14.7867078436
1.03414662807,-14.7426670162
1.0363746442,-15.0668532322
1.03225313939,-15.0959519043
1.05133492587,-21.6490978607
1.03039852711,-10.5704134118
1.03611831819,-15.4041102892
1.03214862792,-15.0274245658
1.03839345249,-14.7909694499
1.03020056089,-14.7197407118
1.03433324796,-15.079090746
1.03772644439,-14.8625490291
1.04816538835,-21.9985349382
1.02611750084,-10.5572299937
1.03613378369,-15.603040831
1.03379955454,-15.0248272259
1.0371470791,-14.7463919831
1.0334538587,-14.7426871235
1.03588002696,-15.7112968665
1.03498396229,-15.0922194448
1.04560815178,-21.8139474314
1.02690842969,-10.3552379132
1.0372233215,-15.4498275087
1.03389069008,-14.7100260783
1.03562925228,-15.0956553215
1.03454461424,-14.7014564343
1.03406424933,-15.3932366287
1.03683969883,-14.7617841796
1.04781218777,-21.7994376655
1.02688537518,-10.0656803567
1.03442013968,-15.5772403361
1.03667777227,-14.5745451076
1.03523210303,-14.9791980772
1.03832231191,-14.8355991601
1.03686855606,-15.5000497654
1.03223714327,-14.6791376255
1.04748308825,-21.6839530777
1.02642254668,-10.3782512764
1.03565886187,-15.702634722
1.03379104975,-14.5499017974
1.03470835015,-15.4069421733
1.03275763818,-14.6917686513
1.03332272946,-15.2977378342
1.03389914685,-14.8624883715
1.04495109106,-22.0167274538
1.02493162383,-10.1604989467
1.035322669,-15.4437828531
1.03083869886,-15.1272694772
1.03467809275,-15.0500547482
1.03339306824,-15.2366156687
1.041064406,-15.1299439576
1.0347918105,-14.5291085334
1.04771018663,-21.8945913715
1.02590276309,-10.2393955326
1.03824000292,-15.4034801659
1.03681064877,-14.9364186892
1.03478037145,-15.1786091309
1.03374685341,-15.1493497511
1.03031764629,-15.2267364744
1.03346181881,-15.0272078687
1.04738335676,-21.8130948824
1.02564601831,-10.2019730125
1.03382536574,-15.5853702073
1.03259662707,-15.0735140059
1.03699791588,-14.8187669611
1.03681863473,-14.8557267387
1.03513557285,-15.2003895783
1.03112067218,-14.6044789491
1.05000678542,-21.9318090086
1.02424815236,-10.1033236733
1.03747350479,-15.5449857296
1.0369221063,-14.6551672781
1.03867860096,-14.7590122917
1.03326841013,-14.8584471445
1.03935575477,-15.178865296
1.0361614592,-14.8172989613
1.0514235001,-21.7203730485
1.02491398566,-10.6166468022
1.03592353849,-15.8219679364
1.0323881798,-15.1067958665
1.03454112783,-14.9896271004
1.03352399392,-15.107276499
1.03333172005,-15.255003915
1.03114077373,-14.9372014036
1.04533805928,-21.86297962
1.02492294524,-10.0552718164
1.03366325181,-15.5555737493
1.03039414667,-15.0761416135
1.03306311637,-15.1221583234
1.03678554484,-14.6915689364
1.03427720803,-15.5217580722
1.03601402051,-14.5321623777
1.04848506533,-21.8841803195
1.02986312752,-10.4402412142
1.03490128384,-15.2638967887
1.03168954675,-14.9841464899
1.03428919078,-15.0256829432
1.03605438104,-15.1626981911
1.03546047788,-15.2046861146
1.03568541204,-15.1627322444
1.0479523305,-22.1997235258
1.02430695049,-10.7011756777
1.0332964286,-15.3767273947
1.03550312585,-14.9264666774
1.03538462535,-15.205317555
1.03541376588,-15.0287162024
1.03401014347,-15.1183516392
1.03692662273,-15.1216683056
1.04376902174,-22.1239344681
1.02442805775,-10.4400658695
1.03862798189,-15.2796566871
1.03136478631,-15.0112894471
1.03288322466,-15.3143748353
1.03720272758,-15.2349435803
1.03731942008,-15.0952721526
1.03396746754,-15.338538667
1.04806105486,-21.7332193794
1.02955811378,-10.0731854046
1.03660359292,-15.5008390476
1.03503275559,-15.127034259
1.03145635011,-15.2561895455
1.03151135441,-14.8193523176
1.03314454933,-15.1497736987
1.03373525887,-15.2281385574
1.04667689509,-22.0947044331
1.02567702853,-10.3815657049
1.03448536891,-15.5190699769
1.03617174059,-14.8619607741
1.02999164844,-15.2654825597
1.03019532485,-15.1034100094
1.03465972787,-15.4660896417
1.0347657839,-14.869100946
1.04789364483,-22.042441357
1.02470609762,-10.3239341904
1.03379792871,-15.8187535483
1.0397010855,-14.5702932552
1.03413477572,-15.1368023751
1.03454611192,-14.7434909581
1.03502560872,-15.1837625999
1.03148518623,-15.0465101998
1.04566862828,-22.1656910358
1.02382745487,-10.7018908176
1.03476399856,-15.6019223384
1.0350328215,-14.7164202692
1.03338605952,-15.2498443795
1.0342939217,-14.9318091367
1.03120126906,-15.323591738
1.03454380193,-15.0335429607
1.04313245339,-22.0995700226
1.03037260566,-10.4359501388
1.03383478482,-15.5114439589
1.03086175478,-14.9179134856
1.03523413341,-15.2803101218
1.03388072826,-14.9328091016
1.03618183411,-15.5325647224
1.03344970354,-14.8016898173
1.05384650388,-22.0731099799
1.02685382655,-10.7012752221
1.03362626161,-15.523470929
1.03223246208,-14.8569106439
1.03374236161,-14.9878723811
1.03158657152,-14.7594280515
1.03430228875,-15.4254201643
1.03365774521,-14.9332779888
1.04414291911,-22.0157486813
1.02591799292,-10.0899381803
1.03580671141,-15.429101264
1.0336993026,-14.848720752
1.03484551941,-15.0511439995
1.03130362558,-14.8372684575
1.03505536114,-15.0874962788
1.04152683087,-14.4451190149
1.04669718632,-21.6979431051
1.02506844077,-10.6277708947
1.03169602147,-15.6920862105
1.03334095026,-15.1185971456
1.03471476479,-15.2010946729
1.03039466581,-15.4519758881
1.03468011755,-15.3848873114
1.03171461725,-15.1441369179
1.04703043703,-22.0151857351
1.02680642227,-10.9065446154
1.03302875541,-15.6876783318
1.03284950946,-15.1250093685
1.0335301865,-15.1632480978
1.03029613753,-14.9645179506
1.03276268314,-15.4034806442
1.03189965064,-14.9997789603
1.04907856527,-21.9678198837
1.02702806325,-10.7444002522
1.03595144154,-15.564794342
1.03203661308,-15.017637687
1.03248346016,-15.4888685191
1.03091028976,-15.1623126359
1.03120525604,-15.3370904612
1.03376777167,-14.7687036272
1.04707133547,-22.0808420623
1.02352300735,-10.6821184547
1.03475255932,-15.5504425438
1.0358063529,-15.1439569946
1.03211444499,-15.2815223844
1.03214786085,-15.118933997
1.03540327027,-15.209734401
1.03390776989,-14.7738507281
1.04408352063,-22.0387962149
1.02479715189,-10.750952943
1.03254530203,-15.6349383622
1.02928476965,-15.2307794038
1.03588229955,-14.9975969496
1.02842460097,-15.2609720833
1.03119475581,-15.4354912755
1.03208802581,-15.1377270262
1.04799754976,-21.8125639991
1.02469385454,-10.3167105855
1.03327168638,-15.3958783794
1.03082650948,-15.2550640075
1.03672088418,-15.0952760749
1.03294013806,-15.2255453169
1.03470357505,-15.2236997528
1.03301651635,-15.1286078259
1.04429072454,-21.953166127
1.02695880619,-10.5754189937
1.03739102265,-15.3511831896
1.03134899115,-14.949708819
1.03181942597,-15.261189134
1.03244049143,-15.0369003525
1.03325970165,-15.334996148
1.0318321727,-14.9803521204
1.04477403713,-22.2710212277
1.02412212001,-10.5113894462
1.03328682395,-15.8028943704
1.02905581861,-15.2743169941
1.031055612,-15.3521885868
1.03379375942,-14.8616063616
1.0312458181,-15.4582325969
1.0351322932,-14.7104478574
1.04761105147,-21.8394725619
1.02452593587,-10.4283422038
1.03486846205,-15.7711433735
1.03162711815,-15.0632554982
1.03064422262,-15.2530876489
1.03123250724,-14.9885126167
1.03392292322,-15.3248195331
1.0326563366,-14.8456724369
1.04643863025,-22.1456607062
1.02726781669,-10.5660018793
1.03589885189,-15.5055164042
1.03021401736,-15.0541854367
1.03263287811,-15.1291994473
1.0332279853,-14.7448270756
1.03055756521,-15.4393460457
1.03434006107,-14.9275726702
1.04512925909,-22.2379671095
1.02352089942,-10.4615962238
1.03162731769,-15.6678827177
1.02981034956,-14.9910162159
1.03398004644,-15.5830951623
1.03307080347,-15.1756933127
1.03624077926,-15.1048108287
1.0292418406,-14.8978518582
1.04483825829,-22.2069421851
1.02690611863,-10.5608428491
1.0281902457,-15.6265449086
1.03547053661,-14.8825649088
1.03213883837,-15.1939176834
1.02864546995,-15.2903733174
1.03215708691,-15.3585269262
1.02935802789,-15.0113744881
1.04436988876,-22.0353965124
1.02341192312,-10.3545059473
1.03055734388,-15.7990008773
1.03422251355,-15.1865594547
1.03265443347,-15.2251950657
1.03380210219,-14.7501023431
1.02887277077,-15.6690557715
1.03323660809,-14.844332336
1.04852803538,-22.0918452453
1.02063157939,-10.3546537911
1.02866142258,-15.8328869758
1.02799608583,-15.1407928259
1.0316258448,-15.0998169038
1.027948997,-15.0619856906
1.02797128667,-15.5377030747
1.03123421135,-14.9547799341
1.0433643558,-22.0815268554
1.02138078191,-10.4233076461
1.02985143223,-15.7956848111
1.02899358322,-14.8769719457
1.03026576581,-15.0312302518
1.02789550768,-15.1545199035
1.03085074545,-15.5110738109
1.03127663452,-14.8999765037
1.04141646635,-21.5963706115
1.02355537051,-10.5207757227
1.03378988103,-15.6524170209
1.02793382755,-14.8797831963
1.0279505293,-14.9936204735
1.03208997181,-15.1560831141
1.03110835177,-15.2470065401
1.02937790106,-14.9532915411
1.04447334272,-21.7889281336
1.02229569644,-10.6437804818
1.03098791038,-15.4422789779
1.03104853922,-15.2829798686
1.03275683422,-15.2210944989
1.02787969528,-15.2924402964
1.03162480887,-15.6417542265
1.02949437837,-15.0536159334
1.04294424349,-21.8317793806
1.01782609751,-10.5393359039
1.02985675498,-15.5035076042
1.02834936541,-15.3201896836
1.02960508513,-15.5011559396
1.02663687879,-14.799533189
1.02916468683,-15.4370682652
1.02831564092,-15.0750790866
1.04173684337,-21.775509157
1.02149328705,-10.1313797494
1.03126464656,-15.5662499722
1.03176245035,-15.1610152256
1.02908175286,-15.2390612675
1.02804552559,-15.2078960578
1.03412952694,-15.4379240927
1.02900487788,-15.1040051212
1.04295254068,-21.7354169114
1.01779134033,-10.457849796
1.02923915866,-15.7168032213
1.02727854329,-15.0217313365
1.02851801126,-15.6426106723
1.02882596992,-14.8998198965
1.02904220967,-15.5118966424
1.02721751191,-14.747187483
1.0433603403,-22.142117044
1.02440837324,-10.3990492731
1.03496761033,-15.6129275394
1.02728712329,-15.1648329423
1.03254399746,-15.200016968
1.03151056279,-15.0591406322
1.0306475028,-15.4854724232
1.02607263437,-15.4858849958
1.04590311762,-22.0582647819
1.02057904147,-10.654763461
1.02658623616,-15.6219718033
1.03038737789,-15.2012505297
1.0285482452,-15.5723305716
1.02961845367,-15.2534756117
1.03268934567,-15.6624266708
1.02939534099,-15.1218230128
1.0441062819,-21.9929727216
1.02270814951,-10.8634077232
1.02934224083,-15.6704960027
1.03218640935,-15.054428892
1.02819897132,-15.2112904833
1.02977091749,-15.249314278
1.0271759181,-15.7635144818
1.03151964674,-15.1628700374
1.04095325002,-21.9859925886
1.02232249606,-10.4550417711
1.02744312712,-15.8352562157
1.03029284242,-15.077045675
1.02635239252,-15.2549160805
1.03010145714,-14.9826107168
1.029654051,-15.3380979607
1.03160075678,-15.0804003869
1.04621969967,-21.8617936875
1.01882144829,-10.824402127
1.02969345477,-15.708969122
1.0287982347,-15.5139511956
1.02992183913,-15.2485175421
1.02573693985,-15.5866981784
1.03295168994,-15.1212510473
1.02822392964,-14.7383734017
1.04473981998,-22.0581519952
1.0206790219,-10.4576051512
1.02788899474,-15.6214542689
1.02946380553,-14.9109836748
1.02559969622,-15.4281620434
1.02727591382,-15.019392165
1.02906347871,-15.7279634474
1.02662958611,-15.1265777665
1.0424006988,-21.7897527968
1.01940860868,-10.6363276213
1.03086299502,-15.5869287602
1.02939749008,-15.3317660785
1.03014271845,-15.441647901
1.0256075488,-15.4447151239
1.02948535277,-15.3661183417
1.02659096892,-15.0863158692
1.04227016332,-21.8690571997
1.01694123966,-10.4155538375
1.03365780696,-15.1878846344
1.03039703132,-14.9094804153
1.02737592274,-15.1712667852
1.02512607497,-15.1609495885
1.03192410328,-14.9703303817
1.02562261897,-15.0232117351
1.04088204763,-22.0236618829
1.01921469344,-10.6130427872
1.02860976674,-15.5349640333
1.02821393333,-15.049704403
1.02849741033,-15.2775687393
1.02891522314,-15.1253724742
1.03175362813,-15.1942108198
1.02879584318,-15.2695239174
1.04217666556,-21.8771964246
1.02038484975,-10.5130120123
1.02642027257,-15.5518892364
1.02947539505,-14.6487807652
1.02468170447,-15.067428164
1.02346717547,-14.8537491137
1.02555951397,-15.4292403054
1.02553031992,-15.3247223305
1.044416003,-22.2578491403
1.02034379438,-10.5606575114
1.02710832131,-15.72051958
1.02820988467,-15.056891929
1.02966979139,-15.4500598672
1.0279093701,-15.1676151171
1.02699745977,-15.3851838508
1.02726490601,-14.9763717843
1.03879526422,-22.1050816457
1.01908893905,-10.7418040257
1.03104497097,-15.519984007
1.02382541889,-14.9957663872
1.02814848773,-15.2926411165
1.02787183184,-14.9901867014
1.02559174266,-15.5043737034
1.02485658246,-15.0503813978
1.03701776948,-22.0689211088
1.01790923168,-10.6308132342
1.0293323021,-16.1253344907
1.02712934366,-15.2831186512
1.02491053728,-15.2396565855
1.026469212,-15.1994741967
1.02995228325,-15.388939448
1.0271207711,-15.1113530176
1.04403512413,-21.8966624997
1.02084330527,-10.4676699656
1.02878519091,-15.7231908465
1.02594432963,-15.0591307332
1.02848146299,-15.109849651
1.02847354595,-14.7476737801
1.02843102658,-15.6529175564
1.0254044112,-15.0953172558
1.04517991366,-21.7792508679
1.01646603753,-10.9069068263
1.02682372633,-16.0397517857
1.02674226029,-15.2188473092
1.03133521028,-15.4649429028
1.02419937279,-15.1610445098
1.0267417665,-15.341081674
1.02764344162,-14.6554797173
1.04193852712,-22.2661426846
1.01645511117,-10.4928055489
1.02599374094,-15.7909316465
1.02473793933,-15.3038924583
1.0266842185,-15.0855388056
1.02602310963,-14.9055595149
1.02538044801,-15.3634481668
1.02658282797,-15.1022400514
1.03898761467,-22.078169393
1.01604637873,-10.7731643693
1.02594961251,-15.9947228107
1.0230570679,-15.2625924375
1.02746661341,-15.3069259787
1.02540795746,-15.4378767222
1.0276273481,-15.1655561934
1.02584656168,-15.3850349832
1.03874100462,-22.063406815
1.02065912306,-10.8528803267
1.0294580131,-15.741425023
1.0263578881,-15.0981329972
1.0261571585,-15.1308536198
1.02975986858,-14.7321409579
1.02456633194,-15.3899462544
1.02801960689,-15.0338153008
1.04202308264,-21.8708065154
1.01938932633,-10.5338167659
1.02539822396,-15.6354230821
1.02797010095,-14.8673069145
1.0269572986,-15.2255955725
1.0254179334,-15.4775654299
1.02948736522,-15.6571836464
1.02454612443,-15.2862916953
1.03591137755,-21.9911779107
1.02080836,-10.7371884374
1.0287863011,-15.8072204131
1.02614927689,-15.1118129605
1.02657758852,-15.1869278289
1.02436196433,-15.2769112337
1.02785665002,-15.3407244196
1.02444614803,-15.156462896
1.03823773583,-21.7754490208
1.01662434271,-10.7837026203
1.02673420011,-15.7771217573
1.02470399949,-15.2375584949
1.02769563748,-15.3242366816
1.0248360274,-15.3969841911
1.02237127203,-15.7128924683
1.02660705427,-15.1970722414
1.03868000237,-22.0922802062
1.01816387251,-10.6203402603
1.02717882618,-16.0952688257
1.02503102839,-15.3327383568
1.02726831047,-15.415319793
1.02473686605,-15.1459536561
1.02584629667,-15.7159759074
1.02515011148,-15.2139464173
1.03846052147,-22.1434522426
1.02220640378,-10.5986787431
1.02549309776,-16.0242402909
1.02533335371,-15.5232962455
1.02505409929,-15.3989074728
1.02663263878,-15.4168487583
1.0268603886,-15.418848581
1.02899533952,-15.3320453404
1.03821888187,-22.1163171363
1.01484866288,-10.860234493
1.02961550328,-15.9305625731
1.02706882739,-15.0594444522
1.02417032342,-15.23439982
1.0265183274,-15.2728150791
1.02761882658,-15.503932147
1.02633825481,-15.3347062666
1.0357682189,-22.1408208242
1.02311995182,-10.4544381836
1.02468408411,-15.71134812
1.02385595157,-15.2778685285
1.02468677057,-15.3387974684
1.02233389787,-15.437184877
1.02370727659,-15.6383711605
1.02398808229,-15.203117663
1.03702112658,-22.2368198469
1.02050143305,-11.0408668743
1.02331292706,-15.8184912428
1.02360663956,-15.2042191604
1.0224014824,-15.4282586297
1.02286456806,-14.9764554622
1.02583758771,-15.6660336225
1.02524463047,-15.2995210201
1.03699411753,-22.0562925099
1.0174206464,-10.7040231608
1.02815433896,-15.6869648411
1.0294673891,-15.2609348753
1.02427090987,-15.3589043035
1.02356382006,-15.2390735652
1.02623929914,-15.4811420187
1.02257357764,-15.2233837578
1.04087821166,-22.1140661843
1.01650575389,-10.5782554027
1.02292413922,-15.7246492942
1.02853935909,-14.8221081462
1.0217153977,-15.3740810545
1.02744125128,-15.226628248
1.02489579362,-15.7011727686
1.02237511502,-15.4110763155
1.03677862053,-22.3271168234
1.01464271114,-10.8347246795
1.02462767243,-15.9058540429
1.02780194908,-15.1776003094
1.03026928279,-15.269876146
1.02831423927,-15.3600369828
1.02370073651,-15.4007684173
1.02783331914,-15.084674049
1.03955812545,-22.0205051466
1.01779189465,-10.5474912437
1.02520230853,-15.8748848541
1.02422759113,-15.4415818411
1.02117442687,-15.4737745611
1.02603011361,-15.1760939849
1.02479328449,-15.565658283
1.02400342526,-15.2287580061
1.03812252673,-21.9185119061
1.01660679451,-10.6793686327
1.02480933367,-15.8346958689
1.02556422297,-15.3831251676
1.02326676732,-15.5915491875
1.02925998549,-15.294916973
1.02817762808,-15.6136110563
1.02857049913,-14.9476169922
1.03881338823,-22.1889439832
1.01375061293,-10.8039488365
1.02450108803,-15.7213231553
1.02775514681,-15.0385085617
1.02906842235,-15.6251724501
1.02348872297,-15.2832911596
1.02777345855,-15.8251347773
1.02416368386,-15.3576403344
1.03860745517,-21.9219194812
1.01712336829,-10.7602803719
1.02616371369,-16.1508658958
1.02397509436,-15.2132242746
1.02563416945,-15.5996781649
1.02839881826,-15.4057270485
1.02635437618,-15.6892853224
1.02759506663,-15.1995007375
1.03899965533,-22.0745625351
1.02133737244,-10.7428562949
1.02797210195,-15.7382494432
1.02457162737,-15.240424365
1.02340634704,-15.4770659173
1.02466299962,-15.2655203865
1.02885552489,-15.4112591892
1.02452038391,-15.1368146139
1.0360504625,-22.1045502724
1.01536105665,-10.5567938077
1.02590682338,-16.014633047
1.02758822182,-15.1619172517
1.02320539241,-15.5606120398
1.02436027737,-15.001107323
1.0252684627,-15.6817049518
1.02406690059,-15.2359511705
1.04181459796,-21.8391509374
1.01630990018,-10.8253994661
1.0268419146,-15.8518798821
1.02542921729,-15.2612302851
1.02563784805,-15.65164506
1.02793886458,-15.3087188325
1.0217359109,-15.7381989946
1.02516763002,-15.192809551
1.03576207116,-22.1513422589
1.01524974878,-10.6138623989
1.02393177657,-16.1119519706
1.02499233817,-15.156110779
1.02860096822,-15.4397340845
1.02312309527,-15.5167297303
1.02706483113,-15.327823128
1.02487300228,-15.3175949587
1.04179801426,-22.0949317994
1.01665858371,-10.9320217321
1.0305121458,-15.7889003122
1.0264639667,-15.1956030474
1.02740456275,-15.2941950465
1.02403210286,-15.2259839904
1.02303939988,-15.7919053608
1.02398886993,-15.3960770903
1.03933672713,-21.8957737233
1.01448578682,-10.9030143584
1.02489041474,-15.9178945159
1.02253300229,-15.2717758502
1.02598384122,-15.4482051246
1.02397939697,-15.5003929008
1.02316346082,-15.8199805756
1.02332463154,-15.3922242149
1.03827156322,-22.1845827234
1.01589151482,-10.7021562919
1.02662307821,-15.9803220267
1.02472975618,-15.2057388114
1.02908165313,-15.2768023056
1.02544296791,-15.5992654565
1.02574460104,-15.5600925303
1.02992169597,-15.3766559558
1.03998509699,-22.031655188
1.01939831982,-10.812946192
1.0267034451,-15.8292041804
1.02747069161,-15.2843755415
1.02793456875,-15.2178812311
1.03185495537,-15.1376403084
1.03031722902,-15.6936098826
1.03034634544,-15.3281023403
1.04041650003,-22.2506676047
1.01993897865,-10.7946800147
1.02596776337,-16.0148055781
1.02914431579,-15.3706776986
1.02646627131,-15.4953756577
1.02699116959,-15.4942977028
1.02862354855,-15.6260452193
1.02625408082,-15.2871395792
1.03914661051,-22.257814333
1.01705297241,-10.5684247024
1.02611630224,-15.9472042843
1.02885956398,-15.2919992726
1.03036144954,-15.7230547629
1.02690927905,-15.3991109032
1.02863941688,-15.6962508993
1.02835068224,-15.1190713472
1.03834399083,-22.3438543636
1.01888528469,-10.6006382329
1.02884310127,-15.9263677696
1.02578580617,-15.4909622337
1.02935193163,-15.3449417663
1.02625883093,-15.4589548793
1.02516673187,-15.7872749442
1.02612149199,-15.2450612362
1.04320483233,-22.475903654
1.01497647411,-10.8331590631
1.02583267998,-15.8091766161
1.02714670864,-15.0194985314
1.02703965941,-15.7619564615
1.02301593098,-15.3660454524
1.02559135527,-15.994223168
1.02530374524,-15.0381855506
1.04115234412,-22.0962053659
1.01782142423,-10.7821794909
1.02712591708,-15.8512847822
1.02544995312,-15.243427836
1.02187874229,-15.8825287819
1.02453761856,-15.2427692556
1.03132184723,-15.4589856246
1.02426189215,-15.5022038185
1.04221876683,-22.3621892583
1.01889774089,-10.6357124045
1.02703025706,-15.8464451055
1.02807854058,-15.3054462752
1.02580987702,-16.0536348401
1.02717355682,-15.1257324882
1.02556879725,-15.9949544087
1.02913818698,-15.4999378302
1.04124622321,-22.3911002709
1.01819746252,-10.9035640353
1.03168725373,-15.8016685401
1.02587570744,-15.2889896382
1.02873647149,-15.5119783046
1.02615387159,-15.2344360268
1.03036451742,-15.7072155359
1.03076964016,-15.4336822558
1.04515803456,-22.4179419911
1.01778880948,-11.0293983329
1.03166911732,-16.0481583924
1.0288415229,-15.3546253122
1.02887500488,-15.4586753822
1.0295852299,-15.3013876851
1.03028775882,-15.6193181421
1.02605478023,-15.2271356854
1.03763469662,-22.2848456908
1.0199991828,-10.9357096403
1.02926872952,-16.1973753088
1.02998588249,-15.480919135
1.02727374209,-15.7871156162
1.02915499728,-15.3441991607
1.02764790958,-16.1141575602
1.03098857049,-15.5116481078
1.03934211505,-22.2465862073
1.02460695904,-10.8091942676
1.03037026742,-15.9659572208
1.03110163,-15.0412135641
1.02765386584,-15.5890093594
1.02872968612,-15.1562558846
1.02930399913,-15.678821858
1.03083878939,-15.1989191032
1.0409885386,-22.2164485165
1.01745565014,-11.23584968
1.02986887703,-16.0945116508
1.03220116538,-15.0747856151
1.02873338099,-15.6228825869
1.02865068501,-15.2784244863
1.02673436427,-15.8129589466
1.02732999421,-15.6819861897
1.04274790066,-21.9806299074
1.01945268393,-11.042125236
1.02870816649,-15.7266834045
1.0259420099,-15.5286928831
1.02837532706,-15.436967955
1.02784802147,-15.3080044426
1.03062041737,-15.3840780672
1.0292885604,-15.7551285114
1.03962358084,-22.1043284285
1.02294217618,-10.8776311631
1.02875853588,-16.1977213231
1.02741173497,-15.44135365
1.02970222785,-15.186863285
1.02442802051,-15.3738437306
1.02850577029,-15.5642947588
1.02998013266,-14.8850501431
1.03838434335,-22.3068224434
1.02080830469,-10.8854329227
1.02836858849,-16.1605076269
1.02772167994,-15.3629771404
1.03224747005,-15.7374513096
1.02509531532,-15.5436760688
1.0305547294,-15.7310494126
1.02838071956,-15.1464516729
1.04036958629,-22.1696258079
1.02213191154,-10.7891626889
1.03010824187,-15.8898654473
1.03057662731,-15.3485400298
1.02659638292,-15.7572838831
1.03273133938,-15.1382255579
1.02999856163,-15.6561602706
1.03177876822,-15.5544223235
1.03914207289,-22.4277720513
1.0188020464,-11.0240735458
1.03022399973,-16.039730133
1.03202670537,-15.2425126758
1.02933659905,-15.6161832665
1.02759783853,-15.6815180314
1.03246142979,-15.5759660298
1.03052929909,-15.1796884977
1.04231510708,-22.2120044365
1.02218840448,-10.8411752363
1.02824290711,-16.0647409985
1.03035018514,-15.3434040664
1.02880631683,-15.59962792
1.02963229644,-15.4076691701
1.02715931678,-15.7521663959
1.03022881709,-15.4054161586
1.04291295642,-22.1452285026
1.01978637716,-11.0264592542
1.02833027492,-16.1179942391
1.03154177995,-15.4033689938
1.03139877163,-15.7729858923
1.02671365486,-15.4891717769
1.02922109491,-15.8081194909
1.03187628356,-15.4357523949
1.03693255012,-22.2863442523
1.0205843972,-10.9736794931
1.02726711285,-15.8319652966
1.03124066942,-15.6550840553
1.02911823905,-15.8993898246
1.02512505639,-15.734179122
1.03034369592,-15.9442950779
1.03004930468,-15.5063818096
1.04190037067,-22.3307538559
1.02148784743,-11.0092063334
1.0290528196,-16.0065495034
1.02923164042,-15.4947895912
1.02830873327,-15.4466269453
1.02628444958,-15.4519155999
1.02953589877,-15.6881370455
1.0279675029,-15.3327880575
1.04010207526,-22.1755388935
1.02547718279,-10.9296071119
1.03063684265,-16.1057685326
1.02699677494,-15.5101025411
1.02870750214,-15.8221512173
1.02834568643,-15.5056992786
1.03151402833,-15.8500687089
1.02786653139,-15.4290247121
1.04546555573,-22.4499592225
1.02133536423,-11.0283272515
1.03250125538,-15.9661011891
1.02858170262,-15.5156396785
1.02695548197,-15.7584335642
1.02839381965,-15.4163640521
1.02936231717,-16.2554021219
1.02775444702,-15.5760200403
1.04522223552,-22.1221812852
1.02133114005,-10.9797232102
1.03264329361,-16.0476524916
1.03003257751,-15.7040825515
1.03019857745,-15.3905452174
1.03282900176,-15.5189956507
1.03161225593,-15.4462308939
1.03235371867,-15.5589671943
1.04295123616,-22.2728644018
1.0214483184,-11.0243028637
1.03070280321,-16.0335659518
1.02929208025,-15.3548041679
1.03458431117,-15.7003013722
1.02947344709,-15.4626914479
1.03107924424,-15.4978880295
1.02773953926,-15.3198250657
1.04204327956,-22.2026963861
1.02067490673,-10.9195520963
1.0301884077,-16.1170973053
1.03222493382,-15.2347239102
1.03025497803,-15.8091315153
1.03014983672,-15.3334309626
1.02674855166,-15.9971356606
1.02706899305,-15.6518903364
1.04316654648,-22.2626627049
1.01885673273,-10.8632087128
1.02996739605,-15.9556132767
1.02942685997,-15.7014539514
1.03177920785,-15.5117662624
1.0281664905,-15.516945717
1.03028209127,-15.96706736
1.02873350678,-15.3198119561
1.0402271855,-22.5853280559
1.02078107023,-11.1877531263
1.0274990264,-16.1551902788
1.02673772825,-15.823457491
1.03161319829,-15.8439926125
1.03001757127,-15.6748993884
1.0306715128,-16.0236377939
1.02934416065,-15.6338450571
1.03999835182,-22.3566365831
1.02052092068,-10.9686367119
1.02946132491,-16.3670493451
1.03137639656,-15.4676023855
1.02857994985,-16.0311373324
1.03256480529,-15.4567365828
1.02963139303,-15.7715826074
1.03197973615,-15.5941439492
1.04200746983,-22.5037275548
1.02101026756,-10.8501807783
1.03277432795,-16.1969437038
1.03001635211,-15.5716763291
1.031582477,-15.7459631699
1.02909402574,-15.5637114051
1.03143008855,-15.7792793013
1.03030323675,-15.6103518157
1.04496410925,-22.4356174174
1.02487195295,-10.9042927239
1.03183817155,-16.1454454911
1.03260338878,-15.7131604008
1.02899629219,-15.4360500829
1.03045304522,-15.5220168922
1.0310140058,-15.9430370965
1.02968404094,-15.4233156175
1.04097704297,-22.2167395501
1.02318690557,-11.0341063926
1.03390063976,-15.9243953052
1.02962864617,-15.4346257608
1.03334164463,-15.5165072412
1.03280121718,-15.3997048659
1.03149059405,-15.4368562404
1.03378610083,-15.3709828042
1.04803414959,-22.112432932
1.02064398682,-10.997943604
1.03228214402,-16.0691873875
1.03108674604,-15.4184728361
1.03009643413,-15.7073566651
1.03173352874,-15.3619836622
1.03170927944,-15.9720440851
1.03319847375,-15.3834241685
1.04256315499,-22.7201859389
1.01843251155,-11.1128838722
1.02959820245,-15.9014061208
1.02971573973,-15.5376081001
1.03223998682,-15.4103908791
1.02677622037,-15.5096667691
1.02992301925,-15.5025807017
1.03198302497,-15.3780259125
1.04154974253,-22.3352100319
1.02069605073,-10.8305830548
1.03313623764,-16.2941473466
1.02965857539,-15.6760758297
1.03018350727,-15.5853461994
1.02779957632,-15.6145349864
1.03126388243,-15.6073267071
1.03189203078,-15.4963350215
1.04392779256,-22.4008287798
1.02519965272,-10.8349031002
1.03244407487,-15.6293629081
1.03299671152,-15.5946046127
1.0290804166,-15.7247853621
1.03168947577,-15.5018395098
1.03108207179,-16.0757375023
1.03040242231,-15.4170760065
1.04231176488,-22.3907761665
1.02055123106,-11.0265841324
1.029526534,-15.9953975507
1.0285613012,-15.3513599142
1.02808854408,-15.7148290774
1.03115101623,-15.5482715782
1.02846843436,-16.021217328
1.03671710526,-15.1701026635
1.03989746577,-22.5056815613
1.02131847763,-10.7140324861
1.02894902095,-16.2219376682
1.02967953543,-15.450419501
1.028375194,-15.6237018275
1.03051954328,-15.0673579812
1.03231943869,-15.8154793831
1.02869295111,-15.7343927519
1.04049121191,-22.5092031649
1.02036025709,-10.8172086825
1.02859138082,-16.277846316
1.02892573089,-15.5777796893
1.03316378744,-15.3243933355
1.03115633944,-15.4489259888
1.02849206068,-15.7279688726
1.02961850089,-15.6536809263
1.04321674684,-22.8297033339
1.02198549651,-10.8079863654
1.03023482747,-16.3258456404
1.02711507874,-15.5840577391
1.0330876441,-15.6251723901
1.02913882918,-15.3250230415
1.03513324644,-15.8261418566
1.03162639304,-15.4265468296
1.04493450454,-22.3931880297
1.02335290689,-10.7373640366
1.02879086204,-15.8764186978
1.03091517648,-15.359380019
1.03111518181,-15.8468368998
1.02897203438,-15.8473419355
1.03418277421,-15.6581264136
1.02590701007,-15.3758644804
1.04494206504,-22.2084685406
1.02273164491,-11.0490190821
1.03145668952,-16.3796649834
1.03024238971,-15.1060913258
1.02934388915,-15.7575640083
1.02964490461,-15.191274189
1.02947342254,-16.0579116426
1.02845605601,-15.3324593036
1.04134851064,-22.3987105638
1.01943937503,-11.0869511435
1.03253171561,-16.1555697761
1.02723689185,-15.8040794564
1.02977374054,-15.8895181412
1.02677556982,-15.4178548178
1.03497144256,-15.9969884395
1.02739858992,-15.717137766
1.04200571572,-22.6311398915
1.02096890006,-10.9155362607
1.03016547416,-15.9851566523
1.0288833608,-15.4892203295
1.03150463271,-15.8455143946
1.02949712343,-15.7503821935
1.03059624852,-15.7687207376
1.03243489229,-15.2843958664
1.04266728546,-21.9405216304
1.01917655771,-10.8834711304
1.02884805499,-15.9331214234
1.0284686363,-15.3836726761
1.033386255,-15.7084311255
1.03094630822,-15.3394105565
1.02752989801,-15.8705098745
1.02980686197,-15.4748294042
1.04195962886,-22.2732240646
1.02593347792,-10.8723479383
1.02991698723,-16.2612011536
1.03055384269,-15.354720529
1.03260313429,-15.7350948494
1.02686565632,-15.4998126093
1.02950962808,-15.61963253
1.03300305282,-15.335138261
1.04600804182,-22.5325967642
1.02335544413,-10.7452470799
1.03444043142,-16.1424093247
1.03150715729,-15.5908710057
1.03205998776,-15.8410229485
1.02525344115,-15.6386360631
1.03040941356,-16.036096139
1.02964584969,-15.6507558306
1.04160979302,-22.8126518312
1.01920118224,-11.1448749577
1.02931053989,-16.2760766129
1.02939662128,-15.5258556836
1.03059406043,-15.6071612821
1.02860090697,-15.4852430458
1.03259459995,-15.9037766573
1.03140607699,-15.4643445699
1.04085731072,-22.5282215214
1.02113798825,-10.9595371374
1.02895207367,-16.2750502376
1.03031302157,-15.4003037573
1.02646031421,-15.7351616504
1.02879662158,-15.3999525675
1.03034093601,-16.0648507997
1.03099983146,-15.5615542402
1.04125467338,-22.4149020331
1.01684824834,-11.3485640923
1.03230338469,-15.7433077056
1.02889743322,-15.4358328061
1.02567946072,-15.7321611636
1.02884784648,-15.5529015801
1.02797763694,-15.5995691523
1.02905981227,-15.6477680414
1.04288977948,-22.602438764
1.01962547491,-11.0645695889
1.030229242,-16.2329458085
1.03141429147,-15.3613885729
1.03071647439,-16.1767684888
1.02864548466,-15.7498550776
1.0296074131,-16.1325181948
1.02632199888,-15.5931969562
1.04169773611,-22.6651074643
1.02130032087,-10.9437964268
1.02953464664,-16.359108422
1.02858460872,-15.1538161252
1.03061944002,-15.7602512342
1.02928475834,-15.3257284286
1.02806345224,-15.838884513
1.03015961872,-15.1990637784
1.04216070634,-22.5793280894
1.02031295921,-10.8781333638
1.03371019854,-16.2854525252
1.03087851243,-15.5797791661
1.02881580049,-16.0080544173
1.0290156648,-15.6667151112
1.02812615566,-16.0294981515
1.03267185673,-15.6285102411
1.04017128194,-22.6286858076
1.02135601879,-11.0600873571
1.02406088051,-16.2573163447
1.02869199527,-15.8350836468
1.03323154167,-15.7654135768
1.02661448362,-15.6655235806
1.02947090676,-15.916013305
1.03031688139,-15.7232337778
1.0408423132,-22.5142305932
1.01852836995,-11.0320612944
1.02794570591,-16.1234285593
1.02978694679,-15.5359988373
1.03333632757,-15.5513579679
1.02762681402,-15.2864061117
1.02918861654,-15.7896547191
1.02869129125,-15.541156017
1.04285969113,-22.5418218489
1.01927664707,-11.1752510625
1.02922885723,-16.2088188299
1.02702274874,-15.2788783154
1.03045587541,-15.7312107885
1.0291180359,-15.5750845048
1.02562520324,-16.0406054672
1.02723673418,-15.3711098314
1.04362670346,-22.6810907909
1.02251263319,-10.6430671321
1.03005922011,-16.2137086797
1.03089433818,-15.5152517373
1.0302989388,-15.8893745708
1.027383152,-15.4599124184
1.03112417966,-15.7886457104
1.02848267279,-15.7156402133
1.03969123874,-22.4876737679
1.02137375184,-11.2582180826
1.02914453692,-16.4500404584
1.02928948336,-15.5075426514
1.02919590837,-15.7720824109
1.03045088868,-15.288845973
1.02951977018,-15.6960503774
1.03232398561,-15.1683839443
1.04384390656,-22.4250151186
1.0188436185,-10.8167546935
1.02928254786,-16.1455316901
1.03425749336,-15.3371200273
1.02980912447,-15.7071671064
1.03042364738,-15.7798940244
1.02723085758,-16.0261562352
1.0310752451,-15.6449528394
1.03926640611,-22.6510986787
1.02479361784,-10.8387504733
1.03107062896,-16.4091690126
1.02815150935,-15.4625695571
1.02933908008,-15.8509955209
1.02959873053,-15.6514870894
1.02653123838,-16.0895249883
1.02899175389,-15.9238866512
1.04602961921,-22.5013758676
1.01990494607,-11.1436850501
1.02997441577,-16.0779115539
1.02811225487,-15.6665744996
1.02739957098,-15.7937054357
1.02679254763,-15.2896580501
1.02881179753,-15.8430599879
1.02976421563,-15.2797769238
1.04529797475,-22.5023050445
1.02417656984,-11.1113544035
1.0343417325,-16.21762233
1.0321467926,-15.5668537941
1.02809185628,-15.5159469579
1.03127808986,-15.3704883285
1.03066351202,-15.9051749909
1.03205647478,-15.4417840355
1.04550438031,-22.6199428223
1.0220300216,-10.9793081182
1.03150931695,-16.096126574
1.03280482774,-15.6766283754
1.03137299027,-15.8763159356
1.02961858819,-15.7537332705
1.02777879566,-16.0567539574
1.02896932256,-15.5330566742
1.04128285448,-22.3254484786
1.01976775509,-11.1822069962
1.03058593834,-16.0447417193
1.02692912418,-15.6812405052
1.02906838571,-15.6005009848
1.02780577325,-15.3434896349
1.02803344733,-15.5477974742
1.0294002712,-15.7728096674
1.04063518445,-22.4446766388
1.02279253721,-11.2081256925
1.02900102253,-15.874665663
1.03147113489,-15.4284577354
1.03055354626,-15.416378342
1.02869960922,-15.5493113324
1.02775721167,-15.7717961248
1.03092290153,-15.4949890783
1.04353394456,-22.3419082706
1.01923076551,-11.0724644335
1.03039050936,-16.1718224479
1.03086009176,-15.6498988053
1.02877305089,-15.8068540414
1.0277385111,-15.4955960452
1.02990388457,-15.8480760888
1.03055053036,-15.5434860626
1.04137577177,-22.6316105565
1.01834125203,-11.2320520059
1.03130212561,-16.0948279627
1.02939642342,-15.5719406644
1.03176961864,-15.8358700469
1.02763952994,-15.6860159999
1.02522634224,-16.2042299329
1.03032269849,-15.6891307182
1.0423366749,-22.4944675673
1.02194520038,-11.2202338333
1.02791427598,-16.3111367806
1.02799577114,-15.7865596555
1.02786738462,-15.9076811413
1.03088944791,-15.9287999966
1.03311302369,-15.9844600701
1.02851493886,-15.775461805
1.04042896689,-22.5751491459
1.02470119202,-11.1591477123
1.03012543582,-16.4468516901
1.030527527,-15.607394789
1.0339247169,-15.7641778658
1.02954711021,-15.6127586726
1.02928484257,-15.9052758081
1.03143101997,-15.3808304864
1.04038439868,-22.4362401013
1.02057880428,-10.9533872898
1.02881361396,-16.2354560939
1.02723490837,-15.8638287013
1.02946442911,-15.7992481703
1.02774328143,-15.6758267694
1.02832729211,-16.2435628305
1.0314874973,-15.5087100639
1.04229896293,-22.425292295
1.02219639982,-11.0658264542
1.03186729899,-16.2439859695
1.02967532602,-15.4376378393
1.02958599903,-15.9607139807
1.03129373971,-15.2070818682
1.02627803262,-16.2026490755
1.03176548005,-15.8166523075
1.04012023784,-22.6565245925
1.02408503784,-10.9031798121
1.03147852463,-16.2047630107
1.03212177674,-15.6438187669
1.03188006377,-15.7233913489
1.03129363952,-15.5805443815
1.02807318597,-15.9200432157
1.02982969225,-16.0176661428
1.04275558835,-22.6588802534
1.02138992067,-11.3020341489
1.03359501441,-16.078945266
1.02943815305,-15.3970453504
1.02870370183,-16.0768523159
1.03255005534,-15.6993522252
1.03065766181,-16.0793127139
1.03228193232,-15.4825854366
1.0439726547,-22.3157778297
1.0174329015,-11.3763918046
1.03403592618,-15.9704217903
1.0329101004,-15.7019080068
1.02910281765,-16.0555475309
1.02796300233,-15.4501909373
1.02919484523,-16.1673272316
1.028266458,-15.7110103685
1.04226330618,-22.2066254474
1.02248736357,-10.995096576
1.03244701038,-16.1650048394
1.03270781273,-15.4802301755
1.02902927031,-15.7175519027
1.02535634621,-15.921285786
1.02924041828,-15.9857453228
1.03204724683,-16.0375924169
1.03922490188,-22.428047798
1.02141648325,-11.2067573167
1.02892555883,-16.0364304019
1.02774797257,-15.7174509985
1.03108399011,-15.7630592027
1.03097657053,-15.7032424861
1.02970642951,-15.9655518478
1.03188810398,-15.3412406581
1.04441140872,-22.5696865631
1.02081798835,-10.9874118879
1.03575481018,-15.8020459357
1.03418563184,-15.6440747866
1.02977475967,-15.5223219842
1.02846883262,-15.2452271215
1.02996336693,-15.8455456031
1.02806043258,-15.9169495872
1.04342342832,-22.2856158335
1.02055191897,-10.9628478713
1.03065057218,-16.3312545203
1.02849313891,-15.7460722809
1.03098920374,-15.8647956547
1.02715767276,-15.5146857813
1.02932700884,-15.7341012827
1.0286927162,-15.5567421272
1.04013779602,-22.5012480696
1.02487730211,-11.3358901356
1.02760214213,-16.20317629
1.03004511847,-15.5042698804
1.02991700012,-15.8220172102
1.0314500418,-15.63393138
1.02768589612,-15.864468624
1.02788708646,-15.9115481428
1.04472429201,-22.4480752704
1.01927888362,-11.0138919642
1.03241252443,-16.2126610542
1.03207992628,-15.7365571524
1.0305825283,-15.6814067982
1.03131015659,-15.2441715679
1.03370862824,-15.8040223065
1.03362891867,-15.4795929873
1.04227965088,-22.4765736578
1.02139951489,-10.9925435114
1.0302096808,-16.3234708959
1.03195055015,-15.3743868072
1.02960090069,-16.059358513
1.03328556739,-15.4313889911
1.02816947394,-15.9910940045
1.0282902087,-15.6027781733
1.0413998399,-22.3517821812
1.02522659665,-10.6341491548
1.03052998132,-16.303921263
1.02964777399,-15.7740395329
1.02749104133,-15.5969805135
1.03004413748,-15.664565317
1.02928949384,-15.7936174569
1.02620782386,-15.729754802
1.0421280878,-22.3550152207
1.02092474635,-10.9550880679
1.03158797171,-16.5300847753
1.03293360597,-15.8541697272
1.03157167255,-15.7443942389
1.03600204704,-15.5810876663
1.03280064274,-15.9120782784
1.02754838715,-15.8493409781
1.04394940626,-22.560637876
1.02289874393,-11.418994077
1.03415116614,-16.1479677009
1.0316202404,-15.7387364993
1.02877266089,-15.699980701
1.02533480752,-15.7131425424
1.0283090519,-16.1459691998
1.03206764244,-15.4752259205
1.04265777877,-22.4486124228
1.02345612613,-10.822886194
1.03468934105,-16.3425949304
1.03003589638,-15.6750189299
1.03358153054,-15.6051353054
1.03274787666,-15.811252423
1.03173839868,-15.8765114064
1.02985025972,-15.4526032126
1.04577994497,-22.4505955303
1.0225165427,-11.1111696293
1.03060497485,-16.0736326381
1.03197038548,-15.5691225989
1.03109823603,-15.7518368236
1.02738474036,-15.6903293594
1.02857797582,-16.0903012738
1.03059389648,-15.5250279637
1.04365428954,-22.4234183134
1.01802298568,-11.0531044062
1.03019483526,-16.113193454
1.03152441689,-15.7359403065
1.03043256802,-15.3768251484
1.02952861272,-15.496530537
1.02745923153,-15.9614979588
1.03029932047,-15.6758423319
1.04671045386,-22.6704849013
1.02043772284,-10.8682934813
1.02926706066,-16.191385155
1.03126989152,-15.456047942
1.03185925602,-15.8115832755
1.03217364588,-15.430578392
1.02973257359,-16.1091675583
1.03041721307,-15.541959544
1.03981580079,-22.4827628396
1.02021094623,-11.1761074023
1.03190956731,-16.2744953405
1.02860196931,-16.1065730237
1.03355882748,-15.8853593915
1.02745133311,-15.8123243714
1.02940785801,-16.0160028542
1.03151400358,-15.770209121
1.04458324656,-22.3393205401
1.02397130053,-10.8972710299
1.03204738635,-16.2445358775
1.02933214936,-15.6047012505
1.03218392508,-15.5531952066
1.03041195879,-15.4025760977
1.02845301018,-15.7259102791
1.03171660473,-15.8489734742
1.04226213823,-22.7162973168
1.01979127159,-11.2228929876
1.03279391695,-16.2946977595
1.03077318239,-15.6568201024
1.03236675856,-16.1528047305
1.03142623451,-15.3967800855
1.02854322395,-15.8761872065
1.03016014647,-15.8559645536
1.04353654502,-22.5827842782
1.02149729652,-11.0794856595
1.02995682918,-16.0346701273
1.03150969231,-15.6777843398
1.03029580104,-15.6881204698
1.03515685088,-15.4109467369
1.0330498317,-16.2121856073
1.02866861217,-15.6449744609
1.04261771889,-22.5194059633
1.02266309975,-11.1344534138
1.02790954391,-16.4001821802
1.02966268861,-15.3882951713
1.03182456429,-15.8716071469
1.03385812215,-15.7972146208
1.03301037012,-15.9426038175
1.03366132693,-15.8689689373
1.04608826454,-22.5765507069
1.02800529795,-10.8904262395
1.0340731806,-16.1357568302
1.03231097893,-15.4696035872
1.03340433656,-15.8511521529
1.03271757627,-15.720129386
1.0336760985,-15.8529468331
1.03551681372,-15.6772213638
1.04949212987,-22.7425730279
1.02409438652,-11.324735009
1.03650955712,-16.022059425
1.03321042139,-15.6906163158
1.03316213614,-16.0286273775
1.03348685424,-15.5239078635
1.03736856759,-15.5754302699
1.03305619452,-15.7313788344
1.04807159858,-22.291183719
1.0236133332,-10.6906646207
1.03170184629,-16.139596031
1.0320313294,-15.7600291317
1.03187913831,-15.8268963918
1.03008085422,-15.7971477409
1.03167562272,-15.5525505737
1.03162034995,-15.7479206622
1.04580798423,-22.4938907027
1.02438111565,-11.0628595608
1.03385538566,-16.1291454394
1.03489890025,-15.5442448833
1.03357456873,-15.574446064
1.03060836521,-15.7409716043
1.03109155025,-15.9276835979
1.03016828888,-15.5487551538
1.04472549365,-22.5788746613
1.02207813522,-11.1023058456
1.03371405258,-16.2536935455
1.03305661197,-15.4332872808
1.03373570443,-15.8049717269
1.03499387752,-15.7733740708
1.03251545944,-15.9281425628
1.03085646292,-15.7617313615
1.04280445486,-22.2056733471
1.02321695997,-11.2000692342
1.03143372055,-16.2791936175
1.03033896223,-15.7330464836
1.03221609737,-16.027913548
1.03097499754,-15.8106562743
1.02993604329,-16.3915489246
1.03312699328,-15.6589589579
1.04384750626,-22.8321706699
1.02200212166,-10.7789634453
1.03089530783,-16.2530258233
1.03294376686,-15.2051384861
1.03145179604,-15.7832038376
1.03027865781,-15.7853342981
1.03109086403,-15.8819245534
1.03375449954,-15.4570958385
1.04472436699,-22.2141347563
1.02048824274,-11.2966797223
1.03067024767,-16.4690798866
1.0378189013,-15.2436328292
1.03325924831,-15.4057592051
1.03086459421,-15.5634302647
1.0324021571,-15.8149342219
1.03240601592,-15.2223871343
1.04316904099,-22.6054138995
1.0242266455,-11.0153684781
1.03354578202,-16.1797270735
1.03330447325,-15.6469203591
1.03062655865,-15.6645309119
1.02882850443,-15.8036799465
1.03208903382,-16.3777678777
1.02990887052,-15.3319799006
1.04214123914,-22.5944991951
1.02503068263,-11.0678247934
1.03303231839,-16.3284893875
1.03095637989,-15.45917932
1.0287586675,-15.876629435
1.02892038046,-15.6165983907
1.03155666075,-15.9222348678
1.03022723657,-15.6687577761
1.04564695987,-22.4422737072
1.02110047169,-10.8201770349
1.0297025284,-16.3191369511
1.02941826047,-15.4184558
1.03014063092,-15.9312192475
1.03185599274,-15.3415279378
1.03000267087,-16.0358383935
1.03218410059,-15.4729716919
1.04658222514,-22.1582843961
1.02083754969,-11.1319814257
1.0327167213,-15.9344186145
1.02869865323,-15.5383596458
1.03277484077,-15.6885224531
1.03075082975,-15.4653000236
1.02745633387,-16.161915959
1.02959618548,-15.126142124
1.04434840472,-22.8014403151
1.02377647758,-10.6271308877
1.03233184595,-16.3236565287
1.03017095029,-15.5680784464
1.0341287969,-15.6440814035
1.03137509792,-15.4792983029
1.02688633516,-15.8303833481
1.0272375878,-15.5760116458
1.04433836405,-22.3597370339
1.02278159941,-11.1494742434
1.03017401646,-16.3303044579
1.03011187761,-15.4489000265
1.03066015302,-15.687645581
1.03187034039,-15.3192434684
1.02718690811,-16.004412829
1.02887537858,-15.4624632319
1.041098863,-22.6206644828
1.02192219301,-10.9085575506
1.03007836269,-16.0420617307
1.03114484451,-15.2699481093
1.03198488945,-15.9246983555
1.02860501145,-15.6954518942
1.0321924669,-15.9924754753
1.03041178138,-15.5408225981
1.04692526809,-22.3276628264
1.02346658361,-11.0879734729
1.03074186209,-16.0764338083
1.03323759453,-15.6619532585
1.02876161366,-16.1069031946
1.02808357808,-15.6590110055
1.03380738869,-15.9636593427
1.02855326473,-15.326527213
1.04513746627,-22.4955118421
1.02036970271,-11.1352681223
1.0301503542,-16.3200896048
1.02836884881,-15.2929406081
1.02953462282,-16.1039257078
1.03029097324,-15.4152638537
1.0307670315,-15.438129509
1.03080228732,-15.6076884025
1.04222456311,-22.6330657478
1.02115692604,-10.9627875499
1.0323427144,-16.041494941
1.02770909193,-15.6369629171
1.02981252628,-15.6788858444
1.03135482801,-15.5367339371
1.03448910831,-15.6173489226
1.03539330222,-15.646331516
1.0462603274,-22.412624629
1.02256713671,-11.1379446192
1.02952990521,-15.9952631509
1.02764996154,-15.5690916513
1.02839805452,-15.8074306948
1.03381435191,-15.5938214928
1.03344077223,-15.58004686
1.03214678282,-15.3147259906
1.04303467475,-22.7443284769
1.02155519418,-10.9118816309
1.03073345165,-16.0953413186
1.02505319754,-15.8655737615
1.03055708448,-15.5686844294
1.03155035313,-15.4738296686
1.03034696387,-15.8984963928
1.03022865169,-15.5809356559
1.04359672537,-22.3841945377
1.02484818592,-10.9175825497
1.03146912006,-16.0923535359
1.02912909587,-15.955006605
1.03370552328,-15.6851058727
1.02715027467,-15.2151242123
1.03388911348,-15.4254938427
1.02997591291,-15.7327224351
1.04423130672,-22.3425842343
1.02345240946,-11.2080554297
1.03566947281,-16.0066923415
1.03184994644,-15.4986567881
1.03214250754,-15.5958120359
1.03412778141,-15.6097545737
1.02721151467,-15.8008830421
1.03125582448,-15.65998177
1.04711005492,-22.3235731361
1.02359523012,-10.885620817
1.03047306828,-16.2298087084
1.02868069917,-15.5387253427
1.02789132033,-15.9923851367
1.02814448792,-15.2816424975
1.03143506646,-15.9630581766
1.03156386044,-15.4171919936
1.04238347194,-22.5738459408
1.02129260835,-11.1288471025
1.03157214469,-16.3753057413
1.02900497929,-15.6549307769
1.02983331489,-15.7492587712
1.0306197415,-15.4036978213
1.0300723563,-15.7212419261
1.0300075692,-15.4666774845
1.04377254416,-22.5931344961
1.01554422999,-11.1044603335
1.03323443749,-16.2840892132
1.03370236814,-15.4416654078
1.02859554546,-15.6926634194
1.03163772512,-15.1175850684
1.02895955922,-15.7371337532
1.03089234769,-15.3743412113
1.04561646415,-22.2964315652
1.02173260715,-11.3611213139
1.02911415603,-16.1248525058
1.03439580617,-15.5912974598
1.02601441709,-15.6921334107
1.02847054142,-15.5336581896
1.02960735186,-15.9057888982
1.02912998075,-15.6346121168
1.04225219846,-22.3314176084
1.018129584,-11.125600485
1.03016875548,-16.0299147879
1.03079475638,-15.3617875123
1.0309813054,-15.7780948577
1.02763287147,-15.8428000422
1.03023875364,-16.2572140883
1.03274048891,-15.7046800515
1.04453025802,-22.1472232132
1.02116663626,-10.7714251208
1.02971255406,-15.9454910694
1.03029191791,-15.484045601
1.02939639163,-15.8167429565
1.02987358314,-15.6160550264
1.03287419086,-15.8069987978
1.02595936336,-15.589146379
1.04065977969,-22.2934178135
1.0222974404,-10.8585512623
1.03061173704,-15.8652312654
1.03237788123,-15.5179509085
1.02739693537,-15.5455486962
1.02860674268,-15.7370261311
1.02998673088,-15.6868343264
1.02741698008,-15.4524491791
1.04261709707,-22.3761687473
1.02060022547,-10.9668147712
1.03109600298,-16.1027064016
1.02992763765,-15.6543504358
1.02703784913,-15.6635052686
1.0272872612,-15.7630768373
1.02901410283,-15.8002553149
1.0295701557,-15.7667282314
1.04177561753,-22.4105083752
1.01941323598,-11.3298620479
1.03021114781,-15.9559216061
1.02874525576,-15.4748701538
1.02900746319,-15.8362094063
1.02949065445,-15.3379088494
1.02897259536,-15.9263792162
1.02780804726,-15.6234964032
1.04105220613,-22.5664706586
1.01934332065,-10.9619700626
1.02861368119,-16.2554437059
1.02816499951,-15.3105640188
1.02953407517,-15.5521104728
1.03222712589,-15.6686391078
1.02933727345,-15.628486889
1.02796496197,-15.3628801379
1.03956604173,-22.2708968205
1.01736590762,-10.9941966757
1.02905005402,-15.8014844215
1.02897643695,-15.5748274489
1.02823262667,-15.3353849912
1.02747198833,-15.4473172858
1.03268702638,-15.6700433692
1.02835635468,-15.3816306514
1.04359344102,-22.374879862
1.01893441435,-11.0565181577
1.03161072546,-16.1327366549
1.02680835203,-15.5156900389
1.02609950002,-15.8370217456
1.02885935525,-15.4634474585
1.03006150197,-15.8650271417
1.02805015475,-15.2877179093
1.04133097163,-22.4926391622
1.02292283419,-10.7695996275
1.0285617753,-16.0473289593
1.02936095427,-15.5536603876
1.03082818586,-15.5549428744
1.02424500115,-15.6716260226
1.02780985229,-15.8962636883
1.02895618263,-15.2419456263
1.04026154423,-22.4535859601
1.01868572987,-10.8966261076
1.02807729426,-16.0017736932
1.02685200334,-15.3959569556
1.02962774039,-15.5149870154
1.02971584783,-15.5367190032
1.02650637272,-15.6804173768
1.02500840765,-15.3388490608
1.03751641418,-22.3690146915
1.02029444817,-10.9888543018
1.02956257344,-16.120058059
1.03037426154,-15.479561241
1.02924596921,-15.7012205517
1.02626547666,-15.360775812
1.02907769669,-15.4502603672
1.02744456102,-15.6144369651
1.04017661491,-22.6256475918
1.01999372897,-10.8614353725
1.02804341293,-15.8240910926
1.02807453961,-15.4931016327
1.02599923971,-15.3535961199
1.0295087167,-15.3958877773
1.02848380963,-15.6749136676
1.02760491043,-15.0283188481
1.04103133654,-22.4402621294
1.02047576801,-10.8446584416
1.02510490928,-16.0941320471
1.0254648008,-15.2356108681
1.02883372518,-15.7252878477
1.02724882512,-15.3736997646
1.02925344289,-15.8968169765
1.02947925234,-15.3356523936
1.04339360284,-22.0824598484
1.0180981054,-10.9634555787
1.0296575367,-16.0834423085
1.02394597312,-15.6009065959
1.02702759717,-15.8759838481
1.03284603359,-15.3105644081
1.02669209843,-16.4665559481
1.02895578108,-15.3662954169
1.03960627238,-22.5275295269
1.02118535123,-10.8884562267
1.02986556714,-16.1428156187
1.02675522501,-15.5314033812
1.02791813543,-15.7025118749
1.0226075822,-15.2003954063
1.02617123914,-15.9114047217
1.0259215723,-15.3446655474
1.04200364545,-21.9560775732
1.02051093419,-10.9154464672
1.02866293372,-15.8346497256
1.02862228718,-15.3192256533
1.02659983408,-15.8175473023
1.03051319837,-15.49901226
1.02807693531,-15.9799902675
1.02481169628,-15.2942182611
1.0367530088,-22.204031027
1.0164392489,-10.9490983372
1.03168643934,-15.952020078
1.02705456753,-15.4724370358
1.03106568675,-15.6684504762
1.02716343573,-15.1802856982
1.03137818035,-15.7151807919
1.02779251081,-15.4755343482
1.04070898524,-22.5657131377
1.01776794953,-10.7047165767
1.02653142576,-16.0947569185
1.02852548764,-15.3870231561
1.02463222182,-15.568800836
1.02841556135,-15.4047431437
1.02692299411,-15.8022519292
1.02554936649,-15.3819911355
1.0440074311,-22.1853971899
1.01916184192,-10.8227387862
1.02921381534,-16.2181525188
1.02537063318,-15.1941287419
1.03067031428,-15.6973153615
1.0258242351,-15.2462426275
1.0295018557,-15.8101189626
1.0295438346,-15.5542219437
1.04174677329,-22.1978345362
1.02121763366,-10.8759147731
1.02643309629,-16.1418151016
1.02944952965,-15.494260672
1.02773731699,-15.7886506871
1.024639492,-15.493621657
1.02754582349,-15.7135692569
1.030034104,-15.6436883609
1.04098009246,-22.3045460123
1.01473690013,-10.6800768316
1.03234364623,-15.91912735
1.02597866225,-15.4043520768
1.02960062469,-15.5142679434
1.02528581924,-15.4982272677
1.03062527996,-15.2443835535
1.02702747755,-15.2767628783
1.03901986677,-22.3950013561
1.02144120209,-10.4464978317
1.02907783729,-16.1011358458
1.02460965717,-15.4409085699
1.03023541121,-15.4149309808
1.02846493627,-14.8900459228
1.0280749948,-15.6833295971
1.03272835607,-14.8450688138
1.04124549081,-22.2606090285
1.01819458188,-10.7701333768
1.02802631263,-15.9971066119
1.02749220777,-15.008980733
1.02953815217,-15.5889607844
1.02350344932,-15.2581352089
1.03127903572,-15.9478583038
1.02753459464,-15.2259024381
1.04322877132,-22.2168087778
1.01696023181,-10.7397221425
1.02513519602,-15.9414562644
1.02557500829,-15.0751212301
1.02807371858,-15.6953958045
1.02874041307,-15.1903561225
1.02689834798,-15.8760006213
1.02539780802,-15.3989101481
1.04174423609,-22.2321439774
1.02162163418,-10.8819689037
1.02927091839,-15.8195031447
1.02767180582,-15.5687169473
1.02723476286,-15.5539865987
1.02622999067,-15.3051709821
1.02737001428,-15.5161715803
1.0243012569,-15.3943700111
1.04249909036,-21.8584125119
1.01968687957,-10.7002769133
1.02991540337,-15.8810309247
1.02669234495,-15.4341614745
1.02959101326,-15.8091706516
1.02954663252,-15.4063629955
1.02879857504,-15.2575099107
1.02506980706,-15.4313370641
1.04019367753,-22.2268126514
1.01718846336,-11.1878702599
1.02784040324,-15.7560079733
1.02867636363,-15.3068317877
1.02530640267,-15.5405748743
1.02640675968,-15.2674462327
1.02691270233,-15.7663818044
1.02969831629,-15.1637604696
1.03966398416,-22.3473057445
1.02046753608,-10.8090136284
1.02747677907,-15.9017729346
1.02660821816,-15.2983942935
1.02516792149,-15.5315956216
1.02731115032,-15.5246126606
1.02637835016,-15.5546680647
1.02501857161,-15.059227168
1.04161755201,-22.3833541431
1.02271073951,-10.4948526554
1.02690709945,-16.094217143
1.02965499275,-15.1481488729
1.03128602148,-15.338183042
1.02330265257,-15.3711357037
1.03091233171,-15.7902473281
1.02942987727,-15.0312234253
1.03644449592,-22.1418150688
1.01923773909,-10.5688855107
1.0259620085,-15.6883461366
1.0245896467,-15.4002425539
1.02467719303,-15.442742727
1.02942428122,-15.2290593723
1.02529683939,-15.5717674196
1.02545086404,-14.6972051467
1.03680134288,-22.2996357835
1.01746234529,-10.5405362
1.02596148583,-15.8263040601
1.0287452578,-15.2291375451
1.02517525326,-15.4803624665
1.02487019405,-15.0484798003
1.02771949284,-15.4574557213
1.03150789679,-15.3209744787
1.03743263605,-22.5194071706
1.01928042792,-10.3691859937
1.03023561672,-16.2351889366
1.02604936597,-14.8885181253
1.02411070688,-15.6616960391
1.02194595939,-15.3389687974
1.0256714131,-15.5526504383
1.02280229136,-15.3146984091
1.03868890576,-22.2292460326
1.01878498391,-10.5837548845
1.02474110774,-15.9001757312
1.02675521271,-14.985533036
1.02458190944,-15.4558597205
1.02486148357,-15.0919273904
1.02504044084,-15.6537088897
1.02173613211,-15.1748159912
1.03762431054,-21.8923811528
1.01752266713,-10.8923197728
1.02626877656,-15.8888512927
1.02449203328,-15.1257484284
1.02301190807,-15.4442531715
1.0251045094,-15.5182614085
1.02649253701,-15.6372551168
1.02165420503,-14.9820313475
1.03988346305,-21.821233102
1.01616246779,-10.7682584708
1.02407817764,-15.5397485584
1.02596343468,-15.2095491146
1.02771757841,-15.6069907275
1.02355101337,-15.2975658653
1.02603852156,-15.5934991827
1.02252019411,-15.2391280824
1.03824411453,-22.0940401849
1.01862022909,-10.4739647341
1.024425331,-15.5566860684
1.02683953254,-14.9079811635
1.02956438867,-15.645451985
1.02528752072,-15.2882762554
1.02397371806,-15.5289179074
1.02486999854,-15.3306296882
1.0385715782,-21.8624530356
1.01366505713,-10.5057053387
1.02756096992,-15.8698871398
1.02251927126,-15.2301163121
1.02919928438,-15.3127641012
1.02813564599,-15.1192975878
1.02837741098,-15.282659674
1.0262686297,-15.2743590251
1.03857381813,-22.0350889086
1.01564689583,-10.6034551618
1.02518711141,-15.8695782761
1.02453718388,-15.3781075722
1.0214676536,-15.2660243043
1.02502127513,-15.2331047617
1.02243190615,-15.535570975
1.02620234751,-14.845285081
1.03814977111,-21.891548106
1.01473207927,-10.4562897264
1.02558698586,-15.1900432966
1.02427626728,-14.950451923
1.02584764876,-15.3578163792
1.0270597631,-15.2513496852
1.02332274737,-15.4579146859
1.02418906555,-15.0211579496
1.03539926821,-22.0509906713
1.01464485581,-10.4119490335
1.02567084393,-15.4488207729
1.02617264644,-14.7692972736
1.02394364894,-15.409516287
1.02474217701,-15.3196459853
1.02516251864,-15.3762775288
1.02497424563,-15.1891236875
1.0355048973,-21.9647932051
1.01441037379,-10.3304905931
1.02441251645,-15.8309168275
1.02416255464,-15.1944961981
1.02552873118,-15.4339581755
1.02230873568,-14.7189168883
1.02359614493,-15.4587661973
1.02678986007,-14.8049810181
1.03827361508,-22.0673673746
1.01569935983,-10.5218195107
1.02739012756,-15.3451151848
1.02263261323,-15.1100995721
1.02851900675,-15.2062801726
1.02461315909,-14.9378800015
1.02445181322,-15.3728887123
1.0218474197,-15.2152807101
1.03783993661,-21.9951304241
1.01624427436,-10.6532920506
1.02456022471,-15.7544118269
1.02373106637,-14.7952581542
1.02353495935,-15.4172036637
1.02488532771,-14.9458545616
1.02610047977,-15.5407969975
1.02081970826,-14.8362082898
1.03881267505,-21.8027815206
1.01522223496,-10.2205447242
1.02533957893,-15.5955749694
1.02086969833,-15.1562892167
1.02762596533,-15.5739673194
1.02716785959,-14.925116117
1.02421267266,-15.7175264638
1.02462173713,-15.0637521488
1.03815926408,-22.1126621766
1.01360362937,-10.5661401372
1.02323060381,-15.7202203513
1.02500056325,-14.8576525368
1.02555205992,-15.3703395511
1.02560051384,-15.0395297506
1.02313357514,-15.2913407086
1.0226179351,-14.8075565073
1.0326406947,-21.8571558116
1.0125310258,-10.5698720652
1.02714472966,-15.4869608683
1.0200141848,-15.0343020607
1.02058672765,-15.140411097
1.02292301625,-15.21979722
1.02486585026,-15.1448386745
1.02658977819,-14.8815223949
1.03469148818,-22.143840052
1.02108473653,-10.0309699134
1.02315712916,-15.4285890297
1.02376784814,-14.8335208021
1.0247903503,-15.3538161596
1.02180101698,-14.6391369189
1.0261852519,-15.2387846274
1.02470923671,-15.1233461304
1.03370468077,-21.7084750134
1.0132272941,-10.4854270845
1.0253564076,-15.5863375503
1.02535552121,-14.7912805111
1.02065713366,-15.4645325641
1.02457506193,-14.8299683036
1.0235817437,-15.460215154
1.02158713681,-15.0374631995
1.03781119713,-21.764436425
1.01490921418,-10.5521521556
1.02556574623,-15.6484940875
1.02046351255,-14.8958753112
1.02259459333,-15.2085412164
1.02135735763,-14.8415154308
1.020373274,-15.4230641
1.02454619495,-14.7879250061
1.03770678882,-21.8026429128
1.01692375046,-10.347440266
1.0211445353,-15.6560644347
1.02967730156,-15.012993489
1.02170920322,-15.2246266554
1.02161133747,-15.1008680396
1.02248546514,-15.2826133123
1.02296863274,-14.8290333508
1.03799815409,-21.861751997
1.01687764375,-10.4836549674
1.02403743644,-15.4947744198
1.02447476177,-14.9668250034
1.02257696758,-15.2600260481
1.02332944206,-14.9073530579
1.02371532393,-15.3388192328
1.02506700203,-14.8106058037
1.03672589685,-22.0567725915
1.01542953082,-10.4913185801
1.02446942886,-15.1765441541
1.0234296345,-14.7020018649
1.02584102314,-15.0726744248
1.025230814,-14.7166287005
1.02208116538,-15.3972926874
1.02258159123,-14.9569075498
1.033930687,-21.5511171709
1.01597050186,-10.1625568298
1.02445714375,-15.3616617411
1.02448413378,-14.8175153737
1.02457966936,-15.1911493862
1.02072082316,-14.9535383239
1.02589703239,-14.865958527
1.02075998958,-14.7471373637
1.03803699422,-21.6093960706
1.01657667736,-10.4522736016
1.02691102038,-15.0884918597
1.02336434558,-14.8527465022
1.02333628253,-15.1444735103
1.02357017109,-14.7402666464
1.02341143011,-15.3302201297
1.02534525755,-14.9835730588
1.03624123282,-21.5385497777
1.01577615907,-10.5257796143
1.02308037273,-15.4623273484
1.02332324726,-14.8508792573
1.02408032896,-14.9582238942
1.02203143813,-14.6057697659
1.02514282264,-15.3765237925
1.02009967698,-14.6571958099
1.03414447774,-21.7575128602
1.01379567507,-10.5579241027
1.02491644392,-15.2893400475
1.0206465868,-14.9409786197
1.02290091778,-15.0961680383
1.02241289414,-14.9113163789
1.02143306642,-15.1744356595
1.02089648837,-15.0532359813
1.03502847308,-21.8580989344
1.01245465049,-10.2962985314
1.02293057631,-15.4043473224
1.01998701264,-14.7815348298
1.01847604082,-15.1084955637
1.02175393507,-14.9402031257
1.0207852538,-15.4309055405
1.02309976837,-14.8085565653
1.03595280858,-21.9174377578
1.01877199832,-10.2400248303
1.02218564199,-15.4827429245
1.01926311212,-14.6772943805
1.02204488514,-15.2309598695
1.02290713667,-15.1039520302
1.02498303383,-15.220178175
1.02563769268,-14.7098034671
1.02920232615,-21.7007019968
1.01511474308,-10.3798964027
1.02429262685,-15.3934770478
1.01601998845,-14.4630657125
1.02190445721,-14.8932895257
1.02070491923,-14.4482287458
1.01982035577,-15.2179278987
1.02182159138,-14.6660826503
1.0310565881,-21.8586273937
1.01317311972,-10.1446656616
1.02440601659,-15.2315617863
1.02156237973,-14.963163895
1.02219349934,-14.9818485334
1.02549422,-15.2818728998
1.02683826459,-14.6889308236
1.02249479003,-14.7663321977
1.03884484931,-21.5608034587
1.01546334581,-10.0054239319
1.02128607592,-15.5901379119
1.02653535143,-14.6267938341
1.0258049655,-14.8544750835
1.02215645786,-14.9412720805
1.02283834598,-15.0039042114
1.02056087048,-15.1055854346
1.03414999734,-21.3261301412
1.01207497829,-10.0605259642
1.02323481341,-15.4012621654
1.02156341742,-14.7246110272
1.01919827006,-14.891818161
1.02028015915,-14.9143968995
1.02553049832,-14.9195325465
1.02036167237,-14.574658564
1.03667537406,-21.6983080074
1.01220018515,-10.2314303102
1.02090440189,-15.3504534825
1.01963689874,-14.5255999792
1.02180413956,-15.211411076
1.02205434865,-14.4006997549
1.02186170538,-15.1142084066
1.02554717028,-14.7723997687
1.03391295246,-21.6937276778
1.01520151317,-9.94251641756
1.02150757951,-15.340987778
1.0206358752,-14.8800348157
1.01992102102,-14.7831010695
1.02414395527,-14.4190554582
1.02272009034,-14.8248922219
1.02024931289,-14.408407993
1.03532705615,-21.5213114041
1.01146676919,-10.1832638379
1.01927453928,-15.3327420119
1.02362544035,-14.751351721
1.02000663246,-14.974909941
1.01843361709,-14.7468636053
1.02519901336,-14.9537636287
1.02008862742,-14.2932880826
1.03362930672,-21.558667238
1.01206812415,-10.5848269422
1.0222709772,-15.3185367876
1.02041460115,-15.0276267087
1.02036370916,-14.7650533875
1.02373771381,-14.7756457321
1.02184979123,-15.1267597779
1.02414974551,-14.8985106309
1.03887014075,-21.6070266593
1.01687002323,-9.83899808085
1.01867433989,-15.1416005493
1.02098484404,-14.3979443719
1.0234606528,-15.3263062217
1.0195827757,-14.6434097716
1.0205860816,-15.3412409181
1.0213297918,-14.8434054595
1.03406767182,-21.5105352169
1.01538241807,-9.8700924439
1.01993907636,-15.4694454113
1.02027951165,-14.7961291024
1.02110049571,-14.9424824256
1.02179601139,-14.9888784961
1.01936980142,-14.9346764011
1.02178644528,-14.6973037463
1.03409327836,-21.5686455737
1.01199602826,-10.527635893
1.02093935522,-15.1501280457
1.02458573429,-14.5815138765
1.0223822283,-15.0529854865
1.01795416738,-14.7804967695
1.02097902226,-14.9173250111
1.01927808337,-14.7453715526
1.03042092835,-21.7604608005
1.01063483145,-10.0321944746
1.02109292706,-14.9681186496
1.01893642488,-14.9826641494
1.02150062209,-14.6691559
1.01946218363,-14.6881220214
1.02229753725,-15.2271202971
1.01956310373,-14.5270882852
1.0342436118,-21.5450266984
1.01225630192,-10.1165035609
1.02167019441,-15.2793870184
1.02109507819,-14.6543367972
1.02173182881,-14.7928140742
1.01714187551,-14.6747461602
1.02247662656,-15.0271255831
1.02054176597,-14.6501049958
1.03468471284,-21.4757846442
1.01345360046,-10.3240805614
1.01886933805,-14.949619654
1.01739625844,-14.6151426619
1.01923715613,-15.1017032529
1.017908961,-14.6518274758
1.02000867526,-15.12426969
1.02174258532,-14.5576868102
1.03227198641,-21.5073035184
1.01619078206,-10.0427689574
1.02425967645,-15.066409894
1.02039275848,-14.3765055223
1.02355491288,-14.5494824641
1.01644121431,-14.54989458
1.02422438457,-14.9562040474
1.02129982735,-14.3341406727
1.03223203156,-21.6009666374
1.01123174424,-10.2872404714
1.02085358046,-15.1409624851
1.02085103132,-14.4486545412
1.01907534709,-14.7067395981
1.0220056792,-14.6068504896
1.02175878359,-14.9969784781
1.01970788245,-14.4355802404
1.03448756679,-21.5780173834
1.01385619801,-10.0631262666
1.01867486021,-15.3119512439
1.02105734607,-14.5919905065
1.01819451428,-14.9283930096
1.01937776596,-14.3227368868
1.02000796432,-14.6849936277
1.02025762437,-14.7770909109
1.03313352479,-21.3715422043
1.01400646658,-10.0871816958
1.02137062224,-15.321725816
1.02228425115,-14.3022886581
1.02021807813,-14.9465324692
1.01880529618,-14.5400392336
1.02033901423,-14.7548214258
1.01969058679,-14.3544659675
1.03263601422,-21.434949718
1.00997085169,-10.2001812771
1.02130023553,-15.048839304
1.02378906864,-14.6190987812
1.02307682069,-14.4095768918
1.02235287843,-14.561670799
1.02103310956,-14.9093638923
1.02207724692,-14.2489141546
1.03331366534,-21.3080255895
1.00944694759,-9.96252175042
1.02197597318,-15.2405947614
1.01725568891,-14.4648036432
1.01911854251,-14.7838940563
1.01967471354,-14.5189029826
1.01726204927,-14.958221407
1.01843465363,-14.3920827553
1.02837173429,-21.3180671103
1.01129064994,-10.0328620116
1.01561992444,-15.1171540835
1.01880685599,-14.6848895442
1.01822112568,-14.7951588188
1.01789345096,-14.5044509978
1.01764810398,-14.6533952591
1.0197399783,-14.4888512962
1.03018113216,-21.6039806311
1.01241326238,-9.73997396273
1.0170408279,-15.1821284409
1.01819382177,-14.4081053394
1.01571147356,-14.7800641686
1.01705188583,-14.3908774255
1.01655252209,-14.7106098927
1.01695431836,-14.3553473991
1.02819124458,-20.9885907108
1.01031069179,-10.0307514594
1.01847275728,-15.0576487229
1.01767107892,-14.4083142951
1.01888857649,-14.8109605211
1.01883585057,-14.5951696091
1.0200258888,-14.7674855295
1.02338702447,-14.3795746286
1.03119855474,-21.0458422336
1.01272774713,-9.94779223792
1.01971315408,-15.4618345048
1.02302664004,-14.2193948642
1.01954409997,-14.5614876295
1.01636319997,-14.227830196
1.01856944957,-14.6658372576
1.0198424774,-14.7287562337
1.02916851443,-21.2973048118
1.01089527772,-9.87408605281
1.02114277739,-14.9168542321
1.0187608097,-14.2126626587
1.01390247728,-14.6482871836
1.01887731468,-14.3440925432
1.01800441954,-14.7204948375
1.01467800914,-14.4070482252
1.03517361306,-21.2513846474
1.00864388758,-9.76815133909
1.0213246943,-15.1245861078
1.01792664371,-14.577671505
1.01856705634,-14.5989520796
1.02059790383,-14.4205060345
1.01892338854,-14.7069989823
1.01997329593,-14.2803754085
1.03107395055,-21.2444498227
1.0104084954,-9.80405807467
1.01909008258,-14.9931129116
1.01661865863,-14.4010833671
1.01598110929,-14.582959188
1.01779687017,-14.3226377482
1.01695736011,-14.7616132573
1.01624941071,-14.3973074913
1.0264798168,-21.3302611854
1.01058131902,-9.69066378502
1.02025835163,-14.8222611765
1.01818583021,-14.4815167837
1.01736149499,-14.7346233447
1.0158117259,-14.5622620948
1.01828872116,-14.7562509929
1.01938076926,-14.6909231291
1.03335653101,-21.206338043
1.01123767332,-9.79534235847
1.01831692202,-15.0343717972
1.01649333607,-14.2840299733
1.02018118701,-14.4998263742
1.02199649646,-14.0089977434
1.02529054708,-14.3379989102
1.01972095164,-14.5731073362
1.03213622222,-21.2785002076
1.01165530314,-9.76467590737
1.02076513126,-14.6155264569
1.01927179391,-14.4224927045
1.01620202338,-14.2851942461
1.02073027837,-14.4388179829
1.01769311916,-14.917514051
1.01654141296,-14.3837079481
1.03222507885,-21.2459555161
1.00895641784,-9.68044507258
1.01878152242,-15.1601245906
1.01974554288,-13.9070494329
1.01922375392,-14.4625589363
1.01898634412,-13.9202139792
1.02244186816,-14.4202590545
1.02188823932,-14.2665837887
1.03048104701,-20.8859156645
1.01012817833,-9.88117087726
1.02095942164,-14.7965760548
1.01826936888,-14.4029345896
1.02347056486,-14.4582428115
1.01782976064,-14.3952450909
1.02306874863,-14.5131115835
1.02073673068,-14.2656131996
1.03621143594,-21.2537280241
1.01223681897,-9.79321082938
1.02000293952,-14.9788541056
1.02109859619,-14.4344499057
1.02075165385,-14.5143659335
1.01777455746,-14.3333612
1.01840493352,-14.9226709761
1.02132572503,-14.5351382124
1.03446574743,-21.0582825138
1.0080175302,-9.99228082673
1.02083691609,-14.709739035
1.02032792018,-14.4078810547
1.02570905711,-14.4205267033
1.02044525697,-14.088591255
1.02099120516,-14.5314819255
1.01884647415,-14.7113663275
1.03507190528,-21.143234506
1.01509242731,-9.77357052188
1.01852438949,-14.7457333587
1.02137143223,-14.3930228893
1.02428843211,-14.1190603388
1.02078290197,-13.9020374288
1.02234810481,-14.5092277582
1.01862202454,-14.1672230882
1.03155541688,-20.9147045664
1.01057440207,-10.0361203954
1.02301902924,-14.9400122826
1.02156586282,-14.4381532421
1.02249425365,-14.3986935468
1.02126714902,-14.2707966076
1.02253161035,-14.2987990356
1.02052277612,-14.2250573484
1.03671764043,-20.8496815161
1.01068986175,-9.69033342267
1.02378829668,-14.7295886374
1.029654119,-14.0528712491
1.02365061728,-14.3242472396
1.02212319173,-14.255885736
1.01883331524,-14.6301517932
1.02475128464,-13.8293941039
1.03934866591,-21.0554238681
1.01408711805,-9.69428264857
1.02605530374,-14.9697259861
1.02330614979,-14.2525016376
1.02201080419,-14.4557689546
1.02304457951,-14.2815002407
1.0279332132,-14.0285130394
1.02465655305,-14.3832004217
1.0426276887,-20.3390666439
1.01440917589,-9.62025133489
1.0259558921,-14.5595954993
1.02490201729,-13.7795353045
1.02637392106,-14.457906902
1.02468459402,-13.9267230698
1.02384815704,-14.4334821392
1.02940058511,-13.9284093261
1.03858480178,-21.2042589603
1.01748950815,-9.73267112926
1.02463357957,-14.3966987984
1.02808284147,-13.8781363394
1.02656510298,-14.3701198693
1.0247406726,-13.9701143578
1.02342976717,-14.4745894877
1.02343698384,-14.0166180889
1.03882147839,-20.8219678716
1.01714362195,-9.72220827139
1.02573530887,-14.7349774205
1.02517989146,-14.3235557174
1.02467554764,-14.2211828815
1.02347157729,-14.3798142755
1.02831073583,-14.6407604485
1.02587840881,-14.1775232278
1.04024810988,-21.055415105
1.01884663978,-9.96418778875
1.02990211989,-14.730939095
1.02699548885,-14.1838471591
1.02588659164,-14.2269469235
1.02756710032,-14.4404558172
1.02761189806,-14.601802403
1.0297390265,-14.090718617
1.03986826092,-20.9392478913
1.02055146941,-9.67446229487
1.02741770113,-14.805425672
1.02887870536,-14.1440579171
1.03054223767,-14.2610515744
1.03170941434,-14.1424334712
1.02796027246,-14.2774290783
1.03106496562,-14.0085498574
1.03889105951,-20.6610536883
1.01964900538,-9.55175228492
1.02925419687,-14.6273461939
1.02767892236,-13.7488467022
1.03165213114,-14.237502044
1.02690908894,-13.9645602394
1.03345738522,-14.3904509083
1.02982654015,-13.9005219285
1.04254304044,-20.7612299086
1.02176877751,-9.58912478085
1.02830184749,-14.8740300417
1.02763304123,-13.891445561
1.03039496712,-14.3269972082
1.02886937116,-13.935705572
1.02962496129,-14.5979818336
1.03000642578,-13.9121603302
1.04246583782,-21.0937367941
1.02451969851,-9.55180074779
1.03306952425,-14.532738752
1.03066440323,-14.0339463294
1.03442807456,-14.3120568154
1.03128279608,-13.9266218284
1.03336032155,-14.4460320806
1.03188371784,-14.1051475235
1.0405582136,-20.934110956
1.02697706835,-9.42820944409
1.03776025872,-14.4399760196
1.03562154156,-14.030375914
1.03923410403,-14.5012112825
1.04078185425,-14.3959243867
1.05033293695,-14.5785857451
1.06018795305,-14.4959867778
1.09006412756,-21.2442768955
1.08565662476,-9.88312275187
1.13159257242,-15.3537619403
1.18894931908,-15.3325363511
1.29556365171,-16.7088357968
