1.37506898003,-13.1147676349
1.25098033708,-12.1386938966
1.1848384698,-11.6512987782
1.1591996674,-19.381727854
1.10677223242,-7.09636009111
1.09905334643,-12.2314079493
1.08872731592,-12.0914175964
1.08456565557,-12.3095984201
1.07790385294,-11.4926716478
1.07786254782,-11.7745756101
1.07378897944,-11.3560084402
1.08619334804,-18.6549383269
1.06826802712,-6.91156318342
1.07283076586,-12.3326436444
1.07021457378,-12.1518394101
1.07128827218,-12.199728006
1.07503251391,-11.3228581606
1.07176243222,-11.917818388
1.07345691073,-11.3716018414
1.08255257235,-18.9133628197
1.06318980361,-7.02551309029
1.07731027153,-12.5100851721
1.06953858842,-12.0000169264
1.06913070811,-12.4548988284
1.06985296376,-11.7227627499
1.0728985482,-12.1752891825
1.06562929445,-11.3178955198
1.08134845773,-18.7617456481
1.0681980958,-6.91230273576
1.07199459991,-12.3386712815
1.06850265005,-12.2474831577
1.07076664931,-12.4244626051
1.06423429134,-11.6742383195
1.07354145445,-11.9503264749
1.06746875545,-11.345547647
1.07807407308,-18.8852284403
1.06232503208,-6.95402707572
1.06912550741,-12.4531901029
1.06587812329,-11.7663700685
1.06562879815,-12.441887921
1.06835731836,-11.4879353453
1.06935484224,-11.9670272644
1.06323626767,-11.6599448616
1.0809555784,-19.0261798023
1.05653719627,-7.21400524695
1.06853074208,-12.5644268627
1.06536358179,-11.9767736933
1.06702719343,-12.6021552008
1.06503234044,-11.6916132372
1.06524175295,-11.9324393466
1.06606977743,-11.1580154059
1.07769822512,-18.6693284261
1.05968497593,-6.94358690503
1.06235520053,-12.3116086371
1.06096369254,-12.1765065721
1.06011234144,-12.389079274
1.05961818373,-11.9045284367
1.06195718423,-11.9503006223
1.06210199143,-11.4871168273
1.07846760032,-18.8123539754
1.05351208069,-7.1095603523
1.06228409598,-12.1940338218
1.06229842959,-11.9189090179
1.06680032242,-12.5665302792
1.06102145969,-11.7998340979
1.06403039996,-11.8577683653
1.06340579061,-11.7514875895
1.07264589487,-18.6245470132
1.05599255687,-7.35576182213
1.06250724866,-12.2222604188
1.05766130367,-12.0369762745
1.05865589771,-12.5500518733
1.06152527528,-11.4750218707
1.05632659333,-12.0012518874
1.06244214553,-11.2394010052
1.07321206259,-18.7957055887
1.04911586008,-7.04340452247
1.05966272303,-12.5937401915
1.0601896789,-11.9943108121
1.05843092845,-12.2768702022
1.06341893937,-11.7215051986
1.06456702404,-11.8930792766
1.05882667033,-11.4780508327
1.07192863796,-18.7146565778
1.05472275266,-6.79975249485
1.06235132367,-12.1446196531
1.06028724435,-11.9064893922
1.05899066356,-12.2800209625
1.05697425054,-11.6747838548
1.05809424945,-12.1525332458
1.05756229653,-11.3856109084
1.0731159395,-18.7887409446
1.0465870469,-7.53472697281
1.05557834903,-12.398283581
1.05361284069,-12.0956467893
1.05989839595,-12.133205736
1.05638047288,-11.957155604
1.05614605624,-12.365142195
1.05488565621,-11.5990516821
1.06845403854,-19.0074458206
1.04626764019,-7.11718469615
1.06138114518,-12.1511922343
1.05510891031,-11.9700167756
1.05603637853,-12.4468494315
1.05515931887,-11.9708494997
1.05777620982,-11.9233010862
1.05553769932,-11.6473758095
1.06753161012,-18.9458599791
1.0447662567,-7.29446525646
1.05794126069,-12.630860782
1.05352072729,-12.0430832444
1.05943804317,-12.3157308477
1.0526121361,-11.9280027725
1.05580978644,-11.896508412
1.05220602314,-11.8235083785
1.06639661143,-19.0233041691
1.04550317004,-7.23571970155
1.05392131435,-12.4183793287
1.05588739308,-12.1738114305
1.0575460973,-12.3341884463
1.05439715973,-11.7353483497
1.05539294583,-11.9403046674
1.05228766772,-11.5617668001
1.06691614105,-19.0811758843
1.04697206242,-7.22179253796
1.05506505057,-12.6066956597
1.05288142016,-11.9926265346
1.05485310222,-12.4240417313
1.05152183544,-11.9897014762
1.05349669415,-12.0483763607
1.0537782623,-11.5282719042
1.0631331112,-18.9619714944
1.04393914197,-7.10207072987
1.05434664667,-12.2319845687
1.04864107107,-12.1122445712
1.04994766144,-12.4598290395
1.04784379814,-11.9543380339
1.05311627371,-11.9542521187
1.05413974678,-11.4351472017
1.06359049119,-19.064822429
1.04420399229,-7.05821786449
1.05448873565,-12.6934228074
1.05576939435,-12.1650813325
1.05228089003,-12.6045621884
1.05078036522,-11.6983325536
1.05336953832,-11.8190489549
1.05138415152,-11.8762250079
1.06207691658,-18.8107678015
1.04356933141,-7.26681690034
1.05227277347,-12.4845388116
1.05145295333,-12.3868737222
1.05683472863,-12.3691885573
1.05689813273,-11.6543987444
1.05472864551,-12.182619179
1.04797105453,-11.7567882804
1.0691143586,-18.8043740493
1.04504636335,-7.0952599563
1.05579150135,-12.4253829129
1.05446327755,-12.0725421573
1.05328770518,-12.6445512746
1.05610632872,-11.8177098392
1.0535947588,-12.4463369956
1.05208878555,-11.5200565939
1.06560614537,-18.9342148177
1.04520694463,-7.54253620753
1.05144335182,-12.6104448754
1.05332867101,-12.2263567493
1.05309553565,-12.614260286
1.05593836448,-11.9456447364
1.05264557613,-12.2965334625
1.05234574291,-11.8031358198
1.06737967492,-18.6924870775
1.04442093283,-7.40715974563
1.05542399817,-12.4306798698
1.05234946511,-12.1008361715
1.05375224716,-12.5252003924
1.05248474481,-12.1842647004
1.05398068158,-12.1020774092
1.04738953891,-11.5515380335
1.06588273336,-18.9207915056
1.0430826714,-7.4305584026
1.05350353072,-12.621525809
1.0543778759,-12.1167291148
1.05326372794,-12.5704909791
1.05020998948,-11.8814420953
1.05644180932,-11.9971311515
1.04864630615,-11.4103637856
1.06370146352,-18.9749164693
1.04355954802,-7.3170270428
1.05249928913,-12.7458792783
1.05051517808,-12.0655507213
1.04979983225,-12.5946042779
1.0515097898,-12.016191879
1.05560266816,-12.0427168656
1.04952375827,-11.4780856073
1.06370508226,-19.1419431678
1.04391473982,-7.51946005501
1.05646935339,-12.6326192189
1.05185913849,-12.3437218485
1.05377433644,-12.516395271
1.0516316836,-12.0460981851
1.05329301284,-12.2937728883
1.05117843828,-11.7314023897
1.06334829725,-19.0151031873
1.043898151,-7.53018170053
1.04985360901,-12.6609678429
1.05361033886,-12.133038417
1.05236177822,-12.4505505972
1.04914742069,-11.888677199
1.05417169403,-12.0750542867
1.05297003782,-11.4350548265
1.06391762616,-18.7982106699
1.04509185244,-7.39558843361
1.05193804177,-12.6494485497
1.05126573262,-12.2009713146
1.05253317358,-12.6549470184
1.05277018732,-11.9638896976
1.05199897002,-12.2057636438
1.05116789685,-11.5998690116
1.06490860326,-19.0965207388
1.04153689842,-7.5035830602
1.05231629775,-12.6282584695
1.05176089761,-12.3456927342
1.05334391819,-12.5054738027
1.05020310805,-12.1835523637
1.05344955146,-11.9623263494
1.0528174476,-11.5559764203
1.0674643831,-18.7204233005
1.04511338178,-7.46587910225
1.05308316134,-12.6031428177
1.05072490038,-12.1719962395
1.05201250511,-12.6323365935
1.05116185304,-11.832189536
1.05749912695,-12.1231803682
1.05470729713,-11.7852818899
1.06540884301,-19.044938753
1.0463114033,-7.5140869092
1.05430249021,-12.7793660258
1.05331474699,-12.0433775136
1.05014463938,-12.9047383189
1.0524997964,-12.2086570276
1.05366547831,-12.328686353
1.05681026579,-11.8102790837
1.06298692213,-18.9622494407
1.04565901699,-7.39378856774
1.05441624901,-12.783009952
1.05160557373,-12.1103334189
1.0542029272,-12.8635089225
1.05207967214,-11.9532334873
1.05037487369,-12.0764982926
1.05217925139,-11.5206335138
1.06659574417,-19.2284419829
1.04564057076,-7.24174043318
1.05348372353,-12.701088213
1.05307361332,-12.3856509928
1.05561544454,-12.7325482563
1.05349290869,-12.2188483689
1.0537512182,-12.3858626707
1.05139809825,-11.7334108148
1.06188935795,-18.7637891117
1.04269330036,-7.45724569153
1.05194945199,-12.5582119969
1.05142917401,-12.3721314748
1.05082672718,-12.6463773187
1.05246789316,-12.022435325
1.05077496939,-12.4393532398
1.0527278236,-11.906401564
1.06226625358,-19.1990466512
1.04140552733,-7.62276442244
1.05324497329,-12.9019398567
1.0504843432,-12.3179101719
1.05617941937,-12.7889157977
1.05152679663,-11.9751816705
1.05704126124,-12.2615164939
1.05220527158,-11.3831453549
1.05969576393,-19.2485404052
1.04356328163,-7.41877496513
1.04945093296,-12.9371517255
1.05238607952,-12.3959521205
1.05272383444,-13.0190384656
1.04806508202,-12.0315077906
1.05478134552,-12.3473419848
1.05368857883,-11.7666385712
1.06460690792,-19.0481533148
1.04404753855,-7.37415677841
1.05311107789,-12.5836137976
1.04985973063,-12.2161827194
1.05058712622,-12.7939892166
1.05261120772,-12.1838886632
1.05443763779,-12.3157710895
1.05139061049,-11.9472005672
1.06060580723,-19.249688734
1.04327907098,-7.44054369304
1.05250391931,-12.426783847
1.05100147033,-12.1595878343
1.05077826393,-12.7187623858
1.04915773438,-12.1634874119
1.04972432468,-12.1288302738
1.04949469214,-11.7114086509
1.06302870034,-18.8426138558
1.04198907985,-7.54210218355
1.05511219529,-12.485697396
1.05117929271,-12.1592598434
1.05264287761,-12.6600972878
1.05023255837,-11.8936953225
1.05139202777,-12.2101906932
1.05246409645,-11.7746266893
1.06154637398,-19.0403820508
1.04120390598,-7.43237292123
1.05268927208,-12.3777912758
1.04739309186,-12.2110510419
1.05381306653,-12.3928120611
1.04999918157,-11.9153325408
1.0529135352,-12.2633017954
1.0524859728,-11.8136053165
1.06198697536,-19.0977819947
1.04691860401,-7.46833722356
1.05288222155,-12.7736260668
1.05208666009,-12.3772594808
1.05106418597,-12.7989000687
1.05174104661,-12.1889616958
1.05277070528,-12.3961303391
1.05037708182,-11.7057509999
1.05983149463,-19.1269960795
1.04112217838,-7.40457962162
1.05132639973,-12.8182508992
1.05754804387,-12.2711528077
1.05120161318,-12.5715309626
1.04906428833,-11.9421208849
1.05175278449,-12.489591487
1.05009758171,-11.5915463462
1.06476087864,-18.9808330871
1.04166242644,-7.37599064916
1.05249140918,-12.7548551855
1.05008631098,-12.21873539
1.04963264088,-12.8255649292
1.05236529907,-12.1196958609
1.05126609664,-12.3721874394
1.0488224021,-11.7333937289
1.06378441777,-19.1104020315
1.04426812037,-7.41603261588
1.0503636009,-12.6380986123
1.04761391931,-12.8069923107
1.05312144135,-12.6851903624
1.05460464765,-12.2652528504
1.05430887137,-12.3133623174
1.04977715201,-11.6476958441
1.06567490689,-19.0530223781
1.0423481121,-7.76588943025
1.04895064878,-12.7328708923
1.0529632094,-12.1763512578
1.05546186761,-12.7622369789
1.04863256228,-12.2247879934
1.050266239,-12.3257366163
1.04967676404,-11.8700919651
1.06528181673,-18.9675702721
1.04798755612,-7.62473278497
1.05207873904,-12.7350786406
1.05132473657,-12.3933318835
1.05429028535,-12.9600117523
1.0502125479,-12.0671100679
1.05056898109,-11.9667377951
1.04937699077,-11.9371608098
1.06231036561,-19.0559240853
1.04354691861,-7.77009852344
1.05474192024,-12.8031047429
1.05010192167,-12.3748656369
1.05033609093,-12.6955167639
1.05726650881,-12.0062159664
1.0530210834,-12.3546714381
1.04874079145,-11.8737940018
1.06492218983,-19.1084844533
1.04183983647,-7.62881006996
1.05063447163,-12.7754547475
1.04965443669,-12.5528575788
1.05191366083,-12.8100981839
1.05036973588,-12.0780107269
1.04980700275,-12.3548444603
1.05111842916,-11.7452726373
1.05977097893,-19.1805735429
1.04203147338,-7.78038024076
1.05018838541,-12.8962335358
1.05200957449,-12.4079514489
1.04997102446,-12.7426632735
1.05051975795,-12.4174667284
1.05265979377,-12.3528105868
1.05014676733,-11.8603730735
1.06252192239,-19.0681157379
1.04793719883,-7.6878512705
1.04920078692,-13.0568095334
1.05482946162,-12.3221043748
1.0508839212,-12.9142569754
1.05153659807,-11.8242069219
1.05381858523,-12.1440699066
1.04887872485,-11.8143665029
1.06316571506,-19.2113599977
1.04050360516,-7.43082054907
1.04821696719,-12.7069676615
1.05022048516,-12.5003705865
1.04996054854,-12.7688822132
1.05115113338,-12.0268202948
1.05338191155,-12.3597286114
1.05368135718,-11.9847549248
1.06139806922,-19.1503336458
1.04314792181,-7.74852329834
1.05351950349,-12.7937463218
1.05031406676,-12.3176249408
1.05086491913,-12.7002099195
1.04845847203,-12.1550667226
1.05213529883,-12.1918681772
1.04912845548,-11.7677651865
1.06197531826,-19.1126483947
1.03930625757,-7.75613590384
1.04695261992,-12.8296607816
1.05238368347,-12.4835388278
1.05055319311,-12.6756537227
1.04794617773,-12.2431735559
1.052694541,-12.1275852395
1.04842675617,-11.8314234612
1.06444324969,-18.7871952954
1.04162218328,-7.3040102307
1.04796851786,-12.648759119
1.04944187755,-12.7487932959
1.04971011207,-13.0737555367
1.04909688486,-12.0381564429
1.05145720139,-12.543325343
1.04977698902,-11.6610679238
1.06070025879,-19.3585832725
1.04312472454,-7.48775906141
1.04914503717,-12.9789323874
1.05117502445,-12.3280502409
1.0491494631,-12.8537176569
1.05031887504,-12.0183382864
1.0491795341,-12.3213279468
1.04483164997,-11.8576415882
1.05867991322,-19.1164311225
1.04036011781,-7.62730357222
1.04985831249,-13.0108141149
1.04885340506,-12.4323410973
1.05110756549,-12.8954905998
1.04904253496,-12.2508575764
1.0542005579,-12.2120307738
1.0490515626,-12.3344321483
1.06464802574,-19.0736158136
1.04335316486,-7.48448812217
1.05114227151,-12.875425011
1.05134053012,-12.5183352418
1.05060049899,-13.065337927
1.05105469466,-12.3419560645
1.0486211635,-12.5440298257
1.04842358198,-12.086822871
1.06148206397,-19.060734053
1.04193702363,-7.86520623266
1.05667948506,-12.4900841529
1.05287118476,-12.4444980072
1.0530174165,-12.7774087263
1.04999342009,-12.0585872417
1.04871402923,-12.377543157
1.05331584389,-12.2377643931
1.05923764403,-19.2050899073
1.04170060362,-7.78529020001
1.05078978435,-13.0582525879
1.05118357676,-12.4404086698
1.04929917849,-12.7460303267
1.04962299384,-12.4391876481
1.05039016257,-12.4554522809
1.0534177656,-11.7770346576
1.06683595314,-19.1632041869
1.04746631832,-7.54129141355
1.05176175057,-12.8753166995
1.05445828926,-12.6687016958
1.05286951498,-12.8524592733
1.04864737529,-12.2454618306
1.05342099292,-12.4902624841
1.05283397329,-11.8788965258
1.0642538501,-19.3446888797
1.0423055878,-7.71591152311
1.05578137012,-12.9739265077
1.05061195024,-12.5957595799
1.05553285806,-12.8990637301
1.05454525251,-12.3711991617
1.051549379,-12.3597924062
1.05274350702,-11.9193480554
1.06286330175,-19.3613022347
1.04040378894,-7.63060466543
1.04906090796,-12.9764593938
1.05335482079,-12.6772619539
1.05681682653,-12.8278657417
1.05095619559,-12.3342362606
1.05356531572,-12.407421896
1.05421403515,-12.1192982703
1.06274600616,-19.1244509983
1.04577891503,-7.54976421124
1.05063139867,-12.8123772693
1.05333869597,-12.6334414471
1.04972747949,-13.214069754
1.04830710743,-12.2794331497
1.04981839232,-12.757489994
1.05069419674,-12.1207375266
1.06001652562,-19.4512468421
1.04281457191,-7.66483618011
1.04872122074,-13.1961859309
1.04777314003,-12.600264366
1.05201801337,-12.9278574887
1.04654375127,-12.0717729794
1.04803608518,-12.7095445262
1.04840947978,-11.8496082764
1.06098361752,-19.2735965294
1.04013596125,-7.83483917049
1.05567156748,-12.824491843
1.04806509892,-12.5484843699
1.05187535307,-12.716543016
1.04927783963,-12.3237547829
1.05181618375,-12.4010238607
1.04899470048,-12.0430244465
1.06233789412,-19.0461976571
1.0438686795,-7.53733216888
1.0497902401,-12.7652229263
1.04790241461,-12.4366354524
1.05201747656,-12.86340572
1.04594011204,-12.3411749544
1.04921715025,-12.6020106822
1.04702810228,-12.1298763506
1.06069112553,-19.314192346
1.04679963733,-7.64230032826
1.0493295433,-12.7897181327
1.05071078868,-12.3784705429
1.05026119122,-12.7920506135
1.05043583307,-12.2867030505
1.0469455072,-12.7184442082
1.0486869411,-11.9578138219
1.06730779819,-19.108432211
1.04440953819,-7.53859530525
1.05251910216,-12.775410824
1.05187482387,-12.5171772027
1.04947321748,-12.8268567984
1.05229344453,-12.0256251189
1.05212136188,-12.3783508764
1.05199348517,-11.9241290021
1.0628872137,-19.0561664624
1.04399883082,-7.7104260966
1.04752107623,-13.04138598
1.04686058873,-12.3725494827
1.05031461723,-12.8262586248
1.04783680574,-12.057661146
1.05052340072,-12.7458165732
1.05241863719,-11.8727924528
1.05999577154,-19.4420011221
1.04092263141,-7.81086331388
1.05296223198,-13.0000719529
1.04571200959,-12.7792001125
1.04880555165,-13.0473351592
1.04706752684,-12.3625144036
1.04710057179,-12.4209026254
1.04805146528,-11.9588138461
1.05999962763,-19.1036441524
1.04025178431,-7.52514855391
1.05253856285,-12.7675065498
1.04949312065,-12.4901308707
1.05369131673,-12.7670685142
1.05104725668,-12.1760170751
1.05134987754,-12.7537883842
1.04818295743,-12.1419094463
1.06353758831,-19.4361611262
1.04324621664,-7.88456977011
1.05519850451,-12.9996316517
1.0552664978,-12.4249940569
1.05353446716,-12.883307074
1.05108975395,-12.4169982541
1.06017861837,-12.5703679111
1.05108254796,-11.9622930903
1.06344589413,-19.4394107022
1.04551853217,-7.75188175097
1.05238686136,-12.9630688416
1.05467079771,-12.695604573
1.05026480164,-13.0627710375
1.05378460119,-12.4344579375
1.0524750557,-12.6186821225
1.05257317045,-11.9916778884
1.0646077092,-19.2792423877
1.04266591904,-7.73452627169
1.05261268698,-12.9716615035
1.04946068303,-12.6068721138
1.05181965195,-12.9553822852
1.05130858527,-12.366252474
1.05403552776,-12.2577372609
1.05194800431,-12.3428919936
1.06256205758,-19.2656424236
1.04411254171,-7.8548133488
1.05412177998,-12.9653696669
1.0542488127,-12.317054092
1.05510090356,-12.8564033978
1.04980467739,-12.3018876406
1.05397901667,-12.3476921388
1.05179769068,-12.0880742069
1.06258747946,-19.1041275784
1.04346484708,-7.75103913208
1.04719123382,-12.8627403602
1.05165535487,-12.542922826
1.05077244459,-13.0904702305
1.0486383125,-12.4493587256
1.04836727604,-12.5618828338
1.0481687576,-12.063062869
1.06234834786,-19.2650452321
1.03403678442,-7.74274647962
1.0454591456,-13.1190751081
1.05188844917,-12.8175927214
1.04928356135,-13.2312544637
1.04385899241,-12.5718130348
1.05092620824,-12.6661310898
1.0491750454,-12.1377678169
1.06332889629,-19.221316483
1.04339383134,-7.49754754522
1.04852112368,-12.8730916869
1.04673648118,-12.755399502
1.05038310184,-12.7912956203
1.04869191882,-12.3850484798
1.05021344014,-12.4934602876
1.05103690767,-12.2303415769
1.06226051028,-19.2071612443
1.03891091794,-7.70330065839
1.05153179032,-13.1604360656
1.0509382856,-12.5738410497
1.04756880443,-13.1554786882
1.04896942534,-12.5696023545
1.05317837823,-12.4182489498
1.04745549242,-12.1181133445
1.05787217719,-19.4779802912
1.04456331293,-7.56092098236
1.04829786661,-13.0015119678
1.04915551775,-12.5626912367
1.0490849359,-13.1704420028
1.04427755992,-12.2188007598
1.05334630556,-12.6137105857
1.04782104198,-12.0624975276
1.06196335371,-19.1869327999
1.04122840265,-7.4976097566
1.05078186189,-12.8483087478
1.04680040958,-12.4375616406
1.04687990034,-13.0570839593
1.04565435722,-12.4525453999
1.04606767536,-12.4062303941
1.0493408987,-12.0656723689
1.06470825262,-19.5303671137
1.04724909204,-7.77438548596
1.04776201906,-13.3422747152
1.05357690748,-12.7522368614
1.05414033473,-13.1240891524
1.05686509448,-12.1123761586
1.05657386694,-12.6203419232
1.05959107597,-11.8576010953
1.07070314371,-19.3838355675
1.0476876218,-7.97878153477
1.0543622051,-13.2244529526
1.05659672037,-12.6047265029
1.05320015795,-13.1678241324
1.05486006477,-12.5996161092
1.04999789249,-12.5651258399
1.05191559811,-12.2278658223
1.06256678251,-19.4058063816
1.04209753646,-8.08423456351
1.04944410151,-12.9209894873
1.04448484993,-12.4176870842
1.04497077676,-13.0161965601
1.05074234157,-12.2955657792
1.04626379569,-12.5699957906
1.04589886339,-12.2184185151
1.05896328135,-19.2267122173
1.04150251166,-7.98249362478
1.04772807048,-13.0481325941
1.05085644871,-12.6178249568
1.04877876865,-13.0590545242
1.05000090717,-12.6219262231
1.05056914657,-12.439963033
1.04750410094,-11.9625657125
1.06372137971,-19.2904338611
1.04355581778,-7.59071660762
1.04959378462,-13.242763976
1.04846681963,-12.6177598138
1.05084759175,-13.0809447305
1.04368666566,-12.4385624998
1.05153450208,-12.5201067788
1.05186668568,-11.9938554828
1.05965993809,-19.6641277553
1.04069721543,-7.74208297548
1.05081025116,-13.1079564058
1.05302024585,-12.5213774296
1.05454456001,-12.9474525655
1.04741788436,-12.6441536576
1.05092530725,-12.6406157117
1.04866300432,-12.2564922743
1.06292135951,-19.5296950568
1.04137643892,-7.81501833178
1.05018019208,-13.2349383747
1.05145897975,-12.4655583396
1.05040539003,-13.2760480738
1.04962433451,-12.4768209917
1.04906614953,-12.8274697407
1.04341381343,-12.4579020239
1.06051665661,-19.5516342906
1.04043899367,-8.06303865504
1.04926441269,-13.2663479507
1.04796284087,-12.8762878837
1.04943973001,-12.875674226
1.05018981291,-12.3228795796
1.05348261771,-12.3164944584
1.04931414844,-12.1970290626
1.05789731367,-19.4461957634
1.04152363831,-7.74661878434
1.04738603657,-13.2794532403
1.05120628879,-12.6140980533
1.05306240626,-13.384871271
1.04820983731,-12.4569652071
1.05161923738,-12.7090181799
1.05276639624,-11.9490298954
1.06049435333,-19.3819836971
1.03884632325,-7.91913421395
1.04945977406,-13.0809582583
1.04706100065,-12.8732415023
1.04759748664,-13.1005855968
1.04834063074,-12.3825640724
1.05022618627,-12.5054709262
1.0476683019,-12.2861542511
1.06311717432,-19.5132814538
1.04173713834,-7.74758642349
1.04773747812,-13.1918135259
1.04976640996,-12.7178506248
1.05079889302,-13.1505088809
1.04629080492,-12.5076365676
1.04915470734,-12.7163953998
1.04855267595,-12.1819228678
1.05881408168,-19.2828505421
1.03774739366,-7.96027344078
1.04750655406,-13.1030609453
1.04910602339,-12.6616935093
1.05289283481,-13.1403466416
1.04804391794,-12.6458566097
1.04705647431,-12.7443765818
1.04959652656,-12.0742184874
1.05901958217,-19.2658133962
1.04021152091,-7.73835825781
1.04728036997,-13.1413366825
1.04488123629,-12.5751882062
1.04782178049,-13.0689858829
1.04514231714,-12.4174702767
1.04839399983,-12.5404156687
1.04624602475,-11.9059282461
1.06072298603,-19.4196497887
1.04166553787,-7.58526931991
1.04533211021,-13.1754320669
1.04922525732,-12.5608837866
1.04954489174,-13.1061642252
1.05097537663,-12.1503417168
1.05268433432,-12.6586439256
1.04831416542,-12.177980094
1.06341776469,-19.4878867184
1.03872621012,-8.16713520362
1.04928035204,-13.1013089686
1.04986314269,-12.8704818993
1.04857724699,-13.1743570753
1.04702049582,-12.5032395806
1.05153093632,-12.6357537042
1.04674087791,-12.3816116026
1.06094141946,-19.4783050882
1.04169694172,-8.0231595287
1.05259446987,-12.9582638377
1.04891904073,-12.7370481435
1.05060439157,-13.1238168533
1.04846942357,-12.5475763515
1.05013106265,-12.8480228086
1.04772991207,-12.3804514779
1.06147412575,-19.4780815034
1.04553493809,-7.87027604285
1.04982925879,-13.2200359753
1.04791699069,-12.6793405256
1.04962195307,-13.0721276993
1.04757889744,-12.4137505922
1.0490198236,-12.7213568528
1.04799848093,-12.1711909539
1.06353939022,-19.4103720392
1.04380308524,-7.89382289049
1.04911594357,-13.2802435712
1.04672676202,-12.8421446935
1.05134046886,-13.1792000927
1.04827989456,-12.4392890792
1.04814602453,-12.7297830324
1.04766955542,-12.3548927679
1.05882817544,-19.234547374
1.03840516847,-7.88483023409
1.04884278222,-13.0830179727
1.04650418015,-12.6626029766
1.04831217566,-13.3592860944
1.04998245505,-12.7950703197
1.05169617264,-12.7562283278
1.04691302617,-12.1109300579
1.05863513787,-19.176113889
1.03696859377,-7.89416948573
1.05076091696,-13.268615791
1.04458609754,-12.6565576537
1.04355709636,-13.3012793685
1.0458865974,-12.5879241153
1.04826919944,-12.682198434
1.04946195333,-11.98041318
1.05937398007,-19.2720349721
1.04238557019,-7.63308913705
1.04919266167,-13.1949550581
1.04850184004,-12.6558125095
1.04984609334,-13.1626651166
1.04791638509,-12.4126433221
1.05129117721,-12.5936455385
1.04633293065,-12.0894484654
1.05915618702,-19.3145612861
1.03893896695,-8.08305252349
1.04759310816,-13.2092577975
1.04535684953,-12.6975255122
1.04552657792,-13.1680194668
1.04547806752,-12.4679676978
1.04293558569,-12.8502528055
1.04540254389,-12.0927629026
1.06051623376,-19.8640971877
1.03823600732,-7.93998747013
1.0487632278,-13.3060350541
1.04536546004,-12.7920668801
1.04634244535,-13.2237834457
1.04374700275,-12.3803492719
1.05058105113,-12.5083086333
1.04678728836,-12.2389688499
1.05953937151,-19.4460875346
1.03862037744,-8.04642722907
1.04630357739,-13.2989070388
1.0441112381,-12.6778113035
1.04717943779,-13.1128160433
1.04745393675,-12.3588632531
1.04492578372,-12.9067548182
1.04620229432,-12.0540462696
1.05566553752,-19.7725370103
1.03565350549,-7.99527577092
1.04676714242,-13.3008006489
1.0442043357,-12.8684589049
1.04388997555,-13.3986218967
1.03985204025,-12.7263649997
1.04264183747,-12.8236701235
1.04501955727,-12.1874002438
1.05894012856,-19.5161905963
1.04191505268,-7.70537928028
1.04737743386,-13.0876733615
1.04486273616,-12.8323026455
1.04755133242,-13.3500654496
1.04583163643,-12.4859618743
1.04459210873,-12.8965931493
1.04713735119,-12.3032538366
1.05535523676,-19.4446604742
1.04141438392,-7.82837896141
1.04177940726,-13.1228495635
1.04220065168,-12.8468679259
1.04544638756,-12.9701572277
1.04268035345,-12.9187075817
1.04395548563,-12.7279013158
1.04666674765,-12.2566879272
1.05510142758,-19.5438090332
1.03663689394,-8.10121839068
1.04783105734,-13.0395463171
1.04251704264,-13.0365911947
1.04099157004,-13.0669847463
1.04374508684,-12.7592970158
1.04633316046,-12.7039955466
1.04396233022,-12.2843688666
1.05609375801,-19.5736620885
1.0363147334,-7.80341495246
1.04468586093,-13.3120463773
1.04477154435,-12.7843347964
1.04691938322,-13.2915376753
1.0467119509,-12.4116897957
1.04337243228,-12.7913867583
1.04624969848,-12.218963995
1.05958580925,-19.4859075738
1.03637782042,-7.86463443926
1.0455321235,-13.1751053479
1.03985922648,-12.5892622131
1.04341538944,-13.236644948
1.04509148924,-12.3959273002
1.04602216302,-12.6821674798
1.04009876063,-12.1690638231
1.05433086615,-19.426079012
1.03304935849,-8.19634103619
1.04507570666,-13.0778145979
1.0455034255,-12.9365088134
1.04420692078,-13.0717486964
1.04115147301,-12.4671528493
1.04257616916,-12.6755014835
1.04286723799,-12.2145940159
1.05523142287,-19.9919303492
1.03344533561,-8.03752850133
1.0421992447,-13.3217150799
1.04465389433,-12.652909873
1.04097817356,-13.3398592838
1.04138359992,-12.6180837196
1.04448594202,-12.8538233582
1.0482533091,-11.9882706692
1.05700844061,-19.4506138251
1.03422339568,-8.21400995839
1.04381351955,-12.897002814
1.04202424537,-12.9790954763
1.04665364501,-13.2791557914
1.04148102773,-12.4342976527
1.04533924937,-12.7088557492
1.04652195697,-11.8653436696
1.05618160313,-19.3848914411
1.03789258242,-8.00276836909
1.04605265992,-12.9288109742
1.04111070639,-12.7900556544
1.0434944728,-13.1557118804
1.04211715639,-12.6838631101
1.04313172063,-12.7925228745
1.04403565107,-12.2814757824
1.0551976655,-19.5259485632
1.03404166659,-8.25150778681
1.04530808116,-13.3688660405
1.0446767616,-12.921629836
1.04160598806,-13.2279225451
1.04110785941,-12.5861008471
1.04281636473,-12.7701260948
1.04060904434,-12.3038122855
1.05483628177,-19.562348848
1.03471157248,-8.10505602199
1.04493526878,-13.1698963545
1.04209145982,-13.1884366461
1.04278532014,-13.0841279276
1.04000959303,-12.9644212115
1.04176644124,-12.6711281365
1.0410746261,-12.4254599802
1.05422608141,-19.3636877364
1.03370779891,-7.93401216424
1.04216112266,-13.2659158789
1.04204629945,-12.9527009621
1.04547276537,-13.2999032166
1.04082890901,-12.5810880523
1.04467969462,-12.6981835795
1.03921551911,-12.2683413592
1.05101594111,-19.6288786537
1.03263616488,-8.12888920578
1.0402427281,-12.996427297
1.04313837879,-12.4835414324
1.03971027061,-13.1279506046
1.04425809846,-12.2407700006
1.04156761784,-12.7399662557
1.03812316193,-12.1992587493
1.05091845823,-19.3871553301
1.0329427853,-7.75816599096
1.04048808366,-13.1597054088
1.04418692127,-12.7797922739
1.04585725688,-13.2985851841
1.04337269761,-12.5536661711
1.04772846197,-12.5984854217
1.04669328436,-12.29787029
1.05740326944,-19.4087943059
1.04028635756,-8.25592115851
1.0472480925,-13.0691311893
1.04352854497,-12.8434322578
1.04819482348,-13.1716979159
1.04401260862,-12.5714190839
1.04579869533,-12.8961667233
1.04621340399,-12.3309962827
1.05516767882,-19.5410716764
1.04021649706,-7.91458859228
1.04353088032,-13.4533671662
1.04328784754,-12.7927287205
1.04495494362,-12.9808453057
1.04520334698,-12.4784271152
1.04687160146,-12.8240990692
1.04436245098,-12.2848264277
1.05640811004,-19.4900871388
1.03677725013,-8.21619412999
1.04450531594,-13.5209039568
1.04333146732,-12.8909565566
1.04852201061,-13.23849591
1.04507112642,-12.4781712424
1.0455444869,-12.7509908234
1.04456563767,-12.321908889
1.05872016414,-19.5480359865
1.03497116119,-8.19398266338
1.04593298913,-13.1842193142
1.04644269373,-12.8588209103
1.04623679281,-13.2139650399
1.04364415329,-12.5044574313
1.0424322152,-12.7700414796
1.04687575945,-12.2438696194
1.05592666042,-19.6977336366
1.03221450542,-8.23037168568
1.04232181754,-13.2906321872
1.04167141879,-12.6778538083
1.04225804664,-13.0258909222
1.03760990838,-12.7035464951
1.04244593209,-12.6470872561
1.04745407534,-12.4684657764
1.0511569935,-19.3973110432
1.03094365173,-8.20568828994
1.04172107857,-13.4035248019
1.04104341119,-12.7428652363
1.04242613535,-13.3123910305
1.03596369924,-12.7079715607
1.04107031655,-12.9123255731
1.041296916,-12.4103613976
1.05262951948,-19.4006229467
1.03053306496,-7.77580019697
1.04341401462,-13.2199512261
1.04076332379,-13.164825323
1.04085931177,-13.3384699423
1.04139511862,-12.8625730981
1.03872395283,-12.7981911958
1.04121740348,-12.3081354474
1.05262301148,-19.4238717479
1.03277178812,-8.38049745919
1.04063942154,-13.1107667389
1.03838484815,-12.9463435887
1.03904130991,-13.2756294431
1.03859372167,-12.5569368706
1.03841672533,-12.9363018033
1.03885822561,-12.4172260209
1.05332181622,-19.6743329727
1.03643723068,-8.00086810601
1.03921206928,-13.1978794502
1.04066857203,-13.0408886939
1.04307163792,-13.400953715
1.04403910386,-12.7932060553
1.03775326022,-12.5659663213
1.04092053346,-12.4797276832
1.04974391725,-19.4325258596
1.03299918767,-8.17748875854
1.04017353632,-13.3274841767
1.03634395681,-12.7995292979
1.03628089031,-13.3872108572
1.0371016233,-12.5443465435
1.04059149998,-13.1049550661
1.03909073214,-12.1931676862
1.04896073111,-19.2669538728
1.03222497144,-7.99817799362
1.04020141916,-13.2843709389
1.03898000131,-12.822727369
1.03836095433,-13.5753746004
1.03488221053,-12.6176158178
1.03950571779,-12.7493399712
1.04245088555,-12.1311969708
1.05176147119,-19.3611141847
1.03026535835,-7.99606659024
1.03991511872,-13.5577679255
1.0387001072,-12.8152905659
1.03796773123,-13.2369587643
1.03685131991,-12.5315287817
1.03648234775,-12.9547146539
1.04185377551,-12.2951628864
1.05034344941,-19.6438845478
1.03200530681,-8.16788612668
1.03595401022,-13.1572076141
1.03931534754,-12.7223897183
1.04034172843,-13.0377403383
1.03818205192,-12.5185091648
1.04059054472,-12.8162650138
1.03768012443,-12.3630125708
1.05563026335,-19.3972753135
1.03193461289,-7.97329644039
1.03921826348,-13.4548864907
1.03813866494,-12.9028777981
1.04124797843,-13.4778704832
1.03677870576,-12.872546691
1.04104687294,-12.6884438671
1.03718106902,-12.2086753687
1.0514452009,-19.5609583151
1.02933397829,-8.1462662664
1.03609674941,-13.2755386121
1.03700413253,-12.9674477653
1.03880888701,-13.5989249012
1.03852300915,-12.6147171048
1.0380547852,-12.6904595607
1.03603109172,-12.4159611937
1.05448282635,-19.6793928102
1.0294921739,-8.12371202753
1.03759583147,-13.4535808662
1.0373967852,-13.0093806846
1.0382935132,-13.5410059171
1.03647560068,-12.617657534
1.03781353311,-12.9261251301
1.03790188949,-12.2778376069
1.05144971944,-19.5757850884
1.02797302214,-8.17642936102
1.041722972,-13.4695152302
1.04068199883,-13.3692921748
1.04308679996,-13.3169486624
1.03995304645,-12.8195681818
1.03959806444,-13.090802412
1.04330727994,-12.4373723281
1.0503428126,-19.9396787489
1.03174382259,-8.2630021944
1.03884034293,-13.8092381404
1.03824905064,-13.0011090481
1.03634500253,-13.2544199399
1.03860661794,-12.5567484694
1.0378901946,-12.5425895167
1.0399884087,-12.1213752198
1.05244500375,-19.7606014554
1.02911400459,-8.31175121508
1.03833318618,-13.1847738289
1.04067868557,-13.1026989427
1.03894447833,-13.5284565812
1.03816889431,-12.9010706227
1.0409886663,-12.9304825998
1.03818831781,-12.560755623
1.04902997999,-19.8435686651
1.03002764554,-8.23640439733
1.04050834138,-13.4847167059
1.03986672268,-12.9081749933
1.04286650933,-13.3442248188
1.03698280795,-12.7195656562
1.03831734144,-12.7959422192
1.04057913209,-12.6175220179
1.04889260791,-19.8967887178
1.02711551617,-8.39228345873
1.04360779305,-13.2526726371
1.03774994285,-13.1386785879
1.03889039486,-13.5160499654
1.03628625912,-12.7302345214
1.04120118626,-12.7616203827
1.03983706855,-12.2437257566
1.04845079274,-19.7086079908
1.03222000503,-8.29876401211
1.04020904393,-13.3084920349
1.03860541384,-12.999092602
1.03930943245,-13.1883623602
1.03771455755,-12.6774188365
1.03882648455,-12.7532477537
1.04059614712,-12.2877626926
1.05356864069,-19.6210675359
1.02828220284,-8.31912335492
1.04010764642,-13.2858920799
1.0393412472,-12.6479482139
1.03779647526,-13.2245402215
1.03645184259,-12.8303687123
1.03951494705,-12.795643454
1.03700006819,-12.3400886108
1.0503100398,-19.7751928239
1.02925358163,-8.08135792892
1.04055932436,-13.2923769381
1.0352145091,-13.6129792209
1.03920467368,-13.5260115415
1.03584898244,-12.869896779
1.03733524244,-13.0014702084
1.04005139588,-12.2608830796
1.05011989383,-19.431147019
1.02795358056,-8.31080493435
1.0392391452,-13.4521960016
1.03615091594,-12.776282827
1.04127264001,-13.3505636889
1.0353509332,-12.817335501
1.03729674755,-12.8407867799
1.04070036381,-12.4118654859
1.05183590536,-19.6118543691
1.03150196416,-8.27901056732
1.04026222382,-13.4382196788
1.03915805805,-13.1160089337
1.03745858687,-13.4133697772
1.04002152563,-12.6535484402
1.03707918131,-13.1528049677
1.0357887467,-12.5982546842
1.05066032078,-19.6335219793
1.03076080339,-8.34472919023
1.03727862816,-13.225275048
1.03692520445,-13.1089087741
1.03965842219,-13.5201685976
1.03579448234,-12.8177450283
1.03596531596,-12.7576709729
1.03994334498,-12.5539692666
1.0502403618,-19.4219351745
1.02948092559,-8.33945724689
1.03857708218,-13.2401370285
1.03643556887,-13.0608970482
1.0416030334,-13.1794618996
1.03592452434,-12.8695404468
1.03399623483,-13.1075698978
1.03963666329,-12.4901210986
1.05018101201,-19.912494277
1.02863693988,-8.26204284097
1.03662270715,-13.6240388568
1.04089851156,-13.258055749
1.04447404823,-13.3272378543
1.03781539835,-13.1004576946
1.04158960084,-13.0726741531
1.03903336083,-12.627586926
1.04819827346,-19.7798517635
1.02669667822,-8.21854567019
1.04216171116,-13.1968701142
1.03674960625,-13.0499341981
1.0369311482,-13.3937241358
1.03700110105,-12.7329303603
1.04041147663,-12.9793004496
1.03485125704,-12.6027745338
1.04973528606,-19.9035274064
1.02858280376,-8.40763323148
1.03893239256,-13.3725805226
1.03538062551,-13.0733814653
1.03754498904,-13.314998925
1.03430823583,-13.0535676698
1.03734976412,-13.171162155
1.03789880307,-12.3806211073
1.04701431605,-19.816285202
1.0291212024,-8.2426222364
1.03761734829,-13.0320975275
1.03570561481,-12.9177793943
1.03809259021,-13.4679623647
1.0349068463,-12.7932494033
1.03615558653,-12.7672890581
1.03498384712,-12.5369409482
1.04921156848,-19.6056148897
1.02869724062,-7.93872078332
1.03432751213,-13.4288525951
1.03585482351,-13.1378938131
1.0376622056,-13.5474071226
1.03532727799,-13.0919090497
1.03674880514,-12.8096444444
1.03613338857,-12.7054672029
1.04835731289,-19.6130988022
1.02648147097,-8.4195827833
1.03844821659,-13.2729457988
1.03506345872,-13.1092770519
1.03839822354,-13.2508565049
1.03926762019,-12.8103559098
1.03407539995,-12.9196961213
1.03955424102,-12.1180450667
1.04691475023,-19.6205495203
1.02667144994,-8.37146302878
1.03715315494,-13.3104510971
1.03618834261,-13.0389378334
1.03525738111,-13.5966666703
1.03175537312,-12.9234275647
1.03470202696,-13.0624680558
1.03508420243,-12.3729444819
1.04734921433,-19.5000438589
1.03048889676,-8.31678251647
1.03514888276,-13.1929602102
1.03795353754,-12.9110893108
1.03515016065,-13.0098437315
1.03019010592,-12.9199669413
1.03638223724,-12.9334950012
1.03468997196,-12.3425253977
1.04813762299,-19.7865224411
1.02548632299,-8.20812619051
1.03489162404,-13.4022294103
1.03529553858,-13.1967322488
1.03252209209,-13.3563770668
1.03553322336,-12.7415446725
1.03356790526,-13.1069830738
1.0323823701,-12.6101714317
1.05098307767,-19.4074195394
1.02457707281,-8.5569601855
1.03188618817,-13.6928105767
1.03489874911,-13.1046913691
1.03474684335,-13.3939119235
1.03325664426,-12.7599940316
1.03822442868,-12.6185878368
1.03277753149,-12.1957556376
1.04841040623,-19.7044148955
1.02720742769,-8.32450689177
1.03686802792,-13.2886072014
1.03768718336,-12.992466499
1.0343958219,-13.243217933
1.0330464126,-12.7022580731
1.03811049325,-12.752444293
1.03379760377,-12.3199626636
1.04462105016,-19.6015856939
1.03072165432,-8.03414547964
1.03416041275,-13.4050926998
1.03134965795,-13.1077437053
1.03659041662,-13.4380248246
1.030967736,-12.8513855407
1.03629360233,-13.2378682271
1.03950877199,-12.3526512758
1.05069131297,-19.6044545154
1.02391187813,-8.35916149858
1.03710056604,-13.6713070728
1.03150890761,-13.0964922371
1.03290531979,-13.5794721701
1.03275415325,-12.7537764233
1.03453966986,-13.1693763743
1.03553383534,-12.4602799943
1.04611541795,-19.4656691376
1.02392184556,-8.24005916348
1.03275337655,-13.55282094
1.03332859334,-12.9591313039
1.03702161268,-13.3111760051
1.03195580868,-12.8044972466
1.03774590101,-12.9297257985
1.03499948346,-12.4883466912
1.04788483125,-19.6396044364
1.02574752812,-8.19153992517
1.03620508423,-13.5575565703
1.03275684784,-13.0513647948
1.03220282952,-13.4550569139
1.03113827193,-12.7403559221
1.03448508571,-12.8520070339
1.0330852084,-12.6724285334
1.04929680762,-19.5237576825
1.02375982484,-8.3497113255
1.03739069658,-13.4896170967
1.03335227827,-12.9416500335
1.03415727019,-13.6924911221
1.02971085139,-13.1964597086
1.03474831709,-12.9667010152
1.03253792948,-12.4236979277
1.0469183965,-19.8040097445
1.0273213823,-7.81371195107
1.03239009811,-13.5741237544
1.03314348459,-12.7822006441
1.03512210577,-13.2838805905
1.03421217583,-12.733579977
1.03648213845,-12.9229577555
1.03180724247,-12.4818552164
1.04704200406,-19.9387600668
1.02442636411,-8.27056420065
1.03295470508,-13.3313903304
1.03233457703,-13.2560137944
1.03475726112,-13.4773520656
1.02965975112,-12.9443432057
1.03165479694,-12.8029764972
1.03166843389,-12.6797550887
1.04500962233,-19.354013324
1.02490717689,-8.2415509542
1.03101646681,-13.4328078319
1.02967234391,-13.3290515157
1.03446196961,-13.4273731435
1.03057866538,-13.287263431
1.02968498151,-13.3689817936
1.03061386637,-12.5365728247
1.04736603713,-19.4817491673
1.02288078446,-8.35775993567
1.02977715617,-13.612556206
1.0320480517,-13.1731080179
1.03426789416,-13.2569710731
1.03116046681,-12.9495313514
1.03123949127,-12.8572336433
1.03443885361,-12.4116066284
1.04363596557,-19.7293237845
1.02111782134,-8.26536797285
1.02930817072,-13.5740185288
1.03377470414,-13.1922860793
1.03370095155,-13.4232610042
1.03336152384,-13.228204791
1.03034378324,-13.0575890378
1.0317349282,-12.6385527256
1.04409323526,-19.8080745088
1.02423578684,-8.1251890356
1.0356199223,-13.3165244058
1.03309559247,-13.0292355435
1.03319499125,-13.5246902476
1.03014478323,-12.72593998
1.03375494964,-13.1578421136
1.03433416189,-12.592424016
1.0433935178,-19.877240135
1.02437018284,-8.35564183528
1.03454309304,-13.3458983243
1.03472420949,-13.00898403
1.03709072847,-13.4660641496
1.03052135888,-12.9555244645
1.03695100065,-13.2559173139
1.03180973969,-12.6763223288
1.04452568924,-19.7814760044
1.02223098167,-8.64788683265
1.03819657085,-13.3982814489
1.03475821929,-12.9915942085
1.03755372396,-13.2426073211
1.03656485155,-12.7251288218
1.03694825487,-12.9823240814
1.03448954807,-12.6545478682
1.04989978618,-19.4956693849
1.02412708675,-8.47389200056
1.03291887617,-13.3318481135
1.03347296878,-13.0167764423
1.0322346662,-13.5849778995
1.03802388805,-13.0060226348
1.03420056834,-12.8681624906
1.03726910262,-12.6177171748
1.04835985591,-19.6049595511
1.02879949307,-8.27160118977
1.03433804057,-13.4960903142
1.0311735863,-13.1157530045
1.03581490937,-13.4507891495
1.03332157494,-13.0232982053
1.03881664431,-12.929884315
1.03403445772,-12.5946098071
1.04587529783,-20.0763054525
1.0239171954,-8.68059994265
1.0342909578,-13.4923090744
1.03378039147,-13.2853011414
1.03618051631,-13.5661489813
1.03178297125,-13.0166373466
1.03555851347,-13.1418707335
1.03175284383,-12.5545981719
1.04408347004,-19.9910579126
1.02961226718,-7.96030937845
1.03420238525,-13.625230003
1.03387933967,-13.0038734308
1.03406324738,-13.3253509858
1.0362119283,-12.7481070934
1.0376784967,-12.8825340942
1.03580328488,-12.76998517
1.05092075653,-19.7980909894
1.02468491377,-8.45738649593
1.03672972635,-13.884005317
1.0307830057,-13.3637437447
1.03337041625,-13.4468722849
1.0321944065,-12.6747871397
1.03249014093,-13.1567189492
1.03422511503,-12.6670423308
1.04542570001,-19.7432356294
1.0243186961,-8.28594898768
1.03579265485,-13.2947247346
1.03480025693,-13.1738008825
1.03499644744,-13.2934688748
1.03450036911,-12.9684956688
1.03679725984,-13.2108168203
1.03060267232,-12.6749363623
1.04510862908,-19.8910485449
1.02584394769,-8.26308969167
1.03351945181,-13.6686648945
1.03199161998,-13.1681088318
1.03461258774,-13.6438938653
1.03444172795,-13.2049901959
1.03521350253,-13.3275277632
1.03524057721,-12.6832465851
1.04802350335,-19.8431407683
1.02645889655,-8.40465855004
1.03032546591,-13.6691475983
1.03878096871,-12.9180827321
1.03679686886,-13.9164369636
1.03342093743,-12.7828223291
1.03327101071,-13.1551796425
1.03382594154,-12.4709128692
1.046869823,-19.6502015937
1.0289971565,-8.38873077079
1.03854200466,-13.7157589872
1.03613301459,-13.1760953427
1.03345638196,-13.5499691709
1.03305476924,-12.9014442782
1.03452406446,-12.9606272521
1.0305914075,-12.5224105411
1.04403462848,-20.0421929831
1.02404019752,-8.48476009932
1.03171898142,-13.747226865
1.03492960527,-13.0206177335
1.02985689177,-13.5865922069
1.02895062993,-12.6555215842
1.03198871746,-13.4481847947
1.03556261209,-12.4187581998
1.05086620841,-19.8109986094
1.02606274832,-8.22590700101
1.03195323644,-13.6840533485
1.03260334348,-13.2826174983
1.03513828695,-13.5168639231
1.03154269612,-12.9285041595
1.03404239904,-13.1096977701
1.03179353772,-12.4365496527
1.04406803385,-19.8596690116
1.02693699746,-8.34265210824
1.03319741416,-13.6111286093
1.02954036499,-13.3208812017
1.03208673257,-13.4606978105
1.0311687383,-13.0762351349
1.03147660203,-13.2420896251
1.03097605871,-12.7470712921
1.04189186941,-19.7335868112
1.02541123612,-8.36264699094
1.03151663961,-13.627741647
1.03214840498,-13.1531749114
1.03077081127,-13.6997094973
1.03397306441,-12.8224338869
1.03187727997,-13.05730561
1.03201298996,-12.5068472128
1.04537289286,-19.7048485655
1.02428164988,-8.67012932225
1.03651697054,-13.4424708981
1.03264669341,-13.0611128677
1.03455906575,-13.2660424702
1.0319902345,-12.5429713082
1.03231503462,-12.9530094273
1.03187691584,-12.4662630822
1.04456851686,-19.5930917566
1.02406815033,-8.60973296157
1.03238971032,-13.2065474664
1.03306931232,-12.8682599347
1.03554676357,-13.3519234603
1.02713387163,-13.0662621619
1.02971412601,-13.0185535858
1.02798581645,-12.4751142489
1.03911810235,-19.5962932686
1.01966300857,-8.30303798701
1.02843269064,-13.4483384675
1.02753259194,-13.0996961821
1.03292798179,-13.3873931268
1.02762335537,-13.0233897135
1.03102668539,-13.1548922147
1.02783507558,-12.8257710289
1.04006833704,-19.7100922991
1.01755809866,-8.47451990982
1.03108926493,-13.6450205314
1.02761315595,-13.2685096722
1.02728556554,-13.5421921386
1.02811638227,-12.7713011725
1.02972564925,-13.2936875298
1.02900337155,-12.545508105
1.04083731795,-19.9843620727
1.02057812415,-8.44812741381
1.03240697196,-13.9155644527
1.03025863866,-13.4218903365
1.03107329981,-13.6794069186
1.0330130618,-12.8586873661
1.03028159268,-13.1984526427
1.03309623631,-12.7504110615
1.04336553042,-19.8747874073
1.02063664531,-8.39591091961
1.03099873042,-13.3957212967
1.02914903028,-13.1390845121
1.03124444063,-13.6179557367
1.02922285537,-12.9844487796
1.03011695505,-13.2356507965
1.02725114285,-12.5879864176
1.03959842576,-19.896443988
1.02051939187,-8.69559298329
1.02742075062,-13.7126349023
1.02903114357,-13.2312731994
1.03390577087,-13.5512687045
1.03183672293,-12.8704754312
1.03102943777,-13.128602991
1.02925761414,-12.5617300455
1.0402912553,-19.8020445325
1.02306721407,-8.49652745778
1.03171917306,-13.7822581008
1.02909609337,-13.117918552
1.03080741269,-13.6972846327
1.02811734108,-12.7025224586
1.02873403774,-13.0755693822
1.02885641205,-12.6848251966
1.04281184342,-19.5548819123
1.02391017342,-8.34479910957
1.02937704996,-13.4972022977
1.0291788745,-12.8992512083
1.03467585696,-13.7815428611
1.02715535595,-12.9228561856
1.02605607023,-13.3814946232
1.02847760957,-12.692247832
1.03578974272,-19.8357894107
1.02052009306,-8.16271443818
1.03233451316,-13.629707795
1.03052921908,-13.0199612857
1.02988076047,-13.7296742488
1.02852485783,-13.2606060126
1.0308147991,-12.9817660455
1.02793646558,-13.0015049989
1.0422835632,-20.026930396
1.02072438557,-8.74902070183
1.03050813167,-13.5401565814
1.02708202305,-13.4062440341
1.03026924348,-13.8004668021
1.02711952334,-12.7505040079
1.02879348457,-13.1389875493
1.0338340211,-12.4245572978
1.04230740971,-20.0170544871
1.02077538601,-8.62675230182
1.03153244468,-13.4935988524
1.02848450591,-12.9148081533
1.03136605634,-13.7079242162
1.02981069173,-12.8267791588
1.0288990379,-13.0576776097
1.03034203638,-12.4787470778
1.04069429721,-19.7905431093
1.02240757017,-8.36350582914
1.02678284147,-13.6791347611
1.02889306579,-13.1931152755
1.03085078596,-13.7478002623
1.03014432249,-12.6050028118
1.03148627923,-13.2944986608
1.03201439446,-12.7289755099
1.03997289324,-19.8980974395
1.02241767142,-8.38262365465
1.02894201146,-13.8014670947
1.0277300536,-13.038059615
1.02786633867,-13.5277665423
1.02809035189,-13.1062270655
1.03259802936,-13.1534859157
1.02909798386,-12.657419721
1.04105300597,-19.728677905
1.01871406871,-8.3999627244
1.0278536072,-13.5077792686
1.02980423515,-13.3313972538
1.02912048325,-13.6693672232
1.02980025869,-12.8466322969
1.02847795411,-13.0999975586
1.02842750376,-12.4896848159
1.04060092963,-19.8979035879
1.02523008087,-8.38493019424
1.03212631361,-13.7513552688
1.0260796896,-13.286485509
1.03595359804,-13.3475064553
1.03075290517,-12.8731911421
1.0316813256,-12.909491048
1.02605005269,-12.8335629757
1.042803998,-19.7963807946
1.02153193215,-8.32174388029
1.03190706948,-13.7316674539
1.02561599657,-13.3327694962
1.02921759431,-13.370759148
1.03356510596,-13.1277232021
1.02764855233,-13.3134896327
1.02889988961,-12.650897985
1.04225275326,-20.203325277
1.02296214113,-8.53992298199
1.0292136805,-13.8499227731
1.03000238089,-13.2183009553
1.03300566494,-13.5824487745
1.0289747532,-13.0730403815
1.03026331134,-13.1742191369
1.03020943502,-12.8352156909
1.04481539168,-19.5475185461
1.02243396373,-8.33927321932
1.03013224814,-13.8373948381
1.0272925331,-13.2099040467
1.03226202266,-13.6194317248
1.02979319741,-12.880076768
1.02827087465,-13.04907538
1.0284199116,-12.6415978101
1.04204121982,-20.1271774614
1.02108554422,-8.47468857559
1.03294512043,-13.6302418463
1.02738445442,-13.0918723817
1.0324520265,-13.6985834443
1.03055276598,-12.9841583455
1.03325084304,-12.8460892458
1.0299560801,-12.7218386836
1.0424414659,-19.731495909
1.02137920294,-8.43181463873
1.03000996608,-13.591512802
1.03100586241,-13.2831736793
1.03160833986,-13.8411075569
1.02638129348,-13.0041731531
1.03007884614,-13.0217028241
1.03119411642,-12.7853295334
1.03983101597,-19.9097020425
1.02345002809,-8.36175325687
1.03052809276,-13.6134152841
1.03259256404,-13.2779618896
1.03146235338,-13.6766111361
1.02770071153,-13.1110530759
1.02930894665,-13.1988136266
1.03111474503,-12.8576136277
1.04075261768,-19.9263844114
1.01885110272,-8.83042776207
1.02918245409,-13.6701242626
1.02760431337,-13.3594757315
1.02985300503,-13.3096151722
1.02803186962,-13.1355369588
1.02955510396,-13.2813873527
1.02970057128,-12.8500845408
1.03998283411,-19.6365051312
1.02231229126,-8.57100483693
1.02978040252,-13.3702681881
1.02803678193,-13.1857110288
1.03275808496,-13.7020761774
1.02992384071,-13.198573122
1.02818073781,-12.8999289457
1.03221979817,-12.7773044458
1.03852234811,-19.820192061
1.02552669317,-8.20695804371
1.02908252257,-13.7163245849
1.02652824438,-13.4908806449
1.03176455351,-13.6046495563
1.03056829625,-13.1318887805
1.02990392291,-13.1783765798
1.02742906608,-12.6614932002
1.04032249347,-19.9733149806
1.02320787674,-8.43196627449
1.03073972056,-13.8900990267
1.02739954806,-13.1247478585
1.02842240834,-13.748961064
1.02864713507,-12.9720572083
1.02964911709,-13.3165020119
1.02737481086,-12.6674853568
1.04261498593,-19.9270077098
1.01978806068,-8.42795858122
1.02913221632,-13.6505653688
1.02804346062,-13.096727657
1.0287661751,-13.7282015949
1.0265491699,-13.1123906483
1.02892372978,-13.4914694114
1.02626534283,-13.0580180866
1.03858385467,-20.1226834084
1.01962684629,-8.62493064126
1.03134893444,-13.5376468664
1.02713750734,-13.1951229382
1.02841057079,-13.5193900572
1.03013867254,-13.0057581755
1.02961998516,-13.0646656052
1.02335464645,-12.9517838337
1.03912906805,-19.672147777
1.02262571209,-8.59639658455
1.02916314537,-13.6758730113
1.02662332612,-13.3318538646
1.03262642529,-13.4513570781
1.02947091843,-12.8368436701
1.02685478686,-13.2775461986
1.0283269385,-13.0306154424
1.03857154932,-19.9581818304
1.01930291146,-8.63679371751
1.02698740159,-13.737032492
1.0267135768,-13.4693220198
1.02795307139,-13.6380093318
1.02518239234,-13.1388857113
1.02958017939,-13.1870743791
1.02867248213,-12.8047018
1.04165434752,-19.980106869
1.02282762564,-8.24551018706
1.0276970955,-13.4439416767
1.02922588921,-13.1347064015
1.02766328752,-13.3588889747
1.02933727773,-12.8133908088
1.02565525449,-13.4712196412
1.0267468611,-12.8589723097
1.0385843698,-19.9624188859
1.01794558597,-8.32078095808
1.02906141855,-13.4632484133
1.02740633587,-13.252379806
1.02872188156,-13.4197579043
1.0269261951,-13.0479934805
1.02716417545,-12.9427616365
1.02828447417,-12.540723971
1.04531048353,-19.714218573
1.01768121304,-8.50859757051
1.0274518817,-13.7663083547
1.02981021616,-13.0708347294
1.02625065524,-13.854383591
1.02476676884,-12.851956437
1.0280712368,-13.3515340117
1.02899704744,-12.7973009831
1.03665956926,-19.6428726181
1.01829485362,-8.43078457158
1.02755002202,-13.7161875035
1.02996930806,-13.2157638018
1.02657974983,-13.6027169102
1.02726123261,-12.979228903
1.03054140724,-13.1881657763
1.02822012756,-12.7319263966
1.04034226282,-19.7446853701
1.01782460854,-8.409176139
1.02713340272,-13.6519789567
1.02785970252,-13.0809345761
1.02391746229,-13.773585417
1.0293395617,-13.1116615397
1.02498586905,-13.1217605938
1.0298045449,-12.7201639104
1.03770730748,-19.9843668241
1.01762762031,-8.4217999609
1.02193842254,-13.6876289209
1.02572001646,-13.20152547
1.02533697681,-13.6200923994
1.02423982509,-13.1296629159
1.02851494572,-13.1139785093
1.03013267629,-12.8529385062
1.03583222857,-19.9116178608
1.01678551036,-8.44711941916
1.02954323045,-13.5597515646
1.03029905198,-13.1575422812
1.0267368404,-13.7089561855
1.02588478758,-12.9743893744
1.02750719265,-12.9261566372
1.02361202446,-13.0769841211
1.03927413787,-19.7421877921
1.01774100927,-8.57325063645
1.02369351369,-14.047323146
1.02575954234,-13.2140633233
1.02643097884,-13.8659901637
1.02336720636,-13.0837851779
1.02480274803,-13.3820107958
1.02526276538,-12.4670957314
1.03513285556,-20.008491218
1.01562504934,-8.60936355992
1.02235617388,-13.7855276832
1.02427080078,-13.507151647
1.02506111944,-13.8515994409
1.02381765752,-13.048500532
1.02397280997,-13.4060138143
1.0244692158,-12.6893962493
1.03336968629,-19.9515395687
1.01396726926,-8.38900263618
1.02638873615,-13.7035509926
1.02412601595,-13.1461813612
1.02158230444,-14.1536596025
1.02478916415,-13.0801294925
1.02577037455,-13.4291215612
1.02143047155,-12.467664772
1.03679324543,-19.7514450127
1.01875347038,-8.32950760456
1.02345195136,-13.829768334
1.02622611816,-13.5243925731
1.02367721437,-13.6633826233
1.0200949067,-12.8637852386
1.02239984363,-13.2341426981
1.02426681167,-12.6896835734
1.03750686917,-19.513397173
1.01382939284,-8.67861771167
1.02128734036,-13.3859583779
1.02225483764,-13.1797738392
1.02438540298,-13.7674024927
1.02175032941,-13.0196724067
1.02171732257,-13.3821773964
1.02079241381,-12.5838907548
1.02911111297,-19.9380632343
1.01263146984,-8.52027891564
1.02501269,-13.5251195834
1.02031144079,-12.990812938
1.02335612755,-13.7135948598
1.02161035314,-13.4382368193
1.02038773277,-13.4048546787
1.02107101955,-13.0303603583
1.03285848778,-19.9540407108
1.01240643547,-8.80359471753
1.02123188813,-13.659624318
1.02041297117,-13.2726938216
1.02358039207,-13.9201969255
1.01797914984,-13.2491566018
1.02330155244,-13.1881964691
1.02060508144,-13.1175164698
1.03454570839,-19.8140163498
1.00820802747,-8.78377343081
1.02169756375,-13.7592358412
1.02212052995,-13.3706196804
1.02478421122,-14.026851032
1.01913566554,-13.1012689783
1.02329615943,-13.3889388733
1.02153983513,-12.6619997169
1.03320688147,-20.009085871
1.01536241593,-8.71298562275
1.01874662423,-13.2672554813
1.0188757161,-13.3341381136
1.02131166765,-13.4589896466
1.01628768679,-13.1491004758
1.02148566262,-13.2823482049
1.01741001742,-12.9610031973
1.03397982534,-19.9513572069
1.01284374303,-8.59392336477
1.01979982525,-13.6792512057
1.01945921982,-13.2708735464
1.01977997933,-13.5660625232
1.02196324961,-13.181440242
1.0193131907,-13.2211022473
1.02091376683,-12.7316512106
1.03383092992,-19.5932219942
1.01231604627,-8.3501975715
1.02173098389,-13.5415302934
1.0222754462,-13.3169335665
1.02186277097,-13.5577109287
1.01732017816,-12.8949152149
1.01940222245,-13.2664657066
1.01932510621,-12.6018780142
1.03411212798,-19.9269919713
1.01244100683,-8.71426106369
1.02002895302,-13.5957180917
1.01877383695,-13.3902034594
1.02100038757,-13.5216693906
1.02148083897,-12.9127912946
1.02075203234,-13.5804736901
1.01974791964,-12.8212670103
1.03413556554,-19.8750147922
1.01867396874,-8.47468479726
1.01789722548,-13.7598064175
1.02562410643,-13.2312080112
1.02201285587,-13.6099690324
1.02067686184,-12.9733808114
1.02423791166,-13.2580952586
1.01992447898,-12.9726144546
1.0379288703,-19.5821650155
1.01694397969,-8.53730552127
1.02080073572,-13.645263304
1.02349976514,-13.1723247692
1.02079663328,-13.6198357572
1.02207265928,-13.1900786958
1.02298637518,-13.2353657892
1.02313403326,-12.9663484262
1.03271933933,-19.8764458809
1.01235084859,-8.56237401015
1.02290791318,-13.921706411
1.02426942992,-13.5086020871
1.02147973667,-13.8862858213
1.02302710077,-13.1502795916
1.02237646345,-13.2412268833
1.01919741343,-12.6498737878
1.03582601064,-19.9009398484
1.01564497917,-8.71340563285
1.01890453597,-13.8288343422
1.01884545859,-13.4193067336
1.02064367731,-13.701312732
1.02058669668,-13.2767356909
1.0206842423,-13.2395734558
1.02369416562,-12.9869284563
1.03415440062,-19.9733354504
1.01286221935,-8.75134478961
1.02183135546,-13.7482401397
1.02077194548,-13.5312452962
1.02324909885,-13.5309384374
1.02214472215,-13.2429606486
1.02205729784,-13.2990482515
1.01823349738,-12.9411011046
1.03754251882,-19.8308190756
1.01730537361,-8.69031873363
1.02166927043,-13.6913099193
1.0213128637,-13.3440808866
1.02336260392,-13.5758988001
1.02303491275,-13.4232761876
1.02559330759,-13.1656582156
1.01973776493,-12.9929189934
1.04016817964,-19.7696765958
1.01365193526,-8.7522304427
1.02064952604,-13.8593437418
1.02009036596,-13.3468664234
1.01912745687,-13.6505713045
1.01747870126,-13.3107182479
1.02416268201,-13.199156194
1.02154326179,-12.9067151838
1.03276287778,-20.1832388931
1.01274088714,-8.44426376371
1.0250407587,-13.9650913402
1.02372014362,-13.0992717853
1.02219559394,-13.8639859646
1.02248310935,-12.7850712606
1.02338405526,-13.4981362455
1.02064042715,-13.0066544746
1.0301110169,-20.0385683186
1.01312348485,-8.51350373726
1.02139627556,-14.001494874
1.02334567754,-13.2986888535
1.0228279539,-13.9010479129
1.02209133426,-13.305798668
1.02372012783,-13.2173838223
1.01833346456,-13.1032417871
1.03127688277,-19.9643154324
1.01489270614,-8.57342189682
1.02392519868,-13.8303576362
1.02374898388,-13.5416341026
1.02467995616,-13.8235645898
1.02000560674,-13.2426605216
1.02090186817,-13.1850647992
1.02435604301,-13.0208270179
1.03559540306,-19.9788760046
1.01373538391,-8.87378543654
1.02257043277,-14.0588936683
1.02100344473,-13.5534485419
1.02042844867,-14.061169599
1.02009599472,-13.4374391495
1.0207774083,-13.4602759113
1.02271355503,-13.2550604079
1.03219081063,-19.9510883688
1.01125630076,-9.12934367909
1.02267073533,-13.7784714866
1.02139262981,-13.4520081897
1.02268539683,-13.597573132
1.02267477285,-13.2027460601
1.02339831482,-13.1993727373
1.02207876913,-12.7888693797
1.03630327162,-19.8529477746
1.01566113645,-8.71153880231
1.02447475513,-13.6361506145
1.02703990413,-13.4596744388
1.02331782246,-14.1274116252
1.02368394491,-13.1303564016
1.02442246669,-13.3434547209
1.02557329864,-13.0878145818
1.03277399953,-20.1710979861
1.01884180065,-8.61229544711
1.02476506598,-13.8439774626
1.0239709708,-13.2178478578
1.02240502933,-13.8259666169
1.02554207195,-13.2833581484
1.0259072535,-13.2328281209
1.02469002566,-12.915326475
1.0407223874,-19.9079221709
1.01788067003,-8.74090951141
1.02330061087,-13.6998028312
1.02408519419,-13.4540745895
1.02571946896,-14.0261087795
1.02300547996,-13.3489371786
1.02653955321,-13.2500922108
1.02445618669,-13.1486599105
1.03849046212,-19.9410214124
1.01631370743,-8.77843800242
1.02215335014,-14.0275517378
1.02517875532,-13.4793542677
1.02295240537,-13.773150136
1.02281832686,-13.1667705978
1.01925617798,-13.2203193085
1.02268859623,-13.1923140712
1.03458736544,-19.8946889815
1.01268563219,-8.81285496354
1.02233553436,-13.7496225609
1.021908421,-13.5559979135
1.02374915736,-14.1141070477
1.0189289486,-13.426991804
1.02082826742,-13.6491667538
1.01897521678,-12.8202356581
1.0337527911,-20.1208614361
1.01365821054,-8.82702495137
1.02406201138,-13.9447948655
1.02102368107,-13.3081442784
1.02116990317,-13.7000044426
1.01999285337,-13.2203600427
1.02232651758,-13.4082274636
1.02190970516,-13.0318408077
1.03359222339,-20.1107341313
1.01432580151,-8.90546926919
1.02327448207,-14.2889299136
1.02360127285,-13.4948985745
1.02410081185,-14.0681835598
1.02154418451,-13.3953281061
1.02357293047,-13.3713971463
1.02520813945,-12.9088312089
1.0336755473,-20.1773844208
1.0148157675,-8.58321958424
1.02235543257,-14.0425426214
1.025835418,-13.5456824706
1.0244177816,-13.8120379164
1.02357508079,-13.4292583711
1.02442845467,-13.3091230756
1.02567816273,-13.0588284856
1.03749210769,-20.0073882464
1.01375573015,-8.85872100681
1.02597035914,-13.849442048
1.02252797666,-13.6629501307
1.02641415159,-13.6958710585
1.02249808165,-13.158493264
1.02380105929,-13.5971407837
1.02857488473,-12.8975278531
1.03638659054,-20.1478172041
1.015553685,-8.90953286537
1.02471557516,-14.0952485416
1.02369890815,-13.4559700524
1.02406063997,-13.7503823514
1.02552741953,-13.4657510014
1.02631730328,-13.3878210001
1.02693331256,-12.8855093858
1.04106935587,-20.0806688924
1.01486712787,-8.77899281628
1.02286326693,-13.9002805499
1.02302005194,-13.590632517
1.02637791012,-14.1061485784
1.0294763844,-13.1372623706
1.02493948612,-13.7006606686
1.02625375842,-13.1044152658
1.03871167539,-20.4055909834
1.01865744753,-9.13953634478
1.02496886433,-13.9957483154
1.026646627,-13.5024006043
1.0286860245,-13.5212548976
1.02617180276,-13.4603657885
1.02618457878,-13.4915750393
1.02618104698,-13.0527088445
1.0389993713,-20.1312911507
1.01711563597,-8.84772596222
1.02823198024,-14.1791646877
1.03103760794,-13.6317761788
1.03249215371,-13.9396303593
1.02802431123,-13.1857489794
1.03049785547,-13.7782540516
1.02686100249,-12.9937099814
1.04032235448,-20.1537457499
1.02247106105,-8.8113610279
1.03179559003,-14.0865517734
1.02933939415,-13.64255492
1.03003452725,-13.9398660686
1.02722389554,-13.3483143175
1.03169997067,-13.8735799588
1.0313757806,-13.0712215188
1.04228359253,-20.3669047816
1.0227006872,-8.82753004551
1.02740745893,-14.1917519804
1.02606468437,-13.7887947409
1.02902783262,-13.9563702906
1.02704715898,-13.6481656521
1.02884175429,-13.6798194357
1.02858420685,-13.0169266237
1.04061127251,-20.6280266631
1.020672487,-8.9087270059
1.03186064011,-14.3417161565
1.02661284644,-13.7325698454
1.0315822958,-14.0167736056
1.03005032932,-13.4604066281
1.03001609945,-13.581014597
1.03276157079,-13.1829737109
1.04129464365,-20.1325681135
1.0240959865,-8.75697220606
1.0331251867,-13.9320585414
1.03009205338,-13.844929056
1.03101101281,-14.263795404
1.02975806137,-13.3683974454
1.03053933229,-13.5033182265
1.02900529679,-13.2680667994
1.04311022718,-20.6053617599
1.02262302298,-8.87135522098
1.02874239411,-14.4861406049
1.03008737456,-13.5156942551
1.03024851071,-14.1682659533
1.03214026644,-13.8165357466
1.03300647325,-13.3108709528
1.03166690927,-13.4037887892
1.0432182536,-19.9829106035
1.0191293414,-9.44332328469
1.02987535291,-14.0310911935
1.03149835785,-13.6904693893
1.03115886884,-14.0185286834
1.03148379438,-13.5980074645
1.03093224898,-13.641038954
1.03145772598,-13.4874279496
1.04427636839,-20.2630260354
1.02444470851,-8.88122550538
1.02998497978,-14.2238710395
1.02939074887,-13.7896816905
1.03194451316,-14.0295768723
1.03130144051,-13.2146690117
1.03189340686,-13.7644546745
1.03394876083,-13.3886472789
1.04412154047,-20.1359987945
1.02353720034,-8.69021571747
1.03538768442,-14.2136903179
1.0304153045,-13.7743534683
1.03021061361,-14.0007160602
1.02934380063,-13.3562108214
1.03211593598,-13.5699985197
1.03144944413,-13.1863743179
1.04210619099,-20.2334278524
1.02003127027,-9.10295105054
1.03127957412,-13.8128287055
1.02978293272,-13.9922237319
1.03404496267,-13.7555383947
1.03049102557,-13.7805048524
1.03421318372,-13.5558601625
1.02867375362,-13.1735869984
1.04674297731,-20.3913227857
1.02464139476,-8.84472931977
1.03244200407,-14.4222501755
1.03143163013,-13.6956404653
1.03095915165,-14.0526587343
1.03584624012,-13.3101046883
1.02991063943,-13.4736426837
1.03268932954,-12.8909145304
1.04587003505,-20.3817691883
1.02465308896,-8.85624661755
1.03501544659,-14.0111916957
1.03866548415,-13.7519559246
1.03532942664,-14.4415947908
1.03616909086,-13.0977240663
1.03446347901,-13.7175477982
1.03348905187,-13.1372379263
1.04973964118,-20.6863099673
1.02907980994,-8.80982388195
1.03505506111,-14.2789734346
1.03607495047,-13.7672522853
1.03670550645,-14.1436541139
1.03179713668,-13.6521256531
1.03591130817,-13.9793963849
1.03376649752,-13.1989624815
1.05020333296,-20.9253440484
1.02453783175,-8.30486000316
1.03872312281,-14.2562646401
1.03856486691,-13.8462560268
1.03429707402,-14.2209511947
1.0338916347,-13.6550496074
1.03494795099,-13.7721142345
1.03959623092,-13.4442057653
1.04889722196,-20.822596893
1.02440578769,-8.6965337608
1.03244851751,-14.6090731781
1.03479712981,-14.023954794
1.03213639848,-14.6205831743
1.03454973143,-13.9339680123
1.03771005583,-14.0439266246
1.03693140988,-13.6584181928
1.04309031832,-21.0684510657
1.02947209077,-8.46935133458
1.03411655781,-14.5943364447
1.03425959365,-14.2213193933
1.03511333742,-14.698134301
1.03245963403,-13.761431036
1.03709126227,-14.0612167432
1.03207590734,-13.7042141908
1.04445443502,-20.690409288
1.0263681329,-8.6390263988
1.03512978881,-14.5319425684
1.03863244508,-14.0098093927
1.03770471802,-14.4475572729
1.03903299677,-13.9761189216
1.03643709578,-14.2029955366
1.03497585704,-13.5509468584
1.04982803908,-21.0250325253
1.02969324997,-8.7670208329
1.03504471583,-14.6473507169
1.03207820386,-14.1648451567
1.03711325066,-14.9269490218
1.0395729567,-13.3186844663
1.03484471503,-14.3059407026
1.03538047142,-13.5592670458
1.04871675684,-20.7486853727
1.02968801993,-8.72587960872
1.0380101366,-14.5122237497
1.03817566109,-13.9263186322
1.03879311202,-14.8715516596
1.03640789841,-14.1398165579
1.03859414985,-14.1259356838
1.03812814179,-13.6784517336
1.04789194867,-21.044917027
1.02846347715,-8.41422900874
1.03772221336,-14.7589588472
1.03610462568,-13.7870711967
1.04198370295,-14.7844839681
1.0374625376,-13.7307427081
1.03940300354,-14.083500707
1.04016961114,-13.4067788844
1.05351414462,-21.1057111891
1.03208548599,-8.58752283679
1.03823094343,-14.7399224471
1.04109740604,-14.3299572574
1.03777588709,-14.6588187594
1.03678860701,-14.0199691151
1.04160499196,-14.0153300096
1.03989559253,-13.594213197
1.05240319604,-20.7729349433
1.02977018515,-8.8041965268
1.04005214867,-14.7271124075
1.04070533525,-14.340322659
1.04049030302,-14.6804407363
1.04306051796,-14.1443780194
1.03754511195,-13.8297629166
1.04091723207,-13.5350153713
1.0491812447,-21.1427935034
1.02752391753,-8.82474420156
1.03911435512,-14.5823128588
1.04018607755,-14.1558075118
1.04162511506,-14.5609201279
1.03657059456,-14.1702452133
1.0404922073,-14.2919585474
1.03710318542,-13.8145492534
1.05193718786,-20.964277983
1.02737140666,-8.94880058753
1.04302545461,-14.4070125862
1.04225963607,-14.0581854154
1.04116264943,-14.5012683783
1.04012579139,-13.9467533391
1.0395712442,-14.1963240564
1.03995920065,-13.7101589802
1.04945057931,-21.3526152563
1.03111382971,-8.8656432667
1.0389221823,-14.8085363741
1.04170693845,-14.2594377584
1.03991305827,-14.8116761968
1.04154044832,-13.8208536662
1.04096831927,-14.0436016801
1.03967679114,-13.7928343398
1.05337215217,-20.7378887667
1.03036418237,-8.74318582691
1.03558072089,-14.6571841375
1.03901040537,-14.0363194788
1.03927371699,-14.592655915
1.0375098299,-14.1688229198
1.03721970906,-14.4189958134
1.03939814998,-13.6872078038
1.04760260747,-21.0727840324
1.02715826754,-8.74561660896
1.04058025575,-14.7067573532
1.0388655124,-14.1309244767
1.03769613471,-14.5653029664
1.03633212144,-14.3407092998
1.03946369288,-14.2732553777
1.03611516579,-13.917203398
1.04554033691,-21.0190299015
1.02741432119,-8.55446086226
1.03754924865,-14.9026454898
1.03720283145,-14.4086449653
1.0433265499,-14.5982054437
1.03765665063,-14.2119787657
1.03649988392,-14.0491006291
1.03522073664,-13.7229964802
1.04700675355,-20.9490924296
1.02810665832,-8.79073732084
1.03314974965,-14.7355418957
1.0390127462,-14.0308210535
1.03617442063,-14.5059680792
1.03519120644,-13.8295459073
1.03561184206,-14.3272248519
1.04035513166,-13.3375370772
1.04791145762,-20.7329860036
1.02483593352,-8.72660277217
1.03584615567,-14.857015217
1.03774294779,-14.0404371457
1.03743190495,-14.8439561267
1.03235121921,-13.9403724063
1.03466175692,-14.2782162606
1.03197823218,-13.8095611784
1.04712539683,-20.9056760888
1.02757998733,-8.81633446632
1.04201574489,-14.7451370612
1.03609894955,-14.1757346319
1.03741300346,-14.6579557193
1.03504695178,-13.9519804357
1.03835290439,-14.263427472
1.03617782449,-13.4567030139
1.04489150989,-21.0292099549
1.02827559163,-8.89345161162
1.03224596722,-14.8551343286
1.03553889678,-14.1504649647
1.03578112322,-14.4663395433
1.0372164993,-13.8919350583
1.0375272442,-14.2296181373
1.03297378988,-13.571821328
1.04847919584,-21.0174692261
1.02592442002,-8.98765281194
1.03898621765,-14.9811600949
1.03815787836,-14.319255583
1.03531175141,-14.8554394771
1.038566397,-13.971455418
1.0327189906,-14.4304393833
1.03639411037,-13.6156267125
1.05015659542,-20.9494533435
1.02673153632,-8.88670024525
1.03703817168,-14.7238772784
1.03679510856,-14.3105229012
1.03946625002,-14.6306812154
1.03887948135,-13.6619190663
1.0411074531,-14.2719597398
1.0367017397,-13.811440116
1.04794566387,-21.0985922349
1.02798413705,-9.00546048693
1.0383173537,-15.0205720628
1.03950232219,-14.1355629168
1.0383644176,-14.7941646435
1.03779173867,-14.2598671475
1.03466341655,-14.5120709793
1.0359951243,-13.9512491578
1.05219169671,-21.2440864745
1.03028289082,-8.88662585543
1.03897522856,-14.4592256731
1.03817991816,-14.2514732217
1.03677575151,-14.7750906572
1.03422780533,-13.9813505809
1.03500396277,-14.0681386535
1.035068286,-13.6108127193
1.04736410282,-20.8781129223
1.02253995696,-8.75045169103
1.03487657265,-14.7297039682
1.03326937834,-14.2294319923
1.0364428153,-14.6371492498
1.0347510283,-13.913657608
1.03347082685,-14.4746701094
1.03697257777,-13.7266305687
1.04408697458,-20.9651500745
1.0233734041,-8.77333695931
1.03307178195,-14.8049509532
1.0336507668,-14.3792142772
1.0294445194,-14.6098543231
1.03374192275,-14.3047391693
1.03634808591,-14.0308692762
1.03271164417,-13.6447687824
1.04557097283,-20.8994031074
1.02479915993,-9.00428976306
1.03031957534,-14.6799226836
1.03372632239,-14.1636625176
1.03462153863,-14.6670491651
1.03114305051,-14.0314664217
1.03470949616,-14.104924554
1.03216242617,-13.6715566622
1.04994871557,-21.1819037262
1.02254892018,-9.17848350482
1.03381804359,-14.8422125481
1.03538195843,-14.2000420456
1.03471048855,-14.6913500896
1.03701076804,-13.9102852093
1.038263768,-14.305040831
1.03262168684,-13.8322365149
1.04424818564,-21.0234508027
1.02903212213,-8.71966431964
1.03315433677,-15.0392833917
1.03553710597,-14.1435982017
1.03256785719,-14.4974171016
1.03461590509,-14.0762667358
1.03664348113,-14.0431010555
1.03230014843,-13.7150482819
1.0477506054,-20.9346526698
1.02761964233,-8.55761563144
1.03425236015,-14.7606224169
1.03663934348,-14.2488842356
1.03210490342,-14.794650831
1.03420623309,-13.8688111149
1.03628024701,-14.1648974716
1.03699311117,-13.8095317725
1.04522455416,-21.1968238996
1.02409546765,-8.79738907606
1.03650883459,-14.8608401944
1.03598982487,-14.3208852158
1.03700613551,-14.8683507466
1.03229946897,-14.6143341603
1.03945593328,-14.3541032491
1.03365635977,-13.9515773552
1.04763579715,-20.9850634431
1.02736524072,-9.04094379035
1.03713482759,-14.8747444118
1.03743173577,-14.332980133
1.03982688608,-14.7582057334
1.03957146168,-14.1440177379
1.0402702386,-14.1989011465
1.03808749987,-13.6769407208
1.05057578245,-21.1806145027
1.02526297234,-8.90363125679
1.03840880562,-14.9055197233
1.04079792472,-14.2802418717
1.03587658715,-14.7318742829
1.03526318769,-14.5023442013
1.03963801966,-14.1095593627
1.04049044862,-13.6798848133
1.05002576424,-21.0307544578
1.02756652821,-9.05379144548
1.03709268034,-14.7118865507
1.04117721452,-14.5372684784
1.03734739034,-14.7649251623
1.03680709247,-14.2280803963
1.03992999863,-14.5008308331
1.0384416056,-13.9855104821
1.04923687366,-21.4521706302
1.02902361055,-9.06064183497
1.03770080363,-15.0253410128
1.0359331082,-14.5277983048
1.03625451447,-14.9645162012
1.0348313025,-14.2966394239
1.03744845877,-14.4989413894
1.03860270493,-14.1629972792
1.04732789317,-21.0375307308
1.02574512911,-9.09827227055
1.03705891552,-14.7344669044
1.03984280876,-14.4058422458
1.03661807311,-14.7246852008
1.03825973584,-14.4338250338
1.03822047651,-14.2726941557
1.03615174849,-14.0952980716
1.04945337447,-21.0295719792
1.02826075004,-9.16471965535
1.0390541084,-14.9190744688
1.03753384601,-14.1711573078
1.03810912027,-14.8951293652
1.03631983158,-14.0380214152
1.0359109313,-14.4820411835
1.03311934594,-13.8872159289
1.04786155884,-21.1791680188
1.02984687376,-8.90881869118
1.0361211483,-14.8376565129
1.03445391328,-14.2537937977
1.03556563423,-14.6950562404
1.03526578964,-14.0483351766
1.03690700478,-14.3123673972
1.03439851166,-13.5122839853
1.04786438334,-21.1665861586
1.02735808029,-8.90102103642
1.03660675052,-14.7288398702
1.03676027451,-14.4302164863
1.04099943567,-14.6322703188
1.03264058324,-14.4767176256
1.03736152378,-14.2371206351
1.03427658749,-14.0257177709
1.04568690505,-21.0595599705
1.02453318485,-8.78513913549
1.03447678806,-14.9866636187
1.03439027693,-14.2051986266
1.03703069721,-14.9553166561
1.03603792418,-14.0927227772
1.0349433091,-13.9896041982
1.0365161761,-13.7358303208
1.05104550821,-20.6473989204
1.02638405564,-8.91988838435
1.0326808998,-14.7539553239
1.03590896331,-14.2886643825
1.03785218517,-14.5569549229
1.03333001081,-14.3175539209
1.03296747181,-14.5597815993
1.03160944332,-13.8304259602
1.0438616176,-21.0040229489
1.02334994663,-8.81449669127
1.03279961716,-14.9697373333
1.03553450571,-14.2391326305
1.03464123934,-14.8985456393
1.03076231057,-14.2065208678
1.03496019494,-14.5650393436
1.03654473601,-13.9086013321
1.04788183501,-20.9800422417
1.02390014605,-8.77089739911
1.03287786445,-14.8161000529
1.03167460352,-14.1829509801
1.0302757225,-14.724131286
1.03062791546,-13.9942462066
1.03384320213,-14.2223521397
1.03622510006,-13.6381935719
1.04393453494,-21.0439080265
1.02079596367,-9.0793910731
1.03115507174,-14.6757704889
1.03545960218,-14.3220621481
1.03287577052,-14.72758578
1.02776279001,-13.9484395551
1.03046166735,-14.4135853425
1.03106819788,-13.718134867
1.04591123498,-21.0869729894
1.02222375792,-9.21024813253
1.0307154822,-15.0427681686
1.03313436334,-14.4033194511
1.03459054905,-14.4972965822
1.03233620125,-14.2940286603
1.02964171337,-14.3713604044
1.03032381318,-14.0009379073
1.04435927622,-21.0862965345
1.02483035324,-8.98480443537
1.03327989862,-14.7747580574
1.02973690252,-14.426156199
1.03073204198,-14.818795624
1.02898070756,-13.8833626348
1.02584755875,-14.2187607147
1.02812540176,-13.9419578909
1.03912724966,-21.054770385
1.02200312946,-9.02975321711
1.0299024682,-14.8044713658
1.02808734633,-14.3700645213
1.02768684408,-14.6067991664
1.02780023034,-14.1254252292
1.02822399258,-14.1419148242
1.02784675103,-13.7675677308
1.04070304818,-21.267085758
1.02346625335,-8.79972185184
1.02723054726,-14.9314046901
1.02748592832,-14.4830418962
1.03193959746,-14.8729969245
1.02780803901,-14.3282604088
1.02896580522,-14.3243987807
1.02796136039,-13.8104269751
1.04104998394,-21.0330555624
1.0177993502,-9.12381782001
1.02781205598,-14.6028372922
1.02610555382,-14.3981129798
1.02796837238,-14.8859205941
1.02420123867,-14.1634022082
1.02777151324,-14.4088433394
1.0304909421,-13.7650776721
1.03585665225,-20.9724718988
1.01475040107,-8.90937276133
1.02609215513,-14.781512578
1.02476704282,-14.2832273673
1.0249079837,-14.5146981992
1.02571741833,-14.1022893128
1.03079516652,-14.3476586098
1.02896355185,-13.716248868
1.03612140604,-20.9064464637
1.01518161433,-8.96680989034
1.02569384861,-14.6714413679
1.02571903022,-14.169539441
1.02790685719,-14.513742437
1.02452665164,-14.0867123287
1.0241868741,-14.2998268323
1.02600166997,-13.6254997548
1.03863757575,-21.1311434468
1.01779379523,-8.92743707588
1.02744691841,-14.9328212236
1.02355345344,-14.1833803427
1.02445355406,-14.9231864024
1.02513771077,-14.0096462709
1.02488551189,-14.1560785579
1.02602275046,-14.0223987603
1.03390560278,-20.8818915464
1.01193840905,-9.11879304806
1.02390819884,-14.8462551123
1.02549426584,-14.3637954529
1.02788553968,-14.5515927937
1.02463955383,-14.2890147672
1.02324003252,-14.3619071641
1.02373816691,-13.9636255215
1.03618244691,-21.1506082781
1.01296387924,-9.15449257424
1.02703728414,-14.6793308431
1.0218515855,-14.3673084503
1.02317795394,-14.8394278679
1.02527266219,-14.1487265814
1.02857670733,-14.2036978448
1.02553286761,-13.7659321131
1.03577236286,-20.8744898152
1.0167386549,-9.18920788638
1.02306632471,-14.5830517425
1.02478979054,-14.4887931621
1.02388348944,-14.9275429399
1.01970580242,-14.2835357428
1.02189431863,-14.251296057
1.02180262333,-14.030643742
1.03267695513,-20.9146997498
1.01665761448,-9.32481901685
1.02598364183,-14.6260271982
1.02434396595,-14.2205805677
1.02364799793,-14.8856369082
1.02565279917,-13.7915426715
1.02245093824,-14.4832934975
1.02155835811,-13.7118184422
1.03316082441,-21.0702947957
1.01352373034,-9.12819079837
1.02555391333,-14.6607517999
1.02016208957,-14.5008419794
1.02385187571,-14.5144668026
1.02244829821,-14.2828285581
1.02195446566,-14.4588674176
1.02097120714,-13.9790483392
1.03608357687,-21.0572511968
1.01395915543,-9.09602227431
1.02412465695,-14.834091419
1.01981701428,-14.6808215218
1.02076918777,-14.4658243141
1.02167386833,-14.4429351939
1.02325070478,-14.3708606528
1.02380020935,-13.8187372731
1.03298770209,-21.1050566101
1.0124458576,-9.17751237571
1.02460383973,-14.8953249643
1.02535118895,-13.9846984551
1.02423205887,-14.5545551582
1.02233859448,-14.1643200978
1.0218821394,-14.3936783249
1.02111513329,-13.564872971
1.03257862888,-21.1455262674
1.0113042836,-8.96613938484
1.02311364421,-14.7728893411
1.02154655244,-14.160957621
1.02218262958,-14.8011164834
1.02505249296,-13.9882946014
1.02270751265,-14.3463217458
1.02405265247,-13.5918071851
1.03004230586,-21.0890629756
1.01306938101,-8.92565111274
1.02574933045,-14.8568033493
1.02230490991,-14.4472440572
1.02209370817,-14.5552376352
1.01935367574,-14.2936149192
1.02146360537,-14.4454242927
1.02546572018,-13.7773442736
1.02929809313,-21.2181738851
1.0148025166,-9.03030785107
1.0216463071,-14.9100777228
1.02403440968,-14.308371734
1.0205763116,-14.8332504135
1.01981027864,-13.9115953443
1.02540089194,-14.2921845306
1.02255247912,-13.5711028265
1.03367169205,-21.0991030557
1.01381887611,-9.02705312363
1.02395629312,-14.9688196407
1.02228917572,-14.1769696468
1.02322790257,-14.5769005845
1.02363752978,-14.0326512718
1.02315277034,-14.4237821147
1.02451989398,-13.7470222409
1.03528283119,-21.0639376118
1.01306963347,-8.74509223348
1.02229770254,-14.9139208941
1.02179625037,-14.518003233
1.02424771546,-14.740728183
1.02396783613,-14.2928708463
1.01929245033,-14.4494449715
1.02072018565,-14.0519080749
1.03590020109,-20.8150059186
1.01291519938,-9.28645167677
1.02257253694,-14.9048339984
1.02161408059,-14.5323482213
1.02279284923,-14.7744606047
1.02117199723,-14.072541787
1.02301533835,-14.1310382862
1.02488446039,-13.8455766816
1.03389892356,-20.614290701
1.01238988303,-8.89296675529
1.02325466634,-14.823882118
1.02076965475,-14.4255236839
1.02287162098,-14.7738262742
1.0229159533,-14.1668408365
1.02174696541,-14.3389316992
1.02093080001,-13.600231554
1.03442238438,-21.1018927727
1.01223068112,-8.70141954796
1.02252780464,-15.0791481995
1.02485786699,-14.235053835
1.02237466808,-14.9169060458
1.02513237883,-14.371802057
1.02485852092,-14.3418821117
1.02450426026,-14.0285564204
1.03670338811,-20.6145909668
1.01404611023,-9.02223196539
1.02540554822,-14.4676233365
1.02378308625,-14.2454391216
1.02397461493,-14.7110901406
1.02239350252,-13.9769054314
1.02577153046,-14.3070581542
1.02362682445,-14.0199900804
1.03028242884,-21.046157406
1.01415998818,-9.08454938736
1.02680812784,-14.7784746565
1.02279629706,-14.2685217359
1.02104929302,-14.8729198202
1.02521579922,-14.1771200544
1.02254195239,-14.4945823302
1.0240829349,-13.8148793066
1.03447981273,-21.0748763037
1.01420533929,-9.18148874486
1.02451548948,-15.0187549241
1.02754284436,-14.2486701876
1.02301110496,-14.7313572932
1.02485741842,-14.0049976508
1.02456334536,-13.9698478321
1.02290624719,-13.7674113442
1.0344845406,-21.170015736
1.01669152364,-8.90872542923
1.02804187468,-14.9977781767
1.02524977015,-14.4105463721
1.02922893702,-14.7433291088
1.02237405445,-14.1515977482
1.0212945168,-14.6316409729
1.02149283973,-13.6674339929
1.03940806017,-20.9628739444
1.01493110926,-9.14345931938
1.02334302578,-14.7981576902
1.02213526929,-14.4729563737
1.02617295483,-14.4259793056
1.02353719543,-13.8545788778
1.02444449445,-14.305952187
1.02262514847,-13.9894924266
1.03585854234,-20.9509632433
1.01155636726,-9.21173393543
1.0213133833,-14.884269941
1.02468762534,-14.5209304731
1.02237073194,-14.615739239
1.02359866226,-14.2098147511
1.02522190267,-14.3755330164
1.02728473922,-13.6577619139
1.03337251586,-21.1356104595
1.01994394199,-8.86116509591
1.02394792303,-14.9673524114
1.02504005447,-14.2969212509
1.02309660658,-14.7643463914
1.02468489674,-13.9944813536
1.02290872426,-14.5332011172
1.02730232363,-13.982886791
1.03720302487,-21.2683340318
1.01729585774,-9.25095006106
1.02539633261,-14.6456527036
1.02278612639,-14.5165984374
1.02592853487,-14.8143338928
1.02302705269,-14.1703419763
1.02896943015,-14.5357829855
1.02505516879,-13.8781571417
1.03445598084,-21.0135100884
1.01238587678,-9.32424160518
1.02511010458,-14.9002431087
1.02464771345,-14.6737887232
1.02641789185,-14.6858626197
1.0209664525,-14.260514058
1.02366926363,-14.1840593732
1.02507224203,-14.1521687955
1.03747221399,-21.2404536254
1.01518993503,-9.12300689675
1.02669662273,-15.0600950783
1.02909002384,-14.6088014602
1.02603529289,-14.7853283767
1.02726542478,-14.2097588296
1.02570450121,-14.2233340973
1.02527693611,-13.7848820818
1.03607685654,-20.9211200692
1.01497143759,-9.00851814875
1.02957166461,-14.9351125765
1.02492453658,-14.3001519309
1.02749397006,-14.9016381773
1.02351785784,-14.2545690257
1.02491989897,-14.5574396537
1.02263891533,-13.9415012712
1.03885230164,-20.935109956
1.01827015359,-8.96120659553
1.02754125628,-14.9377682002
1.02562259481,-14.5541512805
1.02645521846,-14.8936620634
1.0281595314,-14.4497838669
1.03050589519,-14.8879092467
1.02645932748,-13.9466912744
1.04063667096,-21.2427010879
1.01938979395,-9.04806903196
1.02476617519,-14.7704747654
1.02999307435,-14.4765674014
1.02703503717,-14.9691193216
1.02711305231,-14.147194121
1.02653847489,-14.6900116561
1.02779588467,-13.769634083
1.04032917616,-21.1335808394
1.01855558833,-9.14895180201
1.02822196142,-14.9993991015
1.02532634907,-14.5866225012
1.02678973741,-15.0115091441
1.02706158865,-14.2331970668
1.0257007781,-14.3706211851
1.02782369148,-14.089957258
1.04050743908,-21.1664163553
1.02106946244,-9.21379329495
1.02528791025,-15.0297445008
1.02641000514,-14.6227903647
1.02542120755,-14.9270247239
1.02575855557,-14.2570426353
1.02624195941,-14.1860450246
1.02936649274,-13.7500572904
1.04222545581,-21.0903464884
1.02116155382,-8.99197510824
1.02711919956,-14.6636965377
1.02627660353,-14.465777981
1.02642675774,-14.9653544561
1.02646962232,-14.239439729
1.02722615179,-14.5253289063
1.0253016877,-14.0894370379
1.04100545757,-21.1848946057
1.01799871899,-9.21530921708
1.03108587073,-14.8211812071
1.02824315439,-14.4134336776
1.0283568453,-14.6587736621
1.02695194611,-14.1419722122
1.02764001813,-14.4011007489
1.02727403908,-14.0534908304
1.03797264317,-21.0830218799
1.0153571086,-9.47321945286
1.02710350353,-14.9920768452
1.03110735799,-14.5961424615
1.02926265943,-14.8565316007
1.02891962673,-14.1638511389
1.03147755726,-14.5891986341
1.03115060139,-13.8199717763
1.03903649305,-21.2481985084
1.02486734972,-8.77504513599
1.03126867169,-14.664504812
1.02995508014,-14.3580390699
1.02742088619,-14.8807233356
1.03309469583,-14.2477919291
1.0317673717,-14.5332537699
1.03305790551,-14.0628002342
1.04169555093,-21.155763128
1.01935016469,-9.2163292429
1.03088071746,-14.8603126669
1.03154866253,-14.5212520885
1.03312277316,-14.9074045702
1.02839406474,-14.3308838155
1.03152164127,-14.2470069152
1.03044987509,-14.1277859834
1.04061714936,-21.3341694868
1.0221467196,-9.39506852785
1.02770252173,-14.9586145522
1.03048358349,-14.6359528096
1.03132352893,-14.7499633865
1.02864075777,-14.4568023355
1.03260444031,-14.3581228177
1.02891047101,-14.1021910467
1.0396741721,-21.5415258992
1.02347339861,-9.24072281241
1.03258288362,-15.033682718
1.03088024606,-14.7430094757
1.02832902852,-14.913848956
1.02832734914,-14.2133408837
1.03119197964,-14.5387913273
1.03082363786,-13.9836270984
1.04559023522,-21.1303999509
1.022869456,-8.91370859066
1.03117098198,-14.7317041911
1.03168959942,-14.4185087797
1.03421248791,-14.8295383395
1.03379062321,-14.4595338773
1.03112534624,-14.5717179431
1.02897116188,-14.0965888806
1.04229808408,-21.0980392185
1.01965768232,-9.23568284782
1.02956526996,-14.9654589031
1.03444996848,-14.5557302844
1.03465443322,-14.587224593
1.03404655351,-14.256323696
1.02981775032,-14.6048163431
1.02868189639,-14.1360600053
1.04533562603,-20.9853146404
1.02203946204,-9.10141900615
1.03313463142,-14.8118275968
1.03008012295,-14.8096662456
1.02961354066,-14.989938276
1.03541803083,-14.3316452726
1.03104895284,-14.4926474338
1.03349522029,-13.8076050444
1.04485216276,-20.993832619
1.02297432015,-9.02907766968
1.03229585939,-15.0356194524
1.02961396353,-14.4783019805
1.03008512254,-14.9107229846
1.02892743954,-14.5717841504
1.02934340101,-14.4600967857
1.03402462282,-14.215310286
1.04106796132,-21.2243683714
1.02175690405,-9.24985568456
1.03614681629,-14.7092342298
1.03422007688,-14.4994514485
1.03240963746,-14.7401897789
1.03038914247,-14.4035676496
1.02986183369,-14.4955999325
1.03270822148,-13.8156813215
1.04248464333,-21.0748753302
1.02042895663,-9.37694914177
1.03240581585,-14.9157928367
1.03201214477,-14.6713989431
1.03923416714,-14.8338357043
1.03271266973,-14.3988993409
1.03114713813,-14.4115745231
1.0323457489,-13.9107159877
1.04567720732,-21.2090460836
1.02383778769,-8.90189858209
1.03164569643,-15.1230040384
1.0315619666,-14.3282856615
1.03404376563,-14.8345400675
1.03127353387,-14.1059706738
1.03194267802,-14.5352586061
1.03308336645,-13.9652365925
1.04678854212,-21.1748386529
1.02269953518,-9.29951356151
1.03288288406,-14.9397202824
1.03070511764,-14.5580657807
1.03468873569,-15.1629205647
1.03140590834,-14.2959927849
1.03323702469,-14.6565797571
1.03473872722,-13.9580160523
1.04439774131,-21.1946841995
1.02234555744,-9.45065234948
1.03317576334,-15.0593758254
1.03022234102,-14.7578233124
1.03235067064,-14.7681714204
1.03310139731,-14.3917682004
1.03265279978,-14.6829414803
1.03190880641,-14.2055742579
1.04164708614,-21.2826686432
1.02142901939,-9.50224767556
1.03447813333,-15.0961555477
1.03519125535,-14.2632520969
1.03073810829,-14.9602635317
1.03191016341,-14.3581324241
1.03208769667,-14.3324755567
1.03024902229,-14.3757593045
1.04339969501,-21.1244376149
1.02773927928,-9.18161707935
1.03364161673,-14.9804874109
1.03180342837,-14.4506274345
1.03283825038,-14.9219438437
1.0316717499,-13.890296664
1.03312444713,-14.66663057
1.033634967,-13.980373551
1.04601179667,-21.2876901401
1.02741903552,-9.24770442593
1.03165696659,-15.0634826152
1.03059197221,-14.6174640238
1.03754768243,-15.0284291083
1.0321420947,-14.4324012898
1.03866671564,-14.1771470932
1.0344262146,-14.060316948
1.04214345286,-21.1486801075
1.02121200592,-9.28771056795
1.03372552649,-14.9738494377
1.03715735936,-14.8398986698
1.03393376001,-14.9878936381
1.03222735467,-14.4977258845
1.03613863641,-14.2612099964
1.03394370242,-14.0406069996
1.04533480067,-21.2579337254
1.02322455744,-9.12290760375
1.03431006044,-14.9951230558
1.03190367495,-14.4252086935
1.03377510868,-15.020517985
1.03275650537,-14.3932191571
1.03356561011,-14.4745182382
1.02997459879,-13.93272996
1.04517882619,-21.1898831379
1.02739245263,-9.28825969641
1.03474443241,-15.1004706711
1.03333929347,-14.7796143756
1.03250482425,-14.8297162496
1.03136783039,-13.9954166349
1.03038893191,-14.6141975352
1.03473643628,-13.9886135426
1.04475670165,-21.1695845318
1.02231861525,-9.52137704524
1.03038704805,-15.0796515479
1.03153525148,-14.6496029899
1.03455652944,-14.7643245365
1.03359047717,-14.2085826418
1.03318966291,-14.3383670864
1.03147518323,-14.0429333249
1.04246564464,-21.2517317569
1.02265705667,-9.40855060068
1.0330745955,-15.1562998351
1.03500083357,-14.5248230363
1.03326205896,-14.8551619847
1.03229456571,-14.3095186287
1.0324990585,-14.8312010802
1.03475282553,-14.0556763997
1.04488552887,-21.3945740462
1.02867262063,-9.26437039673
1.03437815025,-14.9929060499
1.03432027309,-14.5168693512
1.03929821996,-14.8991247788
1.03277639747,-14.5678075337
1.03485267489,-14.7290789396
1.02991186578,-13.9919601627
1.04448650232,-21.435744859
1.02271459105,-9.5409573693
1.03364371646,-15.0011857026
1.03504750803,-14.4490851146
1.03497638131,-15.0109179648
1.03646822678,-14.1966309189
1.03447287895,-14.7699661349
1.03495069431,-14.4126729122
1.04698098065,-21.429612107
1.027511902,-9.09235770527
1.03680528756,-15.2237843948
1.03401724705,-14.6567919217
1.03554199136,-15.3522664954
1.03344900837,-14.1698443181
1.03184003389,-14.6023223986
1.03356207096,-14.0977108819
1.04575910055,-21.1470080492
1.0231816916,-9.225738791
1.03293457543,-15.0074202448
1.03090630784,-14.7079413261
1.03351910928,-14.9541316363
1.03345857111,-14.2446619267
1.03066175817,-14.7725867135
1.02861957704,-14.1650107649
1.04621306407,-21.1917581532
1.02070172785,-9.32225096275
1.03329629255,-15.0990221612
1.03497705719,-14.7271002904
1.03211435712,-14.9178275768
1.03588409058,-14.3988891396
1.03064730612,-14.6176628981
1.03385098058,-14.2278450446
1.04493341239,-21.242517067
1.02678441151,-9.00828847439
1.03495960797,-14.8919406472
1.03228515781,-14.6991092973
1.03473401768,-14.9327421118
1.03178531551,-14.4413794889
1.0349135209,-14.7334907162
1.03385213721,-13.8721201026
1.0490686183,-20.8607404379
1.02453272244,-9.45447083074
1.03361183831,-15.198202359
1.03358950982,-14.4394777318
1.03143199772,-15.38449189
1.03192608205,-14.195266004
1.03394591547,-14.5340974589
1.03626066541,-13.7493900193
1.04284369044,-21.2742903339
1.02260373815,-9.08239655135
1.032291712,-15.0374888757
1.0365208285,-14.6145533759
1.03098765821,-15.0925866242
1.03042196481,-14.3932632618
1.03296042822,-14.989979641
1.03712166238,-13.7914369347
1.04414593047,-21.3591629496
1.02495682537,-9.54410084753
1.03186097044,-15.0257461167
1.03546438682,-14.3525613743
1.03339529758,-15.234389883
1.03309072642,-14.2297568956
1.03229133849,-14.8494940934
1.03787789283,-13.7852460418
1.04453035277,-21.4665598954
1.02329610202,-9.43928474621
1.03425934189,-15.2750315763
1.03442975442,-14.4306690493
1.03422522675,-14.8816277064
1.03107263604,-14.1351942523
1.03214156482,-14.7514268261
1.0319395851,-14.1618207644
1.04694738731,-21.3103193778
1.02242253045,-8.96483005458
1.03634167338,-15.124504921
1.03306200972,-14.6540605827
1.03589962037,-15.0305473299
1.03257092851,-14.3168740501
1.03162202811,-14.5868948268
1.03415512917,-13.9972673693
1.04365049542,-21.1933806521
1.02217999046,-9.16952354933
1.03266365989,-14.9485802143
1.03426022887,-14.8689215663
1.03492438506,-14.9668488968
1.02822119724,-14.6566644482
1.03320976033,-14.3455022231
1.03477684446,-14.1338891376
1.04730998951,-20.9902045528
1.02379144942,-9.12499197902
1.03145894056,-15.0374738944
1.03496262217,-14.6638556364
1.03503112096,-14.928829135
1.035868509,-14.2149609712
1.03461453809,-14.5908061117
1.03336344817,-13.8244970041
1.04526540577,-21.0716320322
1.02538976361,-9.14970527264
1.03185801641,-14.9724240503
1.03367699702,-14.495117138
1.03124197935,-14.9431759307
1.03493952175,-14.0993085853
1.03657969721,-14.7162698137
1.03179732897,-14.1660283857
1.04476371657,-21.5634218611
1.02375442301,-9.31283481811
1.03358974153,-14.9545397998
1.02837469333,-14.4906877615
1.03108992733,-14.9256650987
1.03195308159,-14.319948477
1.03671731012,-14.3480214767
1.03298627269,-14.004715463
1.04690901358,-21.2721547091
1.02457761938,-9.25254905811
1.03640993322,-14.7163968762
1.03196071208,-14.7245680553
1.03551095492,-14.9771644949
1.03315156422,-14.4011325766
1.03099275067,-14.576779534
1.03273749179,-14.302159782
1.04361160402,-21.0482050152
1.02304906847,-9.51038858459
1.03117134468,-15.2058828733
1.03381187898,-14.6065605361
1.03088085515,-14.7981980492
1.03235562709,-14.322298464
1.03103826658,-14.6586733213
1.02977639331,-14.0091052007
1.04545677948,-21.3011755714
1.02212492905,-9.11368999248
1.03527826412,-14.9864661624
1.03378938741,-14.5399516114
1.03467204285,-14.9853954165
1.03022844343,-14.0681116983
1.03279093981,-14.474042346
1.03142759577,-13.9709711601
1.04615523591,-21.1787963106
1.02265784134,-9.03317727059
1.03588392303,-14.8559225035
1.03202448531,-14.5610896241
1.03024840979,-14.9538440687
1.0323005583,-13.9011418575
1.03144617044,-14.4921240709
1.03001548486,-14.134927926
1.04169655436,-21.2187950277
1.02144477782,-8.93144435101
1.03335050244,-14.4217072771
1.03057638951,-14.5151794751
1.03130417173,-14.9017499019
1.03307349964,-14.3164788268
1.03251503202,-14.5156537622
1.03362170243,-14.0101427951
1.042420424,-21.2617521999
1.02179046538,-9.11321428317
1.03158279349,-15.0427949203
1.03206955852,-14.5809365301
1.03254825033,-14.9309995654
1.03005472686,-14.2575283087
1.0300990913,-14.7028998535
1.03173242631,-13.9109916253
1.04731818711,-21.1193986588
1.02378049639,-9.07435026515
1.02861715665,-15.0669321544
1.03287753673,-14.2582372019
1.03033474536,-14.7100443636
1.03379428838,-14.2014041603
1.03325001816,-14.4575706758
1.03243154091,-13.9296611382
1.04194647873,-21.1665921725
1.02131031604,-9.04671380794
1.03040900426,-14.970420057
1.0311998761,-14.4844619393
1.03209110012,-14.7265404066
1.03188307481,-14.3557050727
1.03027231576,-14.4285996128
1.02898692098,-13.8348758858
1.04302461073,-21.2635777141
1.02293309932,-9.15579969754
1.03259720629,-14.7493778583
1.03412713234,-14.3916469556
1.02968574337,-14.9124293607
1.03285679089,-14.1068312092
1.02929046875,-14.4166033177
1.03011932597,-13.860768795
1.04299262753,-21.5475632808
1.02180255458,-8.97798460776
1.0305458087,-15.1561003427
1.03095170978,-14.4409432205
1.0297590029,-14.9598373072
1.02948075396,-14.0702557877
1.03511718076,-14.2147196967
1.02735927774,-13.8757663217
1.04033988034,-21.2652614902
1.02106100007,-9.23411391238
1.03452231914,-14.7206050102
1.03179824051,-14.6057298987
1.029920148,-14.9866702959
1.03236128763,-14.0468044528
1.03095592908,-14.508018911
1.02944794527,-13.8181553409
1.04500221854,-20.9782719117
1.02395809273,-8.95672520738
1.0289069405,-14.9916043272
1.03071830973,-14.1563633562
1.02975603389,-14.8117840143
1.03318611191,-14.0377180759
1.03118550962,-14.2246167843
1.02978950983,-13.8467828926
1.04154156311,-20.8792238231
1.02101206162,-9.17622244602
1.02962291189,-14.9537373295
1.03298499005,-14.6634846951
1.02771248197,-14.6298001377
1.03179013741,-14.6152804128
1.02853756122,-14.4866577235
1.02941226552,-13.9994115458
1.04265890701,-20.9616009861
1.02396597291,-9.0881123464
1.03188341426,-14.7542724335
1.02900144012,-14.2697926319
1.03015997853,-14.8846670645
1.03160399979,-14.5130985677
1.0307890296,-14.2067147986
1.02967880518,-13.9159195367
1.03998199327,-20.9319099856
1.02086384278,-8.73084648361
1.03177185458,-14.821994874
1.02906815982,-14.398792133
1.03351304759,-14.7689466596
1.03227210966,-14.1763688891
1.03164486099,-14.4053846107
1.02884791957,-14.1328342236
1.04294047263,-21.0845597097
1.02266359128,-9.02267002098
1.03496467011,-14.9067127373
1.02995116706,-14.4706748645
1.03103030714,-14.6462138387
1.02949276255,-14.2103461961
1.03233856186,-14.304714629
1.02920135329,-13.6838755022
1.0434835778,-21.0391835268
1.02257681008,-8.87998912692
1.02904579605,-15.095858126
1.02922682516,-14.3675552369
1.03292111291,-15.0873621699
1.02477039961,-14.1915343983
1.03027929375,-14.3439057341
1.02914104773,-13.9671897008
1.04255981328,-20.9844727802
1.02329913503,-9.24016763923
1.03139185209,-15.006869791
1.03329082684,-14.3379614574
1.02855416059,-14.7480362398
1.03053524216,-14.2797683854
1.0325869918,-14.3865317751
1.02851026583,-13.5369921837
1.04245816898,-21.3713116856
1.0214375581,-8.7831004357
1.03085599506,-14.8762830649
1.02827535794,-14.2649517076
1.03139149662,-14.8351606584
1.0277067899,-13.8534812605
1.02895438571,-14.3513415084
1.03042309061,-13.609132344
1.04646747428,-20.8201449781
1.0222108382,-9.0585858762
1.02969307568,-14.8250528459
1.02763515778,-14.4468970595
1.03076195572,-14.8476486275
1.02987348802,-13.9922459305
1.02923249478,-14.6154685047
1.03049561696,-14.0589660421
1.03915180733,-21.0490164798
1.0201361358,-9.18779554145
1.03349080728,-14.8860763545
1.03185906384,-14.3692075816
1.03174253554,-14.9486169624
1.0294219442,-13.8322312516
1.0342464337,-14.0951518639
1.03173070591,-13.8997884673
1.0480087718,-21.1761071996
1.02113719489,-9.18923930746
1.03023590429,-14.9067319601
1.03236383309,-14.4563377489
1.03016270492,-15.0481821628
1.03520152179,-14.0523945956
1.03064373862,-14.5212018825
1.03378729457,-13.7010578968
1.04259029702,-21.0931081726
1.02351648346,-8.74491875035
1.03209739837,-15.0171910639
1.02907210855,-14.3485248454
1.02787550482,-15.0089719516
1.03185912007,-13.9274632559
1.03152195054,-14.2192155996
1.02676398157,-13.9584365749
1.04199004754,-21.0260900003
1.02078003946,-8.88637030329
1.03218567187,-14.7565656445
1.03129952373,-14.2143556069
1.02912943182,-14.8400875475
1.03357412232,-14.1534517344
1.0322941666,-14.4308497895
1.02849991081,-13.8701026969
1.04257471065,-21.1040028914
1.01970220265,-9.16861612098
1.02801422657,-14.9785002676
1.02930799807,-14.2491879155
1.0344692437,-14.6038303127
1.02918180479,-13.9533655717
1.03108521046,-14.2088349247
1.03102711872,-13.7319310196
1.04283901051,-21.2272086319
1.02272424359,-9.10749259765
1.02702094524,-14.7888557664
1.0255646942,-14.3884214646
1.03018860337,-14.9157652842
1.0308837945,-14.0256011545
1.03011702872,-14.5704537006
1.03164936866,-13.5212540015
1.04170655882,-21.0448395734
1.01992943995,-9.02349813582
1.03009426682,-14.7651727296
1.02898110228,-14.2833417958
1.02942844955,-14.8682962115
1.02805214715,-13.8242375399
1.03065822758,-14.2793238347
1.02861252394,-13.9982573256
1.04137740851,-21.0200064063
1.01616407804,-9.34561400775
1.028704165,-14.5407783138
1.0284844459,-14.2903339192
1.02825100723,-14.6076359868
1.02836083132,-14.0511439025
1.03179348911,-14.2609625086
1.03322216355,-13.696617243
1.04453910214,-20.9131118046
1.01945612737,-8.99539189129
1.02714383,-14.7685806664
1.02596850377,-14.3346476232
1.03176468043,-14.6346466175
1.02673513677,-14.0762156802
1.03048269424,-14.3174780157
1.03091644788,-13.765884397
1.04155326267,-21.2808514635
1.02172031967,-9.29938545598
1.02954087534,-14.8788001118
1.03130912457,-14.1608376783
1.03040684888,-14.7151027168
1.02950394608,-14.3221902499
1.03296805051,-14.1136666672
1.02778257396,-13.8923094788
1.04034620677,-20.7905869682
1.01787831089,-8.91326263352
1.03005738966,-14.8943858065
1.02694173874,-14.3120487549
1.03035013312,-14.2950018683
1.02653824583,-13.5912612901
1.02873956823,-14.3681221997
1.02622685415,-13.6174118928
1.03990739648,-21.0447625425
1.01791384207,-8.9586051412
1.02747975102,-14.5914137664
1.0255030838,-13.9660290885
1.02709938675,-14.536502606
1.02487034827,-14.1420317447
1.02807131267,-14.1634768975
1.02731043538,-13.8424295483
1.03818378214,-20.989757309
1.0197074769,-8.83991863634
1.02667068878,-14.7832193157
1.02536163105,-13.9879087693
1.02883846659,-14.5540916129
1.02787964116,-14.0939226273
1.03169214544,-13.8475695435
1.02364240131,-13.7675258034
1.04000125739,-20.9876192141
1.01895671779,-8.9757076222
1.02586758722,-14.8029722138
1.02455395027,-14.2177522048
1.03024552311,-14.6643441407
1.02680679446,-14.2787730192
1.026223717,-14.4329385521
1.03065532254,-13.5683339202
1.03866619619,-20.8591639273
1.01899866211,-8.73600754841
1.0268320771,-14.8959718856
1.03106867116,-14.1430685666
1.0268171112,-14.739941078
1.02479055213,-14.0565380302
1.02668474269,-13.9121618499
1.02628344728,-13.5305904877
1.03987247974,-20.8681595839
1.01766157631,-8.78834539777
1.02697443898,-14.7136542109
1.02711449474,-13.8846724119
1.02902722067,-14.6329039289
1.02513661407,-14.1022490089
1.02713096811,-14.0308000819
1.02542416321,-13.8106540272
1.03801275902,-20.8483427298
1.01777042253,-8.89117916134
1.02540050327,-14.6372640062
1.02434271556,-14.1640046895
1.02520690574,-14.6926327343
1.03008781748,-13.6808300173
1.02737755076,-14.1053035938
1.02331963423,-13.6097692299
1.0377014007,-21.0386514806
1.01612875955,-8.98739329297
1.02425671274,-14.7822818196
1.02725586233,-14.0625676248
1.02867798392,-14.6259203379
1.02286830266,-13.9247976361
1.03080507642,-14.1633694162
1.0269083022,-13.671924754
1.0402354269,-20.6395379586
1.01889162081,-8.69789370139
1.02509074946,-14.6639159074
1.02679231765,-13.8913032693
1.02740626038,-14.3365467554
1.03127282649,-13.6744726639
1.0299375833,-13.8044704939
1.02639599087,-13.5480751771
1.03773947113,-21.0660171145
1.01612230631,-8.81362743039
1.02504245253,-14.6516071844
1.02646753163,-13.9071800206
1.02810283626,-14.3114523788
1.02881069371,-14.0025925153
1.02661913695,-14.0885136448
1.02821212088,-13.4420427797
1.03992679057,-20.8767922934
1.01616715843,-8.79101789187
1.0249937972,-14.7326576703
1.02919407032,-13.9966211071
1.02701654846,-14.5308972915
1.02893698484,-14.1163593607
1.02827158136,-14.0857876124
1.02507255234,-13.7659779974
1.0380045819,-20.7694670742
1.01807823706,-8.7461161103
1.0250810402,-14.3983384147
1.02737582251,-14.2597333298
1.02711933726,-14.7441411612
1.02746272243,-13.9933567164
1.02380591768,-14.2667382416
1.02670735544,-13.6508922029
1.03300810473,-20.9342335037
1.01819389894,-9.04029880938
1.02589549683,-14.9273867971
1.0258606427,-14.1935324576
1.0263424026,-14.2223424713
1.0271118405,-13.738064179
1.02353633637,-14.0935564636
1.02540128816,-13.5250306809
1.0390784751,-20.6577714112
1.01835733176,-8.67209361499
1.02784776018,-14.3885580652
1.0280156664,-13.7590102352
1.02815886502,-14.6048692269
1.02567440159,-13.7569014131
1.02264622169,-13.9840718465
1.02396313353,-13.3552845304
1.03732589073,-20.7950175906
1.01503386702,-8.86921207861
1.02688811792,-14.7179377634
1.02688684218,-14.1393967835
1.025260989,-14.6140412629
1.02609908857,-13.7644609578
1.02480675628,-14.1327619461
1.03015473793,-13.3891348675
1.03688885684,-20.8274781907
1.01629449467,-8.94276300151
1.0249151842,-14.7028969795
1.02563461377,-13.8326367511
1.0274958398,-14.5971828032
1.02621587224,-13.6937845353
1.02899265166,-14.1603785402
1.02400174562,-13.5140228608
1.0394368591,-20.5641578984
1.0170002531,-8.57305708185
1.02650705367,-14.3706830995
1.02576490922,-13.9893479118
1.02639558716,-14.3264953547
1.02388255601,-13.705491119
1.02662170046,-14.2799347667
1.0250882308,-13.528590313
1.03875638962,-20.8260678028
1.01614984991,-8.41905699664
1.02608147053,-14.4739413226
1.023354922,-13.9798361934
1.02341100496,-14.3598883454
1.02620737965,-13.8825524901
1.02317691402,-13.850092188
1.02313229305,-13.4538995952
1.03655041957,-20.642511561
1.01862973287,-8.64429419704
1.02809836512,-14.6272388033
1.02555623927,-13.9187248737
1.02521971457,-14.5210575672
1.02369842488,-13.9755904359
1.02318125022,-14.0871891543
1.02523666178,-13.5636903182
1.03202756553,-20.7096256796
1.0170827834,-8.75122924183
1.02052661758,-14.5883082636
1.02647735008,-14.0099984595
1.02379084363,-14.505524231
1.02635429961,-13.78331622
1.02473809201,-13.9384554384
1.02356639111,-13.4562733299
1.03984794965,-20.7392919834
1.01570385418,-8.46851877518
1.02201156106,-14.7234779403
1.02363766576,-14.0174065321
1.02385582531,-14.3808815554
1.02455682088,-13.5052634884
1.02305079213,-14.2306324838
1.02602086262,-13.3518908811
1.03511283037,-20.8312974504
1.0171253101,-8.56109771821
1.02290008503,-14.6769777757
1.0244497866,-13.9675875961
1.02818409033,-14.4139017168
1.02664186487,-13.779183631
1.02253386671,-13.9924846069
1.02283543257,-13.6206558639
1.03535060378,-20.4996901974
1.01420274337,-8.82983097996
1.02612805273,-14.2730011799
1.02291712292,-13.8968550912
1.02830049517,-14.0824557163
1.02760624037,-13.3674019607
1.02373891213,-13.8967150561
1.02507402062,-13.415295694
1.03450590817,-20.7584848467
1.01372288418,-8.5228951103
1.02816360146,-14.2893111457
1.02708560491,-14.166727839
1.0240701776,-14.1977961195
1.02201836031,-14.251292889
1.0237022992,-13.7764152124
1.02110197533,-13.4432373601
1.03603399742,-20.4013478992
1.01361956302,-8.58543333966
1.02351884282,-14.5705311319
1.02097575717,-14.0596324385
1.02591999757,-14.5551836546
1.02050875969,-13.9065588669
1.02167290108,-14.1034529095
1.02399476809,-13.2451773244
1.03677560018,-20.7097156456
1.01483024872,-8.5279796025
1.02165030914,-14.2969608094
1.02552489027,-14.1851503289
1.02197969635,-14.3596328719
1.02486415224,-13.5108379591
1.02448781368,-13.767726609
1.02252785464,-13.1956782914
1.03620032013,-20.7556089254
1.0132812149,-8.42550384994
1.02505445653,-14.2661965786
1.02284451567,-13.9707843514
1.02232857942,-14.3735041778
1.02317432542,-13.691522995
1.02530181925,-13.8071766051
1.02234765282,-13.5165898359
1.03433348953,-20.581397839
1.01271530315,-8.82203643263
1.02493897144,-14.4068699015
1.02583671344,-13.6701768538
1.02724349847,-14.3037882527
1.01821563294,-13.6752457389
1.02313989565,-14.0298946518
1.02164992236,-13.4103082297
1.03672945593,-20.6997457662
1.01423112297,-8.4506107616
1.02211590131,-14.4673032068
1.02532912847,-13.695031576
1.02055640388,-14.4319134218
1.02205612547,-13.5681569867
1.02250304523,-13.8687686062
1.0209819903,-13.4866681128
1.03732288329,-20.6393274146
1.01271538129,-8.53476629008
1.02332220128,-14.455797338
1.02436735859,-14.1886176947
1.02322384738,-14.1266555303
1.02097198674,-13.7904942729
1.02227035069,-13.9726089422
1.02395881585,-13.3703583279
1.03364232778,-20.4594537576
1.0129113004,-8.84573822239
1.01981870861,-14.3039921115
1.01854037285,-13.7219416786
1.02063620319,-14.4160097135
1.02398512459,-13.4317571942
1.021122751,-14.0575812015
1.02271464812,-13.1662217106
1.03467975484,-20.4161686704
1.01511745677,-8.3950251066
1.02297553023,-14.262024393
1.02166396168,-14.0255979684
1.02357680355,-14.2490486851
1.02309494359,-13.6400307308
1.0204726408,-14.1057819795
1.02145501627,-13.3988233701
1.03472784588,-20.2428817606
1.01399812615,-8.444880642
1.02326081071,-14.4020406277
1.02078449169,-13.9000421519
1.02175760577,-14.2519820196
1.02462850938,-13.6840590763
1.01837002889,-13.7259291389
1.02166365786,-13.4458620765
1.03231702363,-20.1041369438
1.01370658976,-8.64927401089
1.01917869034,-14.3371093196
1.02051097356,-13.7110418597
1.02585211053,-14.2923021048
1.02053674086,-13.7191885224
1.01992218223,-13.9425426994
1.0214567841,-13.6794231023
1.03152137412,-20.2880591868
1.01374908367,-8.69973417938
1.02053788116,-14.4084694912
1.02169672284,-13.8319631854
1.02162904024,-14.0843885356
1.01984451783,-13.6933978109
1.01958213934,-13.9026182429
1.01943819755,-13.4366946564
1.03446314556,-20.3266769925
1.01160622416,-8.56257018318
1.0207788754,-14.3792150917
1.02071406305,-13.8542917812
1.02039266736,-14.3057831879
1.02355610537,-13.3202753113
1.01816416966,-13.6133927435
1.01915351836,-13.0726267942
1.0328177454,-20.2200418912
1.01368232898,-8.33945877496
1.02013076302,-14.341694353
1.02069402309,-13.4516271867
1.02097714051,-14.4277511765
1.01944081175,-13.7534406623
1.02058629907,-13.636386701
1.0201073966,-13.2842664516
1.03309874107,-20.5290153609
1.01158985497,-8.49322965737
1.01999075683,-14.1633825823
1.02067255307,-13.5586919448
1.02261282344,-14.2450792983
1.02270247069,-13.4006724692
1.02110707905,-13.6308291959
1.02407801208,-13.2650394544
1.03210285487,-20.4078807904
1.01419556493,-8.47700422877
1.02236869396,-14.2571130519
1.0216902658,-13.7782153808
1.02035505297,-14.2502250248
1.02098298774,-13.4100109173
1.02182403046,-13.9148983527
1.0207596761,-13.138385346
1.031901661,-20.2058476336
1.01147388224,-8.28693643284
1.02024896612,-14.3276101077
1.01947026771,-14.1928429025
1.01891358654,-14.3217133398
1.01879213644,-13.5904753948
1.01724853647,-13.702701792
1.0198622712,-13.173742071
1.0285314286,-20.3188281515
1.00798165732,-8.5733419857
1.0180904893,-14.2370603918
1.01938653838,-13.6632969005
1.02214372627,-14.0513279957
1.02193700862,-13.3582753806
1.02135640512,-13.6415295748
1.0167501053,-13.3261499601
1.03098438605,-20.3117605714
1.00909332152,-8.66481324194
1.01980071566,-14.374964091
1.01851605592,-13.857584891
1.01728587371,-14.233911974
1.02252403466,-13.7089401548
1.02161232806,-13.6998493554
1.01991320667,-13.2277506009
1.03448529502,-20.4660558468
1.01021246854,-8.31383954187
1.01949612008,-13.8757810378
1.02067460879,-13.3230150696
1.02360049574,-13.9823244678
1.02100214796,-13.3083422955
1.02392665554,-13.5391108646
1.01983300012,-13.231843296
1.03414239078,-20.3408677886
1.01062918666,-8.14551349907
1.01937438819,-14.2661843446
1.01949111523,-13.6913518694
1.01757483989,-14.2365423286
1.01968951345,-13.4603076258
1.0242245794,-13.8460133585
1.01959247668,-13.1473429745
1.03019172719,-20.4530766918
1.00933038956,-8.40832119453
1.01953377625,-13.9790578951
1.02102959087,-13.3728745103
1.02015633136,-13.9818243532
1.01678545459,-13.5211963121
1.017249708,-13.5016197023
1.01667255675,-12.9138230546
1.03038583495,-20.0528338443
1.00957977971,-8.27043210815
1.02033280844,-14.1799339414
1.01945472929,-13.6451521074
1.02344150847,-13.9143030833
1.01732518343,-13.3528089928
1.01975155689,-13.5155109901
1.02026593095,-13.1288488817
1.0342234818,-20.4977675845
1.01365252026,-8.23962811943
1.02132525658,-13.9195688883
1.02198689283,-13.3021589918
1.0216230122,-13.9402600583
1.01736040831,-13.3582438162
1.02119699368,-13.432885482
1.01969042391,-13.3124674664
1.03064300131,-20.2054231183
1.01149570988,-8.32007818858
1.02170168211,-13.9872837415
1.01892651551,-13.5059020049
1.02202863455,-14.0547942192
1.0190688135,-13.3514988492
1.01916978997,-13.6257437641
1.01970021812,-13.0520686563
1.0330849681,-20.249475331
1.01124578688,-8.18620024838
1.0176488532,-14.2066868175
1.01975501786,-13.6248795897
1.01938202116,-14.109909415
1.01740061224,-13.434558925
1.02087075409,-13.7548023081
1.01953985691,-13.0365229063
1.03149745671,-20.2172351064
1.00906445129,-8.47762288406
1.02438521567,-14.076000296
1.0197033569,-13.5689946691
1.01926878855,-14.1265551015
1.02219728557,-13.5365834938
1.01741899233,-13.5125490576
1.02138240476,-13.1685838627
1.02928502302,-20.1003653735
1.01139727152,-8.38203982954
1.01829127947,-13.9136453998
1.02206404717,-13.5361205496
1.02235981657,-13.8896954915
1.01639064638,-13.4711020756
1.02018194787,-13.3833464071
1.01777970045,-13.0092468821
1.03043486669,-20.0895973267
1.00927512564,-8.17331990998
1.0190520884,-13.9715271702
1.01586531603,-13.6981250702
1.01849572246,-13.8095852321
1.0181056748,-13.2841952627
1.01864248098,-13.1975375282
1.0200240784,-13.1549925898
1.0283879077,-19.9266768389
1.01097391902,-8.22171374171
1.0206817394,-14.0352179591
1.01914865102,-13.4604392652
1.01685398196,-14.030534815
1.01796380367,-13.1949641034
1.01784758256,-13.4619062925
1.01953172218,-13.050370901
1.03288231372,-20.0305437716
1.0114953426,-8.30843659929
1.01901325096,-13.8772563177
1.01660464084,-13.5130046938
1.01617966575,-13.9875535337
1.01928041059,-13.3931395409
1.01880071995,-13.6640160234
1.01568709017,-13.1665322418
1.03270856925,-19.9141328595
1.01105192184,-8.32572581942
1.0214673756,-13.9594656781
1.01923319103,-13.3943434222
1.01912254896,-13.9422658045
1.01691479128,-13.4960472901
1.01686491416,-13.4952926359
1.01740488994,-13.1542572356
1.03035838196,-20.1893560056
1.00819225944,-8.38068140384
1.01924530854,-13.8648614279
1.02308465827,-13.4074268335
1.02157132247,-14.0697246781
1.01469065252,-13.3219535077
1.01669992922,-13.3041395002
1.01639436576,-13.1566331386
1.02892187956,-20.1750216004
1.00939287214,-8.05661291916
1.01836862517,-13.8932356207
1.01934025604,-13.2482401313
1.01656818113,-13.9200262815
1.01742424573,-12.9504742765
1.01951571936,-13.4105014627
1.01721553134,-12.8355215054
1.03137888134,-20.043417611
1.00855977098,-8.15954991501
1.01752655658,-13.92002346
1.0180795433,-13.3492734349
1.01434706992,-13.9375956381
1.0183155966,-13.1161324012
1.01834472882,-13.1031451344
1.0160692794,-12.9665522396
1.02800221926,-20.0775363231
1.00995958711,-7.92800926166
1.02260503924,-13.6186293005
1.01719019679,-13.3502711259
1.01627606933,-14.0425094652
1.01737732444,-13.279807044
1.01602455323,-13.410807428
1.0138551352,-12.8290982016
1.02648174802,-20.0866397797
1.00720874281,-8.12548018046
1.01624100195,-13.9707434309
1.01730429308,-13.1401858486
1.01910010344,-14.1847192055
1.02006497447,-13.1757911435
1.01616754262,-13.3592473583
1.01629180988,-12.822156473
1.02392638293,-19.846007745
1.00877220211,-8.10942591576
1.01386109473,-13.8885188569
1.0183578784,-13.483087806
1.0166866734,-14.011793768
1.01361930223,-12.9949287621
1.01545929487,-13.550201528
1.01789007443,-12.6957004263
1.03014790779,-19.9899158198
1.00752830991,-8.2010837259
1.01708527268,-13.9557553325
1.01562066912,-13.4642048899
1.01900892296,-13.6820656937
1.01826473589,-13.352597133
1.01522846576,-13.3671779008
1.01656786116,-13.1057111973
1.02810630686,-19.9455646596
1.00919176321,-8.22316144031
1.01964131183,-13.9916450466
1.01648599501,-13.4667031451
1.01825125541,-13.6609821288
1.01722823914,-13.3479521131
1.02053617796,-13.3365803086
1.01923381446,-12.8548457637
1.03155390071,-19.7718405987
1.01219107912,-8.24227309389
1.01699562188,-13.9894614202
1.02126069563,-13.2891439035
1.01717881432,-13.944179629
1.01608861332,-13.0629585425
1.01747051444,-13.2934042814
1.0167157286,-12.9469453405
1.03006553135,-19.7818635083
1.00713832375,-8.10680649093
1.01793808165,-13.9297955534
1.01948639799,-13.2651510045
1.021079434,-13.9300719717
1.01708044212,-13.0177972151
1.01732979592,-13.382469335
1.02045622985,-12.6337028193
1.03080167266,-19.8677815518
1.01113799119,-7.75407309511
1.01917953214,-13.7348686143
1.02057384629,-13.110424915
1.01913073904,-13.5646417345
1.01839683913,-12.9094213407
1.01874418768,-13.2674564865
1.01770092652,-13.0630452702
1.03152342686,-19.7569875016
1.00896997969,-8.24135671488
1.02132967885,-13.6682504326
1.01965868798,-13.2487129482
1.01861885629,-13.8713212266
1.02193761292,-12.9540124786
1.01896056624,-13.4643596585
1.02214665294,-12.393307939
1.029770893,-19.6649631962
1.00844368552,-8.07740859637
1.01894992064,-13.7027543926
1.01992686057,-13.3104402466
1.02064095478,-13.4985791089
1.01726247923,-12.9879949888
1.02236419666,-13.2609069773
1.01962449842,-12.7656583505
1.03194019065,-20.053723544
1.01584275646,-7.89014236828
1.02354537766,-13.6592076391
1.01954732723,-13.2146420271
1.01884082152,-13.554264179
1.01721370204,-13.2145175802
1.02510837636,-13.1798511812
1.02021394073,-13.0282748457
1.03229385917,-19.6988645679
1.01262417854,-8.16493585304
1.02293870438,-13.7397201677
1.02207547957,-13.4330037635
1.01940165716,-13.5653096645
1.0236008536,-13.0756589116
1.02313466078,-13.0684911191
1.01899873738,-12.824817039
1.03779118736,-19.7664478111
1.01475119491,-7.43703346095
1.02549884564,-13.905796684
1.02326098672,-13.238845189
1.02116282281,-13.8433062728
1.02212806177,-13.1348098299
1.02114245133,-13.2195679674
1.02057038038,-12.8140985451
1.03060250107,-19.5834838859
1.01252942209,-8.22232040236
1.02448042028,-13.8900862686
1.02332839107,-13.2352163243
1.02174177144,-13.6157216805
1.02242947384,-13.1922975658
1.02451984097,-13.3465496665
1.02349813003,-12.9302463351
1.03436329171,-19.8825087331
1.01575279808,-7.85590456107
1.02667608537,-13.8593774824
1.02242298782,-13.2682578695
1.01937433083,-13.7802682017
1.02287055186,-12.9037987267
1.02229696935,-13.2327519859
1.02380225774,-12.7210476885
1.0368819878,-20.0348374402
1.01721787484,-7.82911609313
1.02766764422,-13.8917188816
1.02673345738,-13.1307379058
1.02660320699,-13.6329644604
1.02474049084,-13.2380246948
1.02787701146,-13.1545755402
1.02580622731,-12.69737104
1.03617172109,-19.8839271835
1.01680291437,-8.06830645008
1.02763092434,-13.7194886939
1.02745149256,-13.175181603
1.02773211927,-13.5605544479
1.0245109084,-13.030336286
1.02464675147,-13.1597813946
1.02595041823,-12.6399854657
1.04088409572,-19.7551048869
1.0179461239,-7.92314189339
1.02757841628,-13.5273779826
1.02827808512,-13.0248311921
1.02723309981,-13.66028323
1.02514259395,-12.9835834453
1.02561925251,-13.0809560343
1.02598079945,-12.6702147396
1.03527646214,-19.7549091276
1.01816767086,-7.99482031584
1.02521406683,-14.0771197585
1.02600439982,-13.0630437073
1.03071932098,-13.4054328665
1.02709558629,-12.8628757387
1.02855312573,-13.0290009896
1.02852582943,-12.7329854599
1.03897057615,-19.8470046686
1.01720593924,-7.92671644038
1.02885110131,-13.4537345178
1.02659558843,-13.1444618693
1.0341694059,-13.4583841461
1.02773272936,-12.9111670488
1.02819209555,-13.0265002015
1.02961643185,-12.4992499526
1.03985511848,-19.8736295549
1.02389002153,-7.79520294958
1.03574838162,-13.4899031759
1.03389491093,-13.0189857097
1.03879511267,-13.6123293479
1.03808012563,-13.0051586306
1.04618360346,-13.4039088971
1.05630828555,-13.0305291628
1.08106818422,-20.4851727658
1.08986163124,-8.36996753899
1.1367558193,-14.4508782373
1.18885644514,-14.7657756743
1.30271330264,-16.3420010049
