1.33581032176,-34.6609703388
1.23579063723,-34.3984427371
1.17446773007,-32.1301143844
1.15001335407,-49.4316126515
1.104641771,-19.7228410454
1.09816313223,-33.4798822817
1.09162189135,-31.8360422382
1.08631489786,-33.0728747347
1.07907388095,-31.3788308412
1.07637386867,-32.7641780664
1.07104972729,-31.7023065363
1.08486628187,-48.1788240448
1.06088788068,-20.0011456637
1.06781939009,-33.2657321347
1.0721132359,-32.0425692496
1.07171963457,-33.1712412682
1.06735035322,-31.6533034012
1.06738348526,-32.901174617
1.0687992694,-31.0379494331
1.08121963735,-47.196238027
1.05834553122,-19.953881281
1.06995597367,-33.5546196859
1.06959218947,-32.1243476456
1.06736899816,-33.2210943141
1.06405750725,-31.5562622582
1.06828419759,-33.327757275
1.06973833562,-31.2236811371
1.08675470809,-48.2831482027
1.06312605612,-20.4634099894
1.06739662952,-33.3715523988
1.07277318802,-31.7006024753
1.07198574726,-32.9793536022
1.07079244824,-31.9137449924
1.07304681404,-33.0017580656
1.07377757179,-31.1615796934
1.08847337732,-47.649908843
1.06288394881,-20.2653566074
1.07367624247,-33.1297927176
1.06970600921,-32.1078501305
1.07020301016,-33.4783563909
1.07013885683,-31.4599703005
1.06986634895,-33.1007856715
1.0692210818,-31.4193398718
1.08373268848,-47.9512722159
1.05749496084,-19.8204329406
1.06959268954,-33.3206809033
1.06532117626,-31.7026819676
1.06686297226,-32.7433171437
1.06268035042,-31.6388495211
1.06253314689,-32.8618901171
1.06528682159,-30.8640730573
1.07876380324,-47.6406952536
1.0554935849,-19.9528138648
1.06256528333,-33.1460916664
1.06272577982,-31.5282692994
1.06729828771,-33.324224018
1.06193466653,-31.2578240879
1.0627284156,-32.1776967965
1.05819464308,-31.6675758384
1.07764315631,-47.6647672738
1.05207265451,-20.4235405145
1.06137775323,-33.5343772755
1.05914383125,-32.1213927691
1.06055809498,-33.4948976698
1.05951747892,-31.3279843982
1.06248853003,-32.5338509658
1.06132524636,-30.7544646121
1.07319397903,-47.6567653934
1.05491780035,-19.7861088984
1.06192039058,-33.5531325487
1.06116122598,-31.9458245442
1.06061083041,-33.0935721902
1.06185146951,-31.2105137716
1.06071759351,-33.5243026234
1.06059300415,-31.5157741193
1.07418194426,-48.0663606226
1.05344034102,-20.2912943678
1.06021213001,-33.6707214413
1.06101036228,-32.1379053314
1.06006647118,-33.6016617976
1.06044887713,-31.7222810568
1.06194935493,-33.0756168122
1.06530272582,-30.9313653238
1.07347689267,-47.8091924585
1.0514668245,-20.1770198926
1.05796437448,-33.7196099806
1.05685375155,-31.8061627763
1.06030794824,-33.2486733724
1.05458316266,-31.6817399542
1.05828992098,-33.3229909921
1.05623310767,-31.9513220838
1.07063801349,-47.9564940307
1.0528020224,-19.9347876068
1.05624463616,-33.5335297598
1.0544741619,-31.8405016935
1.05973386281,-33.3157269175
1.05820907181,-31.8834497631
1.05963891408,-33.2978351128
1.05806811024,-31.4988988524
1.07301670613,-48.744520851
1.04558967965,-20.6239460464
1.05741492763,-33.6005563731
1.05842197198,-32.519298213
1.05943672529,-33.2653003936
1.05717695199,-31.7734490222
1.05947871276,-33.0107925472
1.05767549593,-31.2140360081
1.07221944227,-48.2310892803
1.04769650732,-20.6554540827
1.05410266984,-33.8151912759
1.05315837224,-32.7394715321
1.05641943956,-33.6244802765
1.05837202839,-32.0384464435
1.05929227435,-33.6848036922
1.05496341766,-31.8321104003
1.06957168973,-48.3694040645
1.04442440166,-20.3785641928
1.06106650426,-33.3383837177
1.05531263173,-32.2824184466
1.05676441976,-33.6541482803
1.05654967424,-31.4156986327
1.05714241994,-33.4420978004
1.05253895473,-31.8676640834
1.07433364117,-48.2389997504
1.04532465052,-20.6923319403
1.05552790757,-33.464908528
1.05200034157,-32.6270598791
1.05373040042,-34.0552535258
1.05507214685,-32.2206052069
1.05346719869,-33.3307751944
1.05439669276,-31.78498118
1.06788524899,-47.9706116064
1.04235001342,-20.5614164616
1.05570240337,-33.5986678865
1.05274964365,-32.4237960706
1.05419469013,-33.9822054045
1.0501575139,-31.9151925755
1.05488632372,-33.5906247986
1.05353781547,-31.0896372409
1.06843932818,-48.3847661057
1.0430491031,-20.3543582026
1.05669641006,-34.3653936735
1.05044062512,-32.5823178001
1.04990440447,-34.0721381916
1.05156639595,-32.3013689671
1.05346487097,-33.7693938862
1.05076225296,-31.6409163123
1.06835156594,-48.3662667255
1.04402494774,-20.8424234037
1.05153667958,-33.9843458273
1.05227592553,-32.5643930219
1.05117313203,-34.1338761252
1.05128010392,-31.8884601288
1.05610950415,-33.6581358405
1.05065013752,-32.5855852061
1.06724786154,-48.0490462196
1.04287495886,-21.3518596532
1.05264496105,-33.6974111052
1.04857823455,-32.6420646708
1.0502390813,-34.366058465
1.05026077254,-32.2563052945
1.05021735705,-33.6194050966
1.04905233022,-31.8868204135
1.06902292576,-48.420280356
1.04060224764,-20.9908317877
1.05364738108,-33.7286164468
1.04950717274,-32.3887788458
1.05025232123,-34.1997764676
1.05131737808,-31.6698235758
1.0556157298,-33.395454631
1.05484666986,-31.3948779305
1.06570699143,-48.1538949329
1.04139036033,-20.9718518076
1.05163504723,-33.9671428628
1.05075666272,-32.9836439278
1.05581395024,-34.1201550722
1.05185271709,-32.5978582397
1.0519259224,-33.3319818725
1.04958451933,-31.8455080893
1.06872272935,-48.6404958784
1.04536333797,-20.7710210595
1.05053872814,-34.3980316526
1.05514204448,-32.2804619853
1.05323955924,-33.9513126099
1.0463096759,-32.2680511179
1.05352019674,-33.487871617
1.04747369987,-32.0660273028
1.06395856045,-48.5163253395
1.04065714251,-21.0679305963
1.05012336507,-34.3027599311
1.04967472115,-32.6851531054
1.05302389894,-33.936961115
1.04841710867,-31.9534312515
1.05040341011,-33.7234313988
1.04993278352,-32.3810867583
1.06306384207,-48.239034057
1.04302111265,-20.797593911
1.05340252615,-33.8847790988
1.04821810548,-32.5870205241
1.0490849567,-33.8938698972
1.05162305854,-32.2177662076
1.04917931312,-33.2879922123
1.04812843544,-31.9390592805
1.06179292569,-48.5772883795
1.03981670636,-20.9564543797
1.05114244472,-33.9169388203
1.04866496917,-32.5635567746
1.04786728429,-33.6219885029
1.04753095063,-32.7263984582
1.04946990034,-33.4130184771
1.04790810495,-31.8050757692
1.06195627757,-48.5199989224
1.03815724271,-21.2194360969
1.051508304,-34.1113693413
1.04988672616,-32.2407634457
1.05011181774,-34.2735341451
1.04609239742,-32.4910348915
1.05221617613,-33.1753410405
1.04657017805,-32.2186501147
1.06389113927,-48.68033696
1.03776716619,-20.8737794683
1.05068840744,-34.0922593333
1.0503668963,-33.004458373
1.05167169069,-34.1739099838
1.04869069956,-32.62695678
1.04860287186,-33.8046430073
1.04844271106,-32.178648207
1.06292856927,-48.5731048765
1.03909725883,-21.3389042191
1.04854048111,-33.8132307759
1.05000405533,-32.8736692121
1.05089418106,-33.8702307501
1.04934104196,-32.5451591485
1.05336457267,-33.7148182901
1.04614067885,-32.2023059974
1.06310682176,-48.1451061459
1.03984923394,-21.5505695535
1.05223512619,-33.4799965173
1.05191605139,-32.2942098337
1.05038079646,-34.1969311379
1.04670810993,-32.2982217067
1.05203780503,-33.3595884548
1.04876217997,-32.0990592149
1.06308693232,-48.3327699012
1.03965391592,-20.973837027
1.0515407221,-34.575234256
1.04696256203,-32.5403000595
1.04898310341,-34.0434304738
1.04892582897,-32.0105397985
1.04861490583,-33.9627029769
1.04816775631,-31.8544098697
1.06322538259,-48.6918409268
1.03964200086,-20.5342290398
1.05051966512,-34.3389610655
1.04721634098,-32.7193672104
1.05199902684,-34.3498323102
1.05190333948,-32.2851208486
1.04938263544,-33.5991946667
1.04995499773,-32.2856743104
1.06666389163,-48.5655927483
1.0405091694,-21.4006918588
1.04885447449,-33.9534966341
1.04797698771,-32.7819589224
1.05010004719,-33.789147
1.04813291741,-31.5894971651
1.0490159284,-33.6979047972
1.04691591934,-32.2504592263
1.06249108844,-48.9671640054
1.0392311354,-20.901133013
1.05020191566,-34.0100604287
1.05071565059,-32.4989426984
1.04898817997,-34.3309099273
1.04902591325,-32.1871737294
1.04663895048,-33.8932097312
1.04567766848,-32.1003635411
1.06693035824,-48.2681170674
1.03899356021,-21.5001292517
1.04627616735,-34.4396215734
1.0499207128,-32.537230021
1.04797312772,-34.1117903344
1.05024665833,-32.3084999779
1.0482410542,-33.8453022087
1.048810084,-31.8767637829
1.06329187743,-48.4573229292
1.04075767975,-21.1690996344
1.05142483228,-34.5084206784
1.04831731146,-32.6768737422
1.04991112661,-34.7349794675
1.05218559286,-32.5133730494
1.05198270031,-34.0597720313
1.05205907633,-32.0567261732
1.06522749955,-48.7703270207
1.0404454832,-21.1727036588
1.05084166634,-34.0226247151
1.04946464139,-33.1546675141
1.04827331056,-34.7699383532
1.04939246969,-32.4721619294
1.04963141284,-34.0558293793
1.05103713924,-32.1384591905
1.06284213606,-48.511159905
1.03985468831,-21.2724817906
1.05332461971,-34.6128456365
1.05089000582,-32.6615804905
1.04974930965,-34.1221631045
1.04821377486,-32.7732763615
1.04939024916,-34.2850422338
1.04961226007,-32.5382967531
1.06391928022,-48.9685580975
1.03648297496,-21.4386567176
1.04972689363,-34.4897208914
1.04906063381,-33.1227689223
1.05193888902,-34.2377611493
1.05194237662,-32.4869211896
1.05326308121,-33.7378757294
1.04614197984,-32.6728442003
1.06307357627,-48.9441641464
1.03516543509,-21.2131285787
1.05435181185,-34.2078271504
1.0478335668,-33.1460323557
1.05201433666,-34.2188645868
1.04973325203,-32.6418722465
1.05100858475,-34.035107069
1.05225638546,-32.1866454252
1.06243660649,-49.2449982901
1.04564476115,-20.9692918848
1.05123319885,-34.7930422875
1.04861947355,-32.9705659857
1.05449076731,-34.128555988
1.05122502358,-32.596917525
1.04935162417,-34.0358586677
1.05037477677,-32.250897297
1.06319931115,-48.8787304813
1.03600081351,-21.4359408766
1.04988957432,-34.2384079465
1.05164589944,-32.8182385768
1.05237498944,-34.1712078495
1.05024774779,-32.4148903468
1.05055846073,-34.1301349126
1.05168418952,-32.283808802
1.06385978519,-48.1636392964
1.04057624939,-21.3075813231
1.05109645428,-34.2802008961
1.04801954913,-33.2051861901
1.05653973828,-34.1410559782
1.05268014775,-32.2321333995
1.05219353992,-33.485803712
1.05159075294,-32.0493654664
1.06526426622,-48.260409552
1.03941426164,-20.9966813221
1.04944378413,-34.1099590184
1.04936271561,-33.3203664762
1.04977190977,-34.5536630533
1.05092524836,-32.6953830992
1.05159575211,-33.6132307078
1.05125913086,-32.1438428672
1.06423253615,-48.7769777398
1.03871972547,-21.1187650488
1.05414504416,-34.248087309
1.04783895655,-33.0082947509
1.05303024543,-34.1104167378
1.04980958186,-32.3185744494
1.05218605964,-34.0010556445
1.05236594099,-32.2237172795
1.06564270825,-48.8836611256
1.04181862529,-21.5520454586
1.05097589896,-34.0325701039
1.04990540384,-32.9827008949
1.04944330823,-34.5000808609
1.05012755273,-32.3224729288
1.05009027136,-33.9316028505
1.04811704879,-32.1704617988
1.06471539735,-48.6156504488
1.04275476176,-21.3300969445
1.05008215514,-34.2829815272
1.04976550373,-33.3241395584
1.04968191398,-34.3713415598
1.04759994247,-32.6240044365
1.04937801926,-33.7809161332
1.05287181877,-32.0379403863
1.0678401409,-48.4592627919
1.04024194379,-21.5902268166
1.056581594,-34.2483302592
1.05257729665,-32.4191095891
1.04963820644,-34.3249179823
1.05050723582,-32.4460613088
1.05036723033,-34.4115532446
1.04807783661,-32.4246622789
1.06279402728,-48.6912739202
1.04165067837,-21.4306544895
1.05265051651,-34.4116769444
1.05007667773,-32.9135433898
1.05602327251,-34.4155707485
1.04998824394,-32.4703141463
1.05326938394,-34.4618973891
1.04930819769,-32.8356218427
1.06648884936,-49.3182875895
1.04111354506,-21.2587423684
1.0522092464,-34.8216729105
1.05129903841,-33.3378113535
1.05005810238,-34.7900153076
1.05351403455,-32.4392833117
1.05055500026,-34.2588547044
1.05473923063,-32.4205538862
1.06278126579,-49.1226966007
1.04296482493,-21.8088785718
1.05159785116,-34.7918392121
1.05090318817,-32.9701764506
1.05167700539,-34.3406487624
1.04769959531,-32.9230417313
1.05131002016,-34.0346401612
1.05328188687,-32.2310193269
1.06332769522,-48.3463029439
1.04298308284,-20.9856433141
1.05312747572,-34.5313186878
1.05116818687,-32.9230163521
1.05160780054,-34.6807035151
1.05316510881,-31.9477591507
1.05284360415,-33.9202366701
1.05354447283,-32.4015936522
1.06241068086,-48.8027948035
1.04048351683,-21.2167457202
1.05022421746,-34.1221222932
1.04892495313,-32.9454937892
1.0493119361,-34.9747543157
1.04889049924,-32.1311385303
1.05106689503,-34.4001990089
1.05193841481,-32.4720305806
1.06099239943,-48.6912797299
1.04208256497,-21.3650917571
1.05161209245,-34.0497883402
1.05102170177,-33.1144958273
1.04875844043,-34.5005973023
1.05177129515,-32.561127889
1.05466673241,-33.8907879915
1.04842542823,-32.3456288839
1.06225667067,-48.9117907636
1.04204525806,-21.7631280211
1.05604917705,-33.8413896684
1.05049568938,-33.228316287
1.04653518377,-34.465209451
1.0516071299,-32.3769267976
1.0499615374,-33.9535553366
1.0497632586,-32.6832917299
1.06453520948,-49.1207611829
1.03872716884,-21.9796283518
1.049183397,-34.4291959256
1.05103900939,-32.9132153003
1.051635333,-34.5823099366
1.05059557915,-33.0606363032
1.05170381467,-34.2245780956
1.04733198786,-32.4373858726
1.06691063024,-48.7803660277
1.04077326538,-21.4752560775
1.05180639936,-34.3379475524
1.05104356586,-33.3951276097
1.05387712558,-33.838606784
1.05423255775,-32.1625596962
1.05522475637,-33.8257607876
1.05152966578,-32.2930908791
1.06550135131,-48.899499263
1.0391371013,-21.5604475139
1.05032792057,-34.2390391722
1.04837353151,-33.2011336808
1.05176235117,-34.5952534814
1.05282622921,-32.5372053653
1.0510996926,-34.1590105887
1.04859989727,-32.2604692859
1.06440358265,-48.9856505908
1.03985364,-21.3956482909
1.05197258387,-34.7508008745
1.05308744744,-32.9833931835
1.04926423056,-34.6400888744
1.05319411235,-33.133870057
1.05238014452,-34.4268798244
1.05139229582,-32.3903285621
1.06405856177,-48.6454458223
1.04183766225,-21.6573266003
1.05258982362,-34.6557455614
1.04593140984,-32.9473775222
1.05828737086,-34.3449908295
1.05206912724,-32.4470630248
1.0508694661,-33.8588741138
1.05015252246,-32.6042743175
1.06062543921,-48.9008930039
1.04386450311,-21.1625030865
1.04946463648,-34.3415903772
1.05277215248,-33.4607857157
1.05361316898,-34.2151026308
1.05123282531,-32.9525732363
1.05269982891,-33.9273791397
1.05082933147,-32.5881626324
1.06339263189,-48.9706077344
1.03905658328,-21.7357190631
1.05391229697,-34.6467746498
1.04963040699,-33.2503389856
1.05214314426,-34.8227009463
1.04896345318,-32.7966504052
1.05129707678,-34.1963622065
1.04828006219,-32.5977611382
1.06311912441,-48.8066806303
1.03901138149,-21.5776103849
1.05249647738,-34.2975356668
1.04895241256,-33.9352149483
1.05017358587,-34.6878924365
1.04919057419,-32.6765573843
1.05224916215,-34.2552519634
1.05289387626,-32.8071135534
1.06206902499,-49.1238913382
1.04000586711,-21.758755865
1.05314327669,-34.3527262688
1.05561464944,-32.2820094869
1.04989790556,-34.2873121924
1.04964883199,-32.8143509477
1.05176851966,-34.1235296187
1.05008137722,-32.5322782208
1.0673704981,-48.9865868828
1.03997354869,-21.3648428084
1.05136483967,-34.2927387031
1.05169682386,-33.0365744535
1.05221973994,-34.458706283
1.04998740496,-32.7525534864
1.05357373107,-34.0372278626
1.05157710439,-32.3386916261
1.06792559891,-49.2826359831
1.040745315,-21.6586692571
1.05185312141,-34.6877519162
1.05407170168,-33.1795575311
1.05267943657,-34.4108019298
1.04964615153,-32.9770134238
1.05710199138,-33.4605030088
1.05247706305,-32.5912933167
1.06882454401,-48.7476650764
1.04138109053,-21.6302749925
1.05061475977,-34.5920370074
1.05216847803,-33.1963714593
1.05241609948,-34.6831901165
1.0534042409,-32.7427823871
1.05096253025,-34.4443399192
1.05101144257,-32.4255049201
1.066183906,-49.2082014632
1.04048623803,-21.8484512741
1.05338287664,-34.1419189986
1.05229561728,-33.5603440919
1.05270717716,-34.5764463838
1.05494285478,-33.3238713033
1.05382364701,-34.48974413
1.05464418204,-32.4541322132
1.06668792349,-48.8928324367
1.04240618337,-21.314660957
1.05562337493,-34.3326304828
1.05518543294,-33.067717856
1.04939860626,-34.3882531662
1.05442095653,-33.020242822
1.04964130748,-34.2020440048
1.05026300289,-32.6189847243
1.06374138986,-48.9313933679
1.03810984004,-21.6618910621
1.05204254468,-34.9781994686
1.04737266363,-33.3248903145
1.05304131747,-34.8325920861
1.04916721413,-32.9939466149
1.05424974391,-34.0879634104
1.05083763002,-32.1075524869
1.06409205256,-48.5367593448
1.03888659589,-21.2147217401
1.04826840403,-34.1699868213
1.05096559436,-33.3517899953
1.05132454297,-34.0275059108
1.04903008769,-32.4196945939
1.05063095012,-33.9672569495
1.0501793492,-32.343125451
1.06652713691,-49.1071059796
1.04190617814,-21.4733592157
1.05031866614,-34.9173055334
1.04900161632,-33.2575533893
1.05262539697,-34.6395271833
1.05305507088,-33.3591385412
1.05961902687,-34.0839876543
1.0518106511,-31.5653948607
1.06972932997,-49.1407844177
1.04279036211,-21.4307468833
1.05213860793,-34.5406505091
1.05462934458,-33.502965826
1.05063206456,-34.7585591126
1.05415299256,-32.650515158
1.05329007748,-34.2546396099
1.04973262462,-32.9896191107
1.06915137948,-48.9277048028
1.04382634327,-21.7963767
1.05171493542,-34.4106503992
1.05356278489,-33.0149704891
1.05104951058,-34.815561819
1.05395543369,-33.0828416315
1.05453521348,-34.1197268433
1.05148935201,-32.428232195
1.06646936519,-49.1742818349
1.04357779602,-21.5381786791
1.05325518922,-35.1611823003
1.05291781861,-33.5668906352
1.05396605814,-34.5742893494
1.05292856212,-32.5501921502
1.05114838887,-34.4698494534
1.04995014319,-33.287027588
1.06573751057,-49.2262986799
1.04250651912,-22.2868717443
1.05445291247,-34.470271521
1.05136544135,-33.36151686
1.05184410276,-34.9484099446
1.04710622979,-33.0569675933
1.05078531427,-34.5684550713
1.05331504337,-32.4720379118
1.06881653316,-48.9596433105
1.04195159747,-22.0377561294
1.05081089283,-34.4342476952
1.05746797026,-33.2560822788
1.05330341037,-35.2718181975
1.05360692296,-32.7117291765
1.0553260389,-34.5933824977
1.05100023178,-32.17397124
1.06420590095,-48.6179894815
1.04318630808,-21.1776528392
1.0561220923,-34.7096321955
1.05071144319,-33.3493284038
1.05308186708,-34.8391872682
1.05201420953,-32.4841135558
1.04958315681,-34.0465556236
1.05206694618,-32.4144831752
1.06429898446,-49.0424827279
1.04345054853,-21.4674555753
1.05577865429,-34.5776882444
1.05204654709,-33.3654780072
1.04996724076,-35.0760969878
1.0499002578,-33.0761018299
1.05228038489,-34.0799633076
1.05127147395,-32.8108360679
1.06760425475,-48.5116534273
1.0418368695,-21.7634196414
1.05416853647,-34.2006999963
1.04938758944,-33.0749600237
1.04969108971,-34.8073381948
1.04961699836,-32.8001596646
1.05145668228,-34.2803179442
1.05230165929,-32.6881780519
1.06536864125,-49.2824123
1.04453680239,-21.5211009605
1.05376719432,-34.7331079851
1.05718634286,-33.1976206172
1.05606680259,-35.2850773162
1.05006972936,-32.7414461972
1.04887671643,-34.8697385924
1.04887860305,-32.8969098137
1.06655048607,-49.4465019857
1.03982448844,-22.2981718818
1.05258307286,-34.9592538
1.05060011712,-33.4579524363
1.05157467678,-34.7963162146
1.05092559786,-32.8167725077
1.05460003907,-33.8657452858
1.05571657653,-32.2197036765
1.06359673085,-48.8585758061
1.04006030674,-21.3435764109
1.05463660749,-34.4384559394
1.04822275205,-33.5857873651
1.05296089522,-34.7116085053
1.05089029975,-32.6378532437
1.05396521396,-34.1143404394
1.0504055928,-32.7055603964
1.06506300712,-48.996579708
1.04394392408,-21.8433171576
1.05396279936,-34.685514857
1.05157397994,-33.2167127303
1.05074131667,-34.7268506922
1.05082631626,-33.0870677082
1.05554231645,-34.4352211991
1.04929424178,-32.6130738054
1.06829908953,-49.142023801
1.04176831335,-21.6918514256
1.05237622068,-34.6605718715
1.05126188511,-33.0521105354
1.05468592225,-34.2049896088
1.0524068409,-32.952120912
1.05719312082,-34.0979746848
1.04911879124,-32.6978901829
1.06761497952,-48.6856270901
1.04241061725,-21.479260369
1.05422848621,-34.3055988416
1.05175857854,-33.3104238807
1.05209450079,-34.665989659
1.05143454762,-32.6098082809
1.05269810434,-34.2477264251
1.05584861557,-33.1575805943
1.06622422216,-48.9886529882
1.0441544321,-21.8285693059
1.05191885367,-34.7512818979
1.05326925774,-32.9304083558
1.04940050425,-34.4903175988
1.04552470906,-32.5512492535
1.05014121109,-34.5950804563
1.05153489335,-32.4728519436
1.06493382793,-48.9911765539
1.04097384438,-21.5689455425
1.053104614,-34.5659334242
1.05285406389,-33.2493390426
1.05385091243,-34.4997971326
1.05190499011,-33.053223988
1.05150826538,-34.1783546673
1.0535670661,-32.3914800886
1.06744431037,-49.2679640885
1.03918973254,-21.9912076886
1.05270983744,-34.6154348352
1.05583684664,-33.1619328986
1.05593523023,-34.3700493482
1.05514658681,-32.3993340212
1.05815320085,-33.9712956571
1.0535242369,-32.9511076045
1.07123833228,-49.0722697263
1.04601798836,-21.4907108677
1.05245549635,-34.9306754904
1.05432472219,-33.2169035329
1.0524551693,-34.7610701378
1.05283066728,-32.5940899365
1.05483551825,-34.2964488058
1.05089051165,-32.6831046558
1.06337303739,-49.0694010625
1.03946731904,-21.2815307906
1.05069696515,-35.3864343818
1.05349671015,-33.4005905701
1.05331243821,-34.3918184265
1.05176100173,-32.9393233328
1.05346531078,-34.5052956299
1.04784422751,-33.1512659993
1.0655499544,-49.2448018727
1.04035560008,-22.1586873854
1.05289376914,-35.087263977
1.05478611148,-32.9145102072
1.05471895655,-35.3600342107
1.05043037883,-33.1935441772
1.05058037664,-34.8164622799
1.05098416045,-32.6466442173
1.06834869123,-48.977756493
1.04151862926,-22.1959465095
1.05122251109,-34.4356756392
1.05391262224,-33.6148802383
1.05477772726,-34.6403160707
1.05297964262,-32.712110344
1.06088657139,-34.6715522146
1.0536555962,-32.2898638594
1.06583516532,-49.2278678065
1.0423856068,-21.4082981053
1.05037888292,-35.1972033152
1.04873271676,-33.7012977155
1.05433993975,-34.3745243167
1.04890666799,-33.5006928806
1.05089196987,-34.5197477304
1.04877301481,-32.5340064402
1.0669461305,-49.3251418637
1.03959512972,-21.7199061639
1.05370250997,-34.258574412
1.05555127209,-33.3924874519
1.05024656268,-34.5297178382
1.05007535362,-33.1421338245
1.05546656088,-33.999446549
1.05428928616,-33.6258376612
1.06424652059,-49.1496717708
1.04021069051,-22.0445496079
1.05266860943,-35.0614907556
1.04551829425,-33.4456717081
1.05300306055,-34.985528031
1.0495040554,-32.6457695778
1.05205442336,-34.4964881307
1.05509794253,-32.0311870209
1.06392608714,-49.2463922855
1.04129099762,-21.8498440109
1.05748697851,-34.3453761136
1.05099879911,-32.8331477506
1.05368691253,-34.5933833523
1.05033534638,-32.5242111489
1.05016962078,-35.1436130874
1.05381573142,-32.5209259727
1.06635844447,-49.2755933116
1.04524112805,-21.7251036147
1.05344868372,-34.7218907833
1.0514517816,-33.4601094826
1.051585728,-34.4220177187
1.0568974599,-32.7955055723
1.05801312642,-34.4268844247
1.05060369093,-32.7430562122
1.06666851107,-49.1053552086
1.04204930322,-21.4604100695
1.05265064578,-34.6623054652
1.05498936817,-33.5260953123
1.05046430854,-34.6548713754
1.05203009251,-32.3690433828
1.05162477553,-34.2342427442
1.05239725989,-32.7752522741
1.06488040271,-49.2667437402
1.04039909834,-21.6761213919
1.05252632766,-34.9675041332
1.05373117415,-33.4311087685
1.05174051946,-34.9680477979
1.052506646,-32.8144846172
1.05217811901,-34.7376495204
1.05574767423,-32.3451958771
1.06756781635,-49.6741089525
1.04094812531,-21.948190745
1.05187980409,-35.0419505667
1.05259046015,-33.3758885923
1.05052508476,-34.8042371559
1.04722640605,-33.002625766
1.05140690512,-34.3633244512
1.05187541502,-32.7152213269
1.06702469277,-50.0778209477
1.0429552414,-21.6127403448
1.0522773296,-34.9156964725
1.05002092455,-33.1256277029
1.05220150577,-34.8049240389
1.05296695332,-32.7689677363
1.05316124048,-34.3828619321
1.04969831509,-32.806952935
1.06439456618,-49.6298338927
1.04080883173,-22.1036649987
1.0539711087,-34.324152409
1.04925248789,-33.4926246712
1.05112437451,-34.6281706971
1.04896645443,-33.2497654874
1.05376871557,-34.5233534574
1.05079322777,-32.8539987487
1.064192616,-49.0735325437
1.041008772,-21.7850784954
1.05137276445,-34.863481462
1.05369895188,-33.3569692254
1.05380919805,-34.6366555752
1.05139340794,-32.3696554308
1.05312215638,-33.9500208817
1.05013315637,-32.379365064
1.06582899668,-49.203027949
1.0384414384,-21.8397786865
1.04986232774,-34.5075688549
1.04994186991,-33.0892257474
1.0539247449,-35.1634322141
1.05230534288,-32.436017646
1.05601739663,-34.3764300646
1.05116686698,-32.8254110365
1.06810703498,-48.8272303014
1.04016828671,-21.8250777417
1.05043808937,-34.7008939442
1.05707303509,-33.4630497766
1.05410785948,-34.5585824874
1.04951054405,-33.0392054816
1.05193633783,-34.16392222
1.05311451084,-32.6007217234
1.06342527371,-49.1572090691
1.04342255913,-21.6501140384
1.05636779502,-34.5165765225
1.05218241672,-33.4680449233
1.05152283215,-34.4660809844
1.0526990685,-32.7827122746
1.05198792489,-34.3825431841
1.04889328112,-33.2001151864
1.06499893082,-49.0643198557
1.04228702247,-21.6802404476
1.05160604942,-34.8313835541
1.0529080362,-33.4124644426
1.05080862079,-35.1399959386
1.05601250664,-33.3822716851
1.05369026339,-34.4222903963
1.05431461862,-32.4845330946
1.06720258946,-49.097739636
1.03915758067,-21.9184525336
1.05056271861,-35.2367517857
1.0546704205,-32.8922463777
1.05108602732,-34.8767043171
1.04946548973,-33.0347590159
1.05415244938,-34.5650387196
1.05199630125,-32.8368631183
1.06928018714,-49.1141723451
1.04105361456,-22.1462113919
1.0515614971,-35.0195797295
1.05360729699,-33.7997171242
1.05194178458,-34.7423186279
1.05142642386,-33.4486054224
1.05396421429,-34.4747723109
1.04919412018,-32.713131506
1.06442387374,-49.0380486622
1.0421028062,-21.6499134183
1.04974779702,-35.0775500187
1.04943187488,-33.5274274859
1.05030932064,-35.0733127404
1.0510012365,-33.0497898832
1.05446888723,-34.2050148122
1.05234328847,-32.7459420382
1.0626491407,-49.6418034365
1.04391815019,-21.7784329553
1.05109403631,-35.1925218573
1.05124589449,-33.2228488048
1.04977330424,-34.9773086767
1.05128044025,-33.2501948359
1.05392450511,-34.5842566421
1.05100446432,-32.2916104243
1.06824903823,-49.7961146422
1.04313176736,-21.8016197721
1.05408393876,-34.7197675416
1.05129545297,-33.7377357209
1.0515091482,-34.6823044591
1.05424762684,-32.960174191
1.05426977263,-34.6224997267
1.04881282352,-32.6002166498
1.06276321314,-49.2487297714
1.04089715152,-21.727939359
1.05430621085,-34.8538266604
1.05023648158,-33.6521966445
1.0519635322,-35.0071078137
1.04836605045,-33.3102209921
1.05142958124,-34.8897208455
1.04972167062,-33.6815988136
1.06532473947,-49.0161887194
1.04143764257,-21.9197107759
1.05208062386,-34.6548015901
1.05045422771,-33.4957055903
1.05516449349,-34.8294468976
1.05055014573,-32.9641057528
1.05264925134,-34.4310194058
1.05329513586,-32.5853168313
1.06635155612,-49.5888526489
1.04121466277,-21.78140786
1.05549465039,-34.7242799663
1.05629319168,-33.5386995019
1.05439440763,-34.363047045
1.05218928939,-33.1599480823
1.05229753081,-34.7781876769
1.05312193419,-32.7819986072
1.0657762528,-49.7820447395
1.04564294373,-21.6511138115
1.05196560047,-35.0130569042
1.0546233614,-33.7802646336
1.05498772255,-34.7077047951
1.05024809339,-32.9686323136
1.05186314964,-34.4546408452
1.04969423475,-32.9607868745
1.06683211911,-49.3438379955
1.04329943735,-21.6257846963
1.05460725393,-34.3018224492
1.0515055777,-33.0981595395
1.05014588382,-34.6887369853
1.05442161634,-33.3787508676
1.05491534175,-34.5443146052
1.0521018253,-33.1544824263
1.06710585045,-49.2044455576
1.0453149274,-21.5814821941
1.05188212997,-34.5021726871
1.04967748033,-33.5358084831
1.0528094324,-34.6334292363
1.05121907342,-33.0051113868
1.05167563734,-34.3096012695
1.05174593371,-32.6094753185
1.07151040831,-48.8484178195
1.04258935232,-21.9058068398
1.05350580052,-34.7401070356
1.05290399485,-33.457932232
1.05453947874,-35.0940699638
1.05295855899,-33.4533466026
1.05257749973,-34.1451871325
1.05457442875,-32.7840000805
1.06964527849,-49.1008959569
1.04262113638,-22.0687794485
1.05345113454,-35.0091278262
1.05422477087,-32.9905091488
1.05261362809,-34.8454228962
1.05079073303,-33.3939119865
1.05393647733,-34.4573029846
1.05313564523,-32.6892118018
1.06770340708,-49.516879836
1.03841759773,-21.8579949574
1.05514996772,-34.9447081798
1.05659343629,-33.3129150052
1.05478498659,-34.6485000882
1.04967045183,-33.155772838
1.05100058961,-34.8455118532
1.04769099307,-33.452566878
1.0651276127,-49.427051023
1.04047058739,-22.1732022056
1.0533456867,-35.1803278743
1.04823881646,-33.4863822269
1.05338109941,-34.9631668556
1.05126988791,-32.9591071448
1.05193781337,-34.6905613237
1.05515480647,-33.4390047371
1.06784308635,-49.4532499673
1.04096743237,-22.3503642451
1.05406152892,-34.9763311878
1.05613088648,-33.4790557071
1.05054571796,-34.7477172876
1.04849282323,-33.7577437115
1.05460274344,-34.3609283156
1.05014863744,-32.8092867076
1.06425061651,-48.9505920288
1.04554257559,-21.9580788916
1.05168394167,-35.0946917231
1.05199921172,-33.5085224893
1.0524229783,-35.2303847726
1.05052005624,-32.7506635389
1.05671117144,-34.3349200288
1.05327645393,-32.8814628429
1.06361426537,-48.9636812036
1.03922855608,-21.1983525029
1.05432920605,-34.9010701981
1.05231376094,-33.7947824455
1.0555768067,-34.6996583949
1.04921762324,-33.1950007244
1.05492144848,-34.2547639536
1.04990604494,-33.2641801075
1.06470802773,-49.1722812938
1.04407324046,-21.8657925093
1.05214369268,-34.8420871378
1.05254147616,-33.9466473572
1.05263291116,-34.282768511
1.05425433435,-33.0563801079
1.0517809885,-34.6875661968
1.05071549667,-32.8311975799
1.06326165687,-49.2510387661
1.04096879674,-22.0008930412
1.05175490712,-34.8336242505
1.04874196117,-33.4992641922
1.05153119623,-34.4442109377
1.04876932147,-32.6650903089
1.05290083473,-34.4734134021
1.05270030074,-32.4604692572
1.06782394099,-48.6821261737
1.04207063921,-22.3168682556
1.0508894639,-35.0865138404
1.05132341578,-33.3641417653
1.05420176518,-34.5763397569
1.05414540305,-32.2229577911
1.05459235982,-34.5316877058
1.04933903826,-32.8515452918
1.06332349372,-49.4496083084
1.03870902829,-22.2567879532
1.05182175137,-35.1476558389
1.04995630839,-33.330969697
1.05301741624,-34.6861217489
1.051399313,-33.2546978665
1.05521044538,-34.5295440321
1.05242876642,-32.8438563897
1.06844416284,-49.1317208196
1.03754809837,-22.3243348195
1.05450827643,-35.3561492677
1.05201918737,-34.0173930895
1.05187887415,-35.2942245667
1.04932464156,-32.9470978636
1.05281973905,-34.3700220723
1.05429121774,-32.8735732112
1.0655269611,-49.184481117
1.04208979547,-21.9374474093
1.05567962801,-34.3980459791
1.0495842067,-34.2767577663
1.05372216639,-34.8240621494
1.05133064501,-33.0420887467
1.05473863074,-33.9331226026
1.05100726042,-32.8227421872
1.06545636185,-48.896523869
1.04301716904,-21.6924358112
1.05208864379,-34.8284867908
1.05135351209,-33.5863454113
1.05581538478,-34.914856671
1.05105963855,-32.666859109
1.05198424321,-34.2746704447
1.05180775287,-32.8051468714
1.06547030683,-48.8353368946
1.04259052319,-22.2988286094
1.05299391226,-34.9006478805
1.05169695015,-34.14764039
1.05441008518,-34.8681407429
1.04849179416,-33.4823535788
1.05529708566,-34.7669247802
1.05311163157,-33.1906385626
1.06597058891,-49.2376514376
1.04206388066,-22.2560959167
1.05288029237,-34.7091847947
1.05622627488,-33.5842877947
1.05461458336,-34.4958035207
1.05101947002,-33.1313168938
1.05547121167,-34.5461646951
1.05297468683,-32.5827455836
1.06634248512,-48.9558123275
1.04068207764,-22.0970060905
1.05548717147,-35.4466673244
1.05374798814,-34.320873882
1.05535941771,-34.9587895285
1.05199461748,-32.9695260762
1.05310603499,-34.6689067647
1.05215280863,-32.753100495
1.06411966346,-49.7339329748
1.041944757,-21.9278590439
1.05864485964,-35.0878302523
1.04991727793,-33.6990146024
1.05409883712,-35.1960594053
1.0490301925,-33.1597747063
1.05599206015,-34.4589351011
1.05160479716,-32.1500690044
1.06396572534,-49.939732002
1.04028210985,-21.2894487935
1.05261717631,-35.2854547232
1.05311481487,-33.2627844365
1.05447978484,-34.7952454334
1.05592691919,-33.2033759111
1.05530245117,-34.6257212087
1.05493511444,-32.8401654302
1.06726124776,-49.3185463638
1.04584676166,-22.3124651048
1.05364586254,-34.9563675999
1.0526851428,-33.8013399361
1.05554620697,-34.2466704062
1.05193246116,-32.886411134
1.05323713313,-34.9326083771
1.0544177335,-32.9711620776
1.07130578822,-49.0347653103
1.04257440293,-21.8459350653
1.0543086716,-35.1141446596
1.0540369892,-33.9780599342
1.05514925528,-34.517791441
1.05123566611,-33.2532424224
1.05558198742,-34.6250790806
1.05013648153,-32.7453173097
1.06701400173,-49.4737214305
1.04077534049,-21.6981355101
1.05202043036,-34.646575503
1.05204061679,-33.7612857542
1.05475598495,-34.416340277
1.05408194273,-32.8388334253
1.05221436985,-35.1041390172
1.05531552535,-32.9595273179
1.07287330761,-49.7906293344
1.04283923414,-21.8125432522
1.05576950614,-35.1620025972
1.0541312431,-33.3670778648
1.05197169556,-34.793159039
1.054934582,-32.803481378
1.06151987019,-34.5854011725
1.05284282109,-33.2265114711
1.06839083144,-49.8263878229
1.04421100496,-21.8842490772
1.05603701303,-34.5543103599
1.05590747759,-34.1747148704
1.05579088902,-34.9614938422
1.05437655959,-33.4523275225
1.05558968941,-34.6816569133
1.05235169743,-33.1517021473
1.0692414345,-49.3636270222
1.04310740107,-22.1814049231
1.05480645075,-35.472384467
1.05355284655,-33.6021982662
1.05322153718,-34.9556076377
1.0550458449,-33.4015952596
1.05402177323,-34.7534478298
1.05110721367,-32.6225926552
1.06879567456,-49.3114283284
1.04071856284,-21.7303036683
1.05402326687,-34.6436024248
1.0519193043,-33.715618414
1.05613323009,-34.7020418563
1.05241899103,-33.3265855785
1.05310383181,-34.2994741813
1.04968460249,-33.3570932698
1.06719206675,-49.4104863384
1.04293574525,-21.9704472308
1.05410226533,-34.6508783349
1.05403581475,-33.8025413554
1.05254740562,-34.7974656619
1.05337027691,-33.1932895635
1.05534962053,-34.4287336706
1.05067521281,-33.1738458769
1.06577432592,-49.685009331
1.04400993395,-21.9322608507
1.05763321093,-34.4186928566
1.05091585974,-33.9086872418
1.04941388987,-34.6603864335
1.05214537044,-32.8436197661
1.05096390157,-34.4325193279
1.0547273084,-32.8427554559
1.06466322395,-48.7908970518
1.04407824364,-22.0288660954
1.05067090642,-34.8324185788
1.05409016412,-33.2212342179
1.05475053988,-34.710135115
1.05375040499,-33.3178714568
1.05180233882,-34.6041886259
1.05273768323,-32.7976153955
1.06819510279,-49.5985621533
1.03983308903,-22.2105065727
1.05181704631,-34.7553199411
1.05390480939,-33.4653246373
1.05514349508,-34.5534358201
1.05147970959,-33.1441925243
1.05407609318,-34.9166775842
1.04924464708,-33.1198006556
1.06574584653,-49.6046992547
1.04431593029,-21.6327157506
1.05209992444,-35.12361148
1.05329095514,-33.3256936275
1.05095986472,-34.8965078387
1.05257806031,-32.9300684311
1.05162764527,-34.4119302136
1.05315759039,-32.366553198
1.06620934003,-49.1392625214
1.04740803526,-21.9266517727
1.05354526369,-34.7283154338
1.04888986762,-33.5638568501
1.05437003558,-35.379084167
1.04999276858,-32.9240468461
1.05095295446,-35.1422447266
1.05347951034,-32.6155536528
1.06656601547,-49.3267394337
1.04210795267,-22.3531404696
1.05490725149,-35.1511602394
1.05181684567,-33.4576629019
1.04938415012,-35.0256213947
1.05135581588,-32.9415874371
1.05102495577,-34.4770952344
1.05078507774,-32.9647201285
1.06618507521,-49.4389767787
1.0433249434,-21.9067767512
1.05178074849,-34.5710061775
1.04897734079,-33.7301598304
1.04867581459,-34.8965104814
1.05466341663,-32.3492624552
1.05380839234,-34.4779356159
1.04950538258,-32.4421588225
1.06438073585,-49.430090726
1.04279733076,-21.7233219556
1.0565790167,-34.9355145068
1.05154146759,-33.8191362242
1.05567450923,-34.6615800662
1.05211541504,-33.2306355718
1.05181918124,-35.0107716355
1.0558330096,-32.3687125834
1.06853073645,-49.5111675481
1.04311481638,-22.3641286614
1.05469556528,-34.9844150024
1.05345459154,-33.266299825
1.04995278603,-35.1123157873
1.04919705506,-32.5977866462
1.05419421079,-34.719100589
1.05441459608,-32.8400018408
1.06851072168,-49.0134584755
1.04211270034,-22.2692685031
1.05148943981,-34.9070762975
1.0551917518,-33.8805140815
1.05270253243,-35.4408373113
1.05167349893,-33.4650571632
1.05486571013,-34.3508171238
1.05082810865,-32.7907959592
1.07055412563,-49.5560915603
1.04394853323,-21.7218875496
1.04950915786,-35.2868470165
1.05412806341,-33.17789832
1.04946408505,-35.0230040983
1.04722866802,-32.9577621289
1.05230226353,-34.3885516186
1.05017974597,-33.3755373531
1.06573766061,-49.5324813696
1.04356859552,-21.3593006656
1.05210225514,-35.0191020423
1.05368098136,-33.747824419
1.05236614429,-35.6509361283
1.05174400368,-33.3320606361
1.05220879305,-35.1611997661
1.05395174509,-33.4070594734
1.06692633521,-49.6537094921
1.04460759885,-22.3596695271
1.05277162832,-34.527327773
1.05560164052,-33.2433507154
1.0558746229,-35.1985819853
1.05180949299,-33.59222417
1.05102757831,-34.743097537
1.05181263979,-33.1216713785
1.06591913332,-49.2260942155
1.04467011642,-22.0266635502
1.0511776766,-35.1092303002
1.05016562165,-33.6406378198
1.05752882853,-34.7649936065
1.04863403767,-32.980128658
1.05215749034,-34.6614849105
1.05415525035,-32.8493178736
1.06874489428,-49.7297552928
1.0442492101,-22.0657175458
1.05205451444,-34.9913496345
1.05301848696,-33.921395767
1.05399682081,-34.6875718125
1.05420156346,-32.6721997277
1.05554353524,-35.1267986517
1.05669889034,-32.4850443714
1.06936362079,-49.8682218487
1.04595247911,-21.9019531935
1.05004169008,-35.2007863458
1.04941025705,-34.1983327437
1.05546704109,-35.3481156482
1.05074058502,-32.9830219188
1.05588356609,-34.9077322616
1.05040810154,-33.0134089854
1.06510130127,-49.7802212426
1.04380679772,-21.7006364278
1.05153912842,-34.9630607065
1.05059116298,-33.855168658
1.0542974547,-34.6981179242
1.05019342963,-33.509692821
1.05087272506,-34.5812901368
1.05036440585,-33.3414403599
1.06621066355,-49.3660794187
1.04143312058,-21.9089178007
1.05191010905,-34.9451805627
1.04952310423,-33.77965233
1.05110887643,-35.4433253769
1.05043333203,-33.3038775183
1.05538515186,-34.9332258053
1.05214053988,-33.1618780753
1.06371672651,-49.5136407297
1.04276431196,-22.4687686473
1.05171847804,-35.103606247
1.05156995154,-33.8725026667
1.04949715474,-35.1893857422
1.05068261154,-33.4702705725
1.05251542521,-35.0768952971
1.05188287591,-32.9131310611
1.06527866788,-49.3344179411
1.04446134395,-21.7358680517
1.05020893685,-35.2789654916
1.05167264622,-33.7110278286
1.05294434404,-35.0250381136
1.05293380993,-33.0724767899
1.05189910726,-34.9774135584
1.0496394367,-33.01137885
1.0626860223,-49.4856121561
1.04129449023,-22.2500256918
1.05177935995,-35.4653888033
1.05246439609,-33.8574613954
1.05254943479,-35.4007255142
1.05284522493,-33.3535508183
1.05251059524,-34.6103711355
1.05798417048,-32.5540646979
1.0640674967,-49.5716754709
1.04206267809,-22.1245368453
1.04884667243,-34.6475965672
1.05202780871,-34.2233136667
1.05674032731,-34.9457470866
1.05082698556,-33.5385138455
1.05392702451,-34.653971853
1.05127970407,-33.1303857676
1.0719546963,-49.8044769752
1.04209833205,-22.3222525891
1.05410546987,-34.918303223
1.0587714922,-33.9466007805
1.05485082273,-35.0246003664
1.05609672273,-33.1618270373
1.05443882793,-35.1957638221
1.05427286968,-33.6164766327
1.07214832895,-50.2571745781
1.04376617278,-22.1328055247
1.05718025899,-35.1241788509
1.05564807362,-34.7659682175
1.0602050734,-34.8479808862
1.0579440508,-33.8323529766
1.06118327565,-34.8440355332
1.05667209145,-33.3610557743
1.07272513536,-50.1293483498
1.04594724543,-22.3991047584
1.05873472212,-35.5739514262
1.05814260229,-33.8946950727
1.06016924004,-35.4055087918
1.05666133952,-33.7514189227
1.06001220292,-35.2170698287
1.05647279887,-33.7544624531
1.07289370876,-49.5710775519
1.0494440406,-22.3603248965
1.05808480044,-35.2791777679
1.05621826073,-34.1412676992
1.0639545744,-35.4557122243
1.05646865616,-33.4503005937
1.05589343521,-34.6178121326
1.05632594214,-33.6170625366
1.07374803772,-49.4031565946
1.04672700907,-22.6102781313
1.05701631789,-35.4700693304
1.05629961289,-34.1125586741
1.05627640577,-35.4345298765
1.05545461331,-33.0580204666
1.05428972157,-35.0055429791
1.05525464316,-33.546484467
1.07241102796,-49.9552027863
1.043072627,-22.150599117
1.05672266837,-35.7118466699
1.05399146885,-33.9924321935
1.05333472878,-35.6019788241
1.05727055704,-33.948791608
1.05334262595,-35.1484628768
1.05155114083,-33.1799148539
1.06629596254,-49.5985467661
1.04386230969,-22.310131862
1.05537239385,-34.9624830497
1.05192931818,-34.1285035146
1.0562428654,-35.173439239
1.05602719316,-33.6089534596
1.05659478009,-35.2168625038
1.05468031844,-33.3308464393
1.06918438085,-49.6401211282
1.04187435455,-22.7887150934
1.05482733012,-35.0802545521
1.05339286961,-34.1602097085
1.05728916856,-35.2221498764
1.05532205352,-33.9676845075
1.05503835144,-35.1526983007
1.05695546651,-33.2316848048
1.07350119531,-50.0155426376
1.04836645099,-22.1432272384
1.0568140918,-35.1055744995
1.06026990406,-33.9194724827
1.06009988463,-34.9526971211
1.05322182221,-33.0011312219
1.05996935633,-35.1447963405
1.06001125663,-33.4906304789
1.07263198296,-50.2171518388
1.04667237616,-22.2726603517
1.05680233521,-36.0716510444
1.05908101546,-34.1406253265
1.06085300754,-35.9646174634
1.05529946654,-33.5418881187
1.05578512708,-35.2046568323
1.05830554858,-33.2372764393
1.07226836979,-50.1212308507
1.0486460953,-22.5143801901
1.05626711177,-35.8253839455
1.05790475584,-34.0422927224
1.06297794337,-35.0536366406
1.05678644883,-33.4342139421
1.05980265558,-34.730559215
1.05811763536,-33.3304749316
1.07092127943,-49.6509575053
1.04617879729,-22.6848815248
1.05847189332,-35.507593333
1.05645232271,-33.7708745562
1.05728792203,-35.5170120317
1.05878150971,-33.5348180674
1.05584839221,-35.0830625794
1.05532938608,-33.5302942358
1.06995249573,-49.490946458
1.0463657711,-22.3076151588
1.05616756481,-35.4536327509
1.05883972064,-34.0492367848
1.05664128531,-35.6168922813
1.05606698754,-33.2822177782
1.05805476434,-34.8234801156
1.05489248921,-33.3249261026
1.07217144095,-50.1271234455
1.04430132728,-22.7881742697
1.05605111663,-35.071962644
1.05482257031,-34.1269261705
1.05914917857,-35.473327817
1.05511122435,-33.5953692365
1.05805517291,-34.7834969308
1.05568288967,-33.51639344
1.07117087536,-50.0369713294
1.04374077637,-21.9660344102
1.05626538885,-35.5749766895
1.05519572536,-33.7046858165
1.05574347695,-35.1764905871
1.05674034696,-33.7085493692
1.05578829617,-34.8262832998
1.06491452855,-33.0618299441
1.06995770659,-49.6077620805
1.04816568517,-22.0809119325
1.05579472299,-34.7860201174
1.05619864787,-34.3455194762
1.0571094202,-35.6073666158
1.05679954582,-33.6553040359
1.0581585614,-35.0841868881
1.05789675374,-33.5838567614
1.0708695975,-49.5973506904
1.04694525343,-22.3889968395
1.0585098262,-35.489357799
1.05925551637,-33.9021533754
1.05516591459,-35.4200152806
1.05797230695,-33.488012118
1.05846117753,-35.5291015422
1.05659372114,-33.5299858664
1.07669847362,-49.704033021
1.04576711601,-22.3717081104
1.05644907969,-35.4558331427
1.06011239938,-34.5168052822
1.05922434431,-35.289712636
1.05603686915,-34.2105690914
1.05787206417,-34.8530922649
1.05976303075,-33.7157847737
1.07057020737,-50.1409954761
1.04907091711,-22.2383363821
1.05802050724,-35.5742552761
1.05763696696,-34.1512042153
1.05749934387,-35.0040269537
1.0559700848,-33.7281641121
1.05825291008,-34.9272796076
1.05899648897,-33.5744228359
1.07382613112,-49.8833790303
1.04892526621,-22.4926195869
1.05564979328,-35.8151807822
1.05702346304,-34.0533193335
1.06081480699,-36.2919334476
1.06031758652,-33.1560620529
1.05808894142,-35.5941387645
1.05900217358,-33.9593727799
1.07421260497,-49.878440711
1.05247460949,-21.829940908
1.05912469491,-35.6626501468
1.05907790182,-34.172834115
1.05726193276,-35.5337577739
1.05684348834,-33.8125419512
1.05897562355,-35.653628706
1.06035614506,-34.0087910353
1.07230728462,-50.2506718735
1.0471980021,-22.2118180283
1.05924302205,-35.7262758141
1.05745474255,-33.9564646565
1.05971099362,-35.9654500588
1.05766824732,-33.8266777915
1.05715375645,-35.1635392882
1.05818376463,-33.3706133464
1.07530269298,-50.3879712769
1.05156079194,-22.3784507804
1.05512052454,-36.0996905926
1.05910917267,-34.0350294185
1.06134932061,-35.4853259204
1.05543551264,-34.6442721751
1.05716545161,-35.0390127855
1.05515187528,-33.5919854932
1.07388166655,-49.8930370957
1.05097707046,-22.6111679278
1.0614133175,-35.741861043
1.06047031047,-34.2903752713
1.06143667534,-35.8735566645
1.05918816577,-33.3220304748
1.06215950211,-34.9046346488
1.08521411412,-34.189492863
1.07779713305,-49.9958035034
1.0520994485,-22.5568940598
1.05911559791,-35.9207271206
1.0568250582,-34.3575278417
1.06066654546,-35.3953154924
1.0573684125,-33.7206430639
1.0599413093,-35.4330846557
1.05952919798,-33.5057115503
1.07491264951,-49.9312804697
1.04805568729,-22.5636217152
1.06210191398,-35.2449573507
1.05914837526,-34.3257689565
1.05858206662,-35.5389799949
1.06006707913,-34.0516098331
1.06135475688,-34.8732771857
1.05716789639,-33.3842943101
1.07247582277,-50.3154568844
1.05303934834,-21.9116554424
1.05856801327,-35.6464621285
1.05973877016,-33.7356471023
1.0587132143,-35.4317491111
1.05976554688,-32.913685246
1.06216983914,-35.0152228128
1.05917165674,-33.6353743005
1.07318511735,-49.7033154905
1.04868066635,-22.4736760143
1.05498938731,-35.9501839832
1.05629073401,-33.9318934737
1.0573545739,-35.6082641341
1.05595134269,-33.5818982319
1.06112347858,-35.0933684573
1.05983278514,-33.3765429058
1.07363059085,-50.5026806909
1.04935004123,-22.4769165097
1.06115936624,-35.8812033145
1.05950883151,-34.1716677606
1.05928654993,-35.4949857555
1.0622895875,-33.3624084127
1.06190780694,-35.2134502858
1.06073929421,-33.2754818959
1.07451113539,-50.0945335586
1.0495823249,-22.1841796834
1.06149149579,-35.4850987677
1.05727769978,-33.7044761169
1.05900927221,-35.8217865513
1.05834285693,-33.760130951
1.0605453366,-34.263724327
1.05854213941,-33.4929844722
1.07099030707,-50.4495157508
1.04697106749,-22.595642387
1.05522889786,-35.5886249919
1.05722197965,-34.5348317592
1.05762254721,-35.1251092363
1.05898098544,-33.9244816043
1.05903980738,-35.2484314326
1.06096146281,-32.9185663605
1.07555983998,-49.9274824488
1.04945274752,-22.3602192766
1.06361814713,-35.191805459
1.05730343971,-34.0652174423
1.05726834198,-35.5718957246
1.05943064446,-33.8831946108
1.06074038355,-35.4878329431
1.05890234379,-33.8744162105
1.07467202212,-49.8477007324
1.05165866777,-22.4621292146
1.05813239747,-35.5520764304
1.05719377316,-34.3344345573
1.06240794944,-35.7083107297
1.05491723745,-33.9170138328
1.0623182407,-35.3382011368
1.06067047553,-33.2947823698
1.07567768387,-49.7437527179
1.05035668684,-22.6935859375
1.06159140575,-35.4275534787
1.06022770992,-33.8444302937
1.06558539938,-35.1386763563
1.06007105181,-34.259927334
1.0621508933,-35.1865209042
1.05962383513,-33.6106695811
1.07322034675,-50.38385134
1.05187110552,-22.2682618395
1.06368799187,-35.6183615611
1.06128990546,-34.5120015947
1.06253854863,-35.5088554773
1.06606582089,-33.4459413901
1.06186870633,-35.1687300703
1.06215887222,-33.5075446571
1.07467488322,-50.0611420043
1.05146390439,-22.6725738787
1.06451017298,-36.19133267
1.06209420667,-34.1141745143
1.06111180622,-35.7308323803
1.05934094127,-33.877036827
1.06342014733,-34.8495481524
1.05870735537,-33.6171993947
1.07381154214,-49.8242428179
1.04991207154,-22.3142272688
1.05844691125,-35.4480928883
1.06093772141,-34.0927817968
1.05927205587,-35.4486046359
1.05886179374,-33.7033527766
1.05865374888,-35.401614314
1.05925752395,-33.6359165656
1.06977408902,-50.5261716312
1.05132313849,-22.4444747072
1.05844322135,-35.8737022421
1.05809376977,-34.0869401596
1.06330759247,-34.9488287866
1.05864509159,-33.6510364753
1.0588543284,-35.0485018605
1.05956586132,-33.3591202783
1.07490119119,-50.1397669181
1.0493517746,-21.9955378321
1.0599143197,-35.1705294147
1.05963011066,-34.0897600247
1.05770557,-35.5662978005
1.05544484004,-33.7363220077
1.05797265848,-35.3327780437
1.05779124323,-33.5852061294
1.07357733415,-50.2443761572
1.05189516091,-22.4997719256
1.05934440207,-35.3124355723
1.05868988778,-34.1868757795
1.05763021183,-35.7010308563
1.05697312688,-33.7295594146
1.05835228521,-35.1210432452
1.05794012989,-33.490291685
1.07605417953,-50.1437890272
1.05302394647,-22.1715739364
1.05805316866,-35.380458096
1.05649106553,-34.4734481433
1.0581039158,-35.5079223143
1.05928765725,-33.6502674103
1.05874644713,-35.0060712076
1.05888612136,-33.6799352838
1.06932389275,-49.6086659335
1.04873664718,-22.5390084341
1.05801618952,-35.704551907
1.05542271099,-34.249388067
1.05826557739,-35.8743624326
1.06016818591,-33.4952544893
1.06023899386,-35.2089781351
1.05765211358,-33.0590790678
1.07179014128,-49.7819894118
1.05039987823,-22.0420261017
1.0604286971,-34.8290222158
1.05605466655,-34.1481057097
1.06230520752,-35.2121160819
1.05488955805,-33.287545149
1.05810057443,-35.3029783504
1.05752341871,-33.2016929063
1.07064146511,-49.9678838758
1.0453677805,-22.5485370954
1.05698537325,-36.2449135688
1.05803663641,-34.1275340846
1.05966795337,-35.7844104449
1.05731338391,-33.1901209346
1.05762500056,-35.2381532829
1.05775025404,-33.4461186739
1.07649751341,-49.6703123387
1.04729948266,-22.5621190862
1.05950475972,-35.2817167316
1.057127635,-34.3689301478
1.05577798338,-35.5849615667
1.06094009085,-33.4248035509
1.05735210345,-34.8931220049
1.05906131426,-33.6125507049
1.07256435704,-50.6430909943
1.05085570939,-22.3014211959
1.05770262153,-35.4645115246
1.05940750444,-33.5947234305
1.05847284509,-35.2934095827
1.05764675423,-33.8351804731
1.0602291288,-35.3411935683
1.0552798891,-33.249636925
1.0735469227,-50.4087445883
1.04780713642,-22.6073320556
1.06292038404,-35.4821079981
1.05577720472,-34.0238828211
1.05965695677,-35.8642915714
1.05668801511,-33.4087455849
1.0563153537,-35.4628943004
1.06091517716,-33.6166684455
1.0725505262,-49.5404699245
1.04700312991,-22.7239226268
1.0580589082,-35.4156041935
1.05706342404,-33.533424452
1.05701058299,-35.0264471117
1.06143344024,-33.281223293
1.06118274103,-35.4901936988
1.05742099303,-33.3838576159
1.07061180239,-50.2440804395
1.04735153509,-22.6786174501
1.05849780709,-35.3603924545
1.05934303807,-34.3471340821
1.05711664832,-35.2467431479
1.05609867108,-33.4753333383
1.0579559444,-35.2732959271
1.05847342637,-33.018832975
1.06847381361,-49.9893993307
1.04841156706,-22.3013588574
1.05968471289,-34.8809373528
1.0612817243,-34.2826383924
1.06279389253,-35.1298213052
1.05729663359,-33.5905410474
1.05722562401,-35.3039751452
1.06406483347,-33.678310849
1.06887631928,-49.793156694
1.04990509713,-22.50363199
1.06055672371,-35.4215888695
1.05851390372,-34.2180665123
1.05683140178,-35.2990569722
1.05807571911,-33.9801135662
1.0573162061,-35.092291033
1.05827714806,-33.7041420851
1.07168785034,-50.2604137314
1.04860500833,-22.2704485151
1.05546297898,-35.9862241302
1.05827728395,-34.3972767758
1.05600036407,-35.3400303264
1.05677661192,-34.1423757352
1.0582834958,-35.3214294535
1.06007793692,-33.431868655
1.0699353202,-49.8546094904
1.04547487469,-22.1992586862
1.05489025701,-35.0364396503
1.05675013087,-34.4747004135
1.05767348671,-35.160301248
1.05464593333,-33.5923489745
1.05687680919,-35.0245784569
1.05847197963,-33.719005926
1.06933842946,-49.8656047354
1.04344828678,-22.7832406717
1.05573143166,-35.5513339489
1.05690382565,-33.6000835286
1.05643769658,-35.4847171692
1.05489020067,-33.0856656594
1.05631542625,-34.7702359786
1.05798382146,-33.2253504865
1.07186437239,-49.772980169
1.04678670259,-22.1130868521
1.05719501875,-35.6961104643
1.05579062778,-34.1923446022
1.05654639299,-35.3106251796
1.05640256715,-33.1818925822
1.05676858455,-35.2278947174
1.05758669304,-33.0563213079
1.07041800217,-50.2175424732
1.04383262941,-22.2705094381
1.05719003413,-35.6343578935
1.05314176909,-33.9775546748
1.05855533245,-35.7773053595
1.05910825779,-33.513466099
1.05604774426,-35.7701688966
1.05398353461,-33.0928483964
1.06912518986,-49.6017235486
1.04589153002,-22.049868457
1.05401006302,-35.0367256622
1.05387625253,-34.1000079319
1.05584746924,-35.1479901068
1.05911027542,-33.2908399712
1.0650830565,-34.7780481836
1.05903696803,-33.3461296993
1.06947009144,-49.6753096283
1.0431766707,-22.3142063453
1.05263694095,-35.859313146
1.05584842155,-34.0267116524
1.05525164535,-35.4974477157
1.05301516772,-34.5790534614
1.05398305568,-34.5322089384
1.05243355343,-33.2689489454
1.07250341729,-50.0002073511
1.04260556927,-22.2667339557
1.05361431397,-35.8168789512
1.05590606912,-34.0838512671
1.05709511328,-35.6746923624
1.05190333228,-33.6617600751
1.05731241797,-35.0758627368
1.05720577087,-33.238386964
1.06817431963,-49.7250967757
1.04159219969,-22.688611992
1.05642603308,-35.304818746
1.0505421238,-34.4751096543
1.056040212,-35.5437336519
1.0559977911,-33.4502617213
1.05383656421,-34.9318295678
1.05354624578,-32.8354132733
1.07037001362,-49.6890963432
1.04524994785,-22.4532535673
1.05199837934,-35.2199537427
1.05681540413,-34.0942473325
1.05292767907,-35.3157840504
1.05284446178,-33.3799373888
1.05333036458,-34.8951159432
1.05246780496,-33.0399795919
1.06910306792,-49.7033628507
1.04280937429,-22.2817972781
1.05259526427,-35.0327677365
1.05602807271,-33.4435729942
1.05719179383,-35.1975413781
1.05186860603,-32.9582846737
1.05754094662,-34.5590183186
1.05464971507,-33.2387336851
1.06601706503,-49.4597964734
1.04781428826,-22.2954790005
1.05302610717,-35.1253163186
1.05481310091,-34.0704893494
1.05385843487,-34.8990497609
1.0527198553,-33.1548902366
1.05204156335,-34.7518570694
1.05347394697,-33.3442464669
1.06485823559,-49.2185283042
1.04007575856,-22.5633548469
1.05432252863,-35.2685713619
1.05311261698,-34.3073170617
1.05152258296,-35.1651427767
1.05298344415,-33.8355809261
1.05076024361,-34.7603499278
1.05412981667,-33.4004033215
1.06696950618,-50.4290892673
1.03971006689,-22.668275406
1.05567055243,-35.2413599433
1.05479480099,-34.5979695669
1.05147656844,-35.359315108
1.05262097706,-33.5895240125
1.0527660589,-35.0437280132
1.05576254847,-33.4782883082
1.06248120103,-50.1059928762
1.04067633166,-22.2463696743
1.05297886864,-35.6915155962
1.05176523583,-33.8964582582
1.05117934691,-35.6050411094
1.04860256248,-33.6700989031
1.05030488292,-35.0803933207
1.05159301176,-33.0715567025
1.063843641,-49.4740342041
1.0390055478,-21.9212489901
1.05362220011,-35.4191851611
1.05275011146,-33.5669712612
1.04981716216,-35.4121279923
1.05092464184,-33.4976698595
1.05133293721,-35.2401211402
1.05167967721,-33.7220495028
1.064959416,-49.8552911982
1.04037942647,-23.2107487315
1.05054687115,-36.0144898698
1.04942340622,-34.5878609355
1.05163702824,-35.9600165886
1.05138065025,-33.3473679155
1.05479710701,-35.1215206356
1.05253390213,-33.4197709459
1.06409282763,-49.9295830686
1.04396573631,-22.1039655576
1.05112611857,-35.4202598848
1.05554337264,-33.9682298246
1.0548653351,-35.3594136902
1.0507754933,-33.595943892
1.05497316168,-35.1970388338
1.04924007894,-33.4632878921
1.06574287538,-49.7180687086
1.04044055226,-22.3630959842
1.05334020475,-35.572710227
1.05197283713,-33.8882263898
1.05497579058,-35.714258282
1.05127928348,-33.3708138831
1.05191161858,-35.5207463527
1.05509196138,-33.3791684914
1.06460214305,-49.3708455758
1.04400240593,-22.4105068051
1.05368127714,-34.8749549036
1.05003273605,-34.2302428069
1.05047324449,-35.275605116
1.05533727767,-33.2555990819
1.05431452837,-35.1870742185
1.05168242501,-33.0742111785
1.06904850148,-50.258646512
1.04540246443,-22.4940706022
1.05470357946,-35.409572189
1.05177016137,-34.0468561404
1.05383547497,-35.6077347568
1.05266411369,-34.1483882098
1.05303890744,-35.0113312656
1.05078097856,-32.8579368792
1.06855941842,-50.0105504221
1.04368072976,-22.4403260463
1.05418767521,-35.606893016
1.05178463035,-33.7622341069
1.05076924933,-35.3582008615
1.05296099826,-33.7752758922
1.05511048525,-35.3800418562
1.04982434359,-33.3884180734
1.06610632253,-50.0911319704
1.03988401691,-22.5612021288
1.05232736333,-35.8863387676
1.05111758501,-33.3971528061
1.04819846336,-35.9059235689
1.05384443136,-33.7931794957
1.05452860875,-35.1316159731
1.04971368489,-33.2376830084
1.06339538213,-49.7276297575
1.04349288949,-22.738338788
1.04998297625,-35.9673990799
1.04867423445,-34.2433128534
1.04924247419,-35.7563927017
1.05076895042,-33.2417758217
1.05101970641,-35.3625317425
1.05154797398,-33.4309685244
1.06592060507,-50.3109117086
1.04078645833,-22.6731258759
1.05141085534,-35.1788341781
1.05229331511,-34.4815983529
1.05396614024,-35.5477527922
1.05265599067,-33.6238994317
1.05317728655,-35.1756559957
1.05094449841,-33.245230341
1.06620082394,-49.9477324987
1.04197361755,-22.7505972652
1.05097601855,-35.3011853766
1.05225704235,-34.4025651574
1.05099146959,-35.4507608071
1.04922279184,-33.7835666399
1.04983806993,-35.7060408864
1.0528176481,-32.7311137365
1.06551862108,-49.5266056491
1.04304765218,-22.5787199105
1.04962949288,-35.6027494206
1.05404741171,-34.011732223
1.04854483319,-35.7639541802
1.05134394278,-33.5601852128
1.05079009377,-35.2060808564
1.05567006721,-32.8261915607
1.06617666662,-49.5215072701
1.04044647994,-22.5158734405
1.05178798501,-35.4355500233
1.05049428458,-33.8390991209
1.05216634616,-35.1732264934
1.05132416002,-33.5718693488
1.05565767495,-35.0966035532
1.0533791313,-33.0864556471
1.06563958271,-50.0261662249
1.04457877005,-22.2576800866
1.05159091628,-35.2148664989
1.04753949164,-33.8994292913
1.04992350348,-35.2840352829
1.052537077,-33.2270710682
1.05251386911,-34.7316025826
1.05327426756,-33.6240144343
1.06434574623,-50.0253114889
1.04050171068,-22.5844347333
1.05131291199,-35.6139501301
1.05284753505,-33.9393697504
1.04944066463,-35.2928750423
1.04734348844,-33.5731862379
1.05156268187,-34.4726439868
1.04836006665,-33.7007621409
1.06477478433,-49.7372526326
1.04156492353,-21.8746312922
1.05059354284,-34.6735636824
1.04693362524,-33.5959284147
1.0533255889,-35.0585575092
1.04756425056,-33.4662154072
1.04916856896,-35.3996324209
1.05039418338,-33.1239043398
1.06402851948,-49.7600011057
1.04060357621,-22.3428633077
1.05161021593,-35.4961837755
1.0523877833,-34.4061978695
1.05142006431,-34.6965916251
1.04812998209,-32.8709487812
1.05109365406,-35.3875030875
1.05016442265,-33.188722301
1.06616203067,-49.8076986727
1.04057530848,-22.2203320597
1.0524483056,-35.7856037901
1.05038747894,-34.0361041537
1.05191386925,-35.7011563407
1.04881741259,-33.6599519154
1.05028716255,-34.958211821
1.05062728872,-33.434123234
1.05994718179,-50.4434621692
1.04233732969,-22.3892746416
1.0520473121,-35.6865701911
1.05191364288,-33.7975417541
1.04925149124,-35.8829587178
1.04894800601,-33.9702140697
1.05281126489,-35.1250679204
1.05219926287,-33.5824182363
1.06288779386,-49.7896772038
1.03979919633,-22.2612006865
1.04999401655,-35.1516204768
1.04959936481,-33.9297778108
1.05152376607,-35.7106972373
1.049456787,-33.2842032921
1.0473440003,-35.3089778891
1.04931265944,-33.3494947965
1.06337439576,-49.9499882156
1.03638580707,-22.3912186909
1.04723221507,-35.8115243516
1.04698382438,-33.843362012
1.04536950641,-35.237683335
1.05062534583,-32.7097819266
1.05104008394,-35.4425110172
1.04940911541,-33.7606018373
1.0674175882,-50.0246572346
1.03916245473,-22.6150172552
1.04963808539,-35.7118663864
1.0524813124,-34.3940741384
1.05226841507,-35.3483757959
1.05054169588,-33.7756224994
1.05081765085,-34.9696573315
1.05048703612,-33.343902305
1.06443513509,-49.5107697792
1.04178486452,-22.8945235619
1.05018662253,-35.1970010332
1.05091928647,-34.5080572906
1.04795991084,-35.6235937323
1.04933949862,-32.9986773712
1.05245500306,-35.2576731764
1.05090238133,-33.0017534332
1.06583206491,-49.1988518062
1.03886759119,-22.1911910641
1.04917010736,-34.7558736563
1.04938601585,-33.786347055
1.04893826871,-35.5129395039
1.04779059063,-33.3151389008
1.04924767804,-34.9279021131
1.04703488871,-33.3708646317
1.06639310301,-49.8395175512
1.04130341951,-22.7631047711
1.0511814793,-35.9978962817
1.05578598865,-33.905935599
1.05161304071,-35.543684038
1.05080192374,-33.6174383492
1.05082904842,-35.4965424211
1.05268992782,-33.2530060951
1.06387639486,-49.6880415705
1.04104278974,-22.8180723245
1.05712092389,-35.4079187705
1.04853206142,-34.2284519087
1.05107604358,-35.3607459112
1.04971126525,-33.8170520356
1.05227984948,-34.8049608759
1.05002242072,-33.1928305369
1.06689233332,-49.6986810801
1.03955040017,-22.4143240488
1.05263765938,-35.1745006496
1.05250542847,-33.9174452833
1.05074524584,-35.0273681683
1.05009060795,-33.0663797286
1.05173691977,-35.3450200059
1.05038073478,-33.4906658731
1.066239898,-50.0104624288
1.04252602308,-22.3037321188
1.05252781185,-35.5911900614
1.05397662693,-33.4711991192
1.0541935003,-35.3780352251
1.05051213107,-33.823742377
1.055067388,-35.1273644823
1.05350771554,-33.5497357973
1.06472935162,-50.2193255416
1.04300718377,-22.5745123259
1.0518054663,-35.4133385881
1.05058947911,-34.3791852158
1.05252764833,-35.2258402681
1.05288125959,-33.4660109588
1.05308167018,-34.9528645535
1.04724586136,-33.7241741756
1.06190931869,-49.9639383169
1.04134682056,-22.7483464526
1.05235878488,-35.3632990657
1.04664301007,-34.2106388931
1.05059806272,-35.1796313493
1.05154873011,-33.1670124653
1.05047474421,-35.5539107366
1.04793608976,-33.5489375053
1.06654328805,-49.7298603649
1.04043252787,-22.4213545692
1.05047466787,-35.0959602011
1.0515526743,-34.3207334179
1.05022729877,-35.3814375606
1.0487668706,-33.4928000945
1.0533067049,-35.3134318555
1.05031907561,-33.0682792923
1.06165935675,-49.8320856504
1.04193886463,-22.3246028116
1.05056009169,-35.5811675048
1.04995494501,-34.178312121
1.0511538944,-35.1789822911
1.04892784226,-33.6565483021
1.05658282711,-34.9199571365
1.04971679385,-33.4106736221
1.06696702524,-50.1255118066
1.04106907756,-22.6021149639
1.0469653161,-35.1919390181
1.05030914243,-34.0790790333
1.05114571825,-35.5192675127
1.05350475662,-33.2755032045
1.05210339427,-34.9253520969
1.05346500658,-33.2356499974
1.06409220215,-49.9222785708
1.0434168859,-22.0885404902
1.05008134372,-35.2327102323
1.05269606766,-33.7899738611
1.05134331023,-35.6283184437
1.05508819098,-33.6680253313
1.05437257133,-35.2216681989
1.05209054506,-33.2821668403
1.06318518932,-49.4675057851
1.04225125031,-22.352194369
1.05227833766,-35.6234116461
1.05067471425,-33.874026648
1.05061176809,-35.0700681288
1.05060012095,-33.8848888653
1.05597735315,-35.2891188531
1.05369305612,-33.7651278557
1.06310429389,-49.4877412445
1.0395335856,-22.4187151584
1.0525691742,-35.2216023362
1.053877302,-34.1537434993
1.04963009971,-35.2388846996
1.0500512026,-33.132195362
1.05243685123,-34.7234534633
1.05509386338,-33.1417564367
1.06783144437,-50.0427946102
1.04285710394,-22.8390603321
1.05492223393,-35.1870622916
1.05031448675,-33.8484195435
1.05501275821,-35.4862313018
1.05257067653,-33.0175664857
1.05095491302,-35.0211327888
1.05081377114,-33.1946423934
1.06341223225,-49.9222438707
1.03777980252,-22.1209192084
1.04881444117,-35.2903304532
1.05116137716,-33.9474808708
1.05093338834,-35.3293561147
1.04897499536,-33.6109035905
1.0513880537,-34.742095414
1.05248147347,-33.2460790383
1.06724532831,-50.1886234006
1.03977645962,-22.1790478461
1.04864572082,-35.169007172
1.05368101825,-34.2330078387
1.04968908549,-35.0215649623
1.05179952941,-33.4923077842
1.0529366649,-35.291851217
1.04901218454,-33.3747878053
1.06556837785,-50.3376216496
1.04013419169,-22.2184108406
1.05147762283,-35.3621056444
1.05209382427,-33.4678210217
1.05192305559,-35.2657993855
1.05405117814,-33.2726950085
1.05095766551,-34.7075606451
1.04752552842,-33.55522743
1.06673272536,-49.6816627541
1.04178407037,-22.388536381
1.05131848176,-35.7721587773
1.05114973465,-33.8377442127
1.05277852654,-35.2924140617
1.05428780023,-33.0318708057
1.05006786615,-35.215028579
1.04891363187,-33.7307493221
1.06383591431,-50.0352265772
1.04019093727,-22.6440519514
1.04999050981,-35.7473064118
1.04936986536,-33.4442830014
1.04801785073,-35.3824537109
1.05406160805,-32.9822452372
1.05221096755,-35.1104263613
1.04729901691,-32.5612397016
1.06621859802,-49.6757388934
1.04280534186,-22.2676482491
1.04979521174,-35.4438894922
1.05024766027,-33.984452821
1.05240865969,-35.6866119368
1.0462185712,-33.3850969267
1.05171093476,-35.3894192883
1.04909437287,-33.2246704924
1.0676156808,-49.399735985
1.04614310411,-21.490658518
1.04887191172,-35.1380874043
1.04974646542,-33.4807951465
1.04895892915,-35.660922304
1.04906806732,-33.5351706812
1.05114453105,-35.0034190651
1.04893619656,-33.5900533169
1.06191877475,-49.6872978763
1.03976388719,-22.7397527147
1.05158898893,-35.5884377074
1.05408193641,-34.1246511029
1.05182572968,-35.1250711362
1.05139300579,-33.4845249383
1.04924870602,-34.8435805279
1.04874850274,-33.3504070508
1.06592230653,-49.8465300361
1.0424448165,-22.6643411164
1.05156869157,-35.340814943
1.05058027435,-34.212896325
1.05121013842,-35.0848743369
1.04860149231,-33.9324022641
1.05324848388,-35.2397770129
1.04804994429,-33.4229434517
1.06366868903,-49.0601666882
1.04358568203,-22.5208191459
1.05062230772,-35.3910056716
1.04952469971,-34.1024611326
1.05175543799,-35.8198861468
1.05044210564,-33.2765729255
1.04633798703,-34.8731417578
1.04901195753,-33.1951541316
1.06386115021,-49.7562957858
1.04040443338,-22.5108814319
1.05142045727,-35.1230114246
1.05279844772,-33.4919778413
1.05207950988,-35.6027334879
1.05263041135,-33.5737553819
1.05058695476,-34.4853782939
1.05319090929,-32.8918781437
1.06394469712,-49.9151725429
1.03735026229,-22.1439472753
1.0511491761,-35.5092949684
1.05057158191,-34.0708248883
1.0547532565,-35.264623088
1.04937049858,-33.5908577617
1.05525847104,-35.2981770331
1.05472131705,-33.2322222396
1.06512164659,-49.9034121677
1.04334698235,-22.1487893215
1.04834205722,-35.538167465
1.04957856159,-33.9158294915
1.0460551173,-35.3005375954
1.0462390466,-33.6709336134
1.05034926693,-34.9999701355
1.0488465244,-33.3221312879
1.06636522558,-49.9203428604
1.04236132569,-21.9012156239
1.05251427157,-35.6145764844
1.05070948788,-33.8971391052
1.04998606035,-35.0287931919
1.05260554704,-33.2990764717
1.05412964644,-34.7824561399
1.0468799719,-32.8369209391
1.06195897895,-50.3007317605
1.04535966772,-22.7840561726
1.05418715792,-35.1868880214
1.04989870207,-33.7526009039
1.0509149616,-35.4133248398
1.04556405135,-33.6253226237
1.0503770465,-35.1520023521
1.04950147125,-33.6948669043
1.06225352078,-49.8632724449
1.04226226832,-22.2110604332
1.05329313812,-35.1756023328
1.05208092155,-33.9868551931
1.05426292333,-34.9349509348
1.04773225845,-33.1163130957
1.04915414883,-35.5959131035
1.05172328905,-33.4507950596
1.06108833579,-49.5643770159
1.04153804156,-22.4751833393
1.05048284186,-35.4647634502
1.04913780997,-33.4270377158
1.05039860191,-35.6693307723
1.05386045703,-33.0984223952
1.05296454479,-35.1438609171
1.05464115355,-33.8149673846
1.06590601881,-50.5287328109
1.03713075825,-22.7886887221
1.05437561163,-34.9746423729
1.05130511021,-33.938598144
1.0523834758,-35.2928323655
1.05207965393,-33.121062572
1.04938069936,-35.6545469939
1.05227483173,-33.3311391633
1.06254185986,-50.4623306415
1.04139361044,-22.3155959274
1.0521645333,-35.6977133124
1.05020899644,-34.1434028743
1.05066614155,-35.0331487432
1.05145459851,-33.716935143
1.05490496139,-34.5859683234
1.05172854061,-32.7674736346
1.06091844581,-49.9673166942
1.04327540849,-22.1130208305
1.0532193942,-35.5078569328
1.05003154412,-34.1498458906
1.050856466,-34.9184482966
1.04844745883,-33.5017287063
1.04970540702,-34.948920324
1.04772716678,-33.7662678628
1.06241072455,-49.9705331509
1.04142682352,-22.1157362361
1.05167037388,-35.368123292
1.04888702999,-34.2802188358
1.05009200246,-35.3765228317
1.04939060165,-33.9682846957
1.05588661535,-35.0577268382
1.04842228873,-32.5965825707
1.06519567987,-49.6468373603
1.04281068153,-22.260231897
1.04774274843,-35.2613354327
1.04993479484,-34.3367844207
1.0522061331,-35.2996072314
1.05055909165,-33.8362343113
1.04845323754,-35.4466587876
1.05258692219,-33.1075411381
1.06443893358,-49.7639563516
1.04197044833,-22.1983033431
1.05642192359,-35.3034717103
1.05039375056,-34.0998611698
1.05218094066,-35.3363069955
1.05519075539,-33.4327149006
1.05404184816,-35.268091569
1.0494769387,-33.0339372173
1.06292150946,-49.9916495002
1.04217460879,-22.4661429241
1.05087193658,-35.4434879144
1.05133770446,-33.9993471837
1.04956484988,-35.2029703309
1.04729828057,-33.5505453846
1.04803489415,-34.9030701064
1.04996002443,-33.2749816325
1.06470400073,-50.1750758952
1.03842824196,-22.3720926099
1.04961323305,-35.6204392965
1.0498827957,-34.4200009048
1.04866304069,-35.2455277833
1.04979191407,-33.4970918558
1.04939348448,-35.6922824347
1.05116997274,-33.1855918671
1.06193310788,-50.0497912586
1.0406066163,-22.5204112019
1.0466893434,-35.3677897246
1.05146666058,-34.2852376337
1.04901232726,-35.5481726865
1.04986750197,-33.3081909185
1.0497670153,-34.4195722003
1.04848849708,-33.6615741834
1.06169344512,-49.7568182131
1.04129839425,-22.7416603807
1.04910352,-35.4005437864
1.04793645138,-34.1064578871
1.05347951066,-35.1398149828
1.05192140889,-33.8094125791
1.05084632015,-35.2923743981
1.04739184682,-33.2315961844
1.06425550101,-49.6164533011
1.04242361,-22.445913639
1.04951509281,-34.8720293092
1.05079504289,-33.9626972516
1.05235149367,-35.3082110974
1.05548162405,-33.7082483957
1.05156333001,-35.0110432422
1.04866389392,-33.3847694372
1.06352026305,-50.1689310189
1.04231739034,-22.2834074047
1.05282003631,-35.5485393097
1.0479468036,-34.2118523437
1.05249242646,-35.520991946
1.05107374163,-33.7515235679
1.05012996987,-34.7205873644
1.05157116564,-33.5742188447
1.06539016492,-49.8365091412
1.04221080976,-22.6488659074
1.05502173559,-35.3709221705
1.05364758638,-34.1876225601
1.05485702876,-35.0334680876
1.04971564943,-34.1238884501
1.05301759595,-35.1965157568
1.05212994009,-33.0349347369
1.06676095772,-50.1309535636
1.04191427705,-22.5630218893
1.05502438609,-35.4680717256
1.05174220755,-33.9867876655
1.05155843419,-35.3161187853
1.05137310432,-33.5921573607
1.04926415964,-34.8991705509
1.04923485313,-33.6416335861
1.06238716507,-48.9669725756
1.04309183764,-22.4269526064
1.05040051988,-35.449278053
1.05154773333,-33.7916872078
1.05238892862,-35.3587752903
1.0501499531,-34.1156484012
1.05077700787,-35.3786685784
1.05165545685,-32.8659590024
1.06556813474,-49.701315943
1.03754391795,-22.2028966621
1.05158932247,-35.0033607197
1.04813758023,-34.3670261088
1.05064102743,-35.4405800905
1.05091835935,-32.8685261075
1.05173415222,-35.1461744571
1.05105823301,-33.5935962775
1.06298699674,-49.6632735837
1.0440493983,-22.736335578
1.04939682611,-35.2673630236
1.05126126602,-34.0905150851
1.05010792817,-35.3616102892
1.05079113098,-33.4828556806
1.04894650121,-35.5843074918
1.04785418347,-33.6792110793
1.06473637717,-50.1582467621
1.04147169485,-22.4724483447
1.04924054538,-35.4524716071
1.05097837771,-33.6382967083
1.04749333544,-35.1467122376
1.05320049195,-33.8324199514
1.04687803572,-35.5152142889
1.05287449206,-33.3949551937
1.0623502265,-49.5223910182
1.03696069745,-22.2471566647
1.04919313908,-35.8990723881
1.0486887131,-33.3454922549
1.04738157943,-35.7887366804
1.04781810996,-34.0008408219
1.05003933633,-35.1503645044
1.05106862229,-33.6356493491
1.06421093264,-50.0026735661
1.03722523974,-22.0134970796
1.04904369942,-35.5281818313
1.04842372944,-33.7013327574
1.05332535816,-35.1033268017
1.0486368106,-33.7030945153
1.04805924265,-34.8031369187
1.04951639413,-33.0969514741
1.06496599318,-49.6294071922
1.03916876344,-22.6879966721
1.0500324338,-34.8889394542
1.04952989248,-34.3282596604
1.05080254659,-35.1854589456
1.04816470993,-33.9151949538
1.04973006537,-34.8775100277
1.05170804811,-33.304202708
1.06483140424,-49.1100533065
1.03808229219,-22.463335098
1.04882833306,-35.0996335954
1.04769465938,-34.2668644163
1.05350541402,-35.3187678662
1.04849017939,-33.6678434901
1.05358288948,-34.9816559641
1.04836121147,-32.7880624435
1.06318944332,-49.7267101718
1.03882004301,-22.6558060562
1.04915747042,-35.2038679433
1.0504415195,-34.0745244844
1.05160827569,-35.8199480387
1.04844429699,-33.3601475975
1.04595992807,-35.0603336412
1.0489378706,-33.282228246
1.06296788201,-49.5046650086
1.03826979908,-22.2432056763
1.04815573389,-35.41143245
1.04873355513,-33.8988290145
1.04689164046,-35.1921140797
1.05021551427,-33.3187073669
1.05066994381,-34.9876825871
1.04609461946,-32.6812931598
1.05994798251,-49.7855082713
1.04285123727,-22.4838120994
1.05236771347,-34.8966746254
1.05178234326,-33.8301425741
1.05011451787,-35.3503866374
1.04512632461,-33.4670093372
1.04894449745,-35.0473959089
1.05191897143,-32.8190504929
1.06127674205,-50.2740377704
1.04106273059,-21.905273706
1.05221825304,-35.1635770643
1.04887445819,-34.5973993983
1.04922716978,-35.3837342129
1.04887288655,-33.4481978043
1.04873719306,-34.9333481085
1.04889196639,-33.2525256463
1.06141129788,-49.6517599078
1.03872009425,-22.4639914584
1.04607351551,-35.2762704571
1.05098855805,-34.1346721326
1.04806862675,-34.9741235708
1.04845581292,-33.6574486751
1.04861590049,-34.9246006795
1.0489714423,-33.4353977844
1.06137267133,-49.6505243722
1.03926406824,-22.1334853314
1.04734988416,-35.5164844789
1.04898806465,-34.3088327539
1.05019036659,-35.6458593682
1.04965492789,-33.8371740935
1.04897817787,-35.1635383198
1.05032250902,-32.7812294076
1.06227781566,-49.8462890933
1.0403144783,-22.4887436495
1.04875211909,-35.3709504436
1.0480635468,-34.1587615187
1.0470747672,-35.6057555183
1.04905462152,-33.7220395692
1.05056070059,-35.2639172885
1.05243844974,-33.2068032552
1.06244832556,-49.3630080881
1.03697023483,-22.5978992981
1.05008035299,-35.2850702941
1.04761767467,-34.1432581682
1.05028328254,-35.2888885156
1.04857631483,-34.0072091318
1.0482055242,-35.5191471068
1.04706936242,-33.3764705298
1.06106676047,-49.5752035326
1.03714442553,-22.6293619889
1.04865135675,-35.2028142797
1.05095919958,-34.3540475922
1.04891664634,-35.3391708218
1.04896297029,-33.7734316433
1.04851117064,-35.4386969724
1.04829103085,-33.2406502295
1.06582371439,-49.6339669072
1.03878986743,-22.6622986417
1.0463123221,-35.7485750556
1.05300356135,-33.7236165217
1.04976386064,-35.5146728954
1.04950225846,-33.5988841219
1.05133406567,-34.70290433
1.0500022543,-32.9389898523
1.05857959724,-49.7894036252
1.03562721234,-22.3401622715
1.04870544989,-35.5015927219
1.04732659508,-33.686561791
1.05047566621,-35.426355619
1.04579258153,-32.5504251778
1.04734920419,-34.8577447319
1.04892311912,-33.5928111206
1.06515181413,-49.4223897129
1.03804668233,-22.5953515638
1.04886002549,-35.015766824
1.04756503303,-34.2467469131
1.05144632931,-35.36684782
1.04613708645,-33.1552468283
1.04520170161,-35.1467902126
1.04495264191,-32.7250722922
1.06019398733,-49.5947130663
1.03804079423,-22.466373652
1.05060201759,-35.6367115098
1.04474848122,-33.7114531505
1.04715979961,-34.9662899735
1.04681183401,-33.748964143
1.04764643023,-35.3359958708
1.04734807994,-33.6762797554
1.06228482705,-49.7118325704
1.03908299646,-22.3794699917
1.04775199312,-34.9596248214
1.04792495773,-33.6563113175
1.04650436287,-34.9899683567
1.04791693453,-33.0270030804
1.04612509641,-34.8317304479
1.04557438787,-32.7341799526
1.06133396774,-49.6299478479
1.03973606567,-21.6588551921
1.04799583898,-35.0299278923
1.04612171183,-33.4321186549
1.04884838177,-35.0269702456
1.04689566347,-33.1956252981
1.04597580867,-34.8973997681
1.04514339902,-32.9357732935
1.05920020197,-49.0847334459
1.03678041579,-22.4144833102
1.04922738246,-35.356550453
1.04801834255,-33.8173037143
1.04953448494,-35.2978903772
1.05183179132,-33.3366856329
1.04527351783,-34.7785182082
1.0452947549,-33.647242435
1.0640461865,-49.1368044091
1.03768008228,-22.6070454383
1.04674532051,-35.090189179
1.04602370135,-34.3381972331
1.04764222198,-35.2560618862
1.04406667759,-33.7830955713
1.04621472481,-34.9435978722
1.0494958392,-33.1200283908
1.05932992981,-49.6191322792
1.03661680435,-22.7772587674
1.0482169572,-35.2359595035
1.04704241318,-34.3028518989
1.04716436806,-34.8186916918
1.05179887503,-33.9540987968
1.04519686257,-34.4503702385
1.04806449127,-33.3199216074
1.05844473635,-49.3441056043
1.03653565333,-22.1941406474
1.04561441763,-34.8547485475
1.05122989634,-33.3935782986
1.04848512905,-34.9517052782
1.04930795784,-33.0206022329
1.05023221579,-34.81010338
1.04473557746,-32.7637404386
1.05924243822,-49.4489680747
1.03869404923,-22.3920793132
1.04951547599,-35.3901716288
1.04509371126,-33.9813042296
1.0465650397,-35.3531987693
1.04589859533,-33.437247351
1.04744262112,-35.0955339634
1.0461557818,-32.8042779436
1.05859594467,-49.0122503718
1.03799286754,-22.1018579559
1.04628111726,-35.0150896792
1.04486139476,-33.7918614618
1.04529109596,-35.1948793199
1.04586474654,-33.5501171251
1.04927541754,-35.0692780532
1.04429626306,-33.3005178623
1.0597805182,-49.3969503831
1.03719453946,-22.3033288841
1.05088506805,-35.3589066463
1.04897042331,-34.2514975152
1.04852229793,-35.0366331505
1.04619805411,-33.4182709033
1.04300312829,-34.6572509083
1.04487727876,-32.8546213349
1.05937132659,-49.5043024681
1.0368369319,-22.2252267438
1.04769830424,-34.9719375225
1.04628575297,-33.7784497741
1.04477761497,-35.3525086624
1.04301279948,-33.2623010627
1.04736359441,-34.918655104
1.04728277249,-32.5708576933
1.05945616321,-49.2225372093
1.03450822566,-22.490521239
1.04462157735,-35.1657064035
1.04755567793,-33.1313698874
1.04702812142,-34.9723217714
1.04449706171,-33.5728808604
1.04757806467,-34.5602378513
1.04771796658,-32.8356031391
1.05746529324,-49.5516132626
1.03700453675,-21.8983536559
1.04773208375,-35.0022023787
1.04675362697,-34.4093555371
1.04493127513,-35.115664971
1.0473218967,-33.2521704842
1.0457468315,-34.310761926
1.04888503454,-32.3765412615
1.05760419227,-49.2860125003
1.03398254553,-22.2360268699
1.0472627881,-35.3892024672
1.04568114293,-33.3502001996
1.04843863831,-35.1435794676
1.04304695102,-33.9695438555
1.04398080304,-35.1042454747
1.04602219851,-32.8403656802
1.06076010463,-49.2126835563
1.03569119591,-22.9362255205
1.04539897467,-35.0318151261
1.04489313531,-33.8261329047
1.04624087156,-35.1776529845
1.04009320506,-33.3418264552
1.04518664808,-34.5299056453
1.04734589729,-32.6170720189
1.05589376092,-49.8509545169
1.03291146055,-22.3994592715
1.04786719653,-35.0238799834
1.04506755926,-33.1712656888
1.04511675496,-35.3357377067
1.04376802006,-33.4814215267
1.04644041701,-34.9243211464
1.0445539917,-33.171221826
1.05795627692,-49.4689415439
1.03249688574,-21.574562787
1.04808869007,-34.649615366
1.04446590091,-32.7559172063
1.04257369741,-34.8459743473
1.04201523492,-32.7822102142
1.04550697764,-34.3696213737
1.04459410474,-33.4376715767
1.05695774362,-48.8299348893
1.03450329219,-21.5937158381
1.04569632206,-34.8086140153
1.04526765795,-33.7249546939
1.04393041812,-34.7563173281
1.04219929526,-33.0693974738
1.04661066699,-34.7548250759
1.04458051589,-33.1682809026
1.06007462937,-49.1442526568
1.03578703939,-22.1887738866
1.04787219365,-34.3462990602
1.04445756186,-33.8103412324
1.04243401323,-35.1394501057
1.0464287492,-33.1975902196
1.04568349881,-34.6722926748
1.04773881816,-32.6144847507
1.05968581221,-48.8613439707
1.0361945628,-22.4481677576
1.04507357884,-34.9251986752
1.04852848727,-33.5112078266
1.04694373431,-34.5203178526
1.04384347258,-33.6081602841
1.04736072528,-34.4393072482
1.04610182468,-33.4681281208
1.05786279826,-49.4224081537
1.03608592991,-22.4296654747
1.0441625132,-35.0938762403
1.04489554138,-33.4338654305
1.04620183541,-34.8576283008
1.04640216635,-33.2511346292
1.04681307024,-34.3993134681
1.04420341085,-33.4355510376
1.05870300212,-49.4333611516
1.0378018764,-22.2148166877
1.04585715057,-35.1823359151
1.04325154295,-34.2895124743
1.04173552808,-35.0291510461
1.04295280516,-34.1573880801
1.0443594818,-34.9200200543
1.0490038176,-32.6262319418
1.05950253006,-48.8449799838
1.03814704576,-21.969529761
1.04865390883,-34.8755071099
1.04229277315,-33.7564562319
1.04483137865,-35.0478375741
1.04372591509,-32.3063328984
1.04695744318,-34.7940683298
1.0445888736,-33.0294079396
1.05882972151,-49.2984921134
1.03520988882,-22.1167818301
1.04374591851,-35.3197901831
1.04607465861,-34.176320963
1.04578025279,-34.6791385559
1.04209921481,-33.310357116
1.04493605707,-34.3509908463
1.04479677378,-33.2181310672
1.05799993971,-49.371891783
1.03584322869,-22.8316007342
1.04660230805,-34.9556750022
1.04581866753,-34.0218771533
1.04696971323,-34.8395495672
1.04385178245,-33.1834343344
1.04427048745,-34.5733075301
1.04245762254,-33.2253338849
1.05808293414,-49.7425026187
1.03606467113,-21.6254762209
1.04742232604,-34.8756753879
1.04297137576,-33.4623469315
1.04805205481,-34.5331094867
1.04311328368,-33.7610356093
1.04256822518,-34.8597535049
1.04291095563,-32.8686991671
1.05697355186,-49.0029675197
1.03371627131,-22.4345659951
1.0469091946,-35.1389272795
1.04630903576,-33.5198314273
1.0447470256,-35.0093249978
1.04817953786,-33.7227290911
1.04416654509,-34.4862025086
1.04741053414,-33.5653730746
1.06313078565,-49.1615700929
1.036406099,-23.2034552993
1.04448284408,-35.007777497
1.04420191274,-33.8541026285
1.04560333345,-34.9117086706
1.04033622387,-33.1253573678
1.04657813356,-34.8296415445
1.04255045729,-33.134547848
1.06059356171,-49.3803966491
1.03373063537,-22.1333951048
1.04206599533,-35.101852784
1.04514843683,-33.7993734138
1.04181696249,-35.0944150237
1.04358286543,-33.7038090555
1.04762302758,-34.1130887627
1.04208403373,-33.094280806
1.05552412784,-48.8860674287
1.03507990798,-22.2986336848
1.0417768147,-34.8651214333
1.04131090839,-33.873478076
1.04225856337,-34.4886406197
1.04244783996,-33.0425795474
1.04582619704,-35.1192713869
1.04527113068,-32.655367127
1.06103377272,-49.1150981221
1.03377480107,-22.6493574983
1.04279378127,-35.1429985109
1.04621617651,-33.1597429442
1.04456321983,-35.1561762696
1.04150487904,-32.8687821895
1.04292533223,-34.3830017243
1.04084726787,-32.7049265801
1.05558759776,-49.1257143195
1.03419127781,-21.9677385424
1.0429306785,-35.1682863323
1.04364426084,-34.1822393014
1.04274515646,-35.3172097504
1.04350368056,-33.6748556098
1.04460780789,-34.7410175403
1.04668034602,-33.0143914552
1.05987947782,-49.1646859169
1.03220882102,-22.1128526549
1.0434431747,-34.5003309175
1.03798655437,-33.7104865443
1.04106336496,-34.3030053532
1.04300886056,-33.0724483246
1.04412484692,-34.6575319727
1.0457282505,-32.8246948309
1.05712482397,-48.9489361714
1.0326872003,-22.451706863
1.04320980593,-34.7012029007
1.04371431592,-33.9318479965
1.04293740213,-34.862641765
1.04383040224,-32.4237988084
1.04160103245,-34.927182127
1.04595284117,-32.7574500939
1.0552014941,-49.1863743491
1.03373725853,-21.6427290927
1.04359571806,-34.8874266777
1.04195301741,-33.3743355096
1.04385593573,-34.6746608771
1.04325253451,-33.446653741
1.04537569869,-33.985354171
1.04123739113,-32.6948163379
1.05669648877,-49.2440563238
1.03458387349,-22.2408231461
1.04567378046,-35.2707188578
1.04297571994,-33.6146943941
1.04368355932,-35.0579044519
1.04697414965,-33.1705332407
1.04513137183,-34.90024491
1.04493498496,-33.2125776605
1.06044186957,-49.5665891822
1.03382240434,-22.1267818841
1.04765789589,-35.0999127439
1.04270716111,-33.6735849787
1.04120166625,-35.0058003295
1.04051200923,-33.1359180857
1.04278103513,-34.3712274192
1.04432368623,-32.968841957
1.05708341113,-48.9260286808
1.03217012899,-22.3659130063
1.04279024808,-34.7210526195
1.04220195417,-33.5887883217
1.04565553879,-34.697160079
1.04340553941,-32.8334066467
1.04663650984,-33.8889021799
1.04489318342,-32.5477166756
1.06351549466,-48.7895477873
1.03227467968,-22.1604575615
1.04107848417,-34.5988090811
1.04140886555,-33.2647139644
1.04393956077,-34.8790200479
1.04808087822,-33.1728269613
1.04231544053,-34.8331996034
1.04543037819,-32.8954793941
1.0538645093,-48.84917429
1.03178570855,-21.4395766373
1.04061571281,-34.2159148674
1.04160868956,-33.4800510562
1.04500183064,-34.7568759853
1.04263734134,-33.7064122659
1.04130052388,-34.8795106099
1.04139455103,-32.4965637795
1.05670195509,-48.9945553062
1.03370589321,-21.9965687965
1.04171300916,-35.064202154
1.04106687844,-33.2021699156
1.04293586683,-34.8335468304
1.04114334578,-32.4769205005
1.03953789927,-35.1048637043
1.04195035486,-32.7695947575
1.05393404086,-49.1782102596
1.02985018203,-21.4109420631
1.04314949143,-34.761923849
1.04293736858,-33.5817435346
1.04729177017,-34.9821084815
1.0452113214,-33.0657495664
1.04494584283,-34.1000977563
1.04026119275,-33.1618351085
1.05649994537,-48.5960299018
1.03353718682,-21.5712377874
1.04188907775,-34.631022835
1.04277503999,-33.7778455353
1.03956338254,-34.676635992
1.03983270234,-32.3983327677
1.04100239562,-34.4337364711
1.0428886247,-32.4705968603
1.05239788514,-49.4159345323
1.0357221788,-21.5824515732
1.04113701506,-34.9483785763
1.04051707363,-33.3794420832
1.04301117081,-34.6959516615
1.04039919187,-33.5147680374
1.04279245433,-34.4956084991
1.04019381542,-32.8163093155
1.05705779185,-48.9609325536
1.03347248263,-21.8863988714
1.04242194416,-34.8883178291
1.04392025463,-33.3942582743
1.04142056593,-34.8896632333
1.04129563299,-33.1165178257
1.04661209367,-34.6539075465
1.04165980142,-32.2861977064
1.05321236034,-48.5146328976
1.03394608566,-22.0264942755
1.04266798138,-34.7221217766
1.04216154609,-34.1743144344
1.04514833082,-34.1612740154
1.04457547204,-32.8464350019
1.0409847099,-34.0879819772
1.04295116717,-32.4898511817
1.06247515847,-49.1056881965
1.02978527719,-21.6180906838
1.04362680391,-35.323740799
1.04383392219,-32.7159242575
1.04106441669,-35.1067801469
1.04454521465,-32.593812505
1.04452833228,-35.1178738533
1.04224498707,-32.4768044707
1.05765487677,-49.6559000982
1.04094174464,-21.8962884057
1.04138924784,-35.0589672822
1.04313813414,-33.0670918314
1.04366841811,-34.78061608
1.04490830623,-32.7404513068
1.04434788037,-35.064498287
1.0419936941,-32.5893274687
1.05470749833,-49.2897936493
1.02956468361,-22.6581022123
1.04360116913,-34.5896611015
1.04376887118,-32.834424335
1.04123478647,-34.1040962469
1.04276300008,-33.4045921411
1.04272825179,-34.1796542189
1.04127053573,-33.1426528444
1.05741180625,-48.9591127162
1.03230344004,-21.9411902677
1.04317164874,-34.3952839011
1.04248482527,-32.915053403
1.0424969062,-34.5259335486
1.04043408984,-33.0020442129
1.04058120957,-34.357074979
1.04308670603,-32.768560618
1.05738142373,-48.2532487566
1.03236242211,-21.985430576
1.0448041556,-33.7562729932
1.0434726275,-32.5604982243
1.04087156974,-34.1468637936
1.03969024791,-32.6058680115
1.04250537335,-33.9978742884
1.04067997195,-33.1015846152
1.0563736006,-48.8433049918
1.03435002634,-21.9681116316
1.04312222123,-34.6815500596
1.04139927066,-33.0365827239
1.04528219906,-35.046491065
1.0401945462,-33.322646803
1.04395525392,-34.247503429
1.04372427627,-33.0630246262
1.05439895686,-49.5339356249
1.03059349893,-21.5902987702
1.04359272336,-35.1449135054
1.03953277978,-33.2106123622
1.04349213346,-34.6770182251
1.04252122404,-32.7651051615
1.03901042416,-34.7101619498
1.0427575506,-32.7314097144
1.05436384788,-48.7047348532
1.03305704719,-22.2458382524
1.04141164322,-34.906921017
1.04075496769,-33.7237741139
1.04064566793,-34.3443780342
1.04084599647,-32.6293815264
1.042645683,-34.4670143127
1.04198294914,-32.7151740482
1.05451349815,-48.6848838507
1.03035673137,-21.8153572797
1.03923513215,-34.2943621215
1.04493073247,-33.1519618841
1.04377288948,-34.4730144118
1.04181337758,-32.0895424437
1.04499357759,-34.240041075
1.04172487701,-32.4799667307
1.0556924769,-49.0839425261
1.02842956374,-21.8652537903
1.0383665877,-34.1813260762
1.03827964487,-33.6196496163
1.04087276932,-34.8226094733
1.04303440408,-32.438081377
1.03922672764,-34.2287173473
1.0400834348,-32.0029623242
1.05574319354,-49.4308281703
1.03131736447,-21.5045869689
1.04524978955,-34.6438935881
1.04329100865,-32.9977447706
1.04092003488,-34.7811812969
1.03997472623,-32.6066681558
1.04240295321,-34.9754176849
1.04161835166,-31.9688401354
1.05587643418,-48.7100331868
1.02976827966,-21.6447297057
1.03917577605,-34.5351085314
1.04204147604,-33.1946391463
1.04237821633,-34.5666801904
1.03755385875,-32.9342377953
1.03935370409,-33.937049925
1.03892338005,-32.1865444712
1.0534668722,-47.8631205479
1.03144667377,-21.7711524155
1.0404104781,-34.5420654188
1.04223816113,-33.2058742314
1.04018712482,-34.9030156613
1.04283099105,-32.5364537389
1.04161353884,-33.9873121021
1.04190932586,-31.9053041957
1.0561912832,-48.8955023274
1.02908254297,-21.5233706995
1.04255016657,-34.6927678897
1.04071500801,-33.4241811799
1.04470324172,-34.1767924177
1.04723093702,-33.0944283355
1.05791823994,-34.9422903565
1.05241414348,-31.9556854353
1.0619756886,-48.3341507763
1.03154422289,-21.621621239
1.04136335811,-34.28562215
1.0405249605,-33.5696454382
1.04180289658,-34.073110115
1.03902282527,-32.6798066359
1.03908610476,-33.9020098257
1.0408011234,-32.4445747839
1.0567417557,-48.7156411942
1.03190138656,-21.4757128385
1.03950773455,-34.750139369
1.03972761213,-33.1494441576
1.03864777654,-34.600663614
1.0409845434,-32.1394905984
1.04156525289,-34.2965120148
1.03787167052,-31.9611117077
1.0534495127,-48.5862133248
1.03125335511,-21.9887054089
1.04304226765,-34.4480495969
1.04102153352,-33.1116382363
1.03951486241,-34.0780896605
1.0375060601,-31.9125213607
1.04027224618,-34.5074957662
1.04139984902,-32.0633318363
1.05504379952,-49.0733255774
1.03219922711,-21.4027934076
1.03950254195,-34.1640448728
1.04104354635,-32.6712170601
1.03859243649,-33.8014402648
1.03915947101,-32.7175769094
1.04054527966,-33.6565719221
1.04168304834,-32.1896228564
1.05535291443,-48.9669649026
1.0307637541,-21.5711380628
1.04015181652,-34.4088531519
1.04294203283,-33.2873670332
1.0416521971,-34.6994282155
1.03972445397,-32.5306598414
1.03794681174,-34.4341820985
1.04021909313,-32.4446604812
1.05342337089,-48.1677789697
1.03252839052,-21.0935402943
1.04065669619,-34.5551096574
1.045002797,-32.5808243818
1.04461383664,-34.2752830747
1.03754232336,-32.3272112576
1.04361392766,-34.1701372466
1.03832820309,-31.6689907432
1.05571658222,-48.5367903701
1.0296286608,-21.4657716937
1.03692788231,-33.884563769
1.0372403612,-32.5799535911
1.03824834961,-34.4700086291
1.03834302716,-32.1351206078
1.04385349693,-33.8203155952
1.04186463849,-32.3771006713
1.05578803337,-48.2459621624
1.02908926773,-21.3819455157
1.04301105885,-33.8986182005
1.04069739145,-32.8387182419
1.04282281535,-34.23367311
1.04046376813,-32.2335122889
1.04259332031,-33.8205307523
1.03861296234,-32.4148584524
1.05285430067,-48.4271532554
1.03460925926,-20.8746260893
1.04307919372,-33.7843987491
1.04249254029,-32.5221725958
1.04281636351,-33.9064918465
1.03987306511,-32.7917818979
1.03954814204,-33.848087299
1.04276965127,-31.5465095648
1.06428740228,-48.5235565423
1.03170140062,-20.23310838
1.04065113083,-34.4626135329
1.04154026592,-33.0240622538
1.04269633598,-34.4049585966
1.03921318602,-32.5285687424
1.03859599068,-33.8896658562
1.04034104719,-31.8077108441
1.0559651406,-48.6257110484
1.02922913934,-20.9332897794
1.04033272658,-34.5805001071
1.04139435683,-32.7826294104
1.0382058055,-34.5154348049
1.03739580694,-31.695721499
1.03913811133,-34.2323719354
1.04037719955,-32.6388030266
1.0526848294,-48.6040640516
1.0304820789,-21.3484295942
1.04119149259,-33.6503210731
1.04019091349,-32.7191130918
1.03869200467,-33.4561735547
1.0385561869,-32.3202524409
1.04006996063,-33.886752617
1.03712351692,-32.2296878345
1.04884860113,-47.7914758371
1.02881859337,-21.2036412551
1.03936098876,-33.8758173329
1.04175905416,-32.514024185
1.03736927008,-34.3566388764
1.04085477804,-32.5581811284
1.03953478181,-34.1805112247
1.03654712607,-32.1469598405
1.05164473958,-48.6115120937
1.02816432742,-21.3026747232
1.0391228302,-33.8942774402
1.04143272365,-32.6098684655
1.04472180493,-34.1460023659
1.03816658978,-31.9308543366
1.04034160968,-34.0688568338
1.03739374344,-31.5801715835
1.05153127621,-48.0534393431
1.03182436416,-21.2703323713
1.0420599871,-34.4732462259
1.04273932653,-32.5544297034
1.04245561563,-34.3840714208
1.04132364748,-31.6076521101
1.04139220432,-34.5459860805
1.04194224875,-31.8222646291
1.05199833634,-47.8746061258
1.02679649404,-21.2991560547
1.0418747552,-34.3892897035
1.03448249126,-32.5564186479
1.03802147798,-34.3288049958
1.04308440351,-32.5641638805
1.03879086642,-33.836469491
1.04042569756,-32.2879877021
1.05103987219,-48.1375186683
1.02711912575,-21.1331492834
1.04106906037,-34.6788644136
1.03662591541,-32.5699561489
1.04175644285,-33.6059630424
1.03440149947,-32.548941522
1.04220064021,-33.9802841295
1.03669372509,-32.0641522884
1.05024613454,-48.5673346142
1.03118835698,-21.0578278951
1.03604954618,-34.1420857556
1.0411850759,-32.0756883861
1.03869361544,-34.4024136871
1.03838564917,-32.1304368747
1.03878767902,-33.5546384719
1.0387909832,-31.9425556471
1.05004770522,-48.3614265311
1.02767724151,-20.7984305283
1.04038930163,-34.0010903495
1.03387721203,-32.5018533782
1.03646452636,-33.4322140151
1.0394984648,-31.1375757411
1.03798478631,-33.859188006
1.03739637448,-31.4942514934
1.05044506709,-47.7138433045
1.02796396884,-20.5441353176
1.03948352035,-33.8379510176
1.03690433819,-32.1552109766
1.03962737005,-33.7576923552
1.03795967788,-32.3340325554
1.04008239013,-33.6556722348
1.03897720693,-31.135436199
1.05559317903,-48.1086770693
1.02977544997,-20.9148572216
1.03731827992,-33.5442689844
1.03941015149,-32.7845112544
1.03567642568,-33.7475366638
1.03574859426,-31.6666915915
1.03818426123,-32.9819482309
1.03621186344,-32.398497601
1.05049608002,-47.9183835108
1.02854768493,-21.348188659
1.03714455021,-34.0626959738
1.03980778686,-32.054372724
1.04040558357,-33.93147366
1.03578336794,-32.7200738026
1.04131212751,-33.7767954543
1.04071216651,-31.1309491774
1.05570289909,-47.9138983742
1.02833065358,-20.2289128562
1.04120720468,-33.739247633
1.0380559943,-32.3984676126
1.03910819308,-33.2211120892
1.03701693784,-30.8986997849
1.03869927463,-33.2852969475
1.0339466925,-30.8213728288
1.05232504613,-47.5595139488
1.028269926,-21.1307573471
1.03578624249,-33.361302183
1.03608845509,-32.0382706628
1.03891530623,-33.8935319903
1.03600048694,-31.8210920573
1.0397653997,-33.4019608677
1.03859705594,-32.186207178
1.04855761436,-48.4249351176
1.02988306573,-20.7267959015
1.04046767382,-33.9806727849
1.03733065243,-32.0385365031
1.04069692055,-33.9114671636
1.03642799748,-31.6521340302
1.04004428417,-33.6967159459
1.03592081925,-31.9759883943
1.04908197819,-47.8411297915
1.02589829533,-21.6782159502
1.04093647418,-33.245374735
1.03538606285,-33.2712004154
1.03852260821,-33.4275658043
1.03949568558,-32.0786031902
1.0371645204,-33.2041282493
1.04025902486,-31.3034357206
1.05066236663,-48.1794581781
1.0251236723,-21.1075599451
1.03871832103,-33.7459439902
1.0368181934,-32.1311295978
1.03909110285,-33.6593743811
1.03479917219,-32.0612326782
1.0399209208,-33.4919633287
1.03506120983,-31.7480392459
1.05188744574,-48.2080164114
1.02789975717,-20.988942324
1.03589485512,-34.1088220203
1.03818293446,-32.5186430592
1.03574076152,-33.6659259735
1.03500728781,-31.6839847004
1.04017603549,-33.9764598981
1.03500946208,-30.9108738395
1.05322504106,-48.0358580434
1.02868570357,-20.4612500425
1.0376756318,-34.4003725831
1.04065202661,-32.3256995907
1.04424035669,-33.8494996289
1.03943619551,-31.4863664395
1.03978791809,-33.5902427047
1.03698279905,-31.5146121163
1.05063381751,-47.5483100974
1.02616155448,-21.0929945252
1.03813391972,-33.9167572941
1.03763036048,-32.9753245692
1.0372973055,-33.7023976663
1.03759169796,-32.5186944999
1.03922545289,-33.6548573929
1.03650977986,-31.4845322033
1.0522851986,-48.2199182839
1.02740018917,-20.9655849102
1.03550824972,-33.8380215555
1.03661479828,-32.6406471912
1.03846247942,-33.5822374862
1.03646857128,-31.804218571
1.03692218746,-33.3739864411
1.03386747718,-31.1892608327
1.04726154957,-47.5941165622
1.02976558644,-20.4453043587
1.03913241953,-33.3470251156
1.0354990503,-31.854045704
1.03996152656,-33.4914215442
1.03550469571,-31.730359493
1.04084771608,-33.3474027662
1.03774497938,-31.4436043737
1.05064083917,-47.5514641364
1.02564944787,-20.6680460576
1.04228280993,-32.6465037158
1.03752791427,-31.9045524852
1.04026770209,-33.4761873726
1.03541309587,-31.4035513206
1.03914858427,-33.0751220806
1.0353682757,-31.0284738468
1.05320002863,-47.9460159882
1.02819558072,-20.3443373868
1.03912921596,-33.3598884367
1.03718868828,-32.1060081162
1.03893569335,-33.5065788926
1.03274460941,-31.9735188853
1.03881719478,-33.0509422837
1.04346638086,-32.0500535794
1.04990850224,-47.6350216522
1.02602194378,-20.221308661
1.0354306579,-33.8640563596
1.0375246276,-31.9833429037
1.0378457445,-33.7344239107
1.03760257677,-31.2727874608
1.03826718595,-33.4226703314
1.03710646772,-31.0586662972
1.04930530546,-47.6186004101
1.02712177081,-20.6926283065
1.03505991886,-33.8413201062
1.0361448342,-31.9687829872
1.03508241071,-33.4052894042
1.03482847032,-31.3904134695
1.03681802119,-33.5242747245
1.03307158769,-31.2690716671
1.04917126766,-47.2395173427
1.02696113254,-19.8934252846
1.03436570331,-33.196873614
1.03646593424,-31.5867834609
1.03768823872,-33.1943187827
1.03610041326,-31.2402510261
1.03672838865,-32.7563589271
1.03701077206,-31.1370294607
1.04760644127,-47.5346333586
1.029938714,-20.6085568897
1.04048042986,-33.2652276638
1.03740845575,-31.9104670564
1.04102573977,-33.5906162057
1.03362146027,-31.9222893611
1.03546388535,-32.9867446753
1.03561040465,-31.7054313374
1.04749218804,-47.8238867502
1.02675160037,-20.2934403493
1.03796453132,-33.3175853686
1.0360012289,-32.2271323346
1.03923999176,-33.5813579538
1.03672458037,-30.9929875212
1.04131826924,-32.9724367034
1.03676049484,-30.8265512086
1.05193035958,-46.906617432
1.02727559205,-20.5227670875
1.03830798798,-32.9790435921
1.03340457987,-32.7621964365
1.03325701579,-33.0845520277
1.03681042389,-31.1675787064
1.04002972718,-32.8257143081
1.03499678521,-30.9547149375
1.0500218666,-47.3309593046
1.02396712771,-20.4983189866
1.03603406934,-33.3402182814
1.04070270587,-31.9159265463
1.03142792401,-33.3181613011
1.03655600027,-31.6140277071
1.03775578703,-32.5739690512
1.03602487943,-31.3696655482
1.04977241391,-47.6309404922
1.02591014648,-20.0519273744
1.03114342918,-33.4269142322
1.03623956151,-31.6172166946
1.03442654894,-33.6965475546
1.03262280036,-31.1694344979
1.03508950453,-32.6520786286
1.03954292259,-31.1907444257
1.04926072395,-47.2672759731
1.02503058294,-19.7288955132
1.03390570704,-32.6267957859
1.03299853288,-32.0770744278
1.03981712252,-33.2243752396
1.03693452015,-30.7445390836
1.03589916296,-32.8719529719
1.03359992867,-30.7981606536
1.04840846699,-47.1332613567
1.02624199906,-20.5210916918
1.03455612199,-33.2573637005
1.03346501779,-32.0013305968
1.03816762735,-33.4812306632
1.03841441101,-31.0198892346
1.03837993136,-32.7565239511
1.03170499106,-31.3279437426
1.04865436845,-47.1569546046
1.02528135904,-20.1119536948
1.03331182704,-33.1578950389
1.03543112873,-31.4937277755
1.0382584551,-32.544783332
1.03446731183,-31.0930709955
1.03670724141,-33.4012921473
1.03792857825,-30.6916752042
1.05126367284,-47.1364150743
1.02329863421,-19.9437791885
1.03830058227,-32.8799515973
1.03583358537,-31.5850599439
1.03803420019,-32.9893486163
1.03360207169,-31.0541380241
1.03611425988,-33.0409507229
1.03661459008,-30.7747210907
1.05265995501,-47.4263101251
1.02588038395,-20.314984364
1.03580195696,-33.5535206053
1.03851249921,-31.4353984458
1.03966883148,-32.9531919716
1.0365563832,-30.7859196669
1.04004833115,-32.5129028804
1.03916832465,-31.2241514477
1.05419570551,-47.1319293557
1.02883016459,-19.9574937193
1.04408692383,-32.7547652116
1.03696113017,-32.1210134022
1.03991559574,-32.7837181441
1.03706476164,-31.4102494171
1.04018945262,-32.541693365
1.03533560519,-30.7684400741
1.05180281391,-47.108558052
1.02986739937,-19.6517739061
1.03712331116,-33.6861491932
1.03720645564,-32.1204871966
1.03895577627,-33.0521260025
1.03444521565,-31.1805429719
1.03682426638,-32.8805256889
1.03777196533,-31.1403940312
1.05148681891,-47.0647267757
1.02768168002,-19.7339906395
1.03705061543,-32.9428892397
1.04076703565,-32.0610574294
1.03547843816,-33.4042461899
1.03974470852,-31.4966360266
1.03840199417,-32.392708288
1.03643818821,-30.8165986656
1.05153785074,-46.9835390028
1.02697488625,-19.9115413567
1.03677336391,-32.9334498682
1.03671078626,-31.4837677688
1.03550059561,-32.64263054
1.03162917064,-31.0848793114
1.0353507249,-32.2327193973
1.03402595291,-30.4375391182
1.04730080693,-46.6621331692
1.0260700048,-19.970859361
1.03484894059,-32.7051180996
1.03521376922,-31.7023424916
1.03558829734,-32.8071019536
1.03845273865,-30.9106420349
1.03501150505,-32.8192283802
1.03621316317,-30.5639650428
1.04866831147,-46.9175696416
1.02487730962,-20.1725578355
1.0364915595,-33.1435258653
1.03399070298,-31.578687457
1.03579761891,-33.085843337
1.03395119803,-30.7797696224
1.03476691299,-32.7210497207
1.0356260854,-30.7536115849
1.04525202859,-47.0561372599
1.02816055239,-19.6467742281
1.03212000521,-32.8587653319
1.03355354393,-31.2657666871
1.03812879639,-33.1396058329
1.03307360039,-31.6473108334
1.03478812962,-32.4060547609
1.03476907095,-30.0734789957
1.04891935172,-46.9827450883
1.02284924302,-19.5426972058
1.03987305749,-32.3893860127
1.0392328989,-31.2314546181
1.03563292213,-33.0680802205
1.03549520231,-30.1072823668
1.03431066329,-32.4265787281
1.0344315262,-30.1168469947
1.04789562266,-47.0077147867
1.02423509829,-19.6090317155
1.03838232523,-32.7870294571
1.03571038232,-31.3751859715
1.03546462681,-32.636074525
1.03520219232,-30.0273344818
1.03870329988,-32.9808085707
1.03151268533,-30.2934107196
1.04751871764,-47.4282959181
1.02598078052,-19.7643556497
1.03643275725,-33.2346487064
1.03267021936,-30.9088639039
1.037034893,-32.226754566
1.03942239558,-30.9557803306
1.03508717185,-32.2595628165
1.0335550109,-30.5972543331
1.05023057677,-46.8838034743
1.02437103764,-19.8849583866
1.03645545339,-32.9780052873
1.038643348,-31.8054958015
1.03849519388,-32.7907616146
1.03634964964,-30.738880948
1.03438714308,-32.5992805121
1.03623561131,-30.5825848433
1.05037442463,-46.9882910237
1.02424800796,-19.9205684022
1.03378914145,-32.6596781378
1.03131749237,-31.208622416
1.03532371864,-32.5774647947
1.03260323756,-30.5100216797
1.03140035609,-32.7937442611
1.03566830965,-31.087241272
1.04632209863,-47.0480190289
1.02504892811,-19.9723025901
1.03743545303,-32.2024617923
1.03386091789,-31.2377401348
1.03342043824,-31.8703090895
1.03505068252,-30.6990572214
1.03396576906,-32.1523696577
1.03401043653,-30.0799077817
1.04584858055,-46.8856102397
1.02467879572,-19.8344445772
1.03410410852,-32.2429058525
1.04121638679,-30.8535477011
1.03507103285,-32.8147865682
1.03568495353,-30.5490865959
1.03607632098,-32.4245176066
1.03353570024,-30.517869362
1.04905397773,-46.8584845853
1.02472444248,-19.604535634
1.03456748671,-32.9480132579
1.03506719082,-31.3200552156
1.03512959923,-32.4385308787
1.03509822943,-30.7826307822
1.03660039034,-31.5215050365
1.03542244318,-30.0363341493
1.05159089882,-46.6297288551
1.02472372301,-19.8911630515
1.03826556655,-32.3210506011
1.0339514953,-31.0785299902
1.03470974938,-32.2434424323
1.0322207493,-30.5507668791
1.03742163856,-31.8540763382
1.03409689523,-30.7063666193
1.04606348089,-46.2651761331
1.02438422353,-18.9802071543
1.03451099824,-32.7332017377
1.035341446,-30.858194912
1.03754716447,-32.5558885868
1.03427245323,-30.3553473959
1.03463348457,-32.1519169892
1.03272026145,-30.6340919418
1.04879590758,-46.8225924047
1.0230199747,-18.9269118335
1.03879196535,-32.2218507668
1.0354022035,-30.6250363227
1.03655761063,-32.57375903
1.03534967691,-30.0260531546
1.03677863343,-32.8465206038
1.03533375525,-29.8824023961
1.04520931698,-46.3615259931
1.02659798609,-19.4374258046
1.0349538724,-32.5615048823
1.03939724543,-30.4931153491
1.03593579893,-32.0774546367
1.03613699113,-30.7542488556
1.03569025596,-31.973438855
1.03369627979,-30.1049630623
1.0520869814,-47.0132920057
1.02108037983,-20.0993153685
1.04050035591,-32.4769641257
1.03316844127,-31.2801671997
1.03880865453,-31.7939103438
1.03262006798,-30.1770295154
1.03642767652,-31.8241767594
1.03425131943,-30.4014669603
1.04617600067,-46.3843999766
1.02840773766,-19.7257485743
1.03219363546,-32.5437319888
1.03592632987,-30.5151710828
1.03574075582,-31.7926891176
1.03330782435,-30.352040499
1.03655299771,-32.1323197061
1.03588777788,-29.5585018215
1.04647172029,-46.3034299183
1.02481693717,-19.5781634942
1.03575037327,-32.389574386
1.0362283644,-30.3558827529
1.03363847428,-32.8225626222
1.03426815987,-30.6558834444
1.0389109294,-32.161820051
1.03738892989,-30.0722840805
1.04919016396,-46.3798806118
1.02444178014,-19.3483434033
1.03455598054,-32.4371805033
1.0327404935,-30.8811444776
1.03538408588,-32.4914768653
1.03795933493,-30.7191593539
1.03794329549,-32.2877504019
1.03462497,-29.9210070972
1.05211859215,-45.7476887051
1.02870380047,-19.1289090073
1.04066684362,-32.539795696
1.03545885094,-30.8299602454
1.03738300398,-32.5267781327
1.03457999434,-30.515337677
1.03665196194,-32.0597971415
1.03949186983,-29.7165560608
1.05154135107,-46.2463201146
1.02587119166,-18.7305704132
1.0361980019,-32.6520654483
1.03334667537,-30.8039100417
1.03363277999,-31.8111625063
1.03063860087,-30.3976294749
1.03509422923,-31.2891209591
1.03431050653,-30.7208791192
1.04782786489,-45.7228726578
1.02326497748,-19.1583372962
1.03579945968,-32.0252235939
1.03694042299,-30.2828183976
1.03845305476,-32.2926438261
1.03375315634,-30.2488876503
1.03748703111,-31.5390590977
1.0331675277,-30.0159080362
1.05204407851,-46.1464632457
1.02675476664,-18.8545064062
1.03500731513,-31.9422435153
1.03711488388,-30.7938705924
1.03402971327,-32.4842230794
1.03373271776,-29.3163277178
1.03159775178,-31.8327884159
1.03517464743,-29.469598247
1.04773620718,-46.2061150394
1.02359797928,-19.3076722256
1.03955237131,-31.6751166257
1.03633766879,-30.7958916864
1.0370464992,-32.222205219
1.03268400835,-29.5255134157
1.03278470461,-31.4550389547
1.03361606115,-29.7928934074
1.04741987251,-46.1389213124
1.02400028793,-19.3539718404
1.03627706099,-31.9167575474
1.0394625878,-29.9601711839
1.03520484931,-31.1681346063
1.03300873536,-30.1033937366
1.03544019615,-31.5935699651
1.03510934265,-29.3120103825
1.04811342913,-45.7968523915
1.02802843644,-19.0657092294
1.03317659486,-32.0734270385
1.03565207917,-30.1848588021
1.03320704317,-31.9246182679
1.0332913309,-30.0157701941
1.03785734342,-31.9233810852
1.03426060862,-30.312675576
1.04834128437,-45.8107142742
1.02895780425,-18.8354412084
1.03739488315,-31.2586605356
1.03686542003,-30.5797793537
1.03549311246,-31.8327379701
1.03452180044,-29.5260051231
1.03680436901,-31.9431690355
1.03197370206,-30.4894469341
1.04978094052,-46.003361425
1.02647449086,-18.6414442708
1.03614120968,-32.3705973592
1.03364924797,-30.2034070161
1.03930652134,-31.8184909016
1.03377034363,-29.4708373043
1.03599920719,-31.8387156917
1.03439755366,-30.1957399049
1.04714068065,-46.0581134304
1.02274858011,-18.7601473708
1.03277989174,-31.8561289621
1.03444048572,-29.6455264725
1.03549917297,-31.4167450995
1.03414563704,-29.9148619089
1.03400773715,-31.0008467225
1.03486507068,-29.6692146611
1.04775494675,-46.2660348677
1.02582514235,-18.4918060507
1.03811516296,-31.2726711034
1.03578836948,-30.3599876351
1.03505041163,-31.9989370967
1.03641773973,-29.6002780794
1.03832467874,-31.1134860504
1.03450307297,-30.0392388462
1.05258355983,-45.7941988148
1.02378847687,-18.8629252719
1.03930436933,-31.6297417109
1.03601530872,-29.5583218747
1.03631192691,-31.8092883047
1.0358089052,-30.1455817928
1.03629803677,-31.1719286211
1.04042467595,-29.4034916206
1.04684949096,-45.6344328531
1.02261830108,-18.5014008499
1.03404483481,-31.8526066144
1.03338930114,-30.6816895811
1.03747883686,-31.7799854757
1.03286312163,-29.336618427
1.03994453558,-31.8202492013
1.03505538026,-30.0249869969
1.04940635376,-46.1476441239
1.02505633541,-18.6544156594
1.03871236292,-31.977826392
1.0359653532,-29.491879305
1.03994349654,-32.2567232001
1.03583527225,-29.788168871
1.03813831889,-31.3751389704
1.03350567616,-29.2672211595
1.05242341757,-45.6246790759
1.02547471279,-18.7091284893
1.03342524667,-31.4302375896
1.03672571853,-29.7868213434
1.03929770305,-31.1789787193
1.03433793649,-29.2800556847
1.03557713097,-31.3161045297
1.03239494065,-29.196991777
1.04849352831,-45.3106918991
1.02474297816,-18.680362941
1.0338193535,-31.6298066564
1.03576933614,-30.5899910245
1.03929228722,-32.0077357359
1.03240415469,-30.2455878232
1.03937670092,-30.866786802
1.03448128791,-29.0440331784
1.05100833334,-46.0941330937
1.02412644536,-18.6465346462
1.04090658736,-31.5577463226
1.03347333195,-30.4994797017
1.03854267761,-31.5943593754
1.03743790198,-29.4319339079
1.03415259535,-31.2924151079
1.04064797517,-28.6960604349
1.04867697332,-45.0700506997
1.02596894954,-18.6998551487
1.03564566622,-31.1230075616
1.03211783393,-29.8645960262
1.0368747735,-31.338676634
1.03518946834,-29.4919138282
1.03813962802,-31.3104741527
1.03058481947,-28.9813810417
1.04698352533,-45.6680561222
1.02474162238,-18.2769596254
1.03235469367,-31.2599055451
1.03577270969,-29.8661657398
1.03256575333,-31.6463818748
1.03698187092,-29.4499701183
1.03445292034,-31.1623593729
1.03710995926,-29.3155849761
1.04844353547,-46.1599759347
1.02320443405,-18.6947987082
1.03259393977,-31.4057433371
1.03647697633,-29.5711456754
1.03482574668,-31.6534278547
1.03555335571,-29.0846778856
1.03691353224,-31.4754104558
1.03915940244,-28.9250956222
1.05017001529,-45.1657888773
1.02665320515,-18.2035771819
1.04114870504,-31.0275835736
1.04268591754,-29.7017320082
1.03229503798,-30.9997221379
1.03621871801,-29.8417100934
1.0346495502,-31.3354488531
1.03428765653,-29.4321871739
1.04863647072,-45.9208604027
1.02448299979,-18.3658723337
1.03184112847,-31.2310202426
1.03759540783,-29.6084927494
1.03458459454,-31.348321261
1.0363432128,-29.5309582039
1.03574139469,-30.7775966809
1.03370779242,-29.0338803138
1.04869680117,-45.1709480757
1.02921354761,-18.5254665146
1.0383883374,-30.9871847554
1.03669293921,-29.4748434265
1.04001619383,-31.6800931497
1.03244600375,-29.3464060037
1.03709751751,-30.9850675427
1.03259172214,-28.7769841797
1.04910467341,-45.0803160533
1.02371283445,-18.1117101085
1.03938172681,-30.8282264115
1.03554455002,-29.9662822721
1.03801204601,-31.1705126819
1.0319836723,-28.7497826845
1.03851954842,-31.1284106466
1.0348493049,-29.1877833444
1.050571401,-44.8498720674
1.02393033612,-18.553901384
1.03685534104,-31.0928386326
1.0346312037,-29.8027403591
1.03592932441,-30.7817200692
1.03396511401,-28.7822153163
1.03821012894,-30.8553018033
1.03416086071,-29.3874565477
1.05079846755,-45.093071103
1.02739117095,-18.7717794802
1.03596463213,-30.9086667232
1.03340695969,-29.1977113528
1.03661772466,-30.551673138
1.03609747148,-29.457351487
1.03473886549,-31.0077429911
1.03257723371,-28.8238005066
1.04943562208,-45.0867582311
1.02513709781,-17.575721316
1.03476962068,-31.1426051079
1.03179501209,-29.8306305662
1.03663033971,-31.1000540978
1.03088757785,-28.6384840391
1.036929992,-30.9875234512
1.03205175539,-28.4811038885
1.05266079335,-45.421737025
1.02600029776,-17.2845677901
1.03681577225,-30.9956218448
1.03776930696,-29.005872874
1.03857989047,-31.0096882343
1.03776611978,-29.2314327877
1.03416164495,-30.6051516438
1.03449444638,-28.4317725158
1.04749741223,-45.2032463982
1.02872043767,-18.4820143166
1.0360224571,-31.1901091018
1.03821990521,-29.4867131672
1.03870699917,-31.1033995966
1.03748638658,-29.017236303
1.03567579532,-30.8772662447
1.03846366148,-28.5158334738
1.04968466512,-44.9715648227
1.0298856526,-18.2030324065
1.03854199853,-30.570085708
1.0398727379,-29.0671562653
1.03397583039,-31.0777105747
1.03441308849,-29.2438256961
1.03553953582,-30.4554661836
1.03305100421,-29.1648830059
1.04738349736,-45.4468431974
1.02538197132,-17.9787685357
1.0359876966,-30.8376613486
1.03635225096,-29.5966935306
1.03640844931,-30.9138138738
1.03581840973,-28.953780954
1.0371671283,-30.7407891139
1.03680914822,-28.8687257724
1.05585036378,-44.7000310622
1.02828095488,-18.0620705339
1.03659078599,-30.3847242137
1.03471645526,-30.147284418
1.03632515796,-30.7932009567
1.03568946069,-29.205714392
1.04049575369,-30.2145235893
1.03493770497,-28.9156142756
1.05021787643,-44.8094868365
1.02913750145,-17.8756251854
1.03708861142,-30.8302143179
1.04007708118,-29.8415670404
1.0364321041,-31.3840284997
1.03653632985,-28.9259842474
1.03629904011,-31.2080618113
1.03994768175,-29.0701168504
1.05199868304,-43.7037576766
1.0314144445,-17.8686632392
1.03625710094,-30.38167508
1.03846730542,-28.6448897292
1.03849411853,-31.0707695937
1.03678371226,-28.5647809585
1.03629985731,-30.5181175384
1.03893057819,-28.379076007
1.04889563953,-45.0318643029
1.03037345212,-17.677769458
1.03847384181,-30.6749904121
1.03779440944,-29.5208724027
1.04019830777,-30.5585509527
1.03466960361,-29.4136152691
1.03873081959,-30.2861660226
1.03855862656,-28.6119969036
1.05434485977,-44.8819777481
1.02684151906,-17.6075183815
1.03810034367,-30.6860164378
1.0395562478,-28.9377748115
1.0432320468,-30.9976869125
1.03448597514,-28.8147032678
1.03906006059,-30.4648989141
1.03612949254,-28.4186395599
1.0479857055,-44.8665408075
1.02701931616,-17.5435723954
1.03701654821,-30.785984151
1.04195641555,-29.2848894556
1.03917524111,-30.4578245868
1.03567262124,-28.6586991114
1.04247249841,-29.8820240699
1.03873215762,-28.6339598055
1.05226273011,-44.6200096969
1.03099415768,-17.413196147
1.0409011555,-30.7739557172
1.04110480847,-28.6906327983
1.03930644267,-30.4640074075
1.04243137404,-28.6632530241
1.04247735797,-30.047499802
1.03903450479,-28.6171725438
1.05587960065,-44.7248937371
1.0297757104,-17.6277879328
1.04479422055,-30.6778048053
1.04263784583,-29.1397567863
1.04348808496,-30.3437700145
1.03984005049,-28.500772932
1.04523432315,-30.267681563
1.04298005341,-27.7786880288
1.05477917831,-45.2167062332
1.03597865633,-17.5112305187
1.03959838604,-30.9958956733
1.03886079997,-28.9204512606
1.04325640043,-29.9372370764
1.03849205881,-29.0220009657
1.04574598249,-30.2552998931
1.04378438833,-28.2150646033
1.05815249525,-44.5757522815
1.03057439166,-17.4561063923
1.04445945755,-30.6926192397
1.04782605583,-28.7066219977
1.04090726413,-30.5725477407
1.04218996494,-28.5016055235
1.04530493394,-29.4349413375
1.04196084928,-28.3484751418
1.05982949384,-44.0179907989
1.0334281191,-17.3516042753
1.0441649549,-30.3571225416
1.04408856378,-28.6180320079
1.04767563298,-30.2854089928
1.04485649466,-28.3691746258
1.04566004337,-30.234231488
1.04330229661,-27.6861601551
1.05650730103,-44.3312547737
1.03480646626,-17.0098689244
1.04127396806,-30.0464596988
1.04326467157,-29.0860795281
1.04452495444,-30.5091700014
1.04406879963,-28.8272878491
1.04431068764,-30.1946968954
1.04250573357,-28.3974979045
1.05629117785,-44.2555608185
1.03757476179,-17.0509077814
1.04698543153,-30.0508175721
1.0416826361,-28.6091590502
1.04680567228,-30.1972125113
1.04593082214,-28.4007834642
1.0477572531,-30.0513046774
1.04396581502,-27.936420291
1.06062314025,-44.1408747696
1.03542849287,-16.5396014113
1.04466669779,-30.3874469285
1.04378476394,-28.3162747306
1.04338527706,-29.9282260211
1.04804360295,-28.1204776206
1.04615718044,-30.4711108451
1.04560195432,-28.0881162706
1.05657721102,-43.9234709755
1.03626217062,-17.3870754236
1.04796743799,-30.0352747588
1.0457901422,-29.1340287398
1.04494031654,-29.7878304622
1.04550782461,-28.3999442698
1.05109336947,-29.4840829813
1.04766501819,-27.9741335334
1.05740491857,-44.7358367093
1.03962437155,-17.245552757
1.05332619999,-30.4289316372
1.04930351153,-28.9644441548
1.053077065,-30.2418771847
1.06021817169,-28.6491822022
1.07001032387,-30.4127120102
1.0751759207,-28.4698827553
1.10489109029,-46.2684531366
1.10606735544,-17.0915075639
1.148013108,-31.585022877
1.20693767758,-31.0512970066
1.31320313057,-34.2814400748
