1.3510612981,-27.6847355421
1.2370248377,-26.3492514082
1.18240069702,-24.7047164154
1.15389743386,-39.4730748147
1.11423105695,-16.0230182314
1.10638499493,-26.4295260537
1.0894349508,-24.5944249624
1.08843632654,-24.5878988862
1.08140935562,-23.5231762812
1.08078869812,-25.6115942264
1.07723743734,-24.4929905796
1.09594360411,-37.9048263057
1.0652548192,-15.9909747126
1.07630548201,-25.9956115609
1.06971185309,-24.4036118364
1.06942642476,-24.7543451196
1.07159712102,-24.3689166012
1.07120383135,-24.6643736631
1.06977814345,-23.893231363
1.081728047,-37.6502085096
1.06805706157,-16.1002160379
1.07502857354,-25.9090908844
1.07395799956,-24.2537896686
1.07049992266,-25.1316717728
1.06761914589,-24.4530939837
1.07092416421,-24.8280853175
1.07056341518,-24.090730343
1.08143384036,-37.9453046518
1.0626757845,-16.1615129459
1.0695875094,-25.8019945765
1.06605843018,-24.4722741459
1.06943712082,-24.6655682337
1.06784449656,-24.8946959334
1.06886197737,-25.3449400161
1.0705799396,-24.0349306719
1.07984790912,-38.1487133347
1.06415067489,-15.831528137
1.07117687432,-25.5414084347
1.0678308395,-23.4481040456
1.06863135557,-24.172595259
1.06727061658,-23.94409743
1.06582070544,-24.9626433221
1.06869086164,-24.6644919244
1.08176484203,-37.6923600001
1.05695670658,-17.0744560707
1.06966225198,-25.4237122405
1.07245224482,-24.3859285149
1.0714392835,-24.9222586413
1.06724695508,-24.8019481265
1.06558529792,-25.0894948152
1.06939373429,-24.222207027
1.07792885083,-37.8057883314
1.05854536438,-16.0860499284
1.06379058516,-25.758149403
1.06582378493,-24.6194372035
1.06845214793,-25.0480169669
1.06527362439,-24.4318850763
1.06494222801,-25.5475252875
1.06441591344,-24.6451975091
1.07731068347,-38.063073273
1.05771555453,-16.6151322203
1.06453983605,-25.764721477
1.06310107584,-24.3341767833
1.06666098614,-25.0391051534
1.0630609658,-24.9990033304
1.06426331716,-25.1181831858
1.06694098915,-24.1198939302
1.07132128619,-38.1239672327
1.05833150126,-16.3669218623
1.06575598721,-26.1190360082
1.05892611089,-24.8746244964
1.06259998727,-25.2998655897
1.06034445292,-24.616778379
1.06342799573,-25.23720184
1.06362262813,-24.0698855357
1.07425301111,-37.8747068941
1.05578258923,-16.2534200073
1.06079262934,-25.7709803038
1.06229902121,-24.3252291821
1.06412457415,-24.9940558873
1.06193288862,-24.774071725
1.06171817268,-24.9097862244
1.06127757382,-24.6489629428
1.073908544,-37.8654708118
1.06132455563,-16.0156836776
1.06030352996,-25.7831457259
1.05815302917,-24.395104332
1.06342785041,-24.8069865634
1.05713443572,-24.8460471367
1.0619408072,-24.8789438941
1.06070072705,-24.7953343211
1.07562698057,-37.7993972351
1.05195762782,-17.0869573161
1.05979372147,-25.8839152067
1.05635110532,-24.874405432
1.05989046481,-24.7402234005
1.0598085745,-24.811535873
1.05609227539,-25.8546944899
1.06160029546,-24.4193990092
1.06987907776,-38.1223031207
1.05508806299,-15.8898379016
1.06072884414,-25.7230022532
1.05884947534,-24.4103228999
1.06001301383,-25.0924467576
1.05824581029,-24.6182911315
1.05966121657,-25.5086164618
1.05922557496,-24.5386138437
1.06971365412,-38.1315580027
1.05088395021,-16.6380306622
1.06029331285,-26.0873878809
1.059119851,-24.4372638817
1.05646543302,-25.4777883907
1.05830988517,-24.4398183917
1.05794611798,-25.4083989544
1.05592251115,-24.3157752058
1.06387525784,-38.5520136416
1.04965148677,-16.2483908852
1.05667573156,-25.91408976
1.05430601826,-24.4935001413
1.06073854142,-25.1611788193
1.05508062375,-24.8525682853
1.05840328776,-25.3191345938
1.05503918181,-24.9129514011
1.07190358802,-37.9317783844
1.04968297849,-16.8870158327
1.05744573136,-25.9137404225
1.05914663731,-24.6418318952
1.05979304535,-24.9440704173
1.05471584852,-24.3990706269
1.05488034752,-25.4049867767
1.05895110455,-24.4001565406
1.07060016023,-38.2780357359
1.05689783355,-16.2174373867
1.0524708814,-25.9319087995
1.05477035743,-24.1881983954
1.05782872717,-24.4885537869
1.05678084756,-24.4556162807
1.05494203426,-25.1756239411
1.05632103774,-24.2105626986
1.06517301293,-37.3006281544
1.04835187849,-16.5137512936
1.05242536647,-25.9663612408
1.05131738393,-24.0447729814
1.06159925406,-25.0833510307
1.05325297851,-24.6866606615
1.05364962941,-25.5633348587
1.05613653534,-24.3027362583
1.06426841277,-38.464420975
1.04721345735,-16.8068332594
1.05668491548,-26.1356830103
1.05545782163,-24.5448738474
1.05931553638,-25.0874421475
1.05548816154,-24.2919960414
1.05544030527,-25.3632622113
1.05639392997,-24.5606542283
1.06454731647,-38.0058933717
1.04827928413,-16.6701700536
1.05665729597,-25.7750852583
1.0537369933,-24.1661733554
1.05276213973,-25.0119550136
1.05426601006,-24.3902769505
1.05570228239,-25.6388163616
1.05471750494,-24.2963252471
1.06126990654,-38.2807710575
1.04490159493,-16.4421996974
1.05488065172,-26.0317728583
1.05393545066,-25.2600441241
1.05664596488,-25.4325984425
1.05666586997,-24.1306107889
1.05592165766,-25.1519701845
1.05191844725,-24.6089994549
1.06775180489,-38.1483502353
1.04642342625,-17.0789083588
1.05884318579,-25.997642176
1.05509705323,-25.185387944
1.05260867945,-25.1214746224
1.05077021541,-24.4126522645
1.05693638487,-25.4484176373
1.05288362027,-24.6643673493
1.06191903161,-37.6715462478
1.04578292351,-16.5929633995
1.05414721737,-25.6056136206
1.05023606902,-24.4850448538
1.05677894324,-25.1894218086
1.05224044211,-24.791183711
1.05866399373,-25.2348115631
1.05660687159,-24.537162694
1.06835589949,-37.8526858395
1.05075612135,-16.8611597208
1.0552524833,-26.2233716894
1.05118610957,-25.2028783932
1.05201089149,-25.0486290859
1.05276046561,-25.2244002782
1.05305655998,-25.8028699301
1.05171397321,-24.6229096312
1.0661211678,-38.2970704651
1.04853144557,-16.6396250207
1.05583735372,-25.9063254141
1.0537161004,-24.8092747388
1.05859532638,-25.2759671377
1.05079740175,-24.5162460639
1.05690439178,-25.2190796879
1.05422695043,-24.8125552632
1.06312263579,-37.7920928174
1.04728685181,-17.3421877952
1.05506248303,-25.9274311212
1.054680686,-24.6702006712
1.05645005461,-25.4485634219
1.05602586275,-24.8814166654
1.05339508825,-25.7140208216
1.05361233724,-24.7316686181
1.0638768709,-37.9114388352
1.05017547517,-16.9369446684
1.05580341345,-26.0610661926
1.05155085988,-25.1618070836
1.05597445425,-25.6091017126
1.05442071181,-25.1528896598
1.05416113752,-25.099121576
1.0547080879,-24.8605057264
1.06606964682,-38.5176914846
1.04669758785,-16.7199146228
1.05455572521,-26.3375185196
1.05509149828,-25.3242733723
1.05187116985,-25.0526103024
1.05408036941,-25.2658644576
1.05266230727,-25.6851372086
1.05425858849,-25.3394704558
1.06476287829,-38.4945517949
1.04645647012,-17.0304806105
1.05405375359,-25.8640825847
1.05438938345,-24.5176223968
1.05251519924,-25.5061051282
1.05144245645,-24.7031760896
1.05504111611,-25.8212477148
1.05278284366,-25.1115609508
1.06783268808,-38.4489753739
1.050566544,-16.5824870917
1.05179751558,-26.4148717057
1.05640730091,-24.5078466708
1.05764111878,-25.5503935492
1.05585765152,-24.9218843113
1.05539457003,-25.3545661258
1.05375145634,-25.0909133887
1.06622452555,-38.4244205826
1.04455198625,-17.2919434079
1.05725572715,-26.5641803067
1.05293410315,-24.8647289447
1.05508571841,-25.7151812319
1.05718040146,-25.2809482188
1.05227078321,-26.1394646767
1.05584651472,-25.077769418
1.06755944236,-39.0867058843
1.04546619204,-16.8703497433
1.05707505981,-26.0672794625
1.05444806808,-25.0037448305
1.05708368493,-25.161620301
1.05449141172,-24.9351401627
1.0562668287,-26.144373557
1.05564427533,-25.564718294
1.06811608542,-38.4094628767
1.04899512185,-17.4748520609
1.0557363498,-26.9771191825
1.05518576998,-24.6416569142
1.05579376702,-26.115860347
1.05550164672,-24.6500531647
1.0543876998,-26.1174705344
1.05314471221,-25.4658312291
1.07015894227,-38.5119661926
1.04861594502,-17.1488203874
1.05430399628,-26.6820944964
1.05542228876,-25.0009457404
1.05720578739,-25.3161691685
1.05311395051,-25.2543402948
1.05578304387,-25.6846362328
1.05635485503,-25.3581079502
1.06866573394,-38.4377113929
1.04731949137,-17.0208456667
1.05884213959,-25.8757619681
1.05485459313,-25.3880571933
1.05724501553,-25.282138098
1.05477700052,-24.9442532187
1.05568912634,-25.6598097613
1.0532274613,-25.4922706255
1.06581577291,-38.7084601381
1.04993749011,-17.3852960026
1.05784185438,-26.1624915268
1.0571413639,-24.9693245209
1.05770492078,-25.2940015338
1.05342986497,-24.6978966862
1.05906510881,-25.8708447182
1.05383711171,-24.9065417754
1.06684764457,-38.2420658648
1.04683032992,-17.2703392326
1.06268730908,-26.1871303613
1.05542253235,-25.1097963791
1.05626596065,-25.411288226
1.05665823134,-24.9792083924
1.05298542118,-25.7851051859
1.05703543342,-24.9895463268
1.06655825696,-37.903571102
1.04943666824,-17.1789442483
1.05639254556,-25.9580815955
1.05660617858,-25.2099118492
1.0549886662,-25.8353546544
1.05671556549,-25.4023992563
1.05752843549,-26.0326244748
1.05378961075,-25.289487724
1.06516103073,-37.8728012805
1.04745771548,-16.8727852687
1.05667094015,-26.3291638957
1.05542193625,-25.2001164883
1.05608774998,-25.4259254078
1.05116330188,-25.7959320572
1.05388099035,-25.5676254912
1.05464630565,-25.2828906355
1.06252168898,-38.5956507392
1.04954633971,-16.9890354376
1.05517820901,-26.5515826914
1.05692811889,-24.9211716745
1.0578944947,-25.2290668698
1.05375085752,-24.8263735963
1.05743925207,-25.8005450255
1.05509978344,-25.2102532167
1.06909014495,-38.6323091497
1.05074004544,-16.72910722
1.05639707037,-26.2416173915
1.05245880917,-25.4760991851
1.05384486625,-25.5541893876
1.05859723761,-24.7195389547
1.0565768825,-26.0551878545
1.05500689031,-25.1022461218
1.06834073483,-38.2169564367
1.04694898395,-17.0221179661
1.05986074786,-25.9693307849
1.05586766798,-24.953964522
1.05791116726,-25.2290523224
1.05411070503,-25.0347835898
1.05785312887,-25.5746520277
1.05764671571,-25.0619713527
1.0697499998,-38.3931242317
1.05143839798,-16.8358266012
1.05634790368,-26.1995436443
1.0531454768,-25.5711937182
1.05637525952,-25.4358821405
1.05505323801,-25.3418153316
1.05588980337,-25.7080091826
1.05590611652,-25.454611959
1.0659899146,-38.5377720228
1.04628300054,-17.3911790453
1.05608251563,-26.521137364
1.05790251817,-25.531253609
1.05709763418,-25.6089995988
1.05345430541,-25.2105862147
1.05995875124,-25.8777258828
1.05981693959,-25.5181556052
1.06975698621,-38.5579232582
1.05127055665,-17.2884714981
1.05811967124,-26.1457079971
1.05649100945,-24.701948991
1.05992252733,-26.0718827816
1.05774392372,-24.9869254747
1.05954560695,-26.5278380546
1.05809521166,-25.3315755414
1.0694578725,-38.8065447114
1.05444218259,-17.3894585061
1.05614593055,-26.1496761239
1.05583191988,-25.3707250215
1.05696215629,-25.0841550842
1.05563790927,-25.652269596
1.05460754385,-25.5653748695
1.05694405593,-25.5655196495
1.06919713885,-38.7166960077
1.04719612896,-17.3915821051
1.05551476882,-26.2847729204
1.05252004497,-25.7375768587
1.05616408436,-26.2991204862
1.05670195213,-25.3621244005
1.05741313193,-25.8235188953
1.05991294319,-25.2888574174
1.06951909831,-38.9550052908
1.05220107672,-17.2917332276
1.06120967169,-26.4215557942
1.05961152133,-24.7701452015
1.05724330847,-25.8499235927
1.05391911387,-25.5231215938
1.05989567872,-25.8261298835
1.05875596224,-25.8412504
1.06885692582,-38.5422725452
1.05152873431,-17.3958427621
1.05739795985,-26.2993202366
1.05503479199,-25.1969243256
1.05600487106,-25.8673455268
1.05985175954,-24.778211606
1.05979857245,-25.9031377888
1.05634266113,-25.1886261685
1.06827737253,-38.886782689
1.05208023011,-17.3745757826
1.05938812382,-26.3108006578
1.05712345784,-25.3599159766
1.06102272848,-25.1864259022
1.05628857994,-25.4214911279
1.0566915982,-26.0796628644
1.05943121192,-25.7067323095
1.07198374008,-38.5932455099
1.05145195233,-17.4803084767
1.05805121953,-26.0839386792
1.06164369009,-24.9638188171
1.05952741595,-25.4956636696
1.05319804461,-25.4062528599
1.05696035869,-26.1366684614
1.05656064118,-24.9395846249
1.07164153878,-38.6373443109
1.04904655556,-17.2920016607
1.06037109838,-26.4264440478
1.05391789546,-25.2919064743
1.05368670066,-25.8115175953
1.05498994637,-25.4837035661
1.05859796207,-25.5843271764
1.05159299675,-25.1333043107
1.06709824173,-38.6238302384
1.04777203594,-17.6387266879
1.05554367105,-26.4352327139
1.05480880364,-25.5826551838
1.05822742142,-26.0055187096
1.05770502484,-24.8181857777
1.05277635706,-26.3126510115
1.05430831268,-25.130240217
1.06963590898,-38.6502468843
1.04934924691,-17.4784423118
1.05598203676,-26.8675347085
1.05693297575,-25.062353977
1.06049069468,-26.0469591716
1.05336934943,-25.7732033275
1.05716791492,-26.6575225471
1.05658103433,-25.8636536423
1.07307248142,-39.1945983516
1.05096481679,-17.1744419165
1.06425919393,-26.709033616
1.05480962195,-24.9575669641
1.06104373789,-25.8019937427
1.05436949555,-25.1040368969
1.06146043635,-26.2671436376
1.05695619289,-25.1787221769
1.07016624997,-39.3658973426
1.04918522749,-17.6834854796
1.05541376193,-27.7198267976
1.06223059985,-25.0379682499
1.05595811015,-26.0715255815
1.05834145021,-25.738806929
1.0597386459,-25.9052602717
1.05639441694,-25.5849843464
1.06922043686,-38.7398995367
1.05384294705,-17.221452306
1.05642465831,-26.7766876866
1.05421338958,-25.0118405725
1.06039361278,-25.8907444844
1.05614690698,-25.0185889165
1.05850918997,-26.3530507919
1.05824160491,-25.9680818327
1.06946180105,-38.5552354134
1.04767591749,-17.3135593619
1.06201526353,-26.8522293325
1.05463113186,-25.2483308132
1.05960364244,-26.1302220159
1.05573591734,-25.2029925659
1.06309721221,-25.6934516148
1.0600145849,-25.3110773869
1.06809072909,-38.9420809284
1.049063594,-17.132545896
1.0606967813,-27.1120237923
1.05560911194,-25.6282534781
1.05924747628,-26.1767184587
1.05468035735,-25.7232864232
1.05898568479,-25.8299620409
1.05280291793,-25.708593516
1.07020731644,-39.0704792561
1.05030149703,-17.3821351859
1.0552049084,-26.8207240173
1.05467748941,-25.3770175598
1.05618593882,-26.1655153463
1.05790272542,-25.5432304396
1.05695148268,-25.9886541389
1.05820309712,-25.4888879112
1.06794399541,-38.9378599078
1.04635658792,-17.5933349023
1.05910394802,-26.4887475521
1.05474979771,-25.4688679919
1.05701304315,-25.9300554899
1.0564930756,-25.4126357383
1.05709982531,-26.1947258238
1.05443947903,-25.4651856047
1.06846396034,-38.7701593433
1.05407813019,-17.4434385278
1.05351056746,-27.2607886878
1.05317676364,-25.4267772832
1.05627431561,-26.0614171155
1.05969028143,-25.4757224072
1.0559031956,-26.4592491604
1.0579243946,-25.2345681243
1.06919724109,-39.1292831193
1.0496035518,-17.3964324445
1.06220423594,-26.8278064267
1.05593468706,-25.0437690947
1.0589969525,-26.4297378645
1.05468823404,-25.6675257253
1.05817153129,-26.1087317021
1.05896121705,-25.2915080049
1.06885237875,-39.4484440365
1.05129870809,-17.2962664135
1.05696774763,-26.6450551382
1.05304454138,-25.5390406042
1.05763299376,-25.8330290104
1.05382848413,-25.7338577101
1.06137037666,-25.8839989898
1.05485597088,-25.6210962582
1.07055589843,-39.0418297393
1.05198948996,-16.9385361738
1.05686662403,-26.9874839088
1.05758287666,-25.0653079292
1.05687218756,-26.1214595736
1.05709766805,-24.8918612553
1.06189949238,-26.4086421647
1.05721438472,-25.5083734994
1.07095859259,-39.5281129315
1.05082190757,-17.5627972154
1.05812847137,-26.8229070908
1.05944846117,-25.9899381326
1.06084948533,-25.6980633006
1.05965847435,-26.1818432793
1.05818703115,-26.4876413881
1.05775952651,-25.8021484355
1.07207422525,-38.7757717256
1.05285008805,-17.5886975679
1.05847126594,-26.9043573059
1.05661961458,-25.8835555222
1.06015648091,-26.2439522291
1.05708439873,-25.1399633082
1.05655221207,-26.5927255608
1.05862584498,-25.433505751
1.07186174744,-38.9699632798
1.04941397606,-17.1499579957
1.05658635629,-26.9624400297
1.0563083194,-25.8122358675
1.06163869339,-25.8630739657
1.05522350689,-25.8865013463
1.05983784565,-26.2911523099
1.05655026779,-25.4131061664
1.06942176998,-38.8472737085
1.04852019686,-17.795811646
1.05864184965,-26.1226351507
1.05663871813,-25.3270759734
1.05877288232,-26.0051266139
1.05975208368,-25.47268779
1.05746226859,-26.1389073484
1.05483974751,-25.7867057424
1.07101460391,-38.9617023099
1.05153657022,-17.6989853597
1.05927172633,-26.6854391828
1.05664501685,-25.6919853551
1.05899572217,-26.1946153769
1.05714271755,-25.4154185453
1.05722641507,-26.4331489607
1.05685388398,-25.2302041912
1.06985726605,-39.3854167755
1.04986743621,-17.7098685704
1.05916666568,-26.4919196064
1.05606395669,-25.7370471822
1.06020972994,-25.8209607408
1.05706526224,-25.7006991261
1.05563967773,-26.3583298009
1.05463316783,-25.5457907757
1.07237399268,-39.0353198004
1.05009472147,-17.6229161396
1.06247216407,-27.0449544162
1.05822337197,-25.5381849901
1.06343889132,-26.2220680827
1.05788675291,-25.5336472708
1.0577699004,-26.6770444839
1.05521904624,-25.1750367364
1.06988075194,-39.292228508
1.05037371072,-17.2241343275
1.06399719452,-26.7429950863
1.05856770334,-25.5515794755
1.0603744899,-26.2588129859
1.05613548924,-25.3854088117
1.05882519752,-26.4920277146
1.05559630254,-25.5119923314
1.07026667692,-38.9851677262
1.04988864828,-17.010136301
1.05678735248,-26.8772716033
1.05281274032,-25.9125321921
1.06521334587,-26.094460678
1.05642794454,-25.6723741792
1.06387212545,-25.8219853057
1.05361997995,-25.5067133282
1.07050956023,-39.0568947172
1.05276692137,-17.3334051347
1.05900453035,-26.605759903
1.05642271421,-25.9561256302
1.0569999528,-26.4501986311
1.05816197287,-25.7333144378
1.05597565324,-27.0292452765
1.06036114891,-25.7941029088
1.07061716047,-39.075197161
1.05110845083,-17.3582463646
1.05833453555,-27.0109733335
1.05560923526,-26.3473416255
1.05823039481,-26.0320121392
1.05803349836,-25.9234063567
1.0562447885,-26.6499627244
1.06013442549,-25.9683779302
1.07114871797,-39.1648313158
1.05150646466,-17.6792984594
1.06002355856,-26.8842534565
1.05845892164,-25.5898055245
1.05412067596,-26.3688097779
1.06007876574,-25.670101725
1.05767632577,-26.3617525696
1.06025334725,-26.0022824084
1.0723007495,-38.8901748397
1.04996692793,-18.1119715392
1.05758804434,-27.119880196
1.05907682588,-25.4286555683
1.05970046592,-25.9105303095
1.05487447246,-25.7735192707
1.05764102328,-25.9884852268
1.06354938212,-25.8395320683
1.06831060386,-39.6814838846
1.05420867972,-18.2364613591
1.05630576397,-27.532598659
1.05887650393,-25.5060051504
1.06113264307,-26.4259533492
1.05715490707,-25.690219838
1.05814537669,-26.9436138385
1.05870190132,-25.6170354973
1.0688876141,-39.5188472359
1.0490956414,-17.8635225915
1.05994649321,-26.8942085768
1.06030636978,-26.0650699334
1.05700343975,-26.0213816057
1.057046856,-26.1471720023
1.06057108207,-26.4530366071
1.06425095727,-25.6324509999
1.07581029985,-39.3305831462
1.05180491027,-17.6264119262
1.06186754122,-26.8822591081
1.05532858906,-26.5046313914
1.05824292991,-25.5067492695
1.05801457384,-26.0543076717
1.06360721289,-26.7544227415
1.0640249773,-26.252306714
1.06978146597,-38.9345832203
1.04849441638,-18.0363251443
1.05993616825,-26.8155066206
1.05738880775,-25.6979073457
1.05855299063,-26.1927047705
1.05927036214,-25.9005935509
1.06157937434,-26.5706387894
1.06374930236,-25.7217371233
1.07525561367,-38.8832828698
1.05323139637,-18.2212540275
1.06381006171,-26.4951885657
1.06075735289,-25.8833016522
1.06610555232,-26.0516534297
1.06504667012,-25.830222049
1.05928607243,-26.2591837913
1.05692413,-25.6961187168
1.0728130243,-39.3318688574
1.05313492588,-18.0221666848
1.05880801982,-27.1667911657
1.0599778531,-25.6269692241
1.05878377201,-26.1234013359
1.05937687491,-25.9779372899
1.06373589506,-26.501817249
1.06222158096,-26.0634531428
1.07127079328,-39.3622173785
1.05488215077,-17.6880856808
1.06133113815,-27.4925509875
1.05834869718,-25.8240272208
1.05667823222,-26.4829076592
1.05947849405,-25.6246724143
1.0611542711,-26.3274806665
1.06225391281,-25.5333872651
1.07295899396,-38.8973973281
1.0541599045,-17.6223510845
1.05835293468,-27.2686204805
1.05913331297,-25.6378086969
1.0603857408,-26.3966825146
1.06182217713,-25.9499654185
1.06165616122,-27.1894162795
1.060198952,-25.4765779823
1.07161842636,-38.9656432552
1.05081530226,-17.9641809346
1.0550703586,-27.3931547931
1.05736797331,-26.0713185573
1.06007051848,-26.0987976377
1.06045679309,-26.1432979448
1.05963122333,-26.5318949553
1.06026241956,-25.6070257844
1.06801376828,-39.519529254
1.05161383877,-17.9770604989
1.05530944376,-27.238647824
1.05763145088,-25.7791209219
1.05680968547,-26.6774500724
1.05903160589,-26.5497730805
1.06120695126,-26.5779212785
1.06216778107,-25.8958274987
1.0697131366,-39.3816460256
1.05081063903,-17.1675652306
1.05909639539,-27.2129543831
1.05760439434,-25.5463565643
1.05974200882,-26.596893971
1.06039312665,-25.6459246296
1.06099849532,-26.0836990473
1.05772153307,-25.3950866225
1.07070208564,-39.0393101441
1.05116073162,-17.6979187399
1.05903191934,-27.3015831258
1.06012388393,-26.1808993892
1.0550911837,-26.5539678257
1.05967011826,-26.0193959434
1.05757312119,-26.6457999143
1.05680719362,-26.0244543285
1.07017260761,-39.3101625029
1.05256249377,-18.1577635863
1.06044892759,-27.021356721
1.05838157902,-26.140475902
1.06339082535,-26.5608147174
1.05766910977,-25.7787447367
1.05808918753,-26.311026841
1.05669248683,-26.18048243
1.07368942786,-38.743138419
1.04970276844,-18.0735407247
1.06097316534,-26.983944295
1.05993231646,-26.0045874355
1.05983339254,-25.9665819582
1.05916930136,-26.1221242723
1.0578789921,-26.4781069954
1.05532418428,-25.3006007723
1.07153863737,-39.3638141548
1.05130119907,-17.9886613299
1.05851306128,-27.2865271673
1.05904343987,-25.7489917803
1.06016402644,-26.5460373542
1.05754452678,-26.1895436432
1.06001691407,-26.4381132231
1.06122485152,-26.2330325745
1.06869883912,-38.8531449692
1.04986218584,-17.9188596305
1.05977221756,-26.9303018438
1.05589933398,-25.6385093886
1.05835791216,-26.1950095617
1.05713477117,-26.4461513487
1.05500525316,-26.4483680521
1.05975990653,-25.8788964953
1.0702156151,-39.6949914313
1.04957038557,-18.127660238
1.06132539759,-26.649426765
1.05886416532,-25.6141323871
1.05838212537,-26.2979366814
1.05519086698,-26.1332449584
1.05870084033,-26.7046066814
1.05360661502,-25.5681876695
1.07257108615,-39.3814216766
1.0498438133,-18.0386573782
1.0591904707,-27.2932323899
1.05642437472,-25.9838246428
1.05818263868,-26.1393130731
1.06175164312,-25.7157532177
1.06055387604,-26.4819264568
1.05837265573,-26.0998459785
1.07084848889,-39.2382843486
1.0486594136,-17.9200936155
1.05873144401,-27.006160174
1.05710635016,-26.0249485976
1.05853358786,-25.9890420623
1.05737103323,-25.5113224737
1.06078227031,-26.4421208241
1.05759879381,-25.3196363286
1.0724350662,-39.6409062675
1.05006596452,-17.9217321345
1.05967499066,-26.975673811
1.0567446384,-26.4748167604
1.05812694608,-26.6082986512
1.05699014439,-26.2331002564
1.05924984496,-26.4276311724
1.05860141005,-25.9547830827
1.07076790346,-38.9366876601
1.05045345692,-17.6581910156
1.05836907528,-27.106424318
1.05739528868,-26.0121474601
1.05686532466,-26.8437268892
1.05845211298,-26.5918659568
1.05513298053,-27.1033962723
1.05887524618,-26.2436358466
1.07117460601,-39.817326882
1.05109233259,-17.9652794027
1.05939511915,-27.4326203875
1.05837159585,-25.8344509329
1.05707752258,-26.170519344
1.05521708617,-26.275714218
1.05700455951,-26.4931158124
1.05505081782,-26.1406323877
1.07041251044,-39.843441038
1.05305992096,-17.9160525596
1.06123725225,-26.9127263623
1.05870000733,-26.0718942489
1.06005754193,-26.4948564271
1.05632680066,-26.0026974822
1.06130397439,-27.1436120611
1.05559516002,-26.7215812499
1.06858232856,-39.4737469572
1.05160538806,-17.8543560595
1.05749511019,-27.146197185
1.05864970914,-26.3743026035
1.06034929605,-26.3315223438
1.05184983683,-26.072323891
1.05629662666,-26.7348735705
1.05848143777,-26.7230279424
1.07087666658,-39.0382268241
1.05019798695,-18.4336649822
1.06088399102,-27.3996437585
1.05167076327,-25.6007305509
1.05957205262,-26.7870071602
1.05682617077,-26.2720984013
1.05711873151,-27.4252970261
1.05419300297,-26.2968299874
1.06759620557,-39.7703911993
1.05100533261,-18.193864839
1.06159152145,-27.2601871651
1.05884205513,-26.0410634677
1.06114287898,-26.5051027815
1.05702387996,-26.1902658666
1.06003148793,-26.9419733756
1.05487249391,-26.1620970084
1.06589611816,-40.0928912276
1.05001858002,-18.3839109298
1.05770434511,-27.4269091411
1.05589092531,-26.0654099268
1.0542945244,-26.4086423541
1.0548485109,-26.2706197149
1.05911529675,-26.8414381257
1.05784449814,-26.030560038
1.06712581382,-39.8199689545
1.05138126813,-17.8405684371
1.05895236685,-26.8022045237
1.05395057298,-26.0991303743
1.0558132049,-26.562393322
1.05522555815,-26.8615822616
1.05879635855,-26.6729126785
1.06078521099,-25.8124003196
1.07470588935,-39.9060422686
1.05275674654,-17.7152978832
1.05853386225,-27.8530781656
1.06076705733,-26.0103446754
1.06070096648,-26.3777953818
1.05867734977,-25.848191328
1.06045093978,-26.6151982871
1.05667737844,-26.3486712233
1.06699672279,-39.9365001816
1.05025607271,-18.5606356126
1.05879484731,-27.915880473
1.05646894308,-26.667018652
1.05764880457,-26.7756289412
1.05166726076,-26.4162939289
1.05446197215,-26.9783699992
1.05619241658,-26.0836432815
1.06726124735,-39.902652328
1.04862509636,-17.9650000446
1.05947812623,-27.2158918204
1.05692268392,-26.0057112023
1.05944293038,-26.1235274
1.05636155489,-25.9697638168
1.0574802288,-26.3498721404
1.05451101837,-26.5935799309
1.06907889999,-39.7867066704
1.04660778119,-18.4823040831
1.06029235512,-27.588852002
1.05522600287,-26.24493585
1.05595452591,-26.1201798568
1.05736468652,-26.4924265772
1.05827398816,-26.8537166822
1.05511509044,-26.2807303125
1.07054061315,-39.4347196544
1.05027754004,-18.683455114
1.0585786586,-27.2002492947
1.05503218353,-26.4643254368
1.05495837842,-26.6585191786
1.05720398019,-26.4118695552
1.05810729004,-27.3495454238
1.05608334069,-25.8341393696
1.06628225,-39.2329830317
1.05010863326,-17.7471460879
1.05715726558,-27.4290179532
1.05429483167,-26.4616034457
1.05687882326,-26.7361735815
1.05459525403,-26.6679043452
1.06059301003,-26.7052591487
1.05445087014,-26.4871489629
1.06499783766,-39.8970755328
1.04993289117,-18.0453358537
1.05561433692,-27.4128582325
1.05231723875,-26.1896350706
1.0536582468,-26.9988445892
1.05239306838,-25.9352463724
1.05378154319,-26.9068457149
1.05449445366,-26.5708153038
1.06412743435,-39.4939027177
1.04518413163,-18.2069397384
1.05263006313,-27.395418354
1.05530691042,-25.9828451662
1.05573440683,-27.1038494909
1.05358045008,-26.3934040832
1.05283753823,-27.6638590985
1.05445546754,-25.9279817594
1.06529016817,-40.1178808127
1.04694516216,-18.1305887293
1.05728100333,-27.4253825798
1.0520783541,-26.467206245
1.05936999639,-26.6237137287
1.05668069794,-26.2681790796
1.05326287523,-26.7399862729
1.05752322571,-26.0066565399
1.0652862606,-39.6907439129
1.04824462385,-18.0780594668
1.05618410694,-27.091505301
1.05001420055,-26.0927294129
1.05743684992,-26.581560475
1.05359015246,-26.0087021903
1.05507005478,-27.0754615815
1.05506895053,-25.1748946027
1.06597998218,-39.4636221401
1.0496310512,-18.0021665772
1.05285942218,-27.329668213
1.05308310859,-26.3208180972
1.05552412495,-26.5741441531
1.05337305212,-25.7912862506
1.05389648492,-26.8382859784
1.05436785282,-26.1953258265
1.06923348148,-39.7362408362
1.04956901487,-18.0892072798
1.05188398454,-27.5895795424
1.05086778041,-26.2994167324
1.05296743085,-26.9472126846
1.05100526741,-26.8626781501
1.05589675632,-26.773739819
1.05560570198,-26.3521897646
1.06337520073,-39.3123220587
1.04693802526,-17.7848901086
1.05436036062,-27.3787080268
1.05398958122,-25.8390057888
1.05497869885,-26.6948884425
1.05100086076,-26.3388082875
1.05279740418,-26.6409955971
1.05273442239,-26.2794909069
1.06651382148,-39.8258615372
1.04483912173,-18.2981772486
1.05309297931,-27.0043849615
1.04957603579,-26.2409035161
1.05588655456,-26.2749649878
1.04912811318,-25.7824958274
1.05807555563,-26.6934094713
1.05055080267,-25.9226012688
1.06710490088,-39.1093617451
1.04785551039,-18.423814009
1.05677353943,-27.2565995918
1.05590493372,-25.9154018441
1.05584479398,-26.5328809232
1.05002888445,-26.0450516827
1.05182587077,-26.4860656049
1.04982497346,-26.4309380541
1.06233988798,-39.1619502531
1.04532372457,-18.1749716548
1.05529046972,-26.992451355
1.0523133588,-26.4846075564
1.05390688646,-26.3844279487
1.05308259593,-27.5512662146
1.05338931815,-26.5436517331
1.05223176921,-26.5315456429
1.06750732234,-39.3882658924
1.04768364032,-18.4859405326
1.0573588713,-27.4614790655
1.05265742582,-26.2070294948
1.05220764486,-26.2663582845
1.05080356179,-26.2818825724
1.05122819719,-26.9380594991
1.05281228362,-26.3721018876
1.0659910199,-39.1258389129
1.04333671189,-18.3243982948
1.05468622491,-27.3296778167
1.04985249062,-26.3917493424
1.05492362898,-26.8836838168
1.05387501309,-26.4201875128
1.05358560971,-27.256995766
1.04845520418,-26.8811696682
1.06572611379,-39.6787976249
1.04133211255,-18.1830444836
1.05962052539,-27.4184988973
1.05229044152,-26.4631031833
1.05368800845,-26.9109881395
1.04984625001,-26.442035385
1.05347065309,-27.2316263907
1.04950374077,-25.9230313377
1.06006678634,-39.5677827441
1.04443372046,-17.870571826
1.05555543171,-28.0104400138
1.05196593457,-25.6651123222
1.04930873374,-27.1352628118
1.05118149423,-25.9689897781
1.05398013624,-26.8332078443
1.05084114156,-25.4375542973
1.06587455409,-39.7840306187
1.04791319604,-17.7846606806
1.05311551982,-27.4761785993
1.05109458911,-26.1452498127
1.04959453535,-27.287070259
1.0524422537,-26.4558629818
1.05182398304,-26.6114219737
1.05345519896,-26.1233112718
1.06475290201,-39.638286363
1.04232929812,-18.6890679217
1.05313881714,-27.4460488311
1.04923277564,-25.9843825487
1.04910789493,-26.2676663321
1.0492013543,-26.4648585969
1.0542482366,-26.3802510792
1.0536505163,-25.9431241182
1.06218152003,-39.9115694715
1.04125945796,-18.571801216
1.05303319757,-27.3667897989
1.04695845502,-26.493584307
1.0517192907,-27.2308578259
1.04804728469,-25.9580173215
1.05158688315,-27.3445353935
1.048191223,-26.7079631029
1.06571583249,-39.8378404126
1.04340725633,-18.1052260292
1.05235918939,-27.6564353851
1.05164034053,-26.2211028773
1.05169353808,-26.5271810405
1.0530192469,-26.7008892671
1.05324893658,-26.7019980435
1.04945812967,-26.3144888908
1.0605078809,-39.5375635688
1.04415251699,-18.8708486938
1.05472441529,-27.6774333433
1.0530768306,-26.7443617353
1.05390108383,-27.4393260356
1.04649617288,-27.2019465573
1.05071775758,-27.0752205808
1.05215907466,-26.6052355045
1.06682074925,-39.3930762812
1.04787723095,-18.127463504
1.05350760953,-27.9648644197
1.04784171071,-25.8237582239
1.05134449938,-26.5097832499
1.05130048614,-26.425841185
1.05272971395,-27.155765617
1.05328654494,-25.7617404534
1.06373385206,-40.0832161129
1.04452391123,-18.1176465645
1.05474040152,-27.5706790311
1.05242133025,-26.5537914009
1.05779736086,-26.7190555376
1.05288637398,-26.747670443
1.05558810099,-26.6877764818
1.05265391603,-27.0265422696
1.064931573,-40.0060262421
1.04311956301,-19.1826791219
1.0531707246,-27.5320520565
1.05168412741,-26.4705025307
1.05613519362,-26.3023762897
1.05212031907,-26.5658410913
1.05107026815,-27.1047795244
1.05355027071,-26.4532890792
1.06499912679,-39.3889005995
1.04309957109,-18.8880656744
1.05549644878,-27.1398066643
1.05050181741,-26.7495271272
1.05218930539,-26.6809235677
1.04935289564,-25.821760037
1.05116226533,-27.0825054305
1.052723881,-26.1848177351
1.0623738416,-40.0417770394
1.04251772522,-18.3185597111
1.05730303463,-27.1199085499
1.0540860428,-26.4715432478
1.05300749916,-26.5423831463
1.05046149758,-26.671032822
1.05188028972,-26.8318086735
1.04840570061,-26.0604578623
1.06047428957,-39.7392540334
1.04641215959,-18.4142235383
1.0522670839,-27.6710251016
1.05017429124,-26.8446516487
1.05388229771,-26.7863743881
1.05228701628,-26.5223372003
1.05302330885,-27.589116873
1.04886029456,-26.4133088346
1.06291657015,-39.6659190771
1.047361709,-17.8917886174
1.05458898968,-27.4717824947
1.04940850617,-26.5969355795
1.05143052865,-26.5357704
1.0503520893,-26.2233263314
1.0596347853,-27.1122089756
1.0500791076,-26.4950541739
1.06268189939,-39.2259344019
1.04104570163,-18.3725950044
1.05140908375,-27.5050650504
1.0510005864,-26.5713575744
1.05064729616,-26.6321902369
1.05199870016,-26.5963888622
1.05002653756,-27.1678095903
1.05342777157,-26.2405441379
1.06457007726,-39.6134097483
1.04402053511,-18.2635531587
1.04988158202,-27.5142143658
1.04862664066,-27.0273207761
1.04881466209,-26.7688254098
1.05101023585,-26.5048500605
1.04983748576,-27.2794391405
1.05268223976,-26.6687856601
1.05967052413,-39.9787771339
1.0429091747,-19.0588517181
1.05406629185,-28.0862458487
1.04929902842,-25.7212232267
1.05288370957,-26.7518742303
1.05023541462,-26.5747490326
1.0496759401,-27.2090458613
1.04946072801,-27.0257322968
1.0613226367,-39.6032269346
1.04297702062,-18.8737321232
1.05304250045,-27.8555022372
1.05111158737,-26.7730895018
1.05087567964,-26.472341341
1.0494764453,-26.7812955839
1.05384278539,-26.9214659611
1.05136282147,-26.3319048455
1.06142297007,-40.4084843632
1.04407569416,-18.3643583444
1.05266802328,-27.7698048558
1.04691685214,-26.3450100319
1.05326153618,-27.0953505478
1.05167778575,-26.9134719387
1.05114974259,-27.0827963186
1.05092134332,-26.7697907984
1.06339816433,-39.7638480791
1.04791952563,-18.4803942468
1.05458773524,-27.6864391854
1.05032781245,-26.8124124571
1.05580367182,-27.2505121937
1.05152642188,-26.9738373768
1.05305490261,-27.4214771192
1.0514576042,-26.2793126878
1.0660710808,-39.7350856061
1.04852064191,-19.033660408
1.05494109833,-27.3226737273
1.05408375716,-26.6841754586
1.05364196957,-26.8399810708
1.0519446357,-26.6498925997
1.05302897879,-27.2714410687
1.05276659304,-26.0568240314
1.06305421754,-39.8856042833
1.04326086629,-18.2120014112
1.05317922546,-27.7925383454
1.05228076797,-26.2743287164
1.05048204321,-27.1456817198
1.05110001939,-26.7910752647
1.05377164597,-27.2464463081
1.05486563221,-26.5475715604
1.06408677674,-39.4988205302
1.0431854998,-18.735223278
1.05785064988,-27.3482936614
1.05648850926,-26.1816268917
1.05204817933,-26.8759702581
1.05249283254,-26.1522457408
1.05418795177,-27.0797612409
1.05333227378,-26.5647355897
1.06073304284,-40.1443900664
1.04293641288,-18.6211296176
1.05120274865,-27.9685127786
1.04817542011,-26.4544670161
1.04843635371,-27.1379073099
1.04701641869,-26.5660160806
1.04856502194,-27.3727501991
1.04861469654,-26.4586949079
1.05948600883,-39.7368054121
1.03897384254,-18.7396910878
1.04827720247,-27.9941894872
1.04996122331,-26.6049044034
1.05038738644,-27.1144209718
1.04534894473,-26.7851464045
1.04833939923,-27.3153280745
1.04846505096,-26.7916982308
1.05731851174,-39.8723507418
1.03963821355,-19.3726965758
1.0579844016,-28.1849813715
1.05322214031,-26.4691632985
1.05304640326,-27.4815658497
1.05215193202,-26.6204924829
1.05206500536,-27.9494717681
1.04691601092,-26.4973583468
1.06372773629,-40.6713845747
1.04302932578,-17.9152937666
1.05367886977,-29.0545142707
1.04603973453,-26.62788634
1.05204509509,-27.9389005537
1.05041684806,-26.5485595941
1.04991117501,-28.0192312749
1.04964850651,-26.8868097908
1.06189937412,-41.0342810504
1.0416469665,-17.9126280864
1.0513681434,-29.1183638331
1.0507080144,-26.6772532497
1.05100563897,-28.7341350559
1.04562215934,-26.7829018691
1.04851470838,-28.2608173213
1.05373304968,-26.5595253511
1.06099725495,-41.6197920766
1.04042144246,-17.7927753274
1.04784158962,-29.1567381261
1.04952104866,-27.0170414472
1.04960144611,-28.0930958976
1.04721291683,-26.6593853744
1.05105971549,-28.2903849369
1.04989060387,-26.5528385968
1.06004238166,-41.1238586969
1.03785359685,-18.1316342299
1.04881541251,-29.4691603215
1.0476647468,-27.06478959
1.04755988214,-28.4717391479
1.04772956468,-27.4048756965
1.0476206476,-28.688943674
1.04973089221,-27.1458584447
1.06133587746,-41.2484837983
1.04427290147,-18.1902968735
1.05089283498,-28.4461784698
1.05027214285,-26.4523654909
1.04959338737,-27.9918293167
1.04854162016,-26.9456104674
1.05051252226,-28.5594959872
1.04740038372,-27.1602086746
1.05839878586,-41.2212458518
1.04123769185,-17.8448147724
1.05195874544,-28.77345789
1.0479425889,-26.6606994422
1.05326476896,-28.3383570814
1.04516388703,-26.7592387602
1.04958928237,-28.8595004155
1.04674802726,-27.2749296728
1.06035421601,-41.9226682006
1.03759611598,-18.049954067
1.04769783721,-29.1629532677
1.0431744209,-26.7540683493
1.05210012216,-28.1375250559
1.04734843009,-26.698728912
1.05049619041,-28.1538782033
1.04554689325,-26.7299050666
1.05886157015,-41.388208214
1.03856727352,-17.7070766171
1.05169083025,-29.3645553282
1.04790350266,-26.5954739384
1.05281582108,-28.8478716726
1.04519838082,-26.9512496133
1.04746027101,-28.4926901477
1.04984414702,-26.7849150103
1.06057163746,-41.265254274
1.0352642574,-17.5436737193
1.05160395268,-28.99268817
1.04741820437,-27.1638854094
1.05007199438,-28.4629649435
1.04878190215,-26.9032901605
1.051011777,-28.7736630186
1.04503132406,-27.0696070198
1.05797169704,-42.0668947255
1.04599715894,-17.367738057
1.04990356335,-29.405750336
1.04764662967,-26.7045326761
1.04945934277,-28.6239705275
1.04838277072,-26.6251914333
1.04767194745,-28.4753701686
1.05121909068,-26.4938010197
1.05886844025,-41.6477349174
1.04171066633,-18.0752519504
1.05001643713,-29.6923387044
1.05023616385,-26.9321187271
1.05100161626,-28.480885664
1.04841680364,-26.6639983071
1.05079895858,-28.2633165722
1.05119422268,-27.364898678
1.06271624563,-41.2195842595
1.03971654738,-17.9163632807
1.05109557023,-29.2042531413
1.04871008189,-27.2414330508
1.05021676655,-28.3343553647
1.04668860471,-26.951859246
1.0499026149,-28.6599133695
1.04970172405,-26.5989131533
1.06054144323,-41.61828803
1.04315922787,-17.6154866014
1.0539710053,-28.989377426
1.04785673807,-26.51549267
1.05046649629,-28.2202482357
1.04877472363,-27.261972502
1.05573687231,-28.1844495647
1.04553046274,-27.5785042613
1.062915614,-41.1620581116
1.03955958722,-18.3568714604
1.05443190218,-29.5766194614
1.04935869491,-27.1719381026
1.05032635156,-28.3042372829
1.05100576979,-26.8275036673
1.04978388695,-28.8893398356
1.04966867822,-26.6622492764
1.06257464254,-41.719050026
1.04005840639,-18.5461781748
1.04575669311,-29.5543822362
1.04751363939,-26.7573401573
1.05446928629,-28.2721721345
1.04654608473,-26.7470387032
1.04940040472,-29.0458027658
1.04746164651,-27.1264217741
1.06347738282,-41.7066073754
1.0417918342,-17.9356020495
1.04853854235,-29.3634833782
1.04785323479,-26.7060224185
1.0515335467,-28.3553609522
1.04180545855,-26.7839427846
1.04778300431,-28.9166605798
1.04821214829,-26.6326218145
1.0598909402,-41.3232858175
1.03796829605,-17.9590402317
1.05048371982,-29.1040198941
1.04440160811,-27.1232446851
1.05141168151,-28.7800929976
1.04184181824,-27.0843742781
1.04771003541,-28.3786327205
1.04798791899,-26.7862752415
1.06058377785,-41.1783575961
1.03756705432,-18.3885147447
1.04935073935,-29.3684577635
1.04552584661,-27.4377746622
1.04643515916,-28.7625966817
1.05099564481,-27.0585163264
1.04837780291,-28.8366360807
1.04596440398,-27.1373897091
1.05897087152,-40.7524068302
1.03657781141,-18.8267867575
1.0522424519,-28.9087104772
1.04705832738,-26.823140172
1.05557502948,-28.0597019772
1.04677533215,-26.8272638883
1.04768308227,-28.7374253244
1.0460396092,-27.1233682306
1.05769127149,-40.9772372013
1.03742874936,-18.1602955247
1.05126130311,-28.8333129863
1.04499797389,-26.9342845747
1.04901449109,-28.5997379838
1.04731081693,-27.4375918218
1.04987690712,-28.8397442846
1.04402100527,-27.4856166385
1.05746734461,-41.1450146971
1.03764355248,-18.262463998
1.05068425874,-29.0091310837
1.04624206324,-27.0907911257
1.04947843858,-28.46508559
1.04520171161,-27.5707535138
1.0455851243,-29.4585623753
1.04261037834,-26.7328844666
1.05935339396,-41.1865589368
1.04027750975,-18.1399965765
1.04956033334,-28.9600462625
1.04888440717,-26.8344403137
1.04778604762,-28.4701270645
1.04147471851,-27.3131628549
1.04969512716,-28.9667580215
1.05211781764,-27.2358073327
1.06230185471,-41.9192503141
1.03881845603,-18.5876345617
1.04854306291,-29.5739942999
1.04592115502,-27.6327288531
1.05289510035,-28.2486296764
1.04769792229,-27.0688254188
1.04702602132,-28.2862610205
1.04549852842,-27.2860397941
1.06007747068,-41.6584513967
1.04408365847,-18.0881655058
1.04870296627,-29.1352795433
1.04622724218,-26.6584768999
1.05336833633,-28.1501132151
1.04885894033,-26.883533504
1.05168794426,-29.093804932
1.04733305386,-26.8929918577
1.05995803041,-41.4616731327
1.04011145023,-18.2582218276
1.04824782809,-29.6834567901
1.04946056839,-26.7204529587
1.04764414415,-28.8364052612
1.04720972286,-27.1652288209
1.04975337552,-28.0427543665
1.04722923948,-27.2655315321
1.06332997493,-41.0713071126
1.04173123479,-18.7889858637
1.04968076686,-29.4738656401
1.04586469711,-27.4875315881
1.04991335479,-28.5738186009
1.04688235623,-27.4548159742
1.05047683254,-28.9675183667
1.0456971466,-27.3951771318
1.06030064123,-41.3512452328
1.0411652183,-18.5517831348
1.047142062,-29.1617244203
1.04872737061,-26.752639621
1.04973944549,-28.5956220269
1.04920157206,-27.2618007182
1.05390295191,-29.0787923215
1.04616692156,-27.0235382543
1.0582424484,-41.9039099751
1.03926273066,-18.4941489171
1.05029771685,-29.2736855708
1.04512669683,-26.8858361551
1.05242259188,-28.5813224294
1.0476372907,-27.6204085512
1.0493585747,-28.5018205599
1.0489067319,-27.1307051642
1.06327527998,-41.5438687266
1.04236511306,-18.8697955044
1.05146486935,-29.6118700854
1.04966179457,-27.0388065673
1.05196080243,-28.4030535052
1.04989459204,-27.0015281302
1.04952340796,-28.8761328869
1.04818408417,-26.3980375684
1.05836657244,-41.5263307912
1.04247009906,-18.0357380253
1.0478572962,-29.3329968493
1.048568879,-26.8824323181
1.04892896069,-28.5869051483
1.04703666887,-27.4628554966
1.05184052815,-29.2449634663
1.04789233779,-26.8990726998
1.06098608028,-41.6067837178
1.04212607897,-17.5332063876
1.04968504001,-29.0683075932
1.04420691929,-26.3574735989
1.05386779339,-28.6457891735
1.05046970856,-26.793673134
1.04815491105,-29.5988253948
1.04707300365,-27.2203414449
1.05974978745,-41.6185264606
1.0439594014,-18.2814093158
1.05057305843,-29.4899813017
1.04844998141,-27.1174850255
1.05118644948,-28.9781720082
1.04919439129,-27.3591467581
1.04818135452,-29.0561071043
1.04733485124,-27.183695064
1.06145528111,-41.648082597
1.04091641209,-18.0883602302
1.0541078254,-28.966686456
1.04395591508,-27.1669781647
1.04847740273,-28.8478647975
1.04462439481,-27.2726009833
1.04914124846,-28.5519658845
1.04893120127,-27.5075818349
1.05933174121,-41.5444859508
1.03927442678,-19.1689332278
1.04629619519,-29.5546376898
1.04873689922,-27.1122897146
1.05036738614,-28.6635650242
1.0506595799,-27.2551038381
1.04924683247,-28.8845929132
1.04619297523,-26.9886026341
1.05934492032,-41.8111818274
1.03828185109,-18.6693454073
1.04818503395,-29.3690232424
1.0476808285,-27.5134198586
1.05123612075,-28.361145312
1.04829827508,-26.963284447
1.04941223442,-29.2841133643
1.04677318468,-27.3329779729
1.06040763604,-42.0152318527
1.0408115273,-18.0118855582
1.05371689168,-29.5883107199
1.04745464631,-27.0717797017
1.04811687232,-29.0017325537
1.04497007353,-27.4881151649
1.04665704941,-28.7761245359
1.04585999397,-27.9493128167
1.05959044618,-41.5337936225
1.03878547484,-19.006039826
1.0528574297,-29.3942487082
1.04816362837,-27.2408899154
1.05215707959,-28.3239217894
1.04388351959,-27.7379398119
1.0503092866,-28.9310155254
1.04957050135,-27.4645861509
1.06100153079,-41.8671923418
1.04067162565,-18.0484214315
1.04896412529,-29.3126464223
1.04915027676,-27.247955619
1.0487811559,-28.7429158197
1.04595842645,-27.8880934581
1.04907879704,-28.9124785378
1.04704059064,-27.4366854353
1.05917220765,-41.7213354817
1.0381288273,-18.6666229582
1.0521944459,-29.6927686299
1.04358865668,-26.6924086829
1.04776091197,-28.4152004371
1.04614657496,-27.1048842663
1.04742036836,-28.5880243018
1.04542482833,-27.7183747026
1.06147959428,-41.6567963008
1.04476023839,-18.3590882633
1.05274187011,-30.0470362092
1.04543740197,-27.3422728075
1.04807852954,-29.0054435129
1.04529066735,-27.504819699
1.05166448737,-29.1403892861
1.04333375248,-27.2217253232
1.05665702689,-41.8529666846
1.04133490247,-18.5481973615
1.05057385488,-29.534780266
1.0491493572,-27.3654505935
1.05089782886,-28.542942214
1.04563259551,-27.3157370921
1.047446291,-28.9913057981
1.04592516929,-27.4109324145
1.05952448108,-41.7361724322
1.04030702766,-19.1673079937
1.05369333359,-29.6663532944
1.05039097617,-27.7147453187
1.05097271162,-29.2477297221
1.0481005087,-27.5504176389
1.05507181403,-29.4327816654
1.04674644303,-26.6359139227
1.05920589963,-42.2270422327
1.04133684471,-18.3417480885
1.05240370499,-29.8186908047
1.04361088557,-27.5059835316
1.04712585903,-28.8794043214
1.04863633854,-27.6314621831
1.05175275879,-29.1376381632
1.04246245074,-28.0235416507
1.05666249168,-41.1636004686
1.03482452219,-18.6203094034
1.04948933187,-29.0518389102
1.05143478285,-26.6366412433
1.04729018309,-28.154028724
1.04590561962,-27.1606708818
1.04968740956,-28.5812783768
1.04361995999,-27.6858714887
1.06306271793,-41.2210691241
1.04270151376,-18.7666593838
1.0492890666,-29.2562709083
1.04378015954,-27.6504706914
1.05223566131,-28.2907224486
1.04213338579,-27.1723578023
1.04793313969,-28.7645107582
1.04967003043,-27.4885758698
1.05985850852,-41.8745536753
1.03845644256,-18.9201166807
1.04938728333,-29.6881075781
1.04538951899,-27.6487324131
1.05149053482,-28.4098123509
1.04553422286,-27.269986642
1.04900203293,-29.8530823223
1.04660370753,-27.7628956854
1.05703896475,-41.4357793564
1.0391447236,-18.3761745113
1.05045068853,-29.3209210966
1.0456695182,-27.0862220417
1.04864377217,-28.5095104241
1.04644676618,-27.1128740748
1.0475576727,-29.3352392857
1.04950761893,-27.5885833568
1.05963876309,-41.5646748369
1.03949971032,-18.0266950676
1.04804766572,-29.8061889925
1.04823039245,-26.6477385859
1.04896190664,-28.6239357183
1.05037794156,-27.3728938372
1.0496660658,-29.2105647891
1.04431894871,-27.1582970143
1.05951415581,-41.4366554765
1.03916531987,-18.6510361843
1.049257015,-30.0250269579
1.04558202402,-26.7945365743
1.04818392934,-29.4127221317
1.04425569329,-26.9496892025
1.04691316408,-29.1928442236
1.04571812374,-27.4208933806
1.05662140791,-41.9828009082
1.03737576512,-18.1107740672
1.04889889312,-29.5077374025
1.04220647748,-27.7545790065
1.04836171119,-28.8104154699
1.04487479732,-27.9802982706
1.05487603403,-28.9597867288
1.04757770192,-27.1523576369
1.0597692051,-41.8874823325
1.03886231478,-18.553187023
1.05243899456,-29.71207
1.0482168214,-27.3504491039
1.04806904625,-28.8541986299
1.04541535152,-27.8752079932
1.04367854627,-28.9863560205
1.04514973381,-27.6894312605
1.05860143623,-41.4128573756
1.03830654954,-18.3676467171
1.04711690396,-29.661434358
1.04408561526,-27.6621337445
1.05082377146,-28.3343924688
1.04880386435,-27.4478357085
1.04855728618,-28.9700070471
1.04314197572,-26.9715296877
1.06199481386,-41.9894499344
1.03672255972,-18.0303132047
1.05084823869,-29.563807393
1.04891895529,-27.102438087
1.05275718712,-28.3113366919
1.04549416622,-27.6183581267
1.05275454564,-28.8274278411
1.04854419559,-27.6036961343
1.06372530605,-41.7050752107
1.03688268329,-18.8294954759
1.0491123417,-30.0522924267
1.04361343377,-27.5901464119
1.04815099432,-28.5713433316
1.04538943393,-27.9524064866
1.04605360053,-28.7501145215
1.04286498554,-27.5124135617
1.05705579216,-41.7159585795
1.03744284451,-18.0204698306
1.04681232586,-29.4996201066
1.04184275727,-27.7043281056
1.04635803534,-28.7507956545
1.04908339661,-27.232014814
1.04680011614,-29.1687660735
1.04854044782,-27.1018291366
1.05998629514,-41.6712474986
1.04248538591,-18.6980468729
1.04876450843,-29.2439876924
1.04283743817,-27.3468350158
1.04798866006,-28.7175219284
1.04786212069,-27.9833896834
1.04891662513,-28.9167685453
1.04769527871,-28.076398581
1.05966185958,-42.3402564501
1.03679691859,-19.2476913403
1.04681625543,-29.409063929
1.04717359252,-27.5212869559
1.04893068791,-29.0097493488
1.04735332512,-27.7814191945
1.04753574001,-28.8042825442
1.04849473173,-27.7549110581
1.05483059393,-41.916406242
1.03682005881,-18.7137748052
1.05272169799,-29.4601888321
1.04243780771,-27.4063655453
1.04591660735,-28.9910934949
1.04888342037,-28.085262262
1.05125409197,-28.9102034286
1.04581336992,-28.4059997212
1.06003412495,-41.5442368612
1.04285348566,-18.2780293297
1.04998269538,-29.6038297975
1.0461146567,-27.6258867041
1.04500906161,-29.1778086364
1.04351954,-27.476487623
1.04665860376,-28.9245559435
1.0450915421,-27.9551896153
1.05842235707,-42.2010283469
1.03877288807,-18.8505413069
1.04809860343,-29.6864551647
1.04787333056,-27.2669256942
1.04337288997,-29.0922967987
1.04177208254,-27.8143186009
1.047884225,-29.3346614806
1.04660610195,-27.478660434
1.05956103855,-41.9560663981
1.03766645909,-18.6474733138
1.04705848643,-30.180959713
1.051429641,-26.7222301428
1.04774945571,-28.8985791835
1.04597576617,-26.9875812357
1.04901195111,-29.2526374447
1.04306451176,-27.7078863176
1.05661518294,-41.9111931149
1.0356848492,-18.962002204
1.04770606121,-29.5351702476
1.04734117376,-27.3445885338
1.04666529901,-28.9309894799
1.04637031716,-27.6992928539
1.04436032445,-29.1016213375
1.04589612056,-27.56188986
1.05463713053,-42.1363363427
1.04188020978,-18.1699289276
1.04733188176,-29.5493294389
1.04230899376,-27.3926877543
1.04873948693,-29.170427531
1.04559729074,-27.4875914348
1.04907173914,-29.3735509889
1.0450103131,-27.1179753601
1.06547098885,-42.0308186817
1.03882236716,-18.9690736697
1.04682879616,-29.5814222293
1.04374523105,-27.2699826559
1.04732485381,-28.5851075465
1.04388024327,-27.4379073143
1.04715854236,-29.1949724116
1.04570796197,-27.6857001271
1.05585969985,-42.0133273312
1.03865486008,-18.1728231981
1.04931355078,-29.4419153727
1.04507613054,-27.1507361412
1.04836191113,-28.7361825712
1.04306573222,-27.4035908987
1.0485543963,-28.7729619401
1.05460851105,-27.1302297784
1.05899314995,-41.6606159026
1.03682519681,-18.7465501109
1.04518930151,-29.9844512193
1.04498901621,-27.9079038198
1.04794623717,-28.8514333218
1.04170548145,-28.3792186826
1.04810700146,-29.384486139
1.04377957354,-28.1549589772
1.05831165811,-41.8374638831
1.03872860903,-19.4056594857
1.04639553992,-30.0215285175
1.04374701797,-27.6020936976
1.04733007743,-29.0595863808
1.04219668103,-27.7134046085
1.04545855872,-29.0397840094
1.04397708326,-27.8528002361
1.06111556746,-41.9869032343
1.03935035425,-19.2434188153
1.04930892619,-29.6964252839
1.04367211125,-27.63458514
1.04579187028,-29.4805489859
1.04277239008,-28.0284172539
1.04451350451,-29.2139463501
1.04588238471,-27.3549197394
1.05823053087,-41.8658496077
1.03551981129,-18.9022982781
1.0485064361,-29.834698698
1.04708207869,-27.7071488738
1.04541057039,-29.098144295
1.04392288908,-27.9982547676
1.04881285268,-29.0146275506
1.04579647773,-27.3300636954
1.05550312939,-41.8985286113
1.03665994585,-19.0303799206
1.04624189932,-30.0048656282
1.04026217238,-27.7863772742
1.04955712241,-28.6320844188
1.03988114844,-28.0875598484
1.04376322941,-29.0610317211
1.04373421316,-27.9106933873
1.05966012348,-41.5516126475
1.03716734221,-18.4928965103
1.04642039586,-29.313373908
1.04189222251,-27.8837229317
1.05047535226,-28.909168511
1.04459930646,-28.1481658347
1.04738568689,-28.6450021178
1.04519911733,-28.1849110355
1.05615269489,-41.9574692261
1.04006957594,-19.2660181129
1.05162991628,-29.7414485429
1.04293064536,-27.5075010832
1.04504918193,-28.997995776
1.04410188231,-27.7382344527
1.04617374586,-28.949503961
1.04316336872,-27.4780487035
1.05621538375,-42.3811946297
1.03656231762,-18.8625690606
1.04632972788,-30.0133541959
1.0404444269,-28.0588403151
1.04416374363,-29.1250743264
1.04489129145,-27.1170731927
1.04376075078,-29.1380373625
1.04700084275,-27.135568798
1.05887908552,-41.3124203016
1.03711103868,-18.7534489027
1.04838725082,-30.1548512702
1.04316422525,-27.8058685511
1.04408739874,-29.0738196892
1.04345878541,-27.8911546934
1.04724211773,-29.1759559424
1.04480505248,-27.6352441809
1.05768585795,-42.0134288445
1.03989158049,-19.0541881698
1.04911698889,-29.4515525632
1.04164974999,-27.6863033945
1.04597560649,-28.8557573954
1.04560386757,-27.4455596872
1.04372681852,-29.3425259698
1.04615205502,-27.5200000692
1.05579923523,-41.897037385
1.03564209593,-18.6343452902
1.04514881665,-29.9652591404
1.0410848181,-27.5121630539
1.04701692293,-29.5572041701
1.04467524271,-27.9831749961
1.04986134495,-28.8945473168
1.04104395388,-27.5175164578
1.0563439465,-42.2817762099
1.039132389,-18.7913607831
1.04170801471,-30.0166337521
1.04715598061,-27.410836147
1.0459087008,-29.0529289931
1.03991468485,-28.0512790634
1.04528531735,-29.1612786592
1.04081276245,-27.662846801
1.05585240634,-41.9373348346
1.03625776462,-18.7480896546
1.04344639174,-30.0001077089
1.04512128526,-27.5888455987
1.04645103531,-29.2208664236
1.04583787514,-27.3846034473
1.04166366781,-29.6507933534
1.04533546289,-27.5683116654
1.06023608903,-42.0924761033
1.03344201183,-18.7850571651
1.04179505885,-30.142276943
1.03868633402,-27.463029597
1.04493018571,-28.6748450583
1.03939997011,-27.699198483
1.04109748841,-29.5087536671
1.04350514149,-27.9002334632
1.05508606707,-42.1061674508
1.0336954823,-18.6439976141
1.04302317714,-30.072831418
1.04053214845,-27.3775669777
1.04381584284,-28.6784242436
1.03838955227,-27.4109082857
1.04364383628,-29.3031839074
1.04343475675,-27.6750802446
1.05343945865,-41.3316846483
1.0359547982,-18.8498224156
1.04687368578,-29.7287059029
1.03949049963,-27.3727495617
1.04129166223,-28.5381243683
1.04386900656,-27.985729433
1.04400682388,-28.8400034048
1.04093266581,-27.5157419061
1.05639918417,-41.66994957
1.03465001516,-19.091663558
1.04442095111,-29.5094457109
1.04207371119,-27.8813327294
1.04624273135,-29.0548543513
1.0391659672,-28.0955703339
1.04477784015,-29.7341984961
1.04125121909,-27.8461906206
1.05483648,-41.7315508942
1.03036800097,-18.9617525145
1.0431482053,-29.5354810483
1.03902353911,-27.8055032727
1.04241823068,-29.3208999496
1.03812088662,-27.2214354583
1.04241166798,-29.3567734258
1.03970719046,-27.7029273649
1.0535926453,-41.5993322266
1.03457772844,-18.4678760968
1.04476421256,-29.7686521276
1.04284755665,-27.6855522971
1.04214450509,-28.8944050745
1.03959222101,-27.997425579
1.04700743974,-29.22604172
1.04076410812,-27.9389116046
1.05480973067,-41.5788022794
1.03015462388,-18.8315494424
1.04208804747,-29.8146601944
1.0387703629,-27.6920993681
1.04122379486,-29.5609779015
1.04077116328,-27.6144745301
1.04171815684,-29.2491217166
1.03895032219,-27.1653303468
1.05404410499,-41.7578432071
1.03681670909,-18.6256402418
1.04842842968,-29.8320442968
1.03807479871,-27.6557463661
1.04563057809,-28.8522921747
1.04364688277,-27.9709209331
1.04369384596,-29.3974245448
1.03733825775,-28.5291752438
1.0573975287,-41.9471575524
1.03308843971,-19.2320611221
1.03988236221,-29.8198854504
1.04153067566,-27.8052781097
1.04175428263,-29.6702637093
1.04114958198,-28.1532871756
1.04526983847,-29.5090800481
1.04100527237,-27.9327807215
1.05569126776,-41.9337096318
1.03442941716,-19.2805917334
1.04246198771,-29.8689076557
1.04380711377,-27.8472986588
1.04163725638,-29.0627954949
1.04172075739,-28.3264399708
1.03987171066,-29.8650791062
1.04309193318,-27.9400645161
1.05240378771,-41.8489177969
1.03507581456,-19.0076559576
1.04035222616,-30.0779268631
1.04220129366,-28.0378149555
1.03928340093,-28.9215762653
1.04203225855,-27.797597424
1.0432971397,-29.4030004385
1.04279743893,-27.6333368372
1.05833366866,-41.8493587314
1.03066887623,-19.2973729708
1.04287461697,-29.9607967156
1.03987153003,-28.3733258251
1.04348204421,-29.2053839128
1.03641065708,-28.4438840963
1.04650873068,-28.9122168819
1.0400065792,-27.1663003566
1.05641631941,-42.1095115663
1.03262022217,-18.5369048236
1.04123152526,-29.9135270084
1.04068626993,-27.3360333235
1.03888440225,-29.4228640105
1.03895884548,-27.7404949717
1.04164650756,-29.6633880483
1.03865586013,-28.1314020593
1.0541655765,-41.6180265373
1.03223151786,-19.3121392753
1.04383024271,-29.5633228182
1.03993482913,-27.8151753441
1.04307270088,-29.2229914682
1.03668719236,-28.34313027
1.04258485023,-29.1343553274
1.0386060289,-28.0170444565
1.05407541395,-41.7846452261
1.02906064793,-18.575691746
1.04779067988,-29.2548794743
1.04221133895,-27.5540352731
1.04045800875,-28.8907402033
1.0366563514,-28.018859349
1.04571515622,-28.6778250179
1.03736545889,-27.8481887773
1.05267194723,-42.1453444418
1.03180333145,-19.1396511057
1.0421214066,-29.7805469149
1.0393951033,-27.5683859008
1.04228597117,-29.3447389071
1.04060467286,-27.9983777503
1.04527049304,-29.0107429513
1.04055792617,-28.2972168534
1.05406639248,-41.887768933
1.03264857425,-18.8186428268
1.0404066069,-30.0457146484
1.04104314933,-27.0107451553
1.0382054261,-28.8874054734
1.03558521811,-27.6984556253
1.03875390706,-29.4374881317
1.03703613779,-28.3370879269
1.05567504224,-42.2433348956
1.03291546923,-19.0864473593
1.0405502998,-30.1118172909
1.03962738033,-27.703851716
1.04294452935,-29.4634739815
1.04014069979,-28.2751551727
1.04031846549,-29.356988559
1.03866246199,-27.560739469
1.05041859261,-42.1884067841
1.0313093524,-19.2422036095
1.04471340844,-29.8214940812
1.03505143504,-27.5322851564
1.04161505138,-29.2556933725
1.03957580044,-27.7901417712
1.03865223132,-29.4658263755
1.03665734394,-27.8542157713
1.04813094932,-41.9104155295
1.03022915077,-19.1220324485
1.04220392662,-30.6163791354
1.03876035294,-28.2159582407
1.03793229221,-28.9052279882
1.03798035028,-28.0369160356
1.04284997231,-29.115114043
1.03877240912,-27.888145085
1.0558810643,-41.8247936156
1.0334672737,-18.8597708637
1.04222216658,-30.1336702096
1.03721854801,-27.6851346518
1.04159240812,-28.7881225402
1.04052647874,-27.3452102399
1.04087152401,-29.4831428449
1.03702121031,-27.9096011989
1.05745062638,-41.8093741151
1.02847896395,-19.5399600293
1.03960017659,-30.4505567779
1.03822460036,-28.0748786287
1.04512602505,-29.6336703577
1.03562085354,-27.9061670755
1.04037271037,-29.4107309993
1.03992528107,-27.3540537315
1.0531978404,-42.3194453958
1.02894541493,-18.9453235913
1.03922998551,-30.2181387715
1.03611468397,-28.1898069303
1.04008780902,-28.8862885486
1.03827667276,-27.8842723449
1.0381925594,-29.0552570419
1.03810911764,-27.8787593811
1.05009399822,-41.8379151842
1.02829655251,-19.3812310097
1.03894356677,-30.4090285234
1.03378677722,-27.7591435728
1.04093130649,-29.1708294775
1.03620787031,-28.2549522027
1.04071440588,-28.8021906223
1.03731990709,-28.4974406035
1.05012683865,-42.0632939498
1.03301305101,-19.5634892384
1.04280691295,-30.0935051464
1.03757493628,-27.6843631791
1.03949238502,-28.9254717066
1.04189952648,-27.3889216899
1.03727451247,-29.0557446187
1.04024388582,-28.1309216801
1.05356436967,-41.5984812971
1.031885814,-19.0143390037
1.03846534115,-29.8043217466
1.0399392861,-27.612449839
1.04062947396,-29.1933470493
1.03727854939,-28.8337020869
1.04193053027,-29.5201114563
1.0356793875,-28.076257982
1.04727998651,-41.847726627
1.03309461145,-19.3070919324
1.0418682225,-30.1200056534
1.03705696117,-27.6537758908
1.04053024677,-29.3397525254
1.03604519692,-28.2687003091
1.04095737696,-29.113787453
1.03648930299,-28.2464345686
1.05008338915,-41.6432824736
1.02889013971,-19.4278163767
1.039825141,-30.1079284811
1.0358565921,-27.9346195162
1.0408410256,-29.209649215
1.03633416613,-28.4265574528
1.03495389727,-29.7066301883
1.03787470853,-27.9536447479
1.05014074021,-42.0795503431
1.03057648398,-19.1669601613
1.03966435382,-30.4157876357
1.03588898705,-27.9753410495
1.04071577849,-29.4825600014
1.03637469544,-28.0111835393
1.03867631112,-29.742549313
1.03691267444,-28.2027548945
1.04980711923,-42.1629123943
1.03496851845,-19.2145577628
1.03827364721,-30.427517523
1.03594443107,-28.2794547714
1.03821674392,-29.3540105885
1.03776161594,-28.3615991504
1.04004306165,-29.4643642274
1.04061709959,-28.3259068402
1.0492468811,-41.9351363313
1.02672692773,-19.3257233803
1.04313015683,-30.5046468757
1.03840400652,-27.6971447315
1.03714515253,-28.9804967822
1.03813540075,-28.2975833821
1.0408161034,-29.5484694985
1.03823870622,-28.5751534902
1.04784653352,-42.5179897139
1.0361829936,-19.1053610889
1.03782902074,-29.963696405
1.03537093962,-28.2350205759
1.03777871453,-29.1861761066
1.03378720888,-28.513085442
1.03665234498,-29.690578479
1.03542289411,-28.0605980361
1.04834907669,-42.2847532587
1.03257098179,-19.8121004164
1.03623895707,-30.1719311512
1.03435513846,-27.7145646622
1.03570478384,-29.4761445971
1.03401888271,-27.4434563479
1.03827213871,-29.4798806805
1.03653032695,-28.1413703351
1.04816175211,-41.909359194
1.02953403108,-19.1461393678
1.04200019057,-30.2500439815
1.04103768575,-28.2577106793
1.03763297501,-29.3426752287
1.03523328564,-28.2150748344
1.03869738888,-29.2245269195
1.03445326121,-28.3233309561
1.05263150804,-42.3793382062
1.02900966193,-19.0894259161
1.0357192368,-29.9038128276
1.04020117098,-27.3708295381
1.03450854694,-29.1606602177
1.03869381733,-28.013011311
1.03730698385,-29.6420488133
1.03359058805,-28.3517025947
1.04756559009,-42.3125266546
1.02706381346,-19.634546668
1.03737586631,-30.1961487453
1.03960278604,-28.2058941587
1.04357730764,-29.0706721917
1.0399598604,-28.4583373952
1.03638645603,-29.1012446566
1.04009509527,-28.1502076954
1.05028164633,-41.5835392499
1.03002323498,-18.9732674586
1.03833661611,-30.3226305635
1.03464503655,-27.9569672483
1.03414825058,-29.4305223881
1.03744197393,-28.034823739
1.03769208488,-29.4609527322
1.03494011182,-27.8656431623
1.04999429072,-42.0093811551
1.02871233131,-19.204676311
1.03811136024,-30.2758957024
1.03681546828,-28.2895175693
1.0363341666,-29.7691366828
1.04096447872,-28.3676470334
1.04116105648,-29.6795956314
1.04040967423,-27.6893877465
1.05023607953,-42.265936316
1.0259177417,-19.4740194717
1.03786188222,-30.0750621861
1.03895424383,-27.608035291
1.04132378295,-29.2881884717
1.03466086996,-28.116383327
1.04005823396,-29.7701952074
1.03575660531,-28.4978245709
1.05027380576,-41.8868359782
1.02913799904,-19.2333793989
1.03857980212,-30.4902771275
1.03568758459,-28.2391585966
1.03847913357,-29.6502602306
1.04015058927,-28.6208444532
1.03902372977,-29.7015077692
1.03957980578,-28.2567061582
1.0504057711,-42.0755281559
1.03367865022,-19.3486862564
1.04128584983,-30.1552576436
1.03585831781,-28.0072636786
1.03625527048,-29.3371697453
1.03617015381,-28.1754578893
1.04185789371,-29.3142656726
1.03604393731,-28.0061548939
1.04742321029,-42.1028632614
1.02775968676,-19.0431717511
1.03860438018,-30.3960241704
1.03896121927,-27.8398361428
1.03623925098,-29.6127657007
1.03588750952,-27.653754831
1.03791370076,-29.7340011161
1.03588231782,-28.3134790966
1.05384469315,-41.9210167735
1.02807607056,-19.3427265255
1.03985324945,-30.1688500679
1.03642870508,-27.9451010739
1.03847787713,-29.7166958246
1.03955202021,-28.3277700224
1.03398553704,-29.6240722765
1.03685339759,-28.1434467068
1.04691374665,-42.1204595332
1.02782128945,-19.265030997
1.03660733382,-30.5714526874
1.03618179693,-27.779585874
1.04115122763,-29.1005594557
1.03435588264,-28.5746268408
1.04000712876,-29.1123082848
1.03695781305,-28.5645993201
1.05294003165,-41.945786526
1.02849737857,-19.5313689039
1.0435216101,-30.0253295654
1.0375697186,-27.8268794438
1.04074804854,-29.18243129
1.03526188396,-28.07069439
1.03558957619,-29.8970126385
1.0354794054,-28.5366136703
1.05107560188,-41.8176161312
1.02628992238,-19.4846857926
1.03801450967,-30.4437334871
1.03355016804,-28.024444779
1.03922188528,-29.500317434
1.03545175976,-28.6794494779
1.03589597572,-30.0524853362
1.03460062194,-28.4402536205
1.04935548453,-42.0802965034
1.02817446043,-19.295446262
1.0396462361,-30.4769968772
1.03661323878,-28.2952478313
1.04262511153,-29.3067953752
1.03684160175,-28.8941986382
1.038516875,-29.460653323
1.04139853791,-28.3469898233
1.05118297912,-41.9147131945
1.03171315291,-19.5443369483
1.04009682342,-30.3854077726
1.03812528107,-27.866672266
1.04166609969,-29.2811610598
1.04406660805,-28.305493738
1.04293875669,-29.6895903156
1.04193503285,-28.4070545636
1.05169256416,-42.4179645062
1.03192978219,-19.3086868128
1.03966924784,-30.814901932
1.04054873409,-28.4194684004
1.03966795042,-29.5681024882
1.03807115856,-28.4319623245
1.04204964324,-29.9053944236
1.03761215642,-28.2021145831
1.05020723277,-42.3211147594
1.02962630781,-19.0950607753
1.03923336487,-30.4666701246
1.03997003766,-28.0701356077
1.04343591275,-29.8834514588
1.03808452624,-28.3620883745
1.04095515931,-29.5620522709
1.03947072138,-27.7402815438
1.0494075991,-42.4137677561
1.03111738238,-19.0805815007
1.04211434512,-30.5001577112
1.03688232063,-28.5181002906
1.04234654996,-29.2145007416
1.03813036494,-28.814050578
1.03773834609,-29.9279078448
1.03786798201,-28.3363026353
1.05442947479,-42.7525530975
1.02741867866,-19.5757111559
1.03890008,-30.1736941679
1.0388155172,-27.8799104388
1.03980583741,-29.9093494315
1.03397969964,-28.1648197559
1.03790791394,-30.1637354407
1.03723428251,-27.9554699439
1.05308305612,-42.3377343809
1.03004194005,-19.3805023234
1.03998419856,-30.1874961833
1.03704384685,-28.2339150875
1.0349623212,-30.3972329018
1.03575585071,-28.056762735
1.04463141753,-29.4849419077
1.03565963883,-28.6477867372
1.05364314384,-42.6545404136
1.0312636292,-19.1496120542
1.04012785861,-30.2377857234
1.03948730008,-28.2191658836
1.03839265341,-30.4537351449
1.03888632724,-28.0328503943
1.03811834481,-30.2845030686
1.04029884516,-28.4486708074
1.05234783274,-42.5082301957
1.03030693104,-19.5609828542
1.04506424577,-30.2777750504
1.03711726971,-28.1558414589
1.04236099447,-29.7737872182
1.03781113409,-28.2892880728
1.04340476163,-29.8992307509
1.04202844675,-28.3803057363
1.05624203959,-42.6296033196
1.02999536679,-19.9066691045
1.04531710575,-30.894255312
1.03990756852,-28.2079498999
1.04231730628,-29.5952566831
1.04165176521,-28.526173706
1.04310061972,-29.5860384482
1.03795839294,-28.29316229
1.04879599201,-42.39859405
1.03238312842,-19.7948872787
1.042359041,-30.9778831456
1.04066161569,-28.2443883161
1.04036161554,-30.0740684815
1.04086258275,-28.4474815908
1.03997921793,-30.4353671981
1.0428479751,-28.8791186284
1.05075453289,-42.4833465311
1.03723188087,-19.6043069524
1.04358873863,-30.5711527374
1.04273788436,-27.8495660131
1.04074933929,-29.7692793795
1.0400973962,-27.9925427358
1.04225272602,-29.8252468076
1.04228745305,-28.028129497
1.05243145975,-42.3978262634
1.02910031088,-20.1482504137
1.04255119711,-30.5565806974
1.04433524102,-28.0975217557
1.04177087709,-29.7440759388
1.04043985626,-28.4593346476
1.03959142374,-30.086280619
1.03875065451,-29.0639559672
1.05509323218,-42.3787457362
1.03169519791,-19.9302371244
1.04198540313,-30.1286346185
1.03705491824,-28.6261572828
1.04167479208,-29.5604586943
1.03988697869,-28.5764538503
1.04375067508,-29.3483323036
1.04047155634,-29.0982607443
1.05094900639,-42.0386484599
1.03570166758,-19.8940103933
1.04153359565,-30.8262948526
1.0391276278,-28.6829762897
1.04325700402,-29.0808670463
1.03594441291,-28.513545261
1.04162189178,-29.7117019312
1.04231791128,-27.8224838614
1.04966749286,-42.5079823496
1.03320509762,-19.6997761707
1.04164627818,-30.9777470363
1.03899939887,-28.3578820013
1.04517299079,-29.9110894203
1.03663948088,-28.869294998
1.04353780192,-29.9336579637
1.04036144249,-28.1981859289
1.05158277327,-42.1692074517
1.03459535323,-19.5502206682
1.04346553781,-30.4904774949
1.04194035557,-28.2841172993
1.03959844079,-30.0572397537
1.04504599017,-28.4520206683
1.04333193722,-29.9532973728
1.04252432317,-28.4885754315
1.05036012464,-42.7503604972
1.03074904481,-19.7829137032
1.04369289548,-30.8458112156
1.04399254564,-28.3539645493
1.04216515854,-29.7183944374
1.03895760484,-28.9825966747
1.04584423591,-29.7755780594
1.04244887054,-28.2471843006
1.0538400476,-42.465974138
1.03439452848,-19.5466798532
1.04076210213,-30.4245078984
1.04172750273,-28.3841654644
1.04201489948,-29.8332147344
1.04082785981,-28.3425741377
1.04005388236,-29.9269750329
1.04168563914,-28.532473162
1.05405545683,-42.0640825544
1.03187677735,-19.8882996767
1.04125846633,-30.6764783627
1.04286590498,-28.4519367911
1.04417291622,-30.0136012325
1.03799353474,-28.6295904198
1.04203700247,-30.0223126043
1.0434048525,-28.6006220501
1.04758848946,-42.2388174086
1.03226584246,-19.6008429868
1.04023449644,-30.1718882406
1.04201086887,-28.6717562111
1.04188932744,-30.1720665553
1.03628698145,-29.0616661503
1.0430671231,-30.2607648607
1.04146872106,-28.6761338448
1.05314970067,-42.5019275917
1.03386868727,-19.9026591184
1.04184947971,-30.4401269781
1.04029808042,-28.4728930177
1.04106415929,-29.3405091413
1.03748598001,-28.4985133106
1.04291552849,-30.095422332
1.03947115473,-28.3719861921
1.05135911095,-42.218217673
1.03741941031,-19.5378167166
1.04336094155,-30.5562027092
1.03848922345,-28.7480157108
1.04171498728,-30.10143612
1.03984337553,-28.6437788445
1.04444776727,-30.2385811487
1.03930204758,-28.5540044362
1.05678268059,-42.7932968832
1.03322142032,-19.7991599369
1.04582600062,-30.595943479
1.03944124189,-28.4332961785
1.03993522192,-30.0701118283
1.03983235207,-28.5448134307
1.04174458255,-30.8032301286
1.0390106334,-28.8088601679
1.05707367965,-42.4218592105
1.0338413542,-20.0357151081
1.04630134883,-30.9103197933
1.04111823965,-28.9239423435
1.04356760248,-29.3817927865
1.04399505227,-28.5597692235
1.04431635259,-29.2635522874
1.04406879181,-28.9311325618
1.05425882274,-42.5016571044
1.0342855803,-20.2008060312
1.04345401976,-30.4837799285
1.04046420294,-28.2877959447
1.04779443829,-30.0454674064
1.04082207022,-28.5780779304
1.04438220917,-29.6327488501
1.03936497154,-28.3954297813
1.05375503486,-42.5677276301
1.03259419259,-19.6197174808
1.04291586382,-30.6072622783
1.04398676401,-28.2941366337
1.04329831781,-30.1834858125
1.04188531946,-28.5430280397
1.03915427394,-30.2471747317
1.03800214737,-28.8035820018
1.05431763279,-42.2473675222
1.03106090507,-19.546210408
1.04285742868,-30.4694767243
1.04012093522,-28.7248886205
1.04447104238,-29.3770257255
1.03953981938,-28.7488554968
1.0427526506,-30.2725001876
1.0406683908,-28.6155968635
1.05164335226,-43.2405448792
1.0326203115,-20.0807342019
1.04010189315,-30.6179879504
1.03774755746,-29.158555149
1.04446659008,-30.1433743538
1.04110287775,-28.8599152002
1.04400700737,-30.7408152625
1.04056366387,-28.8404433213
1.05131674882,-42.6532970088
1.03295172865,-19.9779362823
1.04255467438,-31.430356689
1.04247593833,-28.4181065751
1.04152206245,-30.5904231581
1.04415535989,-28.6388948547
1.04272971485,-30.0683240118
1.04342759108,-28.9091333497
1.05301411556,-42.7593211763
1.03326682876,-19.594056892
1.04556051498,-30.807673263
1.04154401059,-28.9928918791
1.04417979108,-29.7489867457
1.04086443015,-28.9689937348
1.04442930768,-30.0249115125
1.04191834248,-29.0340619147
1.05592931466,-42.5932108396
1.03706764712,-19.6384961462
1.04471567778,-30.7201684805
1.04375549802,-28.9132404469
1.04245449265,-29.5993370703
1.04209224837,-28.8528233353
1.04379358476,-30.287091813
1.04108406886,-28.5800377973
1.0521924538,-42.3371498125
1.03564522422,-20.0741813909
1.04708528252,-30.4514283241
1.04088278394,-28.4410074457
1.04671749857,-29.7294414708
1.04446745326,-28.5866707772
1.04446051013,-29.3772374833
1.04560609352,-28.6054551662
1.06028618097,-42.5916188927
1.03272678782,-19.7896198931
1.04523178415,-30.7169605975
1.04269742571,-28.7402388384
1.04319812118,-29.9995735193
1.04368904129,-28.6525370192
1.04459235078,-30.4561414519
1.04477987267,-28.5370320104
1.05353151524,-43.2252101626
1.03071495265,-20.1098979449
1.04309629732,-30.5791049653
1.04092843505,-28.640563454
1.04578298585,-29.5418074675
1.03789354037,-28.6378371336
1.04278646995,-29.4246143361
1.04344790184,-28.5004608078
1.05263893696,-42.5249876529
1.03340001684,-19.741759157
1.04577926791,-31.0052618968
1.04138799643,-29.2484257857
1.0432240851,-29.7027078776
1.03901501079,-28.8660388327
1.04354046268,-29.3010519565
1.04351019152,-28.8299593216
1.05496365995,-42.5916554335
1.0376448186,-19.6063180409
1.04610406699,-30.0986494997
1.04456046549,-28.9712737279
1.04205365055,-29.9688662118
1.0430409106,-28.6845599619
1.04402891226,-30.5136695536
1.04230798687,-28.7609534036
1.05434433135,-43.1142027216
1.0327036982,-19.8815360998
1.0428011079,-30.6676474563
1.03995061129,-28.4326171239
1.04070438077,-29.781829771
1.0427094773,-28.8350498585
1.04145260808,-30.6250768493
1.04926027837,-28.5951065818
1.05116080244,-42.9466491106
1.03391643476,-19.4525440258
1.04206374098,-31.0758700855
1.04018566626,-28.1242205272
1.04132555243,-29.7809132523
1.04238164819,-28.015420085
1.04576592917,-30.3854608649
1.03986854424,-29.116165216
1.05132849594,-42.7496314848
1.03286959878,-19.6498505974
1.04163472798,-31.1313355059
1.04009621576,-28.7483885753
1.04688317853,-29.4733158697
1.04284922982,-28.7537365024
1.04150249073,-29.9561995463
1.0408907248,-28.967558971
1.05416263196,-43.4038481876
1.03422286642,-19.5659722239
1.0427350999,-31.004253452
1.03807468205,-28.7290440236
1.04627875964,-29.9395601646
1.0408093093,-28.5015827777
1.04801537008,-30.0499621985
1.04334670188,-28.7214363081
1.05658252977,-42.8636681729
1.03601698051,-19.6444744914
1.04209661338,-30.4263837454
1.04164586177,-28.0995949772
1.04427391127,-30.2782349874
1.0403216414,-29.4145791657
1.04732513195,-29.8708713114
1.03770741095,-28.7057911405
1.05669852505,-42.516610949
1.03473982992,-19.8525899452
1.04458071559,-31.3850273149
1.04206996815,-28.0638563124
1.04268114483,-30.2068362586
1.04142979934,-28.2810628391
1.04237747726,-30.6026947277
1.04017024704,-28.5848784952
1.05254438446,-42.735810387
1.03125092967,-19.9319869509
1.0462115516,-31.1741218576
1.03763657873,-28.8346953551
1.04318538869,-30.5613692677
1.03836370844,-28.6270330553
1.04776890649,-30.3883447238
1.03856649534,-29.074656519
1.0532494204,-43.2276459237
1.03303864725,-19.6824437263
1.04358111655,-30.7240668127
1.04029354633,-28.7552969743
1.04466538378,-30.2634174428
1.04111337207,-29.2958823998
1.04347338683,-29.9994756691
1.04421180343,-28.4623720986
1.0550296788,-42.2720148112
1.03110763334,-19.5658766045
1.04170270197,-30.3876547209
1.04031610892,-28.7172517898
1.04641349184,-29.9378551628
1.04267865627,-28.5771806552
1.04021910328,-30.1903557308
1.04139968205,-28.8015176646
1.05337656603,-42.4765995106
1.037997727,-19.5654260112
1.04299883378,-31.1167922825
1.04176631879,-28.3473257988
1.04569413338,-30.0570092548
1.03872530066,-28.9792553719
1.04287011918,-29.9436889977
1.04462861201,-28.5018248444
1.05768060337,-43.1132090601
1.03600225454,-19.5433876161
1.04798725985,-31.1259018199
1.04206788963,-28.4664696361
1.04522663174,-30.2510014344
1.03645904854,-28.9215110032
1.04335160015,-30.6052536844
1.04124788884,-29.1053972041
1.05199072817,-43.1672669434
1.03104860221,-20.0949135647
1.04203284647,-30.9771952892
1.04029844789,-28.541946652
1.04411513151,-29.9998433296
1.03991812676,-28.6253754007
1.04534893905,-30.278691629
1.04327184155,-28.9002343286
1.05197677269,-42.9996407555
1.03386478501,-20.0760993228
1.04206758707,-31.1803830267
1.04208330913,-28.7185258933
1.03976041795,-30.2228905727
1.04078540904,-28.7925141167
1.04301778995,-30.4657832848
1.04241785006,-28.824552775
1.05279615368,-42.8484339843
1.02869225962,-20.4355769543
1.04635958354,-30.6700231276
1.0409478188,-28.9269783825
1.03865505516,-30.0828591957
1.04037034111,-28.9714089052
1.04098095363,-29.7655386918
1.04033457422,-29.0543794737
1.0542072528,-43.1561747527
1.03171613042,-20.0662297111
1.04349246848,-31.207737533
1.04291078017,-28.4725803799
1.04409850067,-31.1417847762
1.03975106278,-29.0467812918
1.04255787225,-30.8551141929
1.03734578043,-28.7648437357
1.05256955149,-43.0397831734
1.03337852983,-19.7012943923
1.04190707119,-30.9469811578
1.04025285878,-28.2174652133
1.0434187583,-29.9825022057
1.04078899105,-28.3759684669
1.04046998334,-29.9596602864
1.0425223346,-28.5732545185
1.05360403247,-43.2102213705
1.03251345097,-19.7380738844
1.04658206185,-31.0257161745
1.04213896985,-28.8061894436
1.0414540038,-30.4215191044
1.04081237719,-29.3076356577
1.04101899583,-30.5470177107
1.04499808879,-29.4301901766
1.05117294583,-43.1162552829
1.03361581847,-20.0836267742
1.03692202874,-31.049529401
1.0392823927,-28.9976218973
1.04618624357,-30.0100767897
1.03801144628,-29.0744060985
1.04201487695,-30.2117483542
1.04168262648,-29.2607308591
1.05269342837,-43.3127409405
1.03079707156,-20.02185095
1.04093698036,-30.8596606872
1.04047689396,-28.4237766953
1.04626191317,-29.6260827584
1.03966555628,-28.6060840978
1.04248301041,-30.282757737
1.04029611244,-28.8684700195
1.05458449561,-43.2253184364
1.03130488602,-20.1948669785
1.04297688856,-31.3589393471
1.03863504179,-28.4531815629
1.04351434761,-30.0482744579
1.04038271625,-28.8464298678
1.03820354366,-30.5040383506
1.03890337042,-28.6146771521
1.05494694193,-43.3289692531
1.03464472349,-19.1605191597
1.04318012616,-31.110509404
1.04179943901,-28.5342515268
1.04322388231,-30.3065403636
1.03925652978,-28.9252344349
1.04452195908,-30.3307133253
1.03992266964,-29.1678062585
1.05088517657,-42.858280931
1.03331628982,-20.3340395577
1.04181959393,-31.3443096985
1.04052681558,-28.6605590893
1.04268960838,-30.4124736307
1.04272913468,-28.7667753326
1.04220210801,-29.8227682206
1.04446969358,-28.4326920612
1.05520264256,-42.7882627775
1.03077780276,-19.4850048717
1.04253979495,-30.9828321444
1.04629287223,-28.6387853012
1.04288154561,-29.9792631536
1.04188748756,-29.2606589224
1.04015153995,-30.5690407488
1.04300109675,-29.2551348886
1.05024215736,-43.1618882956
1.03773743944,-19.9467513853
1.04365433544,-31.2664403155
1.03949897999,-28.6360463066
1.04270186742,-30.4616820259
1.04144945502,-29.2442644526
1.03918655148,-30.6569362777
1.04083852414,-29.7761441404
1.05717727498,-42.8302914113
1.03212476143,-20.2466505062
1.04310814861,-30.8473517464
1.03946359752,-29.0724697929
1.04053377054,-30.2625649869
1.03858359477,-28.5409914141
1.04203449554,-30.4700908515
1.04193931401,-28.7205463537
1.05656077672,-42.8824020418
1.0371099481,-20.594417678
1.04782437491,-31.2805864075
1.04350316522,-28.8418146425
1.04125771277,-29.7645103017
1.04273920683,-28.5245100441
1.04363392909,-30.3098129563
1.04410625557,-28.9874158579
1.0573110092,-43.3773026338
1.03456791487,-20.0956597155
1.04490886242,-30.997948369
1.0436083974,-28.8172679369
1.04439117535,-30.2535370895
1.04094539844,-29.2881266013
1.04020528494,-30.4920740341
1.04071982141,-29.0119921707
1.05238996976,-42.5881790089
1.03205121562,-20.4242942299
1.04389915947,-30.857046249
1.03836101476,-29.1079198065
1.04255070267,-30.0263144035
1.03975919049,-28.6984082836
1.04099597412,-29.6867822922
1.04108172974,-29.4716757426
1.05172770553,-42.7748986541
1.03519243417,-20.4292230965
1.04242639309,-30.5566496269
1.04256863795,-28.4453288717
1.04429644642,-29.8110455803
1.04018948502,-28.9245611013
1.04084806922,-30.2613668177
1.0428106041,-28.872604617
1.05492683966,-42.7140299207
1.03172922279,-20.2996939452
1.04327372376,-30.8778446326
1.04195411915,-28.9269035508
1.04176791078,-30.1811443511
1.03951726702,-28.9138562179
1.043191357,-30.410479029
1.04218137271,-29.06985034
1.05225382547,-42.937083568
1.03044217758,-20.3778638823
1.0447525903,-31.0061331037
1.04062002532,-28.7421205344
1.04484280994,-30.2755794556
1.03884056386,-29.0520813111
1.0376689225,-30.794821067
1.04160123506,-29.0671557583
1.05341329697,-42.9097108348
1.03454084531,-20.557590391
1.04069601904,-31.110632542
1.03875396951,-29.00264105
1.04075849359,-30.4119133354
1.04206783377,-29.4916181046
1.04622042387,-30.5917760487
1.03990363929,-29.3093572225
1.05187131429,-43.255803735
1.03745195562,-20.5379029105
1.04334208325,-31.6858451134
1.04189587467,-28.9232783189
1.04669435666,-30.0073557186
1.0408492735,-28.9096495442
1.04240926252,-30.5255932947
1.04323272855,-28.7145171839
1.05193300408,-42.9618425186
1.03283385613,-19.978617756
1.04226919007,-31.2974390955
1.0378351734,-29.1257236635
1.04261350252,-30.3394196735
1.03873370853,-28.9582024513
1.04060906241,-30.706754251
1.04348770287,-29.0874133058
1.05409174885,-43.0973566905
1.03461226871,-20.1424440249
1.04467460669,-31.0144712152
1.04085933851,-28.5676128088
1.0423938323,-30.4463828661
1.04357251331,-28.5980791064
1.03879503061,-30.7967624382
1.04340163216,-29.5255236209
1.05084954148,-43.0726609083
1.03677498544,-19.9697606212
1.04461824598,-31.0893920228
1.04260835061,-28.589175162
1.04482960099,-29.9780045448
1.04268531585,-28.9593278241
1.0411159798,-30.5545947098
1.04093171424,-29.6823402515
1.05371938902,-43.1432584069
1.03347683331,-20.5352741104
1.04711114358,-31.0050255253
1.04056450597,-28.4416894235
1.04136591912,-30.6593407474
1.04347886813,-28.9282325932
1.0437500293,-30.7714606508
1.04341149706,-28.6436097678
1.05537838322,-42.6822462033
1.02942666255,-20.6782402554
1.04766230512,-30.8516978938
1.04411911443,-29.1228989927
1.0417402944,-30.5360725846
1.03893898978,-28.5419280312
1.04211024706,-31.0029794144
1.04006148709,-29.4865399847
1.05366267582,-42.4635173626
1.03489423144,-20.0666024401
1.04532306744,-30.9389400815
1.04415820556,-28.7500616152
1.04202221553,-30.0113125665
1.03623979126,-29.4173121318
1.04191002727,-30.426315436
1.04305151917,-29.5855510617
1.05090058685,-43.1320524941
1.03318607914,-20.2335705593
1.04208123054,-30.7106222307
1.03873845843,-29.0576422271
1.04442428841,-30.271090929
1.04237504142,-29.1777366016
1.04252265788,-30.5303774589
1.04408349225,-28.8403131733
1.05566587367,-43.1223236537
1.03324070145,-20.0209183805
1.0494946579,-30.5175943503
1.04523438605,-28.8789303999
1.0431496627,-29.8982189372
1.04027349112,-28.492506773
1.04287829609,-30.275713596
1.03966439674,-29.7498745474
1.05500687514,-42.7333203449
1.0331240036,-20.1866305543
1.04369359313,-31.2357952938
1.03928391675,-28.8870096625
1.04384613533,-30.2512970784
1.03875243376,-28.9772598937
1.04213205461,-30.0282287539
1.03982378308,-28.8099387704
1.05103054058,-42.8817949653
1.03690913821,-20.5479932619
1.04083692287,-31.2401772903
1.04104138623,-28.6418248004
1.04286455164,-30.1966680272
1.04325020748,-29.2373926315
1.04079399423,-30.4791406307
1.03878700074,-29.4267791666
1.05620736053,-43.0678941615
1.03177549613,-20.1853561161
1.0455795943,-31.1562368227
1.04344527782,-29.265193048
1.04377431812,-30.1394162477
1.04318413032,-28.4485266172
1.04706214084,-30.3994643172
1.04497078861,-28.7446626491
1.05350343697,-42.8611358699
1.03334096957,-19.8780158795
1.04285027229,-31.1390376752
1.04316807643,-28.4762747878
1.04261077426,-30.7871371327
1.04494482945,-28.7671822064
1.04068792919,-30.4046126632
1.03974852947,-28.997751949
1.05227890559,-42.505888119
1.03754214525,-19.3170693803
1.0433730215,-31.1635157345
1.04107519797,-29.3595826657
1.04074545623,-29.983711494
1.04153070728,-29.200069435
1.04215261348,-30.1647113351
1.03763817496,-29.2967183482
1.05336576881,-42.7447123659
1.03329039401,-19.963340939
1.04431891587,-31.6424279559
1.04388610846,-29.3159000339
1.04501909769,-30.3392238904
1.04800867647,-29.1805524714
1.04618066927,-30.7015528603
1.03862467021,-29.500566582
1.05533580115,-43.1378803729
1.03491626994,-20.7444837499
1.04723150537,-30.9264877382
1.04318594482,-29.3506618564
1.04200430321,-30.1595023793
1.0367543969,-29.222467616
1.04067408059,-30.650255246
1.04370397256,-28.8160600926
1.05412055468,-43.0271520978
1.0357873415,-19.6879599993
1.04778350984,-31.3352938659
1.04117210695,-29.0675703256
1.04663001925,-29.9121998988
1.04411997004,-29.3916758008
1.04422322887,-30.1663731049
1.0415296359,-28.8844572683
1.05700735133,-42.974439763
1.03483412554,-20.2668936764
1.04385818942,-30.9413400577
1.04387715397,-29.1222489125
1.04397017033,-30.0736791997
1.03831086347,-29.033738193
1.04110066526,-30.581967575
1.04188842297,-28.8217599756
1.05512109543,-42.9423868157
1.02996732919,-20.0324613671
1.04292562222,-30.740131041
1.04201517108,-28.8833190176
1.04396947352,-29.6290496639
1.04141120405,-29.0943915686
1.04039733769,-30.5704393182
1.04160846272,-29.1044600305
1.05784532095,-43.2235113879
1.03239671997,-19.6321003164
1.04255277051,-31.2197169873
1.04202244731,-28.3539557157
1.0451621961,-30.376398003
1.04372135394,-28.7493765596
1.04240496983,-30.7038338665
1.04184194726,-28.8833423025
1.05135092563,-43.1346076368
1.03216719491,-20.2645037738
1.04551606688,-31.5030189922
1.03933367075,-29.730065982
1.04673967625,-30.5411398133
1.0384000732,-29.2325954364
1.04250934765,-30.7540278327
1.0426235777,-29.1626049901
1.05594829572,-42.7829070699
1.03628676217,-19.8274773588
1.04490378663,-31.0640063673
1.04031299149,-28.8176686293
1.04546265022,-29.8416411551
1.04230835837,-28.928367173
1.04153905714,-30.190852947
1.04344186456,-29.6545595625
1.05304859919,-43.2423299915
1.0317566829,-20.4247667327
1.04594054208,-31.3259497779
1.04170813832,-28.9340892678
1.04544331115,-30.9744006889
1.04277330329,-28.5639836024
1.04135833707,-30.3630497776
1.04156020572,-29.5321426966
1.05498604759,-43.2826151835
1.03344746314,-20.1054589818
1.04311400122,-30.871324825
1.04244086128,-28.9932560702
1.04349797977,-30.1531058772
1.04696220342,-28.7105297489
1.04542859713,-30.7104461063
1.04013241732,-29.1098302216
1.05412735908,-43.2702897293
1.03484376473,-20.261110552
1.04086396689,-31.4943935825
1.04087772551,-28.4986811487
1.04502866384,-30.5427672755
1.04511482121,-29.3715746434
1.04610499423,-30.5180416688
1.04467082841,-29.3162077741
1.0571127548,-43.0298922206
1.0399030566,-19.6148275877
1.04715683887,-30.9703462501
1.04324872683,-28.5332109179
1.04666176636,-30.4453448959
1.0437122303,-29.0692796687
1.04660449852,-30.3065992253
1.04682106834,-29.1371620698
1.06083365531,-43.5225808584
1.03587721736,-20.4108653674
1.05000303772,-30.9509451072
1.04400274451,-28.9268732388
1.04605790655,-30.6826570989
1.04507343596,-28.9442570464
1.05070319236,-29.8945173881
1.04476759021,-29.4785549122
1.05955173749,-42.6522198314
1.03635589178,-19.6019780191
1.04446374637,-30.8946712005
1.04274804173,-29.0414140897
1.04532014841,-30.4855345494
1.04131958457,-29.4162568358
1.04494093273,-29.8938548095
1.04344994517,-29.5304083987
1.05723624606,-43.0791792639
1.03683960268,-20.2301671785
1.0467468985,-30.8489775045
1.0467646045,-29.0651978287
1.04732741345,-30.1678408338
1.04228151945,-29.4063430347
1.04359207393,-30.2781068258
1.04186737848,-29.0917774536
1.05587100097,-43.0762800075
1.03440542175,-20.3031460877
1.04673919032,-31.2349875837
1.04484771993,-28.9051181322
1.04720637405,-30.508577775
1.0463775579,-29.3830408982
1.04525994268,-30.4214459955
1.04192513284,-29.1984576236
1.05459605236,-42.7716702291
1.03528757203,-20.3576133095
1.04437614993,-31.30036813
1.04138180156,-29.1789726579
1.04550840419,-30.807748213
1.04297916873,-29.7502321088
1.04274807029,-31.3482022925
1.04480848759,-29.2848875805
1.05501741972,-43.6393889313
1.03408314747,-19.4179384131
1.04354700459,-31.1072276482
1.04424629572,-28.1728587569
1.04413882612,-30.1187643373
1.04124309485,-29.1771458815
1.04419107469,-30.5328929589
1.04462917646,-28.5058663526
1.05629665394,-42.6085287955
1.03225673248,-20.4209560538
1.04344176122,-31.4581158858
1.05033946122,-28.8140302431
1.04667610786,-29.6406596374
1.04244774456,-29.0188156733
1.04582387241,-30.5447875799
1.04443484178,-28.5716519939
1.0546380409,-43.3568176264
1.03612103387,-19.9213690138
1.04621604066,-30.9572015424
1.04461819011,-29.0200216699
1.04387843437,-30.117496384
1.04016046281,-29.3398325419
1.04432090845,-31.0610451021
1.04178935452,-28.7280605346
1.05342839912,-43.2630672518
1.03706281975,-20.0236173941
1.04591539251,-31.3277927168
1.04158877786,-28.4156389887
1.04217438174,-30.6484192487
1.04021162375,-29.0649070996
1.04469657556,-30.6374362025
1.04186647531,-29.3329926396
1.05686108376,-42.9147093184
1.03374460626,-19.9063880505
1.04251348542,-31.2395852367
1.04046380632,-28.5042354211
1.04255319575,-30.2538269644
1.04365902191,-28.7908980417
1.04243314888,-30.5237253029
1.04397182616,-29.020094535
1.05861926078,-42.7252309897
1.03294997821,-20.2203208069
1.04636099023,-30.8159952841
1.03983709105,-28.8088521372
1.04633901867,-30.2744341709
1.04230132998,-28.872918153
1.03991997699,-30.7738314771
1.04152516434,-28.3496719043
1.05530146566,-43.5232535508
1.03652660645,-19.5144622114
1.04512706659,-31.154701308
1.04119511448,-28.7822056857
1.04707813829,-29.9412750915
1.04257548019,-28.6615655357
1.0396597745,-30.2300383349
1.03901986612,-29.1761992145
1.05600083475,-42.9497871703
1.03469745591,-20.2171893645
1.04312807249,-31.3459002481
1.04166257623,-28.8009736032
1.04395955796,-30.2471545396
1.04373549451,-28.6831946251
1.03975146055,-30.4274841857
1.04015349977,-28.7283756182
1.05213040626,-43.2089119003
1.03424814397,-19.8243704575
1.04310917055,-30.7809119446
1.0418578788,-28.0183460708
1.04515384139,-30.6041234972
1.04008711615,-29.2562870669
1.04506860558,-30.5636652666
1.04181766395,-28.9064109929
1.05854368821,-42.9191630842
1.03558704497,-20.1427764838
1.04420997614,-31.0805984438
1.04414859836,-28.8944889327
1.04116915312,-30.6836397173
1.03928786718,-29.0350386803
1.04657572377,-30.4471948852
1.0411210806,-29.0660055017
1.05680384967,-43.2475632895
1.03242760123,-20.2449960808
1.04267821863,-31.1390697306
1.03986434074,-28.522946139
1.04230951156,-30.8442596875
1.04190591229,-28.7634122499
1.0440874839,-29.6510649817
1.04212695099,-28.9843875787
1.05288453306,-43.0187083381
1.03359534232,-20.064519505
1.04587864001,-31.0680670504
1.03847427773,-28.7992154496
1.04298938968,-30.1703457557
1.04226620847,-28.7369693557
1.04784415514,-30.0111645019
1.04742936415,-29.3887846377
1.05744628915,-42.8636037641
1.03462624605,-20.2388275478
1.04253680274,-30.733092143
1.03865377029,-28.8044180728
1.04109957917,-30.1773122854
1.04549275102,-29.1545854953
1.04681949653,-30.0184466691
1.04360063092,-28.524866615
1.05379635004,-43.3147051995
1.03404846423,-20.0430067395
1.04400910911,-31.0696983305
1.03585897035,-29.3198986604
1.04409364072,-30.0869165975
1.04317104214,-28.8576623816
1.04330162213,-30.4965178932
1.0414269257,-28.9542887402
1.0546663235,-42.7946199258
1.03734367385,-20.0401240725
1.04430766465,-30.8104984019
1.04005450131,-29.517849953
1.04706379655,-30.2421664938
1.03860750268,-28.3087374476
1.04789825219,-30.0447279268
1.04156922318,-29.4084698872
1.05515566421,-42.6342545772
1.03504465837,-20.1710418474
1.04841776358,-30.5611024386
1.04291265218,-28.6531250174
1.04555455153,-30.0660113681
1.0450255539,-28.8025074977
1.03994735018,-30.1888230095
1.04267825905,-29.2575842236
1.05846531799,-42.7637888303
1.03619085541,-19.9066212695
1.04372962958,-31.2654832095
1.03942474233,-28.6687665352
1.04071562427,-30.6033902703
1.03965336277,-28.5425192819
1.04407216912,-30.3591547691
1.04339362736,-28.8746995796
1.05341287103,-43.118953466
1.03310334159,-20.1569412414
1.0439486812,-31.2220168104
1.04003085549,-29.0142062289
1.0424502563,-30.0699908205
1.04187385489,-28.6001652953
1.04288599514,-30.0651950131
1.04161987973,-28.831370069
1.05471509997,-43.1505067932
1.02736013978,-20.1581691376
1.04578291476,-30.9988231402
1.04516197307,-28.7120962648
1.04145603714,-29.9437632817
1.04397341487,-28.6289492499
1.04164182435,-29.9995936233
1.04294147642,-28.8983887034
1.05646970264,-42.4798557477
1.03359062393,-20.6183624823
1.0416957304,-30.7735477137
1.045944645,-29.0714568778
1.03884168533,-30.039819194
1.03993132178,-28.9414917225
1.04238615237,-30.4300045734
1.04009951661,-28.9850967096
1.0536170444,-42.8523680676
1.02998168676,-20.1180874797
1.04329236316,-30.7772895781
1.04202441042,-28.5518938992
1.04397221839,-30.2630557696
1.0383649815,-29.2365629231
1.04222702234,-30.7200947507
1.04377032085,-29.0811084222
1.05560801861,-42.2839817034
1.03356789135,-19.6895721178
1.04280516739,-30.6498228373
1.04144792856,-28.6888463267
1.04228969404,-30.2650240849
1.04159887637,-29.3135173078
1.04561756162,-30.2226979989
1.03713169671,-28.9645610335
1.05157329966,-42.5207723575
1.03451754594,-19.8544061928
1.04370472078,-30.5179385242
1.04341076669,-28.7110244305
1.04008245231,-29.6887905242
1.03947638092,-29.0725628931
1.04263075362,-29.9755755728
1.03872546577,-28.7575903926
1.05356232347,-42.6567175243
1.03275192473,-20.0180677215
1.04377080552,-30.751677034
1.04110755593,-29.045855373
1.03997015801,-30.019121243
1.03846470267,-29.3647994199
1.04215776633,-30.358190398
1.04058392989,-29.2468952452
1.05259882659,-42.6594079237
1.0312617926,-20.5158757521
1.04339992598,-30.7804622963
1.03967387076,-28.6291233138
1.04154005299,-30.2449295323
1.04146012754,-28.8261394779
1.04157736769,-30.3849533699
1.03922628997,-29.1540107154
1.05182650497,-42.9515557199
1.03097484621,-19.7391048379
1.04094650823,-30.9545750719
1.03896584356,-28.2009012048
1.04259440963,-29.854350578
1.0434064779,-29.0619578839
1.04174215049,-29.643642086
1.03927631564,-28.6282434491
1.05099473088,-42.7334076885
1.02918660364,-19.9494657167
1.04232131721,-30.4452692984
1.03996443301,-28.8765965485
1.0413710635,-29.4706220498
1.03835633825,-28.4656430056
1.04554807521,-29.9452154698
1.0392873297,-28.4351629107
1.05445322837,-42.651246038
1.03039449719,-19.8228771234
1.04447237882,-30.9583414446
1.03783544729,-28.7443685639
1.03881588037,-30.3263726042
1.04026891724,-28.837768516
1.04277400763,-30.2857090887
1.03898820285,-28.2472410861
1.05198993619,-42.8236517592
1.03511370465,-19.6025888102
1.04131842494,-30.7191841417
1.03999787239,-28.6222354157
1.04402032718,-29.9382344313
1.03488221023,-28.9333591047
1.04053498646,-30.394430468
1.04053083167,-28.4962252444
1.05123048292,-42.8993549884
1.03031298757,-19.5799328119
1.04103688682,-30.7537869649
1.03745611091,-28.3719340916
1.04306033348,-29.925775343
1.04089891836,-28.8680728576
1.03925329385,-29.9447814886
1.03575453756,-28.2973746605
1.04827492092,-42.6296539178
1.03215718941,-19.9161793191
1.04237339689,-30.8140117228
1.04108579715,-28.5237203854
1.04193058562,-30.0660321135
1.03731905991,-28.4489194904
1.04229818729,-29.7862885866
1.03878497755,-29.1135711457
1.05081967677,-43.0388126802
1.03179937513,-19.6571183984
1.04083826454,-30.3446191919
1.03862641685,-28.4716982714
1.03881661667,-29.4627004544
1.04110571929,-28.6739874688
1.04094113288,-29.8194798152
1.03954531299,-28.1962649743
1.05157274259,-42.6078945792
1.032029932,-19.4827252085
1.0376779164,-30.8032773917
1.03615895337,-27.9970911349
1.04146159265,-29.9645096587
1.03785612186,-28.2983277066
1.04146972046,-30.1752463549
1.04037120561,-28.3803118494
1.05482408205,-42.3540542926
1.02953568625,-19.6790799094
1.04244573827,-30.8336945461
1.03426035681,-28.6608060298
1.03939648606,-30.2166608428
1.04440619456,-28.4665111655
1.03829447447,-30.9725318831
1.03996235824,-28.4593205927
1.05046725007,-43.0754814761
1.03306607494,-19.7912672332
1.04262473573,-30.9810275527
1.03732419514,-28.6027085387
1.04057937338,-30.0652012968
1.03395830819,-28.3485748531
1.0384453602,-30.1940456829
1.03688506812,-28.3932414267
1.05311075407,-41.9861019026
1.03250030514,-19.8368600074
1.04150902504,-30.3657406262
1.03903857886,-27.9914314124
1.03882405829,-29.996918791
1.04142860294,-28.6456059004
1.03996122412,-30.1818270561
1.03587895979,-28.4411608981
1.04777055827,-42.4726632647
1.02812399857,-19.7803938277
1.04476644166,-30.6739828092
1.03764529593,-28.365726545
1.04383577186,-29.9648249266
1.03835386189,-28.1981839925
1.04420794613,-30.0722375107
1.03847664087,-28.5258132636
1.05129218425,-42.9622527844
1.02995947325,-19.4966795069
1.03925373351,-30.8447981616
1.03971008762,-28.5435832849
1.0374472826,-29.8644315284
1.03935437323,-28.5382782968
1.03929859071,-30.0103225324
1.03650211525,-28.4892936198
1.05537287862,-42.5195377815
1.03137968881,-19.7737295334
1.04198995234,-31.0591259388
1.03573390605,-27.7389235348
1.04342569392,-30.0275733701
1.03686741371,-28.1312858683
1.0417337495,-29.9430133835
1.04050125376,-28.8941160385
1.05239117405,-42.1974024065
1.03313434909,-19.7283997057
1.03888378856,-30.8767046144
1.04010116376,-28.5017858277
1.04020371964,-30.0840839541
1.03557175355,-28.7258958132
1.03997964139,-29.936805458
1.04107332011,-29.021357922
1.05169740637,-42.4365303598
1.02637801156,-19.2324317212
1.04474764999,-30.2811340936
1.0361121399,-28.1223199544
1.04251583637,-29.7134807755
1.03617608474,-28.613497795
1.04396083377,-29.3673263261
1.03820747532,-28.3605583165
1.04943993028,-42.4982852798
1.03356990351,-18.90423644
1.04174728773,-30.8675934275
1.03497330473,-28.2423930362
1.04281361476,-29.3949295819
1.04017814534,-27.9356745124
1.04048876599,-29.8891449521
1.04453338,-27.7508126132
1.05218669751,-42.446063668
1.0298552174,-19.3577768845
1.04096483529,-30.7907025623
1.03842052699,-27.6614869963
1.04253355828,-29.948120464
1.03441954304,-28.2219762318
1.04319194401,-30.0663214923
1.03856610357,-28.245848448
1.05482201886,-42.6820747274
1.02903907196,-19.5095652365
1.03735731166,-30.2844338351
1.03657058863,-27.7565450955
1.04057169275,-29.9233426084
1.0405222813,-28.4219510934
1.0387259893,-29.9833130407
1.03598901769,-28.3832618885
1.05232326862,-42.2497339982
1.03304441019,-19.540988139
1.04223177493,-30.3795608451
1.03862206774,-28.8129634882
1.03982977716,-29.6628287601
1.03709674704,-28.2479596042
1.04019933675,-29.7172149977
1.03477242021,-28.3129937214
1.05421333382,-42.0585677387
1.03147830301,-19.2747738667
1.04270110428,-30.3952338598
1.03758796774,-28.6050329291
1.0423311268,-30.2882939846
1.0402320754,-28.3279797303
1.04186659421,-29.3570607716
1.03582429716,-28.4401827539
1.05088784216,-42.3263269235
1.02910747428,-20.324187354
1.04089267853,-30.3725740656
1.03963946137,-28.3677843493
1.03788466284,-29.5919309554
1.0374195141,-28.2823797313
1.03901184985,-29.9084171682
1.04089316515,-28.1315311827
1.05022868834,-42.4916901659
1.03194096459,-19.3212969183
1.04047002652,-30.6834373841
1.03713407195,-28.1025628456
1.03815095471,-29.8194248865
1.03740825038,-28.3288890244
1.03926222504,-29.8934224276
1.03661661684,-28.1318485938
1.0517112373,-42.3096921376
1.03471192359,-18.9920269647
1.03935512929,-30.7493988524
1.04064367231,-28.009352258
1.04463741505,-29.5971441939
1.0345000293,-28.5986241799
1.04349366054,-30.173880719
1.04075052135,-27.9619443938
1.04696381862,-42.1250048023
1.03114757494,-19.1192398706
1.03915686793,-30.2706363876
1.0353003345,-28.4302502257
1.03674198064,-29.2642290986
1.0405386751,-28.2297543331
1.03794225671,-29.7676958626
1.03691858175,-27.4516750752
1.04746921039,-42.4832794345
1.02916689722,-18.9613564439
1.03891351519,-30.4255273033
1.03921726249,-27.9271113593
1.0375967469,-29.4878268732
1.03614301832,-27.9658243464
1.04077426675,-29.7625417799
1.04261884641,-28.4423379901
1.04762588779,-42.7369685799
1.03178281658,-18.9388736281
1.042254536,-30.7703449207
1.03751587525,-27.7177916114
1.03662336453,-29.8649270962
1.03264755866,-28.2589249775
1.03805555705,-29.5979269365
1.03388320475,-28.3847930069
1.04974365845,-42.4501207279
1.03140018582,-19.4912775955
1.03778719487,-30.6314655665
1.03791461856,-27.8311227183
1.0371964499,-29.5284135478
1.03585585455,-27.9404388139
1.03753647718,-29.8233279619
1.03301245691,-28.3240436377
1.04889650308,-41.8839978107
1.02893020196,-19.527083051
1.03885105579,-30.3346396753
1.03516319625,-27.8607886844
1.035459149,-29.3757427143
1.03570022329,-28.6160736386
1.03894264575,-29.7904992432
1.03265360654,-27.846536774
1.05114328889,-41.818874628
1.02739387477,-19.2826712411
1.03702924357,-29.9643916094
1.03647827259,-27.8691006788
1.04031773791,-29.7316242709
1.0350169983,-28.5469569689
1.03894490685,-29.9177927924
1.03373892258,-28.3930983396
1.04946845357,-42.3199287762
1.03018368737,-18.7799217523
1.03738094023,-29.9958584705
1.03751082661,-27.4715158347
1.04252328826,-30.0168478124
1.03565885028,-28.0405791923
1.03653216879,-29.6582769897
1.03564446053,-28.3336946394
1.04939387652,-41.6477502448
1.02523058717,-18.8736611885
1.03992099907,-30.253546271
1.03346054105,-28.1617973294
1.04222766033,-29.41700322
1.03947697514,-28.1153898058
1.04079604204,-29.058067787
1.03717732119,-28.2687966607
1.04889011473,-41.7482599454
1.02744626864,-19.1569889274
1.03705646303,-30.0391739482
1.03494275174,-28.209827544
1.033794888,-29.0160858975
1.03580071263,-28.1123294302
1.03468821506,-29.5907240093
1.03748057444,-27.6197547161
1.04854557622,-41.4659335583
1.0264549553,-18.7882205171
1.03865529791,-29.2317646486
1.03552704578,-27.7226289618
1.03815953345,-29.1337095848
1.03750963648,-27.9289135569
1.03596419937,-29.5411392822
1.03550694134,-27.9456378867
1.04609637191,-41.9694237543
1.02594484604,-18.5637822946
1.03855713043,-29.6515456015
1.03751010049,-27.4999455205
1.03638541669,-29.3533676287
1.0353401451,-28.237220853
1.03729135883,-29.0520257949
1.03553127768,-27.9557176678
1.04693364595,-42.2584186127
1.02642057996,-18.6968248422
1.03689119409,-30.2715754816
1.03503408594,-28.0775219616
1.03794377732,-29.3169564298
1.03326457992,-27.2027325241
1.03586245774,-29.325206275
1.03792730766,-27.4682030406
1.04853097252,-41.7944232543
1.0273434333,-18.8909731686
1.04091810966,-29.6997568945
1.03381206113,-28.073072362
1.04143888464,-29.1045882964
1.0364301871,-28.0720202494
1.03708666663,-29.3696756667
1.03307664443,-28.3613859574
1.04856342667,-41.8871286244
1.02749514235,-18.9913005528
1.03729006996,-30.1474542817
1.03437783999,-27.1617342669
1.03604609936,-29.3738752782
1.03612029887,-27.7610353763
1.03895116787,-29.8565538837
1.03228199726,-27.7006586171
1.04970751873,-41.5655998832
1.0276091171,-18.7028400194
1.0376055278,-29.6569789418
1.03178398066,-28.140333658
1.03990873817,-29.5816113379
1.03871821063,-27.8764010933
1.03624813668,-29.7745735225
1.03536391907,-27.8404791116
1.04923419009,-42.3292242052
1.02476444285,-18.8124518808
1.0360269666,-30.2126800743
1.03552181978,-27.3126054027
1.03772860753,-29.0870967684
1.03720508918,-28.1021256883
1.0356546138,-29.1548220209
1.03356585357,-27.3269092969
1.04315768343,-41.576531221
1.02382858471,-18.9232723786
1.03965014258,-29.5428707472
1.03025636918,-27.5156293226
1.03319195183,-28.9049531823
1.03369138291,-28.0299941045
1.03757137766,-28.9345461307
1.03808433385,-27.7495879175
1.04509720331,-42.1021918283
1.03346838683,-18.2549463953
1.03626081525,-29.7520955781
1.03460927355,-27.4010856249
1.03731017101,-29.294085765
1.03292420828,-27.1753980674
1.03870228717,-29.0188151224
1.03547737744,-27.9473250262
1.04475682186,-41.4818311249
1.0245893539,-18.6890815024
1.03824661229,-30.0297233434
1.03610300034,-27.2412243618
1.03271182074,-29.2605415737
1.03548759381,-27.3788327474
1.03549224362,-29.2430106815
1.03238625954,-27.8022929229
1.04856263962,-41.4537037048
1.02662592189,-18.9597145781
1.03791409019,-29.7767576798
1.0314622016,-27.6241656818
1.03531854388,-29.1303969947
1.03253411113,-27.5450290199
1.03266709561,-29.3880647606
1.03570783854,-27.4713251659
1.04897147026,-41.7738765165
1.02827758642,-18.487105532
1.0337054091,-29.9922513323
1.04067243413,-27.7609944804
1.03429361572,-29.195560575
1.03260854427,-27.9587233368
1.0353138448,-29.2703053677
1.0345092272,-27.7147940719
1.0490833119,-41.7946652307
1.02830204869,-18.8124319333
1.03718218304,-29.9808411651
1.0353432431,-27.624873163
1.03523493621,-29.2217786837
1.03412048643,-27.5178466435
1.03581682177,-29.0775298039
1.03633287513,-27.5418206938
1.0476861046,-42.0783302233
1.02704229193,-18.9327322745
1.03733025072,-29.1787584719
1.03466376145,-27.2896276043
1.03844300405,-28.679370062
1.03672183539,-27.415446394
1.03460310832,-29.3993578963
1.03374201375,-27.8304588765
1.04512393325,-41.3327602266
1.02820242264,-18.4788391125
1.03736160932,-29.4565984885
1.03583008262,-27.551561187
1.03693310568,-28.8840588166
1.03186402746,-27.8578856111
1.03887188495,-28.5113374706
1.03180066,-27.2740035448
1.04943232711,-41.5230601687
1.02853471795,-19.0154251654
1.03994529279,-29.0299892893
1.03436523325,-27.4235134289
1.03590438518,-28.9708318726
1.03525611358,-27.6555596448
1.03564215802,-29.1640434357
1.03660923936,-27.8112789186
1.04702586232,-41.0656274466
1.02740294721,-18.9598687845
1.03568680269,-29.6330185498
1.03368428904,-27.1764423251
1.03678491911,-28.6521194129
1.0331389491,-27.0908679321
1.03736776689,-29.1423489585
1.03105791744,-27.2036320419
1.04501890152,-41.5999239514
1.02519732352,-18.9172151623
1.03798686717,-29.4492034054
1.0314715867,-27.5573359351
1.03559454045,-28.8520614325
1.03324590133,-27.4935076273
1.03372306083,-28.8523105469
1.03226571688,-28.1031655994
1.04560866225,-41.6047896762
1.0242838839,-18.6841669439
1.0357080592,-29.5567028709
1.0310749165,-27.5113105917
1.03089389081,-28.823306663
1.03311943857,-27.8015207237
1.0324907309,-29.0332233765
1.03421738858,-27.5000113974
1.04641683667,-41.7378908242
1.03063182954,-18.5445153245
1.03468520873,-29.6773953445
1.02976705233,-26.9554512648
1.03453359556,-29.1074736272
1.03427752167,-28.1254054185
1.03752371322,-29.0221711706
1.03679183738,-27.2117043856
1.03958269497,-41.2257557714
1.02644107417,-18.5734761319
1.03669358775,-29.2821368478
1.02688892808,-26.7663368982
1.03470607593,-28.5173757338
1.0325305953,-27.0795180624
1.03194962106,-28.8163776589
1.03246789735,-26.926598924
1.04141925717,-41.5006652834
1.02514464381,-18.4032777198
1.03736078721,-29.2962460663
1.03214662964,-27.49870055
1.03450776218,-28.4500711445
1.03643991214,-28.2441620538
1.04008329359,-28.2757341386
1.03326148174,-27.2525145784
1.0490152454,-40.7509474407
1.02769287781,-18.236790506
1.03357426629,-29.760526699
1.03796526168,-27.2192368547
1.03888650494,-28.5613059759
1.03288126568,-27.5948993016
1.03535173666,-28.5959208817
1.03086102141,-27.6763166046
1.04518264395,-40.7336115277
1.02407733177,-18.2180025349
1.03584633557,-29.4474915247
1.03208686732,-26.9677190727
1.03195789189,-28.5700090942
1.03047122966,-27.2881722257
1.03815018892,-28.4552709026
1.03125446969,-26.9579665022
1.04738175752,-41.3923619064
1.02424434001,-18.6664749689
1.03373592337,-29.4912212069
1.0307709012,-26.91790422
1.03505299283,-29.320818512
1.03351131425,-26.8305759143
1.03417900232,-28.7730233201
1.03581252632,-26.9929291393
1.04489544749,-41.4927734564
1.02720186051,-17.9767815303
1.03367829994,-29.1532230472
1.03117351112,-27.3904845782
1.03243178823,-28.1817687823
1.03516757659,-26.6565623197
1.03506163213,-28.1893120455
1.03139461277,-26.7669389614
1.04610509824,-41.0067247574
1.02283974813,-18.2142868632
1.03158751438,-29.1423000006
1.03399432857,-27.0103780322
1.03253541734,-28.589985669
1.02982818107,-27.5101576291
1.03837998592,-28.7179304144
1.03125762273,-26.5262230796
1.04437762889,-41.0725298186
1.0232447715,-18.9262404306
1.03430073525,-29.0279625751
1.03079564821,-27.6157486406
1.03305257236,-28.2092461303
1.03452497907,-27.209284467
1.03370072708,-28.5674573191
1.0347039925,-27.2945411473
1.04950557388,-41.0526560438
1.02891166568,-17.7419655068
1.03135444452,-29.1313648175
1.03183627013,-26.5546176397
1.03511176328,-28.861481518
1.03073572141,-27.2049842471
1.03239239804,-29.0239328487
1.03178032875,-27.2801129815
1.04494366134,-41.0378807292
1.02750270452,-17.8153453315
1.03252833292,-29.564371693
1.03034986157,-27.0156109879
1.03328461406,-28.3656490379
1.03302973105,-27.9318004422
1.03148818669,-28.3488593668
1.03276935576,-27.229324173
1.04430065604,-40.8729408519
1.02366105393,-19.06363406
1.03352863137,-28.9323261044
1.03514390192,-26.7393188528
1.03444878955,-28.4826269691
1.0285462344,-27.2488183234
1.03381504603,-28.5587953531
1.02990468101,-27.1664996441
1.04092646685,-41.307927898
1.02260877249,-18.1986299628
1.03351041664,-28.4983996151
1.02925512662,-27.5148481205
1.03390011457,-27.9274136649
1.03069625359,-27.3044873869
1.03454965662,-28.8878342659
1.0307953178,-27.0013413724
1.04542160043,-41.19901314
1.02390640236,-18.1710630253
1.03398386224,-29.0122706866
1.0321661453,-27.2459485142
1.03453484288,-28.2658939473
1.02784599053,-27.027081394
1.03510486635,-28.6920047275
1.03116834557,-26.9441298366
1.04577345189,-41.1148440001
1.02508198409,-18.6180586312
1.03169435618,-28.7937480194
1.02767544457,-26.7431366505
1.03145093205,-28.7519638502
1.0283555938,-26.8756954361
1.03183554695,-28.4638738642
1.03318853099,-27.1316603183
1.04317494674,-41.0206507355
1.02795410148,-18.0786654708
1.03706855749,-28.9435740034
1.03144666209,-26.6269910243
1.03588923699,-27.5545288542
1.02744400522,-26.9302809258
1.03610688087,-28.172429251
1.03223694304,-26.4472026499
1.04282213768,-41.1409071156
1.0228340598,-18.5384242836
1.03343075802,-28.9235521582
1.03155157822,-26.6237579847
1.03137703938,-27.928922791
1.03270622649,-26.9201534443
1.03443765948,-28.6269215739
1.03040186282,-26.6063704773
1.04483267152,-40.945510105
1.02575344251,-18.1301887066
1.03120875844,-29.3101339631
1.03148424625,-26.749582423
1.03030770827,-28.3371757886
1.03048022952,-26.574158878
1.03252164738,-27.9552119333
1.03086472254,-27.2057418157
1.04361569977,-40.5786271212
1.0256286147,-18.1539659311
1.03338475175,-29.1013564985
1.03346781103,-26.4637822961
1.03265694938,-28.5076627253
1.02940332603,-26.733561206
1.03272061255,-28.0197402869
1.03112930776,-26.7834049372
1.04349327212,-40.939204382
1.02177119985,-18.3260189157
1.03371636592,-28.6842595196
1.03449696996,-26.8548842296
1.03593654293,-27.6575728442
1.03388660375,-27.2101687423
1.03343215303,-28.3666305217
1.03346124612,-26.5397816091
1.04406294603,-40.6653039645
1.02068966626,-17.6570118214
1.03477633692,-29.3147760753
1.02749240547,-26.4074217299
1.03173465706,-28.2239396349
1.03054727456,-26.8064460184
1.02931970732,-28.363206604
1.02961892591,-26.7645602825
1.03926397629,-40.6899162862
1.02285299034,-17.9799190844
1.02844987965,-29.0573830396
1.02890650232,-26.8177313054
1.03063251689,-28.1169382673
1.02865152422,-26.7639382594
1.03036706938,-28.0366950709
1.03058286489,-26.7249183296
1.04083479993,-41.1013787865
1.0240547217,-17.4238809758
1.02932844233,-28.986200742
1.02885761663,-26.4948265174
1.02835662281,-28.3053427577
1.02794657533,-26.5486573152
1.02864830169,-27.9084749878
1.02775802274,-26.4565974937
1.03932204044,-40.2264473665
1.02193243401,-17.9921946457
1.03127770703,-28.9360438633
1.02820857637,-26.4427207347
1.03140279441,-28.2868245564
1.02933385951,-26.7546258971
1.03257819284,-28.201456377
1.03419917524,-26.5185358084
1.04224544196,-40.3229169178
1.0243194684,-17.805408215
1.03189709504,-29.4454242474
1.03405227044,-26.3210065518
1.03274051597,-28.1290966907
1.02691161663,-26.0780306529
1.03145941378,-28.1337276455
1.02986290771,-26.7413104599
1.03959893817,-40.4467656662
1.02250121808,-17.6324124624
1.0337656374,-28.5414424192
1.0296051418,-26.1281412793
1.0262052979,-27.8841324868
1.0289517852,-26.0992361294
1.03085260577,-28.2110721321
1.02541649146,-26.582518361
1.04617148754,-40.5391789556
1.02035890226,-17.5839451595
1.03341307134,-28.617479649
1.02829218186,-26.6893834818
1.03101558868,-27.8688692453
1.03183305522,-26.7219665728
1.03126047037,-27.9781946113
1.03116545478,-26.5278663567
1.04173613232,-40.3385164673
1.02179587842,-17.4233768539
1.03192736682,-28.8308106859
1.02716355615,-26.438971226
1.02829416847,-27.722745684
1.02885407834,-26.4968519752
1.02918025959,-27.9767929829
1.02704366722,-26.5525605327
1.0374431443,-40.8074808242
1.02247651283,-17.4413068022
1.03379884134,-28.8376678965
1.02903310681,-26.7205370916
1.02931633651,-27.8538669202
1.02664389941,-26.8993227814
1.03061085781,-28.0404406589
1.02945027952,-26.7590286949
1.04375920822,-40.3408995755
1.02253285168,-17.4138939939
1.03035051787,-28.4906138326
1.02703945744,-26.2088324025
1.03225641914,-27.4384385648
1.03344524884,-25.9770921247
1.03819632001,-27.4647755457
1.02999163895,-26.6777109161
1.0427053094,-40.5134099742
1.02374576995,-17.7528702313
1.03359337007,-28.0306396141
1.02961068202,-26.3782350956
1.02853114411,-27.1637461143
1.03114612946,-26.434361211
1.02979600148,-28.2741391791
1.02735615215,-26.5510743776
1.04318938067,-40.5951021854
1.02059055678,-17.3287378713
1.03112120435,-28.9258593171
1.03090185081,-25.7380420785
1.0317984827,-27.6581750829
1.02970938739,-25.561197471
1.03527766576,-27.5965716837
1.03225679519,-26.1060592556
1.04143434336,-39.9447394007
1.0218702935,-17.8049246683
1.03366988224,-28.319129763
1.02871230668,-26.3978149304
1.03607211223,-27.6062595122
1.02822768084,-26.4035623789
1.03568532919,-27.6412495112
1.0312700972,-26.2206789139
1.04686662691,-40.4292712995
1.02352608105,-17.3469090521
1.03288911237,-28.7963527888
1.03161613724,-26.4827886489
1.03348651776,-27.7891714448
1.02875173675,-26.4395747161
1.03061338343,-28.2972906058
1.03190264421,-26.6672895427
1.04580943303,-40.4655709304
1.01944131154,-17.9109188927
1.03333002752,-28.1007667233
1.03088579146,-26.4533185979
1.03849446382,-27.5633401204
1.03145664637,-26.0012969909
1.0329749063,-27.3187143495
1.02983830947,-27.2857064296
1.04594583659,-40.3445382671
1.0266696674,-17.5431202434
1.03126849051,-28.3244457054
1.03182822237,-26.3765580505
1.03755473917,-27.2465691578
1.03283890304,-26.1274910907
1.03486980236,-27.6931670558
1.02931833079,-26.1061877647
1.04284565494,-40.1802658647
1.02175292727,-17.845304998
1.03545869141,-28.5342137638
1.03177314194,-26.3750881677
1.0352451667,-27.5332733589
1.03214207015,-26.3341534378
1.03475651331,-27.074406165
1.03157715141,-26.3976073875
1.04777759601,-39.9017552089
1.02240039438,-17.4194328254
1.03660227383,-28.1966899644
1.04101263058,-26.0525845283
1.03600479432,-27.2433873456
1.03304231148,-26.348498123
1.03081283027,-27.6847700436
1.03651418993,-25.8671203624
1.05055566683,-40.3987431168
1.02511576751,-17.0639043582
1.03850960109,-28.5715123015
1.03394152742,-26.1891741415
1.03453555245,-27.5117492079
1.03392327498,-26.3375011853
1.0416957622,-27.2894771446
1.03553295264,-26.6067835968
1.05494501137,-39.429274467
1.02604646657,-17.2103333161
1.03883962464,-27.9830700593
1.03666443548,-25.7278729436
1.03907851379,-27.6684357735
1.03594314069,-25.8191829904
1.03599554896,-27.3633298079
1.04031508316,-25.6743508631
1.04962131548,-40.592010841
1.02841301573,-17.1015286216
1.03750082225,-27.7005040292
1.03983627598,-25.8914395442
1.03857239654,-27.2568208935
1.03546239805,-25.6273845483
1.0354194993,-27.4204374366
1.03425425614,-25.7866237307
1.04971936762,-39.7613775985
1.02858697922,-17.3204752461
1.0380270497,-28.021207898
1.03569527299,-26.2338379431
1.03670252472,-26.894899576
1.03381830507,-26.2631357328
1.03995424814,-27.5968969209
1.0364952456,-26.0720181452
1.05117011555,-40.2212937827
1.03002736507,-17.6888828584
1.04229371275,-27.9896664204
1.03780377982,-26.1383255704
1.03874906851,-27.2777496086
1.03825157818,-26.5242429124
1.0400489251,-27.8372028531
1.04089378008,-26.1023848458
1.05118593744,-40.2157657886
1.03257846226,-17.5103646163
1.04035112989,-28.5101726243
1.03955945836,-25.9612295271
1.0429912527,-27.0944069119
1.04263457898,-26.0410405588
1.04040567592,-27.1685088098
1.04197061557,-25.7961000413
1.05002506461,-39.5437763155
1.0310827547,-16.8973226045
1.0415251401,-27.7123365313
1.03860439253,-25.3751283658
1.04411247863,-27.1292123066
1.03787406042,-25.8070455864
1.04608126043,-27.4986917546
1.0409473243,-25.7593766031
1.05407062725,-39.9085868702
1.03339684048,-17.141739052
1.04099287136,-28.4525838031
1.03840814058,-25.4964456915
1.04319194005,-27.4434660474
1.03978495005,-25.7369073137
1.04162181031,-27.5798989551
1.04110764163,-25.7060147014
1.05301705033,-40.0942600402
1.03657587037,-17.2452029879
1.04529983145,-27.5781479637
1.04114519773,-25.6442243831
1.04700611118,-27.3245456558
1.04188295647,-25.5207522602
1.04534011227,-27.2976340696
1.04300459875,-26.1324676938
1.05106229247,-39.7012667873
1.0389794708,-17.025968914
1.05062435524,-27.7236768187
1.0465871347,-25.9801795391
1.05145042371,-27.4630460027
1.05153848196,-26.5536329944
1.0627472869,-27.7758945289
1.07143306574,-26.905644506
1.10185778833,-41.0043319502
1.09794625451,-17.9614674693
1.14536616209,-29.5071325299
1.19986123952,-28.4453503403
1.30881368746,-31.7400439835
