1.40279010786,-52.2295959442
1.28519326974,-49.8289060647
1.22523299523,-44.6047076869
1.19356205715,-74.0311173241
1.15282700778,-25.9269602456
1.14282929764,-46.4348729362
1.12489902354,-42.3322509447
1.12326908049,-42.1418847401
1.1170303839,-40.2886637323
1.11518694494,-44.0531841111
1.11208568465,-41.9772341677
1.12978968251,-68.8449683681
1.10119935157,-25.2982513625
1.11083917806,-44.9948385156
1.1042257842,-41.7246770424
1.10343001274,-42.2670308604
1.10595522648,-41.5544985743
1.10534784553,-42.1696209201
1.10409488609,-40.5638153421
1.11422381069,-67.8492337963
1.10398168294,-25.4613449083
1.11003938374,-45.0655461394
1.10878037934,-41.4592497626
1.10433129153,-42.9796721069
1.10204721847,-41.8275466108
1.10501726715,-42.4924242539
1.10473923058,-40.8997292239
1.1136692239,-68.3345529244
1.09807678509,-25.4302962698
1.10348843156,-44.3823414648
1.10020056636,-41.7394981908
1.10343258541,-42.1450459911
1.10231550306,-42.7467543642
1.10285434049,-43.5186072701
1.1049247927,-40.8857650918
1.11195297045,-68.7140748384
1.09947358135,-24.7034745101
1.10524572829,-43.951854579
1.10274018584,-39.9962164736
1.10237181506,-41.0154588352
1.10126647517,-40.5783217409
1.09982898022,-42.7953819213
1.10298938566,-42.169589414
1.1140821276,-67.8265467
1.09235761538,-27.3777902542
1.10374862815,-43.710322848
1.1072885503,-41.7892116811
1.10527301334,-42.5465989406
1.10147982054,-42.4522431904
1.09920472115,-42.8535987313
1.1037446816,-41.279541814
1.11041470808,-68.229582266
1.09339366106,-25.0662435816
1.09779068642,-44.4566744891
1.10038925339,-42.2361868442
1.10236917084,-42.9193074988
1.09926715512,-41.6146686409
1.09907328333,-44.0839905882
1.09848612406,-42.0846210218
1.10909915216,-68.4049034586
1.09239080508,-26.0977954009
1.09802813098,-44.1835628236
1.09695197375,-41.3626919048
1.10067021428,-42.9579517628
1.09636123885,-42.4723464053
1.09803997389,-43.05250918
1.10084570246,-40.8916779902
1.10296599588,-68.5445930086
1.09319087723,-25.6550763729
1.09980442066,-45.1987319069
1.09275326763,-42.5181986886
1.09634002884,-43.4530600104
1.0940154417,-41.9110578813
1.0968624384,-43.1369655223
1.09817131952,-41.1526073815
1.10602208368,-68.0554592761
1.09089524723,-25.5940092149
1.0941059355,-44.1753357677
1.09627030254,-41.4128998085
1.09798494433,-42.8230029069
1.09548965446,-42.1668454175
1.095081751,-42.4355350871
1.0944221523,-41.6717861392
1.10550923715,-67.9412884774
1.09632481351,-24.9513843597
1.09416010715,-44.4887874233
1.09179425773,-41.4572593604
1.09666271562,-42.1514829009
1.09043067716,-42.2204665294
1.09549688113,-42.4822935984
1.09422234445,-42.1669622113
1.10749885779,-67.9527586901
1.08701977702,-27.349737379
1.09345706518,-44.6341462428
1.09025898576,-42.6473059522
1.09326651485,-42.1353078243
1.09340529007,-42.2658045797
1.08902282956,-44.2593616869
1.09547042529,-41.5911213432
1.10162911503,-68.6215063505
1.08973869618,-24.6493883025
1.09448294401,-44.3263433961
1.09292088254,-41.7082699323
1.09326356641,-42.8018570506
1.09153296844,-41.740261307
1.09299928618,-43.7248027477
1.09260154895,-41.611254988
1.10147478379,-68.6417983817
1.08553578869,-26.2450442849
1.09371816874,-44.9207314589
1.09263450035,-41.4863239461
1.08951848396,-43.5447110869
1.09186810164,-41.5089260782
1.09121129708,-43.4880257227
1.08916880566,-41.148133043
1.09490095547,-69.2379308754
1.08442675729,-25.5188372478
1.08962870232,-44.3661010677
1.08767358287,-41.5898750712
1.09444591698,-43.1590082276
1.08795194878,-42.0722300164
1.09216469805,-43.5409942775
1.08848580064,-42.5115954474
1.10402782225,-68.4013518167
1.08431088117,-26.7793417134
1.09091686333,-44.6346288061
1.09353705225,-42.3415682499
1.0931928498,-42.5972363702
1.08835407919,-41.5485700004
1.08792200596,-43.4190114724
1.09272689125,-41.5603995393
1.10271401886,-69.1147732692
1.09176710067,-25.4132659334
1.08563639781,-44.6259205267
1.08847460985,-41.1411189606
1.09148455204,-41.7972031944
1.09026945778,-41.5659893687
1.08756107751,-42.7385531299
1.08976312437,-41.0351224325
1.0968169823,-66.9687603702
1.08301120867,-26.0464123304
1.08487589818,-44.3442119539
1.08517978496,-41.0009847711
1.09540062749,-43.0600555794
1.08619551142,-41.8194439235
1.08616762391,-43.5149983633
1.08990364764,-41.3712200519
1.09630331276,-69.5379630206
1.08187325073,-26.6638458149
1.09039546917,-45.2382209284
1.08899656725,-41.7944447971
1.09334139211,-43.1771418015
1.08875237968,-41.1319468983
1.08921980789,-43.6807765025
1.08975084364,-41.700964631
1.09587623482,-68.2476338329
1.0824783911,-26.1609611401
1.08988255294,-44.2235978647
1.08783911116,-41.3155114756
1.08575513831,-42.628530019
1.08730205466,-41.2583763251
1.08881857691,-43.9061267816
1.08883426474,-41.5717692796
1.09281394633,-69.0057986352
1.07908870136,-25.7459969941
1.08775797872,-44.6340219182
1.08736314995,-43.2159330946
1.09026870457,-43.7991717681
1.09011052959,-40.8630791572
1.08839571139,-42.6185827839
1.08547661555,-41.9768715112
1.09927658169,-68.6150568877
1.08055213173,-27.0085628558
1.09264440802,-44.929205138
1.08851082587,-43.0898291079
1.08576859438,-42.9600650979
1.08393288653,-41.4273707458
1.08964504767,-43.3374398802
1.08638119656,-42.0386742437
1.09320243444,-67.5982885294
1.08027136079,-26.164086325
1.08730370004,-43.932767551
1.08379593301,-41.781127303
1.09014573656,-43.1490864531
1.08556885234,-42.2592209378
1.09174542273,-43.0279548627
1.09005937749,-41.7093482474
1.10051645073,-68.3178621056
1.08602788737,-27.0329701312
1.08829722154,-45.1141423019
1.08465115472,-43.1719022621
1.08493998617,-42.7032294443
1.08571820603,-42.9576731348
1.08627758919,-44.3956213415
1.08502466945,-41.8726869013
1.09724720423,-68.7470110704
1.08291003478,-26.1937651867
1.0893446746,-44.6985481467
1.08721756257,-42.3752026843
1.0918395842,-43.223286498
1.08371915925,-41.4817223952
1.09003576559,-43.0768450888
1.08778547154,-42.3801734754
1.09508018668,-68.1740538189
1.08155870293,-27.5903464354
1.08819475977,-44.5406412028
1.08829776482,-42.1232180562
1.08987638445,-43.7055908997
1.08921878413,-42.3036193827
1.08619085491,-43.9680443899
1.08666568661,-41.9774432551
1.09519971038,-68.0987833995
1.0850339431,-26.9702435384
1.08930229679,-45.0176790717
1.08495445502,-43.066873382
1.08877865176,-43.7199994128
1.08760050501,-42.8826117171
1.0870555681,-42.7507046323
1.08822393337,-42.4208780281
1.09747317593,-69.3422510796
1.0812657951,-26.4627151737
1.08756398692,-45.3843678681
1.08890321033,-43.5405897588
1.08490440297,-42.773619394
1.08698771445,-43.0103205227
1.08570833923,-44.0320984632
1.08746553672,-43.3053621615
1.09680271339,-69.6539160422
1.08087219289,-27.0362066855
1.087655471,-44.6762926072
1.08757786576,-41.61845614
1.08564459383,-43.7481986619
1.08474938189,-42.0917082041
1.08778050782,-44.1640261569
1.08629180348,-43.0153910011
1.09944730678,-69.2864438526
1.08592357151,-26.5095666719
1.08471675301,-45.5054490669
1.0900810704,-41.7778587347
1.09109880506,-43.9219564167
1.08962423513,-42.6834443679
1.08889501708,-43.5803791661
1.0869466371,-42.7953463796
1.0980419979,-69.3640882415
1.07877740906,-27.5296879356
1.09030650489,-45.7887258768
1.08637881881,-42.4749915197
1.08821420386,-44.097611006
1.09077344792,-43.3435188293
1.08538111216,-45.0239818172
1.08881043131,-42.6237328459
1.0991637089,-70.6203483185
1.07992831161,-26.7647933484
1.09019170807,-44.8079037243
1.0876724277,-42.6250420074
1.09027130694,-43.017860511
1.08817036478,-42.7130097285
1.08980935365,-45.1976481059
1.08890577821,-43.7709879799
1.10009442045,-69.3733598223
1.08360207549,-28.0097901041
1.08881636626,-46.6960621744
1.08858690624,-41.9453751299
1.08883977688,-44.9148645326
1.08866823597,-41.8547412407
1.0874942744,-45.0002552864
1.08627615871,-43.5633261281
1.10186556533,-69.4458681803
1.0829529756,-27.2392062442
1.08730640319,-46.106573166
1.08879854865,-42.688784192
1.09064363854,-43.430782265
1.08635170019,-43.1876233949
1.08927367216,-44.2295835885
1.08997330878,-43.5494895108
1.10057646259,-69.4312158412
1.08184302268,-27.0863350734
1.09227014546,-44.5733699644
1.08821658235,-43.4915851775
1.09080462783,-43.4389719855
1.087938072,-42.4707961607
1.0893824511,-44.2936932667
1.0865450099,-43.681346431
1.09763330007,-69.9788658644
1.0842853777,-27.6981266854
1.09128819066,-45.1624696037
1.09119277846,-42.9246033021
1.0910163139,-43.2953308325
1.08647887262,-41.9526479722
1.09210135269,-44.3943895849
1.08704687184,-42.423544408
1.09856838495,-68.9424842722
1.08146166769,-27.647918473
1.09632136919,-45.2514866955
1.08883598177,-42.9479357697
1.08946691216,-43.540582314
1.08987012954,-42.5626052529
1.08597982381,-44.3083907973
1.09087933164,-42.8794282802
1.09809378004,-68.1698840698
1.08445248687,-27.625310195
1.09001395781,-44.8465814976
1.09028719807,-43.2475364987
1.08790774983,-44.2922370826
1.09005053983,-43.4834557804
1.09074307192,-44.8157453357
1.08756716956,-43.5370538174
1.09612622545,-67.8061422939
1.08217959345,-26.8711856695
1.08989717323,-45.4122062972
1.08881491333,-43.1278991716
1.08913118408,-43.4971866394
1.08391395754,-44.0766037845
1.08691476033,-43.816555156
1.08754394947,-43.0192270372
1.0938686155,-69.5484392993
1.08443148865,-27.1715002632
1.08809646866,-45.7506256871
1.09026796216,-42.4655622939
1.091343843,-43.2643156316
1.08680474782,-42.2095682264
1.0901186425,-44.0459762599
1.08854807744,-43.1507574441
1.10074065216,-69.6927051314
1.08539652828,-26.4926375117
1.08969708949,-45.2879758983
1.08565210977,-43.6062251328
1.08711199125,-43.9138840625
1.09223497286,-42.2456238756
1.08989778517,-44.891366119
1.08846719271,-42.9564705292
1.10024968627,-68.9796764318
1.08127470564,-26.9870413105
1.09325906204,-44.700311792
1.08938381425,-42.6788099143
1.09116583345,-43.1626917194
1.08738457212,-42.7277787032
1.09095634356,-43.8023132114
1.09160275024,-43.0343022566
1.10142244456,-69.1995352146
1.08619013596,-26.7167764565
1.08984078419,-45.3241036057
1.08635690452,-43.8160727979
1.08958765257,-43.5993237876
1.08827446904,-43.3219513096
1.08932165688,-44.2800002929
1.08937325657,-43.6971234285
1.09714772281,-69.2763606396
1.08048745361,-27.7384297809
1.08952654215,-45.9376341184
1.09159404117,-43.9102173628
1.09027826745,-43.9238670711
1.08686892472,-43.1573926974
1.09326734025,-44.5032600958
1.09305496423,-43.620546195
1.10195843874,-69.7919075228
1.08593296139,-27.6692987589
1.09150031843,-45.1146393229
1.09055351659,-42.4010261205
1.09367811271,-45.0961007093
1.09179111201,-42.9464416066
1.09322372606,-46.0185712771
1.09169429592,-43.4438937239
1.10129692752,-70.1708677019
1.08957610406,-28.0508935637
1.08994939693,-45.3756060523
1.08929703448,-43.5137965285
1.09050285283,-43.0492463588
1.08893853253,-43.9854340344
1.08742158008,-43.6915389461
1.09035562355,-43.8520306368
1.10087180732,-69.8920735879
1.08186991365,-27.9263403398
1.0885500908,-45.2782960427
1.08600891526,-44.3064666951
1.08972105207,-45.566376578
1.09034227463,-43.5790111752
1.09065570868,-44.4197972348
1.09356991153,-43.3321114663
1.10153638115,-70.5632333369
1.0870385542,-27.7237683426
1.09556110843,-46.1216955159
1.09375034809,-42.5236072395
1.09065111137,-44.5717005522
1.08700506699,-43.6607069584
1.09365148019,-44.6246851196
1.09244891835,-44.5208562016
1.10093240032,-69.738067128
1.08656464229,-28.0158860695
1.09078000794,-45.432464494
1.0886289981,-43.208653641
1.0893449772,-44.5701710686
1.0936188361,-42.3579052042
1.09354242187,-44.7825550259
1.08975934595,-43.0971002823
1.10053401344,-70.5441333768
1.08692273827,-27.9225968374
1.09293402446,-45.5124529483
1.09105727351,-43.7071216118
1.09486729997,-43.3339114284
1.0897449169,-43.6088421996
1.08998434183,-44.9590286897
1.09297930938,-44.187911684
1.10427724213,-69.9017580999
1.08633800352,-28.1359381531
1.09166757785,-45.1077464799
1.09584230306,-42.9630835701
1.09313626329,-43.8774696822
1.08626018042,-43.3930751497
1.08998207789,-44.9536982203
1.09049238558,-42.8031675603
1.10377385815,-69.9169433334
1.08406464702,-27.9073010242
1.09421895972,-45.8976356293
1.08749550604,-43.4412020511
1.08650812232,-44.2358654622
1.08767420548,-43.372735781
1.09216166814,-44.04239144
1.08439166674,-42.7475365964
1.09873936973,-69.6963829299
1.08212629417,-28.2863255061
1.08894155839,-45.753443441
1.08835101037,-43.9990381603
1.09140940608,-44.7486558052
1.09210697996,-42.8247400879
1.0856970522,-45.3057507405
1.08734700635,-42.8111257261
1.10168754355,-69.917392111
1.08400115191,-28.0530091549
1.08972100448,-46.7819994009
1.0902543773,-42.7883290245
1.09391748614,-44.8958042022
1.08637453436,-44.1218162667
1.09052763453,-46.1867874376
1.08981010249,-44.3915244952
1.1053235354,-71.142043937
1.08561320148,-27.4015748871
1.09862753964,-46.6502990245
1.0888857177,-42.9485743849
1.09487136543,-44.6013723371
1.08726553023,-42.7007116983
1.0947641156,-45.2942103036
1.09060628612,-43.179994504
1.10217335027,-71.3808250031
1.08408696583,-28.6245977071
1.08859785444,-48.3004890467
1.09654991751,-43.1844531871
1.08910210465,-44.9116662357
1.09196950233,-44.3217941193
1.09304826399,-44.5962320499
1.08983017783,-43.8920980522
1.10110747248,-70.0610210707
1.08876357137,-27.5873825234
1.09021605354,-46.6151224441
1.08780615388,-42.8733254942
1.09392364539,-44.6533090686
1.0900015263,-42.9689399345
1.0918931628,-45.5584363427
1.09192767798,-44.8056311105
1.10142418365,-69.6947664449
1.08287381361,-28.0377422964
1.09592384458,-46.7619368095
1.08853556772,-43.4718042923
1.09309167887,-45.1535036871
1.0894116049,-43.2691319109
1.09733299681,-44.5311900944
1.09410055733,-43.6187417684
1.10004792857,-70.4999373636
1.08393580147,-27.4826563445
1.09461851833,-47.3616686214
1.08931757389,-44.1837791811
1.09321223743,-45.4796856115
1.08821444816,-44.2957644137
1.09189884262,-44.2361498769
1.08613066027,-44.2009745028
1.10213769031,-70.7113048359
1.08495446908,-27.8865248114
1.08849725572,-46.4908123873
1.08827032163,-43.6308764316
1.08918202479,-45.0364889525
1.09172496872,-44.0187067405
1.09018106253,-44.7615721376
1.09193990244,-43.8446568916
1.10016018848,-70.6672831232
1.08077044626,-28.2597273582
1.09254421539,-45.8143462947
1.08825616039,-43.7381930496
1.09048263193,-44.7563771799
1.0899626625,-43.6110375466
1.09041452465,-45.2153783427
1.08820866967,-43.859520111
1.0998470615,-69.8664194928
1.08924277119,-28.1774017196
1.08698679629,-47.5228259229
1.0866609949,-43.6644527918
1.08951888338,-44.935734746
1.09322546635,-43.6903772852
1.08901939136,-45.6557832384
1.09159342361,-43.3162882585
1.10114021515,-70.8698545743
1.08434211545,-27.983389561
1.09612377414,-46.7468231609
1.08946838345,-42.894521329
1.09262515926,-45.8298351784
1.08821402634,-44.1864264877
1.09168636287,-45.1387165268
1.09264141984,-43.4294456578
1.10050551638,-71.396074681
1.0863302851,-27.8697467407
1.09042361911,-46.2048696386
1.08669516568,-44.0096650458
1.09105957071,-44.5502992155
1.08690675711,-44.1197703779
1.09498868544,-44.6629748631
1.08848426572,-44.1009575626
1.10225339734,-70.5303357794
1.08678875035,-26.9874753769
1.09048848601,-46.9801638363
1.09135786995,-42.9997229833
1.09011252696,-45.0590853769
1.09077780614,-42.6508659966
1.09550420957,-45.7248517445
1.09083633701,-43.8559000486
1.10313559235,-71.7812179633
1.08533154359,-28.1863953911
1.09145956381,-46.5154640414
1.09372703702,-45.1365596676
1.09488230095,-44.4819249071
1.09339461927,-45.2626991003
1.09183186456,-45.978833437
1.09130712962,-44.4274406796
1.10423206474,-70.2114820292
1.08800815167,-28.5126333364
1.09214317131,-46.8375853781
1.09072456066,-44.8680227964
1.09382360137,-45.4188396593
1.09072776391,-43.1110269857
1.0896408597,-45.9216112216
1.09205527643,-43.5773515724
1.1038507873,-70.545254869
1.08397268891,-27.3760448481
1.09012041286,-46.9310516181
1.08998075692,-44.5436937616
1.09512936828,-44.5652283404
1.08880573972,-44.6206603584
1.09324216042,-45.4217965441
1.09070152615,-43.9417805875
1.10125718662,-70.2631330133
1.08316290746,-28.7564646091
1.09231759922,-45.1837064239
1.09060858932,-43.6555629273
1.09215206195,-44.8263559834
1.09334616207,-43.7436944694
1.09091405315,-45.180311846
1.08816118374,-44.310969124
1.10287858172,-70.466526927
1.08637143178,-28.5908585434
1.0928116914,-46.3096329725
1.09055525708,-44.3899739535
1.0925946068,-45.3634241564
1.09080528563,-43.6898428185
1.09028996899,-45.5811891802
1.09024718782,-43.1745849045
1.10153538436,-71.2753289274
1.08447522243,-28.5640641181
1.09315826648,-46.1454471103
1.09006585796,-44.5221684201
1.09333709535,-44.3255992071
1.09041912616,-44.0946669896
1.08884933291,-45.5404219519
1.08838874874,-44.035817494
1.10443960523,-70.7037869081
1.08495547445,-28.4788122947
1.09703017178,-47.5039995149
1.09241342619,-44.1524698874
1.0972941766,-45.4679024912
1.09145312236,-43.8772445183
1.09171353789,-46.5123038481
1.08887952109,-43.2294321263
1.10221023547,-71.4280426017
1.08560723832,-27.8367430337
1.09808980782,-46.6538916899
1.09286421349,-44.2777640086
1.09403432347,-45.4951672881
1.08983668561,-43.6615409042
1.09288672028,-46.1790389637
1.08913706769,-43.8345808844
1.10241818041,-70.6899860955
1.0849989495,-27.3662342501
1.09051421114,-46.8131899054
1.08649134588,-44.7993609128
1.09938509662,-45.3136191093
1.08979311788,-44.079196417
1.09790240954,-44.744639593
1.08698356639,-43.7793932629
1.10336123648,-71.2011777898
1.08822577878,-28.1318461412
1.09283102866,-46.2879346066
1.09005709761,-44.8153976725
1.09064690241,-45.9332206298
1.0919393482,-44.3780586008
1.08932524614,-46.9572460452
1.09393873061,-44.3630150365
1.1032645109,-71.1060716583
1.08591608514,-27.8829116395
1.09175289864,-46.9006426575
1.08924314137,-45.5968038254
1.09142487842,-44.8140299924
1.09154444524,-44.6381533842
1.08903252818,-45.9239659604
1.09459842881,-45.2030705344
1.10353819548,-71.1774434147
1.08653900174,-28.6636622712
1.09372782265,-46.7932490557
1.092376775,-44.170174305
1.08736874873,-45.6194110626
1.09357737791,-44.078432547
1.09110814947,-45.6118910251
1.09394317389,-44.8510011437
1.10479419048,-70.6567767899
1.0845042123,-29.3341372226
1.09118451603,-47.2576264454
1.09319045161,-43.9076073976
1.09385164009,-45.0294262376
1.08851752288,-44.4343244252
1.09060698963,-44.660262902
1.09792422903,-44.8450525521
1.10043762127,-72.1545201692
1.08917563512,-29.7795352678
1.08938592883,-47.8703374538
1.09293963996,-44.0422855802
1.09500568039,-45.9352038194
1.09077021814,-44.2263944756
1.09176243887,-46.9323954871
1.09255503816,-44.1676140593
1.10092909633,-71.7387880546
1.08393404966,-28.9999959665
1.09362357399,-46.8143831919
1.09444646653,-45.2119310585
1.09083777937,-45.1675105715
1.0907672593,-45.2422098127
1.09466984294,-46.110392424
1.09868608001,-44.3956758466
1.10836541087,-71.5432568457
1.08685251153,-28.56621609
1.09630929805,-47.1414500826
1.08889174167,-45.8956579592
1.09177589631,-43.9255492198
1.09127385329,-44.7924004005
1.09811087179,-46.8785142326
1.09855117967,-45.7207824432
1.10187564764,-70.5149166259
1.08362361302,-29.4919977651
1.09355248107,-46.5969721722
1.09105218654,-44.3160847177
1.09185083459,-45.208627566
1.09289263013,-44.6628523581
1.09525485951,-46.1190913402
1.09820814636,-44.6383461874
1.10835273708,-70.8765431947
1.08835958422,-29.7973488879
1.09778943716,-46.0558607491
1.09455270519,-44.7100977415
1.10068283568,-45.444770678
1.09917817373,-44.68109583
1.09300928437,-45.5478872668
1.09114909238,-44.5438837836
1.10468282732,-71.2181390856
1.08811728064,-29.3212035367
1.09287201998,-47.5677895532
1.09451264357,-44.5268585244
1.0921790334,-45.1155054616
1.09373774488,-45.1841099362
1.09760445592,-46.0521583007
1.09635033036,-45.1801354605
1.10328766986,-71.3895096514
1.09073666782,-29.0370071534
1.09528998325,-48.1557314075
1.0924381888,-44.7603210575
1.09024677078,-45.9643863415
1.09318609693,-44.1279791155
1.09467889904,-45.582117082
1.09687834058,-44.3351993303
1.10519761832,-70.5130418526
1.08932955874,-28.5920937368
1.09239946604,-47.7951879145
1.09350880616,-44.4565096877
1.09418797011,-45.8748645132
1.09599458106,-44.9911894916
1.09527639163,-47.3706196537
1.09451578636,-44.1013961446
1.10393515164,-70.694187905
1.0858587089,-29.3003550095
1.08826670669,-47.6597548894
1.09133132418,-45.2407977324
1.09433511989,-45.4837469206
1.0941663644,-45.1577377738
1.09364482007,-46.2607770611
1.09465622599,-44.4560964347
1.10013437767,-71.8332702887
1.0867152106,-29.3582301032
1.08883904846,-47.5341267468
1.09189808962,-44.7356555365
1.09054918561,-46.4825253902
1.09248978844,-45.9564449097
1.09457561488,-45.9984476454
1.09665392293,-45.0082608548
1.10199943316,-71.5932359314
1.08601687341,-27.7282570939
1.09252170378,-47.3781178239
1.09147471238,-44.081522333
1.09381727842,-46.403425134
1.09424324588,-44.2605666068
1.09522128924,-45.4112819517
1.09172133454,-43.8498563596
1.10376272196,-71.334696002
1.08604064026,-28.6515651748
1.09290836173,-47.7913877148
1.09494836159,-45.8525003131
1.08879918298,-46.2163891922
1.0936862217,-45.1121347785
1.09118500262,-46.3343668852
1.0903646112,-44.9116759139
1.10257615045,-71.5155059602
1.08796965341,-29.8423188011
1.09420405481,-47.146405576
1.09229539464,-45.3387604375
1.09768212525,-46.4142676133
1.09133112808,-44.4676632246
1.0917005161,-45.6294715008
1.09004232718,-45.1672208077
1.10668889362,-70.5881599109
1.08470814355,-29.5217018917
1.09518612762,-47.24149752
1.09436724374,-45.2629278038
1.09365873585,-45.0115633337
1.0928868293,-45.1851128537
1.09178555496,-46.1243867135
1.08921902101,-43.6028703065
1.10360859402,-71.4359335474
1.08619275937,-29.2793310755
1.09222380288,-47.6814164054
1.09351330641,-44.7971477152
1.09405167763,-46.2258994404
1.09113192976,-45.2806695844
1.09433010902,-46.2151729744
1.09562345177,-45.7119837544
1.10131316918,-70.6784313559
1.08493416041,-29.2167363142
1.09371514475,-47.0532718265
1.08982272378,-44.3433229509
1.09212589145,-45.4737186217
1.0905249828,-45.7188660275
1.08800203468,-45.6637908572
1.09433202431,-45.1074694017
1.10219590703,-72.0866813994
1.08440439656,-29.5826984399
1.0955788976,-46.6027785737
1.09348687521,-44.580778881
1.09204821504,-45.6087950053
1.08883381579,-45.2328681917
1.09214912138,-46.3159534945
1.08702082865,-43.9793861189
1.10477581638,-71.5543991428
1.08494556781,-29.517444914
1.09372509616,-48.0942811739
1.09037485284,-45.0461717619
1.09216953744,-45.4620622974
1.09574983338,-44.4843954725
1.09461166069,-46.1809616333
1.09290865103,-45.5338658648
1.10341452248,-71.4164918353
1.08358324454,-29.1851477469
1.0927817524,-47.2555162042
1.09109147077,-45.1500129327
1.09221969547,-45.0083244015
1.09166466174,-44.246167887
1.09467101545,-46.0039587325
1.0921774463,-43.9725014774
1.1044786256,-71.9988792024
1.08519023409,-29.2794811413
1.09395787159,-47.3302841733
1.09082888165,-46.1149441648
1.09207643333,-46.4092938229
1.09082598025,-45.5258496844
1.09325160795,-46.0682904695
1.09253177263,-44.9338477393
1.10338123739,-70.8370476914
1.08543356265,-28.6456038269
1.09238810173,-47.4558823686
1.09141752785,-45.1437623634
1.09068412329,-46.8717507878
1.09235693888,-46.2899243129
1.08841366356,-47.1644141909
1.09295720531,-45.6191562935
1.10297975702,-72.2616685279
1.08667141316,-29.5968961507
1.09322476629,-48.0260593835
1.0924647848,-44.7993290315
1.09141575945,-45.7178051573
1.08905152442,-45.6225132217
1.09077809398,-46.1332051939
1.0888389736,-45.338685268
1.10275044054,-72.5702378141
1.08845927263,-29.3686867861
1.09565055849,-47.257486843
1.09289827563,-45.3445739604
1.0939035793,-46.096895761
1.09049072202,-45.1949780881
1.09530505361,-47.5217414672
1.08941539726,-46.5295379457
1.10128001621,-72.0477899782
1.08714247283,-29.2990737695
1.09150390878,-47.5653973241
1.0931814557,-46.1477418946
1.09438824419,-45.8948857014
1.08545703059,-45.1452325211
1.0899542029,-46.5666739327
1.09236221844,-46.5097477565
1.10341388231,-71.0661023017
1.08494033863,-30.1475003465
1.0954615787,-48.3086495143
1.08529858554,-44.2142306065
1.09328662394,-46.6700131709
1.09063057659,-45.5950905281
1.09076990707,-47.9940306045
1.08815123932,-45.7586456948
1.09959927418,-72.3577003775
1.08610194052,-29.826048568
1.09582582987,-47.8553183305
1.09325600359,-45.3653652574
1.09548125466,-46.36248827
1.09070015071,-45.362448125
1.09371965408,-46.946817139
1.08869296481,-45.3739901973
1.09780024006,-72.9725519961
1.08528034694,-30.3078062938
1.09190926288,-48.2354239206
1.09014740864,-45.424341001
1.08792723205,-45.9373728097
1.08873146542,-45.6788131551
1.09309806782,-46.9493189823
1.09199666733,-45.2321741206
1.09920981821,-72.4903178658
1.08650880029,-29.1055799831
1.09289776205,-46.8301267774
1.08789143842,-45.3670420155
1.08933351538,-46.1934102302
1.08883964235,-46.720484926
1.09194621695,-46.1782916834
1.09518410241,-44.9017057843
1.10714535488,-72.7524027963
1.0882465761,-29.0001273952
1.09250429493,-49.0038666044
1.09548497272,-45.4464608265
1.0945292398,-45.864769272
1.09257337415,-44.7298566706
1.09395771855,-46.1824698489
1.09074339552,-45.8766646886
1.09907211331,-72.7073459611
1.08547275507,-30.6610201932
1.09250701316,-48.9799463006
1.09051570564,-46.5030498112
1.09175522213,-46.8790048467
1.0849747566,-45.7033009993
1.08802547807,-47.0743490632
1.09057778025,-45.4947453576
1.09960934631,-72.758636395
1.0838678448,-29.4539261716
1.09359159359,-47.7440097358
1.09076067414,-45.0658350189
1.09338164439,-45.4618083543
1.09026860955,-45.0522894818
1.09118134359,-45.7966989905
1.0880322376,-46.1613137213
1.10143433169,-72.5435811467
1.08187011619,-30.5684387586
1.09420266117,-48.4035062801
1.08931306827,-45.700373715
1.08950644131,-45.2856468865
1.09098756023,-45.9538882719
1.09192070391,-46.8098627204
1.08896868518,-45.6805447538
1.10272048178,-71.7126353545
1.0858158837,-31.0432769941
1.0924911029,-47.6195561336
1.08850228495,-45.8354319492
1.08892228809,-46.6018289663
1.09112801664,-45.9464350658
1.09158053718,-47.7602712699
1.08996250609,-44.729830444
1.0984374087,-71.3398884628
1.08548463732,-29.0563621956
1.09100390745,-48.1120785139
1.0885880103,-46.2796048299
1.09057945525,-46.6368383439
1.08859719952,-46.5522390817
1.09496821347,-46.8505752047
1.08820328844,-46.0722758159
1.09687440225,-72.5386372747
1.08477793725,-29.4014142998
1.08969891329,-48.2017645734
1.08595684471,-45.4369491276
1.08738268769,-47.2114852808
1.08589445888,-44.8316498891
1.08715567759,-46.853566091
1.0883721143,-46.2976178705
1.0962552389,-71.8880322203
1.0799469289,-29.7984959636
1.08616694989,-47.9282398022
1.08934087344,-45.1813685412
1.08938450411,-47.3534009277
1.08732602173,-45.8749996122
1.08605414014,-48.3253681892
1.08817174708,-44.8727578105
1.09742791206,-73.1436664031
1.08244747975,-29.9515524142
1.09095722497,-48.0201365907
1.08611297596,-46.1671916138
1.09396058958,-46.8120473223
1.09032993888,-45.5484402841
1.08700044184,-46.7178171946
1.09173619589,-45.2385190895
1.09736885741,-72.2304740357
1.0833169084,-29.6314143957
1.08996024069,-47.3617636491
1.08387565519,-45.3736942481
1.09166939241,-46.5916689683
1.08747036525,-45.1321598129
1.08902044564,-47.4667919685
1.08958721644,-43.7521295183
1.09784309935,-71.6391339228
1.08496207798,-29.5662778949
1.08683867085,-48.0220879914
1.08722780121,-45.9575144923
1.08929403905,-46.313389699
1.08761410992,-44.8922164887
1.08731908244,-46.7423885951
1.08845327301,-45.6500910981
1.10176235551,-72.54149592
1.08564749705,-30.1048204736
1.08533652398,-48.3421755275
1.08442456014,-45.6241662349
1.08632314759,-46.9200549027
1.0840825286,-46.5727303893
1.08932488589,-46.5607830446
1.08999123708,-46.090792568
1.09523054554,-71.3735503472
1.08254745421,-29.332686309
1.08775459027,-47.8130868568
1.08796364984,-44.8357674845
1.08848307508,-46.4593887886
1.08437419404,-45.6242442512
1.08631930075,-46.4037539114
1.08650590548,-45.6606778543
1.09874307156,-72.6102347759
1.07980435646,-30.0751755245
1.08663669951,-47.1106120896
1.0833549339,-45.6311349098
1.08952182213,-45.6654793262
1.0826250717,-44.5637158063
1.09191476006,-46.6030865094
1.08412675748,-44.8541729424
1.09958327473,-71.2720481607
1.08355371521,-30.6585327347
1.09104135384,-47.9623692163
1.09018277623,-45.1259124095
1.09003489226,-46.478288059
1.08362956818,-45.1420624526
1.08531061794,-46.0910421198
1.08345783936,-45.9565877244
1.09448110235,-71.23773834
1.08066498324,-30.0130566108
1.08904999374,-47.18575774
1.08673534878,-46.4038124182
1.08770265871,-46.0027138034
1.08652350584,-48.1160009727
1.08707708103,-46.2559391673
1.08625046058,-46.3142506234
1.09999364709,-71.8176520434
1.08252406114,-30.3870370563
1.09156967654,-48.3556491976
1.08647514842,-45.5449463387
1.08620795996,-45.8891551077
1.08447959987,-45.6642788726
1.08447459544,-46.9159516446
1.08659386054,-45.88525043
1.09843498436,-71.2721740028
1.07844406308,-30.2433765632
1.08868860173,-47.9988527568
1.0833858204,-45.8468635908
1.08902961264,-47.1868597442
1.08781424367,-46.0355280269
1.08716463521,-47.6967404497
1.08198961526,-46.8436252186
1.09795293228,-72.3146111584
1.0756418233,-29.607438738
1.0943855616,-48.4925737223
1.0862988634,-46.1940267701
1.08753075552,-47.0960303599
1.08362227959,-46.0412078992
1.08719864145,-47.7144136701
1.08374663892,-45.248204139
1.09196627975,-71.9897416651
1.0796246817,-29.3111738714
1.0896510613,-49.4166567173
1.08610994454,-44.6167764071
1.08321246597,-47.6696626527
1.08477645095,-44.9787354368
1.087633114,-46.852470045
1.08473636516,-44.0207678176
1.09803122831,-72.501381875
1.08302174927,-29.0623010873
1.08734013542,-48.4286226351
1.08541492218,-45.723236608
1.08299730773,-47.7196757015
1.08579142883,-45.8531027665
1.08518416397,-46.3139820582
1.08733885071,-45.4028614192
1.09698061543,-72.2133952377
1.07693860518,-30.7918276924
1.08732042428,-48.3642035289
1.08314529967,-45.1885752516
1.08209460302,-45.451666197
1.08263864209,-45.9664917405
1.08839580815,-46.1591112912
1.08772879294,-45.1141230755
1.09428268089,-72.7880821046
1.07622392113,-30.6980233391
1.08719158205,-48.2100224893
1.08046101186,-46.1153480355
1.08509022776,-47.5739762429
1.08135522059,-44.8799209159
1.08532209637,-47.9714725829
1.08219905356,-46.784880762
1.09725199172,-72.2883073231
1.07807421114,-29.5784282639
1.08663828708,-48.8647245075
1.08560685457,-45.6640596143
1.08519994868,-46.2052989313
1.08677809502,-46.5471177103
1.08663415815,-46.4684317831
1.08303400296,-45.7082396232
1.09249764948,-71.9597018459
1.07864067043,-31.0598555966
1.08827189782,-48.496378194
1.08698381735,-46.7291078341
1.08756119675,-48.0886266807
1.07946634518,-47.2802585117
1.0843485916,-47.4045586975
1.08581745522,-46.3176775174
1.09892050804,-71.6626982468
1.08357527304,-30.0794062713
1.08761391584,-49.4215326847
1.08175827647,-44.9022763707
1.08474214214,-46.1101191998
1.08482241081,-45.9343867474
1.08680640533,-47.7320738134
1.0877274264,-44.9195089801
1.0959647064,-73.1817820441
1.07927562702,-29.6417825663
1.08866220184,-48.4530319485
1.08631363963,-46.3081388536
1.09207042781,-46.8601166086
1.08659725548,-46.6362915992
1.08940200764,-46.6155644615
1.08671580554,-47.3544519029
1.09783841547,-73.3536117237
1.07801512531,-31.9419909586
1.08695322469,-48.3533403368
1.08569867153,-46.2324261044
1.09073087976,-46.1903631915
1.08575909021,-46.2613959779
1.08451061234,-47.3462270761
1.08761457334,-46.2190655366
1.09759214939,-71.9258131558
1.0783315469,-31.4752737068
1.08927154556,-47.5206907585
1.08463121963,-46.8778180995
1.08597157282,-46.6173454453
1.08274101205,-44.5918255272
1.08474285697,-47.3912333183
1.08646813247,-45.4766883024
1.09447013176,-73.0443363684
1.07807627213,-30.4749634139
1.09130839592,-47.5649390465
1.08813836603,-46.2238567855
1.08679959872,-46.3423697898
1.08398822697,-46.4087313343
1.08539235585,-46.810232438
1.08183681829,-45.1574433854
1.09255132983,-72.4463646016
1.08151793588,-30.4036030737
1.08570827528,-48.5072522306
1.08440698331,-47.1416419762
1.08785069588,-46.9245610714
1.08626347244,-46.2793977604
1.08630674983,-48.272890232
1.0825551715,-45.9853795392
1.09489961817,-72.2084001178
1.08256435069,-29.3665040774
1.08859132085,-48.3301665669
1.08336579472,-46.4978376166
1.08510825537,-46.302164247
1.08378386345,-45.4581611023
1.09430384273,-47.8852550054
1.08387583564,-46.1964040264
1.09479166795,-71.3785581186
1.07575577155,-30.182235925
1.08452720331,-48.0191793927
1.08479443512,-46.3351726718
1.0842127563,-46.4742280491
1.08573937712,-46.3585946607
1.08326698576,-47.4141121399
1.08747326728,-45.753966004
1.09744915747,-72.5315821872
1.07931682059,-30.1925853086
1.08316232435,-48.1245516365
1.08275115951,-47.4749301967
1.08242463323,-46.8289718598
1.08446664471,-46.0446927886
1.08355307626,-47.8802255927
1.08663481665,-46.5834037031
1.09120239358,-72.6763429609
1.07775677659,-31.6768533879
1.08737748091,-49.2674241388
1.08293563831,-44.5585869811
1.08678761159,-46.8587681172
1.08392588416,-46.3059351354
1.08284094391,-47.4913845028
1.08311258607,-47.2068679171
1.09299293419,-71.9370383578
1.07781157042,-31.2411989159
1.08698240987,-49.1227305856
1.08486652994,-46.7612528742
1.08438346884,-46.1295835407
1.08273468663,-46.519399795
1.08813948878,-47.3751372082
1.08532689065,-45.937390156
1.09358498522,-73.8489853922
1.07889476566,-30.2055124086
1.08655218579,-48.8879950827
1.08088403793,-46.0178910936
1.08706584678,-47.5043257837
1.08500448159,-46.8267131721
1.08438693954,-47.2226076094
1.08442568873,-46.6089660144
1.09523601379,-72.325749141
1.08313153188,-30.5621719915
1.08868454694,-48.8101009746
1.08388616173,-46.7395061735
1.0897062535,-47.8645979233
1.08505919384,-47.0586626051
1.0866739763,-48.1078182298
1.08491156369,-45.5613715576
1.09811051316,-72.3775728267
1.08356915542,-31.6596481866
1.08894555435,-48.0113533437
1.08813234351,-46.6422053646
1.08713082139,-46.8174674178
1.08572679044,-46.4956224801
1.08638507726,-47.6417794279
1.08732753587,-45.6312612
1.09508398261,-72.7167908963
1.07793775052,-29.826310354
1.086849456,-48.8582641964
1.08591655777,-45.6715894109
1.08422927529,-47.6302970865
1.08454976372,-46.5992886507
1.08745447816,-47.7230603786
1.0890575246,-46.4491843036
1.09582602194,-71.7169290025
1.07802618127,-30.9861585323
1.09208231179,-48.1653120575
1.09067352393,-45.6713614079
1.08592911488,-47.1232814275
1.0864778704,-45.5819995431
1.08783046847,-47.3788130458
1.08721360662,-46.3531017804
1.09314038634,-73.4861551248
1.0780047671,-30.9095616196
1.08488223144,-49.2660667819
1.08169749766,-46.0142461175
1.08222786372,-47.6566590631
1.08063455487,-46.3251228504
1.08188409613,-47.90836266
1.08254718399,-46.2483968504
1.09138426093,-72.337010295
1.07340205991,-30.8872779172
1.0818491117,-49.3087320079
1.08404152485,-46.5851925633
1.08415075008,-47.5766319671
1.07883809964,-46.7382826513
1.08166385031,-47.7873493919
1.08240629983,-46.9017235526
1.08967194292,-72.9211350921
1.07469446604,-32.4961731212
1.09130971681,-49.4253735812
1.08797775961,-46.500506289
1.08738945913,-48.5620951508
1.08617135065,-46.489356552
1.08588197345,-49.2403688697
1.08133975054,-46.4950812917
1.09648301288,-74.6549501736
1.0785242438,-29.5292195804
1.08715558267,-51.3350222126
1.08008573417,-46.5892161949
1.08548600487,-49.0677454535
1.08452562001,-46.4109246262
1.08339573053,-49.2804852353
1.08431582083,-47.3742945585
1.09377472422,-74.9692385186
1.07707440497,-29.5083726363
1.0853330349,-51.7682853279
1.0850275493,-46.7457744541
1.08438186312,-50.6827769327
1.07946803408,-46.8124502373
1.08230803628,-49.9079870826
1.08882419916,-46.8425328892
1.09291808403,-76.2192187764
1.07578503196,-29.2441106431
1.08110905229,-51.5376891589
1.08395977436,-47.5133751438
1.08299194468,-49.4127343803
1.08124370961,-46.6218726511
1.08472300672,-49.880475899
1.08472930807,-46.7657572995
1.09194060393,-75.1931931502
1.07309932601,-29.9668044598
1.08253919736,-52.4045885875
1.08180643735,-47.4682508268
1.0811083983,-50.2881690598
1.08197801854,-48.2514390109
1.0810224764,-50.6542688693
1.08404686045,-47.7166726335
1.09300511379,-75.3321126144
1.08035911442,-30.3491349081
1.08459547848,-50.2430464551
1.08524184635,-46.6117039396
1.08268180985,-49.0405063691
1.0831036634,-47.4777793348
1.08397760187,-50.3839302539
1.08187921995,-47.9026430456
1.09010495574,-75.3322855438
1.07715003165,-29.6231810468
1.08571420999,-50.9419322155
1.08247503544,-46.8671268377
1.08709321152,-50.0725466522
1.07907285323,-46.79569404
1.08332546564,-51.1704915844
1.08093709703,-47.9917316351
1.092194969,-76.7826556499
1.07276162679,-29.7173407184
1.08126459718,-51.7288853184
1.07701232336,-46.7774133552
1.08579488574,-49.6010496785
1.08133997393,-46.6840533298
1.08426174597,-49.7221582951
1.07953982452,-46.7874136787
1.09045400966,-75.5796325703
1.07344470495,-28.8703166038
1.08570015483,-52.2660959174
1.08194685816,-46.4481997668
1.08695681921,-51.2910452613
1.07887490275,-47.0791660543
1.08118454193,-50.4266643634
1.08442325603,-47.1367627694
1.09235505864,-75.4395117516
1.07082699744,-28.8945336639
1.0851030086,-51.3136103858
1.08184074713,-47.8395803694
1.08340663756,-50.167561247
1.08319501134,-47.2956819952
1.08471615544,-50.9225186802
1.07909408643,-47.5185390246
1.08954375575,-77.0193717498
1.08230223681,-28.7448812199
1.08354991465,-52.2299438751
1.08163176375,-46.6872520391
1.08290008537,-50.5103014814
1.08255194367,-46.610137121
1.08125871439,-50.3004384805
1.0857217088,-46.4535683176
1.09069840161,-76.2466738511
1.07770493727,-30.1107433922
1.08351553409,-52.7447908799
1.08506542817,-47.5184819191
1.08487690025,-50.4512611303
1.08301277725,-46.9135847882
1.08449739516,-49.8781826851
1.08576097844,-48.2759801875
1.09485779606,-75.4915743928
1.07493799873,-29.499748222
1.08483891323,-51.8305384573
1.0835725872,-48.2225012778
1.0837740895,-49.9695123799
1.08051075798,-47.1458908116
1.08384311202,-50.8079909232
1.08414328997,-46.6760781342
1.09211624892,-76.0497881176
1.07886236423,-28.9913685447
1.08830454625,-51.6627234558
1.08210745555,-46.417288983
1.0834416809,-49.4460342143
1.08271813793,-47.8017202057
1.08985707049,-49.8587418336
1.07915725759,-48.3848947719
1.09521792608,-75.4550177205
1.07465026519,-30.3240308847
1.08878829666,-52.8506560691
1.08340914022,-47.6528233555
1.08431847648,-50.1592822448
1.08515521332,-46.9847658008
1.08358164428,-51.2031761111
1.08412689141,-46.8197566272
1.09414937381,-76.221233573
1.07551554601,-30.894181635
1.07917679812,-52.4601568638
1.08123575215,-46.7033103624
1.08839695261,-49.9547856005
1.08034894416,-46.7044574086
1.08335237962,-51.6576252318
1.08150751594,-47.5707488797
1.09511298912,-76.1984742496
1.07753791486,-29.718990262
1.08228141418,-52.2043588167
1.08232037401,-46.9244306837
1.08516711876,-50.0381249598
1.07540804025,-46.7523055871
1.08120104373,-51.1560307242
1.08190749697,-46.3963141888
1.09183266178,-75.6558325947
1.07356568985,-29.773663155
1.08356139155,-51.2995666388
1.07818360183,-47.5057075791
1.08530321476,-51.058762231
1.07514997312,-47.2319910184
1.08123542907,-50.0867421856
1.08250509208,-47.1442989183
1.09285017808,-75.4957824795
1.07259015541,-30.4121303818
1.08315873539,-52.2270557261
1.07977405447,-48.3500128854
1.07940399108,-50.6346587399
1.08539274634,-47.5928724282
1.08182225329,-50.9796271505
1.08020733608,-47.732093797
1.09058204509,-74.3258137868
1.07138359023,-31.202458315
1.08597912991,-51.2033730371
1.0807748844,-46.7960829118
1.08943016523,-49.4389639384
1.08094839588,-47.0641883869
1.081398633,-50.9242885135
1.07987783636,-47.554337829
1.08926666643,-74.773406739
1.07246167326,-29.8954421076
1.08517702293,-51.1532156494
1.07885962918,-47.1426096925
1.08205925227,-50.312173586
1.08109381729,-48.13785165
1.083507716,-51.0403571557
1.07769043719,-48.215727562
1.08907665524,-75.1607817532
1.07261707073,-30.1199575258
1.08446799341,-51.4669004253
1.08023391748,-47.5110229912
1.08253766071,-50.0291533294
1.07842478178,-48.1622176925
1.07848850606,-51.9967294155
1.07636097364,-46.7145221171
1.09056349484,-75.0264990516
1.07555910406,-29.9402856518
1.08325539908,-51.3626588776
1.08320046362,-47.0928025061
1.08107088334,-50.1740188186
1.07493149998,-47.8115033644
1.08343750242,-51.3712765485
1.08631739753,-47.8479375382
1.09409681527,-76.7845249468
1.07403224557,-30.8656152935
1.08195995,-52.4839403398
1.07974920218,-48.5557576005
1.08591519793,-49.5178447993
1.08167048521,-47.4672969591
1.08023345723,-49.7373403754
1.07967486503,-48.0179924395
1.09190549144,-76.2930301745
1.07966321719,-29.9318522988
1.08257747566,-51.8270510549
1.08008971507,-46.5524138791
1.0868802138,-49.5347176045
1.08256017213,-46.9022796283
1.08531563188,-51.5458431249
1.0817477293,-47.298649379
1.09188614539,-75.938464356
1.07520171339,-30.1267868695
1.0814190638,-52.6138727022
1.08346081231,-46.7142308801
1.08097289348,-50.9617429195
1.08086589969,-47.4893900368
1.08331468029,-49.4186854518
1.08179004865,-48.1174303842
1.09530063236,-75.1325008625
1.07735558407,-31.4298741459
1.08316529358,-52.2975600588
1.08008320336,-48.4628294402
1.08297792505,-50.2548397349
1.08048580533,-48.0902039863
1.08402153418,-51.2751954685
1.07975682616,-48.2196210755
1.09230841724,-75.7705700073
1.07671862333,-30.9136223776
1.08078786615,-51.7692588428
1.08327524668,-47.0786103776
1.08283072221,-50.3143628869
1.08340834536,-47.9704900434
1.08776653759,-51.6184135005
1.07997652762,-47.3017938234
1.08995084802,-76.7580869752
1.07482503667,-30.8640525628
1.08373681745,-51.8263072293
1.0789387862,-47.0269500303
1.08623542501,-50.5875500046
1.08156433898,-48.5564466767
1.08333402852,-50.5576349406
1.08331181636,-47.8030468254
1.09560366563,-76.267087951
1.07809590711,-31.6349986309
1.08524268104,-52.6938723704
1.08360170701,-47.3264144861
1.08602816405,-50.3786589386
1.08402025028,-47.3756015421
1.08313363741,-51.1536070639
1.08217684436,-46.0677734681
1.09016189881,-76.0280317173
1.07823858907,-29.9702286291
1.0812796333,-52.0184043021
1.08261158233,-47.0920066223
1.08229600878,-50.4173775996
1.08104189365,-48.3107833995
1.08519557359,-51.7291694212
1.08206283222,-47.2080072282
1.09313381956,-76.340635411
1.07743922793,-28.6858534564
1.08325175419,-51.4856164506
1.07823018051,-46.0780331371
1.0876238836,-50.6938596018
1.08455012157,-46.919345503
1.08112527715,-52.3110337903
1.08106826655,-47.822668622
1.09180553888,-76.3310269245
1.07998277653,-30.5764552844
1.08390960076,-52.2596108792
1.08298907161,-47.8448105163
1.08453581054,-51.204861602
1.08306459622,-47.9809413235
1.08172037202,-51.5021488462
1.08152994396,-47.8170526287
1.09341036239,-76.3395998335
1.07638781607,-29.9369444934
1.08807390366,-51.4395358737
1.07768917316,-47.5907510041
1.08153003923,-50.8208865874
1.07798844223,-47.6431679845
1.08282607618,-50.5109101439
1.08324156541,-48.5122634705
1.09094670932,-75.9636005335
1.07458858054,-32.154413398
1.07981514806,-52.5278046806
1.08316170354,-47.7469316702
1.08394605227,-50.6764072547
1.08433059401,-47.6386088492
1.08303282706,-51.267118258
1.08018805226,-47.3473479174
1.09107034808,-76.5645221465
1.07360849747,-31.1294565018
1.08203721671,-52.311720948
1.08145015632,-48.2635285875
1.0847712636,-50.0547195878
1.08232249301,-47.2712373452
1.08300438288,-51.9657453852
1.08108892389,-48.1634422588
1.09206757182,-76.940342398
1.07677465187,-30.0276198095
1.08788542847,-52.8370839208
1.08200856093,-47.7305111137
1.08191441384,-51.5346862142
1.07891176457,-48.3762688322
1.08014897687,-50.9275682193
1.07968884249,-49.2390679578
1.09136478971,-76.0430678234
1.07386887543,-31.7067567369
1.08661534394,-52.2290373468
1.08185046757,-47.6789682781
1.08598561659,-50.1095306375
1.07808460193,-49.0361032289
1.08394690575,-51.281136654
1.08382434193,-48.4105479132
1.09286379299,-76.7276186453
1.07653716242,-30.0593681099
1.08238356373,-51.9438634386
1.08348544492,-47.9821454134
1.08231671775,-50.8422657246
1.07993014638,-49.1731053153
1.08188310634,-50.8479462637
1.08114047181,-48.2825638401
1.09092401095,-76.4133299179
1.07349582793,-31.1217346389
1.08576911014,-52.8013697525
1.07714604699,-46.5243503456
1.08100987421,-50.0772981428
1.07985124416,-47.4475320333
1.08123221249,-50.6799308971
1.07954130123,-48.8821350323
1.09373838004,-76.5101663156
1.08039383118,-30.5234532701
1.08670890123,-53.643584002
1.07961183263,-48.1719249456
1.08167877988,-51.4593897228
1.07885322265,-48.2217389275
1.08530394789,-51.6557015808
1.07696728137,-47.7137946069
1.08767080819,-76.3479634263
1.07658440118,-30.7805939662
1.08423842236,-52.5257643597
1.08351547764,-48.2440431694
1.08434921734,-50.387573628
1.07975799447,-48.0954992291
1.08078483122,-51.3121212116
1.08001017857,-48.2686177214
1.09110762794,-76.3496177874
1.07557341645,-32.1100953268
1.0878346636,-52.977011602
1.08419046656,-48.6789081255
1.08463717057,-51.9676626736
1.0819974623,-48.4340176441
1.08938199798,-52.5856188996
1.08054841401,-46.5311702479
1.09127622129,-77.5959346095
1.07717186759,-30.6254588643
1.08640082013,-53.2453980984
1.07759052334,-48.4416517613
1.08064624201,-51.1592017676
1.08286737803,-48.7894002705
1.08561009135,-51.7897290861
1.0760157499,-49.2899459223
1.08821355075,-75.250551529
1.06978797568,-30.896653384
1.08274022677,-51.3208030458
1.08568386174,-46.6891135106
1.08063410983,-49.5954462242
1.08007797131,-47.8214133804
1.08331846962,-50.5684821633
1.07720848205,-48.6416842014
1.09511781547,-75.4850887912
1.07816095697,-31.2877837476
1.08278462666,-51.8968296501
1.07745770299,-48.5962439654
1.08604025856,-50.0264135145
1.07567026676,-47.5556878303
1.08176459706,-51.0614981125
1.08421212386,-48.6235948476
1.09197341919,-76.9045347146
1.07368712787,-31.5405553645
1.08250256735,-52.5828881215
1.07900676149,-48.5187778605
1.08573992605,-50.5035845616
1.07950081816,-47.9524544116
1.08249922646,-53.1467469029
1.08083000522,-49.0631207488
1.08858666678,-75.7720466105
1.07411942768,-30.3414767167
1.08418462175,-52.128835219
1.08002297548,-47.7691758873
1.08215856564,-50.3788253659
1.08032173669,-47.5473239855
1.0811547428,-52.1400544451
1.0838854317,-48.7461573605
1.0919608949,-76.3914513758
1.07510285355,-29.9160262596
1.08141140935,-52.9733731728
1.08205123188,-46.5287709767
1.08261827686,-50.6919584329
1.08451784537,-48.1691176756
1.08282330793,-51.5969390222
1.0784417672,-47.8084054851
1.09124693417,-75.8162866175
1.07430798864,-31.0191405334
1.08291875178,-53.5472687812
1.0797635727,-47.0471557473
1.08171223854,-52.289491861
1.07775456627,-47.0476818352
1.08017645778,-51.694620303
1.08028200196,-48.5656370038
1.08805237252,-76.8456691334
1.07278389927,-30.0366530435
1.08260447163,-52.5523377825
1.07629370429,-49.0367958371
1.08198586612,-51.0918145339
1.0787874311,-49.365462635
1.08906021596,-51.5804610784
1.08204700064,-47.9511770102
1.09183185965,-76.9085576513
1.07438719214,-31.0023304191
1.08626414924,-52.9861817274
1.08242333627,-48.1421666377
1.08153438799,-51.1090284157
1.0796785511,-49.3515559529
1.07687442745,-51.2701762798
1.07897528328,-48.7413562078
1.09012343146,-75.6934232787
1.07392339591,-30.6721559259
1.08088027834,-52.8986650431
1.07835666989,-48.913814591
1.0845756199,-50.1175408944
1.08340641252,-48.5696574083
1.08221546554,-51.3939801986
1.07716452628,-47.3953468845
1.09430820978,-77.2313010208
1.07228144761,-29.9825253495
1.08450964656,-52.6076085725
1.0836085448,-47.8961940603
1.0869298926,-50.2598125778
1.07953132044,-48.6957337808
1.08612657413,-50.9300814651
1.08289742633,-48.7970425283
1.09596098884,-76.5593928997
1.07196716991,-31.3725771092
1.08287592704,-53.6644800377
1.07725947173,-48.4441655715
1.08135032455,-50.4129565697
1.07913037625,-49.2348428551
1.07940376798,-50.8940187495
1.07669263108,-48.4182937437
1.08858869555,-76.326733303
1.07270862732,-29.7969562593
1.08001507888,-52.2964586304
1.07554026949,-48.7489878352
1.07979210403,-50.8884325116
1.08294105114,-47.7756930505
1.08029954019,-51.7880566816
1.08318158713,-47.8960734432
1.09214073756,-76.5643677756
1.07812037735,-31.2770512106
1.08287205967,-52.1916801653
1.07633525877,-47.9355042479
1.08180953189,-50.993255719
1.08189046005,-49.4377313272
1.08272103639,-51.3947867335
1.08216020907,-49.8226394999
1.091279356,-77.6421613989
1.07208020229,-32.3663957172
1.07998905691,-52.1035401487
1.08144971389,-48.6158432216
1.08216180199,-51.3019938472
1.08111250118,-48.8891097023
1.08148958194,-51.2447250586
1.08268525587,-49.0114206489
1.08611138885,-76.6744792756
1.07234516889,-31.366210987
1.08658272623,-52.4836360576
1.07620798564,-48.1749000264
1.07901467119,-51.2346266671
1.08319488296,-49.7491949831
1.08547524107,-51.5197797619
1.08016702733,-50.4765803234
1.09210325991,-76.2452519921
1.07909114155,-30.7340716433
1.08374017479,-52.7498306711
1.0800867052,-48.6713516344
1.07830979482,-51.7345410405
1.07744737892,-48.4254229149
1.07986013262,-51.1462466965
1.07873090198,-49.2088601344
1.09050149117,-77.617784876
1.07416123037,-31.553181566
1.08193613783,-53.0262890004
1.08184228322,-47.9219646754
1.07688796222,-51.6926955882
1.07519371457,-48.8996351684
1.08160463672,-52.232413799
1.08079898582,-48.4923127527
1.0916181702,-77.0872632424
1.07318596849,-31.2335749891
1.08056635894,-53.8932287332
1.08622259315,-47.1353645239
1.08151340981,-51.3313516909
1.07978839098,-47.2963624466
1.08313460592,-52.2254738058
1.07682023971,-48.8102432331
1.08810067694,-76.7505433543
1.07043807626,-31.5251239732
1.08154362763,-52.6611962843
1.08194934419,-48.4167827504
1.0799345384,-51.1913074586
1.08062838107,-49.0054831583
1.07793064812,-51.7398412301
1.08003650122,-48.6352930086
1.08629763042,-77.3520853877
1.07715023372,-30.0396698125
1.08082631076,-52.5517454877
1.07636055874,-48.2997490049
1.08239233795,-51.8432728037
1.07942347513,-48.3778522023
1.08210020816,-51.9620058005
1.0792287059,-47.7532621278
1.09725377969,-76.9710558191
1.07418826884,-31.7861882109
1.08061166443,-52.7694569577
1.07773528571,-48.0062078063
1.08116767405,-50.7671960866
1.07793966682,-48.4111104256
1.08042995492,-51.7380913501
1.08025086289,-49.1021997107
1.08744346494,-77.0187948455
1.07407440314,-30.1864474703
1.08281141675,-52.3130122614
1.0791668791,-47.7525219149
1.08218245935,-51.0532742416
1.07680098782,-48.1902080135
1.08197461357,-50.8961811562
1.08979043766,-48.1624814008
1.09170392894,-76.8163469864
1.07234863148,-31.4113955299
1.07856517227,-53.4252612712
1.07939163415,-49.5342574682
1.08125109643,-51.0460320762
1.07530934398,-50.1486054865
1.08183974242,-52.3693986752
1.07800980267,-49.9534627364
1.08994424675,-76.6891434817
1.07419794023,-32.7567631315
1.07995704506,-53.6034750545
1.0773336814,-48.4772747131
1.08101475338,-51.6763996564
1.07558191768,-48.6460457433
1.07882002609,-51.476101808
1.0781009798,-49.2814940039
1.09365667804,-77.4082296363
1.07491982299,-32.459509239
1.08294469799,-52.9173101617
1.07785891205,-48.8459221158
1.07905767525,-52.3760330451
1.07670212301,-49.567976736
1.07802232703,-51.929518166
1.08031501187,-48.3805243311
1.09054736566,-77.062639321
1.07042755748,-31.4848452457
1.08239307705,-53.3252843361
1.08093040922,-48.7796863617
1.07921154,-51.8361819109
1.07795684189,-49.5301173529
1.08285464478,-51.7232928237
1.08006067206,-48.249974779
1.0872841245,-76.9230759611
1.07213947395,-31.9984932544
1.08007867375,-53.7077431419
1.07397903061,-48.9745725377
1.083942675,-51.1213935991
1.0732635062,-49.4548180208
1.07711302949,-51.5251927799
1.07778050442,-49.3616225795
1.09181837499,-76.3189241755
1.07255093023,-30.8576233698
1.07974805073,-52.0142070751
1.07578574665,-49.2417882231
1.08453722223,-51.5207409784
1.07878516596,-49.9480047795
1.08097022538,-50.7452448267
1.0791515981,-49.8659052759
1.088225394,-77.17900648
1.0760877664,-32.7121077934
1.08613236534,-53.4170725753
1.07658429408,-48.3391625226
1.07828063904,-51.3647999857
1.07821963524,-49.0647919395
1.08008745106,-51.558859022
1.07711774777,-48.4551623495
1.08830852919,-78.0629864523
1.07195020081,-31.6635291153
1.07965983102,-53.4872964753
1.07434541852,-49.6456991587
1.07759276104,-51.7177805246
1.07879383033,-47.6362115107
1.07731930722,-51.7981210006
1.08110352568,-47.7563471808
1.0913520467,-76.014894896
1.07253793037,-31.4312828634
1.08208069531,-53.8976798077
1.07692104106,-48.99963126
1.07764891868,-51.7165234585
1.07783198101,-49.5103965338
1.08116154841,-52.0180696746
1.07896090365,-48.8604279225
1.08992477443,-77.3819112364
1.07571038482,-32.22729829
1.08268793596,-52.367949124
1.07562672187,-48.9163676937
1.07941092365,-51.1476970921
1.07985197901,-48.4958075058
1.07763888433,-52.4261251593
1.0802350575,-48.5641163559
1.08730631183,-76.7277158433
1.07104381226,-31.1789378767
1.07867515044,-53.4753809152
1.07513511737,-48.5890860178
1.08057677043,-52.6644704652
1.07873877193,-49.5344105306
1.08407016299,-51.5350309945
1.07518338651,-48.7112937589
1.088329048,-77.8165153326
1.07465017399,-31.5124977267
1.07541555626,-53.759503214
1.0816252017,-48.4931646852
1.07968120039,-51.7629959077
1.07371143619,-49.6033794165
1.07892588813,-51.8696287481
1.0746007438,-48.7874839772
1.08740934502,-76.9054551567
1.07157710615,-31.3835055805
1.0769958653,-53.5549800231
1.07933946894,-48.7555251317
1.08036607462,-52.1341461583
1.07982331829,-48.2356190265
1.07547881647,-53.0399291386
1.07945922541,-48.6916581
1.09272872038,-77.5961939679
1.06882862148,-31.5331680382
1.07507248154,-53.76749227
1.07242050539,-48.3573340067
1.07870825884,-51.0085568944
1.0730631702,-48.8253627023
1.07443426615,-52.5111788378
1.0781991292,-49.6853757425
1.08737427716,-77.5874552099
1.06932375723,-31.3781380921
1.07659370645,-53.7405645879
1.07424378165,-48.1439278225
1.07707260341,-50.8041182351
1.07175452877,-48.0774053234
1.0768529479,-51.9799787266
1.07819629161,-49.2590990965
1.08553265686,-75.9762702048
1.07115705029,-31.5301737093
1.08038069848,-52.9294644189
1.07329184533,-48.1961202273
1.07432969604,-50.4275318887
1.07785953179,-49.5306340128
1.07782002012,-51.3821333624
1.07554114165,-48.9490423429
1.08868522489,-76.703961619
1.07033490646,-32.32081087
1.078682204,-52.9208943899
1.07565783054,-49.0902306612
1.08016635933,-51.8142818001
1.07270252334,-49.6031720497
1.0784734189,-53.0916104104
1.07529513901,-49.298936764
1.0871943743,-76.8992457315
1.06513912073,-31.6568262289
1.07710556263,-52.8549099529
1.07276348572,-49.0787347472
1.07622793457,-52.3628051735
1.071242374,-47.5721034981
1.07628280062,-52.4898623908
1.07359926307,-48.9382132857
1.08609243773,-76.7051425909
1.0700430482,-30.9208137966
1.07873917251,-53.3355057995
1.077016558,-48.9450389009
1.07558147968,-51.2829347282
1.07361783307,-49.6280911722
1.08107353739,-52.2303230287
1.07493642302,-49.5809896674
1.08702800915,-76.5335100992
1.06536399104,-31.620341729
1.07541739194,-53.1347941057
1.07260264577,-48.8927345552
1.07456013743,-52.6240232825
1.07459149987,-48.7308528326
1.07493554952,-51.9061996665
1.07287462282,-47.8486161501
1.08618837995,-76.8548118526
1.07212951879,-31.1589133585
1.08236140147,-53.3602760481
1.07200570952,-48.8935571975
1.07945804883,-51.3680328808
1.07763801522,-49.4901926253
1.07764165206,-52.5867755361
1.07111376285,-50.6264022683
1.08918425018,-76.980032592
1.06803819054,-32.246176269
1.07382351072,-53.4890373861
1.07542201939,-49.1366181482
1.07463857231,-52.6463010866
1.0750283474,-49.8499944406
1.07891522312,-52.643998214
1.07537022899,-49.6309399946
1.08815760827,-77.3297243111
1.06976405828,-32.5661615136
1.07612461378,-53.4130164801
1.07810814407,-49.3987025078
1.07544702842,-51.8752126055
1.07601572746,-50.411133271
1.07293070909,-53.1525047383
1.07743982862,-49.6268122529
1.08481278307,-77.1952688397
1.07070291433,-32.1281616575
1.07365925389,-53.7049746886
1.07617098429,-49.6392615787
1.07233973055,-51.2332779426
1.0759105187,-49.0791869576
1.07719868954,-52.5743365876
1.07686358356,-48.8440888353
1.09067043061,-77.0885586149
1.06576291544,-32.5215608727
1.07623520787,-53.4358009341
1.07319046845,-50.0509356005
1.07679513233,-51.8891018161
1.06965393393,-50.2221453786
1.0808719645,-51.7369277256
1.07403842136,-47.9235501798
1.08840123829,-77.478102091
1.06771274043,-30.9151757382
1.07496205805,-53.538030309
1.07472145098,-48.2331469137
1.07272502446,-52.6645354395
1.07286829986,-49.0654746643
1.07543924964,-53.0770024209
1.07314182942,-50.1514565601
1.08641795366,-76.6285673062
1.0679209886,-32.8293346574
1.07729651438,-52.6668583672
1.0738307084,-49.1548109001
1.07644313593,-51.9295930465
1.06990678779,-49.9658414645
1.07632048103,-51.9478106259
1.07235279571,-49.5719430724
1.08612290595,-76.8542633643
1.06412600194,-31.0651404604
1.08254315091,-52.6025667145
1.075989959,-48.5668458042
1.0735608357,-51.1952240144
1.07001722261,-49.3921144402
1.08060248496,-51.5215146855
1.07106407026,-49.2161537553
1.08462020518,-77.6123018911
1.06713100254,-32.3156186083
1.07613006265,-53.4024449312
1.07309814725,-48.5927260047
1.07604357036,-52.4319950876
1.07415803246,-49.3949708334
1.07977831498,-52.0411162718
1.07453880324,-50.2199186628
1.08621348686,-77.1429590504
1.06800143774,-31.6178508407
1.07455628967,-54.081866022
1.07487030197,-47.4695198583
1.07172960618,-51.4360409333
1.06959846671,-49.0935582217
1.07220992475,-52.487360655
1.07084403504,-50.2653102666
1.08808352723,-77.9876727869
1.06791297546,-32.012503132
1.0746339541,-54.1431665525
1.07358235799,-49.0293219884
1.07671691226,-52.6599512748
1.07364179818,-49.944989913
1.0737579776,-52.2887232724
1.0722580884,-48.5377461498
1.08268910376,-77.8699523877
1.06683381283,-32.596385208
1.07905484243,-53.6203343503
1.06859412643,-48.4895734026
1.07498440658,-52.0183788121
1.07330521258,-49.0640123756
1.07205901228,-52.4912764963
1.07036592709,-49.2315165599
1.07988713016,-77.0706546606
1.06532621849,-32.1756601728
1.07599559331,-55.0464801411
1.07299403261,-50.2124532827
1.07128949723,-51.4081883937
1.07176230473,-49.6423393076
1.07683546534,-52.0230238463
1.07281555074,-49.446543116
1.08841500384,-77.1856774878
1.06929692443,-31.9446668862
1.07617344708,-54.0938778887
1.0710289567,-48.9135339663
1.07519591235,-51.2122647498
1.07463148921,-48.3215441289
1.07459318473,-52.6859695483
1.07066500654,-49.3231613322
1.0903795743,-77.3479012269
1.06336193388,-32.9830864135
1.07270894843,-54.3650302209
1.07256971878,-49.9844148743
1.07930068747,-53.1679604174
1.06918572128,-49.3130353251
1.07454386468,-52.7986055733
1.07421526129,-48.4486951823
1.0851630653,-77.9507239241
1.06424139775,-31.9208464543
1.07268590949,-54.0743022441
1.06998146815,-50.0151676012
1.07377403358,-51.4671608322
1.07190319632,-49.2452662547
1.07196595386,-51.8463896914
1.07213976557,-49.4296494803
1.08216413589,-77.0402827948
1.06355389903,-32.8160722854
1.07222742829,-54.4061667666
1.06730522314,-48.9831880838
1.0749087842,-52.2227506847
1.06916251181,-49.6799295552
1.07467507226,-51.4228369989
1.07070807194,-50.3860140939
1.0821203524,-77.473266936
1.06829440561,-33.1736030994
1.07701579472,-54.1645602328
1.07155321996,-49.0187553802
1.07298324289,-51.4705615094
1.07571750854,-48.254733285
1.07079623367,-51.7670192345
1.07431784006,-49.9541378547
1.08530273259,-76.3184539779
1.06742552413,-32.1684713006
1.07214429335,-53.3480494905
1.07376960056,-48.7442230512
1.0746658684,-52.2827470574
1.07129565621,-51.4122087571
1.07562153705,-52.7642567694
1.06919379554,-49.6216306112
1.07904555601,-76.9487377521
1.06831350338,-32.5707061087
1.07549488183,-53.9116768546
1.07100867184,-48.9318683383
1.07396300112,-52.290375048
1.06972679141,-50.1085415422
1.07505559815,-52.1022745122
1.0701541805,-50.0241290287
1.08279541804,-77.011449673
1.0636086976,-32.6522235411
1.07340885126,-53.9366170573
1.06963217851,-49.4129700531
1.07444963842,-52.0711615559
1.07023752393,-50.5206387413
1.06837295594,-53.0907448878
1.07135655159,-49.3063408529
1.08241167184,-77.6854498658
1.06592355431,-32.3902441421
1.0732689617,-54.5615177498
1.06937365594,-49.3753834821
1.07426860374,-52.6198649579
1.07000751919,-49.5409173345
1.07256018168,-53.3372276972
1.07078019599,-50.0326991287
1.0817829732,-77.6806231906
1.07021408322,-32.3614229291
1.07170974606,-54.558437252
1.06959120831,-50.0646820426
1.07184605638,-52.4564050649
1.07145738369,-50.2630777386
1.07380148854,-52.7312898429
1.0742485993,-50.1117259895
1.08133632517,-77.2683114382
1.06195415923,-32.740202463
1.0768253049,-54.7634983387
1.07200008058,-48.8455351661
1.07013345494,-51.3416811666
1.07196532388,-50.1960359059
1.07458630899,-52.8812803115
1.07271074293,-51.1013036795
1.08034911891,-78.6733233279
1.07227144225,-32.5294530455
1.07169957559,-53.8170620444
1.06939313536,-50.2298971886
1.07112201467,-51.9729488994
1.06730381991,-50.5538157095
1.07024180769,-53.1077457174
1.06886798764,-49.5604999548
1.08044806844,-78.040605086
1.06806198905,-33.779692882
1.06964514846,-54.039782317
1.0679900111,-48.9613508127
1.06917296766,-52.6821215692
1.06795644081,-48.5706773612
1.07177106713,-52.6384536222
1.07030248764,-49.8986743572
1.08011144312,-77.1559325707
1.06482022509,-32.3352092606
1.07563428717,-54.2145912445
1.07584336316,-50.5460375588
1.07124537291,-52.4446146865
1.0689093807,-50.0164907511
1.07226623165,-52.141870702
1.06806728334,-50.2321434507
1.08502874126,-78.3466633971
1.06426238354,-32.2290095811
1.06908034094,-53.4582653698
1.07464147835,-48.5932068727
1.06783046382,-51.929729688
1.07227629589,-49.4567738889
1.0706103446,-52.8614346977
1.06722476875,-50.2958649769
1.07944617891,-77.9620323146
1.06196321393,-33.2203824235
1.07070692491,-54.0242682783
1.07409584157,-50.3164843024
1.07735511455,-51.8649961097
1.0738992483,-50.5764190692
1.07035929361,-52.1182877348
1.07437681795,-50.0977937562
1.08225738511,-76.4611265241
1.06532734648,-31.9985559431
1.07210688012,-54.4988478286
1.06859413985,-49.5889598259
1.06770355972,-52.6364290601
1.0710684542,-49.5650233841
1.07139870905,-52.673956578
1.06805006691,-49.0095010671
1.08185559823,-77.3377795783
1.06376349779,-32.3604140551
1.07163832907,-54.2923393299
1.07074532885,-50.2490781903
1.06988836794,-53.3019289677
1.07513430547,-50.48131307
1.07510539016,-53.2376086355
1.07465196014,-49.1397619852
1.08285422224,-78.2365930207
1.06114144929,-33.0409356314
1.07141258698,-53.8701019541
1.0728294506,-48.818978313
1.07468906916,-52.120282323
1.0683668968,-49.8272361803
1.07385448913,-53.3390314715
1.06956528675,-50.6582175383
1.08243939897,-77.2279621389
1.06392481324,-32.3197273017
1.07215340924,-54.7286798779
1.06990569811,-50.2964343453
1.07169573795,-52.8640591926
1.07379923482,-50.7615532598
1.07298887817,-53.3011907995
1.0738624524,-50.315278523
1.08255031267,-77.578730086
1.0691004386,-32.79698432
1.07541214209,-54.2872189957
1.06974513582,-49.6504153558
1.06959375217,-52.3233442175
1.07022468633,-50.1019152784
1.07561584726,-52.3562752361
1.07030041453,-49.86840709
1.07916438075,-77.4964686793
1.06289972387,-32.1144405574
1.07231266574,-54.6336568544
1.0730430216,-49.3726910837
1.06961592902,-52.8815775977
1.06938457023,-48.7744726752
1.07159638316,-53.2475737873
1.06999553886,-50.4041955998
1.08632399519,-77.426180061
1.06331480926,-32.7691686324
1.07350144279,-54.0703793618
1.07019778906,-49.4695193397
1.07225597096,-53.2803756873
1.07362673384,-50.389061947
1.06722253646,-52.8624251087
1.07100731067,-50.0702637556
1.07916538533,-77.8070734236
1.06349065807,-32.819952269
1.07030663139,-54.9909029863
1.07007488736,-49.1811307563
1.0746844499,-51.7996671367
1.06781409822,-50.6534121607
1.07410587106,-52.1457216012
1.0711180527,-50.9449060676
1.08528153869,-77.3926064719
1.0633915639,-32.9714849293
1.07749676158,-53.8822144409
1.07121521099,-49.148081714
1.07431060843,-52.0247101725
1.0688452593,-49.6707719613
1.06925120147,-53.6210757065
1.06894461236,-50.565400023
1.08354226065,-77.2509878031
1.06128885323,-32.9658690075
1.07174726958,-54.7664949435
1.06750255222,-49.7853318554
1.07281670446,-52.7206480922
1.06925584755,-51.0264670936
1.06950200487,-53.9317384817
1.06883266756,-50.776645434
1.08158956255,-77.6699736553
1.06372173264,-32.83018479
1.07336143713,-54.7978137216
1.0707071817,-50.3579746937
1.07667301576,-52.4989387022
1.07094107237,-51.6171732686
1.07222160201,-52.6753188362
1.07549026142,-50.3774746527
1.08302668971,-77.0819777388
1.0671687611,-33.2018049687
1.07400311098,-54.6878554618
1.07170389348,-49.2100096742
1.07567561872,-52.4416043771
1.07846456315,-50.4243177136
1.07714923703,-53.356497515
1.07602641468,-50.5145401193
1.08376680562,-78.2663175971
1.06723651218,-32.6401644742
1.07412593964,-55.8394439864
1.07448615477,-50.4900974025
1.07360909371,-53.052796927
1.0720537124,-50.5921036529
1.07628939198,-53.8456128349
1.07146825181,-50.0510711959
1.08260906494,-78.246977499
1.06501955159,-32.2922755453
1.07316665496,-54.8925683627
1.07416195167,-49.8695765786
1.07713398668,-53.4974007838
1.07175071417,-50.2625375499
1.07477913772,-52.9375239902
1.07345980844,-49.1519934622
1.081250288,-78.1403650913
1.06646670295,-32.2466834446
1.07587100774,-54.7935107628
1.07095212902,-50.8001962134
1.07600647929,-52.1307811631
1.07207701008,-51.3453250277
1.07158320531,-53.7435961132
1.07205533377,-50.4951346785
1.08682434926,-79.0919155637
1.06276234314,-33.3366643324
1.0733108264,-54.5425694724
1.07315203831,-49.5948048602
1.07320196601,-53.4634221293
1.06725331951,-49.7246331823
1.0714833017,-54.0811470093
1.07149553312,-49.7339503122
1.08546081932,-78.2275651548
1.06549913196,-32.9384247968
1.07404030546,-54.3548684928
1.07130606125,-50.2922343608
1.06865019922,-54.7006919613
1.06941907287,-49.7041694195
1.07947749533,-53.22766647
1.06966738355,-51.0619749721
1.08607924726,-78.8860455926
1.06691063273,-32.5429784693
1.07438919722,-54.5432881299
1.07348555951,-50.1231291801
1.07174706753,-54.5963026432
1.07277745773,-49.7120648435
1.07206764955,-54.5443518505
1.07430968759,-50.6108346527
1.08468538016,-78.5617495575
1.06551107931,-33.1429145863
1.07977926556,-54.7947028887
1.07092000757,-49.9536793205
1.07662212479,-53.578648371
1.0715371169,-50.1828639267
1.07766823081,-53.8201483203
1.07597832849,-50.3849462175
1.08871247104,-78.8373501976
1.06581612543,-34.2060917282
1.0797391552,-55.9056710311
1.07381663079,-50.0272066599
1.07650901247,-53.18248074
1.07592224155,-50.8586793822
1.0772492229,-53.1182337651
1.0726683556,-50.6633307344
1.08090821114,-78.3177020826
1.06760464098,-33.64213853
1.07626258585,-55.8597800523
1.07459509731,-50.1205491073
1.07432352721,-54.0911528407
1.07513467375,-50.7228312582
1.07371599294,-54.6756962962
1.07740307642,-51.7079708182
1.08304914473,-78.5365439227
1.07324152713,-33.5408182122
1.07735991285,-54.9291699874
1.07745124541,-49.6749764096
1.07459229876,-53.3831472658
1.07451302741,-49.8268970789
1.07615402683,-53.4999352176
1.07644939495,-49.7804095096
1.08478257199,-78.3418441091
1.06456959181,-34.5328859082
1.07614850356,-54.844790453
1.07860124382,-49.9207324152
1.07566261526,-53.3302734983
1.0748438449,-50.8380224809
1.073446034,-54.0570142725
1.07287510446,-51.949352034
1.0884351047,-78.7864606081
1.06726973568,-34.0754634154
1.07586678422,-54.1367288756
1.07097698985,-50.9520103501
1.07555627163,-52.9606160142
1.07447392205,-51.1627733098
1.07791970855,-52.6247375755
1.07462459147,-52.0319705116
1.08311578936,-77.5462975936
1.0717450028,-34.1941167605
1.07556529152,-55.6110540027
1.07309183189,-51.0792456569
1.07712008584,-52.0053275665
1.07015255745,-50.8965396494
1.07568583972,-53.3464253622
1.07698940404,-49.620762158
1.08217929908,-78.7011447452
1.0693499404,-33.8626295379
1.07533885603,-55.7661643843
1.07321969199,-50.512891507
1.07905364954,-53.6172006009
1.07058450554,-51.4842668506
1.07765157723,-53.8347402987
1.07501110218,-50.3935138295
1.0839778524,-77.8945956254
1.07057014011,-33.4553618941
1.07783838123,-55.1077401639
1.07603049716,-50.2420576061
1.07303112226,-53.8016519895
1.07998585171,-50.9948525457
1.07795709137,-54.1196458389
1.07686455263,-50.7859346155
1.08287957071,-79.2137856151
1.066294029,-33.7883939059
1.07797342533,-55.7807794948
1.07880669513,-50.7374395976
1.07593521346,-53.2311732149
1.07315174612,-51.8139538668
1.08033792258,-53.6619423432
1.07701794901,-50.434258782
1.08629277885,-78.5368549249
1.07004340429,-33.3120617007
1.0746741167,-54.7496927678
1.07604452569,-50.5848358415
1.07576079446,-53.4933026542
1.07515471569,-50.525742285
1.07393770397,-53.7556612109
1.07647648328,-51.1263794082
1.08684422482,-77.8603268651
1.06747230363,-34.011457173
1.07540250233,-55.419979722
1.07726056622,-50.7642923297
1.07789312456,-53.7454929049
1.07201867189,-51.0255520121
1.07633735295,-54.1289493807
1.0783690353,-51.3367362423
1.07950408651,-77.8732756123
1.0675838661,-33.2660972797
1.0747208459,-54.5600852972
1.0762556381,-51.1235576623
1.07566027472,-54.1496967973
1.07014860205,-51.8789201905
1.07715103383,-54.4963782172
1.07543631782,-51.0331658705
1.0862551876,-78.9839142458
1.06939382621,-33.9739020566
1.07557438549,-54.6695033109
1.07443806396,-50.6741624444
1.07529428527,-52.6827271977
1.07131808911,-50.6436031411
1.07710278006,-54.2061995969
1.07353101208,-50.4843098914
1.08376290685,-78.0176104925
1.0733759229,-33.3939315163
1.07735582877,-55.0532786819
1.07271651603,-51.3263124187
1.07550945022,-54.0550897027
1.07371484037,-50.9593294268
1.07835396131,-54.3447818065
1.07328567782,-50.8002170584
1.08993261395,-79.5422126209
1.06878107837,-33.8239037225
1.0802361687,-55.3042596236
1.07381849372,-50.7352247331
1.07372462709,-53.9822737566
1.07413934143,-50.9624125287
1.07571717092,-55.5646578404
1.07307686529,-51.4054038178
1.08997400568,-78.6068009472
1.0701122463,-34.6183536348
1.081061996,-56.1307048853
1.07569283384,-51.8522318255
1.07777095936,-52.765160243
1.07785730459,-50.6902177477
1.07863885496,-52.5464967489
1.0784781814,-51.7386583721
1.08695890475,-78.7513699694
1.07009792831,-34.7699783652
1.07759628638,-54.9616807573
1.07464089289,-50.3647050405
1.08240504314,-54.2574658734
1.07495849113,-50.9467615299
1.07908762434,-53.4788806922
1.07405223739,-50.8718634559
1.08690335989,-79.1061319678
1.06777735718,-33.2554039678
1.07670765839,-55.0650374944
1.0785149529,-50.4774452863
1.07745633218,-54.3890810615
1.07643993914,-51.0493229313
1.07294401252,-54.3393643269
1.07277757376,-51.7703828019
1.08706462284,-78.2061437093
1.06641443667,-33.23944331
1.07652143394,-54.7203745441
1.07447636133,-51.3400850983
1.0785683333,-52.6688571968
1.07349187464,-51.2260510222
1.07712915456,-54.6754021892
1.07545639222,-51.3440101185
1.08385842781,-80.0678781461
1.06803134029,-34.346300723
1.07416440663,-55.2741290119
1.07191136766,-52.1697289662
1.07868821024,-54.3353278714
1.07526133356,-51.5012804304
1.07832751817,-55.5715191383
1.07458176676,-51.4593943536
1.08369379311,-78.9269397717
1.06862811851,-34.2119296743
1.07633135207,-56.7547062612
1.07701057151,-50.77542909
1.07548456929,-55.1325446364
1.07819994305,-50.9772518261
1.07651464385,-53.9702804428
1.07803168825,-51.7951381529
1.08515730172,-78.9938293816
1.06895945651,-33.4550000057
1.07959714727,-55.534264352
1.07549538505,-51.6779992088
1.07786674426,-53.2379290219
1.07522361186,-51.8357194
1.07889959227,-54.1943387747
1.07598292832,-51.8325187459
1.08862375508,-78.9104608567
1.07305270423,-33.6232892707
1.07901620151,-55.5034337901
1.0784127807,-51.8297052372
1.0763685049,-53.0651853838
1.07615071666,-51.4410401523
1.07789912466,-54.5752113617
1.07540060223,-51.0392308705
1.08457361443,-78.2745548617
1.07156666158,-34.5230571591
1.08140331661,-54.9235723362
1.07534756712,-50.8212732896
1.08093457109,-53.4623735675
1.07878871261,-50.9861218901
1.07891534706,-52.8507550154
1.08011587488,-51.1056608929
1.09347937165,-79.1065017054
1.06832760664,-33.8307824353
1.07939648465,-55.429918243
1.0773657575,-51.4908457325
1.07759919797,-54.1202319201
1.07840273,-51.3202860574
1.07850264796,-54.7843506941
1.0800551796,-51.3510011684
1.0859715103,-80.0915339191
1.06663110387,-34.6983629535
1.07761725358,-55.3655904852
1.07551885475,-51.2879603173
1.08028614011,-53.1994371429
1.07211888717,-51.1630015617
1.07688383186,-52.8028256364
1.07770126245,-50.7845037524
1.08538841466,-78.8344183908
1.06942024039,-33.9232245752
1.0797442163,-55.9131127687
1.07620300759,-52.6324581585
1.07723291799,-53.30870239
1.07334408469,-51.6363739812
1.07756293312,-52.5019152185
1.07759300379,-51.3688925883
1.08754387872,-78.8261808504
1.07384474791,-33.6477404121
1.08087002716,-54.4448729692
1.07969942926,-52.1971389223
1.07582889191,-53.7902179516
1.07771922348,-51.3966388298
1.07837366287,-55.1140051119
1.07700862128,-51.5759498733
1.08734685191,-80.1818634241
1.06848929865,-34.107141671
1.07698762974,-55.3959505537
1.07455293156,-50.8942500685
1.07436707261,-53.3713455788
1.07674629436,-51.3907639749
1.07557401788,-55.3201706247
1.08483042713,-51.5729320535
1.08364986527,-79.5793291789
1.06984216266,-33.2728012067
1.07643590657,-56.3440771763
1.0743816888,-50.0332218337
1.07529341189,-53.4960527785
1.07683910926,-49.9316981022
1.08040822123,-55.0187718212
1.07459199502,-52.368024259
1.08339118314,-78.959050435
1.06875337189,-33.6656023585
1.07561278809,-56.2497871764
1.07482574926,-51.5737309556
1.08143485034,-53.111211488
1.07731873828,-51.4395700074
1.07560075976,-53.8800750334
1.07528647824,-51.8377088361
1.08644986753,-80.3972334218
1.06949052286,-33.1994499325
1.07674980928,-55.9943479695
1.07251190063,-51.4621889234
1.08031967793,-53.7973970951
1.07529606392,-50.9505556184
1.08218610511,-54.0308058294
1.07778037266,-51.3364267728
1.08949226081,-79.5597540942
1.07208847025,-33.7211715316
1.07644943394,-54.985372837
1.07641676092,-50.2651856955
1.07885347322,-54.778407857
1.07490934109,-52.9106303098
1.08153564967,-53.7109506629
1.07185980535,-51.2669276996
1.08965334928,-78.858079244
1.07014161069,-33.8267537313
1.07931909362,-57.1130307171
1.07692486069,-50.219455584
1.07715017932,-54.5847791128
1.07618420534,-50.6712251793
1.07673439465,-55.3686946768
1.07501178802,-51.3376859308
1.08533045408,-79.2977358605
1.0668752501,-34.129473702
1.08058510834,-56.4765481019
1.07154678324,-51.3566824969
1.07757900013,-55.3126370904
1.07238030882,-51.01053665
1.0819997111,-54.7705390899
1.07229729479,-51.8226768337
1.08622660295,-80.3974498834
1.06863410594,-33.6000464232
1.07841227344,-55.871885476
1.07469045667,-51.4170273744
1.07889585403,-54.564672199
1.07551414513,-52.5300855681
1.07818370568,-54.3021487404
1.07921352129,-51.0775992695
1.08836597186,-78.6171240006
1.06680852257,-33.4125557813
1.07612625959,-54.9535250903
1.07497187667,-51.5122871173
1.08124221444,-54.1587603928
1.07721615796,-51.1040998951
1.0744981521,-54.5042118305
1.07596986346,-51.609372898
1.08627014357,-78.827713263
1.07416723107,-33.5488532158
1.0780416686,-56.7505709803
1.0765191337,-50.7544844961
1.07984701743,-54.0745202451
1.07312298874,-51.9738759777
1.07755624491,-54.1605929734
1.07966489952,-51.1772470424
1.0906825614,-80.1102538268
1.07254686181,-33.7238981993
1.08263511035,-56.4754599057
1.07649941337,-50.8435742367
1.07966008627,-54.6361611608
1.07051249672,-51.6738613712
1.07803660613,-55.4924363968
1.07594332953,-52.2992285461
1.08439860279,-79.9700359849
1.067069451,-34.6731602718
1.07623075461,-56.0485303305
1.07502484829,-51.1603056278
1.07882095981,-54.2697281288
1.07424778967,-51.1692556325
1.07969967871,-54.6382021087
1.07799823954,-51.8559084898
1.08407263551,-79.4936357442
1.07032732745,-34.8250440523
1.07649391583,-56.5964889949
1.0770087073,-51.6289375023
1.07426746706,-54.7268404908
1.07590272875,-51.8859103655
1.07722528632,-54.9887711909
1.07682754336,-51.5582984993
1.08599582391,-79.7208184952
1.06382869799,-34.988748052
1.08106242691,-55.6328229602
1.07631562602,-52.2673984189
1.07270844416,-54.2170358753
1.07520086038,-52.0975889381
1.07577128993,-53.878684392
1.07541314043,-52.3860343263
1.087147251,-80.2292967748
1.06780297193,-34.6674032681
1.07787487645,-56.5710675995
1.07721389486,-50.7619854093
1.07816165735,-56.30277976
1.07417451778,-52.0570183785
1.07638694228,-55.62942475
1.07185680743,-51.5459262023
1.08510453459,-79.7726744241
1.06917299079,-33.7441644667
1.0762188996,-56.0310931643
1.07510475957,-50.5676871656
1.07780768173,-54.0937222323
1.07500466582,-50.5818177209
1.07463246002,-53.9637363175
1.07748208357,-51.3369708899
1.08666745777,-80.3844381126
1.06819648836,-33.7734056273
1.08119583456,-56.2866696421
1.07669573893,-51.6184090316
1.07536018331,-54.7843424792
1.07516816839,-52.5524328935
1.07540869555,-55.2756023888
1.08020666198,-53.2092292505
1.08375690441,-79.9746991461
1.0697146542,-34.6332742661
1.07079866263,-56.1211338126
1.07380977193,-51.9834169892
1.08035539036,-53.9941276056
1.07212483353,-52.0034482996
1.07639705751,-54.583311195
1.07624397493,-52.5479317414
1.08539415829,-80.4582774314
1.0668243974,-34.5341780452
1.07519921303,-55.8376281103
1.07503459981,-50.8104509803
1.08051050033,-53.232235797
1.07408956647,-51.1705999471
1.0773011533,-54.9301675449
1.07501495402,-51.8274682618
1.087551549,-80.3727787713
1.06746887192,-34.9453302805
1.07784384384,-57.1616221705
1.07318654143,-50.9124691556
1.07758436042,-54.0607807173
1.0748587935,-51.6855084625
1.07231202642,-55.0745039049
1.07349221497,-51.2884449248
1.08778474895,-80.5002216199
1.0711154052,-32.9113918913
1.07770890241,-56.4450293875
1.07654067585,-51.1163799584
1.07760849424,-54.7484956182
1.07395654397,-51.958966638
1.07866613086,-54.6421677089
1.0744429218,-52.3347414269
1.08358082834,-79.5343709756
1.06883830924,-34.9008891688
1.0761063422,-56.8675971797
1.07547390731,-51.5182832603
1.07674544936,-54.8495768797
1.07770803573,-51.7253536256
1.07650672002,-53.7383578789
1.07955061395,-51.0577074225
1.08841768212,-79.6096049023
1.06695514098,-33.488477061
1.07715082144,-56.2399656863
1.08151470365,-51.5406722045
1.07700305581,-53.9084157136
1.07627151129,-52.4927545763
1.07459779668,-55.3311798046
1.07794125288,-52.7248187328
1.08275155717,-80.072071746
1.07424189129,-34.4978578841
1.07769406079,-56.5455098063
1.07456375801,-51.5459164583
1.07661443356,-54.8678365735
1.07584692112,-52.43428077
1.07321783224,-55.3423670594
1.07566960513,-53.7792832623
1.09064472868,-79.7549641309
1.06846610843,-35.1533895611
1.0777431663,-55.9970517017
1.0741026208,-52.2505196098
1.07491112536,-54.7227558641
1.07300649602,-51.0736841547
1.07674791887,-55.2829757931
1.07687312866,-51.6159562739
1.08949502304,-79.6223681096
1.07358686047,-35.8716873208
1.08252133713,-56.8431982202
1.07854814668,-51.8892636522
1.07541803831,-53.5832515069
1.07724623106,-50.9893989834
1.07823032032,-54.8487357732
1.07921993747,-52.2456260447
1.0903700492,-80.6945741874
1.07078019106,-34.7463679042
1.07961010536,-56.3230322281
1.07870862979,-51.8627436089
1.07888790565,-54.6769415873
1.07535668124,-52.5493752309
1.07458617386,-55.1762426068
1.07556042602,-52.2007663038
1.0855073474,-79.1667999363
1.06838094019,-35.5266618651
1.07834063684,-55.9338539144
1.07323874559,-52.4640295779
1.07731428574,-54.4131713884
1.0746901872,-51.6325473317
1.07556291665,-53.6157788228
1.07623336361,-53.3107360367
1.08468956031,-79.504474597
1.07129569464,-35.3769705854
1.07678189926,-55.2696975706
1.07721254326,-50.8914914793
1.07887862522,-53.8463667787
1.07453680254,-51.787220087
1.0753873992,-54.7646423934
1.07803904061,-52.087398217
1.08783249792,-79.2845590873
1.06794199811,-35.21686418
1.07781633814,-56.0355061733
1.07652525517,-51.8505850404
1.07638088697,-54.6576916527
1.07407900957,-51.8899408757
1.07836762863,-55.36156769
1.0770840416,-52.3045353366
1.08453386073,-79.4791406441
1.06636495179,-35.2401306351
1.07956901193,-56.4167144408
1.07534905959,-51.609550801
1.07934226186,-54.7684875495
1.0730947592,-52.0385503725
1.07220060837,-55.897610958
1.07633054479,-52.2641046796
1.08649160994,-79.8378006372
1.07123733913,-35.9263562167
1.07549478832,-56.6968122774
1.0735167063,-52.1673891442
1.07554464182,-55.2488319838
1.0761668702,-52.8127211374
1.08110462044,-55.5333815103
1.07488864925,-52.9095634162
1.0850988587,-80.6283806413
1.07394688042,-35.7754153519
1.07781788696,-57.6408339867
1.07694294572,-52.1174564214
1.08149816501,-54.2905611603
1.07579087811,-52.054622813
1.07693988822,-55.3263894101
1.07858839016,-51.796993169
1.0850526317,-79.965447647
1.06939097083,-34.7002204635
1.07716015955,-57.0706832707
1.0727327481,-52.4976432438
1.07693122688,-54.8306765647
1.07319291862,-51.9356491274
1.07499316938,-55.6283489091
1.07904821948,-52.6776887651
1.08716228656,-80.2131589641
1.0713175538,-35.0692646706
1.07914651179,-56.2234055578
1.0760953483,-51.4635104766
1.07675028552,-55.074018523
1.07868744254,-51.442767599
1.0735731285,-56.0682133389
1.07852097027,-53.3503950156
1.08382225796,-80.1454073124
1.07333111388,-34.6230811216
1.07977926562,-56.7583052834
1.07705112146,-51.0773881678
1.07945966068,-54.2315121155
1.07761727361,-52.1294176892
1.07598415345,-55.5315571526
1.07636585215,-53.8875994378
1.08669914951,-80.2411865701
1.06993731887,-35.8268644766
1.08211239678,-56.4598769438
1.07558489938,-51.1196090839
1.07553828482,-55.4076649986
1.07812528145,-51.8815005968
1.07873717015,-56.0222614753
1.07851311439,-51.5377203056
1.08877972672,-79.4926063708
1.06569419724,-36.0603264799
1.08270748107,-56.1608464953
1.07905919334,-52.4351986315
1.07651379067,-55.4638447117
1.07382956535,-51.3255943533
1.07710858629,-56.5576047171
1.07531654165,-53.429898941
1.08642184161,-78.724813689
1.07139097879,-34.8508826665
1.08039790712,-56.3915627941
1.07930205299,-51.7821876123
1.0768334697,-54.3864072081
1.0709136436,-53.0543980453
1.0766734698,-55.2259275554
1.07804977475,-53.435409585
1.08428942279,-80.4881192798
1.069291468,-35.0023001876
1.07721643827,-55.9904797065
1.07363965181,-52.3442631133
1.07944440855,-55.0013632005
1.07736959828,-52.6245683658
1.07773874949,-55.6396789403
1.07953099762,-52.1346250609
1.08885751897,-80.2871976949
1.06979338601,-34.7741447186
1.08508125323,-55.6756498576
1.08066870641,-52.1693149875
1.07817166242,-54.284968008
1.07547363896,-51.3474629229
1.07743464824,-54.7967748675
1.07474668029,-53.8796271633
1.08821043659,-79.5009813804
1.06935014798,-34.9738659137
1.07842500168,-56.8822427217
1.07449562582,-52.1649068973
1.0786872884,-54.9220790829
1.07333971409,-52.0659221916
1.0773148248,-54.614772541
1.07486569042,-51.9345119901
1.08423078223,-79.8384737856
1.07355892463,-35.8861416629
1.07595598346,-57.0877777995
1.07584005158,-51.4263426525
1.07774557253,-54.7859563179
1.07824680495,-52.718969136
1.07565446238,-55.4319631426
1.07380474787,-53.2003083564
1.08949116316,-80.2414633992
1.0682291898,-35.1045204007
1.08044867769,-56.7276007283
1.07841967951,-52.7624728154
1.07838207216,-54.5427280285
1.07798121659,-50.9804364409
1.08249667357,-55.4093189892
1.08028785871,-51.8419597602
1.08631864278,-79.5841993341
1.06995957541,-34.5245584431
1.07733954967,-56.5671065759
1.07802247266,-51.0800261184
1.07705423638,-55.8512119879
1.08029699372,-51.8882515137
1.07527036792,-55.1216039245
1.07483626358,-52.329304655
1.08542512048,-79.0502486027
1.07431286759,-33.3715201833
1.07812440092,-56.7227365502
1.07688483866,-53.4179072684
1.07491094389,-54.0594060384
1.07671077389,-52.7674069103
1.07712392443,-54.8349477666
1.07298268251,-53.1233776121
1.08724687409,-79.9219040427
1.06973352041,-34.6369164258
1.07930888404,-57.8295725452
1.07891742276,-52.9160239725
1.08029131426,-55.311951562
1.08365315956,-52.8576786974
1.08152514664,-56.0631117277
1.0735768279,-53.3161395008
1.08885278564,-80.4779542081
1.07143227981,-36.2557092436
1.08204145153,-56.1900115077
1.07873514572,-53.2240199488
1.07689649908,-54.7722137594
1.07173203866,-52.8020309526
1.07531506542,-55.6482986
1.07940301622,-52.2177263898
1.0876979989,-80.3233405892
1.072750754,-34.2882202323
1.08323210331,-57.3826376848
1.07620833981,-52.4084655195
1.08147179236,-54.1561387892
1.07951307491,-53.2261651135
1.07962753628,-54.9958749645
1.07711584468,-52.3151602684
1.09056805464,-80.1701118932
1.07174046078,-35.4484294228
1.07940820527,-56.7011473502
1.079577581,-52.8300193779
1.0787099954,-54.4832135595
1.07281188552,-52.1525184455
1.07568425328,-55.5133513174
1.07710093019,-52.0002838221
1.08922966746,-80.4131437761
1.06608977997,-34.6724499226
1.07828467269,-56.1470495153
1.07699968474,-51.9709194015
1.07896405548,-53.7154283168
1.07649379725,-52.5113867787
1.07548097741,-55.7335329016
1.07683773343,-52.6000569821
1.09139272394,-80.658607926
1.06874924099,-33.9146778819
1.07793095075,-57.1419480333
1.07722386563,-50.9832653145
1.0801783835,-55.2516439444
1.0790843223,-51.9052803983
1.07728564289,-55.8760819348
1.07730347105,-52.2620715701
1.08465648909,-80.4660990171
1.06882735647,-35.3873133672
1.08102660576,-57.790591014
1.07446280145,-53.8650214012
1.08210677957,-55.7153864392
1.07303792715,-52.6065656736
1.07768107244,-56.1338107037
1.07775515697,-52.6567601759
1.08954436963,-79.8008689069
1.07276990148,-34.2910899358
1.07994438695,-56.6426270544
1.0755042622,-51.9995119309
1.08055422287,-54.1800739873
1.07786480541,-52.404398603
1.07648503072,-54.8544016639
1.07896834612,-53.8518494998
1.08597252936,-80.4270792518
1.06844523262,-35.751517516
1.08123719831,-57.3061903709
1.07694114221,-52.2450943851
1.08079545948,-56.6179404983
1.0776731921,-51.2803249038
1.07593751647,-55.0400682352
1.07709286231,-53.6465991825
1.08861195724,-80.859846972
1.06981559678,-34.8529443302
1.07839633244,-56.4111526333
1.07766546261,-52.3397714411
1.0786302232,-54.8496847666
1.08228375846,-51.7439813541
1.08061490336,-55.9464700447
1.07543220867,-52.6730474399
1.08722273631,-80.572415905
1.0713646089,-35.2455776587
1.07552910539,-57.407677662
1.07613044763,-51.3742344888
1.08011197537,-55.598658521
1.08062652183,-53.2353115461
1.08129655336,-55.5826248777
1.08011123026,-53.077976463
1.09074153298,-80.3019874554
1.07685628466,-34.0319818562
1.0825326671,-56.5946698987
1.07876834098,-51.5363254431
1.0816912822,-55.3586788227
1.07924642535,-52.6148801767
1.08215706013,-55.320958382
1.08236330564,-52.7234529922
1.09412927627,-81.0826109682
1.07224683148,-35.4515143557
1.08542261695,-56.5250257202
1.07959660497,-52.3566673512
1.08120386978,-55.9336411319
1.08049916622,-52.315923164
1.08626518981,-54.3994058794
1.08025583616,-53.4351558668
1.09369724503,-79.7743779892
1.07326386354,-34.0785587516
1.07960047209,-56.339876484
1.07781166156,-52.3683923484
1.0806337131,-55.5876044456
1.076805408,-53.3373118841
1.08020662126,-54.3293228185
1.07915726914,-53.6872447697
1.09101151876,-80.4815538505
1.0739799344,-35.4388098211
1.08196626533,-56.2240142571
1.0828864205,-52.8564693568
1.08295041824,-55.0841408154
1.07767601158,-53.3097499072
1.07851433446,-55.0321700596
1.07740577637,-52.7348200493
1.08962457832,-80.4767936654
1.07138884431,-35.5664041558
1.0815956752,-56.8917482204
1.08052106172,-52.3477896934
1.08283281621,-55.76865077
1.08215765256,-53.3519567882
1.0809099154,-55.6440496326
1.07699197922,-52.7360935287
1.08861197349,-80.000696499
1.07185996455,-35.4434758513
1.07928244529,-57.0733855212
1.07691437259,-52.8707728208
1.08085261779,-56.2823621216
1.07835191576,-53.9832939324
1.07777370527,-57.2563846028
1.08056325087,-53.1967738136
1.08885080553,-81.7201834409
1.07057454844,-33.5217416088
1.07874923801,-56.8311572743
1.08045335953,-51.0983262247
1.07862308433,-54.4634478406
1.07609126348,-52.5576092894
1.079381315,-55.6258046837
1.08015207033,-51.4929431189
1.09026800678,-79.6585608322
1.06890759984,-35.6727368355
1.07804701945,-57.27158489
1.08647473725,-52.3143187419
1.08225659978,-53.9444804678
1.07758466175,-52.3456558033
1.0813626209,-55.8367078497
1.08026626875,-51.770189181
1.08812089074,-80.9337991495
1.07284602984,-34.6078905234
1.08165735307,-56.598591056
1.08062511049,-52.7527713638
1.07912767793,-54.8648491454
1.07561702184,-53.2180994357
1.07903820858,-56.4785232484
1.07760110011,-52.1271169737
1.08699799962,-80.847561116
1.07415127111,-34.9747295628
1.08139786763,-57.4199899104
1.07689913177,-51.2054291829
1.0777064869,-56.0793322588
1.07563397926,-52.6379052493
1.08012940682,-56.0030437907
1.07766277,-53.3724126064
1.090631669,-80.1446116949
1.0706434714,-34.7293753593
1.07763348934,-57.1019401993
1.07625803861,-51.6719767367
1.07763458346,-55.0360451462
1.07909894651,-52.0280449474
1.0774898147,-55.5702722654
1.08001072917,-52.8025452952
1.09251398266,-79.8229704211
1.06994921994,-35.4289179763
1.08201988085,-56.426456682
1.07541167945,-52.1977449699
1.08136876247,-55.0314495524
1.07716349886,-51.9201195578
1.07505082115,-56.1938251891
1.0773081185,-51.3364331672
1.08907289664,-81.4631341855
1.07354257995,-33.9528126448
1.08044128292,-56.9868286473
1.07700313368,-52.2270448543
1.08223096435,-54.3696676123
1.07830870928,-51.9320744311
1.07443739422,-54.8881174336
1.07488804329,-53.1200334573
1.08956036225,-80.1462688233
1.07156693415,-35.3523463654
1.07847560845,-57.4248311465
1.07741020773,-52.2407090228
1.07942947509,-55.2327125082
1.07976011794,-52.1178462728
1.0748197802,-55.4378837491
1.07582250093,-52.097912929
1.08564156483,-80.6878449164
1.07195928481,-34.9473793719
1.07812698966,-56.0909157416
1.07734850682,-50.4737199989
1.08038316998,-55.8081886059
1.07590333677,-53.2300828233
1.08080865866,-55.9750833966
1.07754234976,-52.4750162832
1.09271958194,-80.3472301067
1.07260481325,-35.2384982667
1.07978238493,-56.9871417609
1.07983132407,-52.3599502622
1.07589903029,-55.782900681
1.07423631267,-52.3870109855
1.08163803861,-55.4007212784
1.0766759263,-52.7094725672
1.09077119459,-80.9270158647
1.0693483028,-35.4831519713
1.07746264663,-56.7103307558
1.07521186842,-51.5012922661
1.07729698679,-56.2518033233
1.07761413776,-52.1220326955
1.07981710284,-54.1247315071
1.07769652469,-52.5208106528
1.08631630111,-80.2502823418
1.07069482304,-35.2254839634
1.08160474807,-56.9887912475
1.073809956,-52.0847154349
1.07830473693,-55.0225863942
1.07739349284,-51.8296911263
1.08393630346,-54.9860466821
1.08356114776,-53.5674305441
1.09142273589,-80.173062524
1.07144804711,-35.3405235855
1.07813584692,-56.2726578729
1.07415085651,-52.1745515581
1.07566234214,-54.6845007491
1.08124973342,-52.9224939143
1.08230804228,-54.7135509421
1.07945492418,-51.6848027043
1.08741942603,-80.9378274095
1.07101059501,-35.0643799869
1.07909313544,-56.6932837777
1.07124562583,-53.2190750876
1.07968330219,-54.9536749315
1.07875101992,-52.2664416511
1.07937182271,-56.047493809
1.07698831908,-52.4914186978
1.08856182601,-80.0057289126
1.07445339388,-35.0829711137
1.07968122815,-56.3094818673
1.07559693264,-53.6419148215
1.08243748532,-55.1328896024
1.07418100758,-51.2272630768
1.08410714897,-55.1234265456
1.07721859481,-53.4625923319
1.08894390461,-79.6419176806
1.07194931399,-35.2508623552
1.08421338065,-55.9282670328
1.07853223049,-51.8541237587
1.08172237869,-55.1857817445
1.08068237126,-52.1573165473
1.07554981111,-55.2001324331
1.07837396888,-53.1536584486
1.09262700059,-80.0437340072
1.07353853286,-34.942874585
1.07928130642,-57.3659214321
1.07496995714,-51.8740731785
1.07583881168,-55.8541961182
1.07520683609,-51.6746708469
1.07936996545,-55.3749949796
1.07960485105,-52.6308708056
1.08731544315,-80.7350800397
1.07002976886,-35.288554425
1.07920076506,-57.0910322469
1.07598182942,-52.8248685138
1.07780487926,-54.8131261263
1.07775168176,-51.9077010366
1.07868677608,-55.043456891
1.07757647218,-52.4036385283
1.08863761515,-80.7574036941
1.06430698716,-35.3898031189
1.0809062909,-56.5781125494
1.08111520361,-52.089275116
1.07702574607,-54.7378183719
1.07994877978,-52.0010267742
1.07718901834,-54.7793463583
1.07921293594,-52.696791454
1.08971438554,-79.0369999385
1.07076666178,-36.3567189484
1.07713859585,-56.342929368
1.08245312209,-53.1470152658
1.07367983908,-54.5677271253
1.07571117035,-52.5892040632
1.07747019974,-55.4535500223
1.07566993479,-52.5912262067
1.0875836527,-80.2143980686
1.06676929947,-35.1724468116
1.07896872546,-56.4258542182
1.07775405685,-51.7339777005
1.07946484408,-55.2763130617
1.07373328596,-53.0364988689
1.07772837159,-56.2677178425
1.07942585596,-52.7392313865
1.08991108792,-79.1851428789
1.07059217205,-34.3668157079
1.07858893332,-56.2510433817
1.07716858977,-52.0413381968
1.07763304332,-55.2484519782
1.07698302449,-53.156278654
1.08123703238,-55.2219342936
1.07251166747,-52.4944190353
1.08541552863,-79.473565637
1.0714666735,-34.6780138417
1.07949661444,-55.9530273308
1.07957548957,-52.2525021528
1.07506746589,-53.9133748431
1.07472699408,-52.6163404336
1.07812029317,-54.6941852794
1.07455121529,-52.2614781106
1.08728205847,-79.690512214
1.06986640472,-35.1046336749
1.07927527343,-56.2886579396
1.07708448635,-52.9073160311
1.07508847152,-54.6663577608
1.07369713962,-53.2725066609
1.07795769013,-55.6699004385
1.07651090705,-53.3000714707
1.08617258719,-79.6207823539
1.06837697305,-36.2001971127
1.07930789414,-56.5854507427
1.07515529539,-51.8245157389
1.07720307955,-55.4137708489
1.07790972012,-52.7010203519
1.07726383571,-55.6716848116
1.07505610416,-53.0980028064
1.08576221764,-80.4227607864
1.06803622596,-34.5416135086
1.07626325044,-56.6666551745
1.07477315542,-51.122899177
1.07811141998,-54.5145551819
1.07916097579,-52.82200853
1.07713719071,-53.9878202967
1.07482455703,-51.857856601
1.08472092714,-79.9052846552
1.06598874125,-34.8790631465
1.07832323705,-55.9376550401
1.07572527346,-52.4755104892
1.07686321813,-53.730780713
1.07390338507,-51.5474395735
1.08168640372,-54.9050389428
1.07491471814,-51.4823856773
1.08844214554,-79.8194907282
1.06719698087,-34.5887508306
1.08058173313,-57.0435908993
1.07330023726,-52.1362854375
1.07406188354,-55.4060731225
1.0760341752,-52.3923480913
1.07883055737,-55.6430185778
1.07470222058,-51.1606081843
1.08568799759,-80.0462785138
1.0729468089,-34.5782340064
1.07690764582,-56.3441277339
1.07568598441,-51.9099834992
1.07949131386,-54.6240219524
1.07056203265,-52.6394610578
1.07595219248,-55.5977744158
1.07656956329,-51.8409464331
1.08512465795,-80.3408199254
1.06769322735,-34.3909452386
1.07651646171,-56.344063599
1.07312121212,-51.4335126295
1.07898706297,-54.8555549566
1.07647210119,-52.3648957604
1.0750160826,-54.8405669204
1.0710564873,-51.1050387116
1.08188001422,-79.6547864845
1.06941179649,-35.0210420805
1.07843401209,-56.7676620595
1.07688108407,-51.7328021154
1.07731432919,-54.8866254067
1.07308821652,-51.6457032947
1.07870197062,-54.8212023618
1.07442380529,-52.9485502829
1.08466579847,-80.6255128974
1.06902036227,-34.4503026223
1.07645352333,-55.5755069452
1.07483024692,-51.902190206
1.07412700434,-53.6823567117
1.07740708502,-52.3213622659
1.0767320517,-54.5868016492
1.0759459092,-51.4159759698
1.08550508086,-79.7345493599
1.06938865756,-34.136223515
1.07362276411,-56.7228334368
1.07193902741,-50.7420616545
1.07667927971,-54.5971371531
1.07325422133,-51.1670585782
1.07671123518,-55.0071362903
1.07649557492,-51.6528084911
1.08962980842,-79.6303530706
1.06613938722,-34.2189650935
1.07806810567,-56.5798003435
1.06992550992,-52.0654628659
1.07467222102,-55.1881730787
1.08066793978,-51.8264250093
1.07337359212,-56.664101983
1.07627705038,-51.902572079
1.08451041938,-80.7703637529
1.07016862437,-34.6747737634
1.07840017679,-56.9277907254
1.07308741017,-51.9475760098
1.07616203065,-55.0250092325
1.06979824729,-51.5390955769
1.07402047112,-55.313415072
1.07270202382,-51.5934292237
1.0871876596,-78.537260699
1.07001537662,-34.9561361651
1.07770335729,-55.9123184412
1.07501422884,-50.7884369809
1.07407885529,-54.747770811
1.07729235616,-52.0473067383
1.07562854888,-55.2808320337
1.07183072753,-51.7915777042
1.08147528935,-79.4045075108
1.06508904016,-34.657653823
1.08085736283,-56.4565769602
1.0732823547,-51.3922741327
1.07941999364,-54.7677388332
1.07390436985,-51.0071999157
1.07998010314,-55.0714245789
1.07426516514,-51.8053960171
1.08560633657,-80.6956030959
1.06701846547,-34.0730041797
1.07460916371,-56.4664853406
1.07590318697,-52.0535790571
1.07271039539,-54.4976737411
1.07490773946,-51.7340412682
1.07482821468,-54.8860315017
1.0721909292,-51.7078468713
1.08996393812,-79.8777003505
1.06899523651,-34.895737294
1.07790628144,-57.24175596
1.07158259284,-50.2171751642
1.07932084864,-55.0720326634
1.07251228378,-50.9687433785
1.07773235191,-54.9303596941
1.07663516276,-52.7098735072
1.08692522018,-79.2263070391
1.07031580101,-34.5599773584
1.07440622332,-56.6771336081
1.07605044153,-51.7883991988
1.07596778928,-55.1317142519
1.07136590143,-52.2927628251
1.07583344366,-54.8817679289
1.07724795938,-52.9746216079
1.0857940644,-79.4517983575
1.063455135,-33.610307675
1.08108507383,-55.7521094673
1.07190847023,-51.0089418424
1.0783913247,-54.3943947197
1.07191085897,-52.0002092021
1.08052226319,-53.9868371117
1.07381626043,-51.369616899
1.0832917594,-79.5396693971
1.07130021452,-33.1062695445
1.07842753861,-57.1625963744
1.07102942796,-51.4076397128
1.07854617914,-53.6599249878
1.0765904174,-50.8998577473
1.07633959249,-54.788743136
1.08078776819,-50.3239315931
1.08683291675,-79.8228990012
1.06747428127,-34.0651958288
1.0771585506,-56.7915352879
1.07432280192,-50.0817886973
1.07872211387,-55.0647332476
1.07004518986,-51.1697739696
1.0791137263,-55.1532394603
1.07435317268,-51.2380004006
1.0897196381,-80.3720630135
1.06652191906,-34.3343728623
1.07300015718,-55.5355125348
1.07303302483,-50.6072130086
1.07637530919,-54.8544156845
1.07712466633,-52.0037094152
1.0747379209,-55.0707848604
1.07185387984,-51.593111708
1.08667305607,-79.2387909217
1.07091090828,-34.5126949235
1.07814661065,-55.7851555952
1.07526271376,-52.8002870989
1.07591215294,-54.4383038265
1.07276364623,-51.2123049327
1.07643542534,-54.6438269501
1.07043371179,-51.3865525824
1.08913118988,-79.0871749889
1.06881248955,-33.724189667
1.07915870507,-56.0915741843
1.07335216534,-51.9618778927
1.07830555362,-55.6388985613
1.07594433066,-51.3038815334
1.07824207231,-53.955639884
1.07160385839,-51.6824468287
1.08523609263,-79.411107699
1.06660674889,-36.034952287
1.07716656929,-55.9671904454
1.07586058734,-51.6764508543
1.07335031741,-54.0580904757
1.07333425006,-51.3977532457
1.07486927578,-54.8737143983
1.07756725513,-51.4060967063
1.08442727681,-79.6638782366
1.06953929729,-33.9503551878
1.07696644905,-56.7492229976
1.07322140523,-51.1187708016
1.07382877821,-54.5967957181
1.07314225635,-51.4078893261
1.07600257541,-55.2882784107
1.07302757227,-51.351962043
1.08577585027,-79.1967178944
1.07281541801,-33.4527179289
1.07542476058,-56.6750630584
1.07701457236,-50.9698101816
1.08070328649,-54.2369341861
1.07037647832,-52.0751041926
1.07999501754,-55.6499318264
1.07708280022,-50.899453205
1.08084755937,-78.814214152
1.06828556434,-33.3161651227
1.07501044159,-55.6024968945
1.0711720766,-51.7128666262
1.07224292822,-53.3867396378
1.07688119279,-51.4518999009
1.0740829131,-54.7301522012
1.07314497493,-49.8423314418
1.08159665259,-79.6938532291
1.0666677718,-33.2124491552
1.07588342978,-56.4874201125
1.07534063133,-50.7027135157
1.07303550267,-53.7924436336
1.07215369536,-50.8267550868
1.07686978392,-54.658712098
1.078887812,-51.7812408269
1.08189686822,-80.2912312233
1.0698400924,-33.4165332142
1.07794023988,-56.4707198335
1.07383038738,-50.4034117484
1.07224066956,-54.7102227184
1.0680964876,-51.1767227946
1.07412483752,-54.3463341754
1.07025770232,-51.9035330073
1.08431751469,-79.824110829
1.06941013596,-34.5416386109
1.07413866834,-56.6215396144
1.0742651723,-50.6569994831
1.07301606502,-54.1077916327
1.071989846,-50.8404854646
1.07369420232,-54.8682721439
1.06900978993,-51.5835832876
1.08353970889,-78.689981354
1.06672115156,-34.5160040078
1.07472418599,-55.7434127497
1.07129235565,-50.6569077471
1.07131945013,-53.831829207
1.07146903449,-52.0376736864
1.07493471818,-54.6857926218
1.06857713887,-50.5649270684
1.08583405532,-78.5578264231
1.06446343197,-33.6958300873
1.07343200396,-55.2557663168
1.07242201023,-50.576512003
1.07668724232,-54.7360700958
1.07095154339,-52.0160145035
1.07531932301,-55.1295160618
1.06959830038,-51.6724075404
1.08398955239,-79.5346653328
1.06769459882,-32.8534177345
1.07381553282,-55.3446291203
1.0740029393,-49.9907429413
1.07844123492,-55.0645912504
1.0716892423,-50.9796742066
1.07261702258,-54.4914167107
1.07161357951,-51.5737251133
1.08376477415,-78.0552179752
1.06266345051,-33.0783405733
1.07617917978,-55.739777172
1.06986163375,-51.4515132764
1.07843175364,-53.9625248494
1.07556169009,-51.0940596885
1.07720255733,-53.3267447304
1.07388026717,-51.7699519064
1.08340683455,-78.3249637907
1.06492181789,-33.6317564235
1.07301222504,-55.1908423868
1.0708213983,-51.2209899719
1.06907365971,-52.7988080645
1.07167094165,-51.0613903614
1.07067556281,-54.3625683051
1.07357027957,-50.1311966908
1.08284635865,-77.6380366333
1.06411380958,-32.9815677117
1.07483919916,-53.6038414125
1.07198002739,-50.4884096725
1.07413386785,-53.3227940927
1.07337257666,-50.6425722108
1.07224578847,-54.3419403778
1.07155000783,-50.768148942
1.0806458205,-78.8563179788
1.06332194042,-32.3684930954
1.07517786783,-54.7205364329
1.07413938299,-50.1176702413
1.0718538159,-53.5398228996
1.07118941888,-51.3034148782
1.07334418071,-53.2006738366
1.07150360515,-50.8070590074
1.081689425,-79.5320835646
1.06371303883,-32.6299006856
1.07274988902,-55.6262822668
1.07155376676,-51.3091968246
1.07396827137,-53.746997219
1.06909872125,-49.2113309328
1.07251631646,-54.1086279839
1.07435259107,-49.9569813257
1.08291989877,-78.3618334625
1.06476066918,-33.0212781197
1.07784200602,-54.9520866871
1.07012133829,-51.2132213494
1.0777089984,-53.3556164852
1.07256822472,-51.0920995658
1.07309847201,-53.8537814372
1.06912692541,-51.6948048154
1.08280310127,-78.4974000599
1.0649095003,-33.2576499587
1.07386660664,-55.7269860426
1.07036011282,-49.1709081191
1.07181933765,-53.7581362268
1.07212517151,-50.3977208427
1.07497954294,-54.8204736857
1.06869791255,-50.5335687152
1.08435889011,-78.0406128435
1.06554994928,-32.9207714769
1.07380106003,-54.516170942
1.0677368363,-51.2142249841
1.07558252165,-54.1167312819
1.0753522254,-50.9101930551
1.0723310653,-54.7167558141
1.07164421175,-50.7125585606
1.08348914025,-79.395341483
1.06194693083,-32.8065360847
1.07240329724,-55.7973687906
1.07127830008,-49.3401775361
1.07360483799,-53.1982093842
1.07372127506,-51.3602001834
1.07159474517,-53.3812880813
1.06987632331,-49.7016401775
1.07731824412,-77.8802295759
1.06092419444,-33.0418888197
1.07561170393,-54.1443385184
1.06581827729,-49.7296515508
1.06888538766,-52.819825901
1.06930777589,-50.7688236572
1.07393149076,-53.1031198121
1.07451766936,-50.5488362831
1.07942464887,-79.0305511603
1.07139191333,-31.8942592668
1.07247079338,-54.7446089491
1.07112372726,-49.8698548017
1.07322596771,-53.6356809835
1.06916031286,-49.3487458454
1.07499808078,-53.2351474938
1.07169030273,-50.883816624
1.07959069961,-78.0361367768
1.06198369393,-32.6769181214
1.07454294189,-55.3198649193
1.07217361448,-49.3191331596
1.06877526014,-53.7579388523
1.071883982,-49.8092473459
1.07130792226,-53.5359833483
1.06840975172,-50.5304591497
1.08303368683,-77.7382913353
1.06427917201,-33.3348016401
1.07384196217,-54.6265004668
1.06767004913,-50.2915013182
1.07075114775,-53.1181707072
1.06826926363,-49.8442941484
1.06836999968,-53.8195619937
1.07171192378,-49.8226224237
1.0839698005,-78.6321102095
1.06582723656,-32.2698604411
1.0695416989,-55.1095980672
1.07720981487,-50.5520966043
1.07004671783,-53.4234182503
1.06863596716,-50.853005934
1.07142842866,-53.7427629239
1.07062215252,-50.3831106914
1.08408302386,-78.6974351416
1.06606047853,-33.040615914
1.07348590451,-55.2630923934
1.07187393997,-50.3625288352
1.07078247436,-53.3446322689
1.07004331319,-49.8891489458
1.07149463794,-53.0932000076
1.07296831128,-50.2441784683
1.08229670015,-79.1026797091
1.06484702526,-33.3351619907
1.07406799598,-53.828174456
1.07134635856,-49.7713799201
1.07461516624,-52.4960741664
1.07308917503,-49.848683084
1.0708469323,-54.0867253012
1.07040741378,-50.8843150742
1.07927742567,-77.3440468369
1.06623688111,-32.5075865935
1.07358659602,-54.1520438746
1.07242177653,-50.2566079957
1.07275049571,-52.7743415419
1.06786692817,-50.6985922132
1.07561107173,-52.428148667
1.06770927988,-49.3880819463
1.08433158864,-78.0710424132
1.0664282301,-33.5331234756
1.0769869204,-53.6133651841
1.07059502339,-49.828242862
1.07169067235,-52.9626945835
1.07187236698,-50.5053913095
1.07190048834,-53.5733824561
1.07282740333,-50.5761837343
1.08200224468,-77.2298578459
1.06541876636,-33.5242739689
1.07231187956,-54.7377518611
1.06938103883,-49.0622707115
1.07328120102,-52.622469869
1.06936980377,-49.1874869451
1.07367861632,-53.525331722
1.0671558895,-49.361647462
1.07943129261,-78.043932493
1.06254753345,-33.1056428056
1.07396507024,-53.9797574563
1.06735523539,-49.9545485985
1.07146040792,-52.7620755416
1.06953364358,-50.0523821064
1.06993790761,-52.9212947226
1.06868148098,-51.4024473068
1.08038548519,-78.2482499827
1.06192654728,-32.7965993609
1.07221553542,-54.509853845
1.06744802501,-50.096606926
1.066873575,-52.8399868758
1.06965598739,-50.7715445411
1.06842038762,-53.1606050196
1.07069355028,-50.1318873872
1.08113315015,-78.4238503001
1.06877243443,-32.6390231246
1.07114898173,-54.7557619691
1.06599291759,-48.9204249555
1.070363975,-53.3024631269
1.07051414667,-51.3095979236
1.07427715222,-53.4965163446
1.07353777956,-49.61169596
1.0737833577,-77.283965313
1.06414644969,-32.5630219973
1.07318099966,-53.9180450577
1.06294097305,-48.5049294797
1.07075519518,-52.1781632121
1.06875470922,-49.1874638498
1.06854495796,-53.0934705913
1.06870629738,-48.8363013899
1.07617144747,-78.0701367336
1.06290908744,-32.2464378742
1.07405664028,-54.0594642836
1.06832327976,-49.9794763755
1.07030691371,-51.8627160979
1.07333476668,-51.8052633752
1.07685394748,-51.9510986598
1.06952471282,-49.5179479843
1.08364636631,-76.3404448625
1.06545367799,-31.849716139
1.06945690407,-54.6179066117
1.07509575912,-49.8017755657
1.07536222627,-52.3951689519
1.06930745079,-50.3149141467
1.07154946091,-52.4020215299
1.06711239917,-50.4344470288
1.0801547341,-76.5804394604
1.06157476391,-31.776386483
1.07188872536,-54.0476722745
1.06806818088,-48.787701939
1.06780939887,-52.2383748897
1.06618640994,-49.3516003656
1.07488818487,-52.3356412478
1.06726103505,-48.8537049351
1.08241616522,-77.8975557225
1.06192570843,-32.7852447767
1.07011566812,-54.3510253385
1.06771904189,-49.223144812
1.07166727266,-54.1361662597
1.07026329825,-48.910188013
1.07039968405,-52.7975513744
1.07182388437,-48.8162761125
1.07990294716,-78.1681045192
1.0652346538,-31.4939325409
1.06972251119,-53.4683217015
1.06704818174,-49.6314781861
1.06824695774,-51.4028731118
1.07130601101,-48.1844671054
1.07134605687,-51.5792799173
1.06766345331,-48.5743449739
1.08101616375,-77.070692636
1.06034386186,-31.7812004517
1.06744644104,-53.3942963776
1.07035539694,-49.0351403622
1.06871815449,-52.4139392606
1.06629842928,-50.2330701464
1.07523844517,-52.9340563365
1.06807414627,-48.348661644
1.07955757013,-77.4011427933
1.06062636059,-33.1982239227
1.07064373889,-53.3720374752
1.0665378145,-50.0574319155
1.06898568369,-51.4962647703
1.07041791518,-49.2374368833
1.07001464532,-52.4218399669
1.0713705744,-49.7809076438
1.08424490503,-77.0073308938
1.06703559813,-31.0161556094
1.06790262404,-53.7444529872
1.06837587374,-48.2285531497
1.07079481109,-52.6982760843
1.0672275456,-49.5934289731
1.06839554054,-53.2302336095
1.06801812656,-49.5945748379
1.0799355911,-77.2212656152
1.06571079384,-31.2235602489
1.06887054836,-54.5355760145
1.06669902332,-49.1296998208
1.06942458793,-51.9157709142
1.06913840188,-50.8481501001
1.06813743869,-52.1598653199
1.06962015105,-49.7889802688
1.07877375219,-76.6319287874
1.06147705536,-33.7008974658
1.06985182752,-53.1757398751
1.07170880482,-48.5886705188
1.07048628505,-52.0985496719
1.06461810641,-49.5428138388
1.07030924751,-52.5082498854
1.06635189289,-49.4941206962
1.07557131096,-77.6316577418
1.06013131231,-31.7729363401
1.06977141532,-52.2460698676
1.06538519815,-50.0371752085
1.06997104011,-50.9705547724
1.06664986939,-49.5140936547
1.0712927656,-53.2807962018
1.06747156228,-49.2391957917
1.08054710822,-77.5877286016
1.06151062308,-31.7382262588
1.07056287837,-53.4520997419
1.068550317,-49.5783488379
1.07126228102,-52.0012473207
1.06363745702,-48.9144307994
1.07181610689,-52.8810836436
1.06748649825,-48.9507474826
1.08047605712,-77.2199656274
1.06231193489,-32.4625099001
1.06813237865,-52.9749426728
1.06374007291,-48.4579752863
1.06741150965,-52.6734883995
1.06460968152,-48.8164921128
1.06832615874,-52.3288560022
1.06988420675,-49.5002826229
1.07790319676,-77.0482240844
1.0663067598,-31.819377458
1.07386787186,-53.3616679722
1.06804257573,-48.4030866226
1.07218404622,-50.2851806664
1.06316083267,-48.6974658469
1.07252575548,-51.5838641024
1.06897952396,-48.1429766996
1.07758731691,-77.3461653264
1.06045786665,-32.5274746531
1.06927345899,-52.9444302935
1.06810384486,-48.4068660933
1.06775690798,-51.1832521484
1.06882046463,-48.790197783
1.07094928724,-52.6330027649
1.06718803437,-48.4931914939
1.079705861,-76.9795247423
1.06352009332,-31.7014376919
1.06732641971,-53.876015779
1.06785982161,-48.5770784898
1.0661390377,-51.7734514509
1.06729396398,-48.4487083849
1.06900740104,-51.2639920771
1.06691500332,-49.3489571338
1.07877230211,-76.3708655168
1.06342183404,-31.7850030512
1.06932930717,-53.322979345
1.07051332165,-48.3124236314
1.06857133742,-52.1182229246
1.06564924983,-48.5161095663
1.06888483685,-51.2288844827
1.06796369017,-48.8688945763
1.07872547009,-77.1690971422
1.05967964293,-32.2292725306
1.0702913481,-52.8004712667
1.07106421632,-48.8241752727
1.07260706767,-50.6595170374
1.07084973384,-49.8057962994
1.07018866463,-52.2208167407
1.07012587287,-48.2611080947
1.07838741899,-76.1117528944
1.05836187699,-30.7612779655
1.07111590179,-53.9738066958
1.06383201443,-47.9006379681
1.06805486394,-51.7459840452
1.06699142637,-48.7407960026
1.06572333827,-52.1225809699
1.06649610454,-48.9330029229
1.07419393341,-76.5388063662
1.06039359408,-31.3303912854
1.06466353004,-53.4793865945
1.0653498113,-48.8025448743
1.06623496568,-51.1935797206
1.06486900708,-48.5605528756
1.06695726685,-51.50983944
1.06776563689,-48.9308652912
1.07575827164,-77.3947507105
1.06197930305,-30.3730067417
1.06566458379,-53.3635005536
1.06524785905,-48.1301203709
1.06446336445,-51.8876516658
1.06397519539,-48.0757254531
1.06491446359,-51.1034377114
1.06420082608,-48.0512489894
1.07367113224,-75.3134202779
1.05945625252,-31.3763566594
1.06791983376,-53.3998850093
1.0644437446,-47.8956811975
1.0677547131,-51.8907104521
1.06553438739,-48.5422494554
1.0689057817,-51.6663449928
1.07095934534,-48.2682579501
1.07739372802,-75.9009111269
1.06229535678,-31.142905967
1.0681881665,-54.2375424913
1.07081493012,-47.8140282526
1.06893212514,-51.4871818839
1.0626687282,-46.9347072839
1.06776225658,-51.5662017769
1.06586259649,-48.3862913
1.07411395101,-75.8185718813
1.06030954143,-30.7779426169
1.07039488402,-52.5073575399
1.06642678425,-47.4838723869
1.06174727252,-50.7571179429
1.06483111466,-47.0157656837
1.06755782377,-51.9398705906
1.06160990523,-48.2173062956
1.08175974548,-76.485583568
1.05800350994,-30.5576412755
1.0701755172,-52.7640976253
1.06428721799,-48.3082280696
1.06697501957,-50.8709903849
1.06801625251,-48.4239772536
1.06790179131,-51.3792626495
1.06792716729,-48.3211668318
1.07641575246,-75.6641041856
1.05948827416,-30.2837780301
1.0687357075,-53.2482857727
1.06321115416,-47.8363138579
1.06406668907,-50.4836245829
1.06508524354,-48.0592545132
1.06583780617,-51.4309456596
1.06299088907,-48.0297195145
1.07245823098,-76.8746998284
1.06007807901,-30.2721385955
1.07101685019,-53.4402040438
1.06547036404,-48.5813068543
1.06500304206,-50.7073131995
1.0625562987,-48.7351374707
1.06692733692,-51.3446459474
1.06584219614,-48.612196088
1.07898275334,-75.9370035202
1.06032258912,-30.2821080188
1.06685444734,-52.3805384394
1.06352082459,-47.5679322428
1.06831701983,-50.0183470059
1.07040094906,-47.2325004725
1.07561367995,-50.6385123597
1.06616818834,-48.3597535378
1.07768194468,-76.1380763015
1.06168241829,-31.0619411099
1.07030692622,-51.5132708331
1.06563122098,-47.6528765259
1.06493426974,-49.6541011705
1.06737303973,-47.8603274128
1.06635579292,-51.9976927522
1.06367058485,-48.207566034
1.07805806379,-76.2677713511
1.05809389363,-29.9883672639
1.06752715087,-53.2140434839
1.06756251988,-46.6625973373
1.06758382883,-50.309364576
1.06608733772,-46.1846295293
1.07262346339,-50.881094225
1.06888403266,-47.3204936751
1.07658917848,-75.1096232404
1.05945238535,-31.0222652806
1.0703920613,-52.0970362922
1.0651802534,-47.9237271324
1.0724237132,-50.4261434253
1.06409696132,-47.6366410049
1.07295238291,-50.9239224378
1.06735286749,-47.3598683692
1.08224134771,-76.110369941
1.06140212631,-30.1763085008
1.07041542358,-53.5143774282
1.06799934164,-48.0093733048
1.06972164786,-50.7883017188
1.06529243752,-48.0465526291
1.06718210583,-52.055092046
1.06849528407,-48.5213996438
1.08096440262,-76.1048731085
1.05676364575,-31.1413054647
1.06977908033,-51.5281947461
1.06718063403,-47.9357754131
1.07522288922,-50.484281536
1.06786062056,-47.0553436183
1.06960802979,-49.9913608483
1.0662940853,-49.769473098
1.08127493059,-75.9352680925
1.06461840739,-30.5721922152
1.06814722914,-52.2356842299
1.06793488835,-47.6551284471
1.07434757056,-49.8882225132
1.06964459756,-47.4899835071
1.07162345281,-50.8056135131
1.06593070887,-47.4058836064
1.07780456133,-75.4673580346
1.05914309624,-30.9881945242
1.07214780025,-52.5242963906
1.06822771709,-47.8132493217
1.07202216736,-50.5147295226
1.06869420926,-47.8033712504
1.07192607437,-49.73641798
1.06799830359,-47.8886701809
1.08299185153,-74.9447791437
1.06012002047,-30.2738018755
1.07392129502,-52.0969946504
1.07829558535,-47.420709417
1.07262344099,-49.7946662775
1.06990232959,-47.982321723
1.06755894763,-50.8668710195
1.07404473713,-47.2621223697
1.08565792657,-75.8492775394
1.06285147614,-29.4793580889
1.07542738455,-52.6101003648
1.07058863182,-47.5443919929
1.07086879734,-50.236473972
1.07051607084,-47.7673945968
1.07929104808,-50.3376290471
1.07235564837,-48.4271968483
1.09121940504,-74.4121458998
1.06411696915,-29.9594881234
1.07640385041,-51.7779032856
1.07384275727,-46.7902082683
1.07579665325,-50.6851305011
1.07281874912,-46.8323075259
1.07265359121,-50.0486323923
1.07732937416,-46.532364885
1.08493222726,-76.3821669678
1.06619214393,-29.5270535724
1.07482917165,-51.0702678827
1.07767029591,-47.4070405479
1.07524214274,-49.8096560306
1.07234148986,-46.4279377986
1.07182377354,-50.0924931254
1.07086824929,-46.6943152303
1.08494723611,-74.6224144427
1.06689758318,-30.2639230319
1.07507798666,-51.5560707321
1.07295148185,-47.8578862837
1.07292319415,-48.8795900701
1.0704325436,-47.6898998139
1.07659044668,-50.457602956
1.07331192861,-47.3079499734
1.0865835699,-75.6332557063
1.06837535164,-30.9737522313
1.07903054519,-51.3089052835
1.07500400793,-47.605063666
1.07554516358,-49.9466773377
1.07534423375,-48.3575092476
1.07694643407,-51.1185559831
1.07854361377,-47.7168278304
1.08687300235,-75.7529202547
1.07092884405,-30.5840082534
1.07723116812,-52.5022424374
1.07731847497,-47.477329997
1.07999117148,-49.5682296884
1.08002867546,-47.4582377021
1.07730612473,-49.7389866975
1.07939405534,-46.9643268561
1.08543826511,-74.2876043537
1.06972218767,-29.4605002599
1.07882301358,-51.0138785865
1.07594725633,-46.0921646715
1.080617565,-49.3979667718
1.07503050933,-46.9073036454
1.08329054612,-50.4734814058
1.07861980972,-47.0376539934
1.08954621693,-74.9812738893
1.07208051512,-29.9536887106
1.07785052323,-52.3107143989
1.07561942556,-46.2858840258
1.08068636441,-50.5468045175
1.07680773439,-46.6790371434
1.07876848413,-50.6769380896
1.07879898074,-46.9418464493
1.08822179283,-75.2468377545
1.07574212001,-30.3694836541
1.08237719382,-50.5563032226
1.07883838287,-46.7456402585
1.0845215918,-50.2643487189
1.07906212412,-46.2694798209
1.08234582833,-49.9748020801
1.08046109858,-47.6636353789
1.08636549883,-74.5117115742
1.07776488417,-29.705378781
1.08799058852,-50.9189061988
1.08443887176,-47.4762291627
1.08904957496,-50.479439459
1.08923441688,-48.4939438163
1.10059543602,-51.0464494312
1.11059176984,-49.5916428019
1.14036728017,-77.9952589499
1.14048462322,-32.3296438123
1.18872233203,-55.8690366554
1.24790757778,-54.7306620654
1.36222532038,-62.1693469916
