1.4000711481,-27.5977408028
1.27222014329,-24.755336113
1.19798763862,-21.7820324441
1.16828973304,-36.0121900067
1.12278661026,-13.9128952482
1.11012176773,-22.561152556
1.10110237204,-22.8532055397
1.09671127556,-23.245848338
1.09043776057,-21.7206738422
1.09015654748,-22.2168264979
1.08573530477,-21.2790911347
1.09485214604,-34.7189154727
1.08434333738,-13.7642242894
1.08401822012,-22.9481731459
1.08200141958,-22.8240789091
1.08311602503,-22.9448838912
1.08708906355,-21.2317903404
1.08395111143,-22.5080864783
1.08543010149,-21.29838703
1.09097262284,-35.1646286114
1.07900734393,-13.9289871582
1.08810195733,-23.1409155134
1.08158866504,-22.6333339531
1.08054169978,-23.3002838881
1.0812928458,-21.8278746774
1.08511381341,-23.0287585908
1.07771594594,-21.2667103023
1.08987528186,-34.9120828612
1.08438441489,-13.8214545579
1.08320375384,-22.9708244107
1.08016167758,-22.9755231679
1.08238372295,-23.3231787967
1.07545963053,-21.6570229058
1.08587916701,-22.6088456362
1.079390714,-21.2569831626
1.08668134053,-35.2020249066
1.07828046454,-13.8345572409
1.07989978626,-23.0462333585
1.0778924712,-22.1440505513
1.0774749047,-23.4481131711
1.08004153492,-21.4466326801
1.08173791118,-22.6785364427
1.07502813107,-21.8584071383
1.08934611329,-35.3847016967
1.07178705147,-14.113826948
1.07943939758,-23.3050070081
1.0772381686,-22.5211609522
1.07821245961,-23.5246468912
1.07674130647,-21.8849725311
1.0771015908,-22.4344699964
1.0789681715,-21.2649709988
1.08620953872,-34.7183339558
1.07560829701,-13.8210842559
1.07361293946,-22.9688242492
1.07254400032,-22.8413567053
1.07181003332,-23.3115047227
1.07130076764,-22.3454293465
1.07395629743,-22.5481763642
1.07392655195,-21.5423749267
1.08724737022,-35.1311144446
1.06908872275,-14.0529333839
1.073565399,-22.7443706806
1.07413519553,-22.4072208549
1.07853583028,-23.6757021811
1.07290977015,-22.1995103411
1.07672340191,-22.6152902645
1.07546594501,-22.152175788
1.08131541666,-34.7114311503
1.07173264366,-14.6103660734
1.07354514983,-22.7081102883
1.06960165149,-22.6927979802
1.07017249357,-23.5775135743
1.07335505141,-21.5130602932
1.06839589962,-22.6854606162
1.07488496273,-21.2544686231
1.08185696436,-35.0434641402
1.06457120128,-13.8875423605
1.07042055404,-23.3651858227
1.07195575255,-22.5445910181
1.06999859407,-23.0365374923
1.0755333563,-22.1106406654
1.07673632138,-22.4786270892
1.07058030173,-21.4818470945
1.0806340443,-34.906150946
1.07046470004,-13.4800239115
1.07344188678,-22.5651332197
1.07222195082,-22.4402527375
1.07089292262,-23.1767593832
1.0686723133,-21.8721495924
1.07015683806,-22.9915228453
1.07008882949,-21.6139564615
1.08181373067,-35.0563939698
1.06185373325,-14.8151431988
1.06661188275,-23.082242969
1.06568861084,-22.9032174849
1.07180701939,-22.8844508562
1.06770573156,-22.3036409873
1.06759492619,-23.1883146951
1.06675239823,-21.7899838134
1.07715782184,-35.5146086381
1.06156903487,-13.978151957
1.07232405925,-22.5274644233
1.06646268614,-22.3582518743
1.06695781085,-23.1356467304
1.06642971338,-22.3288452841
1.07018394985,-22.6618663993
1.06777613914,-22.0308191793
1.0760657207,-35.3294614104
1.06058276303,-14.574901707
1.06880745395,-23.4703414638
1.06545053879,-22.7303089316
1.07132145441,-23.2389000495
1.06392827591,-22.2579559226
1.06825008608,-22.6266353429
1.06410630024,-22.267690388
1.07445434958,-35.3066237376
1.0611726537,-14.3884366908
1.06495995665,-23.1313306959
1.06769700941,-22.9540684551
1.06948101219,-23.3116501797
1.06631543186,-22.0976916837
1.06772847687,-22.6823343404
1.06471404988,-21.9595909154
1.07544872855,-35.6035637353
1.0621523739,-14.1543542698
1.06565154913,-23.3291340389
1.06472327234,-22.6142587312
1.06682378656,-23.5096520788
1.06277077581,-22.3531609179
1.06592489106,-22.9352397295
1.06598954054,-21.7861951275
1.07159110415,-35.3557138763
1.06003632949,-14.270868689
1.06546011934,-22.7914645733
1.06067806642,-22.9426739428
1.06130259769,-23.3708092909
1.05967464772,-22.5367847237
1.065450426,-22.7063299535
1.06687983646,-21.7976790012
1.07205210428,-35.541040264
1.0600674819,-14.0977540274
1.06558313004,-23.7125091622
1.06769584377,-22.9718199291
1.06355694834,-23.6028307996
1.06269866754,-22.0351742188
1.06526341369,-22.2646450793
1.06344247008,-22.444197958
1.07033484381,-34.9519938948
1.05879456016,-14.2810526271
1.06312515054,-23.2005026942
1.06306267609,-23.3106410053
1.06842509813,-23.2280399705
1.06898728107,-21.9894350918
1.06694933041,-23.1180475468
1.0599487456,-22.1862313022
1.07809104621,-35.2233047616
1.0611812973,-14.275995542
1.06699216137,-23.2010925042
1.06653266572,-22.8432077605
1.06535304882,-24.0005187297
1.06756079151,-22.0832304709
1.06576376053,-23.636100206
1.06423733109,-21.7595786675
1.07384007614,-35.1936730468
1.06076334455,-14.9560896096
1.06200240517,-23.3312433482
1.06546287008,-23.172934954
1.06411294921,-23.5333384876
1.06793591983,-22.5577451262
1.06452093328,-23.2191252053
1.06447031656,-22.3179569304
1.07628488002,-34.9702478416
1.0600874152,-14.7375417545
1.06667296147,-23.2478138058
1.06436232445,-22.8839147038
1.06522193999,-23.5390067762
1.06391124968,-22.8202882193
1.0659912684,-22.8811015636
1.05966046133,-21.8863905536
1.07451460716,-35.3305858691
1.05843127519,-14.6550725857
1.06400948457,-23.3316774661
1.06631902151,-22.8910709824
1.06459079047,-23.5610287773
1.06203025642,-22.3706850718
1.06888161929,-22.8150927729
1.06069877872,-21.514010732
1.07222066503,-35.3966314831
1.05890462005,-14.4223719098
1.06319231279,-23.6562801926
1.06219073882,-22.6966969797
1.06107394387,-23.6033042272
1.06313078548,-22.5558790522
1.0677279504,-22.7817633961
1.06176365053,-21.7032504479
1.0718706702,-35.5876651519
1.05938249701,-14.8901030181
1.0677195676,-23.6536197684
1.06351394784,-23.2377963337
1.0652835839,-23.5105293902
1.0632577555,-22.6019298223
1.06534178241,-23.2973968015
1.0635065611,-22.2551875923
1.07172474264,-35.4306588536
1.05896969087,-14.7635170862
1.06094103038,-23.6682809897
1.06553473186,-22.9148670953
1.06423752909,-23.5498475548
1.06048118878,-22.2043213661
1.06614590021,-22.8096908971
1.06527680855,-21.6580446222
1.07283892597,-35.1830893033
1.06084858879,-14.749410288
1.06278478128,-23.5296330896
1.06302780788,-22.9907660864
1.06426775638,-23.8958534414
1.06507288338,-22.7239625349
1.06402238851,-23.1082142843
1.06357184348,-22.0336442926
1.07349095204,-35.65479582
1.05728444197,-14.9767452552
1.06347221592,-23.6124797517
1.06396516658,-23.4611978355
1.06464057631,-23.4177055857
1.06172182692,-22.8618696658
1.06590740585,-22.7707670345
1.06533196898,-21.956050575
1.07633069549,-34.999381252
1.06095425909,-14.9143394761
1.0641852779,-23.5280637184
1.06236948071,-22.8926019437
1.06367486692,-23.8260793835
1.06304713689,-22.2877472046
1.07005435072,-23.1173574408
1.0668302777,-22.2668379438
1.07354658083,-35.369764834
1.06184269777,-14.8975431259
1.0654403267,-23.8955985946
1.06519087054,-22.7077686119
1.06168144821,-24.3334616399
1.06443115834,-23.0700635389
1.06582610699,-23.3879708353
1.06936169655,-22.4835908
1.07162175271,-35.4000654907
1.06137374302,-14.7076244331
1.06553795997,-23.8986828621
1.06347250657,-22.8575058065
1.06539903224,-24.0842806931
1.06381000371,-22.4670968945
1.06266499072,-22.9408737355
1.06427483773,-21.7341005509
1.07522525673,-35.9331243106
1.06159207616,-14.4986805793
1.06431312045,-23.6348988716
1.06484514445,-23.3505438912
1.06715592049,-23.9468876517
1.06511963005,-22.960959865
1.06567778454,-23.4231967341
1.06370922798,-22.2518771206
1.0703207767,-34.9377358173
1.05813929138,-14.7585103841
1.06309064565,-23.4532483997
1.06341261297,-23.4276083335
1.06254238343,-23.8650239661
1.06393990309,-22.5101150227
1.06286674887,-23.6099666506
1.06488364873,-22.5489872663
1.07078663348,-35.8344529849
1.05721331954,-15.2336330308
1.0641607404,-24.0706772873
1.06258349722,-23.3469488
1.06775494272,-24.0910537567
1.06308054494,-22.4379091625
1.06876506239,-23.0500492092
1.06451658064,-21.5451998617
1.06797737942,-35.8512339254
1.05924565079,-14.7638260561
1.06056335163,-24.2312979689
1.06427402715,-23.4307592971
1.06439770196,-24.5889161443
1.05963312471,-22.5743856547
1.06694228511,-23.4270361105
1.06547888179,-22.0956966873
1.07341501593,-35.6412731727
1.0598762543,-14.731169239
1.0640576189,-23.4213936908
1.06139826414,-22.9386432506
1.06235048402,-24.193532496
1.06393080392,-22.7760806555
1.06636635272,-23.271074532
1.06330060036,-22.5216991242
1.06897497849,-35.8819436085
1.05909180707,-14.8671930985
1.06408193605,-23.3636342477
1.06278845114,-22.9095860387
1.06264904505,-24.0757321403
1.06122022964,-23.0354703706
1.06179871989,-22.9821163795
1.06169623198,-22.1696751153
1.07137345599,-35.0491071594
1.05770358792,-15.0388563576
1.066280579,-23.3058858121
1.0629736098,-22.9203278763
1.06444011521,-23.9285674529
1.06179755152,-22.2975516982
1.06394596509,-23.3135512327
1.06465769035,-22.2874945673
1.07029088819,-35.6179278816
1.05668246406,-14.717453686
1.06381417166,-23.0833705835
1.05896192749,-22.9450459793
1.06573149587,-23.4289880104
1.06177900845,-22.4168078336
1.06475814335,-23.1450710831
1.06443895029,-22.2561968459
1.07004476234,-35.4555285907
1.06284260936,-14.9504104537
1.06367514024,-23.7536324058
1.06386980625,-23.3476169129
1.06262781665,-24.1134183602
1.06318239843,-22.8417521505
1.06404887746,-23.186980352
1.06244774085,-22.1126553403
1.06824674239,-35.6561723627
1.05706705807,-14.8357046666
1.06198664115,-23.7891226934
1.06990984838,-23.3414590496
1.06291200067,-23.7118308986
1.06069185043,-22.4233287371
1.06389096924,-23.7214713674
1.06238810543,-21.9585891559
1.07354986016,-35.4975942853
1.05733622836,-14.6703706756
1.06332812466,-23.7347194581
1.0621961551,-23.1706846232
1.06116605117,-24.1663672141
1.06417158913,-22.8470922577
1.0635427347,-23.5225721816
1.06107155448,-22.2369360701
1.07245331527,-35.7195764439
1.060297357,-14.8989080898
1.0613815361,-23.5813822759
1.05938021773,-24.2353519043
1.06525315222,-24.1090931928
1.06658546555,-23.178138108
1.06641820719,-23.3240217452
1.06198499579,-22.0372100657
1.07442973027,-35.6360516874
1.05762833399,-15.3183212503
1.05986415107,-23.7324140737
1.06561412684,-23.2766182245
1.06694478881,-23.9917904269
1.06004544785,-22.9025761206
1.06206607547,-23.2640082804
1.06187477174,-22.4939714646
1.07437171111,-35.6006762912
1.06425210539,-15.3700287455
1.06310134496,-23.7588188233
1.06306886085,-23.378537841
1.0659644899,-24.4758659789
1.06174143103,-22.6387294945
1.062347477,-22.5225452472
1.06124685051,-22.5037189479
1.07117795594,-35.6826921831
1.05865385319,-15.2508825428
1.0656691796,-23.8563975639
1.06216851883,-23.4733914884
1.06188413966,-23.910654929
1.06911616687,-22.5958771579
1.06509917036,-23.3987606399
1.06134528807,-22.656438668
1.0734773356,-35.6561435375
1.05726030488,-15.0850843234
1.06152687221,-23.8001241444
1.06180105514,-23.8487901896
1.06376610769,-24.2588622036
1.0623156822,-22.8111651396
1.06183625003,-23.4044148555
1.06367857696,-22.3834332488
1.06833860956,-35.8268414054
1.05773450314,-15.5184808105
1.06064607332,-23.8811745006
1.06398466444,-23.4913410051
1.06141408576,-23.9581025115
1.06189703254,-23.2724886125
1.06490590462,-23.4765852954
1.06244412332,-22.5056763273
1.07101279001,-35.5801467419
1.06354367234,-15.2506119148
1.05979306684,-24.2625097874
1.06707296689,-23.4163414002
1.06240566528,-24.3449974133
1.06340914556,-22.2788977489
1.06620372641,-23.1012125302
1.06114744428,-22.4162617004
1.07179088768,-35.9166745389
1.05604776509,-14.7514806512
1.05930160435,-23.7538114555
1.06204418026,-23.6233567741
1.06167470447,-24.1180288692
1.06345250315,-22.8474906092
1.06549072206,-23.4447066357
1.06609338197,-22.7879449562
1.06993589581,-35.7422308041
1.05880071324,-15.4134889958
1.06506524652,-24.0924581633
1.06243242663,-23.3736954074
1.06256506798,-23.9749374981
1.06058180599,-23.0498328339
1.06401856754,-23.0017858524
1.06158643781,-22.3843859191
1.07031654487,-35.5869242642
1.05479230221,-15.389621292
1.05789911189,-23.9553357168
1.06447914267,-23.6944875255
1.06216813619,-23.904955965
1.05947423502,-22.9919580843
1.06503241599,-23.0736559661
1.06040920568,-22.332165684
1.07361003866,-35.265960192
1.05718985352,-14.4884360453
1.05890528346,-23.5805269686
1.06137300572,-24.1712736745
1.06164057058,-24.8251372799
1.06107623655,-22.744085826
1.06376879166,-23.8863257811
1.06198992107,-22.0660521387
1.0694177308,-36.2475214307
1.05895058273,-14.9631175932
1.06004778571,-24.2223511431
1.06324065065,-23.3750836355
1.06074571504,-24.2376808011
1.06249225365,-22.7919053501
1.06126449415,-23.3649441407
1.05708533565,-22.5083834097
1.0674696147,-35.7907609406
1.05615264857,-15.2368677934
1.06062077861,-24.2423936503
1.0608800985,-23.5783956339
1.06264299242,-24.315156873
1.06086155115,-23.1260841064
1.06724379354,-23.4968604853
1.06058790072,-23.1612661558
1.07358566755,-35.7608721248
1.05901066419,-14.8928155515
1.06210999828,-24.0314315198
1.06328173557,-23.7108139499
1.0623924211,-24.7623991137
1.06272554638,-23.2478258981
1.06072802733,-23.8274380833
1.06056424786,-22.9216606799
1.0697857831,-35.4709773055
1.05757533843,-15.6604716761
1.06806340544,-23.4075389454
1.0644958703,-23.4276335274
1.0649284419,-24.2097192015
1.06139809945,-22.5733470536
1.06082153366,-23.4810213486
1.06531458754,-23.1460291624
1.06800203769,-35.9519254456
1.05731453297,-15.4947816125
1.06218958996,-24.5729687336
1.06354231757,-23.7131284093
1.06123467738,-24.1562552172
1.0615665726,-23.5595804247
1.06294826746,-23.8205369673
1.0659048836,-22.4010585842
1.07569083318,-35.8841977512
1.06362499017,-15.1829183867
1.06253167012,-23.9396708665
1.06621589678,-23.9215243446
1.06461306773,-24.2948817195
1.06048551874,-23.1330598762
1.06538741631,-23.6465826682
1.0653665107,-22.6273670315
1.0729382996,-36.202860838
1.05779873398,-15.2938939536
1.06675526025,-24.2129763775
1.06243392382,-23.8282560941
1.06756346267,-24.4755834695
1.06641899177,-23.3745673507
1.0638483272,-23.5307227596
1.06519900352,-22.6740794558
1.07143004613,-36.1904299133
1.05636895705,-15.3297508828
1.05986443992,-24.1879484247
1.06566585278,-24.160346453
1.06896313166,-24.3806467422
1.06279995655,-23.2872479048
1.0658963084,-23.6150599712
1.06615025561,-22.8781780541
1.07122067555,-35.6714785601
1.06154229621,-15.0484119968
1.06170753385,-23.9622025194
1.06530536414,-23.9415987567
1.06177322696,-25.1553536606
1.06010037351,-23.1709919376
1.06174330594,-24.1794133672
1.06219407707,-22.7199793732
1.06857304604,-36.3736892414
1.0583213385,-15.1945213727
1.05968414537,-24.6805428354
1.05981637817,-23.9294967242
1.06314592234,-24.2091114199
1.05832526131,-22.7585193914
1.05972701629,-23.9908804037
1.06095714724,-22.5977230494
1.0691849201,-35.8647693527
1.05556839254,-15.5279651253
1.06707830985,-24.0935036693
1.06030819171,-23.8947065015
1.06425156622,-24.2622719291
1.06089263894,-23.186227043
1.06401206757,-23.5733253322
1.06129925903,-22.8887757069
1.0708400169,-35.5159792003
1.06017121025,-15.2436034668
1.06068591623,-23.7892678198
1.06000268077,-23.6047454542
1.06426248633,-24.514892203
1.05770391001,-23.2967703812
1.06159845112,-24.0458173201
1.05900688672,-22.936457647
1.06933842336,-36.139791938
1.06305189907,-15.4276935045
1.06040258486,-23.9061089566
1.06318425304,-23.6335536224
1.06229226489,-24.2887176695
1.06242170727,-23.2488355477
1.05895334116,-24.1499010208
1.06140566652,-22.8816884516
1.0765721872,-35.9462215479
1.0602081975,-15.0535694672
1.06406094775,-24.0539326362
1.06393349819,-23.7540352097
1.06123859998,-24.2518757184
1.06447778565,-22.7941215393
1.06443050286,-23.551435924
1.06451352969,-22.7142299631
1.07179024223,-35.7103489947
1.05992007313,-15.4317761864
1.05847369966,-24.3852474679
1.05899125759,-23.5055741583
1.06264019306,-24.4832571424
1.0596772024,-22.7410019477
1.06279973975,-24.2993949484
1.0649510164,-22.6263191651
1.06881861668,-36.4483780201
1.05687947939,-15.6757326812
1.0645108311,-24.4945916461
1.05762100768,-24.2465074252
1.06076424202,-24.8027207048
1.05834631881,-23.1424962952
1.05926850321,-23.5995169748
1.06076468409,-22.8830862955
1.06866908362,-35.7137587447
1.05637547622,-15.1728240729
1.06415446013,-24.054260823
1.06127899492,-23.5953082729
1.06527128653,-24.0561268236
1.06297475334,-23.00912525
1.06358967983,-24.3003264943
1.06028328607,-23.0197374147
1.07185915499,-36.231558031
1.05870867517,-15.6360619138
1.06662364293,-24.4522955647
1.06783895088,-23.7299729295
1.06558526962,-24.4723984013
1.06277489252,-23.4013814694
1.07260511723,-23.9560429243
1.06324510495,-22.6567590937
1.0721204229,-36.3902497754
1.06135255374,-15.4888976489
1.06380488219,-24.3788882693
1.06721462096,-24.2961709695
1.06212323436,-24.7813110021
1.06565770034,-23.4876341257
1.06467098027,-23.997023965
1.06487272509,-22.7700733637
1.07339570702,-36.1001736246
1.05857816779,-15.4987071333
1.06365833,-24.2595819585
1.06158142218,-23.9601775072
1.06353686242,-24.4939096344
1.06292920356,-23.2751369862
1.06669662729,-23.4392897162
1.06375340861,-23.2753801064
1.07149973606,-36.1423206344
1.05921189583,-15.4223505489
1.06531167858,-24.2903565651
1.06676325335,-23.5094014994
1.06737697067,-24.5003015034
1.06158442514,-23.2103719982
1.06668485678,-23.6522879373
1.06445774293,-23.1056771163
1.07122681857,-35.7010533634
1.0598034849,-15.7040570713
1.05842867386,-24.1311820132
1.06372780842,-23.8084869468
1.06268311264,-24.8481117173
1.06040110915,-23.4996154542
1.06104937401,-24.0944437085
1.06045218372,-22.9228436304
1.07153778789,-36.2569650136
1.04997747089,-15.5707580988
1.05683673768,-24.7165015672
1.06389993185,-24.3407379866
1.06129022052,-25.1846461469
1.05526369309,-23.6310325706
1.06330008331,-24.1748005996
1.06121978905,-22.9671051143
1.07223422501,-36.0404368253
1.0590654964,-14.9117510745
1.05976932494,-24.1670831031
1.05862541693,-24.1842734366
1.06254507262,-24.3417108335
1.06089682692,-23.5433778765
1.06232080245,-23.7147232018
1.06343344518,-23.2913363177
1.07104939769,-35.9638100753
1.05478304472,-15.4297778972
1.0626507144,-24.6762631203
1.06340462621,-24.0240686246
1.05952618547,-25.0112379988
1.06080374768,-23.7589558849
1.06585227165,-23.779408407
1.05967855029,-23.0127074413
1.06676186155,-36.569200521
1.0610308831,-15.3504795908
1.0596822676,-24.4751320357
1.06193469381,-24.1343747531
1.0606800614,-24.8831008733
1.05606806902,-23.0629534206
1.0655860458,-24.0097322276
1.06011277085,-22.9247302637
1.07095456876,-36.0208755618
1.05720770409,-15.0463119657
1.06226206867,-24.1866444603
1.05905415033,-23.6726150294
1.0584979686,-24.6776580059
1.05761420541,-23.5976220951
1.05843383072,-23.6627288021
1.06204457137,-23.0871678777
1.07396058833,-36.7939740019
1.06330804238,-15.6164842523
1.05875538255,-25.0098164367
1.06576911343,-24.2671682079
1.06602875553,-24.8876030428
1.0692622763,-23.0424681871
1.06892477333,-24.0357200794
1.07288680134,-22.8598446248
1.07962156692,-36.3362601608
1.06343290954,-15.8947744953
1.06555173514,-24.8153630771
1.06900825326,-24.0376796209
1.06475555702,-24.8589707659
1.06663840813,-23.7854000563
1.06227232082,-23.9292458315
1.0643304466,-23.2799954182
1.07113228322,-36.2750307589
1.05785166925,-16.1481208703
1.06063302735,-24.2277461834
1.05671141079,-23.6350442772
1.05632953189,-24.4933559004
1.06322007551,-23.462264928
1.05846139761,-23.924264411
1.05822788131,-23.2653946453
1.06765901954,-35.9801824506
1.05688482607,-15.8011811824
1.05880200721,-24.4514440548
1.063372921,-24.1323058533
1.06107284583,-24.945458353
1.06181149251,-23.8658497644
1.06298247149,-23.7163786987
1.05985749004,-22.7505056927
1.07270068851,-36.2115455437
1.05951205093,-15.2137622656
1.06089755662,-24.9124376286
1.06039642,-23.9053891163
1.06277769555,-24.8338003457
1.0555137633,-23.5321054084
1.06383432813,-23.8374544522
1.0647470435,-23.0018987353
1.06813033558,-36.7698189709
1.05630374506,-15.4078750201
1.06235918708,-24.7353305524
1.06541125057,-23.8766520927
1.06669044768,-24.6422659174
1.05902042745,-23.8214756595
1.06324599822,-24.102267524
1.06055401405,-23.1463203329
1.07170571732,-36.6131761409
1.0572744417,-15.6737409586
1.0613852476,-24.8480302324
1.06410789429,-23.875367851
1.06231824106,-25.2229997414
1.06180987434,-23.71332175
1.0611363758,-24.3908032265
1.05548223701,-23.6584244168
1.06947976277,-36.7411625963
1.05610435459,-16.0790542821
1.06076408344,-25.0512691993
1.06020318255,-24.5608977017
1.06167742866,-24.5507986429
1.06265539824,-23.5136931764
1.06608693088,-23.5327108597
1.06201688795,-23.3438062983
1.06649978278,-36.3988264716
1.05761148305,-15.5914049252
1.05863565518,-24.9641147094
1.06391537571,-24.2063393628
1.06530171265,-25.5538209038
1.06018429247,-23.5965048663
1.06405668383,-24.2764854841
1.06565613048,-22.8974198921
1.06928096487,-36.301323186
1.05505435406,-15.9932431287
1.06084772405,-24.6302635932
1.05922877038,-24.5329442634
1.0596103629,-24.9136633235
1.0603664848,-23.4682159868
1.06260491183,-23.8594584488
1.06017975236,-23.460779662
1.0714957049,-36.4185282311
1.05779392048,-15.5766039636
1.0585646821,-24.6339973262
1.06186441501,-24.1599729158
1.06335216681,-25.2113319541
1.05811328039,-23.6425458691
1.06160263768,-24.3048657344
1.0606821649,-23.090403861
1.0672915059,-36.0104184149
1.05341371221,-15.8823900606
1.05850470918,-24.523805343
1.06161969512,-24.2334589096
1.06490857302,-24.9834221144
1.05966331234,-23.8384797781
1.05902825644,-24.1739547829
1.06243245623,-23.1565675174
1.06780268377,-36.0983978642
1.05619109168,-15.5374083866
1.05875192539,-24.7837423833
1.05713539545,-23.9741167026
1.05994192087,-24.8903222714
1.05677862935,-23.3954762345
1.06097436266,-24.0067845771
1.05869314629,-22.6694255016
1.07016965804,-36.6687188736
1.05769262655,-15.2394155677
1.05655707471,-24.7703556764
1.06096581889,-23.6982134765
1.06129296584,-24.8052376435
1.06299753615,-22.9920823513
1.06490118752,-24.0847968345
1.0604339731,-23.0938389279
1.0726874073,-36.7312585236
1.05448354917,-16.3363238623
1.06066924966,-24.6676695058
1.06217675646,-24.5683569093
1.06030304129,-24.9401539709
1.05917700901,-23.7624171872
1.06402515951,-24.1388345731
1.05892884098,-23.5324282058
1.07005424527,-36.6526479889
1.05735946139,-15.9913835193
1.06381495456,-24.2883621927
1.06076079665,-24.1159198627
1.06307967306,-25.1286062414
1.06057036794,-23.8280122587
1.06239167524,-24.480770846
1.05994859054,-23.5292151675
1.06998827751,-36.4005226119
1.06194116669,-15.9426592827
1.0605443286,-24.6234309492
1.06005371267,-24.1148669419
1.06143177593,-24.7690102226
1.05938133425,-23.4401869715
1.06138781913,-24.2752027197
1.06055508589,-23.2376985808
1.07264249181,-36.4874450689
1.05954959422,-15.7437438556
1.06013092152,-24.8621189879
1.05875176676,-24.4045884068
1.06338375021,-25.0771158101
1.06036001889,-23.5998405614
1.06004630604,-24.1189353854
1.06013491242,-23.5831827943
1.06788790663,-36.1390074358
1.05416416009,-15.7668528884
1.06015623698,-24.589989065
1.05886591603,-24.1433692396
1.06012803112,-25.3547799731
1.06183166792,-24.2353442276
1.06386171552,-24.2721485149
1.05966563337,-23.205716129
1.06731569428,-35.872021582
1.05289509155,-15.8492116444
1.06205486161,-24.9551985838
1.05702915678,-24.192310061
1.05517748913,-25.184043348
1.05763498706,-23.7888466848
1.06067977409,-24.2142815614
1.06213623362,-22.8936962005
1.06824502891,-36.1297858789
1.05904349452,-15.5668330999
1.06018601118,-24.6865647626
1.0608652407,-24.1488637191
1.06141122011,-24.8459253074
1.0598503023,-23.4859839532
1.06403749518,-24.1563544939
1.05857464089,-22.9582665371
1.06831203715,-36.3273353132
1.05492161071,-16.2419037757
1.05913543972,-24.9474849965
1.05729800885,-24.0891219872
1.05743504832,-25.0081960928
1.05775501794,-23.7648012916
1.05509533244,-24.4891117562
1.0579186502,-23.0908173011
1.06881892765,-37.0982598277
1.05402274829,-15.8781194476
1.06036586184,-25.1485136662
1.05753249945,-24.3531649997
1.05832478817,-25.1628754548
1.05579605075,-23.4881075432
1.06301228501,-23.8656341483
1.05924325672,-23.3307494259
1.0684153434,-36.4825750966
1.05425992679,-16.0330332433
1.05737879986,-24.9369712355
1.05620890471,-24.1160228115
1.05879447202,-24.7863158551
1.05969844079,-23.5050220426
1.05692018588,-24.5332788536
1.05886453518,-23.0476460068
1.06432542756,-37.0557312384
1.05144079776,-15.9988986135
1.05804398759,-25.0296665209
1.05644877978,-24.5400282536
1.0558509758,-25.5029466265
1.05184017686,-24.1907695556
1.05478903026,-24.4206042597
1.05749141911,-23.2613989514
1.06796092483,-36.6912029541
1.05800616116,-15.4946384147
1.05884719678,-24.6735407379
1.05701000969,-24.4202305573
1.05891766983,-25.1626947846
1.05827486506,-23.8401560745
1.05699418011,-24.6633593676
1.05947746254,-23.4328430931
1.06399665507,-36.3973450442
1.05739148347,-15.7064882911
1.05310460599,-24.694797592
1.05448563644,-24.5255074699
1.05792953111,-24.8276083177
1.05421891108,-24.3600568688
1.05660535185,-24.4106401226
1.05879015761,-23.245240593
1.06398222367,-36.700644748
1.0523441514,-16.1820836199
1.05922489139,-24.5377790147
1.05447964417,-24.7740360723
1.05254803771,-24.6765717034
1.05579642804,-24.2583914615
1.05867632273,-24.2542968181
1.05653139986,-23.4994971279
1.06447020101,-36.5391583601
1.05251807289,-15.7639706228
1.05604575385,-25.0742603811
1.05683503385,-24.3112713566
1.05867525188,-25.2037347836
1.05839592292,-23.3851783044
1.05572614545,-24.4302504684
1.05867044217,-23.2744785576
1.06848290953,-36.5632494094
1.05243525624,-15.8313225067
1.05670948482,-24.7412697173
1.05181625806,-23.8866558686
1.05540112826,-25.1887198455
1.05706000028,-23.4902841935
1.0586622815,-24.3195242827
1.05239348643,-23.1636165381
1.0632330739,-36.4760321665
1.04890429872,-16.448711991
1.05649025687,-24.643240908
1.05748045156,-24.56740277
1.05662345061,-25.0253902273
1.05320286063,-23.6815136986
1.0551293742,-24.281821143
1.05533048326,-23.306589553
1.06369251838,-37.4353234255
1.04930123652,-16.1336137699
1.05369960058,-25.1764996042
1.05702902126,-24.1469061473
1.05290843208,-25.3871577388
1.05346878151,-23.9822331444
1.05706985658,-24.649288552
1.06074774543,-22.8534234511
1.06587262134,-36.5051745056
1.0498283092,-16.3768193041
1.05548991277,-24.3795738595
1.05409594577,-24.7001293742
1.05844377824,-25.1994391518
1.05316421112,-23.4505471579
1.05775953231,-24.2888325629
1.05962307392,-22.8332918475
1.06504677623,-36.3673029844
1.05410557763,-16.1683591283
1.05752252124,-24.3380274782
1.05326102554,-24.3571826684
1.05570196866,-25.1181546037
1.0536482017,-23.8897510266
1.05555155978,-24.4585786409
1.05634134111,-23.368124362
1.0637445809,-36.5220441261
1.04935658937,-16.3434001841
1.05669451617,-25.2055246305
1.05672163276,-24.5861841669
1.05361858025,-25.17745736
1.0532938765,-23.9576558867
1.05517950575,-24.3991237888
1.05294813246,-23.4527731282
1.06355675849,-36.6707879143
1.05028640132,-16.1457442378
1.0563174847,-24.7934323963
1.05402063639,-25.0841713427
1.05508790688,-25.0106553245
1.05161356568,-24.5047958082
1.05421986985,-24.2494305729
1.05347871896,-23.7210216617
1.06300537827,-36.2927103124
1.04975114893,-15.9776147741
1.05352465137,-25.0028458879
1.05433340076,-24.7457245856
1.05736163192,-25.2824202451
1.05295645958,-23.9113043912
1.05749598313,-24.4199945515
1.05156153568,-23.3767249251
1.05965888144,-36.7857643382
1.04812241316,-16.1673600798
1.05165860639,-24.4838729357
1.05545749033,-23.7936916604
1.0513696128,-24.8543266353
1.05659870841,-23.3273738484
1.05387753035,-24.3231805658
1.05073806253,-23.3672158387
1.06000959023,-36.4865720285
1.04906520643,-15.668457296
1.05166364019,-24.7144159987
1.05584549292,-24.1391584042
1.05821377928,-25.4447156792
1.05529235961,-23.7860339608
1.06026143295,-24.0934260018
1.05942573814,-23.5716244892
1.06616429479,-36.3555563933
1.05628745787,-16.5820251515
1.05859001631,-24.5757057439
1.0555877048,-24.42755622
1.06054869744,-25.1803636903
1.0554511602,-23.6244317574
1.0578202678,-24.4925657662
1.05852236402,-23.4642371801
1.06394958657,-36.6456369172
1.05657305343,-16.020939297
1.05498614831,-25.4079476502
1.05536133834,-24.3309821434
1.05697167349,-24.6665653419
1.0568941944,-23.5330144799
1.05903653361,-24.4000881075
1.05700262609,-23.5196754148
1.06542856735,-36.6535025995
1.05254967788,-16.4334590992
1.05585046294,-25.4948445089
1.05545632256,-24.5524606077
1.06085365789,-25.3129379471
1.05707992976,-23.6455824736
1.05800706381,-24.3858651763
1.0571985313,-23.5853547441
1.06750441655,-36.6573824372
1.05099023892,-16.5103072708
1.05715924268,-24.7661083378
1.05828189097,-24.3402032194
1.05812097232,-25.0772940391
1.05554003579,-23.673882062
1.05448140182,-24.2806542659
1.0593224156,-23.3397057804
1.06517200261,-37.1471723954
1.04779602644,-16.4103049183
1.05346914603,-24.9744268159
1.05411818245,-24.2466482516
1.05465852915,-24.9348798201
1.04915727087,-23.9527666773
1.05483711255,-24.1577024839
1.05977506474,-23.748475488
1.0597937977,-36.3207871944
1.04667072655,-16.4236474742
1.05293173102,-25.2224474502
1.05355513895,-24.4193671864
1.05427209249,-25.2822633827
1.04760276419,-24.0262081529
1.05328262456,-24.635051979
1.05357052502,-23.6490645754
1.06125975426,-36.3176730592
1.04664537734,-15.7136918053
1.05480838555,-24.9203808837
1.05225885723,-24.8640638763
1.05264374377,-25.3310187741
1.05330045172,-24.3971407732
1.05097734675,-24.4259324918
1.05360599257,-23.4743057688
1.06154865664,-36.4913149835
1.04833535822,-16.7012975491
1.05215143733,-24.7519427693
1.05044300738,-24.6493321953
1.0513202923,-25.3870691677
1.05058216423,-23.8355399211
1.05010428272,-24.4718025069
1.05174395371,-23.9083737713
1.06240164374,-37.0572641605
1.05274271315,-16.205650247
1.05016622218,-24.7118201378
1.05302556195,-24.9578802097
1.05468309377,-25.3685136392
1.05606602152,-24.3028185932
1.05021487747,-24.0439370632
1.05302491632,-23.7115409196
1.05877990277,-36.5574972296
1.04858975634,-16.3026936303
1.05087250761,-24.8680683745
1.04870916959,-24.4799994139
1.04800036716,-25.4067501118
1.04911023646,-23.8135388829
1.05266455759,-24.9549795119
1.05153706822,-23.2835676998
1.05831532821,-36.3576310923
1.04855348813,-16.2344972821
1.05117577115,-24.889777082
1.05114445103,-24.4499078131
1.05014911184,-25.8099278623
1.04654509706,-23.8301155991
1.0519602686,-24.4114797714
1.0554460799,-23.348517935
1.06040020862,-36.2440035421
1.04599806272,-16.0010805976
1.05111088805,-25.5387620531
1.0511032918,-24.5049641167
1.04992367494,-25.2057838316
1.04879939513,-23.7682643068
1.04860305676,-24.6927263459
1.05455074878,-23.5626227724
1.05949052872,-37.0353377318
1.04803194036,-16.4565876009
1.04710340976,-24.7258082021
1.05177205715,-24.3529398461
1.05225618066,-24.7614668367
1.0501994748,-23.7741314812
1.05309719501,-24.5418113653
1.04993190867,-23.5484806991
1.06511787263,-36.6516863274
1.04788612461,-16.0333555939
1.05044448726,-25.3483405271
1.05043632467,-24.662921575
1.0531185037,-25.6344072006
1.0483682528,-24.3159333939
1.05349674506,-24.2628211243
1.04937363481,-23.2094344248
1.0606831779,-36.8982154644
1.04499654353,-16.286468508
1.04729487353,-24.9622071396
1.04961331309,-24.90854541
1.05084418939,-25.9457051329
1.05049758654,-23.94718476
1.05050154408,-24.2834079185
1.04841343806,-23.7139278591
1.06360840609,-37.0753483757
1.04521564943,-16.2587276744
1.04906256128,-25.4407516011
1.04922822309,-24.6776336527
1.05004234535,-25.7178083574
1.04840022087,-23.941485389
1.04982636225,-24.594381893
1.05029820619,-23.4295180567
1.05996509403,-36.6434482586
1.04371110257,-16.3923499716
1.05317408137,-25.443977354
1.0524261337,-25.369174638
1.05527866181,-25.4292281552
1.05200154372,-24.3777500194
1.05191412524,-25.0377355334
1.05576471002,-23.7454883304
1.05901425687,-37.4088699139
1.0475084259,-16.5509872829
1.04973427162,-25.9139852405
1.05035984521,-24.7817226262
1.04827529728,-25.2263174398
1.05109251519,-24.0268066452
1.05031550977,-23.9719020304
1.05308789862,-23.374665154
1.06150599633,-37.2052123314
1.04480588861,-16.6289291139
1.04954816932,-24.7940980432
1.05289899338,-25.0198129781
1.05070620061,-25.6931292677
1.04998856319,-24.4574561619
1.05372899948,-24.8588265681
1.05069965719,-24.039700479
1.05786252667,-37.2997010109
1.04593236723,-16.5624548737
1.05173994789,-25.3899065786
1.0517788205,-24.5092016509
1.05505152906,-25.4794153611
1.048849721,-24.1100830064
1.05045350513,-24.3723649955
1.05318345387,-24.178574708
1.05752133485,-37.3249057973
1.0427880802,-16.8051427722
1.05488722704,-24.9239007251
1.04982408756,-25.0374615618
1.05089033821,-25.768351619
1.04783993349,-24.0122130104
1.05338857179,-24.311037579
1.05253783486,-23.4685961761
1.0576045107,-37.1662209021
1.04813774458,-16.6747892353
1.05160479018,-25.1059485186
1.05077927648,-24.7952524478
1.05130176658,-25.0965531861
1.04981785146,-24.1303701798
1.05142141371,-24.4573336987
1.05313883457,-23.4826518774
1.06261083993,-36.9218938386
1.04391793877,-16.6345291057
1.05111850547,-24.8962641789
1.05159657633,-24.1205508016
1.04994057607,-25.2441027862
1.04802417525,-24.2136681991
1.05220044483,-24.5779254517
1.04904897821,-23.4053130825
1.05908578835,-37.1313190031
1.04491140013,-16.1434864505
1.05208940845,-25.1172758181
1.04710240813,-25.9333091624
1.05139138766,-25.8589022154
1.04774543877,-24.4197271306
1.0497656003,-24.9092615193
1.05305777909,-23.6137766622
1.05887865403,-36.4337096629
1.04317505584,-16.448466568
1.05007529255,-25.1839461979
1.04810269452,-24.2804325525
1.05334514993,-25.4526061427
1.04731939763,-24.3546845446
1.04951915539,-24.4965776518
1.05357387256,-23.8688514412
1.06082930267,-36.8775396281
1.04748568287,-16.6654168053
1.05143017262,-25.2816019602
1.05148860775,-25.0838998428
1.04941488766,-25.5568398079
1.05194551414,-23.9802381436
1.04951637688,-25.2213074935
1.04777158492,-23.9224012493
1.0590990405,-36.7041807178
1.0465155571,-16.7114767846
1.04855222802,-24.8912450744
1.04904941704,-25.0069571821
1.05173434721,-25.7985315655
1.04792429203,-24.4224961277
1.04820649655,-24.3395334817
1.05234481298,-23.9742379792
1.05904052427,-36.4246019828
1.04533312968,-16.7462484975
1.04984275133,-24.9231214438
1.04850847931,-24.8977607359
1.05397195804,-25.2100122468
1.04774819125,-24.4010436497
1.0461244694,-25.0237444482
1.0523658464,-23.9616709367
1.05873156928,-37.3140411862
1.04481050307,-16.7182153702
1.04758071943,-25.5751490361
1.05325427209,-25.3623354639
1.05638265791,-25.3131056237
1.04993468741,-24.9748872566
1.05400765408,-25.0208426544
1.05135014642,-24.0978606224
1.05696122119,-37.1472690265
1.04237982378,-16.4553559756
1.05386128438,-24.9869585632
1.04882959953,-24.8602517316
1.04926921703,-25.6608915916
1.04893537161,-24.1635416171
1.0527737003,-24.8153312891
1.04723695275,-24.0894127218
1.05841533718,-37.3588908985
1.04468742053,-16.9691613964
1.05022600947,-25.1984677617
1.04721164261,-24.8164944691
1.0498042672,-25.4877069825
1.04614208206,-24.7918468022
1.04965514717,-25.1982713498
1.05079087339,-23.8303358476
1.05557806943,-37.1293630693
1.04511562122,-16.6024019971
1.04913819751,-24.6102382239
1.04751525802,-24.5091311201
1.04973076729,-25.5324312868
1.04662526715,-24.2188731584
1.04862960435,-24.4649204396
1.04743731666,-23.9768205733
1.05854587229,-37.0248334923
1.04483888035,-16.0603620547
1.04562847767,-25.3286562442
1.04823070297,-25.1675101327
1.0500381285,-25.9847106522
1.04697867182,-24.7922733263
1.04934407575,-24.5682759768
1.04815471266,-24.1451626363
1.05724970186,-36.8541607176
1.04218701052,-16.8546950526
1.05007058965,-25.1357586919
1.04708631015,-24.9702818933
1.0504082318,-25.2277492486
1.051466478,-24.4062854045
1.04647436394,-24.7357167532
1.05248403442,-23.3037618552
1.05589065014,-36.9181992892
1.04244281768,-16.78705607
1.04878850081,-25.2117727701
1.04811450801,-24.7816168957
1.04703748353,-25.8563530802
1.04338392511,-24.4450402346
1.04719324474,-25.0526124902
1.04763810856,-23.6823018814
1.05638845415,-36.6882160724
1.04632848967,-16.6803977783
1.04622757312,-24.7454374326
1.05023721708,-24.6692037351
1.04751255208,-24.9040604536
1.04207741378,-24.5465209478
1.04857166909,-24.6747059669
1.04738186595,-23.6933146424
1.05706019515,-37.2164449525
1.04139951713,-16.5159185726
1.045817699,-25.1250002569
1.04783157049,-25.3476095377
1.0442975581,-25.3675734537
1.04735300682,-24.1520150898
1.04571089598,-25.0141847106
1.04456312665,-24.0348973448
1.06042454452,-36.6698361616
1.04003218323,-17.0525306095
1.04277965615,-25.7058881156
1.04739463479,-25.1471318311
1.04664927726,-25.4911149011
1.04501392474,-24.1691214234
1.05092160346,-24.2333334707
1.04534095627,-23.3433552183
1.05727248798,-37.0234631505
1.04312258779,-16.7533337674
1.0481767276,-25.0199594261
1.05030906724,-24.9364142322
1.04614217987,-25.1201953032
1.04512329046,-24.18144326
1.05052640175,-24.3955925586
1.04631230095,-23.5673424715
1.05355160604,-36.8729874561
1.04704125627,-16.2935947846
1.04552502656,-25.2944756842
1.0434427362,-25.0133794034
1.04848940915,-25.5533368994
1.04310559695,-24.5041430425
1.04848386567,-25.2833914676
1.05224803894,-23.7144290337
1.05995620786,-36.9791952977
1.03978204809,-16.8234962536
1.04854632938,-25.8762288857
1.04365259649,-25.0117819028
1.0445096382,-25.7645305434
1.04499952156,-24.3453768086
1.04685737239,-25.2061159129
1.04810211994,-23.84890841
1.05498982689,-36.567218224
1.0397317137,-16.5381994923
1.04398791028,-25.5547239116
1.04527223053,-24.6507162987
1.04927329266,-25.4572157784
1.04364957806,-24.2307842413
1.05032932367,-24.8152297324
1.04753957966,-23.9219105527
1.05668128336,-36.8756421448
1.04173324106,-16.5144890293
1.04766258077,-25.6378447519
1.04512998298,-24.9865022826
1.04413567214,-25.6443578773
1.04332606639,-24.3071417397
1.04678883199,-24.5648108486
1.04542605057,-24.2072658794
1.05790911935,-36.5744060224
1.03978229518,-16.8587067924
1.04890219286,-25.5265690085
1.04550396935,-24.6861102386
1.04606060799,-26.0995550907
1.04127420386,-24.9929819693
1.04681533918,-24.7010580097
1.0449728443,-23.745962416
1.05544706764,-37.1030319677
1.04340568552,-15.7722709955
1.04397732599,-25.7390713176
1.04559916669,-24.4881306009
1.04729310861,-25.3736793833
1.04613004823,-24.1702104375
1.04860027962,-24.6206431551
1.04414303107,-23.8368572496
1.05576402935,-37.4466352127
1.0404515774,-16.7144667148
1.04425842545,-25.1257659671
1.04424750542,-25.2227578712
1.04664250945,-25.6566673967
1.04165962879,-24.6533309862
1.04396109662,-24.4752314291
1.04387856615,-24.1912373134
1.05404455866,-36.4034380771
1.04084413616,-16.5972245951
1.04217787031,-25.2856788115
1.04174752535,-25.4450901262
1.04680093712,-25.7471426957
1.04231401396,-25.2321907399
1.04170196319,-25.5128437386
1.0429205612,-23.9319030556
1.05649104127,-36.7014020721
1.03909872216,-16.953686519
1.04075443096,-25.5915149488
1.04419570591,-25.1662716141
1.04627439907,-25.2475059834
1.04283339969,-24.5121423619
1.0434715607,-24.5487056811
1.04694364922,-23.7339627755
1.05224076323,-37.0029461427
1.03677387154,-16.5640403918
1.04046749683,-25.5773342315
1.04578781418,-25.1229893851
1.04549997564,-25.510502319
1.04492577214,-25.0263267415
1.04240768271,-24.9085118532
1.04412750675,-24.1700084079
1.05334120958,-37.4171527396
1.04002861773,-16.3081179999
1.04688241453,-25.0825837336
1.04530764372,-24.8875865079
1.04477078789,-25.6307326737
1.0420367374,-24.1544135363
1.04640194094,-25.3209718233
1.04684179663,-24.1072899818
1.05236946345,-37.4431204761
1.04048408276,-16.9077865342
1.04542937267,-24.9882623266
1.0474994541,-25.0626196891
1.04888199524,-25.5914598816
1.04237201527,-24.6014269893
1.04910786675,-25.3176043814
1.04443374053,-24.3367183009
1.0533356007,-37.1665353125
1.0377224205,-17.2695382923
1.04945058731,-25.2306461049
1.047173651,-24.8920779016
1.04975595357,-25.3038587735
1.04896825072,-24.3407502578
1.04941979769,-24.8727817596
1.04724544814,-24.3414723726
1.05859972709,-36.5416310532
1.03960740493,-16.8977841871
1.0439494627,-25.040777311
1.04555544097,-24.8265347958
1.04374578152,-25.7339366162
1.04995668769,-24.7058341224
1.04656646565,-24.6135901712
1.04962981219,-24.094952118
1.05704889283,-36.7537754629
1.04505986096,-16.7505012772
1.04564561799,-25.4809877288
1.04326182367,-25.0231460317
1.0478174857,-25.6538655696
1.04469322083,-24.5477133182
1.05156621467,-24.8781222028
1.04645549562,-24.0816454598
1.05466089152,-37.7694226364
1.03957739613,-17.3820998915
1.0455405385,-25.4420713511
1.04567667089,-25.2876031811
1.04808462311,-25.8425210753
1.04316352494,-24.550016154
1.04814443538,-25.2556721219
1.04399114599,-23.9545408846
1.05283436922,-37.5786313646
1.04609653183,-16.2089221554
1.04552092303,-25.751122292
1.04597413869,-24.7971541298
1.04599090043,-25.3640764361
1.04842040491,-24.3006141551
1.04990442134,-24.5831966942
1.04797625308,-24.3436000735
1.05998415937,-37.3082817728
1.04027971444,-16.9128920815
1.04757693857,-26.0647731058
1.04304432242,-25.597787029
1.04494042665,-25.4831739788
1.04429186281,-24.136790223
1.04487492375,-25.2241150772
1.0463979158,-24.1326041584
1.05424164871,-37.1015902097
1.04039189031,-16.7573793969
1.04700521835,-25.0186139282
1.04684383231,-25.1227425568
1.04723101941,-25.4164014522
1.04648521216,-24.6607254807
1.04890023438,-25.1982284487
1.04297149296,-24.2510796729
1.05455672116,-37.6572393425
1.04145201733,-16.5248803885
1.04477930484,-25.8049874131
1.04394730183,-25.0761710919
1.04635399652,-25.9427348693
1.04660251221,-25.2240464462
1.04800817745,-25.713016198
1.04788954268,-24.3469539577
1.05719560964,-37.4549244836
1.04237617915,-16.9254647546
1.04192261694,-25.9517276072
1.05148829838,-24.8462713883
1.04807068542,-26.2973199778
1.04549585349,-24.3390112542
1.04554045833,-25.1649710694
1.04639014219,-23.8911304951
1.05622007154,-37.1237729868
1.04544405727,-17.0854299275
1.04950481927,-25.7548019783
1.0481200258,-25.0885955294
1.04520573783,-25.763703183
1.04479690394,-24.443640859
1.04675351592,-24.7571074071
1.04287435121,-23.8947358083
1.05322111873,-37.8598289077
1.03985019527,-17.0604936478
1.04249108427,-25.7817367709
1.0476187354,-25.0574484413
1.0417536716,-25.9033305702
1.0411193655,-24.1343554199
1.04387832521,-25.6133582733
1.04814745752,-23.7880742799
1.06033930344,-37.5078442265
1.04188099059,-16.5362773873
1.04323049142,-25.8631961163
1.04482385589,-25.4254302611
1.04721279129,-25.8214740744
1.04332582865,-24.5228207149
1.04636540734,-25.1007545246
1.04441780342,-23.865556466
1.05314435623,-37.4642463608
1.04287784583,-16.8050390287
1.04471091087,-25.7951422265
1.04167828479,-25.4690488658
1.04437589273,-25.8214007622
1.04311501753,-24.8915641429
1.04393318743,-25.4234720103
1.04333950256,-24.4009169518
1.05082800441,-37.1460132319
1.04146975309,-16.8923183083
1.04312204312,-25.862154665
1.0441760942,-25.083125298
1.04274347886,-26.1798575007
1.04581546308,-24.3231043553
1.04416105032,-24.9775028609
1.04466934269,-24.0091431177
1.05363489932,-36.7936849249
1.03984902986,-17.3307616118
1.04779013801,-25.3546452509
1.0447228334,-24.9177012341
1.04688878981,-25.4258027319
1.04422328837,-23.9377160106
1.04483930151,-24.8614329129
1.04478290608,-24.0367850985
1.05347283901,-36.8508148694
1.03976330407,-17.2710501436
1.04412853877,-25.0629490425
1.04592636548,-24.8396036755
1.04817418985,-25.6994819944
1.03894384038,-24.8389811112
1.04185054784,-24.861065706
1.04032234574,-23.839699635
1.04825097521,-36.9661523049
1.03539981282,-16.6757146477
1.03972780914,-25.4103240821
1.03976271514,-25.0777926593
1.04519469117,-25.6524344016
1.03995466576,-24.9565001604
1.04323735076,-25.1602519649
1.04028597065,-24.6096077088
1.04915325551,-37.1799738697
1.03323145961,-17.011785248
1.04237895799,-25.7980039711
1.03997734045,-25.4690138553
1.03920607183,-25.8626906686
1.04004041077,-24.2963096609
1.04208144281,-25.4939759071
1.04119605092,-23.9371192216
1.04953299575,-37.5581240119
1.03645673413,-17.036833347
1.04379480887,-26.3729463776
1.042472272,-25.719033889
1.04289871515,-26.068847723
1.04552329804,-24.6810375488
1.04278042154,-25.3647154496
1.04556405627,-24.4423591465
1.05238146221,-37.4745917187
1.03646382419,-16.9127242391
1.04265074247,-25.4314919289
1.04119493499,-25.0728241933
1.04304767331,-25.9349548237
1.04075420381,-24.5587194508
1.04256588355,-25.4249106481
1.03961107045,-24.0757680398
1.04869487337,-37.5622170505
1.03612985451,-17.4335592293
1.03865667079,-25.9172689911
1.04090167503,-25.1864475826
1.04586420314,-25.8475225335
1.04414510315,-24.6321573724
1.04336082395,-25.1492891924
1.04181266993,-24.1040566946
1.04917585493,-37.2791916801
1.03917655744,-17.2183819569
1.04299349947,-26.0496140692
1.04114726886,-25.0212376603
1.04220181522,-25.92688574
1.0398771757,-24.0974484395
1.04143044725,-25.2037449744
1.04119558474,-24.2705688542
1.05204931266,-36.9276060717
1.0399444643,-16.8622111121
1.04032766917,-25.3471481215
1.04142066821,-24.6581225874
1.04645058484,-26.2368665605
1.03910355545,-24.6141562412
1.03869868698,-25.8204669179
1.04143069067,-24.549906261
1.04502373037,-37.5075747445
1.03660108103,-16.5353381226
1.04392143725,-25.8701018597
1.04277779818,-24.9197182199
1.0417816277,-26.2121463178
1.04015347275,-25.1581039158
1.04359385325,-25.0422556505
1.04052529994,-25.0181141447
1.05110845152,-37.6840338571
1.03650313683,-17.5894468786
1.04193151572,-25.6336582811
1.03905683703,-25.6029522839
1.04233250826,-26.4089060543
1.03902746182,-24.2424178961
1.04135885815,-25.2774407465
1.04666058724,-23.9083855445
1.05116409062,-37.7010560892
1.03631027027,-17.2644437745
1.04311934176,-25.5899329937
1.04076201403,-24.7190923735
1.04319754791,-26.1115420639
1.04210799993,-24.5449817643
1.04123362069,-25.0243916662
1.04296921388,-23.9656988386
1.04985710503,-37.3808790064
1.03838221501,-16.8803973126
1.03799441607,-25.8363043226
1.04107409918,-25.2383667
1.04309001865,-26.3756486439
1.04296548559,-24.3071695442
1.04384918292,-25.5197232924
1.04433960866,-24.3571884208
1.04920268681,-37.6161820413
1.03859144706,-17.0279656392
1.04002730651,-26.0268330583
1.0397979567,-24.8933471805
1.03975665668,-25.806650925
1.03990795179,-24.9237000585
1.04539361033,-25.3960519423
1.04185401771,-24.3695627781
1.05037735291,-37.3127350981
1.03441462115,-16.8779062416
1.03942560361,-25.6343231809
1.04193879072,-25.5221558882
1.04106501539,-26.1126416874
1.04205908251,-24.5793631458
1.04103136694,-25.2014246078
1.04131654814,-24.1170683115
1.04985457324,-37.6306431289
1.04122185185,-16.933574649
1.04290029025,-25.7822599302
1.03825508602,-25.4453018985
1.04886532272,-25.8136458363
1.04272005509,-24.4940847662
1.04424751356,-24.8023235663
1.03853996708,-24.6412431319
1.05228486422,-37.5078802677
1.03713232463,-16.6658726242
1.04305829546,-25.899079184
1.03759253917,-25.4542802022
1.04143114631,-25.6159450807
1.04584296215,-25.1287895484
1.04020852628,-25.650239482
1.04137060878,-24.2551625993
1.05079541373,-37.9284682543
1.03904099945,-17.2941057033
1.04057835339,-26.2378419547
1.04251855319,-25.4363449567
1.04526239541,-26.047503194
1.04122431253,-25.0313572478
1.04304624429,-25.4518039002
1.04266306591,-24.6131387795
1.05452801321,-37.0939804968
1.03831915246,-16.8130165711
1.0415757527,-26.2452880996
1.03960757707,-25.3398836928
1.0446100552,-26.1602142388
1.04193326917,-24.5887864417
1.04054204753,-25.0055618133
1.0411443858,-24.3452216812
1.05100734023,-37.9692483068
1.03689126842,-17.0662300667
1.04471520095,-25.9561727195
1.03970954886,-25.0969855531
1.04455364844,-26.2322318974
1.04267208071,-24.8026124417
1.04611567451,-24.7840699247
1.04235867123,-24.3693271579
1.05141563442,-37.1834442065
1.03766749018,-17.1746731251
1.04140233034,-25.716858671
1.04361626238,-25.614398378
1.04351415731,-26.4315095224
1.03842558918,-24.8269403125
1.0430320148,-25.2103601437
1.04377097943,-24.561685728
1.04896638981,-37.5996068379
1.03971978194,-17.0028118421
1.04215394097,-25.8648366991
1.04480265106,-25.420399725
1.04350702881,-26.1597941932
1.0395552261,-24.9655170789
1.04185414854,-25.4186687511
1.04374310031,-24.7260062455
1.04995446247,-37.6642189734
1.03482059026,-17.860365399
1.04058410578,-25.8946438319
1.0396719048,-25.5408501772
1.04252854557,-25.6749514985
1.04011957339,-25.0891218853
1.04199363075,-25.5132432973
1.04225370006,-24.6986387509
1.049103149,-37.0492483653
1.03795624914,-17.1976596597
1.0410235989,-25.2226393686
1.04053059409,-25.3530020977
1.04516423059,-26.3458010896
1.04195390713,-25.2014200648
1.04101125124,-24.9194365407
1.04493490008,-24.6074795496
1.04777089785,-37.4837783789
1.04193333991,-16.7329625811
1.04070614852,-26.0830038622
1.03873434845,-25.8628777553
1.04427345961,-26.2015145196
1.04236619057,-24.9592320055
1.04257635087,-25.4113091973
1.03975404101,-24.2271592851
1.04917037585,-37.6177865778
1.03932237453,-17.0862187401
1.04219063981,-26.3565745453
1.0398431294,-25.2238751866
1.04055078744,-26.342667995
1.04090818484,-24.8378036165
1.04183779616,-25.4809120418
1.03995138096,-24.3435381842
1.05157304732,-37.5741178264
1.03582578688,-17.0788506558
1.04046473287,-25.8356576268
1.04025564037,-25.0755348311
1.04078558179,-26.2836145509
1.03878312269,-25.1166056679
1.04116581015,-25.886340123
1.03874371841,-25.109965577
1.04794515855,-38.1450500803
1.03555264284,-17.4297854023
1.04345561237,-25.9062607379
1.03968640882,-25.4247243437
1.0405469994,-25.8932407947
1.04206971771,-24.7766357805
1.04201980725,-25.082703964
1.03588412363,-24.9213248015
1.0483793046,-37.1902152555
1.03865277266,-17.3852136079
1.04050401207,-25.89179608
1.0386735616,-25.4938221688
1.04525239203,-25.95272219
1.04159875447,-24.5087980409
1.03930235559,-25.5350467244
1.04083375541,-25.0427128542
1.04790239539,-37.7943543587
1.03516646017,-17.4189161571
1.03818270908,-25.9677165517
1.03894728492,-25.8510300456
1.03998766979,-26.0916179074
1.03729648824,-25.139469429
1.04209450588,-25.3789555649
1.04093057682,-24.494140188
1.05056244045,-37.6552099571
1.0390170431,-16.7374515536
1.03926904832,-25.517742569
1.04147264558,-25.1653359226
1.03959182089,-25.4915646305
1.04194382436,-24.6508161673
1.03798160271,-25.8792513211
1.0391736801,-24.6775040546
1.04762949405,-37.6818406606
1.03369949177,-16.7571636501
1.04053819343,-25.5243607171
1.03997623479,-25.5338901096
1.04082566684,-25.6833707566
1.03892286448,-24.8942089172
1.03989512479,-24.9627627842
1.04109917324,-24.1681623592
1.05450466251,-37.2269094064
1.03339869885,-17.1177745602
1.03907002409,-26.1984390737
1.04246756667,-25.1905043464
1.03827838258,-26.5432094111
1.036846466,-24.5460824514
1.04074275625,-25.7699200493
1.04148151359,-24.5763375218
1.04557235584,-36.9754823064
1.03431244662,-17.0784202264
1.03901919381,-26.0395418768
1.04281115463,-25.5561538765
1.03861667012,-26.0366100131
1.03959349419,-24.8868604695
1.04313545542,-25.3893879911
1.04100264862,-24.563708337
1.04985928658,-37.4503239979
1.03404961844,-17.1188433735
1.03860867788,-25.9097169417
1.04016968218,-25.0889513001
1.03577099663,-26.3189421882
1.04194304424,-25.2654949051
1.03774801063,-25.3486131328
1.04219548011,-24.3683045885
1.04678775586,-37.7514881227
1.03362642287,-17.0491179385
1.03345046083,-26.021060849
1.0381938975,-25.4029206368
1.03795971387,-26.3151865943
1.03605071799,-25.0022633339
1.04137902896,-25.3655970861
1.04261562866,-24.6749679988
1.0448185836,-37.571986834
1.03306323359,-17.2248966966
1.0416362893,-25.9625386162
1.04279612265,-25.2925874296
1.03896391268,-26.3306396318
1.03769044204,-24.6828633418
1.0404799656,-25.0325876806
1.036005836,-25.1251021244
1.04879942279,-37.4280547884
1.03358188479,-17.2835330643
1.03464763788,-26.5154487725
1.03856950702,-25.551135096
1.03818929365,-26.4521226351
1.03558152448,-25.0625780732
1.03736451715,-25.7912348873
1.03783399956,-23.9519976664
1.04441959425,-37.9084466246
1.03124608534,-17.3021867699
1.03400961559,-26.2572927874
1.0362234325,-25.8202010866
1.03683828004,-26.4399107243
1.03567657647,-24.848961188
1.03615690888,-25.7056056564
1.03707539142,-24.4244426395
1.04197994342,-37.4864583231
1.02984697532,-16.9499399314
1.03806747109,-26.0837841386
1.03680887509,-25.3671383066
1.03319783285,-26.9942098838
1.03689942714,-25.0163263015
1.03863599845,-26.0192456098
1.03403200311,-23.9637680566
1.04587342735,-37.2716029715
1.03482443027,-16.8920263837
1.03460685799,-26.1558537989
1.03853268429,-25.988591446
1.03583875143,-26.2137237998
1.032096198,-24.5553736972
1.03468616359,-25.4014357335
1.0368677297,-24.4146000488
1.04657798868,-36.8041266236
1.02944867695,-17.4659485439
1.03285084377,-25.4172950624
1.03501295984,-25.4779216147
1.03637145915,-26.3489521903
1.03394434411,-24.9338521033
1.03437347267,-25.8573319409
1.03320763979,-24.1329455482
1.03833463232,-37.7561536774
1.02851368567,-17.2281279782
1.03652510977,-25.6622425749
1.03299021902,-25.0852072915
1.03512926759,-26.1471877413
1.03334852262,-25.5921067619
1.03296515662,-25.875244138
1.03379109264,-25.1733656983
1.04162082512,-37.5785934117
1.0278699502,-17.6486145679
1.03293906847,-26.0438427033
1.03281195226,-25.5427650253
1.03565838814,-26.6955519652
1.02960800997,-25.1784468963
1.03582886349,-25.382707481
1.03310435,-25.2678762232
1.04395176846,-37.5555149282
1.02377729712,-17.6805252485
1.03299988021,-26.0780112904
1.03484848653,-25.861638497
1.0369022227,-26.9254376851
1.03131287188,-25.1040322425
1.03597137408,-25.8530978531
1.03399268132,-24.3148950308
1.04189617205,-37.6323253839
1.03131495206,-17.6436728607
1.03032604128,-25.2022201725
1.03137697088,-25.7049585767
1.03349750305,-25.8203877342
1.02814723593,-25.0747512132
1.03449758892,-25.7905986362
1.02991767697,-24.9544175492
1.04342046272,-37.8365729207
1.02904717405,-17.5111555317
1.03101183996,-25.8776468093
1.03164577356,-25.4346007107
1.03187419304,-26.0076300356
1.03361963241,-25.0273118461
1.03173615465,-25.4511742197
1.03385413209,-24.6521470881
1.0431006832,-37.058352211
1.02848296472,-17.0034700217
1.03289294203,-25.5653587713
1.03427743579,-25.4511832944
1.03411541052,-26.0600187559
1.02952928721,-24.700854403
1.03229367822,-25.7218001201
1.03206387916,-24.3057785441
1.0430259354,-37.5783569924
1.02815119745,-17.5563588819
1.03155838772,-25.8305749753
1.03123369354,-25.8087252223
1.03361248137,-26.1174692387
1.03337958926,-24.5936381287
1.03282143914,-26.0151694168
1.03225738686,-24.6641354405
1.04348406669,-37.6456072043
1.03499279957,-17.2722623399
1.02855982754,-25.8343597315
1.03821674211,-25.4882743238
1.03419175517,-26.1204326835
1.03237016037,-24.6432417831
1.03663358896,-25.4831701591
1.03245131307,-24.969702116
1.04732271684,-37.0564488977
1.03300826286,-17.3282413517
1.03217663237,-25.8796356132
1.03585879917,-25.291551623
1.03327700018,-26.2718383511
1.03424512157,-25.2687650711
1.03538639355,-25.447661485
1.03578871331,-24.9813761253
1.04154242787,-37.4354584933
1.02828990551,-17.332865646
1.0340876004,-26.3401586488
1.03670181323,-26.0060182832
1.03362976736,-26.6674477746
1.03540625408,-25.2579394808
1.0353115674,-25.6827665197
1.03160353332,-24.2610543523
1.04478853784,-37.5244858512
1.03121184443,-17.4750524674
1.03050324371,-26.3494492995
1.03111084752,-25.7775007509
1.03307194362,-26.3991326118
1.0324980288,-25.3357353526
1.03320353185,-25.5042975255
1.03627748734,-25.0042819511
1.0432694927,-37.7472377533
1.02879227986,-17.7221286765
1.03308137882,-26.0233243953
1.03281343647,-25.9021245645
1.03532942812,-25.9158906767
1.03457702896,-25.4770189757
1.03483701778,-25.7378348377
1.03047133986,-24.792251173
1.04674765327,-37.4790094897
1.03292838895,-17.4441127681
1.0330449487,-25.958001303
1.03351071837,-25.5917103734
1.03568709445,-26.1061508226
1.03499543687,-25.6368976334
1.03834205035,-25.4318685561
1.03228334017,-25.0080383018
1.049284607,-37.3335574773
1.02930737017,-17.6000800754
1.03177689199,-26.2016350622
1.03273480274,-25.7881176567
1.03131627289,-26.2136105258
1.0292999254,-25.3845798982
1.03691865598,-25.5002732161
1.03412927957,-24.8575206742
1.04145819663,-37.996203879
1.02902091665,-17.2323423013
1.03646321383,-26.52360366
1.03643178499,-25.2850486915
1.03446506051,-26.6702887833
1.0345986948,-24.4335709663
1.03594175283,-26.043531736
1.03343786825,-25.1487945883
1.03922032046,-37.8874730278
1.02963290912,-17.4642804369
1.03304907431,-26.7116249247
1.03596243974,-25.6484137663
1.03473780779,-26.5854671804
1.03469304254,-25.6722354102
1.03615192294,-25.4283260326
1.03087032049,-25.2516471393
1.04041884827,-37.7480448683
1.03118488095,-17.4867823919
1.03535942397,-26.2531036105
1.03590072603,-25.9604817376
1.03636717092,-26.3301447989
1.03181039143,-25.2432462901
1.03330256842,-25.3511127197
1.03730332055,-25.2185911046
1.04466414692,-37.7355872679
1.02931654418,-17.8149507253
1.03408745104,-26.7630038382
1.03322772727,-26.0117031462
1.032399431,-26.9561507669
1.03239466103,-25.8216139434
1.03330437291,-25.9562798049
1.03473668172,-25.315511683
1.04108637633,-37.6166661466
1.02714424639,-18.4792081572
1.03436420922,-26.2709280534
1.0336735448,-25.8344859353
1.03452163217,-25.9573683565
1.0345387126,-25.1562418932
1.03591700389,-25.4153759955
1.03443881764,-24.5263820145
1.0457290008,-37.6260418463
1.03159997355,-17.6143859588
1.03598773962,-25.8934800597
1.03974815095,-25.9961284202
1.03504264084,-26.9739683377
1.03615035273,-25.2501968918
1.03689375417,-25.6834452226
1.03804969718,-25.1603558536
1.04154949239,-38.0111373271
1.03490167265,-17.4435380898
1.03595273016,-26.1758425847
1.03648162981,-25.4423233094
1.03406628452,-26.3422781398
1.03762104496,-25.3975463043
1.03820632621,-25.3726782792
1.03741875342,-24.920314412
1.04981952214,-37.576048324
1.03401997223,-17.7561612168
1.03451092533,-25.8915208428
1.0364811793,-25.8721607091
1.0373301678,-26.6989055709
1.03518610617,-25.6043516783
1.03916567576,-25.5379622493
1.03672844595,-25.2093983963
1.047446569,-37.6037067482
1.03202687831,-17.6598299686
1.0334127573,-26.5819437581
1.03782516975,-26.0302227082
1.03478838182,-26.3144746043
1.03467235667,-25.0967694557
1.03162978951,-25.4135007792
1.03542042825,-25.4780403461
1.04342233531,-37.4655636024
1.02818014925,-17.6667365207
1.03363129875,-26.0486388249
1.03413367269,-26.026607458
1.03565148664,-27.0091374519
1.03085938679,-25.6670357161
1.03341476539,-26.363188476
1.03215036881,-24.9314792547
1.04257296394,-37.9286299095
1.0294361415,-17.8021524107
1.03552048893,-26.4914821509
1.03340096789,-25.5941451843
1.03321428895,-26.2476342443
1.03221671168,-25.3575684786
1.03431242431,-25.6208673661
1.03443427591,-25.0846055603
1.04246568865,-37.9052047328
1.03000070426,-17.9178722238
1.03425831801,-27.0053932132
1.03552444154,-25.7667133768
1.03605341184,-26.9484332568
1.03335623992,-25.543183639
1.03652383511,-25.9253673508
1.03771992354,-24.8321762543
1.04277025651,-38.1577722296
1.03065535205,-17.3270041137
1.03374274082,-26.6627091816
1.03780545862,-25.8670642281
1.03646018973,-26.4733239727
1.03546430267,-25.6156810347
1.03702827172,-25.6656159083
1.03789500462,-24.9980850182
1.04655233036,-37.7791364756
1.02927992572,-17.7662545109
1.03708292667,-26.1686398649
1.03425810591,-26.0416703245
1.03854128451,-26.2474449611
1.03452880681,-25.1463203028
1.03622553328,-26.1786302897
1.04123229035,-24.847825452
1.04535782182,-38.0260873589
1.03148134791,-18.0171260539
1.03565038997,-26.5723156348
1.0356813587,-25.7080882197
1.03604324166,-26.3035682251
1.0373520628,-25.6701952302
1.03856782764,-25.6815221608
1.03963096116,-24.8307616081
1.04988295978,-37.8031032973
1.03066571358,-17.7132631569
1.03409403937,-26.3324732803
1.03534600373,-26.1366838181
1.03865519878,-27.144301294
1.04164856917,-25.1348798053
1.03689835035,-26.1966123126
1.03842140564,-25.0652254197
1.0475649831,-38.4871911375
1.03430345463,-18.3490089486
1.03596662679,-26.4099622332
1.03876986114,-25.8505910254
1.04086538704,-25.9072041445
1.03787596269,-25.5921352294
1.03863243836,-25.968559484
1.03832320781,-24.9477409944
1.04790769941,-37.9603151222
1.03305947175,-17.8990490036
1.03915094465,-26.7344624213
1.04288411656,-25.9853429829
1.04478017112,-26.7855761982
1.04013309605,-25.1913270149
1.04226829563,-26.2511882474
1.03945286119,-25.0068559525
1.04916009094,-37.9725270935
1.03833305241,-17.7554340504
1.0432376136,-26.7397045627
1.04148947187,-26.1347133332
1.04231562313,-26.7992762878
1.03923172086,-25.5038929945
1.04362866606,-26.4989277035
1.04391611693,-25.1320236727
1.05096558512,-38.3237734513
1.03848003393,-17.751188126
1.038725919,-26.9228957192
1.03802256618,-26.3794271867
1.0407789764,-26.6167749215
1.03840598858,-25.8435647669
1.04148829326,-26.4252260303
1.04136494657,-25.1353356302
1.04937299482,-38.9024663319
1.03624739813,-17.8422003266
1.04289110371,-27.0865083852
1.03866706328,-26.2923557297
1.04370365804,-26.8637638052
1.04185661208,-25.6412582047
1.04259380412,-26.1590005384
1.04536378602,-25.3762577423
1.0501391489,-37.9241702162
1.03980887666,-17.5875561922
1.04445790423,-26.384434713
1.04214667298,-26.5153203494
1.04276506158,-27.2275698551
1.04151339355,-25.4327260482
1.04283733427,-25.9129902963
1.04123253361,-25.4047907311
1.05157434012,-38.7192782682
1.03848820604,-17.8922068643
1.03986209268,-27.4276076564
1.04250338192,-26.0025890694
1.04217838996,-27.1082644018
1.04382051175,-26.2887466118
1.04588015491,-25.7522765627
1.044051671,-25.7323234449
1.05189798259,-37.5397132994
1.03495857864,-19.050434751
1.04131738779,-26.6470750443
1.04354477803,-26.1715905536
1.04280355774,-26.6891773345
1.04331934518,-25.9221704541
1.04348128718,-26.2839812115
1.04346112618,-25.7542215377
1.05350889822,-38.3417023415
1.04061961573,-18.0027217178
1.04121625213,-26.9413981339
1.041589865,-26.4649415239
1.04399617709,-26.8514618932
1.04330015182,-25.1821643508
1.04437537928,-26.5029051745
1.04645302113,-25.7479895288
1.05320846182,-38.0288999456
1.03910991548,-17.3994928572
1.0466548517,-26.9105004229
1.04254392112,-26.382723614
1.0421322289,-26.7597752096
1.04118643909,-25.4365997439
1.04394046909,-25.8547596315
1.04371793934,-25.2466416982
1.05085725378,-38.0970083242
1.03556744809,-18.2357668179
1.0427940124,-26.2216396015
1.04131563203,-26.5987997139
1.04596183831,-26.2484538889
1.04191951948,-26.1090999198
1.04676006239,-26.1023585627
1.04084539366,-25.1959931035
1.05548690991,-38.4083182418
1.04054508284,-17.8267962876
1.04366612639,-27.3337610525
1.0430691665,-26.0256363646
1.04265973439,-26.7892978978
1.04796987283,-25.4332446133
1.04202368586,-25.7672836547
1.0450641515,-24.6827540923
1.05457714451,-38.3633787716
1.04025152029,-17.7356606589
1.04648325529,-26.5799108702
1.05041174899,-26.1491189467
1.04633991662,-27.2680165564
1.0482016815,-24.944238977
1.04684089153,-26.3626139743
1.04606828374,-25.2553845664
1.05882648249,-39.1281454751
1.04475612918,-17.6409383977
1.0459766744,-26.8901388299
1.04802192328,-26.2836597762
1.04848290569,-26.9638669998
1.04360170104,-26.0205653674
1.04818039912,-26.8362034479
1.04603065565,-25.2606533812
1.06082147903,-40.2175730657
1.04222397534,-17.3767784123
1.05110638308,-27.4508085422
1.05237406691,-27.1481109906
1.04754870255,-27.7182651832
1.04685205414,-26.4391231054
1.04898741043,-27.0973123774
1.05370537441,-26.4465900806
1.05897718497,-39.795642784
1.04162397439,-17.9763932497
1.04446735871,-28.02157271
1.0489383472,-27.6447084043
1.04524066642,-28.4571683994
1.04788379675,-27.1446386526
1.05179956819,-27.6500293237
1.05066260321,-26.7282249533
1.05322633261,-40.3348354202
1.04745121108,-17.7798309187
1.04642931026,-28.1197770575
1.04848417472,-28.0772652298
1.04848521848,-28.716862085
1.04598520297,-26.8934322098
1.05106892287,-27.6508375542
1.04598612156,-26.9200275624
1.05461722705,-39.5814086935
1.04405179258,-18.0321304675
1.04722672202,-27.8994286119
1.05250749452,-27.4891858509
1.05148978907,-28.3680437953
1.0525343848,-27.2868028552
1.05048080618,-27.9786601996
1.04879928053,-26.5739868239
1.05968179401,-40.1165444684
1.04758857713,-18.3584238372
1.04731036264,-28.2024150048
1.04611832967,-27.9017625626
1.04981842065,-28.9033509369
1.05338324881,-26.0753007306
1.04871982256,-28.1239796341
1.04936033979,-26.6379668909
1.0592693883,-39.8331852059
1.04736384458,-18.1758770125
1.05018513809,-27.8752672671
1.05264794121,-27.571990368
1.05186537355,-28.9250090776
1.04965795743,-27.5186825648
1.05267808392,-27.8222893065
1.05187706615,-26.7688398695
1.05800878424,-40.2712019644
1.04635885753,-17.6427403846
1.04977088872,-28.3230925668
1.05059789635,-27.2930654269
1.05581009982,-29.036859956
1.05100312915,-26.8230423493
1.05352228552,-27.743508414
1.05452639994,-26.4582601247
1.06381666373,-40.4438794582
1.04946251417,-17.7606768505
1.05005221638,-28.189604654
1.05493358699,-28.1098298495
1.05102922495,-28.5770762061
1.05043979166,-27.4566336259
1.05587932565,-27.6503027706
1.05429850428,-26.8696928955
1.06311153898,-39.9324685546
1.0474216359,-18.3285052835
1.05226751952,-28.3086762092
1.05459805158,-28.1475057817
1.05353107467,-28.5122749635
1.0568248476,-27.7100886194
1.05124465274,-27.0757985505
1.05530736238,-26.718293981
1.05921321102,-40.4238384576
1.0449827447,-18.3165911999
1.05129084818,-28.017261917
1.05436218523,-27.8868261419
1.0548939523,-28.3655126371
1.04961554658,-27.4935050263
1.05450221042,-28.1130126824
1.0509800423,-27.1092396365
1.06265919426,-40.3437427246
1.04496705994,-18.6146819488
1.05530401713,-27.6810160862
1.05661682626,-27.7564995727
1.05450938026,-28.2824441569
1.0539908884,-27.3461804795
1.05354618479,-27.9071344317
1.0538677978,-26.8921181807
1.05945025095,-40.8347096901
1.04917081744,-18.6055682375
1.05115748528,-28.4892661393
1.05594330275,-28.1257618464
1.0523926155,-28.5632129533
1.05564136777,-27.177424529
1.05446432957,-27.3810741776
1.05400257289,-27.2342860597
1.06346650588,-39.6142617245
1.04813377566,-18.2572130303
1.04784598085,-28.2089256854
1.05279742468,-27.5042965362
1.05255853153,-28.4459763818
1.0513163405,-27.7981168904
1.05114077499,-28.3398685151
1.05355857445,-26.948333653
1.05751394744,-40.2471346667
1.04484539473,-18.2384755478
1.05261512723,-28.2108159784
1.05300206706,-27.8307617248
1.05089996709,-28.3549215347
1.04970995115,-27.9914031057
1.05337219309,-28.0499879544
1.0497439994,-27.2109191515
1.05594287808,-40.3429454308
1.04522806119,-17.8875802903
1.05006747423,-28.7793181912
1.05117387636,-28.3425928831
1.0573268969,-28.7266899341
1.05117710799,-27.7676752158
1.05061790537,-27.6776687347
1.04899289366,-26.8719212569
1.05693060201,-39.9946383263
1.04622045192,-18.4880758095
1.04555088804,-28.4431374062
1.05305851646,-27.6022160449
1.04952031266,-28.3064225357
1.04876656736,-27.0331899583
1.04951648683,-28.1800751917
1.05481897991,-26.3564973064
1.05824661267,-39.722536525
1.04273322484,-18.2984954876
1.04779715127,-28.4946576135
1.05183619066,-27.6471331257
1.05063420789,-28.9255209416
1.0458823424,-27.2595323276
1.0483775705,-27.9963195998
1.04573921139,-27.067379545
1.05755224041,-40.1213718305
1.04578555074,-18.5851136241
1.05440635761,-28.425299273
1.05027327294,-27.939835113
1.05056029288,-28.5322732819
1.04864407234,-27.2832140968
1.05243411262,-28.0932069381
1.05019106921,-26.4393387267
1.05516750642,-40.3155987434
1.04576293496,-18.4608708729
1.0440831097,-28.4514640623
1.04932201368,-27.7557834999
1.04911926764,-28.228860607
1.05079448576,-27.1426047812
1.05164568052,-28.0364584211
1.04696425605,-26.6815792752
1.0585128027,-40.1831011606
1.04358030824,-18.7152397993
1.05111115458,-28.800577759
1.05198510314,-28.0881752772
1.0486162008,-29.0107373299
1.05251928709,-27.4450563404
1.04646237764,-28.319538917
1.05065061594,-26.8565357572
1.0604294769,-40.1461446583
1.04410407306,-18.4088511919
1.04895211554,-28.2060050928
1.05084934569,-28.1902367383
1.05259318375,-28.4564673974
1.05273881383,-26.7849158228
1.05509499488,-28.0637480727
1.05066421898,-27.1308427042
1.05805916945,-40.3653696931
1.04555943134,-18.7125238655
1.05038759718,-28.8585876605
1.05335479503,-27.7316063234
1.05206373804,-29.0324589886
1.05086213938,-27.6827808329
1.04828074137,-28.4170353103
1.04967614065,-27.307401165
1.06261115892,-40.7870451462
1.04818557267,-18.5851703034
1.05141070907,-27.858196476
1.05214963758,-28.0212236112
1.05026157172,-28.9126786874
1.04734352303,-27.1561595945
1.04900738556,-27.6759012328
1.04868575047,-26.6037077268
1.05736702391,-39.8765728246
1.03990674592,-18.1472391108
1.0469048627,-28.2693660862
1.0470064691,-27.9028811572
1.04976545845,-28.5604593953
1.04821165445,-27.1560630585
1.04676149374,-28.2269540027
1.05070274222,-26.8716886999
1.05416601001,-40.1016204709
1.04067210956,-18.1660398613
1.04520160394,-28.4560477747
1.04769911852,-28.3357854364
1.04277620625,-28.5496819676
1.04677574672,-27.7710038354
1.05002264451,-27.4688529501
1.04644618665,-26.7305772075
1.05595493804,-40.0933229376
1.04200857279,-18.5796277299
1.04250060495,-28.245192121
1.04737607096,-27.743026564
1.04780303995,-28.5786595553
1.04464223285,-27.4080237057
1.04886279488,-27.8264265283
1.04632746063,-26.964635615
1.06027893066,-40.6209000877
1.03975480809,-18.9552505131
1.04596393277,-28.5563848218
1.04899578786,-27.7857135558
1.0480605418,-28.6957013032
1.05090354195,-27.3157690456
1.05178996471,-27.9633033575
1.04644279753,-27.1355994906
1.05440108252,-40.2562566638
1.0466803614,-18.1540998362
1.04525232497,-28.9310349894
1.04946032262,-27.7917640286
1.04577443376,-28.2571064545
1.04809430283,-27.4927195865
1.0506081701,-27.6248333997
1.04604020507,-26.8745914286
1.05779817319,-40.0177713636
1.04543403548,-17.9130506496
1.04646657103,-28.4262002573
1.05054651535,-27.9960673767
1.04490181498,-28.6965765025
1.04748353179,-26.9927616701
1.05037444622,-27.9193954612
1.05103176345,-27.172679821
1.05506746474,-40.4486727105
1.04177540981,-18.3645653813
1.04841562539,-28.4796968025
1.04959432206,-28.0230935917
1.04994071541,-28.8843874255
1.04560552143,-28.5309489166
1.0535719778,-28.2912576454
1.04718373311,-27.2551845828
1.05786249147,-40.190728569
1.04462391576,-18.6529413559
1.04935417793,-28.6236083135
1.0511635775,-28.0909955419
1.05318610582,-28.8146646935
1.05297437736,-27.5866026807
1.05426542717,-27.9237952351
1.05225062939,-26.9352761261
1.06069704805,-40.5406359968
1.04264861921,-18.4707961825
1.05026276983,-28.5144460512
1.05497033448,-28.1467855625
1.0485983627,-28.5216996592
1.04890133743,-28.4143338838
1.05374702865,-27.8029417141
1.05447604011,-26.8436243704
1.06008575595,-40.2079632853
1.04486217998,-18.7001184909
1.04924020372,-28.2845468136
1.05473560055,-28.419611745
1.05061199317,-28.813129979
1.04982676578,-27.6209374072
1.05337334616,-28.3130987244
1.0521988885,-27.4134770183
1.05917639927,-41.0220171641
1.04637391219,-18.7320598342
1.04941312068,-28.7392278968
1.04974172181,-28.5294251708
1.04945919882,-29.1819382057
1.04788980081,-27.7854544228
1.05098735362,-28.3624514745
1.05173452757,-27.5037168402
1.05761530063,-40.3161752463
1.04324356561,-18.886623536
1.04900623872,-28.2402214318
1.05379356631,-28.3116446371
1.04952901628,-28.5876925697
1.05157102072,-28.1351894033
1.0521622367,-28.053945701
1.04989579587,-27.6265413986
1.05929343976,-40.1194069435
1.04565005495,-18.9712427763
1.05121912323,-28.6793464911
1.05148585259,-27.8498237442
1.05156940119,-29.1450485272
1.04975534683,-27.3980533949
1.04919697054,-28.236212932
1.04671371514,-27.1672503324
1.05768444118,-40.4203781838
1.04761773793,-18.5854026829
1.04851344869,-28.6214992754
1.04844158396,-28.0540208544
1.04887926075,-28.6894246088
1.04846126504,-27.3118304371
1.05062354231,-28.0547645962
1.04849580221,-26.6035908535
1.05777258601,-40.4186915545
1.04495846476,-18.5225698255
1.04875491747,-28.3104450089
1.05028688948,-28.2009537832
1.05429136442,-28.5234846731
1.04564030365,-28.1328858213
1.05158421691,-28.1143205721
1.04803219666,-27.5052634858
1.05572594741,-40.2647287349
1.04192680102,-18.225017101
1.04612193809,-28.6273694526
1.04830851806,-27.9178437355
1.04990592465,-29.0329860731
1.04936680512,-27.4603830072
1.04860780891,-27.3958916114
1.05048826586,-26.9925416457
1.06138653366,-39.5553305016
1.04401702841,-18.5742254449
1.04446749565,-28.2314589273
1.04952690803,-27.9691772143
1.05128774854,-28.4436549911
1.04659168665,-27.9021706014
1.04638348577,-28.4493785102
1.04568002392,-27.2470166227
1.05338816182,-39.9591415032
1.04089914979,-18.3554574274
1.04505644905,-28.8542289385
1.04948847713,-27.9905217917
1.04761875823,-28.9608904914
1.04392239585,-27.6512185503
1.04843530921,-28.4799810789
1.05019382568,-27.2097968328
1.05776160902,-40.0448843923
1.04131112082,-18.1997222246
1.04485577505,-28.4330492015
1.04517016261,-27.7249198572
1.04320950039,-28.6158655326
1.04394376429,-27.2921332591
1.04733066779,-27.7877339241
1.05001220333,-26.7245421224
1.05406017694,-40.2847807968
1.03776728388,-18.6786281691
1.04340746528,-28.2642997958
1.04900830861,-27.993729151
1.04558698001,-28.5227321544
1.04077356813,-27.075689895
1.04402991001,-28.2273598511
1.04478139133,-26.8600817968
1.05597535429,-40.3463844578
1.03959920299,-19.0801231406
1.04271162524,-28.9033818285
1.04710567138,-28.3426517489
1.04791129095,-28.2895014579
1.04587920693,-27.9733347613
1.04336656653,-28.2100646509
1.04388410124,-27.3886512458
1.05415802999,-40.2216639912
1.04213547868,-18.5860066639
1.04526694232,-28.339073976
1.04354335259,-28.3548662485
1.04357589313,-28.7671467142
1.04249446039,-27.153379856
1.03960337238,-27.9320439271
1.04172704335,-27.2991094245
1.04896976168,-40.2027562056
1.03924589447,-18.6688239161
1.04167853136,-28.3265793656
1.0418423192,-28.2250686149
1.04064340306,-28.3918290052
1.04117439982,-27.5870267653
1.04163504725,-27.6181037571
1.0417301541,-27.0561035722
1.05032110803,-40.5298508944
1.04098578416,-18.2977832206
1.03916749879,-28.6647460841
1.040841407,-28.2940462678
1.04498053573,-28.9385659592
1.04067260968,-27.7831855452
1.04248480492,-28.0416066662
1.04149941659,-27.0104304766
1.05107995216,-40.2342209364
1.03515456945,-18.9184828992
1.03972896412,-27.986437201
1.03970064256,-28.2285732649
1.04091630085,-28.9609473583
1.03743443009,-27.6157296239
1.0408692404,-28.034486709
1.04458560261,-27.1063033311
1.04573254591,-40.0623715541
1.03223551403,-18.5566211112
1.0380642205,-28.3767970668
1.03849411457,-28.0315223542
1.03809810235,-28.2975014335
1.03885227425,-27.4376286573
1.0435561053,-27.748508221
1.04295122322,-26.981730423
1.04599598977,-39.9385898541
1.03254032544,-18.6322461368
1.03776718123,-28.2058308173
1.03902600576,-27.6276019875
1.04088873845,-28.1994024005
1.03784960025,-27.4891571457
1.03802637565,-28.1427663983
1.03974887941,-26.7163526509
1.04865134129,-40.4301536616
1.03534932485,-18.615905959
1.03921276244,-28.578413389
1.03714280367,-27.7905952973
1.0371632419,-28.9388029965
1.03806506851,-27.1558381655
1.03820614444,-27.6296973914
1.03956572145,-27.4414793132
1.04368035864,-39.8311927445
1.02890558267,-18.7995609265
1.03555990007,-28.3976099713
1.03887603319,-28.0597220177
1.04087961229,-28.2821429178
1.03763207613,-27.7644269716
1.03677145746,-28.1490067877
1.03775150725,-27.5247518047
1.04610024539,-40.435580993
1.03016658308,-18.9582048922
1.03912614031,-28.2040222846
1.03526893042,-28.106413735
1.03595252225,-28.7976444255
1.03868068745,-27.6382166494
1.04242811969,-27.907953929
1.03909014591,-26.9162258444
1.04588718453,-39.9648483933
1.03362557486,-18.8770622943
1.03528128402,-28.0888519964
1.03812160327,-28.2830549905
1.03668507356,-28.9911894209
1.03236585652,-27.6482098098
1.03597045718,-28.1398355923
1.03496294381,-27.3110271072
1.04225211056,-39.8177245594
1.0329581057,-18.9018938489
1.03819896098,-28.1526501178
1.03796989016,-27.8675718293
1.03615631887,-28.7798446953
1.03893969305,-26.8716319633
1.03577185566,-28.2933278845
1.03554961241,-27.018793112
1.04292655305,-40.2006337789
1.03055642399,-18.8215657768
1.03811195456,-28.3705360024
1.03385392626,-28.4745610608
1.03745821627,-28.4805347315
1.03576420198,-27.8988512803
1.03554875641,-28.3533740529
1.03440430794,-27.3135962226
1.04655901078,-40.4718187253
1.03134612559,-18.900581741
1.03596396923,-28.4312895104
1.03334226143,-28.7601514514
1.03403800642,-28.2442208202
1.03457943662,-28.0438895144
1.03670660779,-28.1165442019
1.03768353891,-27.1763979783
1.04275886446,-40.2971573623
1.02919846088,-18.8166714333
1.03649117675,-28.5821710888
1.03977512088,-27.7232124662
1.03704187525,-28.2213107606
1.03535271106,-27.5353763126
1.03539159932,-28.1867081815
1.03520512569,-26.746146682
1.04216520411,-40.2913574767
1.02819254396,-18.4242084535
1.03491011479,-28.2943312012
1.03460458868,-27.5211416967
1.03517340652,-28.8026931425
1.03859290434,-27.3587391519
1.03629626555,-28.124970965
1.03795595509,-26.7101499191
1.03982384363,-40.2710323806
1.03042582871,-18.5493991966
1.03753875504,-28.4503958962
1.03610598223,-28.410683852
1.03529738889,-28.3891165041
1.03244027406,-27.831335195
1.03521500846,-28.3753307443
1.03885591372,-26.873718104
1.03899935799,-40.4890458525
1.03197573149,-18.6687922524
1.03356303095,-28.6356864633
1.03772977041,-28.0681121918
1.03336091232,-28.7915828279
1.03285407114,-27.040768158
1.03911631616,-28.0492088107
1.03612232446,-26.5511564206
1.04305213738,-40.1145896601
1.03120299683,-18.7622248243
1.03559553194,-28.6231848833
1.03567180545,-27.6824619234
1.03641270642,-28.4458247225
1.03709301698,-27.4312548997
1.03618792571,-28.0480893273
1.03783173766,-26.7721051068
1.04550776611,-40.3824138005
1.03028219005,-18.1316064415
1.03385411104,-28.4788980022
1.03524110866,-28.4176681851
1.03714134824,-28.6379104236
1.03701565923,-27.7866851539
1.03273260699,-28.2790035053
1.03455194816,-27.6249805048
1.04611594788,-39.8904067949
1.0298431693,-19.096689383
1.0340330562,-28.4391505957
1.0350547384,-28.4231672196
1.03578880902,-28.7529870012
1.03446686577,-27.4557405083
1.03626249517,-27.552492289
1.03816704294,-26.9682150346
1.04443406534,-39.5891961681
1.029496465,-18.3831826396
1.0351067002,-28.4086713858
1.03433365837,-28.2667910055
1.03585161652,-28.745154218
1.03607361051,-27.5802575307
1.03517341827,-28.0401100005
1.03470749828,-26.6941206058
1.04401579664,-40.1985716602
1.02942376703,-18.0223780712
1.03392610599,-28.7454849752
1.03875138146,-27.9909072357
1.03505221312,-28.9108377306
1.03829176996,-27.9786395439
1.03849221197,-28.1328215318
1.03787078101,-27.3843397169
1.04695685998,-39.4768405999
1.03129267914,-18.6872232347
1.03760808519,-27.8481346581
1.03726684707,-27.8548397754
1.03704482245,-28.6531738108
1.03553710647,-27.1963766652
1.03903921986,-27.9005111891
1.03720605715,-27.4563762469
1.04005097506,-40.1712126844
1.03086196142,-18.5984011366
1.0389585483,-28.4373598423
1.03640293678,-27.9605985538
1.03380119297,-28.8766014209
1.03867681314,-27.7175086749
1.03599008937,-28.356654236
1.03753771726,-26.9747600528
1.0441822697,-40.1849472019
1.03125454103,-18.9376969879
1.03625004756,-28.7591022304
1.04165559352,-28.1101890002
1.03573955377,-28.5542757659
1.03825340294,-27.3305972497
1.03855703074,-27.5233747646
1.03669264283,-27.0326687177
1.04463409263,-40.5759810018
1.03356774313,-18.2873957455
1.03980713925,-28.7252043852
1.03913938699,-28.3441141115
1.04273429571,-28.8676971523
1.03557383938,-27.5810953915
1.03493337709,-28.7240075596
1.03522491618,-26.7935976637
1.04909205645,-39.9322327875
1.03176333866,-18.7795461582
1.03537828703,-28.4488969199
1.03564641798,-28.3394539998
1.03954013338,-28.1667846221
1.03662884168,-26.9144720588
1.03813739386,-28.0818444979
1.03593254533,-27.2880684108
1.04620041656,-40.2058654153
1.02867047183,-19.0453537599
1.03295706314,-28.4592470493
1.03789429142,-28.2836166667
1.03533801521,-28.4236707663
1.036676962,-27.6255076284
1.03875136493,-28.1400900659
1.04132159105,-26.8930535858
1.04298096281,-40.2764923826
1.03768938642,-18.535089395
1.03587492134,-28.7354762366
1.03895825553,-28.1299492831
1.03602173921,-28.7289797295
1.03771321873,-27.1660419407
1.03576226761,-28.1965277837
1.0406618424,-27.2555699874
1.04698431,-40.6051680351
1.03444802123,-19.1070847086
1.03762452534,-28.2032535958
1.03600825401,-28.3123105672
1.03932965949,-28.9892327673
1.03602889717,-27.5293314586
1.04202339062,-28.2567150807
1.03841524376,-27.0870539596
1.04422524033,-40.0933189193
1.0294596969,-19.2578670361
1.03725306144,-28.6897044487
1.03770512925,-28.5440043269
1.03960556514,-28.6438967511
1.0339735824,-27.7286426937
1.03715275784,-27.7403746771
1.03876095841,-27.7589951537
1.04724839649,-40.5425232861
1.03235395705,-18.8688539912
1.03855913208,-28.8873383483
1.04206845947,-28.3622667192
1.03911021385,-28.813525258
1.0405410641,-27.7041070895
1.03901107492,-27.7522688619
1.03902598908,-27.0286470924
1.04600213629,-39.9549996737
1.03209848123,-18.6177830334
1.04150089042,-28.6450344313
1.03837504363,-27.9439387497
1.04044975117,-28.9732218081
1.03650012635,-27.7001665759
1.03831139561,-28.4688760061
1.03590217947,-27.1712406529
1.0488987022,-40.0247436132
1.03544815938,-18.5237349669
1.03957171305,-28.6963774155
1.0390605845,-28.4632468587
1.03933834563,-28.9416008237
1.04125795443,-28.1065209742
1.0432472488,-28.8356636195
1.03991102595,-27.2358314563
1.05040791782,-40.527915069
1.03662666297,-18.7084250082
1.03663501035,-28.3095227174
1.04353155621,-28.3191773724
1.04024413519,-29.2451844174
1.03963553143,-27.2675970299
1.04006410218,-28.7740314276
1.0414528363,-26.9640241928
1.04998890468,-40.2713043325
1.03578819736,-18.910199079
1.04042829206,-28.9076406035
1.03847204955,-28.4088117438
1.03956173716,-29.1303889008
1.04059787701,-27.8595018975
1.03898964589,-28.0442331816
1.04107567974,-27.4350780515
1.05000978606,-40.2646308188
1.03822166416,-19.0146598924
1.03669091223,-28.6635213244
1.03961018258,-28.4962609809
1.03818072671,-28.9510347298
1.03894070358,-27.7645543874
1.0397133038,-27.7210503593
1.04291637072,-26.8608051131
1.0516612369,-40.0857047494
1.03841980914,-18.5912781512
1.03869928797,-27.9601502813
1.03949586203,-28.1937203765
1.03885932299,-28.8950388769
1.03934247327,-27.6035039563
1.04076507288,-28.4582121596
1.0387476286,-27.5313924544
1.05091880828,-40.4646991829
1.03538282476,-19.1197527476
1.04273627277,-28.3023226271
1.04149782566,-28.0845751132
1.04128118028,-28.4704830553
1.04004537334,-27.4845628441
1.04088631439,-28.0811468122
1.04103428044,-27.5814812839
1.04762328055,-40.1638794382
1.03202920445,-19.3743862912
1.03881103608,-28.6949126372
1.04475912441,-28.6138707851
1.04220899434,-28.8587723802
1.04205624801,-27.5336218534
1.0446062108,-28.380288487
1.0446392489,-26.9738776806
1.04870253261,-40.5020189155
1.04241219522,-18.2368938713
1.04322984761,-28.1055383337
1.04366235953,-28.1497258384
1.04018261467,-28.8664412814
1.04627831009,-27.7164596167
1.04537855427,-28.4695430399
1.04634553739,-27.3726590242
1.05161780872,-40.4275364016
1.03645498308,-18.9949016632
1.04246829958,-28.3535700985
1.04508073195,-28.4092886316
1.04600839232,-28.9300728309
1.04129094972,-27.7989254574
1.04514660531,-27.9031156712
1.04377973339,-27.5405967248
1.05058700049,-40.8086137399
1.03898881814,-19.2291317839
1.03948670026,-28.643943484
1.04399207301,-28.6367422209
1.04482782089,-28.8757635994
1.04183218998,-28.1711893568
1.04618484416,-28.0807426752
1.04220573935,-27.4805727381
1.04922332851,-41.0352985723
1.04068125262,-19.069110197
1.04441291645,-28.7916071611
1.04440866619,-28.8494759089
1.04057949295,-28.7055087779
1.04154586278,-27.6666977223
1.04436243549,-28.3088459013
1.04437584676,-27.3254393169
1.05558488449,-40.3765988668
1.04010926542,-18.4211144702
1.0429740708,-28.1778345891
1.04486519923,-28.0460220822
1.04762652462,-28.98936358
1.04689507777,-28.1080710646
1.04461061651,-28.5136754696
1.04190315307,-27.3142556731
1.05200841111,-40.2137556978
1.03689217734,-19.0915134231
1.04143818902,-28.6867552696
1.04806107052,-28.4811448614
1.047686383,-28.3471600022
1.04706145163,-27.6625706475
1.0430766045,-28.4824079611
1.04201267304,-27.5690456643
1.05528206251,-40.0686145093
1.03929350967,-18.813090596
1.04522799537,-28.4546641634
1.0435711116,-28.9788366273
1.04246552112,-29.1075813658
1.0483607673,-27.7907909009
1.0444315688,-28.3072493531
1.04717715168,-27.0172464991
1.05473298507,-40.0731401936
1.04045700266,-18.7375478533
1.0441658274,-28.8123958439
1.04279652078,-28.1800916221
1.04310080765,-29.0055911898
1.04192628598,-28.3191828685
1.04287308692,-28.2942420005
1.04733079101,-27.6913540063
1.05059334663,-40.3993152137
1.03880253723,-19.0344786576
1.04823180427,-28.2286709401
1.04779174654,-28.367892936
1.04561103867,-28.7251939336
1.04342914838,-27.9757154247
1.04327948482,-28.315270425
1.04620054488,-26.9484547466
1.05207754332,-40.112973039
1.03723900442,-19.2057938489
1.04437740768,-28.6208866991
1.04551229745,-28.6931835351
1.05255661826,-28.9369858533
1.04556541029,-27.8876402175
1.04448535056,-28.1096910543
1.04579272448,-27.1267694371
1.05516034701,-40.3145371458
1.04085489036,-18.2887341033
1.04333615337,-28.9172558071
1.04494781417,-27.9649431777
1.04701044102,-28.8154967093
1.04436452077,-27.3862545465
1.0455298032,-28.4618830285
1.04660552502,-27.2731606451
1.05633652365,-40.2772378865
1.03967397442,-19.0857137526
1.04471279582,-28.5988219012
1.04410365334,-28.4186211107
1.04693622318,-29.1788096214
1.04484047853,-27.9145478387
1.04651197081,-28.5677359424
1.0487733303,-27.4587675218
1.05412711674,-40.4074877487
1.0389772623,-19.2750035898
1.04484642943,-28.7803827303
1.04352505321,-28.7913477185
1.04568153299,-28.8261198834
1.04623635259,-27.9756901443
1.04565969388,-28.5310371685
1.04545562842,-27.7739277117
1.05147641728,-40.6186242443
1.03834657497,-19.4952323867
1.04620997329,-28.8700714001
1.04938817449,-28.1295338239
1.04362495371,-29.0415011134
1.04483104129,-27.8377423871
1.04544279721,-27.9457253385
1.043390823,-27.966654888
1.05316441373,-40.2785651163
1.04468860766,-18.8120122969
1.0453302431,-28.6260923117
1.04508913571,-28.1628619624
1.04630357073,-29.1813030125
1.04460342455,-26.8954442674
1.0464389918,-28.6148324725
1.04701029166,-27.2359325876
1.05498375318,-40.2749270539
1.04491469455,-19.1649874334
1.04366855941,-28.9203518651
1.0439466799,-28.5227586261
1.05068622615,-29.2634991138
1.04512792806,-28.0017947409
1.05251946893,-27.8104631134
1.04807459267,-27.5013559905
1.05193590648,-40.3374454977
1.03811758583,-19.0406128726
1.04577601364,-28.7577093578
1.05049090011,-28.9393984505
1.04630564278,-28.873927288
1.04516598887,-28.1199110411
1.04952620334,-27.8018792103
1.0473996589,-27.3933810901
1.05519418053,-40.5807058153
1.04036543362,-18.7884866625
1.04610327796,-28.6828060194
1.04518472472,-28.1125344202
1.04685961336,-29.2489952157
1.04589774272,-27.9866438846
1.04661037195,-28.0983484511
1.0430156673,-27.0301650694
1.05493910742,-40.4018005982
1.04462526246,-19.130509866
1.04619494196,-28.7586736196
1.04646371502,-28.7559087199
1.04532402036,-28.7349923012
1.04405771813,-27.0103984819
1.04352504217,-28.4410749088
1.04829101444,-27.3361704575
1.05534029715,-40.6968364179
1.03936905072,-19.5746863665
1.04245089891,-28.9780967881
1.04476834398,-28.5411845138
1.04782402774,-28.7845456678
1.04667527595,-27.5888617408
1.04678686912,-28.0554615873
1.04470631078,-27.3185082435
1.05215019886,-40.503275275
1.03965775934,-19.3212078817
1.0449094882,-29.0427382499
1.04825248775,-28.28291521
1.04615778554,-28.8183209629
1.0452790296,-27.747225872
1.04568196509,-28.8845895255
1.04803250897,-27.3461043592
1.05429015197,-40.6709736024
1.04551684883,-18.930802927
1.04566176251,-28.4611214322
1.04755520148,-28.2552631447
1.05234131103,-28.9354508454
1.04559875276,-28.2156675062
1.04774019708,-28.5484815793
1.04292081516,-27.1218848399
1.05399835692,-40.7841557882
1.0393395389,-19.4262558606
1.04516712063,-28.5914474902
1.04856829622,-28.22459336
1.04781008516,-29.1199052137
1.04964642922,-27.5927247042
1.04746966151,-28.6784636867
1.04811472942,-28.0321408767
1.05629095664,-40.7109428851
1.04482187151,-18.7663753095
1.04854457632,-29.1183031745
1.0471954317,-28.512099588
1.04789609168,-29.6025818035
1.04662154075,-27.5467159454
1.04471292651,-28.2992968085
1.04709968537,-27.5289925542
1.05520244828,-40.1827356406
1.04029008898,-18.9819721539
1.04454902687,-28.6391721229
1.04417876869,-28.6844369665
1.04655465062,-29.0787186176
1.04654699804,-27.662196828
1.04375460575,-28.7425216608
1.04175541282,-27.5380860625
1.05614885112,-40.4547963761
1.03791820177,-19.2377464531
1.04502726649,-28.8822170262
1.04816587032,-28.6522339026
1.04470060993,-28.8270206646
1.04913696663,-28.0311082355
1.04351094548,-28.3474519163
1.04754701511,-27.8635227043
1.05456584668,-40.4536557159
1.04413180635,-18.6077428338
1.04688472326,-28.5337225458
1.04553779359,-28.6434896521
1.04767065849,-28.9825675389
1.04440483091,-27.8728113183
1.04816372341,-28.7044469352
1.04723817701,-27.018792578
1.05917422931,-39.8709275283
1.0413465303,-19.3291906433
1.04511745054,-28.9923758393
1.04721179818,-28.264997888
1.04386859082,-29.7178791122
1.0452158247,-27.6440434507
1.04732695411,-28.366243639
1.04932906226,-26.6149657053
1.05235395981,-40.4716509219
1.03986811284,-18.7534978192
1.04392868369,-28.7026413006
1.04972305585,-28.4367598042
1.04378185697,-29.2823061589
1.04319735848,-27.8529350525
1.04620309742,-29.2250776991
1.05088450894,-26.9861825798
1.05359196812,-40.6008148357
1.04212033274,-19.6293750692
1.04322849555,-28.5954124695
1.0487608411,-27.9504046579
1.04576622449,-29.3983315972
1.04565160269,-27.4196880326
1.04546659813,-28.9290726533
1.05130880474,-26.8373883126
1.05397386646,-40.8345151981
1.04020011812,-19.3436750879
1.04564338701,-29.0962950271
1.04793555682,-28.1852932737
1.04671217987,-28.7113116138
1.04374419628,-27.2838616255
1.04506920213,-28.6331237677
1.04519234108,-27.5668165828
1.05656644446,-40.5817669829
1.03949530498,-18.4455231045
1.04785804332,-28.8201478855
1.04618042663,-28.4844045949
1.04862700941,-29.1012767488
1.04564131823,-27.7992014377
1.04471801788,-28.3543673015
1.04766003696,-27.3223030103
1.05284241686,-40.1804609874
1.03907141503,-18.7935650276
1.04382622551,-28.3384902746
1.0473350122,-28.9044748809
1.04758844204,-28.9429114669
1.04089565292,-28.3547806801
1.04669713012,-28.0229216596
1.04768412597,-27.350958837
1.0568902453,-39.9160649003
1.04112303539,-18.8720999458
1.04334487594,-28.8200826836
1.0484456951,-28.6625374733
1.0477669007,-28.9159716394
1.04890617972,-27.57694809
1.04762924103,-28.3225604171
1.04670813189,-26.9081687967
1.05474458979,-40.0522016855
1.04278280432,-18.9291778515
1.04345125079,-28.562110239
1.04696582106,-28.2528577508
1.04391734861,-28.9193105327
1.04808070404,-27.3955351781
1.04952957547,-28.540497587
1.04490118424,-27.5091963761
1.0540888549,-40.9747094107
1.04061753469,-19.0658151547
1.045256674,-28.5556314288
1.04171068997,-28.2863257187
1.04378200446,-28.9004180041
1.04454429057,-27.6421637695
1.04977490967,-27.8357711545
1.04606593805,-27.175384581
1.05643254303,-40.4658114471
1.04160667705,-19.0000861824
1.04802266385,-28.0516436881
1.04536979766,-28.7616756933
1.04804630238,-28.918938942
1.04634218629,-28.0309947091
1.04377470066,-28.2031236652
1.04599712333,-27.8586940739
1.05316241558,-40.0356116365
1.0398185013,-19.4538919268
1.04271600631,-29.0253242897
1.04727379054,-28.5462436606
1.0433703314,-28.5622278653
1.04562050523,-27.8910191548
1.0437947678,-28.3761318143
1.04313985013,-27.3143803651
1.05472122043,-40.4314793621
1.03869260957,-18.5590473157
1.04676446741,-28.551282763
1.0468495745,-28.2209558556
1.04723524835,-28.9618665742
1.04230370585,-26.9174989219
1.04604321975,-28.2038947773
1.04470714528,-27.2064310957
1.0558363027,-40.3418004258
1.03939885826,-18.4594580089
1.04782598446,-28.4630013742
1.04501831365,-28.2740554527
1.04297029241,-28.9744052835
1.04494999683,-26.798131741
1.0444485727,-28.1336780221
1.04335376891,-27.5599812223
1.05099600433,-40.285093789
1.0383097393,-18.3056579338
1.0451521383,-27.5494804148
1.04397115252,-28.3492856556
1.04375167159,-28.7575386792
1.04577115286,-27.6598337576
1.04565466545,-28.236051281
1.04658774632,-27.1344112243
1.05185540015,-40.4304553352
1.03881651963,-18.735539455
1.04289197861,-28.6062731461
1.0452450113,-28.3857291846
1.04511480033,-28.8607895513
1.04288771903,-27.6122861134
1.04308579771,-28.5616889096
1.04477845082,-26.9775850985
1.05688512612,-40.1825773614
1.04099338569,-18.7214241571
1.04005902657,-28.7199891911
1.04645851495,-27.8816984359
1.04296309563,-28.4462596333
1.04635267196,-27.3754905667
1.04630065584,-28.0828510828
1.04537732394,-26.9721791472
1.0515451861,-40.2939235174
1.03854810512,-18.6875759128
1.04155401753,-28.3934750679
1.04467615656,-28.3189935301
1.04484587733,-28.5223539656
1.04470004937,-27.77653573
1.0435140304,-28.1080205333
1.0423603109,-26.9665643965
1.05270647412,-40.5393163415
1.03961475256,-18.7011289395
1.04460195211,-28.2927996034
1.04768759011,-28.1428432601
1.04212065958,-28.7759133011
1.04591695364,-27.3773392711
1.04226502145,-27.982111156
1.04331608469,-26.955835761
1.05222212502,-40.9090803818
1.03862902961,-18.381359334
1.04153294879,-28.708359309
1.0439609668,-28.040415189
1.04198604323,-28.7811729924
1.04233642886,-27.2394196487
1.04889617115,-27.8742351157
1.0402845953,-26.8798390037
1.04960904568,-40.3568707584
1.03774350528,-18.8511087786
1.0462568576,-28.12531461
1.04453268091,-28.2407212011
1.04252468982,-29.0092553258
1.0456721713,-27.3655336808
1.04414717645,-28.2321499959
1.04263593474,-26.8611107839
1.05435548715,-39.8218262675
1.04125421466,-18.5087160932
1.04020880863,-28.5208782262
1.0439704614,-27.5518037397
1.04226937813,-28.6091284254
1.04625001974,-27.2377908227
1.04434084928,-27.6625258694
1.04314499937,-26.9798895402
1.05093371648,-39.6435238275
1.03806706747,-18.8834643893
1.04084292833,-28.4004277307
1.0462219308,-28.5754549424
1.04021182592,-28.2583843076
1.04415870566,-28.1357589216
1.04149394101,-28.118897642
1.0425820281,-27.2239120988
1.05217888346,-39.8584370051
1.04092045346,-18.661255633
1.04360925988,-28.2071833009
1.04260394478,-27.9528017173
1.04273711487,-28.773074202
1.0443707638,-28.1016071354
1.04413091992,-27.7278479049
1.04275211161,-27.0313127419
1.04934824889,-39.7626524583
1.03755389138,-17.8412016004
1.04304785435,-28.1464905695
1.04266264856,-28.1954365558
1.04564050279,-28.3403362844
1.04513247749,-27.4394520451
1.04461380434,-27.9561910357
1.0419051971,-27.4530235885
1.05235481281,-40.0572864523
1.03946951651,-18.4761442745
1.04627427837,-28.3022735821
1.04287503342,-28.0656604285
1.04369061792,-28.3231157386
1.04184603447,-27.3228660546
1.04546004149,-27.8060542078
1.04275632159,-26.7366851614
1.05294150214,-39.9892328062
1.03951819131,-18.22083909
1.04041247151,-28.7660278928
1.04245588744,-27.988596398
1.04565910747,-29.2504726352
1.03743687721,-27.4410340632
1.04339286127,-27.8878554097
1.04212640291,-27.0833910495
1.05220220132,-39.9686106173
1.03990627653,-18.8289672042
1.04283287684,-28.5959549398
1.04660180899,-27.9417217688
1.0406058848,-28.298770068
1.04362820158,-27.7531746135
1.04562208385,-27.9361300824
1.04150193897,-26.2046947626
1.05168327983,-40.5591322078
1.03841879387,-18.0554041276
1.04233429446,-28.3477798142
1.04111489728,-27.6258317698
1.04348241848,-28.4822241772
1.04000165676,-26.5768472668
1.04181472223,-27.8077697021
1.0437263988,-26.4748375376
1.05591064254,-39.5366319114
1.03837340481,-18.2852411755
1.04124364021,-28.2734393674
1.04024747156,-27.9067315176
1.04326112699,-28.6666872957
1.04274717642,-27.0982457529
1.04235411606,-28.4599016585
1.04331930673,-27.1800170855
1.04855326502,-39.9838849653
1.03671850624,-18.7235116557
1.04469666196,-28.2399740868
1.04500917937,-27.9446444377
1.04381199818,-28.7069163567
1.04230055367,-26.7791385107
1.04778605802,-27.5522261339
1.04456065277,-26.8701493347
1.05708306008,-40.0887872634
1.03774339137,-18.7495001185
1.04160525765,-28.3732668625
1.04532382933,-28.0485499679
1.04215893466,-28.9037954986
1.04821775778,-27.2574381958
1.04323530692,-28.0496503858
1.0473001842,-26.7445482746
1.05196987447,-40.0794641882
1.04027863913,-17.8774590877
1.04316595467,-28.4588740405
1.04232439116,-27.961489384
1.03982290366,-28.804992407
1.04464663836,-26.9180915449
1.04435925538,-27.5209005397
1.03951954979,-26.994402308
1.05168322569,-40.0609962438
1.03757080716,-18.1972907842
1.04383419736,-28.1725623882
1.0444991123,-27.6521379292
1.04141565628,-28.591023586
1.04611913936,-27.2752195951
1.04492646955,-27.884653493
1.04211369034,-27.1331978326
1.05206517918,-40.133491886
1.03654255569,-18.802106581
1.0390713655,-28.3968359759
1.04235829832,-27.6695779429
1.04690439445,-28.136106938
1.04175502041,-26.8960452615
1.04383064957,-27.4626162389
1.0444199395,-26.7653052085
1.05191613727,-40.2149336738
1.03929476158,-18.5394543607
1.03828183476,-28.0930994174
1.03878970251,-28.0394225105
1.04274469754,-28.824639657
1.04325190824,-26.9383805571
1.04263818466,-28.1037220316
1.04512574215,-26.3633063954
1.05130045782,-40.0639640223
1.03644436137,-18.3522029168
1.04109915738,-27.9266715005
1.04206771783,-27.7552059701
1.04187341152,-28.7041053131
1.04030174226,-26.5096771896
1.04422690771,-27.9341736385
1.04185841881,-27.243209186
1.05053649202,-39.8290591425
1.03241574394,-18.9461730581
1.04018709901,-27.6809434021
1.04149097361,-27.7453386979
1.04035519867,-28.0455915248
1.04117474879,-27.1806167579
1.04503992792,-27.7710885834
1.04641059096,-26.5966969451
1.05383936797,-39.6618392363
1.03621323985,-18.4043570786
1.0381087478,-27.9283416369
1.03914661361,-27.9176873699
1.04447349789,-28.3250214663
1.03919777201,-27.109038958
1.04373049843,-27.8913046651
1.04407503758,-26.7380373204
1.05096186815,-40.4664844076
1.03817135736,-18.8838803515
1.04037880002,-28.1029524939
1.04488950248,-27.6932847764
1.04288668437,-28.4015619962
1.04189327164,-27.5597743111
1.04573597784,-27.2860382958
1.04060644438,-26.8822648903
1.05013405513,-39.6282183257
1.0345094936,-18.2091363616
1.0410559826,-28.1863602753
1.03960382009,-27.6442764278
1.04326883047,-27.7123184722
1.03902582256,-26.1123234167
1.04186255641,-27.947500271
1.03944421568,-26.4901608667
1.04943994931,-40.0500955595
1.03420686877,-18.1511779605
1.03892745685,-27.7724053842
1.03877896776,-27.1974125383
1.04003760937,-28.2380279251
1.03723963852,-27.2247069343
1.0414353764,-27.6430621123
1.03986894335,-26.6522474727
1.04755845718,-39.8792833967
1.03640100696,-18.0686790675
1.0380155461,-28.1156780588
1.03812364759,-27.033880151
1.04137923713,-28.1006163229
1.040440977,-27.1781116761
1.04500052384,-26.9647291909
1.03638558311,-26.6113136942
1.04981472478,-40.0424667926
1.03521375197,-18.1813552817
1.03699618187,-28.0882463692
1.03715419679,-27.4440298493
1.04328722507,-28.5289927191
1.03914842629,-27.467049318
1.03897384178,-27.9444169357
1.04385279149,-26.3461305553
1.04788013673,-39.5406396437
1.03564846255,-17.8434389549
1.0377995928,-28.1897597261
1.04447115717,-27.5823861783
1.03874315683,-28.2220358896
1.03763816157,-27.2327351249
1.0398986553,-27.0789977073
1.03922860197,-26.1995956415
1.0496095764,-39.7749768804
1.03429898747,-17.9479523598
1.03815714832,-27.8984550311
1.04000746721,-26.8793763799
1.04146890731,-28.2286809308
1.03749072178,-27.1247485503
1.0403358901,-27.2959391645
1.03835487063,-26.7610119318
1.04746025173,-39.6164093112
1.03434779867,-18.1318252811
1.0364054708,-27.6859187781
1.03717424706,-27.430604067
1.03747828994,-28.2751359009
1.04330983282,-26.5935093897
1.04002180618,-27.2209939006
1.03616802681,-26.3367139658
1.04706332023,-39.9642646375
1.0327991467,-18.3859680334
1.03525238927,-27.9892459946
1.04069823699,-27.4490047429
1.0415648804,-28.393322907
1.03532778924,-26.8170353976
1.04389704271,-27.5208129078
1.03978973092,-26.4605245759
1.04990244948,-39.2850770434
1.03563715681,-17.8095737946
1.03606238229,-27.715566798
1.03997439333,-27.019848113
1.03992800505,-27.6593233423
1.04410756045,-26.42403705
1.04301383683,-26.7962551273
1.03940718908,-26.2465040208
1.04650484409,-39.7563555353
1.032999838,-18.1100014453
1.03598426893,-27.6864953906
1.03935699165,-26.9221004857
1.0403851503,-27.5042803538
1.04144980479,-27.0144157477
1.03929834343,-27.2135182298
1.04162319912,-26.1989681924
1.04902906096,-39.5233176184
1.03273069648,-17.9455166323
1.03596597287,-27.8663563519
1.04254542932,-27.2780133118
1.03947919566,-28.0294544302
1.04180876697,-27.3388200311
1.0414880907,-27.4220916329
1.03762196145,-26.5116411887
1.0472661724,-39.3700103735
1.03478126169,-17.8903065035
1.03576034283,-27.0760336262
1.04103462017,-27.9374532452
1.03933914197,-28.3606596571
1.04017519128,-27.0275452895
1.0362440302,-27.4880182273
1.0398222061,-26.5067176684
1.04218426286,-39.6869900365
1.03502520913,-18.5310500968
1.03685049935,-28.2498783056
1.03867236164,-27.4787706734
1.03904458846,-27.5013526639
1.03958824392,-26.4226945981
1.03624096208,-27.2515990416
1.03842988483,-26.2304443042
1.04854824021,-39.2355187364
1.0349864681,-17.709694272
1.03923390819,-27.3217002888
1.04119511179,-26.743200532
1.04003383213,-27.9338400522
1.03828915796,-26.5336148152
1.03543318168,-27.068516481
1.0368458509,-25.8191596673
1.04627123312,-39.3022577065
1.03203203275,-18.2641840678
1.03835933845,-28.0410836873
1.04041569897,-27.6586006145
1.03730865741,-28.0434352045
1.03831801877,-26.3958932654
1.03763374367,-27.3764130518
1.04352180658,-26.0599177831
1.04602461843,-39.4442197894
1.03282848228,-18.2181091408
1.0360352398,-27.8690506735
1.03819635079,-26.6387395296
1.03958131495,-28.0165827228
1.03861568899,-26.3051782006
1.04155725424,-27.30633782
1.03687613259,-26.1448723827
1.04933681642,-39.2283200214
1.03361109038,-17.4997276214
1.0378512165,-27.2775368801
1.03871412621,-27.1102127877
1.03888908717,-27.628509871
1.03650901685,-26.4329000924
1.03959400546,-27.7312471915
1.03793715201,-26.1559617334
1.04817917158,-39.5693336483
1.0327236717,-17.1816090666
1.03743571191,-27.4943595624
1.03629547853,-27.1001819313
1.03585903995,-27.6951743064
1.03862873309,-26.7011283023
1.03589083232,-26.755871762
1.03621454548,-26.1143707675
1.04556669564,-39.0407452849
1.03531945294,-17.6701720235
1.03916657457,-27.6762014436
1.0385338417,-26.9838066488
1.03729217559,-27.8579336966
1.03606662383,-26.8623417185
1.03574990596,-27.1920027941
1.03810273082,-26.2320319975
1.04147680112,-39.3477595053
1.03378560191,-17.8863470499
1.03164257492,-27.6533479852
1.03985204423,-27.3167000604
1.03587289568,-27.8335359835
1.03917371664,-26.653588348
1.0375652101,-26.972413129
1.03648174064,-26.0413712438
1.04880606322,-39.1941484204
1.03240404327,-17.3303220483
1.03289445072,-27.8238968248
1.03665541428,-27.1982381365
1.03602152041,-27.5994919223
1.0374324426,-26.1318644034
1.03602761433,-27.637960335
1.03935506592,-25.9862246682
1.04432978401,-39.4925567171
1.03346175776,-17.3907078428
1.03398171464,-27.788794178
1.03739844141,-27.0721576007
1.04013881009,-27.5846417119
1.03951695534,-26.6700061188
1.03542265224,-27.1139132903
1.03587723484,-26.4316466294
1.04472129843,-38.8809969821
1.03059659053,-17.9492484223
1.0371325394,-26.940638283
1.03499214255,-26.5726847607
1.04095396417,-27.1954110187
1.04028474575,-25.7407150346
1.03638046875,-26.8178366119
1.03822635654,-26.0476054932
1.04413981546,-39.5004679331
1.02994021362,-17.2679276372
1.03965486616,-27.1703795509
1.04000594216,-27.4482566423
1.03651541847,-27.3639312308
1.03406796162,-27.3148384118
1.03619477152,-26.5131632092
1.03397722327,-26.0053267248
1.04553525828,-38.7442329721
1.02969741565,-17.3320436303
1.03481440475,-27.6836567837
1.03378302298,-27.223383653
1.03829283327,-28.0438577673
1.03277136499,-26.6982291218
1.03466314753,-27.3938563561
1.03718017679,-25.7227009287
1.04635217432,-39.3779598267
1.03196479741,-17.6382567401
1.03285109485,-27.0996795364
1.03862532281,-27.5721991739
1.03415558485,-27.5808821899
1.037476883,-26.0296381318
1.0372016349,-26.5952730771
1.03558799168,-25.5660983188
1.04533020958,-39.2977644361
1.02962209789,-17.1244588981
1.03608191347,-26.9437507901
1.03561559697,-27.0139354956
1.03454097013,-27.6235085539
1.03577272546,-26.3993243381
1.03849878439,-26.8510034281
1.03551318391,-26.2578377914
1.04360809802,-39.0116851374
1.02910378864,-17.9473567524
1.03623324502,-27.3485157543
1.03851185246,-26.3485163742
1.03923843091,-27.3776273423
1.03019658795,-26.1259084302
1.03618883904,-27.2547279432
1.03463912769,-25.9839756592
1.04603427922,-39.2583408991
1.03100600245,-17.3372588789
1.03310006629,-27.3342034486
1.03843706241,-26.585350113
1.03235434736,-27.5845545865
1.03442679339,-26.0455276654
1.03526804419,-26.8172075028
1.03366818606,-26.0263644029
1.04665401474,-39.1346532757
1.02934009581,-17.4563715884
1.03476540216,-27.5064027091
1.03720768371,-27.4808978275
1.03584605586,-27.286462755
1.03320550815,-26.4509538945
1.03502941692,-27.0327378394
1.03690552407,-25.8792122828
1.04282876002,-38.7375717454
1.02939523581,-18.0283949544
1.03087603105,-27.049433333
1.03160227406,-26.6345658296
1.03268928495,-27.6725941559
1.03638084903,-25.7769247609
1.03368500637,-27.122785751
1.03607793115,-25.6454488233
1.0442807151,-38.8126159564
1.03180301271,-17.1714674129
1.0343822896,-27.0973452569
1.0343153632,-27.0768142062
1.03583926201,-27.3849039822
1.03518493367,-26.08250677
1.03308456659,-27.2410726852
1.03425792861,-25.8843178863
1.04430522563,-38.4523457123
1.03083566654,-17.3591555077
1.03474465154,-27.4118991547
1.03349963651,-26.8462511148
1.03395755732,-27.3781589901
1.03697018098,-26.2628403852
1.03083373677,-26.4154307154
1.03465988514,-26.0469066175
1.04171616384,-38.1257471255
1.03007891279,-17.5884353143
1.02994255356,-26.9986552574
1.03394296922,-26.7721443293
1.03771852167,-27.292378232
1.03296220011,-26.3895536732
1.03236572556,-26.8463687426
1.03421713674,-26.4223017482
1.04066433952,-38.3736151192
1.0300936008,-17.6717830366
1.03163205975,-27.2817470897
1.03493764001,-26.9302081129
1.03374170795,-27.0045493157
1.03239123845,-26.3821688587
1.03233991731,-26.9163016137
1.03225151805,-25.971517908
1.04399611659,-38.6050576601
1.02783513776,-17.3462144719
1.03193113834,-27.2383863992
1.03352624488,-26.8011500755
1.03237820304,-27.3997738251
1.03602805943,-25.5769412576
1.03096396081,-26.3410016006
1.03212762692,-25.298120162
1.042087869,-38.2915871603
1.0301414907,-16.9731254093
1.03093254963,-27.0232574866
1.0340899869,-26.2281099213
1.03288005365,-27.6118803861
1.03170700079,-26.3905404495
1.03345449309,-26.395970759
1.03258500695,-25.5231064495
1.04237875098,-38.9166454594
1.02790204303,-17.250908181
1.0312058923,-26.841146506
1.03374533335,-26.3163661375
1.03447078944,-27.2144469657
1.0356523948,-25.9438339959
1.03400459542,-26.3950715138
1.03701265856,-25.6523067422
1.04131407679,-38.6431047001
1.03071116566,-17.2864166542
1.0329592845,-26.764454848
1.03446080686,-26.629875516
1.03266518026,-27.431244818
1.03380758611,-25.9323419928
1.0339322978,-26.646835503
1.0340667698,-25.5649229069
1.0407141371,-38.072218145
1.0280339857,-16.9436934601
1.03077659446,-26.8875750538
1.03270574083,-27.657639613
1.03114637291,-27.534726756
1.03127330947,-26.1524926506
1.02971476463,-26.3873061886
1.03271835756,-25.4453012187
1.03739938392,-38.3306290235
1.02374060832,-17.2183548222
1.02915821787,-26.924820705
1.03262135467,-26.5874184276
1.03442379838,-27.0032984559
1.03456891278,-25.7408143467
1.03414941797,-26.3613500992
1.02914449439,-25.5875639323
1.04035270191,-38.5163051854
1.02553073867,-17.6666290049
1.03050631352,-27.0494360803
1.03141502097,-26.848756319
1.0296299569,-27.4095252928
1.03528782764,-26.4929630803
1.03462980882,-26.5858019645
1.03271629925,-25.535806541
1.04327575203,-38.5673635792
1.0262192333,-16.7813046674
1.03080933517,-26.2916490629
1.03359958766,-25.774206755
1.03613730903,-26.9724846887
1.03335416768,-25.5238159548
1.03702904983,-26.2836473866
1.03245173831,-25.4903647421
1.04280525116,-38.2834908584
1.02678315076,-16.4774355856
1.03047093684,-27.0004406903
1.03258601788,-26.5921528995
1.02963820872,-27.3067569276
1.03265068367,-26.0755099795
1.03641704271,-26.5176938245
1.03255458195,-25.4455608083
1.03923690995,-38.6714091497
1.02524599523,-16.9278855707
1.03026284044,-26.2741539519
1.03444147464,-26.0645657069
1.03264571298,-26.9464788253
1.02900395678,-25.9184493056
1.03037024507,-26.2383510992
1.02970782298,-25.0257659885
1.0393038641,-37.81872053
1.02592443961,-16.8256501526
1.03153778743,-26.856161385
1.03244069196,-26.4598063813
1.03631569347,-26.9436461887
1.02971541708,-25.6319013717
1.03268809554,-26.1731702205
1.03310347252,-25.3441645973
1.04306616953,-38.6638616574
1.03037202204,-16.8846462906
1.03274818842,-26.4312178715
1.03472675807,-25.6571536465
1.03367027838,-26.6899887416
1.02939249562,-25.5215308746
1.03415858139,-26.0138035875
1.03259169526,-25.7623130697
1.04007768116,-38.3414031256
1.02761480708,-16.8121241347
1.03257781568,-26.334193275
1.03172709062,-26.1049501635
1.03434058404,-27.0187132896
1.031480975,-25.6603270878
1.03170258403,-26.2342887283
1.03260013001,-25.2305102423
1.04194928071,-38.1881481653
1.0276412519,-16.6524631337
1.02853824794,-26.8046761208
1.03257152122,-26.3276617498
1.03159368113,-27.1012913106
1.02978290062,-25.7913937861
1.03354261618,-26.5439557667
1.0324923923,-25.218084154
1.04058981057,-38.2127046417
1.02516150185,-17.1521466532
1.0353729746,-26.5510775473
1.03197216798,-26.0098923836
1.03134640092,-27.0755752204
1.03501103964,-26.16344876
1.02998763916,-26.0374878331
1.03422660995,-25.4324455018
1.03830663669,-37.9645683281
1.0277300998,-17.0419153548
1.02913881057,-26.1872652165
1.03541636624,-26.3673616748
1.03476555923,-26.7251289272
1.02855328739,-25.7973055967
1.03381698042,-26.1953785922
1.03010035147,-24.9212073509
1.03959817992,-37.9742469035
1.02559061823,-16.6124913563
1.0306369134,-26.6093146361
1.02855553743,-26.4482543472
1.03129700201,-26.7278426153
1.03061994984,-25.5638345149
1.03127748876,-25.4234723106
1.03286796844,-25.4167885639
1.03798073905,-37.8389639967
1.02740115575,-16.7608588549
1.03151243172,-26.4081616208
1.03242324134,-26.2169463417
1.0288143175,-26.8487548212
1.0306176675,-25.4170307711
1.03033041423,-25.9018705489
1.03230232197,-25.1764914165
1.04239059497,-38.0101807457
1.0276511074,-16.8215534317
1.03002027776,-26.1708710317
1.029655536,-26.229074596
1.02851205425,-26.9164945891
1.03177095666,-25.7302619533
1.03148417871,-26.3862153917
1.02828116098,-25.3505235473
1.04288295754,-38.0281112417
1.02706881664,-16.7956458049
1.03260632978,-26.3816765901
1.03198021017,-25.8539324182
1.03125088248,-26.7287501567
1.0291084112,-25.8638015108
1.02941737279,-25.98637365
1.0301787471,-25.4047906122
1.03898628253,-37.9701547327
1.02450642892,-17.0659854283
1.0307865781,-26.3709337341
1.03638451389,-26.0784802902
1.03383266265,-27.0347988104
1.02681623214,-25.4807831434
1.03015875189,-25.9823002062
1.02865669207,-25.192756658
1.03801338132,-38.1177641048
1.0259236054,-16.4645383884
1.02958530925,-26.2999622439
1.03201742339,-25.5285983567
1.02849450571,-26.6134676486
1.03031709126,-25.0242643348
1.03240602701,-25.9458248541
1.03033400164,-24.901299596
1.04068497557,-37.9586144346
1.02465747492,-16.5107482839
1.02866631305,-26.3130118393
1.03109633027,-25.8773046743
1.02634003164,-26.6947491109
1.03093783269,-25.232176983
1.03149007488,-25.4400819298
1.02903920067,-25.1001485322
1.03705702409,-37.9093356442
1.02637361218,-16.1636833414
1.03400638326,-25.7996637422
1.02989985474,-25.7720470323
1.02852238232,-26.9826465159
1.03001863241,-25.5865884577
1.02926563245,-26.0937324394
1.02702027326,-24.912354954
1.03570539784,-38.0136382568
1.02351661476,-16.5373357408
1.02732755235,-26.4171104231
1.03013813612,-25.3708573513
1.03108598841,-27.1488521797
1.03270731594,-25.3960498728
1.02848444198,-25.6415601865
1.0291859671,-24.7600471015
1.03270481099,-37.3478389862
1.02505198173,-16.4746532766
1.02469621805,-26.1484809011
1.03168394352,-26.2513641341
1.02885127751,-26.8943303837
1.02620588054,-25.0198465056
1.02802182067,-26.1083421539
1.03106413634,-24.6137749035
1.03897946991,-37.6553732092
1.02332916298,-16.47947838
1.02818942482,-26.3877279626
1.02870361144,-26.1461734028
1.03162953335,-26.4050068633
1.03076671357,-25.6713041562
1.02793444496,-25.7968278054
1.02950820585,-25.3659945237
1.0372263769,-37.6838698384
1.02560511361,-16.7541685702
1.03095716444,-26.5318683933
1.02944206372,-26.0949152799
1.03057904265,-26.2275765627
1.02965903779,-25.6364343462
1.03372378179,-25.9274836412
1.03217893967,-24.8475413129
1.04106873441,-37.4942820068
1.02872686766,-16.8485904356
1.02786257101,-26.3544088052
1.03445987017,-25.8066414917
1.02884495728,-26.5565130741
1.02854898226,-25.0978095729
1.03022285706,-25.6638390949
1.0297778495,-25.0905204006
1.03901108472,-37.26571847
1.02319950315,-16.3953378626
1.02887672372,-26.2603756081
1.03266183562,-25.7419610543
1.03247459885,-26.4010726039
1.0297618541,-25.0843742312
1.03012181572,-25.8522495796
1.03355262489,-24.4438613398
1.03976067107,-37.4474085828
1.02758801579,-15.7984577916
1.0298354885,-25.7314489793
1.03366671243,-25.4014466983
1.03118556476,-25.9422833551
1.03085868377,-24.7775225446
1.03138252084,-25.5503618786
1.03019238566,-25.1004637268
1.04081304866,-37.3571452904
1.02513190414,-16.708168531
1.03218924341,-25.685270902
1.03220261631,-25.4778458171
1.03054003222,-26.503929045
1.03474962868,-24.9822679709
1.03134764158,-25.8575156361
1.03533581156,-24.0036670953
1.03897404711,-37.152139631
1.0243530011,-16.2734617064
1.02993747265,-25.8111357566
1.03267202007,-25.678175104
1.0329690571,-25.9079514915
1.02983297973,-24.9802313017
1.03491411393,-25.4962204436
1.03251496944,-24.6514417072
1.04090483897,-37.840461568
1.03243462328,-16.1114558173
1.03436335999,-25.637856821
1.03225102381,-25.4835433559
1.03091041732,-25.937072597
1.02933417151,-25.2535689347
1.03844043873,-25.6490100059
1.03267780732,-25.0010931015
1.04129898049,-37.1262858862
1.02854275308,-16.4353015581
1.0340325147,-25.9032367687
1.03481191515,-25.9253370269
1.03166596105,-26.0379437285
1.03621559253,-25.1444644473
1.03573303859,-25.1366321279
1.03117720764,-24.4820877331
1.047388595,-37.4923057135
1.03152374523,-15.2697544683
1.03630463979,-26.1207663333
1.0363534431,-25.6655985245
1.03347466592,-26.607969658
1.0343328051,-25.1134144696
1.0336891207,-25.415733051
1.03343160371,-24.727425067
1.03951199046,-36.859331723
1.02871489511,-16.6469095826
1.03559549744,-26.2236596088
1.03648931827,-25.687766628
1.03344595442,-25.8954391811
1.03462159867,-25.2204793863
1.03688560113,-25.5910384734
1.03584564871,-24.7439955164
1.04349464269,-37.5515075928
1.03217158943,-15.97760056
1.03769654219,-26.1078130318
1.03479170848,-25.4376413551
1.03119582654,-26.2824555652
1.03521371272,-24.6840632146
1.03492075517,-25.4824720972
1.03649796021,-24.4644903872
1.04588418955,-37.7858641037
1.0336199446,-15.9123289302
1.03833552535,-26.0309556865
1.03957836346,-25.3371477357
1.03897376002,-26.1663992994
1.03682208779,-25.2612838596
1.04119221148,-25.5645568968
1.03840272864,-24.3594233284
1.04522212275,-37.5136409404
1.03280379585,-16.2549501679
1.03866964552,-25.8441456527
1.04027254402,-25.4144120602
1.0398461803,-25.9270510311
1.03684748689,-24.9529956962
1.03722942438,-25.3135213069
1.03885260303,-24.3853470643
1.05050212418,-37.4715790073
1.03376477732,-15.8748237036
1.03878570028,-25.5151795541
1.04060302006,-24.9016099497
1.03920701793,-26.0676711983
1.03716992386,-24.7346281289
1.0380394027,-25.0810374952
1.03886734385,-24.4390523427
1.04433571825,-37.2616643259
1.03416463486,-16.0761322512
1.0359577202,-26.4660824261
1.0387117899,-25.1365290826
1.04329726937,-25.7860986575
1.03931972265,-24.5504743588
1.04122722965,-25.0587083793
1.04144572176,-24.5526996695
1.0481374951,-37.4718333554
1.033175826,-15.9423940699
1.0398490422,-25.2871788359
1.03958158387,-25.4350785861
1.04692935768,-25.953287317
1.03980715629,-24.5904262598
1.04088063182,-25.0677409385
1.04254132647,-24.0836462821
1.04846824521,-37.3014374526
1.03996893438,-15.672890293
1.04663059285,-25.2832962247
1.04695394381,-25.1694486085
1.05085276883,-25.9595491294
1.05029706726,-24.7882723524
1.05894577285,-25.7668311903
1.06906029168,-24.980330254
1.08940703876,-38.2869538049
1.10741595672,-17.0536183297
1.14769472309,-26.887904114
1.20175225685,-28.0426968336
1.31549735916,-30.8298650164
