1.37812103915,-14.7708078434
1.25558284987,-14.1651036385
1.18823790154,-13.5493506856
1.1630262963,-21.4974448592
1.10914072344,-8.78187878739
1.10195066595,-14.0051190648
1.09129172497,-13.7852577536
1.08702228335,-14.014959006
1.08023329137,-13.1358888863
1.08039823928,-13.4832160698
1.07635013803,-13.123256202
1.08890075799,-20.510874362
1.07045053595,-8.56490833639
1.07557805559,-14.1431426537
1.07289506065,-13.9747167223
1.07389489375,-13.9283164153
1.07759654781,-13.1030897378
1.07419530545,-13.6660464843
1.07601885274,-13.1236815014
1.08559117564,-20.8867579896
1.06545220257,-8.70615711713
1.08005304098,-14.3151629171
1.07193065981,-13.7333280151
1.07175304427,-14.2506143507
1.07259420454,-13.5615205659
1.07531916329,-13.9027501856
1.06806819213,-13.0739612139
1.08428147694,-20.7112951461
1.07027494743,-8.55751779194
1.07450284083,-14.1264283176
1.07107640951,-14.0572320394
1.07331074265,-14.1695179409
1.06687534529,-13.4593170781
1.07592518082,-13.6259269869
1.07000909947,-13.1322990514
1.08104706922,-20.8279966645
1.06443743127,-8.56129547051
1.07179923787,-14.2333032961
1.06838581046,-13.537894521
1.06800075765,-14.162927475
1.07095197203,-13.2645833718
1.07176971312,-13.6962244063
1.065779256,-13.4428703867
1.08388560209,-20.9571621585
1.05885657253,-8.93817251749
1.07119885209,-14.3778663185
1.06787084263,-13.7352730889
1.06948302259,-14.3395624466
1.06766566275,-13.4975730607
1.06773021031,-13.6874141138
1.06829446747,-12.8693737637
1.08057587458,-20.5902701239
1.06180059675,-8.57989019088
1.06489795491,-14.106514061
1.06353261389,-13.9872761789
1.06253223091,-14.1112934016
1.06214769457,-13.6814004822
1.06439640338,-13.7135931823
1.06458449734,-13.2471669081
1.08133473474,-20.7110374649
1.0557220928,-8.78269607596
1.06488280725,-13.9959307317
1.06471836926,-13.683421411
1.06921670503,-14.2727017129
1.06346754158,-13.5247771176
1.06643097363,-13.5716799623
1.06581853821,-13.4870780375
1.07541143344,-20.5193466022
1.05815475478,-9.03676922742
1.06507343381,-13.9672683826
1.06002851094,-13.7845217247
1.06119675717,-14.2995778726
1.06397316253,-13.2322047612
1.05885077471,-13.7690864619
1.06471179956,-12.9662144954
1.07603425566,-20.7370825159
1.05125828959,-8.71421644581
1.06230256388,-14.4046520199
1.06266781634,-13.7811968841
1.06103645662,-14.0885490923
1.06576300205,-13.4287282904
1.06699555608,-13.6573382814
1.06125237928,-13.2199562694
1.07471112588,-20.6523504377
1.05674145524,-8.45224257884
1.06494734854,-13.9108272183
1.06267848651,-13.637269128
1.06137262302,-13.9844949601
1.05925538952,-13.403074145
1.06045440631,-13.9002458049
1.05984192174,-13.1011905893
1.0758615893,-20.6807844672
1.04865125826,-9.18142385548
1.05824126718,-14.2171599052
1.05585172658,-13.8151364512
1.06226266134,-13.8443463728
1.05892417406,-13.7635096253
1.05867479919,-14.1705379566
1.05725972597,-13.3480025145
1.07125319129,-20.9047796079
1.04858162243,-8.83665900872
1.06405094045,-13.9300616693
1.05765256826,-13.7820249266
1.05866160831,-14.2583195294
1.05764209832,-13.7497931213
1.06013500453,-13.6467526781
1.05788664833,-13.3989729675
1.07034057596,-20.8626734648
1.04674187669,-8.91615141583
1.06052955441,-14.4230696562
1.05595287402,-13.8055012653
1.06195550463,-14.0792711729
1.05513205546,-13.7315632919
1.0582348944,-13.6655145082
1.05462025651,-13.582134439
1.06924422706,-20.9512377141
1.04758233002,-8.90612227059
1.05636477316,-14.1784821459
1.05829289068,-13.9265930076
1.06007618389,-14.0984992658
1.05679981969,-13.5169356178
1.05774738646,-13.7066606214
1.0545505503,-13.2731457875
1.06974342654,-21.0457508631
1.04932053297,-8.9758297323
1.05769985397,-14.4240112846
1.05528396985,-13.7653599241
1.05716492049,-14.1346469212
1.05409075071,-13.7813642947
1.05565075179,-13.7439714644
1.0560380442,-13.2538748161
1.06564930343,-20.7552358537
1.04579843538,-8.70340111132
1.05689076197,-14.0328181342
1.05107459503,-13.878944076
1.05235121351,-14.2138011465
1.05020922698,-13.7074796553
1.0554667871,-13.6895929763
1.0564493246,-13.1394807035
1.06646520938,-20.967614366
1.04625325569,-8.70913450747
1.05705163335,-14.4602602505
1.05805471161,-13.8774298593
1.0549048706,-14.423909269
1.05314982834,-13.4414754215
1.05589467592,-13.5948188097
1.05369176124,-13.6138083062
1.06489186695,-20.6924547393
1.04569658613,-8.92060638354
1.05466821126,-14.227572356
1.05385991407,-14.1638973361
1.05933152585,-14.1388806571
1.05932336221,-13.4344741025
1.05712918521,-13.9387339602
1.05034613922,-13.5474126321
1.07167041341,-20.6379275268
1.04697329435,-8.73226257693
1.05826116229,-14.1890351812
1.05683445879,-13.824544611
1.05559088174,-14.3569705837
1.05869731066,-13.6531432332
1.0558649248,-14.1643590623
1.05449732247,-13.2915438695
1.06843778749,-20.836506686
1.0472995929,-9.17356099986
1.05413571302,-14.4442493686
1.05559018656,-13.9783464511
1.05558669604,-14.3999919623
1.05830783729,-13.7047303321
1.05488000879,-13.9783630211
1.05472139586,-13.5630597683
1.07012855902,-20.5720928585
1.04647112932,-9.05941974436
1.05790340269,-14.2183161682
1.05473149584,-13.8631255268
1.05622293372,-14.3054994123
1.05491074725,-13.9250882499
1.0562891496,-13.8380426849
1.0496169756,-13.2565280503
1.06879559186,-20.8399513791
1.04527118236,-9.12734773746
1.05611357965,-14.4766915083
1.05670671782,-13.8795413063
1.05568051817,-14.3308082206
1.05253310097,-13.6126067945
1.05859551123,-13.6792395418
1.05092865392,-13.1429192765
1.06631458187,-20.8300592803
1.04567862054,-8.99099641404
1.05511818148,-14.5617602818
1.05293357668,-13.8275997655
1.05231885676,-14.3652082407
1.05383107327,-13.7617491685
1.05804698954,-13.7972352163
1.051678668,-13.1469774584
1.06658513934,-21.08735737
1.04603316355,-9.17591055575
1.05907580858,-14.4751787696
1.05433481393,-14.1184749704
1.05621617235,-14.2790954686
1.0540334864,-13.7900395673
1.0555834964,-14.0338753517
1.05342785638,-13.4568453911
1.06601393193,-20.9300443502
1.04605425686,-9.20140752241
1.05225897365,-14.4149991069
1.05603789628,-13.9066154398
1.05470970497,-14.1954798268
1.05150715106,-13.6313081613
1.05657042263,-13.8347759377
1.05529405857,-13.159071461
1.06658687813,-20.6579406357
1.04701603941,-9.00875807604
1.05454806751,-14.4696979414
1.05353689315,-13.9431971395
1.05491557812,-14.4220019986
1.05502481788,-13.6758284195
1.05428731581,-13.9101007918
1.05350045525,-13.3427784952
1.06752408206,-20.9418005764
1.04354910561,-9.16483885418
1.0548345707,-14.3756730722
1.05411698849,-14.0851290327
1.05579077287,-14.2623040182
1.05261903582,-13.9410626047
1.05563753395,-13.6898436837
1.05508482203,-13.3036649051
1.0700709386,-20.5399223131
1.04705369979,-9.09115701308
1.0556250415,-14.4039116196
1.0531628435,-13.9963450991
1.05440111784,-14.3606020309
1.05356593273,-13.5992055531
1.05971357962,-13.8446145203
1.0570274712,-13.5292530195
1.06823325453,-20.9323626491
1.04852195392,-9.25134105262
1.05671235304,-14.5280491887
1.05577767822,-13.8123656208
1.05256309721,-14.6698792023
1.05484647125,-13.9571494683
1.05598275822,-14.0555961766
1.05898966518,-13.4980943662
1.06568618438,-20.8227942261
1.04765724757,-9.00397545244
1.05691041221,-14.5689635545
1.05392353499,-13.8422411742
1.0566251183,-14.6298278256
1.0543453153,-13.6749609327
1.05271228081,-13.8109708463
1.0543038118,-13.2160587117
1.06932496819,-21.1090346391
1.04766724129,-8.89294726418
1.0560755546,-14.5416986543
1.05547071752,-14.1310364584
1.05807314446,-14.509451942
1.05589135744,-13.9899176362
1.05610011569,-14.1273345931
1.05359109061,-13.4367154393
1.06462215621,-20.6485322963
1.04478560789,-9.12894468301
1.05435300793,-14.3451267679
1.05372091058,-14.080608101
1.05316869107,-14.3883020987
1.05473987759,-13.7426523609
1.05311181359,-14.1896405376
1.05492865662,-13.6013414735
1.06490083046,-21.0719860313
1.04340460353,-9.27107537298
1.05591147477,-14.7534684312
1.05274187102,-14.0718156598
1.05864353797,-14.5464199371
1.05397950898,-13.7535662185
1.05947918702,-14.0178934133
1.05450559315,-13.1418257676
1.06237409869,-21.1649520224
1.04547334971,-9.03951353517
1.05183914545,-14.6944468222
1.05460680427,-14.1180108211
1.05513728934,-14.7808600455
1.05034957182,-13.7505304507
1.05701047237,-14.0677439154
1.05610843383,-13.5406259778
1.06724986743,-20.9030333044
1.04606453129,-9.01968863032
1.05572247795,-14.3948021309
1.0523743064,-14.0171091187
1.05290618682,-14.5130043225
1.0551155055,-13.977912388
1.05661710473,-14.0378658726
1.05367702526,-13.6974347766
1.06326041701,-21.1361251149
1.04541259298,-9.13935577002
1.05483495425,-14.1525630365
1.05328999548,-13.9290626641
1.05308125335,-14.4515498115
1.05144038003,-13.878862532
1.05200097994,-13.8721070668
1.05174067986,-13.4512235962
1.06595481579,-20.7459958048
1.04390556783,-9.14465221634
1.05754477093,-14.2547103998
1.05340415371,-13.8552582563
1.05498684082,-14.3727200769
1.0525320969,-13.6404356968
1.05344889393,-13.8623241508
1.05472751844,-13.4788775215
1.0641044166,-20.8943393977
1.04332973881,-9.11776678983
1.05501156555,-14.1143167643
1.04970358389,-13.966332549
1.0561680015,-14.1277540065
1.05248614495,-13.7226294206
1.05513647213,-13.985352073
1.05474580365,-13.5561537977
1.06468770893,-21.0000872251
1.04891238626,-9.14156184721
1.05531727494,-14.5601091459
1.05442737444,-14.1093273782
1.0534426941,-14.5798808709
1.0541356575,-13.9453381084
1.05526538131,-14.1922336302
1.05273642476,-13.4598011866
1.06247987868,-20.9911753585
1.04309424545,-9.0551281995
1.05388770455,-14.6227289568
1.05989514695,-14.0403327274
1.05354464727,-14.2906594185
1.0513826637,-13.6549520565
1.05410477636,-14.2278545025
1.05229738998,-13.300013707
1.06731964163,-20.8394694451
1.04357340574,-8.98024681291
1.0549281842,-14.5221380652
1.05235178912,-13.942742675
1.05197159099,-14.5764275565
1.05467356266,-13.8363294337
1.05346916624,-14.0789616463
1.0511279355,-13.4582575255
1.06642847313,-20.9608818926
1.04614421847,-9.01970733916
1.05277468876,-14.3666595788
1.04988694616,-14.5178224241
1.05536752758,-14.3967862483
1.05696703307,-13.995410134
1.05655282518,-14.0235659972
1.05193925814,-13.3297632029
1.06840819475,-20.9897040803
1.04449396131,-9.4454604034
1.05145915321,-14.5260504234
1.05521541772,-13.9148827071
1.05786490893,-14.5394320955
1.0510731642,-14.0079075332
1.05265685816,-14.1014599136
1.05182132418,-13.5744318465
1.06774707067,-20.7534874375
1.04980449363,-9.22690574281
1.05457768325,-14.5180587596
1.05369484348,-14.1656633284
1.05678959266,-14.7175792818
1.05252078799,-13.805299581
1.05290503421,-13.705471606
1.05158634449,-13.6615256386
1.06495142628,-20.9158867486
1.04579661362,-9.5080868223
1.05731647805,-14.62040852
1.0523907699,-14.0723955805
1.05260197714,-14.4334619923
1.05940211896,-13.7048686428
1.05538359198,-14.1607342499
1.05083751797,-13.5732843293
1.06766003006,-21.0197350129
1.04380468033,-9.27344289462
1.05317739005,-14.5523459909
1.05187431385,-14.2747141446
1.05424934612,-14.5479219179
1.05265753474,-13.7927805956
1.05215558005,-14.0751256154
1.05327706851,-13.4614037439
1.06238425372,-21.0466575569
1.04408474889,-9.45572293861
1.05275258918,-14.6910205602
1.05434278956,-14.1462064386
1.05233970167,-14.4838127999
1.05300257982,-14.2187179934
1.05492355941,-14.0411467631
1.05237096416,-13.5778495357
1.06527569737,-20.978921468
1.04997760169,-9.35045913233
1.05169494275,-14.8321909567
1.05714055777,-14.0781331157
1.05328471228,-14.6759031686
1.05384802516,-13.5515233267
1.05616525141,-13.8658701907
1.05116384076,-13.5113754078
1.06582560149,-21.0231024243
1.04261399596,-9.10483878797
1.05068061639,-14.469096571
1.05267352638,-14.276417201
1.05233169755,-14.4908539755
1.05348905519,-13.7597576933
1.05581035513,-14.1566903908
1.05592746371,-13.705271235
1.06411333792,-20.993781786
1.04521961244,-9.43337542871
1.05595153175,-14.5443552286
1.05257285885,-14.0428782626
1.05330894223,-14.4310506187
1.05073625332,-13.8717801848
1.05458255696,-13.9510513211
1.05146030127,-13.498258885
1.0647741303,-21.0151411189
1.04136679265,-9.43213770341
1.04946824845,-14.6127509794
1.05472213953,-14.2373262094
1.05283823836,-14.400924342
1.05032178847,-13.9782268106
1.05491669325,-13.8088145108
1.05063320549,-13.5191340722
1.06697795787,-20.6012207525
1.04386159709,-9.03423657143
1.05046184392,-14.4537635051
1.05164681242,-14.4588365501
1.05204309577,-14.8166535629
1.05130712595,-13.7495212827
1.0537603912,-14.2766610457
1.05212681551,-13.4072518441
1.06347900844,-21.2637622322
1.04521215828,-9.1614975273
1.0516265019,-14.7464451592
1.05343211992,-14.0946552692
1.05157049295,-14.6446999719
1.0525290003,-13.7083393762
1.05151470332,-14.0568359523
1.04706616627,-13.579120033
1.06126996678,-20.9365856443
1.04231656519,-9.2310645594
1.05255256504,-14.855055769
1.05123133459,-14.1879987538
1.05348285797,-14.6246539217
1.05133989133,-13.9555452151
1.05627974613,-13.8843763498
1.05159332511,-14.1326634386
1.0672747807,-20.8920143058
1.04532329856,-9.13651232154
1.05363210101,-14.6358965297
1.05366725913,-14.2558410808
1.052920255,-14.7883465876
1.05352204589,-14.1102846364
1.05077504998,-14.2655002568
1.05068988164,-13.8225566165
1.0643511954,-20.9657390297
1.04399181645,-9.52566383663
1.05917334415,-14.2818922672
1.05539587514,-14.2602511763
1.05529030951,-14.4908565623
1.05248863539,-13.8786581226
1.051096901,-14.122580665
1.05576510107,-14.005825945
1.06183831766,-21.0546405632
1.04373712086,-9.45358525098
1.05333157911,-14.8383600418
1.05341945272,-14.1464903996
1.05159834029,-14.4750934364
1.0519685302,-14.1881154535
1.05249456309,-14.0767207112
1.05554250144,-13.4459617659
1.06969983584,-21.0570020609
1.04934143867,-9.14082188631
1.05453469336,-14.7233248852
1.05709975779,-14.4982616718
1.05527791457,-14.5873583703
1.05109817998,-13.9963708169
1.05574842101,-14.2376433135
1.05507629192,-13.5870429276
1.06698229177,-21.2105820548
1.04452641563,-9.45523592623
1.05838210942,-14.7884996348
1.05300707138,-14.3171452758
1.05795714851,-14.6367498824
1.05691904977,-14.1372152043
1.05380644618,-14.0589320225
1.05496066854,-13.6496969154
1.06557266872,-21.2466811386
1.04233300338,-9.22848949554
1.05166913149,-14.7743763517
1.05569887259,-14.4432375806
1.05924814516,-14.5381284237
1.05335904163,-14.0806378137
1.05597986528,-14.1556577096
1.05661942127,-13.8497841637
1.06554327119,-21.0409962216
1.04792663611,-9.23147808227
1.05330288399,-14.6523913603
1.05578691922,-14.4097433172
1.0521438815,-14.9384416353
1.05076655039,-14.0389873374
1.0523303881,-14.5799464907
1.05330057902,-13.9173413991
1.06286810042,-21.3224083544
1.04491098332,-9.3181623775
1.05135903534,-15.0084536738
1.05025882946,-14.3785546253
1.05467063917,-14.7569941735
1.04904288238,-13.8688376953
1.05072088956,-14.5457608021
1.05071875977,-13.5706833868
1.06384943764,-21.1878899512
1.04219972576,-9.4594973043
1.05807683751,-14.5636873238
1.05044972098,-14.288627574
1.05421574184,-14.4095497768
1.05184210467,-14.1109475381
1.05420787423,-14.1574993895
1.05125588427,-13.7293582953
1.06506179784,-20.9307287065
1.04584909704,-9.17347640854
1.05236405567,-14.5723518371
1.05039890108,-14.2128897667
1.05445117182,-14.6080349848
1.04850431526,-14.1462174464
1.05153655369,-14.2948518931
1.04945448268,-13.8900306565
1.06348229469,-21.2108077174
1.04875873975,-9.28363260731
1.05190218142,-14.5714211714
1.05304242362,-14.1003383914
1.05266794565,-14.4987296139
1.05292060971,-14.0819057026
1.04939307462,-14.4617434666
1.05092077986,-13.6589198746
1.07002538694,-20.946390965
1.04656720508,-9.24556838859
1.05502154121,-14.5619390829
1.05422257225,-14.250761865
1.0519666704,-14.590395205
1.05479686564,-13.8284533789
1.05497785052,-14.215300723
1.05593339664,-13.8306222255
1.06738630983,-21.0682265899
1.04623960017,-8.71158213145
1.05147208605,-14.9610410733
1.05042831536,-14.160088567
1.05383029811,-14.6788179959
1.05139179855,-13.8914290203
1.05398911222,-14.8054923208
1.05569006731,-13.9029932759
1.06371604453,-21.6761359451
1.04273179943,-9.17329572087
1.05646239922,-15.0993184883
1.04911066133,-14.8524232779
1.05218921241,-15.1295845831
1.05054367129,-14.456250503
1.05040886177,-14.4772150348
1.05114706411,-13.9372501979
1.06380750673,-21.3396433814
1.04205125125,-8.91352407407
1.05604233999,-14.9168256717
1.05295837518,-14.5833230469
1.05729814441,-14.924199923
1.05440214372,-14.2073032533
1.05463426461,-14.8473585498
1.05141493221,-14.1865125844
1.06729567005,-21.7519537421
1.04510288246,-9.25170265146
1.05880338259,-15.1746299605
1.05850371274,-14.4473887191
1.05689127653,-14.952596352
1.05452606063,-14.4872773356
1.0635938457,-14.7065390636
1.05437701278,-14.0282085349
1.06723513906,-21.7423059695
1.04740970224,-9.11573159534
1.05590976376,-15.121364157
1.05785136232,-14.6639105051
1.05372986342,-15.1909737716
1.05714932157,-14.4680435915
1.05581662945,-14.7111044233
1.05588549073,-14.0348014904
1.06845073221,-21.5831628514
1.04430103823,-9.07469048754
1.05620337191,-15.158000477
1.05276874986,-14.6357440568
1.05514374383,-15.0246587276
1.05480479817,-14.4683639674
1.05727837413,-14.2859753724
1.05533453927,-14.4631451857
1.06622204829,-21.4954877144
1.04615843314,-9.2877309891
1.05781794463,-15.1933520178
1.05743809106,-14.2985782318
1.05850404911,-14.9409302982
1.05312936244,-14.3783579029
1.05727202217,-14.3925976749
1.05492869573,-14.0827212786
1.066333747,-21.3571443118
1.04501662962,-9.02646265619
1.05063357311,-15.0393913226
1.05499248374,-14.6041520833
1.0541995198,-15.2072263001
1.05211240449,-14.5639905729
1.0515740768,-14.5936353678
1.05132433867,-14.0788284647
1.06593515592,-21.4638662376
1.0357870044,-9.10013183142
1.04890107903,-15.2591430897
1.05527315902,-14.8785418778
1.0527521836,-15.3459863973
1.04722275427,-14.6155546061
1.05412035165,-14.6996089517
1.05263874802,-14.2403090512
1.06690623637,-21.4465085107
1.04521723351,-8.8928277619
1.05211865109,-15.0674110534
1.05008206473,-14.8095404403
1.05379995169,-14.9060783374
1.05200483376,-14.4051189136
1.05350583507,-14.5256175003
1.0542408862,-14.2759793593
1.06598653053,-21.4813884008
1.04066767215,-9.03935780603
1.0551894043,-15.3846678724
1.05423445321,-14.577982779
1.05110814935,-15.3105647322
1.05231818378,-14.6145702088
1.05643529054,-14.4786386732
1.05070267616,-14.1468649717
1.06151294096,-21.6997662042
1.04627957362,-8.85751874266
1.05187962215,-15.2089811986
1.05247587372,-14.5745131181
1.05259230535,-15.2958458569
1.04766538729,-14.2969189751
1.05658879253,-14.6802672637
1.05092803108,-14.0590669154
1.06569882986,-21.4307008066
1.04309280789,-8.86567134967
1.05433203153,-15.0224940911
1.05013309173,-14.4843454109
1.05028071355,-15.1596765671
1.04898955014,-14.4964698451
1.04932420273,-14.4674750545
1.05264494259,-14.0824532122
1.06836395152,-21.7162666268
1.04890062969,-9.10945884534
1.0512291918,-15.487176656
1.05688528284,-14.812395931
1.05752965824,-15.204279027
1.06006576627,-14.0910143475
1.05991446479,-14.6798937303
1.06272478977,-13.8301657176
1.07456349316,-21.6866013319
1.04961377403,-9.38801155643
1.05796900239,-15.415678227
1.0598525143,-14.6034934043
1.05668597484,-15.2960082401
1.05818278025,-14.6456455439
1.05341603741,-14.6540937258
1.05514380734,-14.234165806
1.06647118769,-21.701210356
1.04402677087,-9.4958835008
1.05293233504,-15.0707968572
1.04776879068,-14.4628950804
1.04846681442,-15.13623007
1.05399452391,-14.2976446352
1.04962411825,-14.6526512659
1.04907608521,-14.2540238936
1.06276151007,-21.5027046546
1.04333169685,-9.35569882253
1.05137771088,-15.2054103468
1.05402373955,-14.5507134478
1.05206071968,-15.131416078
1.05334998773,-14.6836694013
1.0540207478,-14.5707683544
1.05096616459,-14.0703886862
1.06742159779,-21.5455399066
1.04524955689,-8.93218209415
1.05321362846,-15.4423332751
1.05196389972,-14.690054604
1.05419996803,-15.1571052748
1.04683882817,-14.4430152275
1.0549066759,-14.6198501559
1.05499741366,-14.0004347057
1.06335010558,-21.8956979105
1.04259324192,-9.1322684465
1.0542860044,-15.2491377311
1.05615420725,-14.5015748595
1.05802453976,-15.056116282
1.05080273245,-14.6817116853
1.05417053648,-14.6644087042
1.0520245411,-14.3079643753
1.06655658795,-21.7809359866
1.04315036936,-9.16434862765
1.0536684663,-15.383478272
1.05466611235,-14.4320049536
1.05384510072,-15.3977609665
1.05280258316,-14.4853624996
1.05234976116,-14.8882929789
1.0466771553,-14.4977037848
1.06409916152,-21.7535682105
1.0421869523,-9.40145298276
1.05274955681,-15.4127558992
1.05114311589,-14.8514925734
1.05285163371,-14.9688560953
1.05339115889,-14.3273696542
1.05673739554,-14.3600786643
1.05246889905,-14.1899624193
1.06149256323,-21.6713766633
1.04325839284,-9.09093677468
1.05099545897,-15.4586302561
1.05433586833,-14.5731271415
1.05645998486,-15.4632957148
1.05151071492,-14.460002026
1.05476014376,-14.7007061411
1.0559174738,-13.9339786854
1.06411578125,-21.5584089088
1.04045756463,-9.19440339766
1.05281963785,-15.2008709348
1.05033727642,-14.8760202519
1.05124708978,-15.2339960798
1.05157970486,-14.3934667057
1.05352052226,-14.5769664967
1.05088288174,-14.3000268537
1.06686588616,-21.7560237871
1.04341855766,-9.07755695226
1.05141782293,-15.4095083121
1.05309903634,-14.7498309158
1.0539505039,-15.1345526481
1.04947958886,-14.4958173542
1.05239235852,-14.7483046065
1.05178399268,-14.2113595069
1.06260268381,-21.5512670663
1.03953807716,-9.32924217363
1.05097367756,-15.2417731226
1.05222405782,-14.6316090983
1.05632961645,-15.2507453602
1.05132956394,-14.6864059135
1.05046511891,-14.8237295915
1.05265610634,-14.0332852865
1.06271660728,-21.4806726346
1.04182842932,-9.01130130822
1.05081434654,-15.308529058
1.04812817458,-14.592298902
1.05112210588,-15.1207419129
1.04855249241,-14.4784611303
1.05156678697,-14.5371799309
1.04940301726,-13.9275572228
1.06425643812,-21.5747629294
1.0434342153,-8.94368335553
1.04886916567,-15.3449527847
1.05259831566,-14.611880802
1.05298841226,-15.2221502863
1.05417788781,-14.1387215582
1.05589209249,-14.6771082114
1.05146532723,-14.1674337259
1.0669068768,-21.6787416846
1.04046234665,-9.50436071272
1.0527800613,-15.2528519421
1.05299953597,-14.8363756617
1.05201865226,-15.2886447353
1.05018171157,-14.4705428584
1.05478598812,-14.665866925
1.04986343523,-14.367399389
1.06446051506,-21.6377934195
1.04357481256,-9.39595713772
1.05618675562,-15.1196298305
1.05228584215,-14.7834996396
1.05380279086,-15.1513428567
1.051686944,-14.5592911901
1.05341649479,-14.9092245867
1.0509375594,-14.3963909153
1.06522462193,-21.7172185947
1.04724242167,-9.18777542979
1.05345169346,-15.4254596592
1.05105988185,-14.6604348742
1.05296610237,-15.1576497953
1.05081181019,-14.4207323545
1.05217820939,-14.7561541853
1.05118297495,-14.1725991518
1.06710303105,-21.5911061865
1.04553161444,-9.20563787678
1.05275317648,-15.4979333248
1.04994850764,-14.8481852069
1.05454781049,-15.2146050633
1.0515329929,-14.4387948687
1.05154346952,-14.8170315921
1.05077261135,-14.3361370767
1.0625138535,-21.4532768931
1.0402003826,-9.2679806428
1.05233233855,-15.2212279041
1.04976638462,-14.6753131679
1.05177295506,-15.467143411
1.05315989785,-14.7748402513
1.05502448397,-14.8233701375
1.04982009175,-14.037358682
1.06220804533,-21.3639135038
1.03875642703,-9.23810090636
1.05421881226,-15.3988310698
1.04772643724,-14.628761638
1.04688542523,-15.377112601
1.04905106762,-14.6065721205
1.05153917014,-14.7666322533
1.05256084923,-13.9238696137
1.06285734254,-21.4479540123
1.04404225942,-8.9505230033
1.05266546778,-15.3479279004
1.05178076303,-14.6507816022
1.05324757524,-15.2504872001
1.05124247166,-14.4388599531
1.05443673047,-14.5949226694
1.0494672684,-14.0745214464
1.06275236433,-21.5151686764
1.04057261442,-9.37891867803
1.05096383089,-15.2957082104
1.04868413918,-14.7477156753
1.04885744477,-15.222596701
1.04862946198,-14.4380506628
1.0461091856,-14.8518451845
1.04859856432,-14.0833313747
1.06429090008,-22.1340889697
1.0400303072,-9.30725746219
1.0520755814,-15.3955366715
1.04851781773,-14.7710999884
1.04959274202,-15.282423602
1.0470089453,-14.3953133117
1.05377420619,-14.4927383314
1.04994850541,-14.2181126918
1.06309470081,-21.6417889942
1.04039636806,-9.38189559236
1.04984836417,-15.4655725678
1.04724309015,-14.6605877821
1.05057458045,-15.212933269
1.05062620236,-14.345282022
1.04810299387,-14.9436614415
1.04925104918,-14.0015860126
1.05933243689,-21.9788784707
1.03730130342,-9.29378427442
1.05020472543,-15.4153025804
1.04739654273,-14.8379799232
1.04718661154,-15.4304725058
1.04302546465,-14.7274716561
1.04584975789,-14.8292289223
1.0481098146,-14.1727886925
1.06245758912,-21.6588006259
1.04357486784,-9.01546867927
1.05077641855,-15.2059863384
1.04812540796,-14.8079534325
1.05091449906,-15.4196568196
1.04883101691,-14.4165112251
1.04776932412,-14.940585142
1.05025558175,-14.2744429798
1.05902446203,-21.6637079688
1.04306420348,-9.14436732522
1.04502084332,-15.2203467188
1.04534028403,-14.7840919552
1.04863709597,-14.9717280007
1.04595256579,-14.9482623457
1.04712092722,-14.7421123525
1.04988083532,-14.2680586586
1.05871900916,-21.7343650018
1.03828945642,-9.4143365537
1.05114811227,-15.1206983165
1.04587271266,-15.0579494475
1.04431385324,-15.1320396992
1.04684203409,-14.7154603109
1.0494535164,-14.6790044821
1.04703391377,-14.252503725
1.05979420209,-21.7875279828
1.03791529114,-9.08148761674
1.04805595256,-15.4348423159
1.04789313122,-14.7544125912
1.05014069697,-15.316041066
1.05008642708,-14.4782979904
1.0465480909,-14.7893356333
1.04945299999,-14.2337344659
1.0632235739,-21.7056524365
1.03812915121,-9.23264518081
1.04896022638,-15.3012133078
1.04313001875,-14.6116808616
1.04661760798,-15.2780071484
1.04823022244,-14.3648488954
1.04902988068,-14.6234833804
1.04320099756,-14.1259171796
1.05784444526,-21.5641425558
1.03475488256,-9.54931971522
1.04841211702,-15.1741838583
1.04875367213,-14.9102327226
1.04737365354,-15.064913736
1.04444176399,-14.4871991354
1.04572922472,-14.6449795898
1.04602080078,-14.235613776
1.05885291268,-22.2109131194
1.03527478631,-9.4276737027
1.04563322427,-15.4447304428
1.04770122314,-14.5941116659
1.04429314277,-15.3859699119
1.04459427706,-14.6280797887
1.0477165859,-14.8559968839
1.05130242732,-13.9476073954
1.06051902621,-21.5900259775
1.03589335017,-9.52342280062
1.04705027842,-14.9696183238
1.04524531929,-14.9509663294
1.05001191529,-15.3541590818
1.04478540662,-14.4618924836
1.0486521064,-14.7527551463
1.04949591207,-13.7797013581
1.05958749099,-21.4911445195
1.03965502448,-9.32803118687
1.04947299539,-15.0468137865
1.04416549628,-14.7228257252
1.04665106864,-15.1916501721
1.04531955386,-14.6758968276
1.04622231928,-14.7823231166
1.04726858972,-14.2930453137
1.05877921664,-21.6944573604
1.03591758267,-9.62142829677
1.04871738332,-15.4808409164
1.04789864254,-14.8835950775
1.04480748039,-15.2650830777
1.04425573905,-14.5783962945
1.04591208375,-14.7431100699
1.04370019627,-14.2446299175
1.05852023375,-21.7590163183
1.03653669238,-9.47172294841
1.04833667646,-15.2995855857
1.04525211865,-15.17826692
1.04607886226,-15.1329897315
1.04318846326,-14.9630924421
1.04490116688,-14.6625105699
1.04414693356,-14.3895734408
1.05775897501,-21.5264064641
1.0354028992,-9.23866886979
1.04553345618,-15.3626026137
1.04505228493,-14.8933173752
1.04874018245,-15.3281953753
1.04399049611,-14.5308147979
1.04766636167,-14.6572893446
1.04237556974,-14.2506707285
1.05447959636,-21.8140984152
1.0344188684,-9.47682198983
1.0435107608,-15.0752319874
1.04627476789,-14.4450614843
1.04306401236,-15.2410900984
1.04735705989,-14.2010906645
1.04468062663,-14.7449220977
1.04098839388,-14.0860811621
1.05438635874,-21.5209018
1.03465391266,-9.09003566929
1.04393282649,-15.272213555
1.04754067606,-14.8109367872
1.04895098195,-15.2766080789
1.04651496595,-14.5220422376
1.0509210273,-14.6247026957
1.04955531946,-14.1860399803
1.0608638958,-21.5589944147
1.04171046957,-9.48835343308
1.05058196419,-15.1605071082
1.04664404755,-14.8308256237
1.05128148762,-15.1676838891
1.04732014431,-14.5703743867
1.0490504414,-14.9516700715
1.04910581683,-14.2394967501
1.05863870868,-21.6679735604
1.0417258817,-9.18689147738
1.04683949755,-15.5353213133
1.04634734897,-14.7358801845
1.04813192666,-15.008871216
1.04851694098,-14.5255454745
1.05006897987,-14.8579716436
1.04734911393,-14.222156532
1.05980629387,-21.580552666
1.03852001204,-9.52810186837
1.04789236486,-15.6296654141
1.04642847005,-14.8429675878
1.05159421347,-15.2179566849
1.04823951222,-14.4843361414
1.0486159063,-14.7383031547
1.04754490724,-14.2749541806
1.06224660944,-21.7286702681
1.03654973475,-9.47876601183
1.04926033777,-15.284432664
1.04964959898,-14.8476060274
1.04930178527,-15.2007076631
1.0468505952,-14.4738617688
1.04552499272,-14.7483084546
1.04978103096,-14.1615090658
1.05934677431,-21.8238095716
1.03397824561,-9.59127493039
1.04563233515,-15.3761791068
1.04474064023,-14.6619564341
1.04536210731,-15.0161043719
1.04072682942,-14.6671239863
1.04548267085,-14.6151698504
1.05056474567,-14.4453269952
1.05470699399,-21.5594819226
1.03253542303,-9.50370057807
1.04505464909,-15.4936815057
1.04417245766,-14.7034552442
1.04565102335,-15.3313659712
1.03917842155,-14.6912131972
1.04412077623,-14.8820983327
1.04443731537,-14.402371641
1.05623174204,-21.5643447903
1.03210257211,-9.04720993769
1.0467192703,-15.3071609453
1.04398682226,-15.1620648763
1.04400780579,-15.3913367795
1.04446713562,-14.8374354251
1.04184182604,-14.8149240456
1.04426647268,-14.2354317401
1.05609454848,-21.5673401038
1.03441207834,-9.70453794021
1.04395859111,-15.1616726196
1.04140214771,-14.8662916171
1.04218654051,-15.2704426842
1.04176883081,-14.5385014736
1.04180900797,-15.0116856925
1.04175225664,-14.3321154111
1.05682156316,-21.7963270216
1.0378446111,-9.23549100596
1.0426669046,-15.3388116318
1.04355869592,-14.9497925209
1.04637482918,-15.4317555141
1.04721204431,-14.789824165
1.04073825671,-14.5261950576
1.04405148996,-14.4404558622
1.05324057563,-21.611487502
1.03463653468,-9.50267201145
1.0436435628,-15.4866993635
1.03937742926,-14.7347156966
1.039556601,-15.4358443574
1.04026552201,-14.5039582096
1.04369864184,-15.0825872568
1.04202637439,-14.1144807426
1.05221053251,-21.3221156845
1.03374547045,-9.26640678175
1.0435499979,-15.3792029304
1.04198008436,-14.7442557856
1.04158463157,-15.6176437678
1.03803905895,-14.6155874405
1.04247651191,-14.6990859628
1.04527508541,-14.0319590507
1.05549975113,-21.5853043644
1.03192581412,-9.28990182528
1.0433339603,-15.6750821434
1.04175188085,-14.7514737041
1.0411190773,-15.2703250098
1.03990213261,-14.480902306
1.03955637675,-14.9401413535
1.0446927983,-14.1599571416
1.053797781,-21.7943731363
1.03349735972,-9.41103319732
1.03941904605,-15.2903937249
1.04237045601,-14.6457340193
1.0436531355,-15.0853452897
1.04122149174,-14.4573128621
1.04360518389,-14.7942744047
1.04068195911,-14.2814544601
1.0589795212,-21.5105112897
1.03352545946,-9.25129364836
1.04241710323,-15.507845393
1.04115394409,-14.8313041981
1.04446003619,-15.5180814065
1.03997755276,-14.8840740036
1.04403716376,-14.6288931735
1.04026342479,-14.1933151243
1.05489478476,-21.6948426558
1.03094122573,-9.47428357664
1.03935731954,-15.3532222175
1.03990944815,-14.8838097202
1.04199130438,-15.6425653551
1.04160057061,-14.5668120494
1.04103354483,-14.6550257866
1.03897051233,-14.3691134949
1.05792663512,-21.8135160548
1.031125289,-9.4541696988
1.04071883198,-15.4605214408
1.04053236419,-14.9826685385
1.04142344364,-15.5141202397
1.03948766623,-14.5728037733
1.04092466402,-14.9081934911
1.04089057005,-14.2400422213
1.0550446155,-21.7489784227
1.02944640199,-9.41776629336
1.0448951936,-15.5181094089
1.04382915583,-15.3526822736
1.04622964358,-15.3465217184
1.04301366688,-14.7963761795
1.04254860042,-15.0511770822
1.04623413892,-14.3635669401
1.05369573682,-22.0295397762
1.03335162754,-9.57298412577
1.04226107171,-15.9485151636
1.04123847458,-14.9473532108
1.03942759862,-15.2472952125
1.04154730257,-14.4844589099
1.04079642725,-14.4733448491
1.04270021474,-13.9743997079
1.05592113082,-21.8866841813
1.03069140059,-9.64247207663
1.04155530826,-15.2733503605
1.04373742343,-15.0647611149
1.0420734048,-15.5051355795
1.04130417998,-14.8846458994
1.04398889979,-14.8734998751
1.04105692726,-14.4599144575
1.05242201158,-21.9520081605
1.03152228019,-9.53325645742
1.04371223255,-15.5223925784
1.04292689318,-14.855414541
1.04592304515,-15.2889527695
1.03996326469,-14.6566155237
1.04136281676,-14.7930028935
1.04354686095,-14.5640138896
1.05247505855,-22.0510726988
1.02874895259,-9.7268957868
1.0468758672,-15.3281210137
1.04078897022,-15.0934866895
1.0419883748,-15.4969039395
1.03949604086,-14.7538983706
1.04427446475,-14.7227113531
1.04267363984,-14.1342827433
1.05178538961,-21.8285540699
1.03372476992,-9.55808346845
1.04346923308,-15.3595184607
1.04147726057,-14.8784605422
1.04229541419,-15.1801265698
1.04070747212,-14.6076371638
1.04176964213,-14.6776643573
1.04354340229,-14.2220535053
1.05703418044,-21.7366925963
1.02977812236,-9.59061688182
1.04349671146,-15.3963449883
1.042396836,-14.6100231759
1.0408794859,-15.2024032856
1.03968220283,-14.8366231101
1.04250137467,-14.7377844826
1.04006409445,-14.2838940586
1.0538271438,-21.9184526304
1.03087095152,-9.37600191307
1.04376057068,-15.333603819
1.03819804747,-15.5494316235
1.0421321547,-15.4281645412
1.03889718515,-14.8323213955
1.04023199361,-14.9239425246
1.04291602341,-14.1555810534
1.05368054251,-21.5950735361
1.02956146829,-9.61827015524
1.04270546276,-15.5958799624
1.03919699211,-14.7265695184
1.04438012877,-15.3676877759
1.03837571283,-14.7242388778
1.04040288935,-14.8415863471
1.04353082023,-14.2968997717
1.05522274396,-21.7129580341
1.03299068308,-9.51954198338
1.04366182498,-15.5410615093
1.04218536894,-15.0563870281
1.0404357763,-15.3318774816
1.04305553535,-14.6162554507
1.04007754078,-15.1063241682
1.03877876511,-14.5392684612
1.05419126128,-21.7743028645
1.032294499,-9.63916331267
1.04049537843,-15.2859594077
1.03998500649,-15.0506906376
1.0427466547,-15.4995039505
1.03882767562,-14.7604265913
1.03896348867,-14.6901153562
1.0429256684,-14.5009522427
1.05368819641,-21.5464963554
1.03104663713,-9.6199612191
1.04180682735,-15.3019511585
1.0394129478,-14.9853999722
1.04465714176,-15.116521169
1.03889206212,-14.80221894
1.03698700836,-15.0406137245
1.04257683822,-14.3971282447
1.0537453024,-22.0487285085
1.03007607493,-9.49660096048
1.03986849248,-15.6585590877
1.04386236938,-15.1654796761
1.04757773121,-15.3018745319
1.04078636033,-15.0201697946
1.04461452877,-15.0206815855
1.04195327786,-14.5502342564
1.0514703621,-21.8336717204
1.02820445515,-9.48757579363
1.04535568964,-15.2521622124
1.03982853612,-14.9913584373
1.03995126093,-15.3634872176
1.04000662646,-14.6529162178
1.04339993139,-14.9543748453
1.03780810814,-14.5194160805
1.05326781102,-22.0493140352
1.03003816785,-9.64334513274
1.04204820309,-15.3722726833
1.03849906799,-15.0189807328
1.04057135322,-15.2557801265
1.03737429329,-14.9905114592
1.0403030519,-15.108171176
1.04072859692,-14.2467595018
1.05062148764,-21.9589452015
1.03053713871,-9.46289057312
1.04069220332,-15.0145965865
1.03885553255,-14.9071057735
1.04131549285,-15.492094321
1.03797930507,-14.7515859039
1.03909642162,-14.7026573628
1.03798083515,-14.4717345815
1.05246689804,-21.6568257179
1.03011868443,-9.17656338189
1.03752143205,-15.4760009275
1.03879447694,-15.0314375278
1.04053641164,-15.4641424038
1.03845930532,-15.084537137
1.03970851331,-14.7404354105
1.03912845554,-14.6590409913
1.05188241591,-21.7635380112
1.02792235422,-9.65790536588
1.04153037241,-15.2943142506
1.03799121176,-15.0069774571
1.04148754146,-15.2450130816
1.04216649556,-14.6912796013
1.03684480498,-14.7937307025
1.04230647749,-13.9876658617
1.05021051694,-21.6810917102
1.02821107699,-9.62869171987
1.04013023699,-15.2856012743
1.03909999813,-14.934839521
1.03836598381,-15.6027104385
1.03486355814,-14.9065759363
1.03749875428,-14.9575152071
1.03806558863,-14.3036908562
1.05083122072,-21.6307162682
1.03203529243,-9.58026286717
1.03835378864,-15.2430321592
1.04089980001,-14.8073183996
1.03816697158,-14.9826086844
1.0331915962,-14.8215786874
1.03944442537,-14.9090417445
1.03740377272,-14.2060194939
1.05166152161,-21.9123238469
1.02700626373,-9.47062820106
1.03821473288,-15.4864269701
1.03814600704,-15.0613379007
1.03564967233,-15.3772516107
1.03860659891,-14.7129828409
1.03662120596,-15.0689496669
1.03523885402,-14.5052698251
1.05420587952,-21.45853834
1.02607048089,-9.81972602349
1.03504325053,-15.7176816199
1.03768829268,-14.9692842185
1.03777471785,-15.3252844048
1.03631227286,-14.6782321241
1.04108192524,-14.5298436538
1.03561346329,-14.0648798741
1.0518619247,-21.8065820807
1.02873385751,-9.61442864103
1.04008250338,-15.326069403
1.0405349967,-14.8639896153
1.03733096465,-15.195822172
1.03606184928,-14.6432371062
1.04093760366,-14.6340404041
1.03664116949,-14.1951657319
1.04785759168,-21.6441122549
1.03210929453,-9.24859931032
1.03734364326,-15.4162055867
1.034341454,-15.0313957076
1.03972565796,-15.4170046592
1.03394040062,-14.7892186224
1.03940099941,-15.2333049264
1.04236949045,-14.2399778947
1.05411397141,-21.6749935083
1.02532228346,-9.59269076059
1.04032217913,-15.7096163041
1.03446767747,-14.9821174112
1.0360722403,-15.5843181771
1.03567479013,-14.6576089835
1.03749833648,-15.1243786093
1.03843369348,-14.3611758752
1.04954487804,-21.5501972759
1.02546077922,-9.52868654678
1.03600543529,-15.6317842598
1.03630264277,-14.8838298341
1.04005317171,-15.244728756
1.0349901685,-14.7091108835
1.0406531215,-14.8323174963
1.03780332964,-14.3745277074
1.05135271835,-21.7746089793
1.02722258718,-9.45243238431
1.03921682483,-15.5349202782
1.03564327171,-14.9323129803
1.03516333102,-15.4135520334
1.03403830697,-14.6381510917
1.03754604559,-14.8303453205
1.03596347856,-14.6062012747
1.05290317476,-21.6797737609
1.02510965413,-9.56968530973
1.04049868266,-15.5097580289
1.03616303105,-14.7914332868
1.03716960564,-15.648821951
1.0325819569,-15.0666089053
1.03773403845,-14.9381170724
1.03535395326,-14.3038671947
1.05047978608,-21.9439017223
1.02871464016,-9.05359814675
1.03556852363,-15.6122941009
1.03600953437,-14.6535571931
1.03811223586,-15.2435627863
1.03721668074,-14.6708627817
1.03943725691,-14.8475053235
1.03468095475,-14.3819640569
1.05052043129,-22.0299225116
1.02579785049,-9.49372755369
1.0360431953,-15.3192335663
1.03527085418,-15.1713103859
1.03781874609,-15.4291740695
1.03263787744,-14.8726769162
1.03449391534,-14.703393119
1.03456990348,-14.5624147835
1.04842954328,-21.4701010522
1.02637694651,-9.47805931372
1.03401947412,-15.4054892838
1.03255982967,-15.2112878327
1.03761367891,-15.4040586869
1.03365041508,-15.2437353013
1.03265323123,-15.3198244736
1.03342042915,-14.4305464543
1.05060010607,-21.5304011161
1.02424555925,-9.57512277962
1.03295062592,-15.6766208419
1.03494402994,-15.0454042797
1.0371728357,-15.1934537812
1.03407881149,-14.8664430347
1.03419369375,-14.7980705187
1.03721100278,-14.2853447945
1.04704355765,-21.8270908726
1.02253295817,-9.54246456179
1.03246785877,-15.6122615772
1.03674526695,-15.0867015375
1.03660889432,-15.3132776836
1.03637515586,-15.1633156465
1.03325747266,-14.9789619391
1.03453353557,-14.4989768792
1.04734089379,-21.8441859989
1.02572783055,-9.38722337572
1.03869080238,-15.3246650928
1.03592908341,-14.8727599388
1.0363120515,-15.5084993419
1.03317332276,-14.6440097586
1.03645275765,-15.0024012588
1.03706663739,-14.4370537256
1.04677495693,-21.9344805456
1.02569036189,-9.56564560192
1.03785983278,-15.4482131573
1.03743899967,-14.8789296525
1.04002232251,-15.3902893245
1.03339798531,-14.8672625929
1.03992526586,-15.2004799469
1.03461292185,-14.5629452876
1.04797957731,-21.9005887558
1.02359756264,-9.87574968685
1.04136334389,-15.4062060147
1.03760913334,-14.8548664443
1.04051396104,-15.1825907452
1.03948069014,-14.6411605986
1.0398629121,-14.9065292531
1.03724977221,-14.5136350492
1.05345743864,-21.6619757932
1.02552456868,-9.73001105807
1.03602060928,-15.3210933998
1.03632915532,-14.9162708767
1.03539904578,-15.5374054329
1.04109788062,-14.94661044
1.03708408727,-14.7870978231
1.04014059213,-14.531342683
1.05181084099,-21.6738282556
1.03004318791,-9.46531433499
1.03737556561,-15.4755723783
1.03404795216,-15.0009820847
1.0387107961,-15.3782787177
1.03650953501,-15.0297341239
1.04163508582,-14.8095698853
1.03685570622,-14.482011772
1.04929371058,-22.1782637583
1.02541681185,-9.95914591955
1.0375371641,-15.5570701391
1.0367851004,-15.1895423755
1.03927332942,-15.5386936549
1.03492300419,-14.956600854
1.03851584451,-15.0572126952
1.03465836501,-14.4237879961
1.04760312138,-22.1004479034
1.03090876938,-9.16362448631
1.03743643402,-15.6719536628
1.03681648783,-14.913315353
1.0371890029,-15.2967825597
1.03910639398,-14.6329258201
1.04065580254,-14.8413773828
1.0386698473,-14.6482116619
1.05430955621,-21.9122959673
1.02615823147,-9.69600389436
1.04000867822,-15.9456449045
1.0335326232,-15.2028038393
1.03644692663,-15.4435186494
1.03505107069,-14.5655088713
1.0353481156,-15.057126391
1.03725896848,-14.5908918171
1.04882848241,-21.8470147969
1.02576097377,-9.54908568292
1.03915487326,-15.3617340713
1.03777209155,-15.0503621868
1.03804574979,-15.2537680899
1.03753522549,-14.8755176695
1.03980587749,-15.1621527411
1.033529505,-14.5812607237
1.04839483954,-21.9253736285
1.02737927113,-9.50928697315
1.03670193284,-15.6948582763
1.03508558337,-15.0907836472
1.0376940832,-15.6043840182
1.0374940064,-15.1526648723
1.03813294366,-15.2379738226
1.03807746988,-14.5818958171
1.05134241623,-21.8857987891
1.02802201806,-9.65527437296
1.03331266833,-15.6335703054
1.04160508517,-14.7611153972
1.03987322126,-15.9058959402
1.03639653797,-14.6842088923
1.03631162968,-15.0951535831
1.0368214468,-14.3700179204
1.05018051141,-21.6903937665
1.03026621324,-9.56257842188
1.04182232924,-15.7827791441
1.03918922413,-15.116827223
1.03652913749,-15.5045626824
1.03621944457,-14.8719791767
1.03755023794,-14.9161739394
1.03359912277,-14.4277336365
1.04726121377,-22.0728734472
1.02544200706,-9.71627215132
1.03508039433,-15.8136794825
1.0378091995,-14.8661943914
1.03289294165,-15.5357330187
1.03178105765,-14.5379014337
1.03506067527,-15.4241504076
1.03851600817,-14.338551529
1.05427474677,-21.879645493
1.02758276294,-9.49902457366
1.03516056068,-15.7378301509
1.03537608867,-15.1105609671
1.03819275955,-15.4744698142
1.03458850322,-14.8776884525
1.03700242424,-15.0355488093
1.034649871,-14.321947004
1.04740504198,-21.8991628849
1.02843277623,-9.59432919814
1.03626389018,-15.6204401727
1.03243525416,-15.2241735655
1.03504209321,-15.3930212403
1.03425881939,-15.0118386379
1.03433867569,-15.1337588324
1.03387202354,-14.6265694496
1.04545217346,-21.8729732147
1.0268844493,-9.59193965091
1.03464832118,-15.6503758027
1.03510616463,-15.0762972622
1.03381479561,-15.6511131568
1.03698895651,-14.7422291466
1.03497407566,-15.0169325417
1.03486310802,-14.3855968249
1.04902823732,-21.8640295635
1.02581070101,-9.94576763765
1.03974178892,-15.486144346
1.0356498494,-14.9261929523
1.03759515304,-15.2244736958
1.03478001263,-14.3735562394
1.03526305265,-14.8385752774
1.03467486671,-14.3443401478
1.04815573303,-21.7252315472
1.02552886721,-9.85610095139
1.0355404548,-15.2473901645
1.03587719857,-14.6973706322
1.03853097594,-15.289441885
1.03019705499,-14.9977771457
1.03272571181,-14.9838753756
1.03086450603,-14.3455238191
1.04249506013,-21.6517120589
1.02119248617,-9.57452598535
1.03157630334,-15.4640533615
1.03051115338,-15.0023240682
1.03589495725,-15.3187280707
1.03060602402,-14.9341229598
1.03416981978,-15.13557417
1.03078457249,-14.7290012034
1.04358515229,-21.8019471924
1.01902292026,-9.70675797929
1.03448715063,-15.745673346
1.03040580176,-15.1053239742
1.03036606612,-15.4963058086
1.0311279896,-14.706093878
1.03276681875,-15.2256945999
1.03200355104,-14.4597418593
1.04452236975,-22.1410064136
1.02219835593,-9.70378161024
1.03559307109,-15.9221138135
1.03321064968,-15.3066134799
1.03413042303,-15.6352486908
1.03598321152,-14.7642392009
1.03326089412,-15.1027676399
1.03600298655,-14.6268154203
1.04677861487,-21.9396250596
1.02214038896,-9.66728345658
1.03421701953,-15.4237628121
1.03215869012,-15.0826425147
1.03441909857,-15.6262997324
1.03234902587,-14.942923251
1.0331370974,-15.2064587419
1.03018001913,-14.4810589464
1.04316373281,-22.0148165253
1.02209571496,-9.95098481643
1.03068951503,-15.759283946
1.03224782826,-15.2126324256
1.03703308259,-15.524932316
1.03484629517,-14.7405620428
1.03402326168,-15.0779837078
1.03216019102,-14.4351241277
1.04388338512,-21.9344943705
1.02457096752,-9.75477629097
1.03508658227,-15.8422716521
1.03207743422,-15.0262268729
1.03408246195,-15.7168410213
1.03115435102,-14.5891331929
1.03158824613,-14.9872088916
1.03183868179,-14.5970531926
1.04631805856,-21.6453613661
1.02546889779,-9.57553201549
1.03272282406,-15.5754728244
1.03223403441,-14.8102636576
1.03791997784,-15.7735086471
1.03022290922,-14.8504161905
1.02908511337,-15.3258155895
1.03128468414,-14.5438282789
1.03912240583,-21.9022540699
1.02200869607,-9.412127559
1.03566966406,-15.6990964293
1.03369238535,-14.9593813926
1.03305809452,-15.7134198608
1.03165653603,-15.2251158287
1.03379134454,-14.8711954975
1.03082501366,-14.8607158955
1.04606815539,-22.1833695538
1.02233490178,-10.03691054
1.0337228317,-15.5714871294
1.0301948481,-15.3634346735
1.03349833099,-15.8276779599
1.03022616053,-14.6807698904
1.03177722682,-15.040245757
1.03673768833,-14.2965490035
1.04596099775,-22.16969878
1.0225473292,-9.95327390714
1.0346266542,-15.4716869823
1.03157621632,-14.8316829877
1.03466078001,-15.7361834937
1.03268484347,-14.673351322
1.03202934172,-15.0157654672
1.03338117833,-14.423767743
1.04406098931,-21.832715628
1.02403618872,-9.64927111423
1.03010715643,-15.7668987522
1.03197818849,-15.1284649098
1.03398051068,-15.7339906302
1.033075034,-14.4795641152
1.03447064852,-15.246285596
1.03505120868,-14.6494659199
1.04349034234,-22.0114590335
1.02389550513,-9.60116491552
1.03219791064,-15.827830255
1.03095428219,-15.0191493109
1.03102779671,-15.4993544889
1.03125581325,-15.0646017566
1.0355042741,-15.0587154388
1.03205674333,-14.5676904706
1.04454716877,-21.8176995828
1.02041215383,-9.7349981675
1.03111933719,-15.5458134801
1.03284595446,-15.248138369
1.03225617397,-15.6519598151
1.03285426498,-14.7741187143
1.03143886327,-15.0182229684
1.03130638652,-14.3581711038
1.0440300463,-21.9572310093
1.0268369394,-9.6567842161
1.03571889165,-15.8875517119
1.02914282124,-15.1926924087
1.03886334651,-15.249410705
1.03379871793,-14.8177480799
1.03469219424,-14.7964322147
1.0290760096,-14.7376775636
1.04612663609,-21.8284102084
1.02330344379,-9.62122092837
1.03535793224,-15.8171502245
1.02868365032,-15.2459984119
1.03229091766,-15.3276623724
1.03650725073,-15.0104378904
1.03066487673,-15.275595417
1.03185016217,-14.5558735493
1.04583736698,-22.3236336117
1.02435555707,-9.74863856081
1.03261370053,-15.9314640606
1.03299848229,-15.0885153781
1.0361187466,-15.5342764436
1.03202092908,-14.992869317
1.03332033921,-15.1208948356
1.03337808813,-14.8145158753
1.04825104197,-21.6192722789
1.02403453791,-9.59941203545
1.03351843732,-15.925581404
1.03034348067,-15.1421000543
1.03551223746,-15.6197616896
1.03303255768,-14.8589168973
1.03136903814,-15.0148632037
1.03142045727,-14.5646276816
1.04570727258,-22.288709447
1.02272242145,-9.76401867506
1.03611878426,-15.63553974
1.03040876383,-15.0250759863
1.03560959606,-15.6753019761
1.03375035719,-14.9389737465
1.03638294253,-14.7941940587
1.0330002029,-14.6349478039
1.04609449629,-21.8820124546
1.02276749731,-9.62530213015
1.03338907175,-15.6864652852
1.03389509696,-15.1220262299
1.03484635901,-15.8512313258
1.02941732405,-14.9417018397
1.03305390624,-14.9317185502
1.03426932428,-14.6870490859
1.04336162867,-22.001526183
1.02510762561,-9.65300243968
1.03386218225,-15.6565011839
1.03563137492,-15.191882738
1.03467919774,-15.6847640687
1.03080600939,-15.0423110966
1.03231729444,-15.1316803143
1.03412942334,-14.7553140308
1.04434649352,-22.0536696421
1.020444921,-10.0710953554
1.03244126594,-15.7101152594
1.03068622095,-15.2605868199
1.03283246015,-15.2118703575
1.03123297371,-15.0626018832
1.03273914927,-15.278675497
1.0326788403,-14.7359796926
1.04357456836,-21.7377251898
1.02403209599,-9.86802475295
1.03316434482,-15.4684289372
1.03116153414,-15.1146475437
1.0359003253,-15.6622811072
1.03316619343,-15.1531351323
1.03124837893,-14.8724601036
1.03534441791,-14.7124128673
1.04203579898,-21.9291287119
1.027073622,-9.43578407512
1.03252135427,-15.818995482
1.02951014874,-15.3633071394
1.03467386325,-15.485484259
1.03372144781,-15.0740739271
1.03298888376,-15.1293230544
1.03057112914,-14.6211017127
1.04409834944,-22.1488612212
1.02487099058,-9.70682044722
1.03395553019,-15.8913643859
1.03050405954,-15.0424328729
1.03172167428,-15.7686300003
1.03180706933,-14.9194656469
1.03289332507,-15.3031497443
1.03028645114,-14.5293147861
1.04632893932,-22.0904173008
1.02131244243,-9.65107561601
1.03251824325,-15.7224479111
1.03122541571,-15.0674775608
1.03189065125,-15.6981786022
1.02967531224,-15.0680157139
1.03211115577,-15.4454235991
1.02919702726,-14.9212969742
1.04219870186,-22.2446869512
1.02128473859,-9.90853406655
1.03465296484,-15.5808294641
1.03020222658,-15.0847193585
1.03164787453,-15.5178911698
1.03340425884,-14.9527424575
1.03282799835,-15.0555646558
1.02639065987,-14.8774393382
1.04273161333,-21.8148081169
1.02433494447,-9.88016519408
1.0325117302,-15.700007547
1.02978197658,-15.2701342013
1.0356120942,-15.3805323643
1.03252793488,-14.7523463894
1.0298973606,-15.1828761096
1.0313892629,-14.9633818462
1.04200596645,-22.0037274721
1.02098751502,-9.93700941771
1.03032388196,-15.8124590196
1.02971164293,-15.3691931062
1.03110768265,-15.6214815997
1.02833570382,-15.0752398956
1.03270946561,-15.1615787757
1.03172971683,-14.7514467097
1.04529802654,-22.1012976091
1.0244694744,-9.52042293999
1.03107653831,-15.5226829085
1.03227578294,-15.0314723891
1.03097788527,-15.3908686837
1.0322535831,-14.6680717621
1.02878066897,-15.4236877982
1.02989233182,-14.7856836452
1.04219345178,-22.076184178
1.01945411283,-9.55848728492
1.03227392043,-15.4906425993
1.03038630223,-15.119766297
1.03179368376,-15.3412340029
1.03013679916,-15.0330104916
1.03038033661,-14.9123991933
1.03122192524,-14.4174423706
1.04895422507,-21.851600453
1.019406131,-9.78667061574
1.03071094577,-15.7825091082
1.03287939019,-14.9807886767
1.02943677393,-15.8087319093
1.02789352397,-14.7867003937
1.03112770547,-15.291703834
1.03203211955,-14.6981462867
1.04030578478,-21.7589800929
1.01990047413,-9.68373393957
1.03083313557,-15.7784585915
1.03289226352,-15.0648798342
1.02974297502,-15.5528253431
1.0302192372,-14.8568897848
1.0337065615,-15.1475805768
1.03114132727,-14.6307229799
1.04383951537,-21.8493257771
1.01936538321,-9.63144007503
1.03049732512,-15.7192144762
1.03111060859,-15.0527315482
1.02717242856,-15.7710280483
1.03237547112,-14.9887864926
1.02796014634,-15.0389002071
1.03280397663,-14.6153984444
1.04122980625,-22.0806918854
1.01926883932,-9.68172861105
1.02527213373,-15.7360589599
1.02872595686,-15.0935015052
1.02832093357,-15.515011798
1.02741395003,-15.0983891677
1.03155189624,-15.0142654756
1.03313400989,-14.7399723946
1.03950998259,-22.0527457217
1.01835792063,-9.69185482211
1.03271040123,-15.5694949381
1.03343720369,-15.0599282772
1.02984591515,-15.6546507112
1.02904420124,-14.9068131032
1.03052020563,-14.8643385623
1.02656805975,-14.9802406578
1.04270040194,-21.7737970345
1.01947021807,-9.85668286079
1.02712501509,-16.1209028927
1.02880132028,-15.1246727569
1.02963837994,-15.8366999997
1.02641297097,-14.9802724461
1.02785114638,-15.2943554546
1.02805147936,-14.3092723668
1.03858989893,-22.0824749733
1.01728765493,-9.89165923976
1.02562148001,-15.8148176336
1.02738565627,-15.4537524902
1.02829703214,-15.8394030652
1.0268609532,-14.9254340417
1.02708653038,-15.3885506968
1.02757601609,-14.6355532821
1.03704960721,-22.103326873
1.01558228618,-9.67713469418
1.0295027301,-15.655760495
1.02709404889,-15.0260038051
1.02483014136,-16.126048695
1.02781907276,-14.9900494916
1.02877739543,-15.3554763042
1.02440955688,-14.3904407277
1.04025819024,-21.856307161
1.02042360037,-9.58227382032
1.02678352787,-15.9025847471
1.02922889634,-15.3980661211
1.02690057636,-15.6543025871
1.02315066822,-14.8115296235
1.02543581024,-15.1834350617
1.02723445188,-14.5920317152
1.04094375097,-21.5730952965
1.01542909518,-9.95145443639
1.02449593382,-15.4023705378
1.02518408687,-15.037007777
1.027637934,-15.7550956426
1.02478999717,-14.9266497601
1.02467799045,-15.2854985235
1.02378114586,-14.4743102622
1.03258242454,-22.0261606267
1.01432198551,-9.81137549037
1.02822468457,-15.5179392588
1.0232716245,-14.878966867
1.02668613634,-15.7265510349
1.0247007441,-15.3789569213
1.02336345738,-15.3049084575
1.02403656309,-14.9454387978
1.03632187265,-22.0593862679
1.01416067065,-10.0732885875
1.02441412875,-15.6740699862
1.02360617037,-15.2277020793
1.02685145602,-15.9066070473
1.0210544653,-15.175856326
1.0263758326,-15.1245754925
1.02369309055,-15.0476966762
1.03784431811,-21.8217589361
1.00990181724,-10.0727993819
1.02495891428,-15.7919594223
1.02504806256,-15.2131279402
1.02790875355,-15.9925048353
1.02223868745,-15.0089749638
1.0263006747,-15.3016901539
1.02453283964,-14.5551828914
1.03676907339,-22.1041831461
1.01688112819,-9.94249901022
1.02198634556,-15.2886609816
1.0217034224,-15.1538398488
1.02440715855,-15.4068953141
1.01940860972,-15.0595317333
1.02436787041,-15.1875524179
1.02040113504,-14.8830422008
1.03732160572,-22.0077700744
1.01430911899,-9.80270053424
1.0230693225,-15.7235717077
1.02249049533,-15.2093331244
1.02298955187,-15.5746594036
1.02516608695,-15.1241068414
1.02231161786,-15.160949585
1.0236512289,-14.5297543856
1.03728610774,-21.7020252448
1.0138362813,-9.60147599191
1.02507486158,-15.5899089281
1.0254079624,-15.254936674
1.02480773167,-15.4617065988
1.0202796486,-14.7838018231
1.02226769979,-15.1440024436
1.02223733607,-14.4937544962
1.03747753806,-21.996491627
1.01397086386,-9.93396364109
1.02320947047,-15.6132138069
1.02167972607,-15.2478121723
1.02396997814,-15.4317874793
1.02454764767,-14.8180198643
1.02377259229,-15.5064938764
1.02270540239,-14.7066275552
1.03750361844,-21.9290046037
1.02008623407,-9.69420563129
1.02141029706,-15.8578554026
1.02866000489,-15.146021299
1.02503277476,-15.5425450754
1.02389560924,-14.9423539682
1.0272027682,-15.1710279136
1.02273735084,-14.8025653505
1.04132171794,-21.638605254
1.01847585062,-9.77723348486
1.02409688264,-15.6800172918
1.02647707642,-15.0483889184
1.02405037072,-15.6161689171
1.0250161403,-15.0599179683
1.02597145914,-15.1750510215
1.02600382121,-14.8363038772
1.03626940035,-22.0180437341
1.01387857928,-9.81560572035
1.02612684043,-15.9702624939
1.02718929244,-15.3789719351
1.02451041537,-15.8127628064
1.02584718155,-14.9847297754
1.02523282793,-15.123817902
1.02194589335,-14.4751154381
1.03934152016,-22.0078094583
1.01721773911,-9.95590558808
1.02191374712,-15.7692505471
1.02190502329,-15.3580921605
1.02355744337,-15.6060105914
1.02358852278,-15.1744160324
1.02363440898,-15.1536084146
1.02655018632,-14.8442946903
1.0375253496,-22.0395289997
1.01435219821,-9.99287809224
1.02503920531,-15.7695346354
1.0237683997,-15.4088808761
1.02619711384,-15.4550769341
1.02492521097,-15.0608588969
1.02484500444,-15.1402885594
1.02114367453,-14.8220738313
1.04090702476,-21.8931734664
1.01880142289,-9.91486158903
1.02481038988,-15.6610569108
1.02443831085,-15.2398718183
1.02627562003,-15.4573932678
1.02614648446,-15.3658607798
1.02849740525,-15.0693183971
1.02266176161,-14.8583001997
1.04359308397,-21.8400157343
1.01510133398,-9.97508729585
1.02378862671,-15.8746894525
1.02287878632,-15.1493605817
1.02201575021,-15.554904258
1.02052156902,-15.2373232089
1.02695097142,-15.1092000185
1.02428778465,-14.7231662349
1.0363125865,-22.3228210693
1.01417542011,-9.63490079894
1.02820973305,-15.9699378027
1.0264888778,-14.9076327602
1.02511871718,-15.718344547
1.02557323008,-14.6922146869
1.02633650598,-15.4160985858
1.02349430091,-14.8782110619
1.03342715549,-22.0961221014
1.01450437068,-9.71613005125
1.02440826297,-15.9609245059
1.02614476517,-15.1240863343
1.02592071073,-15.8408433627
1.02495728539,-15.1517553272
1.02670820315,-15.1257734948
1.02122635844,-14.9772108194
1.03474300307,-22.0846796583
1.01624945112,-9.72744914875
1.02699210765,-15.8015813608
1.0267876723,-15.4301561574
1.02784681006,-15.7794250111
1.02296732343,-15.1121153472
1.02370088559,-15.0223933256
1.02700449038,-14.8285208023
1.0390515712,-22.1011014103
1.01536835486,-10.153683705
1.02571427313,-16.0722169362
1.02396247471,-15.4341032111
1.02326489899,-15.9465521234
1.02304393052,-15.3402422761
1.02366493091,-15.3476980325
1.02568755044,-15.1465222359
1.03553475138,-22.0250056209
1.0126439198,-10.333183541
1.02570788167,-15.7565751519
1.02418915394,-15.2958552178
1.02558964065,-15.507317409
1.02561877116,-15.0830107552
1.02627330903,-15.0802740218
1.02491272703,-14.6423913942
1.03964254221,-21.8889041365
1.01717406573,-9.9196233665
1.02750728972,-15.62531622
1.02993836574,-15.3157211949
1.02624697451,-16.0198092301
1.02658011332,-15.0059389549
1.02723341957,-15.2192962017
1.02837459298,-14.9575522677
1.03614216865,-22.218386646
1.02027888175,-9.81638471837
1.02790574298,-15.8613497579
1.02689075218,-15.0985967112
1.0255374554,-15.8061343788
1.02840577614,-15.1293537633
1.02878662657,-15.123317254
1.02741889154,-14.7391477939
1.0440993489,-21.984765615
1.01930873007,-9.93455422723
1.02638582789,-15.6951817041
1.02692109568,-15.2983999799
1.02878138366,-15.9498890183
1.02588185224,-15.1874211396
1.02944750489,-15.1288464662
1.02739820289,-15.036849215
1.04186963432,-21.9901061158
1.01794982156,-10.0685700697
1.02524242559,-15.9987397787
1.02800715879,-15.3124720332
1.02605631603,-15.7193501473
1.02572614768,-15.0294123704
1.02235396425,-15.1907301507
1.02551149672,-15.0254072772
1.03804781244,-21.9976211678
1.01421393037,-10.0485771493
1.02539741984,-15.7139648241
1.02475784411,-15.4417459209
1.02671762222,-16.0353884891
1.02169580322,-15.2768132538
1.02359492408,-15.5262789275
1.02159214988,-14.6089878497
1.03711443535,-22.1975164011
1.0151406975,-10.0653343202
1.0271646015,-15.9450663982
1.02380652244,-15.1342564896
1.02425146554,-15.6526087858
1.02290978481,-15.1135365867
1.02539387763,-15.3793591433
1.02472485267,-14.8732907174
1.03697292977,-22.2155870337
1.01572917291,-10.1133958249
1.02644989355,-16.2983517118
1.02665413962,-15.3953205711
1.02707025583,-16.0204840997
1.02451430588,-15.2843078519
1.02643185049,-15.2532289731
1.02796145809,-14.7440984395
1.03698065449,-22.2090016
1.01610686768,-9.75312356796
1.02545863184,-16.0114578634
1.02889783722,-15.4274835465
1.02727532951,-15.7484997289
1.02657026837,-15.3049777042
1.02728544873,-15.1692933517
1.02858438988,-14.9398892831
1.04083026547,-22.0543670372
1.01519065825,-10.0525206432
1.02916162744,-15.8609052777
1.02546267937,-15.5659507864
1.02930348418,-15.5961320318
1.02534373138,-14.9907552932
1.02654709688,-15.4459078758
1.03141009375,-14.7413787182
1.0397498278,-22.1990839048
1.01694341045,-10.0756758412
1.02802978818,-16.151974019
1.02655049687,-15.2832739298
1.02704065949,-15.6562315193
1.02838894286,-15.3512440094
1.02920810305,-15.2791539464
1.02962798327,-14.6950224042
1.04451721052,-22.1860048482
1.01621155604,-9.99476331748
1.02592369794,-15.8888343664
1.02588593493,-15.4371445662
1.02928753671,-16.0080909473
1.03234189417,-14.9540511925
1.02781880534,-15.5819420374
1.02904209804,-14.942930399
1.04214172471,-22.4676733506
1.02014451476,-10.367282568
1.02815560308,-15.9963290208
1.02956069667,-15.3889114338
1.03159344303,-15.4243502808
1.02921521016,-15.3743589604
1.02887937595,-15.3235239309
1.02892963552,-14.8815823531
1.04233454763,-22.2052855527
1.01847927504,-10.0229379847
1.03146692603,-16.2096395005
1.03395346098,-15.4745642936
1.03530262209,-15.8159296183
1.03082903786,-15.0186693018
1.03347452073,-15.6828379318
1.02966748637,-14.8412299047
1.04381116192,-22.2323511648
1.02396224222,-10.0430724489
1.03487693491,-16.0499716049
1.03212579746,-15.4873548301
1.0329253965,-15.8454954532
1.02999687415,-15.1653250329
1.03459558754,-15.7491655529
1.03419218869,-14.9069816213
1.04561511459,-22.3924886321
1.02408891308,-10.0535089649
1.03043529162,-16.1556478745
1.02898917804,-15.6730730768
1.03192112109,-15.867720058
1.03000191558,-15.5195015305
1.0315173262,-15.5020266235
1.03124785534,-14.8013536867
1.04399389495,-22.6761504178
1.02189663939,-10.0524805638
1.03501713207,-16.3474532266
1.02948145468,-15.5721652356
1.03446597738,-15.9244030206
1.0329636125,-15.332308097
1.03275917748,-15.4253262661
1.03565242752,-15.0725965243
1.04474076177,-22.2013729536
1.02550569028,-9.96425216894
1.03617505836,-15.9083275454
1.03295539922,-15.6627342791
1.03376630097,-16.0897423695
1.03261727764,-15.2287446905
1.03333160055,-15.3414146775
1.03193096474,-15.141686989
1.04661862514,-22.7039270088
1.02408959337,-10.0878140161
1.03184282042,-16.4948686944
1.03281435487,-15.3023369269
1.03312577732,-16.0543286762
1.03510897063,-15.6698377302
1.03573834916,-15.1543591527
1.03449728738,-15.2470798066
1.04680685618,-22.06504748
1.02037264133,-10.6158954198
1.03296049851,-16.0149801691
1.03435971706,-15.5195708697
1.03415735569,-15.9522959657
1.03436843005,-15.4360084072
1.03378137356,-15.516409814
1.03435548749,-15.350957269
1.04756098178,-22.2841634659
1.02571188532,-10.0626789901
1.03308276444,-16.2092394353
1.03215400993,-15.5791214779
1.0348661033,-15.8953261754
1.03424703432,-15.1015410961
1.03459949118,-15.5677135854
1.03666898176,-15.1904270358
1.04747963763,-22.1963086339
1.02496186681,-9.90857590451
1.03839974388,-16.1430866601
1.03322634892,-15.589062639
1.03316508743,-15.9058874244
1.03216456313,-15.223791911
1.03514575193,-15.5054371307
1.03421696017,-15.0162104173
1.04555257512,-22.3092878796
1.02134127852,-10.2764963186
1.03437059882,-15.781994826
1.03269275966,-15.8555440275
1.03700969587,-15.6643707847
1.03340255536,-15.6550693932
1.03697885821,-15.3915632242
1.03145977215,-15.0148247392
1.05012342883,-22.4183459788
1.02594028119,-10.0067659726
1.03557229479,-16.389322217
1.03437257788,-15.5644984899
1.03386417946,-15.9499315567
1.03864303015,-15.1399520759
1.03268982563,-15.304862754
1.03535425956,-14.6556089914
1.04915119585,-22.4070465113
1.02599408487,-10.0392533016
1.03811795678,-15.9656327396
1.04175488356,-15.6816919713
1.03854955735,-16.4213515317
1.0391540842,-14.9682136338
1.03716247565,-15.5457646133
1.03615930044,-14.9214490923
1.05293244151,-22.696634615
1.0304711933,-10.0285637852
1.03816469254,-16.2736026759
1.03887762088,-15.5876081671
1.03970967095,-16.0542277403
1.03457657055,-15.4611569781
1.03847647137,-15.7522139232
1.03596907064,-14.9299548677
1.05156427529,-22.5540681442
1.02540051281,-10.0856644675
1.04019522463,-16.1471188306
1.03998769311,-15.6507726541
1.03595611281,-15.9898800991
1.03562433213,-15.4603033755
1.0364612023,-15.4244254457
1.0410477222,-14.8898364466
1.05098282276,-22.4415179297
1.02586582191,-10.1689959013
1.03437084001,-16.1601424114
1.03648447588,-15.5524877524
1.03395712046,-16.1551059154
1.03635723559,-15.4768222554
1.03931442639,-15.4978985587
1.03875683798,-15.1784175233
1.04520720214,-22.6640426506
1.03091483362,-9.87441896309
1.03596634854,-16.1131784388
1.03597771839,-15.7229151237
1.0367696398,-16.161869942
1.03417919772,-15.2686375425
1.03875735731,-15.5467520012
1.03367035747,-15.1650395398
1.04675933954,-22.3327034259
1.02793016659,-10.0910639177
1.03694329536,-16.039507158
1.04034154327,-15.4908017228
1.03937562082,-15.9348063904
1.04087955018,-15.4784071167
1.03819857265,-15.6950275638
1.03664455703,-15.0022412865
1.05195417956,-22.6351779912
1.03117233863,-10.2193197324
1.03691444368,-16.1571885499
1.03368110301,-15.6201626409
1.03895179058,-16.4513007493
1.0413047992,-14.7887587139
1.03658481537,-15.7950716756
1.03707053325,-15.0332078216
1.05082896565,-22.3560728597
1.03115482557,-10.1404752649
1.03992125074,-16.0562078845
1.03971206926,-15.3906844689
1.04058717184,-16.3963414647
1.03817879529,-15.6446897335
1.04018925718,-15.5979693797
1.03981567455,-15.165596906
1.05001787031,-22.6103126322
1.03000252592,-9.86557333911
1.03950650162,-16.2408210395
1.03773494722,-15.2424168002
1.04374205185,-16.2685938718
1.03913155587,-15.2139089245
1.04097257211,-15.5204208902
1.04168297873,-14.8397251996
1.05560293673,-22.7235365168
1.03373532343,-10.0674113976
1.04033745488,-16.3441730554
1.04291730882,-15.8487228778
1.03955458698,-16.1668415782
1.03853991478,-15.4961774906
1.04321000877,-15.5068617082
1.04155427461,-15.0631081433
1.05449209031,-22.3678535049
1.03120541627,-10.2132049024
1.04195322289,-16.2778530161
1.0424533365,-15.8514530651
1.04248427085,-16.2409073695
1.04477583125,-15.6400079872
1.03922430256,-15.3340529632
1.04252744349,-14.9686719293
1.05128747222,-22.7347076997
1.02902401227,-10.2499792198
1.04099861319,-16.0995775641
1.04202564656,-15.6833679726
1.04333130735,-16.0635688034
1.03841444119,-15.7013872827
1.04217382942,-15.7757422429
1.03873242223,-15.299859301
1.05394606162,-22.5436874466
1.02889003369,-10.366080021
1.04486739515,-15.9338510405
1.04385291651,-15.5128130531
1.04298097444,-16.0180948327
1.04182437425,-15.4083870595
1.04117173725,-15.6541614283
1.04166471947,-15.2047470788
1.05164114674,-22.985863296
1.03253833092,-10.2747198884
1.04066589767,-16.2841823243
1.04333099433,-15.7294295721
1.04198733911,-16.396610629
1.04312909085,-15.2550785904
1.04282814974,-15.5780506807
1.04124981551,-15.2622431406
1.05550568282,-22.3821308604
1.03175430954,-10.1644665633
1.03742005288,-16.1861174474
1.04071201514,-15.5086410179
1.04110862382,-16.1576770042
1.0391344389,-15.6304200261
1.03884434192,-15.8614248045
1.04102231493,-15.1646091601
1.0497575072,-22.6746761996
1.0285501713,-10.138927391
1.0425858384,-16.2571793891
1.0404088156,-15.5800593525
1.03946406275,-16.0522909696
1.03809016284,-15.8488188402
1.04118541778,-15.744412375
1.03786048817,-15.4156907365
1.04754575945,-22.5662456617
1.02880630533,-9.93740686873
1.03977802466,-16.5147975444
1.03885881839,-15.9132419036
1.04504095677,-16.0522702884
1.03943409217,-15.7318203387
1.03813545514,-15.4972896978
1.03687631465,-15.1744361718
1.0491494424,-22.5481034835
1.02945489251,-10.1843034841
1.03484575839,-16.2063132232
1.0406723663,-15.5288381004
1.03791131187,-16.0086800911
1.03677465372,-15.2998878964
1.03730788214,-15.8073786361
1.04190870267,-14.7631478529
1.05008829527,-22.3712488485
1.02615896602,-10.0947925007
1.03786183351,-16.3975808917
1.03939055804,-15.5304024167
1.03910509446,-16.2796729169
1.03406057954,-15.4268720252
1.03644930743,-15.8036383879
1.03363858042,-15.2802968229
1.04919717828,-22.4531976027
1.02887575751,-10.1986273724
1.04372113754,-16.229225505
1.03760561815,-15.5991519302
1.03917819488,-16.1386938282
1.03671688055,-15.43124384
1.04008082105,-15.7590945235
1.03777793269,-14.9106860752
1.04712443426,-22.6372206653
1.02966636654,-10.3444867392
1.03419739176,-16.3999926381
1.03716067889,-15.619791799
1.03760741765,-15.9537145085
1.03894694752,-15.3716494367
1.03915108013,-15.6730559901
1.03458905824,-15.0392736909
1.05063836423,-22.6282844682
1.0273954276,-10.4100078332
1.04073592621,-16.4745138752
1.03980194582,-15.8125114416
1.03702195336,-16.3137734512
1.04016434458,-15.443339014
1.03439515955,-15.8739931941
1.03784906078,-15.0242817907
1.05217517991,-22.5237424477
1.02830264996,-10.3517594073
1.03888190608,-16.2506018261
1.03844423112,-15.7832370845
1.04120800187,-16.1238172854
1.04057157793,-15.1323495178
1.04277062097,-15.7534617341
1.03825956193,-15.2360855641
1.05009213969,-22.7179047047
1.02949602109,-10.4156770414
1.04014616798,-16.5226776053
1.04115379045,-15.6016800514
1.04002156206,-16.268359795
1.03963001164,-15.7786270443
1.03639549938,-15.9943611956
1.03771188509,-15.4324669508
1.05410421534,-22.7635769048
1.0316282857,-10.2773417036
1.04068045012,-15.90856708
1.0397251131,-15.6763141812
1.03854154317,-16.23688524
1.03601235902,-15.4616650349
1.03649224007,-15.487675262
1.0367299302,-15.063195078
1.04940146371,-22.4331533292
1.02398218982,-10.1672414079
1.03675173555,-16.2452221843
1.03499242703,-15.7192057221
1.03823092933,-16.1476962789
1.03651437318,-15.4236094956
1.03519871597,-15.9546505567
1.03863913948,-15.2007356177
1.0461814305,-22.5509595067
1.02470355141,-10.1379931016
1.03488347137,-16.3289728516
1.03519124624,-15.8363334721
1.03112885892,-16.0792218957
1.03556009828,-15.8215517992
1.03798121673,-15.4967704034
1.03429794731,-15.0857930429
1.04765274058,-22.4643999016
1.02625294822,-10.4015888811
1.0320928224,-16.1898389044
1.03531872824,-15.6263806801
1.03637883099,-16.1442686189
1.03261687372,-15.4085667673
1.0361214266,-15.471720988
1.03369195083,-15.0945826212
1.05216199425,-22.759478879
1.02406400957,-10.6216119628
1.03560990624,-16.3350849587
1.03699170407,-15.6608144538
1.03647338365,-16.1726474129
1.03852631574,-15.3077248792
1.04007518669,-15.8155105952
1.0341849095,-15.2762276625
1.04631944861,-22.5841814247
1.03047823627,-10.1136872356
1.03515994863,-16.6171026298
1.03704746853,-15.5884730908
1.03434185559,-15.9906635694
1.03629193578,-15.5523804895
1.03817480067,-15.4712621834
1.03388306476,-15.1589543572
1.04991052955,-22.5545958708
1.02899934895,-9.96040907911
1.03596308197,-16.2297762259
1.03830727014,-15.7446226968
1.03390331674,-16.3273799767
1.03590403761,-15.341728244
1.03781623745,-15.5828094071
1.03851305055,-15.2445486015
1.04740630448,-22.8169729522
1.02542786854,-10.1510586019
1.03838163682,-16.3822242484
1.03768118797,-15.786515771
1.03871347666,-16.3396293077
1.03394872241,-16.0951343068
1.04097659708,-15.7798395118
1.03533206272,-15.4306015584
1.04971208934,-22.5516885826
1.02888660042,-10.4777867817
1.03894048418,-16.3770999078
1.0389885279,-15.7574238551
1.04151797048,-16.2243850285
1.04128348843,-15.6379185443
1.04178707483,-15.6363379273
1.03952340481,-15.0841818648
1.05265197332,-22.7388639336
1.02662728369,-10.2910663036
1.04030139331,-16.4577854189
1.04224175053,-15.691820096
1.03773851481,-16.2844600307
1.03694521476,-15.9826394693
1.04126140298,-15.5439467073
1.04224677405,-15.1915544504
1.05210434536,-22.599592769
1.02902038601,-10.4801317153
1.03886863623,-16.2106643242
1.0428991315,-16.0538717011
1.03899581197,-16.2385492513
1.03852340816,-15.7233931479
1.04170708829,-16.0260325214
1.04009383369,-15.4821051163
1.05128037295,-23.0331912349
1.03046322741,-10.4552469806
1.03957667473,-16.5636829212
1.03742399038,-15.9584606204
1.03790627415,-16.4170708614
1.03660463879,-15.7886930598
1.03915098927,-15.9836701156
1.04041063907,-15.6968834952
1.04934777024,-22.5921072693
1.02708602534,-10.4917370241
1.03879422284,-16.2064356612
1.04138156717,-15.8410686775
1.03833400357,-16.2215224413
1.03981867364,-15.8609183777
1.03972240275,-15.6859022506
1.03774808931,-15.5701308752
1.05164144727,-22.6743043764
1.02969136824,-10.563937431
1.04077688786,-16.4098291178
1.03911156262,-15.6275798347
1.03970768057,-16.3158110042
1.03782656479,-15.4575346276
1.03748962903,-15.9384671044
1.03480122411,-15.3774718666
1.05000976787,-22.78640808
1.03112086249,-10.2835235393
1.03773603832,-16.2577080815
1.03587181561,-15.6401279142
1.03715011391,-16.1374127892
1.03697645525,-15.5534107792
1.03834645815,-15.7009063154
1.03603742467,-14.9977155072
1.05001910404,-22.7683901679
1.02864164989,-10.2643250563
1.03829511461,-16.1929162411
1.03841230334,-15.89666282
1.04261861141,-16.0785324434
1.03419724147,-15.9140725154
1.03881500129,-15.6280875785
1.03591085676,-15.4750674209
1.0478729044,-22.6453957685
1.02604791555,-10.2159162661
1.03629819127,-16.5008820328
1.03594062476,-15.6274571776
1.03869901722,-16.3976229919
1.03759772266,-15.5586647417
1.03664322184,-15.4902330858
1.0379394969,-15.1346594968
1.05285194863,-22.1377561265
1.02768517031,-10.2684472837
1.03436943948,-16.2693066592
1.03749172806,-15.7206797243
1.03947539705,-16.0111907139
1.03490807083,-15.7790823965
1.03460891,-16.0287128039
1.0330539841,-15.2446202383
1.04592552411,-22.5953705623
1.02457769936,-10.1633657909
1.03450964738,-16.4692477476
1.03713627483,-15.6737186177
1.03628492315,-16.3601286024
1.03229942631,-15.6541735839
1.03655994478,-16.015389285
1.03804781081,-15.3295697948
1.04985004616,-22.5121722087
1.02527803591,-10.1392923336
1.03461383923,-16.2804048915
1.03325480897,-15.6443096481
1.03178975364,-16.1490942065
1.03227875472,-15.4678473806
1.03544387925,-15.6728602713
1.03781124334,-15.1094495917
1.04605710392,-22.6180823756
1.02210717353,-10.4413080646
1.0327452593,-16.1250406831
1.03694184627,-15.7241226362
1.03461338465,-16.2286735811
1.02924205066,-15.3467173954
1.03192675249,-15.816886016
1.03259662281,-15.1655960576
1.04793357071,-22.6411749296
1.02353268171,-10.571169074
1.03240604862,-16.5169835165
1.03452885336,-15.7857660036
1.03614819719,-15.9505853295
1.03373844569,-15.6872770761
1.03102965043,-15.7455422806
1.03188665099,-15.4460429337
1.04647854793,-22.7040308831
1.02618040846,-10.3940361673
1.03499836809,-16.2798405818
1.03121900642,-15.8403631109
1.03240831753,-16.2648729675
1.03044664407,-15.2854994758
1.02736893187,-15.601834721
1.02955137545,-15.348613811
1.0412316783,-22.6357657754
1.02329951546,-10.3582836928
1.03164747645,-16.2978088178
1.02952868933,-15.7850626481
1.0294115559,-16.0952666858
1.02936430906,-15.5773418654
1.02973274876,-15.5532197973
1.02926712551,-15.1604768973
1.04272865754,-22.8167556891
1.02469642394,-10.1512156333
1.0288614287,-16.3934682267
1.02910227672,-15.9466527989
1.03354169532,-16.3490101192
1.02937263369,-15.755725712
1.03054722568,-15.7506295192
1.02936483393,-15.1722139023
1.04298288512,-22.5772412307
1.01901544016,-10.4824867484
1.02946731356,-16.0587733115
1.02749057396,-15.7980650315
1.02952007164,-16.3335447716
1.02567149714,-15.5748474832
1.02942631324,-15.8741720096
1.03174472206,-15.1049822568
1.03788849028,-22.5502214237
1.01592249948,-10.2194913194
1.02767899721,-16.2162040954
1.02617430196,-15.6757123944
1.02634280333,-15.9156806357
1.02734029988,-15.5596614623
1.03260772491,-15.8672857362
1.03031479064,-15.0911245713
1.03804748281,-22.4430022119
1.01647773251,-10.3523431463
1.02739923625,-16.1718151903
1.02734290062,-15.6519982521
1.02947685647,-15.9330402881
1.02601899018,-15.4813536128
1.0255676499,-15.6759100983
1.02729185194,-14.9870039069
1.04051028549,-22.6685884698
1.0189436033,-10.2514488307
1.02919477183,-16.451267239
1.02501626861,-15.6102710441
1.02605781594,-16.3864221716
1.02673276938,-15.4698496311
1.02642098886,-15.5784530601
1.02753056173,-15.4354284884
1.03598732163,-22.4808921266
1.013197733,-10.4660197593
1.02553180171,-16.3086625743
1.0269519617,-15.7824523352
1.02946660628,-15.9782183338
1.02611408551,-15.7113897154
1.02472797924,-15.8009760339
1.02509000422,-15.3482566204
1.03814612897,-22.7078349239
1.0142729776,-10.5336536333
1.02867760002,-16.10345462
1.02332748585,-15.7967182944
1.0247008274,-16.2584083061
1.02683020648,-15.5932381957
1.02991502988,-15.5720179773
1.02693070268,-15.1906333122
1.03763999357,-22.4199867746
1.01798586612,-10.5132032469
1.02456326253,-16.01717844
1.02627937726,-15.9093279598
1.0253223377,-16.3141332138
1.02124039943,-15.7520166401
1.02323379106,-15.6355211788
1.02327201307,-15.4381186524
1.03446341055,-22.4140381292
1.01821727729,-10.748867164
1.02754804701,-16.0649048457
1.02572420162,-15.6286738246
1.0252250848,-16.3011935938
1.02723893074,-15.2403221409
1.0239324122,-15.9056874323
1.02288035038,-15.0737721373
1.03515009524,-22.6129682429
1.01473290216,-10.4500355239
1.02712221762,-16.0715014431
1.02163157209,-15.9212107167
1.02532544289,-15.9488679286
1.0239175065,-15.6697509289
1.02333909347,-15.8265506617
1.02235609821,-15.3647867098
1.03778445406,-22.5235290816
1.01519106717,-10.4180337688
1.02564207035,-16.2149383609
1.02125657323,-16.0987095525
1.02221318049,-15.8833311896
1.02318290067,-15.8645508398
1.02464805162,-15.7800679694
1.02500670977,-15.1519075043
1.03461648819,-22.5704290072
1.0137772977,-10.5560910094
1.02616117997,-16.3215732706
1.02658058774,-15.3017694973
1.0257223768,-15.9813860384
1.02375215977,-15.5356750483
1.02327608944,-15.7476090007
1.02227693378,-14.8933977952
1.03460489727,-22.729882482
1.0126146245,-10.2941236891
1.02475195484,-16.2521982941
1.02290914889,-15.5504719289
1.02360208255,-16.1739343127
1.0263890771,-15.3689389532
1.02404039391,-15.7065632037
1.02525829778,-14.9250453405
1.03189664918,-22.6301312019
1.0141754301,-10.2264869375
1.02741265506,-16.2821183251
1.02357615497,-15.8005980906
1.02355108444,-15.9604318787
1.02071291826,-15.6610975445
1.02275679522,-15.7919841701
1.02683254804,-15.1425416878
1.03111048456,-22.7220640097
1.01603802386,-10.3605206242
1.02312193835,-16.327252597
1.02550594359,-15.7248236035
1.02214348538,-16.2612482558
1.02122485128,-15.333749227
1.02671517556,-15.6423164998
1.02373121804,-14.8938019106
1.03553144959,-22.6280621385
1.01488832845,-10.3240679212
1.02555256846,-16.3883541265
1.02374074126,-15.5843408077
1.02460334658,-15.9608463308
1.0249063285,-15.3759250136
1.02459656669,-15.8491098441
1.02604426735,-15.1638476584
1.03709084779,-22.5934672758
1.0142110523,-10.0414060294
1.02395470449,-16.3626954224
1.02312092703,-15.8976656376
1.0258320763,-16.1920044592
1.02538859058,-15.6877830431
1.02060700422,-15.8119817146
1.02193741084,-15.3862076251
1.03760080538,-22.2824618243
1.01421780402,-10.6286731569
1.02412958348,-16.3373612187
1.02312755811,-15.9600376988
1.02427674157,-16.2011764582
1.02262311963,-15.4808243958
1.02433531734,-15.5077978079
1.02629868447,-15.2247528113
1.03547143809,-22.0443762776
1.0135702338,-10.2136744398
1.02487413459,-16.2863875763
1.02221976511,-15.8030678229
1.02431610081,-16.1937538816
1.02437872218,-15.588633024
1.02302859076,-15.7006831784
1.02214259372,-14.9492920229
1.03636009437,-22.6605655106
1.01336434095,-10.0156265413
1.02424390184,-16.571116339
1.02625114718,-15.6198009655
1.02394163019,-16.3776822485
1.0265879823,-15.7604182135
1.02624582467,-15.7310999112
1.02589644176,-15.41386772
1.0384212385,-22.0971815824
1.01501250102,-10.2658101691
1.02683709522,-15.8724641409
1.02516498576,-15.6388859864
1.02545607251,-16.1331701056
1.02386145666,-15.3774619289
1.02701671963,-15.6327136079
1.02498481762,-15.3786886271
1.03213656521,-22.5692585186
1.01538195778,-10.4244062063
1.02821826405,-16.1382471323
1.02411310738,-15.6300544841
1.02253088833,-16.303704621
1.02658179571,-15.5477405108
1.02394636299,-15.8533408707
1.02540169948,-15.1779636051
1.0363897877,-22.6057021485
1.01537369627,-10.5118662719
1.02605386273,-16.4165221214
1.02884232954,-15.6016601449
1.02438070351,-16.0992128394
1.02626388269,-15.391997997
1.02577955986,-15.2981504955
1.0241766933,-15.0769096952
1.03629795799,-22.6862448834
1.01788615953,-10.2223479749
1.02957169209,-16.4140962195
1.02655324009,-15.7362517744
1.03050434006,-16.0784714743
1.02370430063,-15.5196586415
1.02248062146,-15.9650748021
1.02281623686,-15.0573154772
1.04130113247,-22.48497723
1.01593330203,-10.3927412245
1.02476565078,-16.1891820119
1.02352555737,-15.8425552448
1.02751743704,-15.8000070327
1.0249785784,-15.2470151206
1.02573278439,-15.6367201849
1.02398041446,-15.3819154819
1.03751794982,-22.4165306724
1.01271409678,-10.5337702745
1.02274101921,-16.241756406
1.02608278228,-15.9101516492
1.02380919022,-16.0241015541
1.02498346861,-15.583092248
1.02648402291,-15.7238144719
1.02844123289,-14.9803073373
1.03537473361,-22.6816423899
1.02086160387,-10.0947241804
1.02539603116,-16.3612233792
1.02633323784,-15.6740984031
1.02434665962,-16.1137217216
1.0261566049,-15.3963277014
1.02444328894,-15.9455987665
1.0286954838,-15.3436483685
1.0390012091,-22.7534088324
1.01843204979,-10.5627249772
1.02694326472,-16.0567250599
1.02418992852,-15.9218816832
1.02709331447,-16.127681557
1.0243986254,-15.538490501
1.03044317839,-15.9541431303
1.02635080054,-15.2239896652
1.03622644238,-22.5137109074
1.01348084864,-10.6253062738
1.02659779126,-16.2902723652
1.0260771298,-16.08372075
1.02773094184,-16.0423474987
1.02233490533,-15.6203807082
1.02493200262,-15.5373984156
1.02629528953,-15.479241509
1.0391782851,-22.716369595
1.01629935792,-10.4309161743
1.02821281689,-16.473753088
1.03065236749,-16.0687936065
1.02744837275,-16.154536932
1.028536505,-15.5677302728
1.02699627991,-15.6002970425
1.02645530407,-15.1278509084
1.03777756467,-22.383484427
1.01598374821,-10.2731476191
1.03115036448,-16.3649968399
1.0262385516,-15.6388928536
1.02892297786,-16.3112759994
1.02492817571,-15.6561642235
1.02626180343,-15.9070155435
1.0239191161,-15.2874423323
1.0407842012,-22.4802871431
1.01938729555,-10.2579154935
1.02903929191,-16.3381405808
1.02694261008,-15.8959088865
1.02777491514,-16.2312444582
1.02958256795,-15.8369990986
1.03201832886,-16.2935761518
1.02771731854,-15.2856503378
1.04239933076,-22.7126214432
1.02046090184,-10.3124049354
1.02621739342,-16.1341804308
1.03124572251,-15.8401462997
1.02826065558,-16.3191043298
1.0286381584,-15.575611566
1.0277923359,-16.0101499302
1.02903184397,-15.1006439009
1.04207428447,-22.6299691821
1.0196409604,-10.4250809104
1.02963218737,-16.356601793
1.0266803612,-15.9526207698
1.02819151722,-16.3956706364
1.0281658061,-15.4935951451
1.02706189829,-15.747369578
1.0292052644,-15.4783993008
1.04235557581,-22.7058536786
1.02212742792,-10.482954742
1.02685193355,-16.4505815818
1.02789431874,-16.0343436237
1.02686813581,-16.3237331012
1.02710490182,-15.6262863863
1.02755902849,-15.5499031008
1.03056753274,-15.0724478342
1.04409808103,-22.6054703347
1.02207579364,-10.2305181437
1.02862625836,-16.0820259279
1.02768023953,-15.8632452646
1.02797104797,-16.3856467152
1.0277349916,-15.5821087653
1.02844380326,-15.8412964883
1.02653390561,-15.414995886
1.04267319674,-22.6253449484
1.01902145583,-10.4964312496
1.03263415799,-16.2496738632
1.02951651534,-15.7662334009
1.02978092208,-16.0359650222
1.02828661234,-15.5315350881
1.02896957431,-15.7664206475
1.02839769036,-15.347059896
1.0397015941,-22.5495450529
1.01647154145,-10.7734323179
1.028616409,-16.394285217
1.03226630776,-15.8669141515
1.03057559284,-16.2290252723
1.03024443203,-15.5337251366
1.03287264185,-15.9641333179
1.03241175346,-15.1414285954
1.04101488478,-22.8210845551
1.0256857391,-9.97133091201
1.03270142119,-16.0662747455
1.03114926545,-15.6689328189
1.0287422249,-16.2098850789
1.03442391929,-15.5792617606
1.03296126379,-15.8679808546
1.0343743428,-15.41957237
1.04335170211,-22.565503874
1.0204729535,-10.5030132792
1.03242314271,-16.2728784633
1.03291079505,-15.9187989025
1.03436706607,-16.2436271523
1.0297190386,-15.6953529417
1.03273389011,-15.5576497228
1.03167190304,-15.4043736714
1.04228788715,-22.7769062551
1.02319432971,-10.6553011423
1.02899996418,-16.3173181958
1.03177078187,-15.9958427297
1.03249549629,-16.0217887807
1.02988256385,-15.7554523779
1.03390282416,-15.6763645198
1.03013620172,-15.4306137714
1.04150123172,-23.0461718894
1.02455590426,-10.5095081686
1.03391828645,-16.3802480188
1.03214641646,-16.0832408278
1.02968293505,-16.2564596932
1.0295361016,-15.5311195707
1.03237381815,-15.8404017006
1.03206603373,-15.3213701497
1.04728480804,-22.596932194
1.02382922655,-10.1486618246
1.0325105771,-16.0528434234
1.0329913594,-15.7624890812
1.03532159886,-16.1160603428
1.03515836125,-15.8250525187
1.03245589821,-15.9097846854
1.0303602019,-15.4866431673
1.04392917375,-22.5296838474
1.02062875771,-10.4776367465
1.03100774162,-16.3342638426
1.0356448612,-15.8887649165
1.03588199448,-15.8991960717
1.03532252845,-15.58863909
1.03105984105,-15.9182397348
1.02986170723,-15.4422104541
1.04684797611,-22.3669460809
1.02292494338,-10.3057227902
1.03455340088,-16.1787142676
1.03121962323,-16.1150598131
1.03085962937,-16.3009411062
1.03670718652,-15.6772595441
1.03227816844,-15.8332057002
1.03464397608,-15.1288471915
1.04648621851,-22.4206056991
1.02388947841,-10.2561074314
1.0337126288,-16.405069317
1.03087667181,-15.7958294388
1.03121846468,-16.2027848358
1.03014251916,-15.9055633326
1.03045188719,-15.7741347835
1.03524815721,-15.5217709801
1.04287186772,-22.7294082565
1.02266830949,-10.4706474162
1.0374854436,-16.0541998799
1.0353244789,-15.7752882375
1.03354163555,-16.0208921145
1.03168929995,-15.7421542498
1.03103163299,-15.8208098809
1.03401971324,-15.1807292872
1.04426644267,-22.5634817005
1.0214117885,-10.6265978712
1.03354227647,-16.2347748736
1.03315212877,-15.9699791925
1.04048515076,-16.1637292051
1.03415995956,-15.7966022406
1.03243771295,-15.7755160027
1.03344753571,-15.2303530988
1.04732797291,-22.6548018017
1.02474126109,-10.1273986214
1.03313366062,-16.5368289116
1.03278925682,-15.6780135908
1.03526051399,-16.1307025765
1.03251894137,-15.4305986765
1.03308817902,-15.8273997556
1.03416934902,-15.2515700995
1.04855967707,-22.6398163994
1.02372613288,-10.5727368722
1.034371457,-16.3269623329
1.03191926741,-15.886165539
1.03606763031,-16.5515600612
1.03243890755,-15.5379147469
1.03449212851,-15.9756993215
1.03583885571,-15.2410877188
1.04620519529,-22.6551212105
1.02337473609,-10.7172841491
1.03447297758,-16.41350252
1.03143211219,-16.0902100527
1.03352012675,-16.0594983573
1.03419573681,-15.6854676899
1.03385210888,-16.0070870342
1.03300571222,-15.4895138073
1.04345452943,-22.740648084
1.02239242474,-10.7421150127
1.03587143915,-16.4333658887
1.03613540897,-15.4922233043
1.03197791256,-16.2849081989
1.03307787315,-15.6522445052
1.03317384137,-15.6241915075
1.03142271091,-15.6620212902
1.04500383693,-22.5447914637
1.02864979595,-10.3906702858
1.03510730061,-16.3656318156
1.03304545194,-15.7960583704
1.03406083988,-16.2479124942
1.03292070896,-15.2434112356
1.0343098571,-15.9720561369
1.03476904083,-15.2751853492
1.04787475285,-22.8061131307
1.02833342449,-10.4862619922
1.03289217813,-16.3621352281
1.03173904109,-15.8966578937
1.03860629016,-16.2964293182
1.03330969566,-15.7174512088
1.03976829325,-15.4544029172
1.03557116149,-15.3628537779
1.04377931554,-22.553014516
1.02216737529,-10.5203962235
1.03507380153,-16.3204494558
1.03850584939,-16.1855478306
1.03540292035,-16.3617497178
1.03347037867,-15.8208367979
1.03734107501,-15.5788604236
1.03498253844,-15.2933345821
1.04700659708,-22.6946100549
1.02403421524,-10.2817291896
1.03558674079,-16.3302714527
1.03303129121,-15.6964933893
1.03500254947,-16.3290814202
1.03402325028,-15.7149657002
1.03473647873,-15.7989209236
1.03121874024,-15.2300980434
1.04694812433,-22.636301987
1.02834270586,-10.5332387412
1.03616356874,-16.4637376582
1.03457361144,-16.0947674778
1.03378481953,-16.1663938775
1.03258503361,-15.3032473682
1.0315500533,-15.9129654725
1.03560094289,-15.2193280275
1.04619995755,-22.546462962
1.02317622075,-10.7149377825
1.03170299099,-16.397486756
1.03260251277,-15.9327760834
1.03568094502,-16.0667004871
1.0347417738,-15.4727417473
1.03423496848,-15.608749587
1.03259603556,-15.3261735516
1.04410643807,-22.6970266822
1.02348868545,-10.598638985
1.03444181239,-16.4885715695
1.03617586445,-15.8219162059
1.0344318875,-16.1488278953
1.03350954726,-15.610695875
1.03365338448,-16.108999939
1.03592131857,-15.3488966321
1.04664983094,-22.859170682
1.02960818533,-10.4810341172
1.03579737084,-16.3574045633
1.03544159113,-15.8094889214
1.04054656838,-16.2015383996
1.03398014787,-15.9299722583
1.03614147007,-16.0447328875
1.03114495207,-15.3389841759
1.04617846787,-22.8830803608
1.0236398148,-10.7540857412
1.03496352685,-16.3291976811
1.03620506645,-15.7378135394
1.03610585796,-16.2930465092
1.03763871237,-15.4871043371
1.03563821589,-16.1027473492
1.03614048593,-15.7229045559
1.04857683661,-22.8554002742
1.02827240238,-10.2978937682
1.03811738394,-16.5796699035
1.03533656099,-16.0180107062
1.0369881625,-16.7253450819
1.03446540593,-15.4024329212
1.03290799386,-15.8606842827
1.03464970798,-15.3678913867
1.04733486395,-22.5671682073
1.02409722311,-10.4349223586
1.03442537743,-16.391212166
1.03205411694,-16.0232021901
1.03473230276,-16.2573995613
1.03456043386,-15.5115676988
1.03176556014,-16.0636012702
1.02967314002,-15.4439348624
1.04769405463,-22.5724743088
1.02143775462,-10.485680267
1.03464042636,-16.463385461
1.03617178713,-16.0460078694
1.03321106408,-16.2072630675
1.03697603652,-15.6613277034
1.03183928789,-15.9364342906
1.03493823973,-15.5364872221
1.04639539738,-22.6085829107
1.02759555918,-10.1848102304
1.03610869444,-16.1670714484
1.03335503358,-15.9836288556
1.03577865703,-16.1668778667
1.03288732177,-15.707730462
1.036022014,-16.0140635008
1.03492991584,-15.157004507
1.05054968862,-22.2120063081
1.02541960105,-10.6614155855
1.03497964734,-16.5528626426
1.03471496328,-15.7168451653
1.03271232385,-16.7022130861
1.03299599163,-15.4595856284
1.03505480371,-15.8334395523
1.03729339758,-14.9775841617
1.04434584958,-22.6493040977
1.02343543225,-10.2713049746
1.03359859659,-16.3960308109
1.03755134735,-15.8932326328
1.03211241673,-16.3691795711
1.03163239137,-15.7145529823
1.03390997546,-16.2027510528
1.03821025612,-15.0522141171
1.04584035941,-22.8007812539
1.02578861618,-10.7549703057
1.03334311622,-16.4368368476
1.03647389166,-15.6063680582
1.03462415388,-16.5598224348
1.03440324117,-15.5796574577
1.03328690473,-16.1042389877
1.03886434881,-15.0018053516
1.04601149332,-22.839546099
1.02421221451,-10.6559986335
1.03556135166,-16.6157825735
1.0353950974,-15.6841598193
1.03551197682,-16.212802508
1.03224207945,-15.4368191069
1.03314448041,-16.000116024
1.03292099599,-15.413128684
1.04847793911,-22.6916347648
1.02313052539,-10.1320150239
1.03772711229,-16.4993672653
1.03422433551,-15.9553657961
1.03713975091,-16.3405655028
1.03359363601,-15.5585021411
1.0327708821,-15.8915182856
1.03512894945,-15.2362155708
1.04525743367,-22.6268523284
1.02303106059,-10.3625390958
1.03404614967,-16.2972193594
1.03531665765,-16.1223285826
1.03606846829,-16.2292999436
1.02941212939,-15.9900313012
1.03423505067,-15.5867557513
1.03586152628,-15.4094034102
1.04884673534,-22.3645775297
1.02457849917,-10.3053008137
1.03258131353,-16.3202431861
1.0359318005,-15.9045225136
1.03615139168,-16.2102210973
1.03697136235,-15.5104538394
1.03577151325,-15.8962221276
1.03432805611,-15.0679907967
1.04682151174,-22.4689321959
1.02608666526,-10.2964750233
1.03314778179,-16.3014304302
1.03475324705,-15.7539634203
1.0323115109,-16.2273843001
1.03607608713,-15.3770286967
1.0376301405,-16.0040180231
1.03285659981,-15.4474219209
1.04649300999,-22.9995788023
1.02473110893,-10.5837215604
1.03482787567,-16.2526670344
1.02944738532,-15.7534736202
1.03226637602,-16.2302918683
1.03315812549,-15.6402692006
1.03776781852,-15.6187221519
1.03407337939,-15.2651237205
1.04860261237,-22.6891607501
1.02537261803,-10.4555546436
1.03764680617,-16.0422604309
1.03310316647,-16.0112037419
1.03671019235,-16.2846496345
1.03405341921,-15.6152989251
1.03220376392,-15.882354197
1.03369514394,-15.528875416
1.04509278968,-22.4247755337
1.02383645691,-10.7312813503
1.03233297926,-16.5068353916
1.03486431868,-15.8661085396
1.03203513768,-16.0915780633
1.03328425138,-15.5224009351
1.03212960606,-15.9121982914
1.03063180159,-15.2115803011
1.046918455,-22.6833152495
1.02299311304,-10.3026397049
1.03662006415,-16.3151840443
1.03501173356,-15.8499057322
1.0358040249,-16.2731220814
1.03149411099,-15.3883566625
1.03378673064,-15.7039221499
1.03236610925,-15.211204249
1.04760343994,-22.5345549519
1.02351758688,-10.2362347065
1.03709798612,-16.1274179386
1.03307790185,-15.8467160061
1.03130367861,-16.1909541043
1.03334695484,-15.1503350252
1.03250227168,-15.78288235
1.03099826425,-15.3615773414
1.04336020851,-22.6433749999
1.02235253874,-10.125125747
1.03471873147,-15.7470675687
1.03157466456,-15.7556564546
1.03237259738,-16.1698457879
1.03418713124,-15.5707951587
1.03370370034,-15.8133191935
1.03469472868,-15.2890125665
1.04392104383,-22.6288189719
1.02253688223,-10.2566882654
1.03282407477,-16.3452264267
1.03310114298,-15.8417541698
1.03365307723,-16.2132124476
1.03110145109,-15.5125308916
1.03117347738,-15.9595007475
1.03287726695,-15.2272198077
1.04874912189,-22.4868976423
1.02457325151,-10.2486275251
1.02993029003,-16.3879967193
1.03382423415,-15.5113226945
1.03143872359,-15.9809165025
1.03496156532,-15.484006504
1.03423506968,-15.7022192529
1.03355374801,-15.1903138881
1.04346155413,-22.5216517592
1.02199107531,-10.2074694628
1.03180636949,-16.3150271639
1.03216851689,-15.7254472889
1.03316367006,-16.0036910369
1.03300517069,-15.6471487619
1.03135054056,-15.6802318486
1.02994207542,-15.0646072551
1.04453906644,-22.6356101322
1.02371782368,-10.3551006834
1.03371337879,-15.9986441323
1.0351438046,-15.6241713961
1.03073781676,-16.1681436406
1.03394182984,-15.3265770353
1.03045148704,-15.7262195471
1.0312586432,-15.160214914
1.04451682007,-22.9205112388
1.02266649379,-10.1639257037
1.03194522181,-16.5434712826
1.03185721556,-15.6292246661
1.03101511827,-16.2892335362
1.03048769515,-15.307534814
1.03599108349,-15.4270491006
1.02836376757,-15.1243797161
1.04210006294,-22.7191271995
1.02195735042,-10.4514407123
1.0356187908,-15.965031567
1.03296101279,-15.8882330785
1.03097858141,-16.2606899448
1.03324412043,-15.2401619756
1.03186639288,-15.6961727873
1.03039619879,-15.0494688627
1.04654072808,-22.3978599987
1.02474379574,-10.1099475902
1.03003560134,-16.2667803764
1.03166443189,-15.3725802938
1.03080988336,-16.0891935232
1.03422265212,-15.2772961663
1.0321004659,-15.4390199604
1.03086889566,-15.1267332564
1.04306512703,-22.2694110902
1.02175053987,-10.3592110853
1.03081734674,-16.240256576
1.03394022299,-15.8964730388
1.02871690599,-15.8785745597
1.03289032151,-15.8563351278
1.02954961302,-15.7461609581
1.03038866899,-15.2171698389
1.04425719579,-22.3651394821
1.0247730719,-10.2579801901
1.03301819228,-16.003322787
1.02992265573,-15.4819508555
1.03134117817,-16.2025503971
1.03272894326,-15.7961673104
1.03175928975,-15.4386220894
1.03065586535,-15.1277073664
1.04145046914,-22.314560229
1.02176588691,-9.94733655074
1.03299723108,-16.1370963914
1.02988327149,-15.5819633769
1.03474918504,-16.099009042
1.03330961826,-15.4233926552
1.03271925783,-15.6669819518
1.0299523082,-15.4238497492
1.04444469789,-22.4590732836
1.02347554625,-10.2087409905
1.03632387597,-16.2630987765
1.03089490768,-15.6803358402
1.03215815701,-15.9658880944
1.03062517684,-15.5044005948
1.03330288948,-15.5383962947
1.03005466167,-14.8953236032
1.04494806497,-22.3713150004
1.02340698878,-10.075017136
1.03035390485,-16.4353863501
1.03022306199,-15.5779410873
1.03382807662,-16.307144754
1.02587575697,-15.4604430389
1.03129410766,-15.5834730962
1.03018455526,-15.2064859712
1.04391098099,-22.3019150345
1.02418371667,-10.466422392
1.03257004271,-16.2976907509
1.03425201136,-15.5999220933
1.02961734644,-15.9992303422
1.03154781764,-15.5422621334
1.03358477373,-15.6129725146
1.02949051799,-14.7710480529
1.04401250595,-22.7944014889
1.02214270211,-9.92072802831
1.03198779013,-16.1397879279
1.02935841822,-15.5344986499
1.03260557618,-16.1388485597
1.02884749166,-15.114538594
1.02997326388,-15.6055229819
1.03127830372,-14.8047864104
1.04802732959,-22.1973531114
1.02327121873,-10.3179078987
1.03094253761,-16.1236983491
1.02882959241,-15.7502485408
1.03182639711,-16.0750874689
1.03091122889,-15.2624616555
1.03020489965,-15.8247371321
1.03153814247,-15.2905123597
1.04075258119,-22.4585350594
1.02087746149,-10.3294048548
1.03467611363,-16.165680805
1.03297042981,-15.6648934332
1.03299784074,-16.2666192387
1.03053664749,-15.1081078994
1.03513610537,-15.3219708959
1.03278861965,-15.1397137569
1.04958479778,-22.5680599637
1.02181955024,-10.3214042243
1.03134962678,-16.1518124529
1.03343257505,-15.7181456561
1.03137407945,-16.3526590444
1.03620420271,-15.2926916368
1.03169551607,-15.7694236701
1.03483098622,-14.9608295473
1.04400884217,-22.4392353898
1.02425663673,-9.93187389102
1.03339518136,-16.3167677492
1.02997559015,-15.5813538578
1.02904035664,-16.292139902
1.03288042998,-15.1596603402
1.03270046598,-15.5156507069
1.02783210891,-15.2239801346
1.043292782,-22.3402522975
1.02145901841,-10.0340528549
1.03333126994,-15.9965599745
1.0321959998,-15.4258552104
1.03001724357,-16.0612247619
1.03463925779,-15.3874940962
1.03334479587,-15.7001046041
1.0293855328,-15.0551123482
1.04401124387,-22.4390356241
1.02036289591,-10.2945518729
1.02927154752,-16.3064366293
1.03025734927,-15.4722116471
1.03546599611,-15.8609801477
1.03023029837,-15.1774197991
1.03216924471,-15.4768013775
1.0319004334,-14.9310739865
1.04429820225,-22.572593187
1.02353517208,-10.2963395918
1.02822470612,-16.1155291917
1.02645715494,-15.5958608551
1.03139368325,-16.2216074361
1.03202492714,-15.2859150541
1.03117598968,-15.8277610281
1.03246200435,-14.6980552145
1.04300661022,-22.3672879948
1.02084816782,-10.236158438
1.03134949848,-16.0596614489
1.02992239366,-15.5009436102
1.03045327193,-16.0904807576
1.02908152539,-15.0568916784
1.03138743839,-15.4168223697
1.0295349011,-15.193458002
1.04287474381,-22.3959513853
1.01703134874,-10.5562893868
1.02986246346,-15.8096380146
1.02942158213,-15.5445806699
1.02942341943,-15.9006486535
1.02939202445,-15.2911704967
1.03258498549,-15.3881192849
1.03407626108,-14.9214819703
1.04590485235,-22.2460756055
1.02013775703,-10.1381243688
1.02843396752,-16.0740397266
1.02685309631,-15.5771755344
1.03280765617,-15.8822619076
1.02769003886,-15.2776434198
1.0314731365,-15.5606297952
1.03182568646,-14.9829267316
1.04299753515,-22.6658616824
1.02251477992,-10.4742118529
1.03069915681,-16.14035249
1.03208780584,-15.3276096404
1.03140011952,-15.9539803704
1.03059705166,-15.594373592
1.03391123362,-15.2995231469
1.02872972791,-15.0833199043
1.04165110311,-22.1128345762
1.01865637075,-10.0949160957
1.03129171258,-16.1749688116
1.02800077497,-15.5629137718
1.03143198456,-15.5272846585
1.02750881621,-14.8017478214
1.02955558576,-15.5360588935
1.02704734203,-14.7988615617
1.04112759491,-22.3288330795
1.01866149417,-10.1162908817
1.02865999436,-15.8557317649
1.02645172524,-15.1637748206
1.02777762533,-15.6507593491
1.0257485293,-15.3503483393
1.02891018216,-15.3506736505
1.02850004495,-15.1349678531
1.03965997964,-22.3794381863
1.02038719011,-9.96041855483
1.02772915187,-15.9917393218
1.02642206105,-15.2542928386
1.02986415269,-15.7751928385
1.02876681335,-15.2924741961
1.03254713293,-15.0175762267
1.02456992452,-14.9485780569
1.04126940434,-22.280271237
1.01987122032,-10.1928374429
1.02687575027,-16.0237392964
1.02562214702,-15.499054659
1.03090476851,-15.7688653575
1.0279386849,-15.5252022334
1.02725995619,-15.6905723039
1.03145061799,-14.696160072
1.04025341001,-22.252702703
1.0196815403,-9.87124080436
1.02805498299,-16.1776371929
1.0319411364,-15.3539430631
1.02794762496,-16.0039027208
1.02575265426,-15.2795116715
1.02764715654,-15.156087235
1.02732369515,-14.7595329257
1.04117999834,-22.1956922874
1.01843071515,-9.94506529837
1.02800579598,-15.9697382583
1.02797985438,-15.0964651791
1.03009850864,-15.8835591325
1.02619182742,-15.3620128764
1.0280740508,-15.256752104
1.02635065863,-14.9968433944
1.03934284101,-22.1465036992
1.01845536901,-10.0221486183
1.02658863187,-15.8914768951
1.02532948499,-15.4160530871
1.02620791887,-15.8851493525
1.03093517236,-14.8633877507
1.02839076198,-15.3454671023
1.02416102019,-14.7990812376
1.03906752673,-22.3629626297
1.01687802285,-10.1274307407
1.02535852157,-16.0360745627
1.02815073764,-15.2533457059
1.02963656088,-15.8313614834
1.02379558503,-15.1392171947
1.03164912068,-15.3385507809
1.02783144596,-14.8704918705
1.04139945359,-21.9319234108
1.0196072538,-9.83308429603
1.02623177418,-15.915836708
1.02757934393,-15.0397560394
1.02831016586,-15.5103185148
1.03216692843,-14.8388542546
1.03075322933,-14.9802065303
1.02713564153,-14.6527989793
1.03925737848,-22.4236241426
1.01683143044,-9.96837849633
1.02618234081,-15.9435683348
1.02738081553,-15.0986104338
1.02916016824,-15.5461146644
1.02980129889,-15.2144019954
1.02749020372,-15.2658418251
1.02896655679,-14.5681054044
1.04124747019,-22.1782196167
1.01686688047,-9.90702084394
1.02620949843,-16.0167649479
1.03004852081,-15.1610350431
1.02799589693,-15.7363499699
1.02982589466,-15.2949673573
1.02904005399,-15.2209460164
1.02597835048,-14.9642273625
1.03938800853,-22.10024347
1.01866804002,-9.85372807765
1.02644385977,-15.7297946502
1.02814082246,-15.4155186808
1.02810873846,-15.9603957454
1.02830030653,-15.148285614
1.02469485567,-15.4447345509
1.02746968636,-14.8113409253
1.03440012457,-22.2268043036
1.01882876118,-10.1374922342
1.02708976331,-16.2208106197
1.02695369908,-15.462496427
1.02712693044,-15.4018830628
1.02798089754,-14.8923897528
1.02448383558,-15.3087081958
1.02619173144,-14.6921015668
1.04035833087,-21.961542451
1.01909515571,-9.83792975522
1.02890678457,-15.5921258466
1.02876728597,-14.8889397002
1.02913756616,-15.8132034667
1.02669526017,-14.9601825216
1.0236366234,-15.1952762278
1.02477841584,-14.5134581704
1.03870762793,-22.1479381509
1.01563674775,-9.9551615452
1.02793791679,-15.9568257211
1.02764462856,-15.2977750287
1.02636449698,-15.8773680948
1.02699222405,-14.9635042246
1.02575337631,-15.3297958497
1.03092121879,-14.5389060674
1.03831647594,-22.1586489554
1.01698282604,-10.0821910854
1.02596919661,-15.9324925475
1.02651917417,-15.0380467628
1.02850040232,-15.8135965045
1.02709116168,-14.8698705629
1.02994152925,-15.3637153652
1.02484847304,-14.6697040052
1.04052737827,-21.803274612
1.01760937489,-9.69462354213
1.0275855129,-15.599584827
1.02669234701,-15.1868512186
1.02724889737,-15.4819721739
1.02484106394,-14.8896288308
1.0275586216,-15.4785995811
1.02599256897,-14.7020757672
1.0400708152,-22.1270029483
1.01680283388,-9.5119821501
1.02716372366,-15.7109529005
1.02424165858,-15.1757771587
1.02426183815,-15.5454919735
1.02711382794,-15.0729721605
1.02416302071,-15.0972135624
1.02393162228,-14.6138558067
1.03791726032,-21.9507740736
1.01930994001,-9.74216908406
1.02921707956,-15.834208717
1.02636980073,-15.0632378428
1.02625045982,-15.7309244599
1.02461409315,-15.1486255776
1.02414175852,-15.3002600957
1.02607442412,-14.7390396213
1.03339898754,-22.0608186632
1.01771166076,-9.84452696986
1.02156876613,-15.7913858372
1.02715989812,-15.1672582735
1.02477227661,-15.7287501826
1.02733067964,-14.9922760428
1.02561873392,-15.1074701919
1.02439128976,-14.6473557104
1.0413332276,-22.0995970926
1.01630267797,-9.55839754294
1.02318040787,-15.9723415242
1.02452618197,-15.230734518
1.024840506,-15.5692487095
1.02556233989,-14.7404801531
1.02395541862,-15.4052460341
1.02680755326,-14.4867736794
1.03635845006,-22.1046409439
1.01780028426,-9.7026508779
1.02384729593,-15.8407163322
1.02535063606,-15.1862916952
1.02917885621,-15.6156546866
1.02743159449,-14.9074963076
1.02347660752,-15.2055325451
1.02348398674,-14.7194076384
1.03669091987,-21.7878665586
1.01490302656,-9.96636044741
1.02726265024,-15.5422422501
1.02400669067,-15.1415320993
1.02917710863,-15.2605910069
1.02851576836,-14.5539782769
1.0246795785,-15.0656275871
1.02580379714,-14.5214467284
1.03582528084,-22.0303245192
1.01445840205,-9.65826603299
1.02914173536,-15.4817161699
1.02783926178,-15.3066024472
1.02502386253,-15.3872675754
1.02292372746,-15.4389679748
1.02473004881,-14.996081958
1.02196163439,-14.6297061261
1.03723502912,-21.6859595773
1.01426255702,-9.69523109723
1.0245680625,-15.7858322842
1.0218656983,-15.275711169
1.0268605154,-15.7539841667
1.02149530527,-15.1298139401
1.02246827954,-15.2289838608
1.02465491712,-14.3773797218
1.03797099744,-21.9578284737
1.0153710686,-9.60048591472
1.02261157139,-15.4764393741
1.02633282332,-15.385882781
1.02276226996,-15.509044465
1.02576055581,-14.7087567655
1.02535339849,-14.9519070735
1.02323401219,-14.3310972058
1.03751648097,-22.0566900416
1.01387527904,-9.49376300829
1.0261561958,-15.513014735
1.02372794933,-15.1320832717
1.0232118651,-15.5348522152
1.02390218995,-14.8451302147
1.02607930899,-14.9617989057
1.02308454729,-14.632718077
1.03555803515,-21.8776754886
1.01344249589,-9.93255082428
1.02580374363,-15.5735853648
1.0265980205,-14.810818437
1.02818283639,-15.5040414511
1.01910964289,-14.8508045795
1.02396917381,-15.183933558
1.02239019028,-14.5279696056
1.03800527686,-21.9541699097
1.0146853308,-9.49062234354
1.02317532009,-15.6795350758
1.0261115608,-14.8550596379
1.02147995211,-15.6201760436
1.02316157319,-14.8319768033
1.02335124471,-15.0427692351
1.02183545343,-14.6926786284
1.03861208454,-21.9373259247
1.0132812353,-9.61480722326
1.02422830978,-15.6126949925
1.02519358873,-15.3754077251
1.02400560953,-15.2481722198
1.02190486144,-14.9887138075
1.02309562651,-15.1654756027
1.0247032774,-14.4926727719
1.03492854969,-21.7687217733
1.01344359382,-9.92661033948
1.02073422281,-15.4811249261
1.01931040917,-14.8893234384
1.02139816149,-15.5411140046
1.02480612591,-14.573224699
1.02196932266,-15.2398310484
1.02335516185,-14.2787614946
1.035793996,-21.6546107925
1.01581181781,-9.53225837374
1.02385354849,-15.380782456
1.02254289895,-15.1517061522
1.02450955569,-15.4265594123
1.02409808888,-14.8492923332
1.02127604403,-15.2732823125
1.02235782328,-14.5595451428
1.0358868263,-21.463356141
1.01440461679,-9.47319998384
1.02431148995,-15.6100649199
1.02170395305,-15.1086807505
1.02266690372,-15.4392940493
1.02544749178,-14.8270383886
1.01914243433,-14.8565714509
1.02243092612,-14.5719144596
1.03348817927,-21.3613114697
1.01433236214,-9.76624941733
1.0202983849,-15.5752735709
1.02132005911,-14.8980795971
1.02684482244,-15.4948742467
1.02136662291,-14.8668549836
1.02072899429,-15.1205408976
1.02235719245,-14.8538508431
1.03269546981,-21.5334892972
1.01446112489,-9.81824270247
1.02155597852,-15.6192074114
1.02238204224,-14.9600577175
1.02260634949,-15.2543889164
1.02071132367,-14.8559700802
1.02048477703,-15.1115555978
1.02008061154,-14.5616147723
1.03559078376,-21.5947231032
1.01214392603,-9.62820608836
1.0217103396,-15.5660363803
1.02161353033,-15.0678633826
1.02128702199,-15.5001993625
1.024358963,-14.4929365008
1.01888382486,-14.7375362095
1.01991029313,-14.217259492
1.03412411457,-21.5108024741
1.01423722991,-9.41652082937
1.0211921263,-15.5547347187
1.02139736657,-14.5659896703
1.02210084529,-15.6717038936
1.02030524377,-14.9327680912
1.02126470626,-14.73554013
1.02089601284,-14.4304794343
1.03418416933,-21.7711733877
1.01221137064,-9.58143920602
1.02093817834,-15.3142858172
1.02150178504,-14.7405024304
1.0235685313,-15.4134551302
1.02338755702,-14.5333342723
1.0219245941,-14.7892631478
1.02474518994,-14.356529109
1.03333150044,-21.6843377483
1.01480311673,-9.55096220734
1.02347718134,-15.4836485385
1.02252744539,-14.9474783836
1.02115172112,-15.394545578
1.02162401265,-14.5320877078
1.02281386497,-15.1401519796
1.02132816376,-14.230046396
1.03320379966,-21.4889129251
1.01207485543,-9.36426000172
1.02129341537,-15.5587450551
1.02022349623,-15.3742974318
1.01967110147,-15.4970587919
1.01953276888,-14.7338864713
1.01801088405,-14.8706330511
1.020569892,-14.2843771036
1.02960144796,-21.5663177538
1.00863900465,-9.69358213353
1.01890702292,-15.3520395871
1.02005920458,-14.8102918761
1.02293076882,-15.1945190188
1.02268056916,-14.5007862808
1.02221105028,-14.8007018214
1.01764895737,-14.5163784962
1.03220465338,-21.5706498893
1.00975137011,-9.76888554613
1.02087271073,-15.5856168502
1.01923510217,-14.992665481
1.01804284569,-15.3745098615
1.023259564,-14.8601850333
1.02220468177,-14.7865465744
1.02063485749,-14.3228130476
1.035837868,-21.7766571122
1.01089326133,-9.43351156143
1.02040185876,-15.0380725991
1.02138421001,-14.4454301669
1.02432426702,-15.077948884
1.02177955672,-14.4531404574
1.02464559827,-14.6747697877
1.02062127558,-14.3785002811
1.03546946607,-21.6481080371
1.01108172136,-9.17801880138
1.02039207868,-15.4523110709
1.02021571633,-14.8510918402
1.01841531166,-15.4073850852
1.02048304018,-14.6154177182
1.02512135101,-15.0113778271
1.02018988165,-14.2104916328
1.03131512612,-21.7266733663
1.00992771179,-9.50768398604
1.02053255558,-15.1697085622
1.02175908669,-14.5127912808
1.02099639679,-15.0984168716
1.01758830553,-14.6692493597
1.01782575562,-14.5834214994
1.01738758497,-14.048089213
1.03139204623,-21.2625095355
1.01002196548,-9.33658956285
1.02127035969,-15.3366708585
1.02007612396,-14.7424535634
1.02402930742,-14.9688078581
1.0181339685,-14.5151274652
1.0204331643,-14.6170726161
1.02094911986,-14.2326501849
1.03537323868,-21.7680014569
1.01402976255,-9.24478209585
1.02212164906,-15.0600901931
1.02270625202,-14.4303591518
1.02255383801,-15.1074450865
1.01825960269,-14.5199586641
1.02201403243,-14.6137703479
1.02042756299,-14.4280792855
1.03170632621,-21.4384948756
1.01215535342,-9.4502899733
1.02272531277,-15.174686416
1.01964569556,-14.6427548038
1.02279137687,-15.1641891492
1.01985785461,-14.4928872774
1.02007357291,-14.8166395569
1.02046480656,-14.215007201
1.03413630081,-21.460373106
1.0118084954,-9.24488553507
1.01863063191,-15.4112784932
1.02059319549,-14.8029735242
1.02019517801,-15.2432810702
1.01823800933,-14.5999005912
1.02170845119,-14.9255577652
1.02028134837,-14.1453345549
1.03252555377,-21.4196601018
1.00964815971,-9.54199886074
1.02531420109,-15.2733330296
1.02058063879,-14.7311668863
1.02015499776,-15.2942814006
1.02293891006,-14.6862726262
1.01818742002,-14.650537459
1.02209250864,-14.2950113093
1.030306674,-21.2782093209
1.01201268169,-9.49084948468
1.01911587853,-15.060437672
1.02272592918,-14.6614783006
1.02304188786,-14.9779121599
1.01708786896,-14.5741429794
1.02087564051,-14.4884247319
1.01867868233,-14.1540378815
1.03143583137,-21.3047018538
1.00985911067,-9.25142589563
1.01987018079,-15.1229083096
1.01657505229,-14.8380892932
1.0191985223,-14.9409587146
1.01893441422,-14.420412274
1.01945816103,-14.3453480121
1.02069325387,-14.2477786731
1.02934611646,-21.136120281
1.01145354603,-9.25751146671
1.02168877929,-15.2343647777
1.01986961648,-14.575183578
1.01765065691,-15.1552268299
1.01863525965,-14.2834445987
1.01856181482,-14.5878006553
1.02030095358,-14.187717126
1.0338449346,-21.199554003
1.01210054586,-9.38863454247
1.01990537035,-15.0325750067
1.01738627495,-14.6731811263
1.01695052212,-15.1150701995
1.02004033112,-14.5271686474
1.0194537854,-14.7824198641
1.01650541626,-14.3145520383
1.03360954354,-21.0735435136
1.01168471418,-9.40010016569
1.02227499357,-15.0810824334
1.01992437879,-14.5340443228
1.01994178873,-15.0822330717
1.01761148669,-14.6228209551
1.01760140995,-14.6199496208
1.01809372472,-14.2563724261
1.03151316618,-21.460584264
1.00866460487,-9.40720653072
1.02004597431,-14.9911081328
1.02375756196,-14.5555862244
1.0223281399,-15.1904701656
1.01551307059,-14.4529960947
1.0172786393,-14.3964028039
1.01717348539,-14.3007717556
1.03006390023,-21.4234769124
1.00986760747,-9.0975767199
1.01929923345,-15.0660090826
1.02016142355,-14.4181113579
1.0174804479,-15.1087451974
1.01817888428,-14.0883165778
1.020069312,-14.4686787121
1.01786270726,-13.9483373839
1.03245684441,-21.2481170201
1.00905487868,-9.21448663816
1.01839117103,-15.0602060075
1.01886802179,-14.5205922398
1.01505352122,-15.0665457253
1.01905876629,-14.2668335777
1.01896641544,-14.1675267931
1.01676821998,-14.0580762397
1.02911258977,-21.3496504783
1.01047491998,-8.96927993886
1.02334846865,-14.6986778711
1.01800140013,-14.4886399625
1.01707019312,-15.1774962857
1.01817732139,-14.4251818179
1.0165511509,-14.4351584584
1.01449422307,-13.9406461822
1.0275250747,-21.3495817027
1.00763738951,-9.15269755014
1.01707079077,-15.0952661113
1.01816894195,-14.3112219373
1.01988016015,-15.3470204342
1.02072608553,-14.2821030996
1.016970078,-14.50376151
1.01701833491,-13.9420564578
1.02505953684,-21.0954757723
1.00939318407,-9.20395776361
1.01467173364,-15.0091835116
1.0190208793,-14.6440314841
1.01751512638,-15.1381412636
1.0144037357,-14.1404000591
1.01624530494,-14.7032991778
1.01850041107,-13.7739832843
1.03120219654,-21.2283522788
1.00816769552,-9.26521828575
1.01791287335,-15.0771390151
1.01633298396,-14.6110539297
1.01982021231,-14.8134933873
1.01903096853,-14.4876764728
1.01591075468,-14.4651963137
1.01725992257,-14.2257186835
1.02909355001,-21.1692404902
1.00970448157,-9.25297564213
1.02040007425,-15.0867191441
1.01722158815,-14.5954708598
1.01904286778,-14.7892846791
1.01780501995,-14.3972661626
1.02117511893,-14.435831246
1.01992624438,-13.9561955842
1.0325437323,-20.9643434602
1.01261027232,-9.2658372434
1.01797591565,-15.1690504978
1.02208845783,-14.4472790807
1.01808729154,-15.0824704483
1.01688517231,-14.2373946613
1.01824064769,-14.4155774854
1.01737192948,-14.0396641658
1.03120714446,-21.025718481
1.00762992336,-9.13408257349
1.01882857356,-15.0499729998
1.02010537861,-14.380250138
1.02202150363,-15.0970114629
1.01774573705,-14.1123008776
1.01804812301,-14.4990269972
1.0211108034,-13.6905043675
1.0319293827,-21.0960535672
1.0116281703,-8.80092574766
1.02025432791,-14.9352387168
1.02121879055,-14.2059581727
1.01997692752,-14.7164532088
1.01921079953,-14.0767074577
1.01949011286,-14.3739221603
1.018441511,-14.1672418815
1.03259411123,-20.9757815278
1.0095872321,-9.32202479576
1.02221777283,-14.8060320949
1.0204313473,-14.3501229658
1.01951142986,-15.0245735523
1.02264894359,-14.071572061
1.01981169683,-14.5863237307
1.02277093511,-13.4602225772
1.03094737335,-20.8593832766
1.00897096218,-9.12008255641
1.01985798722,-14.8538562376
1.02073122245,-14.4445874381
1.02135594753,-14.6006659882
1.01788700388,-14.0468218913
1.02318237403,-14.3898045943
1.02029997624,-13.827208378
1.03294817703,-21.2492506714
1.01629788316,-8.88180335035
1.02451976087,-14.8095147586
1.02029583517,-14.3584120072
1.01965235794,-14.6709610765
1.0180701616,-14.3529388077
1.02571593147,-14.2503503198
1.0209265856,-14.1203286983
1.03348519925,-20.9605517274
1.01320632122,-9.23292998012
1.02397521547,-14.9035286939
1.02284839282,-14.5476092369
1.0202288133,-14.6857491484
1.02425382946,-14.153862009
1.02388243454,-14.1343443969
1.0197910649,-13.9173174721
1.03889367733,-20.9444790765
1.0151215088,-8.40921056714
1.02646407969,-15.0361775073
1.02403859861,-14.3248289952
1.02196409157,-14.985915571
1.02277208163,-14.2135823136
1.02189850351,-14.3283935526
1.02122168562,-13.8959808988
1.03181552692,-20.7979814876
1.01310249515,-9.26438938153
1.02541662733,-15.0089155906
1.02392379312,-14.2716817085
1.0225976716,-14.7667118035
1.02320694835,-14.2872935355
1.02526710339,-14.4316281946
1.02448884346,-14.1182626151
1.03558831096,-21.149072917
1.01637332147,-8.90213361567
1.02763491503,-14.9966900352
1.02331700192,-14.3939962841
1.02018986716,-14.898353592
1.02376469384,-14.047965404
1.0230486902,-14.3268892542
1.02461460444,-13.8361300834
1.03801172864,-21.236784991
1.01765651264,-8.82838973247
1.02865893727,-15.0861500241
1.02748958794,-14.2075352914
1.02733290797,-14.6923594374
1.02566214696,-14.3989403083
1.02861100687,-14.211715671
1.02663391203,-13.8203007914
1.03735553758,-21.1178191583
1.01752922865,-9.16628162344
1.02857609006,-14.8641099553
1.02808151118,-14.2288706771
1.02851261013,-14.6309747149
1.02517666964,-14.1007358122
1.02551096222,-14.2567228057
1.02645123929,-13.6322753858
1.04196870578,-20.9050045874
1.01852061602,-8.93484798008
1.02845036506,-14.6313614154
1.02918583523,-14.1381279164
1.02811454775,-14.7634478832
1.02610252965,-14.1321044845
1.02635552437,-14.182711827
1.02657614541,-13.7109167869
1.03653136189,-20.9775171948
1.01873973252,-9.01626991214
1.02603168193,-15.1950300405
1.02676816433,-14.1809451172
1.0314167338,-14.4733881018
1.02783739201,-13.9368423206
1.0292272426,-14.0855395618
1.0290102676,-13.7226532036
1.04015608925,-21.0489370357
1.01774252295,-8.93045300092
1.02983921553,-14.5797030137
1.02723396226,-14.2014590288
1.03478124647,-14.4966933414
1.02857068696,-14.0201436912
1.02885666202,-14.1052281649
1.03028607139,-13.5426264116
1.04119917637,-21.1188621781
1.02448652709,-8.8409071081
1.03663616996,-14.6022542948
1.0346416583,-14.0749253997
1.0397208633,-14.7375159864
1.03889890982,-14.078893417
1.04690106091,-14.4479455363
1.05715566238,-14.1341776904
1.08245727249,-21.7104232093
1.09039933612,-9.31789071302
1.13781610428,-15.4587981104
1.19013856072,-15.775084599
1.30467167109,-17.3996902705
