1.33411597481,-26.7916300508
1.23488678916,-27.0875999535
1.16956331183,-24.3892653031
1.14549591047,-41.6912066345
1.10183191528,-13.7211884354
1.09467245993,-26.3299892532
1.08696655497,-24.5118722409
1.08155357851,-25.5575874757
1.07457184559,-24.0004006883
1.07191434569,-25.2410134634
1.06641283792,-24.3136588973
1.07945795309,-40.5945539237
1.058332038,-14.0159760915
1.06307440981,-25.8129526627
1.06743046218,-24.7499581974
1.06725927435,-25.9089267065
1.06250293396,-24.2609917105
1.06265830228,-25.5136952759
1.06410392075,-23.7374512044
1.0760348571,-39.7498886088
1.05592401587,-14.1697740534
1.06545797981,-26.2245907442
1.06502054209,-24.9431428939
1.06264669334,-25.8018313701
1.05956586503,-24.3145445298
1.0636274937,-25.9415276941
1.06522223123,-24.0856387332
1.081302423,-40.7541353311
1.06052310694,-14.5100246991
1.06311884169,-26.0570196061
1.06831349447,-24.5694149016
1.06756443473,-25.6720881012
1.06618315863,-24.595041783
1.06822193247,-25.5498179446
1.06918638425,-23.9086553693
1.08258494315,-40.0741827953
1.06066326608,-14.4286845547
1.0690516611,-25.7401157797
1.06518592523,-24.9459258242
1.06546763998,-25.9992525643
1.06545790946,-24.1693163983
1.06497332508,-25.6348051544
1.06451115926,-24.0884764674
1.07859073225,-40.5567176429
1.05533948666,-13.993290555
1.06493901634,-25.9007248677
1.0607341328,-24.3707578962
1.06251303572,-25.4088538377
1.05803736137,-24.3729976212
1.05833283,-25.5722807499
1.06126886236,-23.7159729834
1.07372185188,-40.2463342256
1.05315965988,-14.1026407071
1.05824916739,-25.8475989529
1.05873910588,-24.4107635165
1.06298027044,-25.9778231957
1.05748875528,-24.0462184138
1.05844295399,-24.817418805
1.05394926559,-24.4973202683
1.0735557151,-40.4438339489
1.04972771734,-14.4296716465
1.0569223262,-26.1426877683
1.05519700249,-25.0811758962
1.05660965373,-26.2045749212
1.05548635339,-24.1627222235
1.0582788041,-25.130267899
1.05703616662,-23.5304836585
1.06843366097,-40.2399631747
1.05264391271,-13.8045862106
1.05785471643,-26.267763547
1.05692784662,-24.5977755702
1.05645021669,-25.8699016519
1.05769430451,-23.9793933921
1.05614318443,-25.9965094716
1.05680340633,-24.270737147
1.06953542577,-40.6470516401
1.05102185296,-14.2262553331
1.05580047455,-26.21852518
1.05697407595,-24.8805990399
1.05575955178,-26.1857434318
1.05652847295,-24.472720855
1.05757265849,-25.7125603628
1.0613666315,-23.6908909327
1.06824181403,-40.1439173619
1.04927341713,-14.186187929
1.05374415552,-26.2694375382
1.05302344657,-24.5515681492
1.05646803989,-25.9114550456
1.05065298053,-24.3926736682
1.05455344742,-26.0684120389
1.05253476151,-24.7199871137
1.06654773389,-40.5402803777
1.05062813682,-13.844302709
1.05181867301,-25.9696145405
1.05117315725,-24.7132206924
1.05568711505,-25.9011912749
1.05407459309,-24.4919693585
1.0555488343,-25.817736779
1.05425844766,-24.2812297053
1.06840834293,-41.2172632912
1.04322347059,-14.5423985
1.05345843358,-26.1661420248
1.05465004831,-25.2487185041
1.05567812402,-25.8249537802
1.05330669328,-24.5011805695
1.055889426,-25.6640739295
1.05365550512,-23.8687273362
1.06773703748,-40.6956318233
1.04527077388,-14.4863364703
1.04987252501,-26.2052353771
1.04962198651,-25.497609204
1.05274187015,-26.1673043997
1.05443268393,-24.638207333
1.05498825712,-26.0082548109
1.05098716472,-24.3995560719
1.0653500295,-40.8395810072
1.04193667952,-14.1620523237
1.05742243608,-25.9483890518
1.05118048574,-24.8372444374
1.05312333173,-26.258442791
1.05276568852,-24.0857445154
1.05326546301,-25.9352678275
1.04905741361,-24.6394799904
1.07033370348,-40.8378149468
1.04336967687,-14.6094556928
1.05166158934,-26.0371437314
1.04836070007,-25.4275414062
1.05012195835,-26.5496358025
1.05129577685,-24.809221728
1.04976491325,-25.8913506229
1.05073476684,-24.4670545665
1.06366015398,-40.4562143142
1.04030347719,-14.4862183816
1.05193440618,-26.1132924108
1.04898015882,-25.0756212918
1.05064714733,-26.4860340083
1.04674548044,-24.6612111098
1.05113450658,-26.0884250188
1.05024170949,-23.8765407136
1.06448015668,-40.9786875218
1.0404985565,-14.0283925673
1.0527506613,-26.793943307
1.04670839045,-25.2517078933
1.04654111178,-26.6777452189
1.0481006964,-24.9964023293
1.04996150761,-26.3793599165
1.04725251832,-24.3305937106
1.06454031828,-40.9928434216
1.04170299234,-14.6109808893
1.04782064161,-26.5353356196
1.04864858256,-25.1773884876
1.0476176367,-26.7001912504
1.04765421264,-24.5196416042
1.05240004992,-26.1027372917
1.04663989626,-25.1127230201
1.06323787225,-40.6118072891
1.04055872333,-15.1609683731
1.04919880316,-26.2691808142
1.04512549021,-25.357146884
1.04656189311,-26.8938260106
1.04679639435,-24.9884354756
1.04660688571,-26.1634590415
1.04548957041,-24.5138014693
1.06551682897,-41.0691318013
1.03807243128,-14.6620779651
1.05005053953,-26.1464293245
1.04578307628,-25.0681680248
1.04696526475,-26.8560440883
1.04778241495,-24.4224561876
1.05195616501,-25.8741247133
1.05119661168,-24.0078597907
1.06154071915,-40.6704542551
1.03914452619,-14.7159961097
1.04786154605,-26.3545526748
1.04703794116,-25.5511818611
1.05239528607,-26.6904016786
1.04801534384,-25.1279218268
1.04828796508,-25.8852660996
1.04595311674,-24.3836391482
1.06483867524,-41.10675946
1.04312063354,-14.5450438624
1.04674612904,-26.8569277118
1.05165125743,-24.9896928265
1.04951548428,-26.4078028022
1.042570833,-24.8378632599
1.04993138383,-26.0581035707
1.04407736264,-24.6936496806
1.05973586262,-40.9573216335
1.03824799009,-14.8060787731
1.04644120627,-26.7005527936
1.04593779173,-25.3107454434
1.04942391447,-26.4513458227
1.04471184843,-24.5689675569
1.04700517256,-26.336300341
1.04628068683,-25.0055882257
1.05890821847,-40.6945299368
1.04081815582,-14.5680916358
1.04958617718,-26.2401788309
1.04459047155,-25.172892967
1.04571612172,-26.42916022
1.04810831721,-24.8648835827
1.04563621734,-25.795514094
1.04469530686,-24.5534193839
1.05810326701,-41.138678466
1.03740106881,-14.6863847427
1.04745834904,-26.3784309981
1.04519695688,-25.2554232269
1.0443731281,-26.1101825315
1.04360579083,-25.2585626472
1.0458854765,-25.880078225
1.0444652974,-24.4210232155
1.05819654406,-41.0896681578
1.03574516099,-14.9546773948
1.04795140869,-26.6963523177
1.04640032019,-24.9002708017
1.04636444758,-26.7168279204
1.04224166565,-25.0324732214
1.04837135757,-25.5868603246
1.04281904625,-24.7720605594
1.05974056617,-40.9834038531
1.03538367383,-14.5552586293
1.04728667331,-26.6533727067
1.04671840203,-25.5578881757
1.04793509956,-26.6309089934
1.04495694818,-25.1968456949
1.0448762483,-26.2117455909
1.0448995155,-24.7903674455
1.05914054169,-41.0710021524
1.03651998367,-14.9541313989
1.04520357543,-26.3805280983
1.04627873335,-25.4369413865
1.04729405651,-26.328105384
1.04550491742,-25.0623497134
1.04964353469,-26.1124853534
1.04250181838,-24.7748839902
1.0589310387,-40.5707139426
1.03727433143,-15.1968039092
1.04894708401,-26.016436915
1.04819451809,-24.8777447446
1.0466150577,-26.5978778269
1.04314844621,-24.9513434079
1.04868262949,-25.9209637489
1.04527815029,-24.8076988374
1.0591483944,-40.6996947902
1.03740598016,-14.6948457541
1.04769212526,-26.9045667883
1.043028494,-25.0627167514
1.04560825415,-26.6378883072
1.04515800871,-24.6053616114
1.04501327577,-26.4162390204
1.04451024974,-24.4253828034
1.05923696143,-41.1297050287
1.03722658217,-14.2226850079
1.04668391573,-26.7491040885
1.04332292896,-25.3671324543
1.04851061851,-26.8645888691
1.04808248978,-24.7868616069
1.04566414637,-26.0799718088
1.04615237137,-24.8484318337
1.06284335919,-41.0969473598
1.03821745712,-15.1177105782
1.04522410791,-26.4627117591
1.04443501677,-25.3491691723
1.0464579579,-26.2982585087
1.04432512805,-24.1244242412
1.04524502641,-26.2230676262
1.04337966592,-24.8944869158
1.05857495386,-41.4461658797
1.03686272468,-14.5878752437
1.04653423384,-26.430297071
1.04709048921,-25.133616144
1.04541707244,-26.8101405675
1.04560350793,-24.8464809171
1.04311052407,-26.411301411
1.04230290894,-24.8076243527
1.06334997654,-40.8773491256
1.03675892619,-15.2542771612
1.04281815359,-26.9341485279
1.04660309353,-25.2719512671
1.04448439597,-26.6123312647
1.04648807979,-24.8669038523
1.04455594786,-26.2556274282
1.0451082107,-24.4497119475
1.05948369685,-40.9797085081
1.03840747639,-14.8686319987
1.04787675633,-26.9456803207
1.04470357195,-25.2506730143
1.04634265168,-27.2480379667
1.048451927,-24.9935078558
1.04850468291,-26.5762315643
1.04830240855,-24.5203998578
1.06118271182,-41.2071977954
1.03827871332,-15.0038774833
1.04736779968,-26.573371058
1.04573142232,-25.6720606407
1.044460372,-27.1306374053
1.04587397932,-25.0554684453
1.04596649918,-26.5535401966
1.04712037966,-24.6629350803
1.058967142,-41.0771391846
1.03766095335,-15.070245029
1.04967901225,-27.0545790737
1.0471561967,-25.2299621099
1.04618383764,-26.5811154508
1.04463353076,-25.3730659724
1.04567549847,-26.7595459543
1.04592833131,-25.1183134437
1.05990810021,-41.4387069233
1.03408265505,-15.041285968
1.04624190475,-26.993701802
1.04521575194,-25.6669831503
1.04831464097,-26.6872968661
1.04810719056,-25.0302082012
1.04961246219,-26.2791923605
1.04250154355,-25.2798183648
1.05910012776,-41.4498053397
1.03300107325,-14.9494642686
1.05104015915,-26.8199784452
1.0441874915,-25.7741412264
1.04870214348,-26.7334816021
1.04609823088,-25.1535512451
1.04756024676,-26.5882977561
1.04865445436,-24.8192774135
1.05849140756,-41.7352081788
1.04319751173,-14.6277419275
1.04719453281,-27.2513108463
1.04494012384,-25.5671722524
1.05072939491,-26.5843786378
1.04747947267,-25.1975074297
1.04578199302,-26.5199445362
1.04690935494,-24.8620813068
1.0593651944,-41.4381599125
1.03378104568,-15.2265804747
1.04631424965,-26.7172935106
1.04800368899,-25.4494287511
1.04885607961,-26.7070687128
1.04661870768,-25.053887263
1.04699876501,-26.6629241464
1.04803215114,-24.9095030745
1.06005237287,-40.7218915983
1.0382243716,-15.0096093052
1.0477065719,-26.8619448625
1.04429863808,-25.8583726206
1.05284756156,-26.61813023
1.04889604481,-24.8064075042
1.04847382303,-25.9741373504
1.04813794415,-24.758082717
1.06159433101,-40.8421091755
1.03713339225,-14.7074893603
1.0459034752,-26.614507123
1.045817069,-25.9269370322
1.04612092229,-27.0843202285
1.04727081862,-25.2529462959
1.04841835706,-26.2056862089
1.04769453377,-24.7999041799
1.06082608065,-41.5202221573
1.03640359898,-14.8699175661
1.05072218168,-26.8197633551
1.04410449973,-25.6482637158
1.0495438668,-26.572402695
1.04624291412,-24.9716915311
1.04881547057,-26.5967308778
1.04886717102,-24.8894193846
1.0615277235,-41.2699035658
1.03933509985,-15.2115211621
1.04734492059,-26.5264789099
1.04615237194,-25.548993895
1.04599118399,-27.1181457398
1.04665741948,-24.9831026887
1.04664694099,-26.4856092063
1.04446138992,-24.7341258865
1.06077067173,-41.092801874
1.04043594935,-15.0024720175
1.04673098454,-26.7945582564
1.0463111535,-26.0222399558
1.04608943461,-26.8903874632
1.04424810608,-25.375180459
1.04590291207,-26.3477713166
1.04937151349,-24.6994645426
1.06397322135,-40.9950614791
1.03786316764,-15.3358648895
1.05300492976,-26.7635381807
1.04890673204,-25.0279209365
1.04596497766,-26.7571659178
1.04691457278,-25.046425718
1.04676953466,-26.8800654972
1.04463251571,-25.0551715448
1.05903805806,-41.2280117675
1.0392293809,-15.1292157973
1.04898116441,-26.9333803867
1.04636265928,-25.6084669119
1.05247026884,-26.9899983096
1.04622646712,-24.9905429277
1.04986515474,-27.0958705157
1.04563558022,-25.3658980376
1.06262318193,-41.9523119886
1.03886395433,-15.0565439865
1.04866213611,-27.2684028235
1.04751172453,-25.8191684694
1.04650893853,-27.2430695072
1.04996742997,-25.0392745558
1.04670970401,-26.718732539
1.05115200092,-25.0480404374
1.05879543728,-41.6074792433
1.04059558863,-15.5145898889
1.04777353717,-27.2238912083
1.04721968933,-25.6016616062
1.04821522135,-26.9147657941
1.04409827588,-25.5835342908
1.0477041062,-26.5190445299
1.04951602153,-24.7606206433
1.0593380751,-40.81384377
1.04065225742,-14.7573585824
1.04949577423,-27.0107188313
1.04762469443,-25.6043052974
1.04795144271,-27.1257256264
1.04949997636,-24.5627533884
1.04907964289,-26.365049103
1.0499529089,-25.0863894527
1.05872547314,-41.4242222982
1.03810284063,-14.9758320973
1.0468061782,-26.7312953157
1.04501621766,-25.5202987198
1.04554337095,-27.4294325903
1.04537677725,-24.8588001903
1.04728565803,-26.9087076248
1.04827073209,-25.0664378309
1.05723671153,-41.3082038666
1.04000726553,-15.1196561202
1.04799622655,-26.5398626347
1.04750727829,-25.8386216687
1.04497185122,-26.9998500736
1.04833075184,-25.2498855408
1.05110810505,-26.4759817891
1.0449226284,-25.0663938507
1.05854800839,-41.5529457806
1.03985379401,-15.5522628997
1.05231160615,-26.2383404861
1.04689529562,-25.8500740826
1.04306690293,-27.0213424731
1.04810447811,-25.1226373898
1.04648046021,-26.5898557956
1.04630525983,-25.4127312683
1.06066925936,-41.712356227
1.03630911453,-15.6907540234
1.04570077244,-27.0127065957
1.04765252848,-25.6103704811
1.04800122487,-27.0880921491
1.0471737103,-25.7007382103
1.04821805665,-26.7814389196
1.04381641932,-25.0787876764
1.06315119736,-41.3961780133
1.03843527737,-15.1669845991
1.0483362735,-26.9002686627
1.04740641056,-25.9998356817
1.05040371857,-26.4987422431
1.05062822821,-24.8479557525
1.05154078767,-26.318755438
1.04778713523,-24.9001200853
1.06186770836,-41.5291354882
1.03684679404,-15.3463413499
1.04699126892,-26.8455535456
1.04492995428,-25.907552177
1.04821400707,-27.1141265132
1.04916744099,-25.1356723764
1.0476307265,-26.7558453127
1.04492177945,-24.9241839443
1.06090473765,-41.7213434542
1.03757262905,-15.2643777785
1.04853288483,-27.3446645816
1.04964907979,-25.7639569483
1.04552349565,-27.1486777336
1.04938799724,-25.6791391696
1.04877182999,-27.0222220262
1.04772924449,-25.0499370186
1.06010761059,-41.2405337924
1.03951562732,-15.4878603106
1.04875731998,-27.0536972536
1.04244525324,-25.6637242539
1.05448180453,-26.8713373493
1.04828631073,-25.0333719934
1.04746412378,-26.4650131231
1.04666878365,-25.2804693046
1.05673722977,-41.4392118329
1.04150638685,-14.8463935864
1.04558289355,-26.8037322643
1.04904283231,-26.037966021
1.05014688623,-26.7827399192
1.04741933176,-25.4924478584
1.04900808642,-26.4003070621
1.04704996268,-25.2382283757
1.05946543517,-41.5311358663
1.03664990211,-15.4570223875
1.05037261887,-27.1372268137
1.04615665466,-25.993228643
1.0487022588,-27.5369100069
1.04540624775,-25.4518746662
1.04772117385,-26.7908338478
1.04443884989,-25.1818987756
1.05927236255,-41.448738887
1.03669458756,-15.3864984308
1.04904557601,-26.821286914
1.04496574403,-26.4934346073
1.04694151118,-27.3783462861
1.04570756586,-25.4715316271
1.04851757689,-26.8012521567
1.04919834453,-25.5335924185
1.05832310108,-41.6939883372
1.03784495082,-15.5690781304
1.04986812123,-26.9596844789
1.05187134428,-25.027807801
1.04620685129,-26.8909825871
1.04590931824,-25.4782956419
1.04830109919,-26.7039165756
1.04638298478,-25.1987312398
1.06346097514,-41.5964754928
1.03768648175,-15.2614873041
1.04792942058,-26.9548877938
1.04789582293,-25.6194758827
1.04890973816,-27.0341108462
1.04642294927,-25.4877639029
1.05003399517,-26.7232642691
1.04795809087,-24.996519843
1.06390173272,-41.8522834626
1.03851144029,-15.542809908
1.04840219905,-27.3596753683
1.05030481041,-25.8182245451
1.04908646661,-27.0632808616
1.04615921071,-25.7401406458
1.05337110974,-26.1083918149
1.04877625403,-25.2790145506
1.0648692419,-41.3551199928
1.03921228986,-15.4868705901
1.04700355643,-27.2448453423
1.04843225312,-25.8600866466
1.04894305314,-27.3205546251
1.04993463973,-25.5244842885
1.04753574074,-27.137927711
1.04744921177,-25.0921035648
1.06244730827,-41.8763322503
1.03784568378,-15.5207440625
1.04994369715,-26.8483025444
1.04868364853,-26.2227735649
1.04921562647,-27.2171990266
1.0513219027,-25.9888000453
1.05018538267,-27.085534156
1.05094337858,-25.149603242
1.0625009967,-41.4217614473
1.04013013777,-15.1039388134
1.051854411,-26.8748579647
1.05167508903,-25.8510399419
1.0458718865,-27.0120387476
1.05064520079,-25.6921670906
1.04588510717,-26.7862456083
1.04664886215,-25.2678970192
1.0599200443,-41.5725598961
1.03603924292,-15.502428415
1.04845801909,-27.5597742298
1.04359926005,-25.9959785629
1.04950258133,-27.5010732004
1.04563180021,-25.740117959
1.05060124161,-26.6877836836
1.04718495181,-24.8286709325
1.06012626683,-41.1174443577
1.0367480352,-15.0981900572
1.04465582864,-26.8080633769
1.04748449857,-26.1813374006
1.04778819686,-26.5653776249
1.04549905157,-25.1760031266
1.04687968717,-26.5142105305
1.04662795486,-25.0680377027
1.06238238507,-41.6662071846
1.03966958887,-15.3317999602
1.0464876475,-27.4190160907
1.04525184064,-25.9759586555
1.04891465445,-27.1763079638
1.04927949721,-26.0374052659
1.05578242623,-26.783604588
1.04813630245,-24.3684133771
1.0657417956,-41.7633864054
1.0406484133,-15.3750781289
1.04853247676,-27.2183535755
1.0509158562,-26.2064137072
1.04686892464,-27.3215262683
1.05051994147,-25.3766747042
1.04955717358,-26.872357165
1.04607194308,-25.8019393706
1.06484792982,-41.4761409901
1.04146985862,-15.5872920753
1.04807838023,-27.0710495919
1.04992465593,-25.8157216347
1.04758823656,-27.4173505195
1.05006497902,-25.7175395342
1.05085764932,-26.7208364641
1.04768666684,-25.0956138374
1.06287151106,-41.9871684763
1.04111011735,-15.3690643535
1.04940557089,-27.7224194795
1.04934429989,-26.331087153
1.05018993842,-27.1775820407
1.04907537856,-25.2615894987
1.0473963012,-26.951423411
1.04624972079,-25.9982387695
1.06187442474,-41.8671602998
1.0400764982,-16.0682334279
1.05082004769,-27.0534843811
1.04768838831,-26.0971723728
1.04806649315,-27.5695193602
1.04339744045,-25.7999287978
1.04710987346,-27.1434908458
1.04964705364,-25.2739434493
1.06481129849,-41.5781740808
1.0395626233,-15.9197198305
1.04723895436,-27.1243784648
1.05359305222,-25.9585389985
1.04922585349,-27.7771961766
1.04995907216,-25.5094559554
1.05162189926,-27.2162562232
1.04717721641,-24.8764413067
1.06029946745,-41.3148450225
1.04070936985,-14.9503959981
1.0524313807,-27.295449127
1.04659467818,-25.9949770438
1.04963261663,-27.563749842
1.04831405481,-25.2143386554
1.04580008345,-26.6676692508
1.04854494208,-25.2120636704
1.06037639229,-41.7133711896
1.04096814619,-15.3055289573
1.05193833644,-27.1421874919
1.0482773286,-26.0730023387
1.04632745625,-27.7378982469
1.04599555649,-25.707722091
1.04857068117,-26.7827876659
1.04747607204,-25.5217843465
1.0637616208,-41.233016862
1.03967187695,-15.6864756417
1.05081465103,-26.9609249436
1.04587095156,-25.9484888013
1.04604888526,-27.4502985237
1.0459083407,-25.4855767742
1.0475671058,-26.9134454294
1.04873213942,-25.5011824451
1.06136711962,-41.968682212
1.04217543498,-15.4262435919
1.04967261201,-27.1864479529
1.05332140905,-25.8926362411
1.05216707878,-27.8921459375
1.04628534009,-25.5275044879
1.04525676708,-27.5085042611
1.04531037725,-25.6835705872
1.06261055141,-42.2029185769
1.03760710198,-16.3087718801
1.04899083473,-27.613236415
1.04698837911,-26.2034950178
1.04794185392,-27.5729448763
1.04722493226,-25.6177034248
1.05088666002,-26.5900550191
1.05211965447,-25.0187996977
1.05931285853,-41.5574292565
1.03778690151,-15.2780634601
1.05073996941,-27.0351486535
1.04450293857,-26.3023798329
1.04922849165,-27.4235436424
1.04744856228,-25.5475694951
1.05030273206,-26.7859428952
1.04677934915,-25.5292255545
1.06123577196,-41.7184257136
1.04135001986,-15.6437901481
1.05012930705,-27.3243938699
1.0477317839,-26.0028727674
1.04704269729,-27.4222011456
1.04719783057,-25.9175370629
1.0518943623,-27.1370760743
1.04554886641,-25.4601095502
1.064258614,-41.779910799
1.03923969466,-15.5664370851
1.04875090706,-27.4049849521
1.04753085953,-25.8611641659
1.05101967313,-26.889542188
1.04848282676,-25.6985279488
1.05336434687,-26.8183347059
1.04536467751,-25.4680927809
1.06372854899,-41.5398201919
1.04025363109,-15.4766269806
1.05044763392,-26.9346027177
1.047916743,-26.0451751369
1.04858383633,-27.4032047879
1.0476561918,-25.4156217701
1.04886105748,-26.8791742503
1.05201036144,-25.9109781872
1.06194518555,-41.6260620953
1.04156402892,-15.6424898553
1.04802675431,-27.4723313395
1.0496014747,-25.7137377899
1.04560171215,-27.132025001
1.04192570753,-25.3441992432
1.04617800031,-27.2033570697
1.04779159417,-25.2904207106
1.06093359366,-41.7160017751
1.03869393578,-15.5355690541
1.04928731662,-27.235506192
1.04904970874,-26.0800726474
1.05018767549,-27.2726275644
1.04828831744,-25.857685901
1.047970387,-26.8801880999
1.04943419218,-25.0895228459
1.06318812177,-41.896297225
1.03688866393,-15.9612082669
1.0492753579,-27.4014146388
1.05200814986,-25.9286050157
1.05165761502,-26.9046428906
1.0514508148,-25.1956637529
1.05386644553,-26.4953145925
1.04934257057,-25.6717007229
1.06693619625,-41.6380191311
1.04340271234,-15.4499996866
1.04813077495,-27.4453652913
1.05037057504,-26.0162149146
1.04860335128,-27.4171210753
1.04921206284,-25.5250205029
1.05077208121,-26.8754247311
1.04700702349,-25.4718208244
1.05927806411,-41.8581931353
1.03704448203,-15.2608785087
1.04688442134,-28.0635534183
1.04967573175,-26.237191179
1.04983786996,-27.2222985668
1.04812537886,-25.7349667066
1.04964015469,-27.1780817113
1.04410359761,-25.8901714899
1.06159412505,-42.0249073586
1.03792403022,-16.0752898657
1.04905913559,-27.7229555404
1.05101414622,-25.7818192407
1.05069864618,-28.0004234893
1.04649034676,-26.0220578735
1.04689582583,-27.4895187627
1.04724341179,-25.4645326942
1.06433037095,-41.7948215875
1.03903024196,-16.1016325144
1.04762741047,-27.2776543582
1.05026289632,-26.5411955993
1.05102890818,-27.3473187021
1.04918760675,-25.5242709172
1.05683129596,-27.3471104364
1.04932897193,-25.010521085
1.06168354832,-41.9047370179
1.0400813336,-15.4704885662
1.0465223475,-27.8061038061
1.04473725317,-26.4264961138
1.0506835208,-27.1099246705
1.04505242534,-26.3204352266
1.04725601298,-27.2741708856
1.04491305957,-25.314176329
1.06299775336,-42.0878925563
1.03705745743,-15.6522184635
1.04991134504,-26.9931408498
1.05159670841,-26.2748819513
1.04662605795,-27.3495524929
1.04619849354,-25.9798948695
1.05187325179,-26.8326184817
1.05032917443,-26.3634790413
1.05993593614,-41.8236335498
1.03769570939,-15.9232210354
1.04884652738,-27.7694456466
1.04183022781,-26.2730634699
1.04924520534,-27.7655229395
1.0457431488,-25.4917724821
1.04811836019,-27.1422764354
1.05133842921,-24.8533505368
1.0595036565,-41.8959924324
1.0389265053,-15.9401185687
1.05370358476,-27.0630939552
1.0470306142,-25.6783136216
1.05002898055,-27.3998161821
1.0467362834,-25.3681103987
1.04614803772,-27.7537310666
1.04976930601,-25.313015552
1.06205774139,-42.0030636031
1.04279606715,-15.7463476184
1.04941977289,-27.3288426481
1.04756225494,-26.3926625823
1.04787112997,-27.1641679076
1.05303030896,-25.5960633408
1.05394289442,-27.1520719732
1.04665358116,-25.5279901714
1.06270023222,-41.9067334492
1.0396546031,-15.4918847512
1.04881679715,-27.3940705787
1.05085636528,-26.2649131329
1.04681311003,-27.4501019886
1.04834050879,-25.2157798704
1.04786487642,-27.1036680714
1.04862881257,-25.7176945467
1.06071536676,-41.9655619832
1.03784050344,-15.6330463469
1.04870005244,-27.7341608645
1.04997634241,-26.3281109714
1.04805415239,-27.7622207297
1.0485672022,-25.6294671702
1.04826071154,-27.4981004989
1.05201617651,-25.3152959332
1.06326484928,-42.377895202
1.03857529052,-16.0085496843
1.04816456484,-27.8163320676
1.04873423114,-26.2756074402
1.0468222885,-27.5830160147
1.04361425792,-25.9473153382
1.04770196624,-27.1782269956
1.04812374884,-25.6517215972
1.0630082798,-42.8413186136
1.04046521003,-15.6483798693
1.04853389511,-27.6252977995
1.04605347503,-26.0143545874
1.04846189255,-27.5752414381
1.04896002722,-25.5823305241
1.04898454625,-27.0333827473
1.04581435164,-25.6596559422
1.06052328348,-42.5039025922
1.03838702735,-16.1580351108
1.05033851447,-27.1950165335
1.04523983047,-26.3502472825
1.04735347785,-27.4618941125
1.0450347753,-26.0777216867
1.05009596401,-27.4285427382
1.04693815783,-25.6482800862
1.06011176496,-41.7925778247
1.03850311538,-15.8191455886
1.04760500759,-27.6668611984
1.04965282605,-26.2838877209
1.04980405113,-27.3653502024
1.04770849487,-25.3107539278
1.04936881609,-26.8083055368
1.04612983704,-25.234736037
1.06201520036,-42.1149202446
1.0358125477,-15.8010536086
1.04598373419,-27.2825950672
1.04614350147,-26.0268716813
1.05016133945,-27.9365247573
1.04811276304,-25.3132668748
1.05225291114,-27.1601321362
1.04726451207,-25.6893219115
1.06387998058,-41.604618646
1.03763938409,-15.8350731491
1.04650185648,-27.3682777549
1.0530780283,-26.3398689617
1.05015142768,-27.221595652
1.04552979817,-25.883878451
1.04798936685,-26.9993688899
1.04924137047,-25.4514007364
1.05904121678,-41.8609502484
1.04067995098,-15.6696324254
1.05259189604,-27.3599025798
1.04830896186,-26.460529509
1.04781171974,-27.2848402413
1.04864885086,-25.6075217705
1.04777856804,-27.0417217794
1.045163472,-26.1033879784
1.06084763227,-41.8497367405
1.03989901452,-15.7973722474
1.04777754131,-27.5931614971
1.04891345701,-26.2508161608
1.04664353712,-27.897798838
1.05227028531,-26.3399929907
1.04957485892,-27.0615731347
1.05069073788,-25.4792902307
1.06308594175,-41.9073619065
1.03646772389,-15.8742977514
1.04685182038,-28.0279992115
1.05089062632,-25.8023049507
1.04711383839,-27.633547284
1.04581964388,-25.9555425613
1.0500106212,-27.2397758525
1.04815853679,-25.8035485033
1.06514774119,-41.8629428944
1.03864886473,-16.1983929516
1.047734632,-27.8489036452
1.04964290153,-26.6621916315
1.04785771597,-27.4850240514
1.04745804938,-26.279822147
1.05008299323,-27.1964469613
1.04516278616,-25.573733616
1.06019769697,-41.8098496611
1.03959168109,-15.7000726094
1.04586206687,-27.8898206322
1.0454336748,-26.4127386766
1.04652413607,-27.8796340816
1.04722123579,-25.9850018896
1.05045641331,-26.9907411016
1.0484039662,-25.6652601484
1.05848230776,-42.4215511147
1.04137073831,-15.8611388698
1.04726121105,-27.9982003396
1.04728419371,-26.1598887825
1.04588171493,-27.7335222262
1.04720853839,-26.0690930949
1.0500533142,-27.3944802159
1.04722504661,-25.2437308915
1.06404662096,-42.6183489893
1.04062343189,-15.8169748011
1.05027187227,-27.4729450739
1.04731754878,-26.6090089341
1.04785952001,-27.5556757817
1.05055942418,-26.0161684569
1.05025556022,-27.3853703575
1.04510971551,-25.5961460542
1.05879163481,-42.2134807272
1.03822320246,-15.7110884504
1.05044979273,-27.6730206616
1.04639092211,-26.6318693001
1.04803563554,-27.7503144635
1.04438160877,-26.1199148593
1.04731242897,-27.6711962598
1.04576531349,-26.4920489666
1.06127694349,-41.9017115189
1.03888886221,-15.9471028867
1.04828352289,-27.5114113118
1.04656749117,-26.501578401
1.05139991653,-27.743872765
1.04662179975,-25.8909315095
1.04888114793,-27.2736247034
1.04956149772,-25.5647111113
1.06199017195,-42.4049248437
1.03848248731,-15.7947969484
1.05177086098,-27.6355019864
1.05203161807,-26.370745181
1.05049548511,-27.2041555038
1.04845190381,-26.1529940181
1.04826295714,-27.522812172
1.04915127984,-25.7083738555
1.06159270128,-42.7108597901
1.04295793698,-15.6987225984
1.04788169666,-27.8051934938
1.05060932286,-26.7313115037
1.05085156092,-27.4187254191
1.04620473683,-25.9236382841
1.04782276101,-27.2145907508
1.04575217458,-25.9046669236
1.06279171923,-42.2349663858
1.04076363225,-15.6777673456
1.05079886734,-27.2245005239
1.04771605667,-26.1697758105
1.04641332694,-27.619133503
1.05054501164,-26.3434277173
1.0509109125,-27.2838200409
1.04798528663,-26.0014259865
1.06296359322,-42.0562001617
1.04253791568,-15.624746184
1.04774940302,-27.317906235
1.04554170942,-26.438206811
1.04890993869,-27.5346280908
1.04734180481,-26.0436627674
1.04763025592,-27.1300858496
1.04794640829,-25.5439799858
1.06708120215,-41.6266460738
1.04003779299,-16.0655676082
1.04920815807,-27.4725190983
1.04899303625,-26.4780365813
1.05058014805,-27.95070358
1.04886943893,-26.2792429484
1.04881975159,-27.0145292521
1.05062159999,-25.7742656871
1.06523429341,-41.9670298649
1.03967079629,-16.0192160476
1.04971201261,-27.9198892623
1.05032309593,-25.9887852747
1.04842599073,-27.6817761897
1.04674996126,-26.3292787161
1.04999770429,-27.3414412991
1.04900038477,-25.6279918849
1.06342344742,-42.4133631804
1.03572827182,-15.9488489974
1.05095927612,-27.7565522386
1.05245263482,-26.2122459671
1.05069502871,-27.4836657134
1.04556072453,-26.1797380971
1.04687714146,-27.6278233387
1.04362482693,-26.3633071433
1.06104755446,-42.3274566858
1.03784173933,-16.2296175482
1.04924768039,-27.9026030889
1.04421370098,-26.4333070792
1.04945216842,-27.8175685034
1.04724208275,-25.8677338707
1.04782060336,-27.5260228842
1.05114254999,-26.3757925899
1.06330838201,-42.2442241574
1.03833640425,-16.457803651
1.05036269948,-27.8955022883
1.05223022611,-26.4758129722
1.04662276934,-27.6368093743
1.044476011,-26.6998144508
1.05049846314,-27.205172535
1.04609652525,-25.786652032
1.06008508256,-41.8525996235
1.04276412861,-16.0283728778
1.04750567828,-27.8594696672
1.04799170748,-26.5087717758
1.04830493803,-28.0880048708
1.04638870194,-25.6221344768
1.0528822695,-27.2321668379
1.04927799296,-25.8605052609
1.05921386392,-41.7528486545
1.0366531135,-15.321734941
1.05029716941,-27.7804843551
1.04820182317,-26.7497010451
1.05155133039,-27.5163168673
1.04511797337,-26.1172035263
1.05067430202,-27.1150531298
1.04594865963,-26.2202836391
1.06031208806,-42.0843454969
1.04110968552,-15.8775110794
1.04819991359,-27.736022778
1.04868105871,-26.990095351
1.04878745303,-27.1688840421
1.05047354551,-26.0917169163
1.04761363808,-27.6066457056
1.04677886257,-25.8526936025
1.05890088062,-42.0374544626
1.03829291065,-16.1002469538
1.04766097647,-27.7056477049
1.04477645143,-26.4692293618
1.04754426663,-27.3425286323
1.0446384123,-25.5970321961
1.04879938848,-27.3564931545
1.04869743149,-25.4427149368
1.06348666539,-41.5993759485
1.03921262116,-16.4301832088
1.04711973628,-28.0195929284
1.04705384311,-26.2826012797
1.05006052186,-27.4649282955
1.0503480084,-25.329710735
1.05010190097,-27.2907311401
1.04543293212,-25.9379599368
1.0587621894,-42.2627549893
1.0359889525,-16.4154267422
1.04786533563,-28.026332353
1.04600669952,-26.3783126888
1.04930152782,-27.6820471503
1.04731157152,-26.2106846252
1.05113038533,-27.4086676374
1.04837258662,-25.8879269518
1.06428517254,-42.1053816263
1.03477505628,-16.378977561
1.05052196484,-28.2418660456
1.04790179268,-27.0306558673
1.04787250746,-28.1737558036
1.04529698047,-25.9878647263
1.04859899578,-27.2066920816
1.05016043814,-25.8436422509
1.06147539864,-42.1701764664
1.03936141782,-16.1147095977
1.05176435006,-27.3954978034
1.04528780443,-27.2164161506
1.04970469266,-27.7478321299
1.04749312366,-26.1405508616
1.05063421144,-26.8225386186
1.04676455527,-25.7031617722
1.06090038595,-41.7837360518
1.04048369576,-15.9131896431
1.04804677154,-27.7839312363
1.04739764086,-26.7080119309
1.05178017406,-27.935276155
1.04711503457,-25.6883922271
1.04772985787,-27.0881795857
1.04773603561,-25.804646014
1.06117654669,-41.7869566807
1.03968294444,-16.3892054314
1.048779024,-27.7701367415
1.04767518898,-27.1848599928
1.05035026207,-27.7560796338
1.04475928659,-26.6361929146
1.05117062967,-27.6661177846
1.04901726165,-26.2244666101
1.06162224749,-42.2579604393
1.03934593159,-16.398345573
1.04890344488,-27.612715369
1.0522062274,-26.6412005587
1.05051355004,-27.4793131156
1.04691003651,-26.1714798049
1.05134021073,-27.4932058578
1.04910312774,-25.7776987334
1.06190089924,-41.9572719776
1.0379393892,-16.3314272467
1.05143449479,-28.2570214857
1.04931364287,-27.3186210458
1.05147210648,-27.9033905548
1.04802497886,-26.0502465333
1.04885215113,-27.538088692
1.04818831393,-25.9014644052
1.05979573247,-42.63742552
1.03925026688,-16.1248266371
1.05455872271,-27.9834863103
1.04556480832,-26.7320574083
1.05015356918,-28.1308778019
1.04498164152,-26.2306952864
1.05203082872,-27.4138408077
1.04746789716,-25.259243195
1.05960495559,-42.9568058613
1.03746993339,-15.5068233322
1.04850457564,-28.1060298004
1.04903787192,-26.3553441664
1.05047008204,-27.7450944733
1.05181867509,-26.2298619782
1.05100388781,-27.6253027775
1.05061530626,-25.8295490917
1.0625608888,-42.2190438298
1.04309338601,-16.4932080371
1.04952211798,-27.831047342
1.04853005959,-26.7614528699
1.05150282717,-27.2080565475
1.04796961744,-26.0240043186
1.04885454977,-27.6901689039
1.05021999917,-25.8806036263
1.06659932704,-41.9767895546
1.03982061551,-16.0497340068
1.05021591077,-28.0073241155
1.04989289734,-27.0647066767
1.05118374114,-27.5281125726
1.04697623657,-26.2844581524
1.05162377943,-27.6470970567
1.0459052414,-25.7459812525
1.06248254789,-42.4569064754
1.03806161994,-15.9426724968
1.04805430996,-27.6009503093
1.04781610733,-26.835127187
1.05095706645,-27.4524501143
1.05013328283,-26.0078658666
1.04799473655,-28.0000233651
1.05122776305,-26.0451016685
1.06853257668,-42.7148476276
1.0399982567,-15.9632898017
1.05146319382,-27.9806261248
1.04994339587,-26.5088784713
1.04774232295,-27.6881842163
1.05085258304,-25.9137944938
1.0574867485,-27.5500651174
1.0483561969,-26.1872804198
1.06386708594,-42.7600489038
1.04141798867,-16.103456607
1.05191216884,-27.4626146295
1.05159576008,-27.1096600183
1.05137314084,-27.8765124675
1.05017170529,-26.3937593132
1.05126931149,-27.5706949149
1.04830798841,-26.172900223
1.06495484086,-42.4394515442
1.0405410595,-16.511173579
1.05087087417,-28.4355581098
1.04962051277,-26.7801079228
1.04921135697,-27.9398374275
1.05081469578,-26.4696809505
1.04984938696,-27.7637987263
1.04721352789,-25.7407589481
1.06452706676,-42.3115880734
1.03797801515,-15.932172065
1.0501469212,-27.5907827704
1.04792067605,-26.8141284621
1.05220460029,-27.7275417924
1.04840212751,-26.4260970914
1.04889155916,-27.2571207381
1.04554340962,-26.3334111308
1.06270024247,-42.3543098351
1.04005547543,-16.2316936525
1.04997444717,-27.5967828426
1.04996568616,-26.9054141306
1.0484194142,-27.8602180471
1.04914059242,-26.2695610369
1.051104765,-27.381276461
1.04648214868,-26.226497971
1.06126058163,-42.6208460159
1.0409625152,-16.0731206632
1.05350229934,-27.3390039713
1.04676178424,-26.9871747539
1.04544813192,-27.7577913246
1.04813637088,-26.0205791665
1.04712577511,-27.5424579078
1.05043591237,-25.9226160833
1.06034563299,-41.9046149939
1.04105600942,-16.1998974763
1.0465266518,-27.7580026626
1.05006528515,-26.4044471487
1.05040211981,-27.7787841986
1.04953251508,-26.3513873376
1.04750198849,-27.5346965113
1.04837960032,-25.8232208149
1.06373832035,-42.6589825088
1.03713762176,-16.4595656774
1.04794364145,-27.8002654877
1.04955448534,-26.51711087
1.05105895419,-27.5516876697
1.04732277374,-26.2559198569
1.04974639055,-27.9348000706
1.0450717749,-26.2157896866
1.06141825398,-42.7642199753
1.04210038983,-15.9896788844
1.04978553864,-28.8931888317
1.05107863399,-26.7672842272
1.04871890896,-28.3376066714
1.05018680939,-26.4772447419
1.04914950397,-28.0541239849
1.05087579682,-26.0754752801
1.06323282347,-42.8947103736
1.04511333383,-16.0662608859
1.05036020878,-28.675751943
1.04621479565,-27.722118824
1.05152897038,-29.4058518252
1.04707440778,-27.0356929816
1.04818399406,-29.1849303738
1.05101872223,-26.8403286925
1.06343598079,-43.3997606906
1.03981068145,-16.5525444623
1.0519971014,-29.2108382896
1.04906548171,-27.6444193575
1.04674061753,-29.153651788
1.04894419477,-27.2015749287
1.04843862089,-28.6396739291
1.04827841283,-27.1945291103
1.06325908626,-43.6101074547
1.04099200391,-16.1311404741
1.0488091865,-28.7009233199
1.04645797122,-27.9503561167
1.04608412413,-29.0961365747
1.05179358136,-26.5185242856
1.05124755219,-28.7312736966
1.04717566525,-26.7586194626
1.06132405943,-43.5115483441
1.04063157781,-16.0741573055
1.05379539588,-29.0253848
1.04880741654,-28.0520000256
1.05310422091,-28.8594528198
1.04933229091,-27.3563764986
1.04878829586,-29.036754137
1.05317416537,-26.655408305
1.06504678699,-43.6407111334
1.04094951058,-16.6986390949
1.05190066561,-29.1087686198
1.05075638796,-27.5223356247
1.04742701374,-29.3253522701
1.04677251987,-26.8976319697
1.05155862895,-28.9568917284
1.05167729105,-27.1445570354
1.06528881109,-43.1187149876
1.03979588976,-16.5953909367
1.04860691936,-29.0615020967
1.05247643336,-28.1170995472
1.05019680158,-29.7156256148
1.04910102493,-27.8089522713
1.05202764576,-28.4840039231
1.0483480256,-27.0914411801
1.06708062748,-43.6600407501
1.04181673568,-16.0884430776
1.04680417082,-29.4596933194
1.05141184303,-27.474733598
1.04675365651,-29.2098347726
1.04464004066,-27.280166082
1.04977781643,-28.603415538
1.04747676859,-27.5906308293
1.06265088011,-43.6345399802
1.04127862011,-15.6992839872
1.04939709305,-29.2881574225
1.05096573694,-28.1390178415
1.04956258783,-29.7854249727
1.04895508404,-27.5352396087
1.04924522151,-29.2762419633
1.05111013856,-27.5012872358
1.06371693756,-43.7764652674
1.04228918015,-16.6868768544
1.04982333277,-28.7303045399
1.0529556827,-27.5120650368
1.05291136287,-29.3491344018
1.04885340124,-27.8066206371
1.04832480897,-28.8894506018
1.04891674178,-27.3469780407
1.06269236388,-43.2952854103
1.04238735127,-16.3759246104
1.04810263787,-29.2107781768
1.04749064525,-27.9188289744
1.05507505592,-29.0460669631
1.04590483359,-27.2791906659
1.04940100408,-28.807931808
1.05129950407,-26.9658870653
1.06546424724,-43.8756352593
1.0418232579,-16.3354145178
1.04895410816,-29.0568401372
1.05030773928,-28.2218512872
1.05136162375,-28.9786719936
1.05145921392,-26.9190312555
1.05231474332,-29.1780360158
1.05395983488,-26.8455001431
1.06587312907,-43.9502682631
1.04358958734,-16.1562146526
1.04689363541,-29.2862365884
1.04643285712,-28.3598287849
1.05282628199,-29.5865148086
1.0479475127,-27.1986245925
1.05323368375,-29.1343162221
1.04755805393,-27.2140722643
1.06187936369,-43.914114922
1.04171499713,-16.1439989956
1.0483488827,-29.0814815666
1.04785211132,-28.1609263329
1.05165739219,-28.9397981281
1.04738318517,-27.7859108408
1.04802558911,-28.7883673316
1.04760377259,-27.5892205941
1.06319799566,-43.6064802413
1.03922982194,-16.2878360004
1.04891252029,-29.0588382494
1.04676250022,-28.0551592104
1.04835501903,-29.6375720324
1.04765787876,-27.5768708252
1.0526867368,-29.1678211924
1.04936963884,-27.4402978758
1.06056645031,-43.6670379083
1.04035309175,-16.817927577
1.04871666487,-29.2199905718
1.048827273,-28.1807923337
1.0468676813,-29.4358154778
1.04790850352,-27.751881532
1.04970382279,-29.2513695409
1.04922496672,-27.2412051424
1.061885032,-43.4563134156
1.04205415743,-16.1420474484
1.04698342004,-29.3115169987
1.04876600886,-27.9280435209
1.04998178006,-29.1842744477
1.050265386,-27.4093254239
1.04901946204,-29.1601454942
1.04663766486,-27.2700707235
1.05916448876,-43.5739480997
1.03891145722,-16.6231892306
1.04871167311,-29.6106049738
1.04943676597,-28.0442300237
1.04945891099,-29.5248571515
1.04961377019,-27.4847111675
1.04967096037,-28.8631143472
1.05514184998,-26.8797089473
1.06043034097,-43.6790878003
1.03949310432,-16.4415616613
1.04611782671,-28.8913838788
1.04912646418,-28.4415807412
1.05396804577,-29.1596686814
1.04784203181,-27.7795767401
1.05109936931,-28.7982474401
1.04832797768,-27.3712094702
1.06845188717,-43.8280235094
1.03942958975,-16.5428144076
1.05128367341,-29.0939559478
1.05575559747,-28.1676996536
1.05123361806,-28.9735330943
1.05284325177,-27.3642051082
1.05118410234,-29.2786257636
1.05110268443,-27.7793864832
1.06859490995,-44.3852683754
1.04105342775,-16.3229148895
1.05392580556,-29.1541700034
1.05220105653,-28.869558184
1.05684938659,-28.9127264338
1.05450738473,-27.956686494
1.05778380824,-28.9223807328
1.05321301142,-27.3903598983
1.06901268135,-44.1616815199
1.04308639407,-16.5727233111
1.05487438571,-29.4197556018
1.05448406414,-27.9722979244
1.05660009463,-29.3860987232
1.052835146,-27.6605309376
1.05666013839,-29.2695341482
1.05276743013,-27.7622096354
1.06910103531,-43.5714257563
1.04640912538,-16.4324041707
1.05398332417,-29.0967111035
1.05257077403,-28.1844417374
1.0603856033,-29.3829569086
1.05231707363,-27.4187765696
1.0523230975,-28.5941423563
1.05297904169,-27.8014496539
1.06975880183,-43.3772440218
1.04353070929,-16.7086595924
1.05318795189,-29.4002947375
1.05264104836,-28.0769252662
1.05238071083,-29.3332440043
1.05173388324,-27.0157597096
1.05040188326,-28.8507175649
1.05165528687,-27.5243167687
1.06848318125,-43.918648299
1.04012785941,-16.3279575918
1.05278081944,-29.507777155
1.05036909862,-28.090202009
1.04953404213,-29.4972993982
1.05328460293,-27.8990158212
1.04925317948,-29.0301753283
1.04803759658,-27.2091022225
1.06217551022,-43.5373242809
1.04062356897,-16.3973031059
1.05165512311,-28.9716716297
1.04831821746,-28.1069330243
1.05258018162,-29.0685235044
1.05205239523,-27.5084960719
1.05267709752,-29.1060463146
1.05102287164,-27.3990893278
1.06498890998,-43.4498794728
1.03872818538,-16.9433839051
1.05099985946,-29.0363888657
1.04965719922,-28.1896911855
1.05377675966,-29.212039672
1.05137885648,-27.8692954888
1.05136196081,-29.0499430284
1.05342852553,-27.2831143244
1.06889551833,-43.7577244925
1.04514429349,-16.2173617519
1.0524223819,-28.9241746484
1.05632628916,-27.9493083217
1.05603368047,-28.7976108018
1.04931852217,-26.8738751783
1.05604027692,-29.0333619914
1.05634641415,-27.5378059252
1.06773475271,-43.9682586521
1.04363624321,-16.5169464504
1.05275072207,-29.9334360531
1.05530531961,-28.1741893537
1.05700786487,-29.9185623252
1.05175872311,-27.6607511211
1.05236362109,-29.2494511388
1.05490742583,-27.3733179825
1.06828988489,-44.1131281655
1.04537727282,-16.5874125065
1.05236716137,-29.8060494401
1.05448809278,-28.095655351
1.05948764467,-29.0744559887
1.05295643646,-27.3921776023
1.056214403,-28.7219142346
1.05482967519,-27.4988835734
1.06672664916,-43.5300213238
1.04351385961,-17.0077158441
1.0549851496,-29.5779756656
1.05308704212,-27.9237815385
1.05384601276,-29.6356479883
1.05549457836,-27.7397080631
1.05239467034,-29.1408945948
1.05205827877,-27.63200891
1.06658386459,-43.6938633169
1.04375744375,-16.641567999
1.05256469416,-29.5145068169
1.05560796116,-28.2601970388
1.05334478504,-29.7288951563
1.05296753338,-27.499268418
1.05485259795,-28.9718013773
1.0518141437,-27.4489113839
1.06869600795,-44.2408904815
1.04172228596,-17.0889635297
1.0530816946,-29.2453799995
1.05171282452,-28.3426269078
1.05614717577,-29.6602438093
1.05197695249,-27.8804367684
1.05517757566,-28.9624493691
1.05262513902,-27.7665653507
1.06768000358,-44.1888735689
1.0411276407,-16.2873660529
1.05305805901,-29.6859641641
1.05243202199,-28.0611330326
1.05289116551,-29.4894096623
1.05386667415,-28.044683742
1.05279958859,-28.9484484276
1.06205026421,-27.3986221227
1.06525134828,-43.4325958486
1.04589512587,-16.5295417853
1.05261094726,-29.0192437685
1.05331305531,-28.6545265747
1.05398358853,-29.7524784879
1.05388675174,-27.9268245892
1.05514812003,-29.2854537495
1.05489534896,-27.9424466035
1.06748623161,-43.7684257765
1.04466465405,-16.836322882
1.05503409998,-29.4975905335
1.05615596156,-28.1039328879
1.05195869476,-29.53466297
1.05509793134,-27.8163968257
1.05501688098,-29.5967695084
1.05352083495,-27.7299658648
1.07336775345,-43.8530179994
1.04319106428,-16.7474936299
1.05331052773,-29.6577360698
1.05694800148,-28.7543879189
1.05575451682,-29.2469794656
1.05297059482,-28.3833406319
1.05460595842,-29.013020307
1.05685257041,-27.9645935538
1.06643399089,-44.0853139267
1.04656112519,-16.626060815
1.05438444765,-29.5626344488
1.05450305263,-28.301749036
1.05447728791,-29.1481512253
1.05326572702,-28.1147558562
1.05518507573,-29.1839821752
1.05574532528,-27.8351938858
1.07000609039,-44.0403443731
1.04624756711,-16.8717991322
1.0520412281,-29.8942665339
1.05384008169,-28.205360864
1.05745321001,-30.3615866754
1.05727391704,-27.4889078272
1.05439709755,-29.6738338516
1.05569258665,-28.06283297
1.07060232079,-43.9786045373
1.04995491426,-16.1757855369
1.05530479073,-29.6354967565
1.05604612147,-28.4532217547
1.05404480552,-29.6863664819
1.05386254936,-28.1211064953
1.05568604603,-29.7844807873
1.05698548924,-28.2155242277
1.06839020714,-44.2763299064
1.04462765075,-16.5750036648
1.0557410109,-29.8341125281
1.05416665519,-28.1624942108
1.05668269977,-30.144841561
1.05465337681,-28.0809791068
1.05381500675,-29.2453680763
1.05501133248,-27.6032796121
1.07164136021,-44.5810574054
1.04921135054,-16.8761692709
1.05134494784,-30.1002030822
1.05624404719,-28.4115642347
1.05780263841,-29.5477309334
1.05193714184,-28.7914835467
1.05425420972,-29.2665193831
1.05193317658,-27.8195354736
1.07051756466,-44.0955968084
1.04842554834,-17.0094970367
1.0579128104,-29.819333661
1.05726053673,-28.6241005758
1.05814408523,-30.059031021
1.05599992591,-27.5764702859
1.05872127843,-29.0179073218
1.08178299146,-28.279010097
1.07293127771,-43.8140733213
1.04938443834,-16.8708316202
1.05518859082,-29.9532972846
1.05355843924,-28.6389933625
1.05778534405,-29.6967594625
1.05429724177,-28.0932933072
1.05677905492,-29.5794356216
1.05623617409,-27.7526866899
1.07100191755,-43.9796009999
1.04532016768,-16.9625168546
1.05849519198,-29.3638536105
1.05613910849,-28.697917317
1.05545465139,-29.6968643352
1.05690383161,-28.3109069525
1.05811476829,-29.1574395166
1.05420736375,-27.7611893652
1.06914240253,-44.6532059577
1.05060511386,-16.3901052016
1.0548795791,-29.7374335698
1.0566144413,-28.1016825477
1.0555305595,-29.7241317319
1.05661866097,-27.1856318215
1.05880687676,-29.1685882359
1.05596021984,-27.9223368577
1.06957541193,-43.8328361305
1.0461560672,-16.9174942553
1.05116472546,-29.9924580225
1.05338483111,-28.2690804715
1.05435156457,-29.9289811988
1.05281040166,-27.8943722375
1.05792981953,-29.3104447649
1.05646143281,-27.6435478162
1.06964708584,-44.6294238169
1.04693907444,-16.9863364068
1.0570729927,-29.7975123766
1.0564634305,-28.5060728057
1.05607891002,-29.8177513269
1.05906109823,-27.6118830164
1.05801287285,-29.3266077215
1.05746533083,-27.6048199159
1.07052109654,-44.2345883285
1.0470518202,-16.5875661436
1.05770726841,-29.6152983599
1.05411515443,-28.0781483206
1.05595101536,-30.0565879635
1.05517223652,-28.0899648592
1.05745108155,-28.516128432
1.05509071496,-27.7655863558
1.06719696878,-44.6151862996
1.04426866881,-16.9597296223
1.05197040192,-29.7762487657
1.05411013019,-28.7980443989
1.05483563093,-29.5091580148
1.05552544992,-28.1309329099
1.05581076233,-29.4577994148
1.05789127376,-27.3112824916
1.07146963409,-44.0341114411
1.04690986216,-16.7913184279
1.05976900071,-29.2659547805
1.05410262655,-28.415771515
1.05407718832,-29.7427938029
1.05631247691,-28.2514711346
1.05732703373,-29.6828777408
1.05570011153,-28.1449209299
1.0707743751,-43.9402630549
1.04892232381,-16.7959360026
1.05419126348,-29.5959411087
1.0539890554,-28.7105128872
1.05928080719,-29.9907496924
1.05153260313,-28.2005670103
1.0590905673,-29.5434719458
1.05744810467,-27.6077823189
1.07171745692,-43.9437126266
1.04773743316,-17.1491422893
1.05779433813,-29.5429023943
1.05714891444,-28.1899255082
1.06205718121,-29.3508130119
1.05626880078,-28.4675115594
1.05910033438,-29.5340783394
1.05628078441,-27.9617359088
1.0695032456,-44.5411664809
1.0490254536,-16.6770007113
1.05987049874,-29.7751604311
1.05793803213,-28.8503188639
1.05943217965,-29.7608067153
1.06279536209,-27.8154415655
1.05797066081,-29.2452492686
1.05891890777,-27.806212706
1.07061833065,-44.1616292774
1.04885117404,-17.1353753197
1.06035753284,-30.2253646165
1.05891349391,-28.57079345
1.05756713138,-29.9443893376
1.05610068718,-28.2049268662
1.06030225042,-29.216738729
1.05510501605,-27.8417660848
1.07010729584,-43.9836443406
1.0471659424,-16.7226310435
1.05472163344,-29.673433562
1.05765032341,-28.3769291644
1.05583307685,-29.6339884206
1.05565292928,-27.996883334
1.05534495291,-29.6561833525
1.05589220992,-27.956385732
1.06569306096,-44.5822006248
1.04848754001,-16.9050662945
1.05431675841,-29.8507039072
1.05541609013,-28.6244575455
1.06028832332,-29.3522765252
1.05503403152,-27.9831972121
1.05551185104,-29.2195215927
1.05614732435,-27.5948954674
1.07102878908,-44.4251779844
1.04684128789,-16.517428262
1.05635447069,-29.3908553476
1.0565088359,-28.4366827783
1.05445209955,-29.8362770741
1.0525470501,-28.1678489109
1.05499677882,-29.5733970686
1.05458157388,-27.9779673012
1.06967437336,-44.4611060062
1.04935733802,-17.0234337889
1.05534565441,-29.4029587123
1.05564196691,-28.6205056165
1.05428307922,-29.9454229295
1.05393709224,-28.1381816005
1.05524844869,-29.4545877631
1.05498368664,-27.9455037895
1.07185854594,-44.2126279179
1.05040427626,-16.6440773988
1.05390239532,-29.4073482187
1.05346732955,-28.873995393
1.05504277602,-29.8842737052
1.05637356344,-28.0979209535
1.05541849682,-29.2262042013
1.05574130501,-28.0253088305
1.06549936445,-43.7692359403
1.04609881225,-17.0431024273
1.05436262507,-29.9121856601
1.05209787276,-28.5898142158
1.05520452929,-30.2097162858
1.05679012714,-27.940805748
1.05667339427,-29.4378709313
1.05432669611,-27.4313247464
1.0681922476,-44.08750961
1.04752419998,-16.5360990743
1.05675721262,-29.0744833992
1.05288495807,-28.5865501869
1.05921792306,-29.6373134775
1.05131386968,-27.597192013
1.05518238317,-29.7120873501
1.0541802768,-27.5950945044
1.06699885792,-44.2267562252
1.04287178468,-17.1499058948
1.0538771833,-30.6411889316
1.05482707635,-28.5228033298
1.05641291346,-30.1209024738
1.0543269364,-27.717194329
1.05448503004,-29.6106146838
1.05440788682,-27.7799691094
1.07270277844,-43.9971986294
1.04457409463,-17.1190829564
1.05606614897,-29.5795841523
1.0538918719,-28.8078861921
1.05252995129,-29.8809486404
1.05784202311,-27.819841963
1.05379418273,-29.1343145861
1.05598387097,-28.029346801
1.06852336437,-44.8055085414
1.04830134811,-16.9132405186
1.05392528858,-29.8059111822
1.05634556446,-28.0480735227
1.05517276733,-29.6434465074
1.05446295421,-28.2927386037
1.05698867518,-29.7260051224
1.05220294426,-27.713649823
1.06981252016,-44.592313277
1.04509783069,-17.1283050971
1.05927255113,-29.7849756552
1.05246236845,-28.4272550244
1.0563337025,-30.1834473655
1.05348989334,-27.87373514
1.05323253997,-29.7874124054
1.05785173217,-28.0173217798
1.06839184453,-43.7134577438
1.04435439824,-17.2917417016
1.05471840113,-29.7071376645
1.05389131623,-28.0698079135
1.05385510879,-29.3974847682
1.0582905226,-27.7922167592
1.05764827479,-29.7525610195
1.05438201563,-27.885739409
1.066864019,-44.4743370137
1.04488584276,-17.3384886388
1.05490816754,-29.5884410449
1.05602876868,-28.7852566758
1.05384185951,-29.5371897681
1.05302984407,-27.9674229646
1.05465593221,-29.6374822624
1.05528277624,-27.4847964943
1.0645572927,-44.229375621
1.04594253042,-16.9697831219
1.05569160866,-29.0669274545
1.05792175292,-28.6407621218
1.05922789093,-29.5217443511
1.05376228552,-27.9388570486
1.05403835675,-29.5888538853
1.0609179396,-28.0453871665
1.06443712194,-43.9774644878
1.04721163922,-17.025692808
1.05682372224,-29.7660631253
1.05517913785,-28.6011607581
1.05364903226,-29.7070296518
1.05486090276,-28.4273834112
1.05408083237,-29.5027614696
1.05517089742,-28.1068070718
1.067668305,-44.4857582156
1.04587449706,-16.8537871689
1.05158392824,-30.2507706554
1.05506746475,-28.8424083665
1.0526593557,-29.6939768144
1.05355827856,-28.5684926838
1.05517825765,-29.7170336375
1.05673708915,-27.8281238359
1.06576830502,-44.0732841393
1.04291716935,-16.8212422803
1.05167698296,-29.4713891537
1.0536758513,-28.9715096644
1.05447922947,-29.5916086916
1.05142978424,-28.0015378663
1.05342931544,-29.3043694498
1.05514577524,-28.1454486044
1.06580048281,-44.2861169967
1.04069114369,-17.3127034874
1.05258293339,-29.9775583066
1.05364453384,-28.1637928584
1.05309671712,-29.8707596548
1.05166639139,-27.5483832713
1.05303506721,-29.2362545075
1.05488467285,-27.7193218403
1.06772750431,-43.9493991449
1.04376227985,-16.6604106643
1.0536655802,-30.0857113325
1.05259237115,-28.7252833323
1.05338630922,-29.7330928828
1.05304843801,-27.6458749635
1.05370011388,-29.782087234
1.05457508057,-27.6586986587
1.06637906852,-44.4231940898
1.04134091779,-16.9826161538
1.05376765196,-29.9796842776
1.04986830683,-28.5052080026
1.05534022437,-30.2645224351
1.05596709562,-28.0415663916
1.05234795877,-30.0045001267
1.05087023623,-27.6607481744
1.06573247817,-44.0527987846
1.0432638084,-16.75513649
1.05049499441,-29.3783284708
1.05068579412,-28.5917989951
1.05262094952,-29.5276769455
1.05594302008,-27.8792513599
1.06160196374,-29.1798437408
1.05513647792,-27.7190364598
1.06591073028,-44.0724134845
1.04058012734,-16.9614905915
1.04936821453,-30.2129936638
1.05272735378,-28.5755363287
1.05202056071,-29.889710693
1.04959128156,-28.9836919894
1.05109536111,-29.0317431089
1.04932595133,-27.7817638548
1.06902702586,-44.4635858705
1.03971540689,-16.8283959202
1.05009593024,-30.094880274
1.05267284781,-28.7007484222
1.05367655205,-30.039055357
1.04848891254,-28.096483616
1.05406055837,-29.6106107147
1.05400295558,-27.8015179257
1.06412457019,-44.0020380572
1.03867654638,-17.2573588129
1.05325767504,-29.812790358
1.04737196286,-29.0403791723
1.05296923239,-30.1195295277
1.05277355177,-27.9823624806
1.05049774371,-29.3830751863
1.05020324843,-27.2631886268
1.0667378965,-44.0269053995
1.04247713792,-17.0758435306
1.04873667509,-29.6158882723
1.05365686484,-28.6661460413
1.04981485266,-29.8893715914
1.04965867788,-27.9149691774
1.05010222862,-29.3912647918
1.04935196737,-27.64462238
1.06528684886,-44.0918654936
1.04026632567,-17.0376632654
1.04940302606,-29.5275790642
1.05283716127,-28.0727654306
1.05390728085,-29.6211211971
1.04861941999,-27.5240246169
1.05409450389,-28.9977727689
1.05153249598,-27.834481772
1.0623594498,-43.8752418215
1.04521629815,-17.0560643577
1.0495529527,-29.5391266763
1.05168275893,-28.7314615706
1.05071839259,-29.4175797902
1.0495036619,-27.7578642167
1.04871097012,-29.2102336673
1.05010125256,-27.8352632535
1.06102297251,-43.5821252902
1.0374123302,-17.2919290124
1.05119644127,-29.8347216192
1.04990737504,-28.8417991017
1.04849623351,-29.6983054019
1.04967244348,-28.3553279263
1.04763211942,-29.2613203753
1.05101103421,-27.9370758028
1.06331280596,-44.8320676555
1.03717008841,-17.4936842052
1.05237011396,-29.7530587422
1.05154940904,-29.0701194403
1.04845647691,-29.9292975758
1.04935075903,-28.147623302
1.04944315197,-29.5431087214
1.05232926623,-27.9278218248
1.05891694498,-44.6291134033
1.0381064557,-16.9695442488
1.04986827316,-30.2390976638
1.04847425155,-28.4861381835
1.04807225358,-30.0826077179
1.04547197583,-28.2608075148
1.04711291677,-29.5170922971
1.04828148577,-27.5689666502
1.06056375112,-44.102429447
1.0362224187,-16.5436773262
1.05025756515,-29.8953376822
1.04951961201,-28.1142295528
1.04684526007,-30.0037615541
1.04772874198,-28.1007263775
1.04821442338,-29.8058480867
1.04868743696,-28.3325038539
1.06124958916,-44.3383119707
1.03752108155,-17.9581856558
1.04754213399,-30.5296071548
1.04633256208,-29.1282142461
1.04846124382,-30.440820537
1.0483505053,-28.0077820984
1.05166475967,-29.7333506679
1.04921221064,-27.9334104189
1.06033697684,-44.3008274626
1.04133583063,-16.8258582429
1.04769301311,-29.8310350217
1.0521435305,-28.5294880437
1.0515303342,-29.9255850118
1.04768469937,-28.2503695856
1.05172835753,-29.670596131
1.04614217118,-28.0997222189
1.06217679637,-44.2456071953
1.037832575,-17.1518378538
1.05032349804,-30.1490390223
1.04890215629,-28.5785507453
1.05186477164,-30.2756022303
1.04789162127,-27.9200512799
1.04886597769,-30.1100453924
1.05197512722,-28.0095511138
1.06110646655,-43.9958464801
1.04134265489,-17.1651165995
1.05055033468,-29.4717439194
1.04673015349,-28.8507638299
1.04755203429,-29.9091877238
1.05230451658,-27.9498377213
1.05134058254,-29.7926151066
1.04835769774,-27.6834071099
1.06562158483,-44.6823283278
1.04263197848,-17.2118887135
1.05138227713,-29.9169862912
1.04827088325,-28.6771934857
1.05043081617,-30.0879016586
1.04944263336,-28.7269175897
1.04996984998,-29.5810892581
1.04770673208,-27.499437941
1.06497622592,-44.4741374739
1.04092552927,-17.2381926133
1.05114354007,-30.1806455192
1.0488482845,-28.503121666
1.04749180827,-29.9434591556
1.04984765044,-28.4283300906
1.05162479668,-29.8034456123
1.04653640991,-27.9797748278
1.06263284421,-44.6521494644
1.03717030169,-17.3563952901
1.04929442693,-30.4897980003
1.04809596164,-28.1744572978
1.04518346728,-30.5062682074
1.05065327994,-28.421364599
1.05141867744,-29.6839705516
1.04637407331,-27.7936949839
1.05983327633,-44.2431739651
1.04095533863,-17.5367519047
1.04655934859,-30.4143532649
1.04552450684,-28.9088945018
1.04604358621,-30.3215353391
1.04781309988,-27.9457212902
1.04778307626,-29.9079769196
1.04808969205,-27.9477493626
1.06250225022,-44.9461955904
1.03795522269,-17.379511736
1.04820059549,-29.7487839438
1.04891430951,-29.0491921955
1.05080420614,-30.1422839029
1.04945747095,-28.2956045044
1.04995917728,-29.6903226463
1.04785772325,-27.9799316283
1.06253689161,-44.4174017823
1.03946877432,-17.6007865715
1.04789359047,-29.9612532506
1.04894043238,-28.9864108962
1.048056187,-30.1113735197
1.04613178019,-28.4143775317
1.04656202588,-30.2098243331
1.04971424223,-27.4364503654
1.06181969712,-43.9964455535
1.04039102568,-17.4003284037
1.04642123347,-30.1341339584
1.05062172669,-28.5859277013
1.0453151409,-30.3388040738
1.04824529088,-28.2761552588
1.04771276157,-29.8298472543
1.05271555184,-27.5759018847
1.0624943998,-44.0916706662
1.03789397103,-17.4020255498
1.04864588758,-29.9900836912
1.04719863875,-28.4683905011
1.04907044519,-29.7856126445
1.04809979668,-28.276347933
1.05246935372,-29.7550424907
1.05018809128,-27.7908169794
1.06209036217,-44.6028298824
1.04178146841,-16.934395034
1.04796742864,-29.6692598635
1.04424894926,-28.5212742651
1.04660343579,-29.8739404719
1.04923168048,-27.8120624801
1.04937947586,-29.3720216539
1.05020748897,-28.3947735996
1.06051976986,-44.4367680344
1.03792775389,-17.3995487279
1.04804283745,-30.1992050815
1.04971656424,-28.6004077911
1.04604764139,-29.8065189295
1.04400351975,-28.2497744208
1.0484817235,-29.1210655179
1.04520554396,-28.3641609181
1.06142243337,-44.372256514
1.03918173884,-16.7655486544
1.04734097132,-29.2881597685
1.04397268688,-28.3607989818
1.05011542776,-29.7050659026
1.0444159169,-28.1679190464
1.04584741684,-29.9806693473
1.04727947009,-27.8366945363
1.06074668811,-44.437567013
1.03789664958,-17.1027030425
1.0482763082,-30.0661334526
1.04914425924,-29.0776920526
1.04835470173,-29.2877640348
1.04488008934,-27.5861273408
1.04796428923,-30.0766850105
1.04694856062,-27.9362247043
1.06246969451,-44.3140003393
1.03785264338,-17.1225275128
1.04919048305,-30.3983320021
1.047191977,-28.7069104325
1.04867316602,-30.3273448516
1.04569101903,-28.371534961
1.04693873066,-29.5576336982
1.04741994292,-28.1208415177
1.05661284255,-45.1235810864
1.03974891298,-17.2907699503
1.0486506497,-30.2089046147
1.04876321474,-28.4924513095
1.04612927608,-30.5347935136
1.04555581981,-28.5409580411
1.04934104733,-29.7085425573
1.04879268502,-28.2437016172
1.05933511677,-44.4588833302
1.03704903139,-17.0675410804
1.04694351565,-29.8013016967
1.04623852253,-28.6174045085
1.04846583688,-30.3736792383
1.04615353551,-28.0576130726
1.04431186642,-29.9697305997
1.04629288439,-28.1805199439
1.05979344619,-44.5560578414
1.03357454937,-17.1544677396
1.04407781629,-30.5013447964
1.0435625284,-28.5068356886
1.04242505125,-30.0048668758
1.04740037946,-27.4403598402
1.04796182211,-30.1722661167
1.04611017776,-28.4206021882
1.06373402509,-44.6233378347
1.03645744841,-17.4785744642
1.04625947363,-30.3249996464
1.04906313977,-29.0638793928
1.04921950083,-30.029071351
1.04723589228,-28.4764335839
1.04777990401,-29.7297524324
1.04752533876,-28.2135536558
1.06094203069,-44.1808125709
1.03894737888,-17.7095928651
1.04700065962,-29.8548535468
1.04741928888,-29.1577457531
1.04463758206,-30.2298380652
1.04656910467,-27.9592472312
1.04943750298,-29.9372473889
1.04785819619,-27.8365975487
1.06213266795,-43.8422112525
1.03609563786,-16.9866439154
1.04574837847,-29.2597298113
1.04614998668,-28.606067303
1.04555487779,-30.069798514
1.0445911409,-28.0392260318
1.04600663019,-29.6765835359
1.04399966398,-28.2264855196
1.06272131962,-44.3972316896
1.0386048336,-17.5821010792
1.04789507384,-30.6223280069
1.05269749013,-28.827938686
1.04840182749,-30.2241893002
1.04753295831,-28.2746402344
1.04762756438,-30.1635338124
1.04930678403,-27.9755457498
1.06009646291,-44.2441079862
1.03828890633,-17.5948451455
1.05377219539,-29.9892460955
1.04518112493,-28.963909051
1.0478578731,-30.0440838204
1.04630038004,-28.4597768343
1.0490050433,-29.4587355966
1.04684132243,-27.9280504871
1.06325558329,-44.3801240121
1.03682770512,-17.2999555885
1.0493929972,-29.8257801762
1.04929391634,-28.7255042294
1.04761036472,-29.7209900178
1.04677305328,-27.8691780315
1.0484854462,-30.0610647416
1.04696316246,-28.1951535018
1.06265212466,-44.5578399995
1.03977564247,-17.1537483731
1.04904085807,-30.239697031
1.05093509639,-28.3799912074
1.05096299979,-30.0436274892
1.04709502047,-28.5621642379
1.05179538687,-29.7507032126
1.05007377227,-28.2837090442
1.06093442687,-44.8545305595
1.04027083715,-17.5424681993
1.04857255744,-30.0626285767
1.04725436209,-29.1257624037
1.04949164387,-29.9347127679
1.04955389501,-28.2556435035
1.04966653321,-29.6597037432
1.04397459353,-28.5097429328
1.05822453188,-44.5678565828
1.03837252685,-17.4732745471
1.04915002538,-30.0577402878
1.04316530789,-28.9318791304
1.04727793071,-29.8679115324
1.04836050785,-28.0248120649
1.04691366143,-30.1249175713
1.04467540366,-28.2380314463
1.06285408039,-44.3783948017
1.03780903258,-17.333330379
1.04737206008,-29.8920623558
1.0482278916,-29.104968211
1.04685452692,-30.041293363
1.04547756842,-28.3035421989
1.0499191097,-29.9708579914
1.04696398714,-27.8470534418
1.05799740145,-44.439838924
1.03919284371,-17.2186064974
1.04720457897,-30.2941175288
1.04641923593,-28.9545471446
1.04804801883,-29.9425397788
1.04569455093,-28.4261855512
1.05324079775,-29.6350527223
1.0462208077,-28.1300866567
1.06319258258,-44.7448477952
1.03833557048,-17.581601641
1.04357082783,-29.9220468722
1.04711273319,-28.9217824058
1.04785074982,-30.2457993144
1.05017023534,-28.0615149824
1.04883340812,-29.6023413313
1.05016183604,-27.8909648346
1.06008284516,-44.4409196203
1.04070643824,-16.9684672356
1.0467233104,-29.924129458
1.04950560991,-28.6178665991
1.04784464579,-30.2608849194
1.05181183803,-28.4229631572
1.05087949175,-29.8504124393
1.04869659718,-28.0000398629
1.05964123905,-44.1916336721
1.03955395051,-17.2980395705
1.04906799074,-30.4012737468
1.04715066281,-28.573900652
1.04754176283,-29.9301576487
1.04728012807,-28.6486617059
1.05262593329,-30.002806517
1.05058993209,-28.6748261445
1.05938003889,-44.1610291852
1.03687181583,-17.3393384887
1.04932913618,-30.0779093637
1.05051416633,-28.9714163163
1.04645065431,-30.0418190535
1.04720694557,-28.1099133129
1.04917278482,-29.4514853967
1.05185856207,-27.9894991766
1.06414512841,-44.806285365
1.04009345714,-17.7375914371
1.05146978729,-29.914492189
1.04698826252,-28.6889256924
1.05188403358,-30.269000204
1.04950631861,-27.935680529
1.04784313122,-29.8089508317
1.04741906006,-28.0570371749
1.05960959389,-44.6152697665
1.03503762814,-17.1517888158
1.04575569014,-30.1364788801
1.0478186199,-28.6929755261
1.0478092062,-30.1643808463
1.04574599745,-28.3942535039
1.04802467875,-29.4909008355
1.04932781636,-28.1833421071
1.06329881584,-44.8282716662
1.03707026044,-17.163150487
1.04535560897,-29.955809393
1.05043187744,-29.0972453207
1.04642636344,-29.8388319025
1.04848336294,-28.2854358048
1.0495641526,-30.0426317395
1.04583896958,-28.2415318277
1.06181792073,-44.9665972358
1.03736491749,-17.1953128944
1.04809558879,-30.1333322612
1.04854421711,-28.2177493588
1.04880167662,-30.0682304846
1.05083269018,-28.1442430847
1.04752530826,-29.3768477099
1.04417655117,-28.2967453797
1.06299530934,-44.3851187587
1.03886933361,-17.2579619517
1.04803212661,-30.5349425448
1.0479618106,-28.7309413242
1.04969701223,-30.115618534
1.05092676245,-27.847252339
1.04670795561,-29.9678376795
1.04568240583,-28.5930657324
1.06023786199,-44.7763306593
1.0372836567,-17.5908706068
1.046497655,-30.4818710375
1.04610570976,-28.2924306098
1.04483253394,-30.2259780218
1.0511865498,-27.9529271488
1.04895986642,-29.9026081783
1.04410821244,-27.464930979
1.06247816925,-44.3850390981
1.03997806637,-17.2182232058
1.04629355112,-30.1507864959
1.04666097996,-28.8563861441
1.04912837192,-30.440173409
1.04278843043,-28.1829440973
1.04843716101,-30.1359246532
1.04564707776,-27.9504922415
1.06395470516,-44.1775917267
1.0433323058,-16.4860445687
1.04511192605,-29.762248609
1.04637605192,-28.2842138509
1.04566105125,-30.4377392355
1.04567606105,-28.3805711244
1.04779566512,-29.7115553074
1.04522277008,-28.4136612935
1.05823739874,-44.4294184096
1.0369294224,-17.723502041
1.04819460181,-30.3496288439
1.05056691077,-28.919670885
1.04867036567,-29.9370532977
1.04806860874,-28.3804075671
1.04604296777,-29.7215342814
1.04513527535,-28.0177669879
1.06205428401,-44.4939217237
1.03972146787,-17.6190082722
1.04823195209,-30.1632618428
1.04701915272,-29.0761353411
1.0479508896,-29.9494812709
1.04517101283,-28.8203762934
1.05005997871,-30.0904007341
1.04480232881,-28.2380794649
1.06014323986,-43.8398194746
1.0407841982,-17.5814082765
1.04700483372,-30.0688957882
1.04637299413,-29.0062496993
1.04840363846,-30.6826373329
1.04699375259,-28.1635594614
1.04275819551,-29.5673415602
1.04584595613,-28.1202702739
1.059815224,-44.4258101518
1.03756687029,-17.4702351984
1.04817076913,-29.9777313178
1.04920595212,-28.3302775241
1.04870853461,-30.3691327641
1.04920010693,-28.4516074947
1.04737424364,-29.342833982
1.04990912065,-27.8412151562
1.05995464508,-44.6549983222
1.03451190376,-17.1627942678
1.04801993541,-30.3336373346
1.04712795086,-28.999757279
1.0514821378,-30.1228375123
1.04597938512,-28.434575958
1.0517155636,-30.0377331549
1.05131923498,-28.112494477
1.06123843496,-44.5521857163
1.04026808078,-17.0686174535
1.04490260989,-30.3925745757
1.04617138171,-28.7977693363
1.04281513864,-30.1321881454
1.04303505923,-28.6720354914
1.04710328666,-29.8600703152
1.04510761185,-28.1603072088
1.06267157058,-44.7478541457
1.0392642881,-16.8990406864
1.0489458082,-30.3406417008
1.04740485555,-28.7475733481
1.04682983614,-29.9260707437
1.04932721983,-28.3074468959
1.05070439788,-29.6282400893
1.04339614194,-27.673009475
1.05806609637,-45.0215779587
1.04260849938,-17.8596448771
1.05070523608,-29.9329794298
1.04627184394,-28.5793514522
1.04751985996,-30.2354248182
1.04201255085,-28.4885960372
1.04704939608,-29.9780557573
1.04591406062,-28.5401064135
1.05872162811,-44.7066706189
1.03955160659,-17.313919537
1.04997725717,-30.0057594589
1.0487520349,-28.9306551557
1.05097898438,-29.7651169126
1.04427163399,-28.0059518095
1.04594045725,-30.5068800269
1.04810561927,-28.3212325859
1.05741286452,-44.4154715172
1.03877598952,-17.5342571214
1.04700723206,-30.3075345521
1.04562609115,-28.3159544368
1.04710891116,-30.5097338212
1.05064748814,-28.1142940894
1.04970244515,-30.0449394314
1.05111726651,-28.7328097738
1.06214803138,-45.3879761532
1.0342854576,-17.869962681
1.05121551238,-29.8885175782
1.04791877819,-28.87880984
1.04911370662,-30.1798380778
1.04861660141,-28.0115403732
1.04595591576,-30.4695816248
1.04876869622,-28.1755812305
1.05874254705,-45.1880898206
1.03872311648,-17.4669262954
1.04864371334,-30.5549724604
1.04674436186,-28.9775232302
1.04740196988,-30.0126945156
1.04782929736,-28.5143004251
1.05150288085,-29.4374826866
1.04840207104,-27.699344952
1.05688372517,-44.6908248239
1.04048116902,-17.2298890044
1.04987504496,-30.4484262802
1.04640507907,-29.070403303
1.0478462927,-29.8757362974
1.04493158393,-28.3390467784
1.04662144692,-29.8746108018
1.04426093525,-28.65920461
1.05887243476,-44.9326248591
1.03875081312,-17.2768124476
1.04827588568,-30.2001465883
1.0453582987,-29.1065260452
1.0466817054,-30.2410118639
1.04606325582,-28.9334630537
1.05243442124,-29.9607454687
1.04502669217,-27.5428333902
1.0611263649,-44.3289933135
1.0397915307,-17.279942561
1.04431527092,-30.1104853526
1.04658463521,-29.3121862588
1.04903530135,-30.3126014304
1.04713401558,-28.8216970493
1.04518155856,-30.4118022344
1.0491938708,-28.040902819
1.06058922487,-44.5751937206
1.03927249508,-17.3769055674
1.05256722049,-30.1141269907
1.04702321533,-29.0723403091
1.04904349932,-30.3251410849
1.05169632584,-28.4152629101
1.05049273022,-30.1273433217
1.04618187247,-28.0404910133
1.05910271727,-44.8016496384
1.03912048154,-17.5033188026
1.04736409241,-30.2750937946
1.04776490995,-28.857164275
1.04614676131,-30.0138487433
1.04380742511,-28.4677946227
1.04456769451,-29.7628073602
1.04663634759,-28.2774770449
1.06078763322,-44.942397227
1.03555029411,-17.4447195962
1.04628281568,-30.5755739098
1.04656401212,-29.3897251775
1.04531432058,-30.1185034213
1.04648541335,-28.480132386
1.04558274413,-30.4884550601
1.04780212708,-28.1831533052
1.05828149256,-44.8946248243
1.03772338036,-17.6133113006
1.04332293509,-30.2088056858
1.04796521846,-29.2555791576
1.0455543106,-30.4027821932
1.04651319204,-28.2302157707
1.04669488692,-29.4332619456
1.04486646904,-28.5868083389
1.05808807123,-44.6533583256
1.03840638922,-17.8585625908
1.04585251799,-30.39228571
1.04439138816,-29.08063886
1.05013765476,-30.1216546896
1.04840226485,-28.7966034781
1.04736987784,-30.1236562154
1.04389201061,-28.245845274
1.0604378279,-44.4771029759
1.03952871875,-17.5309094801
1.04617605289,-29.8334562282
1.0471309418,-28.8789160218
1.04908002741,-30.2593113418
1.05203628157,-28.7752485405
1.04820028231,-29.9397867318
1.04514760158,-28.3736261034
1.05984530367,-45.0403373268
1.03919848646,-17.2446540934
1.04951162266,-30.5219896926
1.04449353247,-29.2410068113
1.04899304576,-30.4449181807
1.04755041523,-28.6805993446
1.04680742571,-29.670874371
1.04782811937,-28.5110870901
1.06159847819,-44.6724519122
1.03918173375,-17.6954961365
1.05134478014,-30.236587855
1.05045685828,-29.2810686417
1.05156570134,-30.0365651499
1.0461563043,-29.090586376
1.0495028348,-30.0826403792
1.04867879159,-27.9504579342
1.06305391104,-45.0792783494
1.03884196129,-17.621626784
1.05149920121,-30.2884436562
1.04805577145,-28.9993066306
1.04828865383,-30.3078474087
1.04798253335,-28.6316273386
1.04574959502,-29.7554727197
1.04616210703,-28.8142256069
1.05853943696,-43.8189145904
1.04017172359,-17.6030479628
1.04688397206,-30.3532296065
1.0481526769,-28.8738058884
1.04875651925,-30.2084627987
1.04667146811,-29.1197736429
1.04725204587,-30.3005804938
1.04839528227,-28.0308907308
1.06190992502,-44.6791298302
1.03446367253,-17.3375512163
1.04831686288,-30.0440145841
1.04487394284,-29.4396995096
1.04730319787,-30.4021056081
1.04731301942,-27.8170592936
1.04842649908,-30.1667988501
1.04759790796,-28.6506243605
1.05903912559,-44.5321551083
1.041199517,-17.8711172979
1.04576768318,-30.1764812252
1.04784031889,-29.0836981516
1.04657877984,-30.2270440503
1.04716642022,-28.4919293951
1.04542498365,-30.4894782458
1.04428188478,-28.5976729293
1.06073467788,-44.9804524152
1.03845819618,-17.6260970006
1.0459660966,-30.531638554
1.04750691737,-28.6419220466
1.04395924827,-30.0894214066
1.04977330574,-28.8591340281
1.04317149775,-30.3317346865
1.04935736724,-28.4095886333
1.05864894638,-44.5331827758
1.0337254042,-17.3101601517
1.04566914825,-30.8270267241
1.04519783393,-28.4651679236
1.04395428847,-30.70040939
1.04412403976,-28.9735389441
1.04647780203,-30.0765210687
1.04755224988,-28.6198370362
1.06026822212,-44.9244426345
1.03422540384,-17.1431066706
1.04534890568,-30.3553510761
1.04502563418,-28.7502168789
1.04999638825,-30.1360729684
1.04520409454,-28.8011299579
1.04440994986,-29.6390086862
1.04594558154,-28.0739522645
1.06107319314,-44.6052422397
1.03606465958,-17.7630141419
1.04651400276,-29.8780129199
1.04607457054,-29.402588094
1.0473878238,-30.2071412825
1.04454687558,-28.997307603
1.04640303194,-29.8693565625
1.04828253945,-28.4012403932
1.06109169611,-44.1719032308
1.03512864708,-17.5918932307
1.04500265674,-29.9830142443
1.0441987508,-29.312313701
1.05015995448,-30.2712773494
1.04487937845,-28.7074100635
1.04977160348,-29.9440421684
1.04495303222,-27.8567819998
1.05899496622,-44.5706487681
1.03577955485,-17.8260377795
1.04566849662,-30.1854505882
1.04677737435,-29.1377218813
1.04799873042,-30.7351817304
1.04512200889,-28.4665003758
1.04263327469,-30.086707488
1.04542763478,-28.3714837586
1.05916497653,-44.4209152868
1.03536323777,-17.4732375382
1.04456893249,-30.3645546603
1.04524204588,-28.9266453353
1.04339985722,-30.1703146143
1.04683081519,-28.3709388638
1.04726106022,-30.0476570388
1.04257466645,-27.6688531154
1.05599284679,-44.7063789953
1.03961278972,-17.577735079
1.04899082764,-29.9519502232
1.04841455379,-29.0009815291
1.04659490029,-30.3449838655
1.04136253627,-28.4610331637
1.0454436861,-30.0526827127
1.0485200176,-27.8877910482
1.057334485,-45.1998552069
1.03795707798,-17.0673765732
1.04879404173,-30.1763326986
1.04514021981,-29.5874595559
1.04585762474,-30.3845998053
1.04532162495,-28.5528097434
1.04523182085,-29.8942639466
1.04529268604,-28.3146991328
1.05748098034,-44.5686557217
1.03580269108,-17.7309394854
1.04256084153,-30.1986550758
1.04761657776,-29.2803595796
1.04434156043,-29.9113326868
1.04508884857,-28.7877225175
1.04498758903,-29.9119945084
1.04552607674,-28.6067117421
1.05762617587,-44.7205106386
1.03611004096,-17.2314674751
1.04369945468,-30.4385315879
1.04540869041,-29.3629198773
1.04656798194,-30.5661630853
1.04603286029,-28.9425018426
1.04560114328,-30.2102843711
1.04693499695,-27.8932037953
1.05842450911,-44.8527454865
1.03706259555,-17.611257039
1.04520664437,-30.4162699853
1.044266106,-29.2096608759
1.04370773178,-30.6186071548
1.04523180899,-28.763285309
1.04691465125,-30.2676489755
1.04884441479,-28.2612863528
1.05842036843,-44.3185759515
1.03378220745,-17.7740913513
1.04661304443,-30.3060456448
1.04407275077,-29.241661907
1.04676515022,-30.3170309083
1.04480506077,-28.9834608927
1.04466292304,-30.4868708906
1.04344337643,-28.4644635769
1.05730242716,-44.6463704774
1.03420052052,-17.9134106292
1.04506931971,-30.1259337486
1.04749206889,-29.5221219309
1.04540446329,-30.3900386043
1.04541582747,-28.9149063506
1.04469460143,-30.3175746856
1.04472126563,-28.3752997128
1.06194539884,-44.6036389994
1.03564078117,-17.8972105262
1.04258862177,-30.7270346489
1.04944981978,-28.893291574
1.04605949981,-30.4271670362
1.04578286211,-28.733421267
1.04786749249,-29.7853189042
1.04637547904,-27.977871888
1.05452429681,-44.7524471484
1.03237677741,-17.5270673782
1.04527209031,-30.5828246088
1.04375267702,-28.7439632998
1.04684776647,-30.3581189128
1.0421916273,-27.5862100293
1.04378535795,-29.9297199932
1.04534839057,-28.7568473061
1.06122093522,-44.4527811906
1.03494073539,-17.8154584205
1.04548969774,-30.1822785073
1.04375212567,-29.2908012148
1.04793471163,-30.4020581029
1.04247067413,-28.2131797951
1.04147375604,-30.1358448478
1.04141234992,-27.8267291711
1.0561207534,-44.5109380084
1.03496942869,-17.7943429012
1.04730466613,-30.7944677171
1.04111660749,-28.9368595644
1.04397015808,-30.1280610043
1.04330705995,-28.9076692443
1.04410421242,-30.3983303014
1.04358117428,-28.7427596806
1.05836702334,-44.728472764
1.03594013862,-17.7011709992
1.04434806351,-30.1020396031
1.04442023951,-28.828513165
1.04325980667,-30.0367385969
1.04444342722,-28.2308987651
1.04264818239,-29.984247823
1.04208512616,-27.9473240223
1.05731750428,-44.6231984933
1.0367090055,-16.9238296891
1.04425664359,-30.0632270551
1.04260145594,-28.6528743214
1.04540889527,-30.0956499155
1.04326957677,-28.2890525533
1.04253226512,-30.0313767808
1.04162542731,-28.0844040645
1.05542783598,-44.2058387491
1.03351481587,-17.6653719608
1.04579916046,-30.4450112689
1.04433898562,-28.9429050464
1.04583452843,-30.3557656588
1.04794962581,-28.3489052342
1.04178410577,-29.9151914595
1.041844594,-28.8385555107
1.06008823383,-44.1847099397
1.03447935318,-17.8642384952
1.04332466594,-30.2679230309
1.04235781016,-29.4622372215
1.0441696374,-30.4029987956
1.04055028988,-28.9828946632
1.04256671092,-29.974574116
1.04604182957,-28.2922914969
1.05534774163,-44.6171213882
1.03343209542,-18.0856875339
1.04469534756,-30.3604741281
1.04345234427,-29.4307089364
1.04341647118,-29.9211450673
1.04831815366,-29.1581084369
1.04158290161,-29.5284772561
1.04451271996,-28.4296197452
1.05471305238,-44.5307148758
1.03341087989,-17.513447786
1.04231024371,-30.0419951821
1.04771700401,-28.5619671465
1.04473322302,-30.0400272197
1.04569848144,-28.1973062522
1.04673579618,-29.9150285934
1.04113404931,-27.9563802218
1.05521677611,-44.4673251922
1.0353521695,-17.544558814
1.04611912698,-30.5507553657
1.04130200491,-29.1474930211
1.04295942465,-30.4818086478
1.04247530982,-28.5784743501
1.0441370051,-30.3043419871
1.04252536717,-27.9552201958
1.05467220029,-44.0541844084
1.0348964176,-17.3769486758
1.04309402154,-30.3138277514
1.04113177567,-28.9089802828
1.0419465617,-30.3609324047
1.04245139432,-28.7016794992
1.04579273287,-30.1500932544
1.04060684009,-28.4431109631
1.05596260526,-44.4997534677
1.03439941364,-17.7222604991
1.04730426732,-30.473425217
1.04511091791,-29.3357440767
1.04512916877,-30.2617831846
1.04240834587,-28.4995847751
1.03931311234,-29.7367034567
1.04143324209,-28.1051524045
1.05568546288,-44.6286787891
1.03399234638,-17.6837669072
1.04444592797,-30.1810601792
1.04279537959,-29.0413244495
1.0412463902,-30.5055867147
1.0392819498,-28.4575788859
1.04377441521,-30.00338278
1.04377332959,-27.8052720991
1.05575017062,-44.4296510536
1.03142337536,-17.8147073082
1.04106385681,-30.2737988957
1.04396326025,-28.324868438
1.0434374094,-30.0801690591
1.04086836973,-28.814997979
1.04407056065,-29.6601246017
1.04412798321,-27.9913048549
1.05362632297,-44.7013767561
1.03390108199,-17.2544091622
1.04442906022,-30.2631948841
1.04304015754,-29.5643444295
1.04128653124,-30.2417644683
1.04375877273,-28.4514187358
1.04229074646,-29.5471251149
1.04542566971,-27.6589452593
1.0538664618,-44.4974080557
1.0308263627,-17.5489668492
1.0436726997,-30.5598687426
1.0418619559,-28.4870480817
1.0447171538,-30.2319857056
1.03919240438,-29.0790862875
1.0403611141,-30.2107596123
1.04221881108,-27.8897024212
1.05672270198,-44.2374894375
1.03256658914,-18.3102043632
1.04194344738,-30.2167324688
1.04122580871,-29.069878549
1.04268381555,-30.3727462429
1.03659232241,-28.5495226132
1.04166875629,-29.708049
1.04382589083,-27.8950587279
1.05223837569,-45.112862602
1.02983653697,-17.7533278347
1.0444035409,-30.2619572756
1.04142459017,-28.4698744725
1.0414731944,-30.4840795849
1.0400325909,-28.7392865279
1.04288394789,-30.0719229473
1.04090103943,-28.4640183118
1.05427402492,-44.6696716489
1.0289952888,-16.7902159129
1.04473530804,-29.9070149056
1.04090487939,-27.9789876015
1.03893504743,-29.9208944685
1.03849321381,-28.0059400483
1.04192650256,-29.5227978572
1.04078705935,-28.6815650554
1.05309267023,-44.0081443689
1.03123677781,-16.9396250491
1.04220178938,-30.0281530152
1.04168996685,-28.989045051
1.04035571945,-29.8878789179
1.03875896491,-28.3396398217
1.04307198207,-29.9773963405
1.04093610342,-28.4181077807
1.05625085295,-44.3306743607
1.03264716244,-17.5597177386
1.04442064911,-29.6380635592
1.04062762133,-28.9396029351
1.03894745727,-30.2691401224
1.0425229418,-28.3340864453
1.04217670125,-29.8603402121
1.04418631741,-27.9004721954
1.05600787777,-44.1523223933
1.03292330956,-17.7876694467
1.04151071398,-30.1151033385
1.04484746501,-28.781422209
1.0432054911,-29.7082608271
1.04045375988,-28.9012225934
1.04390283475,-29.620721709
1.04233016145,-28.6828246634
1.0540698823,-44.6550126801
1.03290251481,-17.8159719926
1.04063296244,-30.3350441999
1.04126241787,-28.7304040864
1.04273798073,-30.0604494014
1.04271898005,-28.4723392155
1.04325618881,-29.6234526987
1.04085025777,-28.7417723061
1.05490123867,-44.5802089667
1.03477702086,-17.6000796006
1.04220058061,-30.3296204911
1.03946758492,-29.54021667
1.03830940403,-30.3250962773
1.03913798314,-29.3307774252
1.04059357377,-30.0378784662
1.04550687064,-27.9479973078
1.05569180798,-44.095251864
1.03502065256,-17.4112927846
1.04505346196,-30.0868472327
1.03870643743,-29.0730732236
1.04134637957,-30.2379989292
1.04011726983,-27.5944264915
1.04354798756,-30.0530735299
1.040986422,-28.3797450296
1.05508415244,-44.5728960474
1.03208284269,-17.5066974314
1.03994749784,-30.4887758361
1.04241716517,-29.4473235532
1.04203387323,-29.9199552789
1.03852708577,-28.5949154436
1.04144359563,-29.6011442216
1.04119177776,-28.5436996968
1.05408693392,-44.5898894129
1.03267921276,-18.16843284
1.04274130086,-30.0375683954
1.04204778161,-29.246601214
1.04346382279,-30.0857068335
1.04019116575,-28.4671210026
1.04060764,-29.7783126706
1.0386615538,-28.4414083786
1.05411067264,-44.9412219908
1.03309037779,-17.1641901919
1.04362786029,-30.0311367477
1.0393110289,-28.7861551794
1.04463879854,-29.8465177314
1.03941501924,-29.0427520247
1.03881027385,-30.0379989153
1.03919572133,-28.1303855974
1.05314381809,-44.2594955919
1.03062408191,-17.8363298506
1.04336200241,-30.3667484902
1.04262037987,-28.8162448052
1.04129355141,-30.2457932416
1.04449967263,-28.9753501574
1.0405524248,-29.7651748853
1.04396961228,-28.9329643097
1.0590440297,-44.4122211948
1.03309997891,-18.5543749056
1.0408389794,-30.2310646184
1.04050580715,-29.1255658829
1.04209757849,-30.1789130529
1.03654324253,-28.4012698208
1.04252687229,-29.8777628182
1.03890605924,-28.4077106641
1.05687309394,-44.6016967761
1.03055513112,-17.5914413129
1.03845947192,-30.325557192
1.04164325205,-29.1364793422
1.03847355412,-30.4047281169
1.03985972339,-29.0195296237
1.04409720578,-29.4480065556
1.03858052852,-28.4792989771
1.05156509395,-44.1179733151
1.03164106728,-17.6435745318
1.03829701413,-30.1649253453
1.03749889062,-29.1928070284
1.03864850179,-29.762448172
1.03879070852,-28.4244796735
1.04213446311,-30.3910716292
1.04163759742,-27.9306094104
1.05733626166,-44.4412569441
1.0304159134,-17.9270489588
1.03930075422,-30.4490751533
1.04230419667,-28.4158138921
1.04096499346,-30.38107507
1.03798698138,-28.2499575346
1.03939003506,-29.6621381203
1.03715886352,-28.0088559167
1.05180263445,-44.4216825075
1.03108384057,-17.4501814883
1.03909999815,-30.3609200565
1.03994728023,-29.4586109297
1.03901890836,-30.5579811741
1.03977004744,-28.9493708463
1.04062268881,-29.9425734675
1.04326216945,-28.4191687028
1.05576821434,-44.3704654906
1.02901281709,-17.5832933932
1.03974864166,-29.7184370961
1.03443195422,-29.110144516
1.03738578426,-29.5397546039
1.03946746056,-28.4152408187
1.04041813921,-29.9720132896
1.04207671856,-28.1936000855
1.05304449057,-44.1550996097
1.02945875181,-17.9231280599
1.03952022855,-29.975193439
1.03983889538,-29.234103192
1.03932032719,-30.1631351834
1.03988407337,-27.6606349788
1.03798553247,-30.2521210776
1.04196773377,-27.9741541696
1.05111687619,-44.4623459043
1.03068830614,-17.1626070551
1.03998962718,-30.151235918
1.03798175421,-28.5678711857
1.0405717322,-30.0029978268
1.03923200268,-28.6616676885
1.04171476305,-29.2223020978
1.03733087844,-27.9864996566
1.05292430988,-44.5583431565
1.03166729017,-17.790603305
1.04211642099,-30.6041213989
1.03926388796,-28.9724686929
1.03986309263,-30.3110607907
1.04330111505,-28.4567596187
1.04123437703,-30.0935389574
1.04132684767,-28.6160638032
1.05619717568,-44.7721139228
1.03074440818,-17.6222617315
1.04355439757,-30.308636703
1.03893845151,-29.0150833684
1.03767901021,-30.3409219925
1.03686242972,-28.5556588591
1.03919208497,-29.704822058
1.04063768032,-28.3659811325
1.05324516009,-44.1842514432
1.02876725947,-17.7468667356
1.039171543,-30.0216710416
1.03844150089,-28.9828433048
1.04205079055,-29.9807124308
1.03987724519,-28.2339737484
1.04295211771,-29.2000757221
1.0411308685,-27.9039591748
1.05956364951,-44.0908614351
1.02874657839,-17.5778502756
1.0374456008,-29.8790458436
1.03772422639,-28.5726115017
1.04027641865,-30.1625629242
1.04455083725,-28.5725677431
1.03881525551,-30.1535498312
1.04175161701,-28.3020528523
1.05008933256,-44.2124455845
1.02871751205,-16.944990335
1.03702458393,-29.5687756505
1.03773177083,-28.7808401479
1.04148026735,-30.1611911034
1.03883100102,-29.0403537455
1.03761509725,-30.181839641
1.03775368243,-27.93768336
1.05275882189,-44.3724084042
1.03059749536,-17.4663863494
1.03804218533,-30.4026774613
1.03734086065,-28.5754262241
1.03916686382,-30.0840853272
1.03739012371,-27.8941395959
1.03574179995,-30.4043047034
1.03813205335,-28.1101687392
1.05024115557,-44.5826671078
1.02681914506,-16.9311187588
1.03967641355,-30.1621125347
1.03932084378,-28.9933898726
1.04350395,-30.2765538701
1.04132732418,-28.4054012579
1.04129426503,-29.4390689098
1.0366210239,-28.5385735549
1.05238031967,-43.8653391558
1.03011956476,-17.0295949832
1.03840909085,-30.0367895682
1.03884977597,-29.168734216
1.03583343595,-29.9762477043
1.03597064811,-27.7658718068
1.03737806321,-29.7832441852
1.03930993644,-27.9023883973
1.04859985714,-44.8040703234
1.03259850424,-17.1393847044
1.03757018227,-30.312884861
1.03674529476,-28.7029143882
1.0391408401,-29.9379603963
1.03665694757,-28.8955451596
1.03884188447,-29.7812268494
1.03664319455,-28.3012805273
1.05295227579,-44.2324644727
1.03019185149,-17.3961767713
1.03879957268,-30.2535782824
1.04016978145,-28.8110941386
1.03774414802,-30.2578035155
1.03763643982,-28.577832963
1.0425723714,-29.8397168262
1.0377630758,-27.6324547051
1.04943558505,-43.9180114842
1.03055763657,-17.4954578116
1.03908343667,-30.0676097785
1.03826573221,-29.5426959601
1.04144985907,-29.5660017311
1.04093282058,-28.3304404759
1.03756240962,-29.5121957627
1.03916318655,-27.8626104838
1.05847246837,-44.4265074626
1.02658742718,-17.1748076787
1.0400603937,-30.7675036907
1.0400663624,-28.2125500914
1.03746055215,-30.4580115807
1.04081196934,-28.0192177049
1.04094794936,-30.5371056562
1.03864815272,-27.9895652829
1.05359170583,-44.9585245693
1.03751649359,-17.3105191269
1.03759405351,-30.3396927873
1.03949590298,-28.5012489867
1.0398547374,-30.0597670532
1.04115175922,-28.1109555537
1.04068776923,-30.4354300988
1.03821978091,-27.9128490975
1.05059065299,-44.5290426749
1.0262393623,-18.0957307311
1.04004538508,-30.0059321893
1.0402964908,-28.2990231762
1.03764855895,-29.5815045193
1.03932273923,-28.8680952641
1.03928290572,-29.6781248844
1.037499111,-28.5485203468
1.05344891901,-44.369272309
1.02895171617,-17.4915718502
1.03957067867,-29.7855343951
1.03897962274,-28.4082710523
1.03872356857,-29.7993815149
1.03685606326,-28.5290929934
1.03701053284,-29.8130521195
1.03962663598,-28.3164781461
1.05377549405,-43.7434674013
1.02906174286,-17.5469375562
1.04113621429,-29.0881268078
1.03946711264,-27.9008906588
1.03719726875,-29.4675318781
1.03596354437,-28.0645808867
1.03898877319,-29.4524982215
1.03676843795,-28.496950716
1.05260170609,-44.2670965743
1.0312483084,-17.5980356992
1.0393240103,-30.0573650471
1.03757394656,-28.495577286
1.041510346,-30.3733765193
1.03622102198,-28.7029411928
1.04024119487,-29.6772772399
1.04016722444,-28.5767037368
1.05034400096,-44.8496005785
1.02751448309,-17.2128483648
1.03981935787,-30.4513939622
1.03605221344,-28.740209078
1.03977733215,-30.0626129855
1.03878717902,-28.1830522906
1.0352683046,-30.0440060452
1.03913899831,-28.1928229934
1.05042706682,-44.1123135408
1.0298588168,-17.8594773331
1.0376664271,-30.2775763727
1.03698293791,-29.1849179315
1.03722562476,-29.824306511
1.03712010873,-28.1156649606
1.03903399717,-29.929851085
1.03833567299,-28.2060579991
1.05037896923,-43.9754294805
1.02716035402,-17.3914839792
1.03569196309,-29.724443143
1.04112581424,-28.601426294
1.04017449147,-29.8890848108
1.03802632162,-27.5546121938
1.04118638737,-29.6235520603
1.03802582129,-27.9918480473
1.05197303322,-44.587300711
1.02522393978,-17.5087852155
1.03449430143,-29.4935285928
1.0342706093,-29.0119640813
1.03732958389,-30.3355749833
1.03922197733,-27.8865891532
1.03543388726,-29.6095567938
1.03652309457,-27.5887370734
1.0519422427,-44.9174511662
1.02803107369,-17.1089649531
1.04150706509,-30.1430788447
1.03967739799,-28.5927870872
1.03730916674,-30.2798202836
1.03630913265,-28.0566419103
1.03860434828,-30.3917450049
1.03797121274,-27.4739135155
1.05198330564,-44.1367376967
1.02648529582,-17.2675391709
1.0354874581,-29.9638319421
1.0383467468,-28.6840290955
1.0384904755,-29.9336467272
1.03380719459,-28.4341248545
1.03560837565,-29.3212185051
1.03521639703,-27.7004226111
1.0495698862,-43.3229878557
1.02812760504,-17.365831605
1.03670215387,-29.9652456361
1.03834322578,-28.6322335074
1.03653977812,-30.3357952826
1.03916286047,-28.1028839109
1.03796570034,-29.4733264627
1.03822071576,-27.414797631
1.05235945256,-44.470967359
1.02593134001,-17.1879866356
1.03871624803,-30.0084196788
1.03678244886,-28.8410429908
1.04099922996,-29.693475554
1.04352276751,-28.5335481325
1.05386009067,-30.249182617
1.04864609056,-27.5046654746
1.05766641187,-43.6443863733
1.0284294391,-17.3010242118
1.037759461,-29.7838606992
1.03661736864,-29.0723821705
1.03815851536,-29.5286743998
1.03532311949,-28.1177697897
1.03534694236,-29.3876636607
1.03712357624,-27.9914240836
1.0528545904,-44.2256492789
1.02856307904,-17.0711729164
1.03568059917,-30.1801382062
1.03584227791,-28.6312082943
1.03500312513,-30.0823169401
1.03704989193,-27.5427237063
1.03790785956,-29.7693838907
1.03418458484,-27.5471732609
1.04940911224,-44.044214431
1.0278669067,-17.5652430217
1.03904134917,-29.8264724293
1.03740840189,-28.7008977184
1.03591401833,-29.54761638
1.03383711553,-27.4854281139
1.03673397948,-30.065613879
1.0374894735,-27.5592701843
1.05129193618,-44.5686558724
1.02897498307,-17.040648298
1.03570724714,-29.5667349439
1.03729735006,-28.2323031472
1.03496628893,-29.2831860675
1.03562216399,-28.3159871087
1.03687278319,-29.1361168909
1.03786978761,-27.7342668233
1.05145513605,-44.4577218601
1.02731654096,-17.123461825
1.036310529,-29.8584745588
1.03945383278,-28.9081917444
1.03790475653,-30.1858795601
1.03603676627,-28.070482934
1.03402208832,-29.8189623011
1.03651731435,-28.019783983
1.04961404267,-43.7272904354
1.02936474912,-16.8289905675
1.0370402832,-30.0311906478
1.04111048278,-28.0489741703
1.04089760955,-29.8072460832
1.03367077092,-27.8513498595
1.03996340073,-29.6973832274
1.03464953015,-27.3095939013
1.05162352973,-43.9914064904
1.02659601561,-17.1962316583
1.03313145776,-29.3126530983
1.03363974731,-28.2131953413
1.03453267819,-29.9682422024
1.03438865583,-27.5994847252
1.0399327469,-29.2310718914
1.03807307009,-27.9869928756
1.051869919,-43.7520442167
1.02576712556,-16.9786809727
1.03922477971,-29.3761745504
1.03682318824,-28.4383324306
1.03895483257,-29.6594035771
1.03683728749,-27.8082362622
1.03864621717,-29.2873879706
1.03470347296,-27.8978316208
1.04899152644,-43.997139548
1.0312935325,-16.6020371479
1.03957352259,-29.3252419242
1.03867154177,-28.044975146
1.03935061289,-29.4894943388
1.03572532277,-28.1998301893
1.03575777065,-29.3556957232
1.03886430425,-27.117074827
1.06030917249,-43.9668276949
1.02822005342,-15.859822873
1.0365799086,-29.8200598433
1.0377016339,-28.5352617302
1.038986107,-29.9119626896
1.03510624489,-27.9746168455
1.03504238406,-29.4341298617
1.03618152542,-27.2583993916
1.05197051371,-44.1531035758
1.0259722059,-16.5806067247
1.03637995088,-29.9963925305
1.03744940263,-28.26192767
1.03425321298,-29.953284812
1.03379203236,-27.344504582
1.03532584362,-29.7172784222
1.03655482803,-28.2725012925
1.0488180569,-44.1214246286
1.0271393929,-16.9087202379
1.037470948,-29.1399997602
1.03636391442,-28.3153008146
1.03486290856,-28.9273060207
1.03460362331,-27.8530715388
1.03636001677,-29.390511137
1.03340961697,-27.8203909204
1.044855323,-43.2857667246
1.02557044306,-16.8889276671
1.03556352595,-29.3523410978
1.03783272572,-28.0732862213
1.03350035141,-29.8282402001
1.03729115277,-28.1847167251
1.03550487458,-29.5251577299
1.03267519512,-27.7578061657
1.04761224116,-44.1309464479
1.02493980342,-17.0142680846
1.03517635028,-29.3648697255
1.03744289208,-28.1738557705
1.04076438213,-29.6373963559
1.03426485631,-27.4960260824
1.03630614539,-29.4977220322
1.03363054818,-27.17108028
1.04743605223,-43.5262422657
1.02854117264,-17.0160815054
1.03793851957,-29.8332842225
1.03880406119,-28.1430071205
1.03853149296,-29.8738211394
1.0375055667,-27.2119392292
1.03731816383,-29.997594131
1.03817085203,-27.3928181937
1.04805060163,-43.4478391292
1.02330905531,-16.9533367613
1.0380008506,-29.9235751878
1.0306871209,-28.1304372596
1.03436604863,-29.9671248856
1.03907738721,-28.0549463028
1.03491456456,-29.4342385738
1.03643008905,-27.8184515888
1.04694814106,-43.7325590241
1.02344127435,-16.7665211866
1.03718967271,-30.2251146559
1.0326816255,-28.1404874696
1.03795223098,-29.1227284713
1.03055922889,-28.1557221386
1.03816000783,-29.4643581396
1.03264348577,-27.5076764307
1.04624632015,-44.1941412866
1.02774060619,-16.6811117807
1.03232891205,-29.7385440322
1.03716495611,-27.6472877081
1.0347748556,-29.9322919025
1.03446921195,-27.6490984253
1.03487921071,-29.1171864908
1.03497665981,-27.5802260772
1.04600990856,-43.8710346326
1.02435785028,-16.5126075577
1.03644352733,-29.5085191557
1.0298850957,-28.0623299188
1.03265120344,-28.8777284055
1.035684295,-26.7621105326
1.03410125812,-29.4061726142
1.03345524535,-27.0498344076
1.04631748909,-43.2957435867
1.02452626189,-16.2841717051
1.03570882937,-29.418020983
1.03302499469,-27.7626250143
1.03553807703,-29.1824618394
1.03417762622,-27.9710220908
1.03606788898,-29.1048652868
1.03495575993,-26.6717349983
1.05166634092,-43.7438735386
1.02634616747,-16.6329385882
1.03346007691,-29.0722839321
1.03519042879,-28.2769284501
1.0319179136,-29.3090764068
1.03183480976,-27.2315751236
1.03445819052,-28.6467188233
1.0322848814,-28.0136030292
1.04634504672,-43.3968347683
1.02525179119,-17.1192761026
1.0331693986,-29.5258165873
1.03601298586,-27.7466028538
1.0366293563,-29.5486124954
1.03186543877,-28.3642298436
1.03750701317,-29.2518530529
1.03673956352,-26.6644506375
1.0517915488,-43.4958020579
1.02504399056,-16.0308644151
1.03717439767,-29.1817115577
1.03398473521,-27.9444025198
1.03529641015,-28.7921602712
1.03319013173,-26.5690237719
1.03466309044,-28.8227594475
1.02993088846,-26.4200416464
1.04809754046,-43.0671772341
1.02496780349,-16.8717035869
1.03181209269,-28.8454352479
1.03214753739,-27.628531468
1.03499055875,-29.3983426846
1.03186952016,-27.3413196209
1.03584404649,-28.9039193054
1.03441692672,-27.7040150572
1.04462961346,-43.9969996755
1.02638200756,-16.4664837258
1.03650694013,-29.512537805
1.03334101559,-27.6100853378
1.03688546196,-29.4820539133
1.03261640783,-27.3033418046
1.03607675837,-29.186429482
1.03194553388,-27.6312722773
1.04485636023,-43.3627642182
1.02240808701,-17.3933245991
1.03709986512,-28.8442159743
1.03131248464,-28.8227498484
1.03458525823,-28.9782632225
1.0356088247,-27.6794666264
1.0332855239,-28.7797769959
1.03638432281,-26.9148513702
1.04661074731,-43.799939419
1.0218117355,-16.863632383
1.03468880532,-29.267003284
1.03292852304,-27.8074302734
1.03514040273,-29.2233772757
1.03071074998,-27.6164394288
1.03596574899,-29.0646413071
1.03118513905,-27.3657647594
1.04767025086,-43.7435952201
1.0242103943,-16.7167193258
1.03178759615,-29.6081938817
1.03407407345,-28.042008768
1.03196391036,-29.2667108498
1.03118565786,-27.3699315238
1.03642321494,-29.5377862252
1.0313715175,-26.6822665343
1.04910033476,-43.5703031427
1.02515293274,-16.2230007934
1.03360541486,-29.9038211646
1.03679534661,-27.9998474476
1.04049232537,-29.4807012409
1.03561196663,-27.1497184577
1.03576347023,-29.1445248385
1.03302436028,-27.1940152747
1.04673529669,-43.2392177877
1.02268595239,-16.8235910074
1.03415370472,-29.4600565876
1.03348807789,-28.5013727265
1.03326105784,-29.2342615408
1.03353174429,-28.1373090676
1.03524146241,-29.2142829523
1.03257753918,-27.1842741158
1.04811140366,-43.7369746164
1.02390224838,-16.7617805905
1.03143212379,-29.3687342363
1.03260494184,-28.2441438273
1.03445806247,-29.1543399398
1.03252488922,-27.451624023
1.03305994821,-28.9981849888
1.0300140776,-26.8846045068
1.04311150098,-43.1639294299
1.02645911409,-16.2831578913
1.03543721817,-28.9977161312
1.03144666443,-27.5170711035
1.03586950973,-29.0650130789
1.03143604649,-27.3177741728
1.03676532194,-28.8323550853
1.03368345497,-27.0645475243
1.04664053934,-43.1703396572
1.02226024224,-16.5067234864
1.03831204659,-28.2584934965
1.03366457706,-27.579085055
1.0364602824,-29.1046427591
1.03120888483,-26.9869436128
1.03528513671,-28.650949973
1.03115465952,-26.6085337541
1.04903925174,-43.5372221914
1.02454958102,-16.0753989613
1.03543932211,-29.0629965037
1.03286101955,-27.5974984678
1.03507220218,-29.1673768459
1.02881744918,-27.6237769708
1.03484993073,-28.6020159984
1.03955253017,-27.7320843131
1.04578728845,-43.2557824116
1.02259700232,-15.9908886454
1.03135558911,-29.3282222363
1.0334744201,-27.6315739374
1.03375129534,-29.3107367986
1.03361518483,-26.9674507037
1.03418948887,-28.9315993825
1.03310824866,-26.7493675081
1.04525810015,-43.2269340075
1.02355352268,-16.3953653596
1.03091156298,-29.3164392474
1.03197541363,-27.5971632344
1.03132767179,-29.0815734107
1.03082803466,-27.0746942768
1.03277978498,-29.0808618578
1.02911542242,-26.8919939064
1.04503651535,-42.8497218111
1.02328702779,-15.6661462694
1.03038188585,-28.8374627122
1.032569517,-27.2758737326
1.03371533612,-28.8274509427
1.03236690932,-26.9968436992
1.03283195107,-28.3969236158
1.03284599768,-26.7268949895
1.04330207396,-43.1189838251
1.02646159322,-16.4629376472
1.03655662545,-28.8966660733
1.03323851207,-27.5958581093
1.03711630448,-29.2245747893
1.0297730986,-27.6446122593
1.03127552191,-28.5333718884
1.0314208959,-27.2883447983
1.04344833013,-43.4654699083
1.02347921476,-16.2102922445
1.03400863123,-28.9463136296
1.03191484799,-27.8553899415
1.03532236551,-29.2228890592
1.03266663055,-26.7284003784
1.03723227367,-28.5437911212
1.03275995507,-26.4979363039
1.0477345057,-42.5612211046
1.023605019,-16.3419552554
1.03449926216,-28.6840405766
1.02921085752,-28.4051947635
1.02914536296,-28.6885723772
1.03276808999,-26.7902579796
1.03598421271,-28.4503535542
1.0309778495,-26.6667625686
1.04593706429,-43.0269160649
1.02062678902,-16.3662803549
1.0321663385,-29.0374986418
1.03673432912,-27.6597613477
1.02736587231,-28.9181512817
1.03251358322,-27.3235981487
1.03395881264,-28.2172913145
1.03200840206,-27.0732552624
1.04576030528,-43.3123608813
1.02229344922,-15.8580693197
1.02734271215,-29.0518146434
1.03211264832,-27.3210325631
1.0303623309,-29.2530981304
1.02849874278,-26.8386774767
1.03123907741,-28.3945720401
1.03538247069,-26.8500924665
1.04513688152,-42.8608252656
1.0214867029,-15.5946437624
1.02971117803,-28.1574413135
1.02914520752,-27.8552462911
1.03564379549,-28.8325375331
1.03272884558,-26.3581132292
1.03197210122,-28.5251465512
1.02950322836,-26.4926491015
1.04426748059,-42.7984438415
1.02246234381,-16.2197882886
1.03080293371,-28.9673962756
1.02939418082,-27.6760913869
1.0340974394,-29.1689942769
1.03445675263,-26.7682811224
1.03442106298,-28.4774374067
1.02730161852,-26.9026865454
1.04430861342,-42.8326515177
1.0215333405,-15.8824431833
1.02935832829,-28.8514354812
1.03131117377,-27.194902972
1.03430316165,-28.20184041
1.03041052795,-26.811997471
1.03252062542,-29.0024565618
1.03377059264,-26.3218942782
1.04715575126,-42.7712077068
1.01974285843,-15.8253305972
1.03435203968,-28.5521569315
1.03176674154,-27.2994082173
1.03383185392,-28.5997177006
1.02951890596,-26.774715266
1.03192127521,-28.597004875
1.03264599464,-26.4852186338
1.04868124891,-43.101084052
1.02232539901,-16.1738800461
1.03180449398,-29.1804321956
1.03429441888,-27.0670732483
1.03542240247,-28.5746413857
1.03244908099,-26.5200365204
1.03598535702,-28.114974261
1.03499338278,-26.9218239587
1.0499717535,-42.7989457572
1.02537397083,-15.8086674419
1.03993084097,-28.3728224763
1.03271600633,-27.7577522733
1.03594203928,-28.4245080133
1.03270427724,-26.9664703591
1.03613171644,-28.1464272054
1.03127306049,-26.4801681604
1.04769631871,-42.8493505036
1.02613017383,-15.4344237422
1.03301351459,-29.3346599984
1.03311539432,-27.8148098628
1.03505835894,-28.7585672619
1.03044780821,-26.8590878536
1.03304229754,-28.6582504199
1.03358199219,-26.8354999485
1.04769748793,-42.8575986012
1.02423777797,-15.6264128175
1.03301452938,-28.5379735955
1.03659530825,-27.7826002837
1.03150176805,-29.0042540149
1.03549480627,-27.1459626098
1.03467901363,-28.1936213229
1.03232292523,-26.5566997025
1.04737244821,-42.6807025557
1.0234591032,-15.7742910006
1.03287409154,-28.6106750102
1.03240989632,-27.1255938305
1.03149022524,-28.2936284924
1.02775042831,-26.9015725854
1.03122463373,-27.8393035436
1.02982019396,-26.1340786067
1.04322593918,-42.3532389792
1.02225587617,-15.7263256081
1.03109811531,-28.4941819614
1.03128642161,-27.496222116
1.03161255522,-28.522384006
1.03433048775,-26.646294713
1.03101692136,-28.5014464083
1.0319951574,-26.2342042689
1.04463597942,-42.6869535785
1.02115505313,-15.9934754327
1.03237998362,-28.7632893123
1.03001628556,-27.3490184884
1.03168839888,-28.7567879298
1.02997523845,-26.5271215139
1.03074817583,-28.4420876604
1.03142482123,-26.4730224528
1.04105529508,-42.7594405942
1.02463735639,-15.5662939555
1.02827128171,-28.6408641865
1.02936462433,-27.0030504403
1.03385371428,-28.7128600596
1.02902734065,-27.4465884706
1.03056678581,-28.0216623033
1.03078090776,-25.8589275142
1.04482679692,-42.6741787121
1.01935557097,-15.3745719542
1.03601988525,-28.1426669561
1.03510750502,-26.9753548439
1.03159527895,-28.7405462201
1.03140097356,-25.8005314758
1.03022447989,-28.1285660933
1.03034199368,-25.8131840515
1.04359238508,-42.6695127015
1.02058710946,-15.4829048704
1.03427371115,-28.4610371091
1.03139002248,-27.0794331708
1.03149039811,-28.3352799514
1.03129880432,-25.8627549157
1.03462390192,-28.6418758968
1.02736496291,-26.0182478687
1.04322435537,-43.1079886749
1.02209152217,-15.5137092886
1.03230477612,-28.9321162889
1.02856287659,-26.6799843203
1.03309059868,-27.9651453311
1.03538276593,-26.6900987939
1.03074411366,-27.9219797584
1.02963727771,-26.4237781316
1.04585158335,-42.5326287901
1.02093324194,-15.8079076265
1.03224440427,-28.6218181829
1.0347096263,-27.6048591234
1.03433927742,-28.4196833356
1.0324350243,-26.5236253837
1.03052058111,-28.3753945976
1.03199397584,-26.2881030818
1.04625866593,-42.7781316494
1.02041796834,-15.7506576258
1.02975421476,-28.4018580289
1.02728062328,-26.9765190255
1.03142172013,-28.3818488724
1.02848502962,-26.2201855895
1.02730678643,-28.469659068
1.03165978501,-26.845599232
1.04254542981,-42.914161064
1.02160529056,-15.8850224951
1.03375989016,-28.0309845423
1.0297893852,-27.0256057754
1.02924311595,-27.5367083998
1.03077264163,-26.4424004886
1.02997400844,-27.8551912123
1.0300214107,-25.925231212
1.04163909764,-42.5967968855
1.02112335061,-15.7435600242
1.03018154946,-27.9980706448
1.03723878564,-26.7379493182
1.0310005656,-28.5912833431
1.03140807689,-26.2396214003
1.03193430358,-28.0948010005
1.02934194103,-26.3114378993
1.0446246335,-42.4640634389
1.02115931346,-15.5380635662
1.03044748217,-28.6337756035
1.0311076218,-27.1622920167
1.03098974137,-28.0974236814
1.03075442224,-26.5021367431
1.03271071648,-27.3288080797
1.03129851116,-25.868942571
1.04733312302,-42.3323077732
1.02119091904,-15.8203034972
1.03414290069,-28.0014498273
1.0296137246,-26.8322525715
1.03061914261,-27.9334083397
1.02829565575,-26.473733459
1.03338317679,-27.5884904904
1.03001086544,-26.5657811867
1.04220281934,-42.1740087124
1.02067273911,-14.8548335407
1.03074323126,-28.5255387295
1.03115075769,-26.6664918763
1.03355512083,-28.3021038633
1.03025943631,-26.1749728892
1.03045064083,-27.8001364573
1.02862833539,-26.4738217087
1.04447694843,-42.5276110289
1.01958603728,-14.916192185
1.03464145286,-27.9497335182
1.03113608161,-26.3918606821
1.03259772805,-28.3728574862
1.03141907157,-25.9337980304
1.0325634836,-28.6215648893
1.03147005673,-25.7983845868
1.04110652852,-42.1522676029
1.02315113418,-15.4121844311
1.03095940341,-28.3201679954
1.0354793776,-26.3832221539
1.03184740767,-27.8099711742
1.0319952665,-26.5515287257
1.03181281669,-27.8247536304
1.02950051605,-25.9164647941
1.04781777038,-42.7046545205
1.01757122599,-16.0066501762
1.03660331582,-28.2415848868
1.02899514237,-27.0808347337
1.03467319488,-27.4958722308
1.02829986414,-25.9217412264
1.03236588464,-27.5893771463
1.03019985578,-26.2615316203
1.04193200261,-42.138577483
1.02497613928,-15.7731079652
1.02819445797,-28.2662845005
1.03181261247,-26.3302569602
1.03169994808,-27.5503380677
1.02917903033,-26.1435205586
1.0325466168,-27.8319597264
1.03168676811,-25.3428133192
1.04230369734,-42.1606041039
1.02102127927,-15.4450855413
1.03163120723,-28.0959168034
1.03199845019,-26.1253509765
1.02962160745,-28.5517574861
1.02993193106,-26.3297082985
1.03481569384,-27.8833932741
1.03330341944,-25.8659656583
1.04505209023,-42.1669672548
1.0206083019,-15.1467622016
1.03023634708,-28.0458587563
1.02855141024,-26.6378176177
1.03124103939,-28.2238763023
1.03396665181,-26.6230022014
1.03393149376,-28.0945708629
1.03038502651,-25.7067256791
1.04781969242,-41.5642134383
1.02503722452,-15.0960668512
1.03641745051,-28.2286659261
1.03114508619,-26.5738085055
1.03328009453,-28.3208102222
1.03050337315,-26.4101097926
1.03252267105,-27.844619996
1.03524343386,-25.57048336
1.04722788554,-42.0091651215
1.02205673184,-14.6414391985
1.03163879428,-28.2021400424
1.02944385088,-26.7148950247
1.02954797216,-27.5172767706
1.02649011775,-26.2311987182
1.0309039724,-27.0120091079
1.03017727532,-26.6072957795
1.04353086519,-41.5409440451
1.01964941231,-15.1184796176
1.03169233068,-27.8217342214
1.03292242008,-26.1240241745
1.03436061567,-28.0737672491
1.02945864047,-25.98309006
1.03343546747,-27.2843039818
1.02898118019,-25.7961680507
1.04804303259,-42.0286670652
1.02305697399,-14.740572298
1.03082169557,-27.638998861
1.03284299772,-26.6192027141
1.03011571377,-28.360293335
1.0298513398,-25.2789436667
1.02755586216,-27.6257479299
1.03091182144,-25.2785722878
1.04378876528,-42.0749963063
1.01985639425,-15.2643825089
1.0357069785,-27.5597494654
1.03221928959,-26.684865284
1.032873277,-27.9565146966
1.02852638021,-25.3995720835
1.02879622966,-27.2843408063
1.02944955173,-25.6308554718
1.0432823938,-42.0110147869
1.02043196366,-15.3568997392
1.03191814217,-27.632127945
1.03533334247,-25.7956449153
1.03115045809,-26.9531661634
1.02889333585,-26.0040479746
1.03142576504,-27.3898562085
1.03095609852,-25.2219856629
1.04399492731,-41.645171577
1.02438746554,-15.1049860806
1.02901827083,-27.8854417027
1.03156451043,-26.0763297923
1.02926745715,-27.780362232
1.02915539819,-25.9029798266
1.03381699148,-27.706612649
1.02999201193,-26.0975628913
1.04419663681,-41.6176820142
1.02539603166,-14.8403870612
1.03302144627,-26.9832594782
1.03273754807,-26.508014594
1.03148138696,-27.6513424447
1.03064851396,-25.5049884376
1.03255600899,-27.6264799354
1.0276884229,-26.2327833006
1.04557026986,-41.8501006896
1.02287086625,-14.58280339
1.03185178931,-28.1244763993
1.02939505629,-26.0484025147
1.03527685714,-27.6765242178
1.02957677108,-25.3085935714
1.03191436778,-27.6007710946
1.03015042268,-25.97907214
1.04262637108,-41.8032094469
1.0190391,-14.7419107485
1.02879027103,-27.6226422762
1.03028742561,-25.4674329786
1.03118834328,-27.1670643401
1.03040601707,-25.9681265384
1.03016690168,-26.8535611737
1.0305951248,-25.4698527034
1.04354709783,-42.0287367475
1.0223582094,-14.5365860611
1.03405466085,-27.1000574633
1.03171759707,-26.3210055847
1.03095979389,-27.8220689027
1.03222742449,-25.4570144399
1.03427439085,-26.947389873
1.03017755294,-25.8519799138
1.04839037173,-41.7145016226
1.02035011606,-14.9147959072
1.03510600316,-27.4095389107
1.03192692171,-25.4976883359
1.03233367146,-27.6514353233
1.03153211901,-25.9292140244
1.0322486569,-27.0185177539
1.03647937196,-25.4055540358
1.0426871859,-41.5038840155
1.01888824384,-14.4652784793
1.02994767524,-27.6877622637
1.02925834216,-26.5914347283
1.03325784886,-27.5350774092
1.02862815398,-25.2092334426
1.03601906004,-27.7375150062
1.03099471736,-25.9605779291
1.04506490665,-41.9531523178
1.02141196361,-14.7444599551
1.03454078287,-27.7176066196
1.03173437246,-25.3682307611
1.03571127318,-27.9925197122
1.03157665055,-25.5846857429
1.03396314167,-27.1711114334
1.02935827201,-25.1600134175
1.04804650632,-41.4095364952
1.02179458469,-14.7270870284
1.02946301998,-27.3227659885
1.0322941109,-25.6281371618
1.03534059485,-27.0555133383
1.03010460881,-25.1533741481
1.03132770091,-27.0876923193
1.02808051824,-25.0553888988
1.04397576627,-41.1067379638
1.02118003885,-14.7158607386
1.02986832275,-27.500708606
1.03153537946,-26.4603433369
1.03514808085,-27.835161702
1.02811881719,-26.112607657
1.03531761717,-26.6270648844
1.03022011959,-24.9021580879
1.04657965366,-41.8371781566
1.0205272032,-14.673589968
1.03692426664,-27.4468586807
1.02952622899,-26.5031272304
1.03460696419,-27.5581484889
1.03325085859,-25.3285256089
1.0301594686,-27.1193264767
1.0367086693,-24.7000121007
1.04468132162,-40.985759174
1.02227899006,-14.6562272579
1.0315206887,-27.0008275043
1.02799740645,-25.7416681235
1.03285490762,-27.1449325179
1.0310208487,-25.3470655119
1.03380516608,-27.11600439
1.02665946958,-24.9770611494
1.04272815769,-41.5305665196
1.02117043793,-14.3779659335
1.02824046657,-27.1216318167
1.03171756472,-25.8373737361
1.02866880837,-27.6386326925
1.0328165739,-25.3539046471
1.03027549261,-26.981957882
1.03300504095,-25.2346367334
1.04426600442,-42.0616715543
1.01956423979,-14.7960661062
1.0285004675,-27.2354494325
1.03243113842,-25.5428198697
1.03067582414,-27.4515031078
1.03138485549,-24.998989512
1.03274018454,-27.2492620325
1.03519413332,-24.9344987961
1.04573066716,-40.9616432677
1.02305307808,-14.3094572512
1.03720088757,-26.9743838492
1.03816621732,-25.5334308625
1.02828349673,-26.848370976
1.03197241296,-25.7212592282
1.0305372977,-27.154679281
1.03029382249,-25.4246199001
1.04418479957,-41.7270970918
1.0208687506,-14.4358542212
1.02800170434,-27.0989413699
1.03348845678,-25.5424644573
1.03059434175,-27.1666385136
1.03217529507,-25.4594762958
1.03179860411,-26.7373643057
1.02940125046,-24.8809171587
1.04449935716,-41.1432023389
1.02561984151,-14.577961402
1.03445752772,-27.0190644525
1.03253397144,-25.4129485535
1.03582532409,-27.542077374
1.02827312197,-25.2427425297
1.03320630387,-26.9132683313
1.02862019831,-24.7486580963
1.04496045291,-41.0805845817
1.02010084944,-14.2301614386
1.0350884652,-26.6426530272
1.03126348533,-25.8029148936
1.03387766004,-27.0397671297
1.02779547693,-24.6343446637
1.03416379737,-26.8743591838
1.03065674148,-25.0775696366
1.04621595102,-40.7092072717
1.02024273791,-14.6132526629
1.03289773144,-27.0236879319
1.03039751797,-25.7137166155
1.03199026973,-26.7106571807
1.02990498674,-24.7973194928
1.03402343657,-26.7192359989
1.02990608143,-25.3021499503
1.04643879928,-40.9966205256
1.02379597778,-14.8564858461
1.03201272647,-26.8922970755
1.02941159598,-25.2586343059
1.03272283657,-26.4742784895
1.0318366034,-25.3880906208
1.03065220481,-26.9322767704
1.02840484261,-24.799483978
1.04499229556,-40.93315065
1.02160551731,-13.7284493136
1.03089184326,-27.0798461871
1.02762642831,-25.8026453689
1.03251983774,-27.0092989497
1.02680607272,-24.6850864658
1.03264055301,-26.8581341594
1.02794444678,-24.4128967057
1.0486706745,-41.4632561883
1.02253239556,-13.5346368032
1.03277124651,-26.9271692074
1.03344210849,-24.9653021106
1.03425988496,-26.8421798653
1.03370014334,-25.201927692
1.03018558482,-26.5625992049
1.03042080494,-24.4498080102
1.04296596826,-41.0547295258
1.0251390604,-14.6248266026
1.03185507642,-27.085103953
1.03409837676,-25.4832319017
1.03468234241,-27.0246484938
1.03348095774,-25.0607687618
1.03168047817,-26.8687803884
1.0346292593,-24.6422278832
1.04549067096,-41.0242894727
1.02611115206,-14.3152404648
1.034480816,-26.5224037885
1.03572071703,-25.0415284609
1.02995268822,-27.0195707423
1.03061119137,-25.3882971765
1.03142115777,-26.3462269813
1.02895609829,-25.1898217719
1.04311762929,-41.3734817299
1.0215675404,-13.9942735734
1.03211179287,-26.9197753298
1.03198999667,-25.4935684898
1.03220023323,-26.8426596977
1.0317593484,-24.985571461
1.03298606403,-26.6335114478
1.03258230615,-24.8377741617
1.05146572218,-40.7088130378
1.02476269066,-14.2079533002
1.03276883697,-26.4422673608
1.03057597953,-26.1334027298
1.03216390613,-26.6500871268
1.0316864065,-25.2765245618
1.03624905474,-26.0431328056
1.03080239528,-24.9789284942
1.04564704806,-40.6649680502
1.02526017265,-13.9176297918
1.03299602014,-26.791708665
1.03585570388,-25.8347174009
1.03216627791,-27.2526230026
1.03222357554,-24.8708406246
1.0323276067,-27.1079281822
1.03578205549,-25.0916632595
1.04768424246,-39.6939620929
1.02782862052,-14.0179578611
1.03218351097,-26.2976289177
1.03444801344,-24.7168306899
1.03434626527,-26.9973417824
1.0327411533,-24.6463840198
1.0323776272,-26.537460424
1.03512612596,-24.490418033
1.04462884757,-41.1260557429
1.02674148525,-13.8168021239
1.03436342011,-26.6150183174
1.03337339879,-25.465394671
1.03585357887,-26.3799407036
1.03058889696,-25.5037880493
1.03470298648,-26.2911810729
1.03431617231,-24.6342393087
1.05020157534,-40.9583415335
1.02319991305,-13.7862635417
1.03382717037,-26.6316788949
1.03515071018,-24.9275369798
1.03892404847,-26.8981257195
1.03045966853,-24.9068961786
1.0348566565,-26.4307333176
1.03186430511,-24.4586912351
1.04380346385,-40.871598821
1.0235720052,-13.6849303803
1.03310690461,-26.8169189779
1.03793248418,-25.4240954592
1.03502777196,-26.4772052049
1.03129130165,-24.6469553945
1.03835906021,-25.8898471546
1.03449954763,-24.6577560507
1.048033843,-40.70266745
1.02758148603,-13.7019594885
1.03672366416,-26.7308907476
1.03697532929,-24.8065313666
1.03543012714,-26.5583135811
1.03802211336,-24.6250254261
1.0382554106,-26.0209243797
1.03487157714,-24.6792118817
1.05124719211,-40.5506477496
1.02614150416,-13.8403714557
1.0406638588,-26.6352555053
1.03825653965,-25.1424419944
1.03940137081,-26.4085049766
1.03552396575,-24.5263643611
1.04104393288,-26.2295543491
1.03886282615,-23.9604541439
1.05026452047,-41.0941821986
1.03219276581,-13.6466392228
1.03540558679,-26.9091994004
1.03490254337,-25.0695193304
1.03912987468,-25.9218824032
1.03410774994,-25.0435700101
1.04146097652,-26.1531538426
1.039480599,-24.2026698931
1.05362548023,-40.5071670733
1.02707423154,-13.6869776726
1.04006232086,-26.5090331713
1.04338213611,-24.6600994897
1.03652586935,-26.4853409658
1.03778501256,-24.5194726749
1.04092049868,-25.4325399394
1.03753301919,-24.3789328145
1.05555224347,-40.1169570965
1.02950211826,-13.5068485503
1.03980813696,-26.2867285852
1.03955045428,-24.5325957793
1.04345748631,-26.2120957695
1.04055469616,-24.4600335768
1.04134778938,-26.1712273179
1.03924039393,-23.8387730171
1.05204036069,-40.3731954723
1.03117509356,-13.2950681478
1.03703877764,-26.0627258897
1.03907933768,-25.2162343102
1.04049257281,-26.5405692693
1.03995233579,-24.9301655564
1.03990601871,-26.1146856436
1.03830349523,-24.448188509
1.05165309078,-40.2000566041
1.03384327815,-13.1931436271
1.04281277383,-26.053675887
1.03768433352,-24.7600195646
1.04242466953,-26.0689529274
1.04171527396,-24.5173295969
1.04368556347,-26.1092220906
1.03974145371,-24.0500326691
1.05585449678,-40.0650064819
1.03171575874,-12.7158143469
1.04058534375,-26.4783814219
1.03966078143,-24.3986596639
1.03918877504,-25.955487444
1.04381834097,-24.1801852359
1.04187695447,-26.4571632245
1.04130310367,-24.1474302033
1.05218589549,-40.0086032608
1.03243349037,-13.5596004262
1.04358929649,-25.9998685295
1.04140287717,-25.300230227
1.04084760329,-25.8740202198
1.04145107447,-24.5515964633
1.04674105873,-25.4561472071
1.04343424908,-24.0578146333
1.0526168005,-40.6636607365
1.03563381479,-13.3423355883
1.04915107346,-26.5253254011
1.045079078,-25.0620070508
1.04896202564,-26.332483923
1.05584459721,-24.7033260891
1.0648750761,-26.3178559147
1.06932696966,-24.163266095
1.0982619588,-41.7655405988
1.10170137845,-13.110211321
1.14344778962,-27.4175079819
1.20178581968,-26.9246872737
1.30734439268,-29.773602212
