1.31747399269,-16.3176663829
1.22468422959,-17.2105960439
1.16086167859,-15.4682349962
1.13797667185,-24.315754737
1.08783976644,-8.61736419496
1.08457225984,-16.0098459309
1.07645613786,-14.8972036657
1.07051399058,-15.3267756406
1.06386017104,-14.5887106134
1.0615087681,-15.2999885412
1.05629969994,-14.7890591618
1.07143733323,-23.1789006278
1.04466465568,-8.76162180761
1.05389965829,-15.7271317941
1.05708775823,-14.907057865
1.05750973218,-15.625582343
1.05313199178,-14.8770013011
1.05297896798,-15.4461703697
1.0541188087,-14.4693837134
1.06793024951,-22.7381309496
1.04228799664,-8.75497410608
1.05553679752,-15.7567690541
1.05442585483,-14.9137802178
1.05301759266,-15.6154277267
1.0496266272,-14.7595580591
1.05355398299,-15.5926374593
1.05481379513,-14.5132562195
1.07238145432,-23.0365333627
1.04722492641,-9.06569355503
1.05326245899,-15.7254528916
1.05821993278,-14.8336859115
1.05757482446,-15.4829572311
1.05644531195,-14.9770974345
1.05791649177,-15.3509035711
1.05875156964,-14.464670905
1.07429923202,-22.7764524249
1.04689114892,-8.94460497019
1.05949731456,-15.6185855527
1.05493525361,-14.979140323
1.05557372734,-15.690938679
1.05595159475,-14.7989200269
1.05465050094,-15.3756773824
1.05444912392,-14.6439462867
1.07003591561,-23.0197894154
1.04151319756,-8.69658164917
1.05554941178,-15.7223972202
1.05060537256,-14.7737461962
1.05249740511,-15.3667983373
1.04852877564,-14.8652631402
1.04790047848,-15.3607260284
1.05038655834,-14.3285725419
1.06535608689,-22.9208809812
1.03971220044,-8.8166003429
1.04845022307,-15.6038309898
1.04829811811,-14.7463056323
1.0529062919,-15.6653623417
1.04740642083,-14.5950494083
1.04756816144,-14.9121402962
1.04368333776,-14.8013005821
1.06335116823,-22.741664206
1.03617916906,-9.02006205507
1.04742041358,-15.8364306308
1.0442712008,-14.9448336314
1.04597361599,-15.6737505113
1.04483334026,-14.5833462068
1.04756617885,-15.1399586344
1.04704851889,-14.4024364296
1.0598690545,-22.9289920058
1.0386323589,-8.62953046982
1.04754465063,-15.7449449993
1.04648491994,-14.90397457
1.04603674818,-15.4825268943
1.04750946102,-14.6216926491
1.0462515408,-15.725852525
1.0463360165,-14.7795804575
1.06081308427,-23.1249358511
1.03747152917,-8.93401489137
1.04574144468,-15.786110293
1.04634997579,-14.9926119753
1.04514572474,-15.6530052174
1.0464001517,-14.9237004434
1.04737937456,-15.4760248959
1.05000583944,-14.267850411
1.05980527365,-22.9346169185
1.03642442427,-9.0676122556
1.04471525654,-16.0672981195
1.04197851614,-14.7765192396
1.04606663452,-15.6291249864
1.04001732584,-14.775986975
1.04385796126,-15.6269674618
1.0421104161,-15.0039238395
1.0573100974,-23.0598842572
1.03679227945,-8.75061415168
1.0421958955,-15.7921617253
1.03988625595,-14.8374659392
1.04503444834,-15.5746162003
1.0438057733,-14.9115049303
1.04541218827,-15.6574614041
1.04353325242,-14.6973913785
1.05904696453,-23.3177147277
1.03047188171,-9.25564578585
1.04357594902,-15.880416854
1.04380165867,-15.1833260778
1.04504764598,-15.5972395365
1.04299140307,-14.9001451464
1.04513198002,-15.487533837
1.04313102192,-14.5589023239
1.05885287871,-23.2003071025
1.03189679104,-9.12844677489
1.04050338326,-16.0255591678
1.03831509319,-15.2336231359
1.0419032929,-15.7429573565
1.04391381188,-14.9798579995
1.04455457249,-15.7409911093
1.04070969636,-14.9150511055
1.05613256614,-23.2340538729
1.02908760074,-9.08122356499
1.04629067762,-15.5462180826
1.04120388069,-15.1688431483
1.04220870878,-15.7544616831
1.04206067463,-14.6601259746
1.0428220934,-15.695266028
1.03807929347,-14.8747807063
1.06065112063,-23.1431013169
1.03028484095,-9.29491911619
1.04096999972,-15.6584574244
1.03777578377,-15.3196169498
1.03951704501,-16.0158563223
1.0407202051,-15.0837633427
1.03933963331,-15.6711270388
1.03931322767,-14.7196357584
1.05408349289,-22.9710143491
1.02714284436,-9.19759276361
1.04112775535,-15.7127833399
1.03913789511,-15.3463896384
1.03998372516,-15.9685780043
1.03631670446,-15.0310559062
1.04077546327,-15.8181193142
1.03885420508,-14.4452999568
1.05490674425,-23.2363942764
1.02768657532,-9.05873090282
1.04289498239,-16.2507451365
1.0363907787,-15.3190293714
1.03582088305,-16.0478107176
1.03720199368,-15.1108517707
1.03924024063,-15.8698144401
1.03644725449,-14.7971963451
1.05498888389,-23.2597249121
1.02824596184,-9.21944749836
1.03728801983,-15.9592432219
1.03812988137,-15.2892362795
1.0370273657,-16.0596113137
1.03739664384,-15.0142838144
1.04187753516,-15.8379628547
1.03641471178,-15.2890812606
1.05371468821,-23.0648141404
1.02724235859,-9.50535410281
1.03893977756,-15.9442096382
1.03441416748,-15.3185998265
1.03597978068,-16.1497766794
1.03627657621,-15.1778427166
1.03625008271,-15.8411137434
1.03510152674,-14.9993233717
1.05528754067,-23.1955745022
1.02536346847,-9.40099530637
1.03944973206,-15.8532325435
1.03505062908,-15.13279646
1.03574346937,-16.011384599
1.0370881108,-14.8316332883
1.04104196142,-15.6217544775
1.04051609959,-14.6837689444
1.05246130887,-23.1746610457
1.02588146754,-9.32385410764
1.03794796122,-16.0832086672
1.03669142186,-15.5169322822
1.04095147584,-15.9145921728
1.03719654559,-15.1979256993
1.03743565839,-15.5832040046
1.03486325827,-14.801181134
1.05485855629,-23.2846016715
1.02947963699,-9.15799801496
1.03670173436,-16.2563760963
1.03982120311,-14.9034470733
1.0391493681,-15.9888534196
1.03225853668,-15.1488826322
1.0386111142,-15.5884104581
1.03375808391,-15.1348973545
1.05011268832,-23.2254894644
1.0254238594,-9.43813993025
1.03652570442,-16.2632544227
1.03497467971,-15.2266731541
1.03814025256,-15.8201488542
1.03398925478,-14.9196282914
1.03595844759,-15.7923932785
1.03553736766,-15.1482233545
1.04941571464,-23.1289312865
1.02718408795,-9.17336038681
1.03838701848,-15.752400285
1.03422811989,-15.3332167253
1.03490787994,-15.9362478586
1.03724468759,-15.0717202499
1.03506877008,-15.6478238138
1.03391620281,-14.9626124827
1.0484011571,-23.3399440495
1.02437936969,-9.34701820016
1.03726334404,-16.0255623483
1.03416422178,-15.2222049354
1.03322324946,-15.6905764955
1.03335041997,-15.3641823839
1.03524832371,-15.6922341581
1.03345877257,-14.8399606711
1.04870037155,-23.3480463004
1.02310933106,-9.54874881992
1.03717023105,-16.0061491112
1.03545916491,-15.0638226564
1.03565182269,-16.0575666089
1.03240424216,-15.3537513838
1.03774568541,-15.5346553179
1.03236036524,-15.1024740739
1.05024865132,-23.3500729001
1.02247017946,-9.31598306771
1.03630537345,-15.9851845455
1.03565267949,-15.3761458873
1.03759274969,-16.1101397912
1.03453224915,-15.3136560383
1.03408240062,-15.8333803291
1.03386901817,-15.0048439071
1.04892452216,-23.2072177758
1.02382236422,-9.56422427744
1.03384086143,-15.7832325403
1.03556000798,-15.3865796509
1.036537924,-15.8868162771
1.03463487209,-15.1576211288
1.03855140227,-15.7165464633
1.03181662851,-15.066280993
1.04939132463,-23.075252738
1.02412922829,-9.57294283449
1.0377032055,-15.6493280893
1.03729900991,-15.0588173419
1.03594871127,-16.0327478128
1.03219905599,-15.0745020003
1.0374431172,-15.6018184368
1.0346671091,-15.0682729625
1.04951972501,-23.1975815821
1.02399395912,-9.29324112747
1.03703648562,-16.2127394798
1.03232875325,-15.1583590725
1.03454780314,-15.9506487879
1.03442501131,-14.9444735714
1.0344492386,-15.977701611
1.03365309568,-14.8532746765
1.0499533599,-23.4317636534
1.02400717691,-9.08493692644
1.03625705793,-16.1359068901
1.03262869243,-15.2715623311
1.03840470442,-16.2975200098
1.0376540275,-15.1314230358
1.03466064863,-15.6699669008
1.03546292026,-15.0851907885
1.05327129847,-23.3496436773
1.0246552293,-9.46033401811
1.03460554044,-15.9429893075
1.03424597203,-15.494938103
1.03581628748,-15.8626111526
1.03364605729,-14.7366995357
1.03451915939,-15.7781436611
1.03270610104,-15.1154113324
1.04888747296,-23.4962067954
1.02408712906,-9.36634869343
1.03608793725,-16.0014357529
1.03675529539,-15.3129156912
1.0349769872,-16.1849558767
1.03479839437,-15.0753946756
1.03259135989,-15.96141433
1.03160667949,-15.0648705063
1.05285726995,-23.0396676173
1.02387387173,-9.66939647653
1.03223984397,-16.2176689152
1.03543387739,-15.1963182457
1.03412564091,-16.1058108845
1.03598496534,-15.1472471397
1.03380158869,-15.8628806134
1.03454574349,-14.9173930809
1.04962179986,-23.2208301202
1.02535069247,-9.45494277732
1.03738819798,-16.2763998738
1.03420294822,-15.3522414434
1.03593217135,-16.392020089
1.03809992019,-15.2874744644
1.03759945681,-15.9819235291
1.03768971509,-15.0097199406
1.05203322655,-23.4983084674
1.02542026938,-9.53642138728
1.03688857381,-16.0460542613
1.03536491147,-15.590067873
1.03391969195,-16.328301988
1.03530162474,-15.2543799462
1.03474460079,-15.8613430106
1.03613233236,-14.9137751462
1.04990866488,-23.4223273038
1.02453161514,-9.507139801
1.03927788952,-16.3269399831
1.03691319144,-15.3800586624
1.03571087797,-16.0844812781
1.03423381482,-15.4198064728
1.03487091968,-16.053454919
1.03575576589,-15.3452654998
1.05079516916,-23.6135556696
1.0207562394,-9.49941092
1.0356055018,-16.2320509054
1.03523960044,-15.6316854972
1.03781641458,-16.1254107778
1.03821308439,-15.3441104175
1.03922058119,-15.9047462553
1.03231667529,-15.403105017
1.05032416953,-23.6747920349
1.02053256796,-9.62260612237
1.04016994065,-16.0988154041
1.0339656495,-15.637097348
1.03811033506,-16.1601804668
1.03532507899,-15.2581356491
1.0363566061,-15.896942596
1.03809147424,-15.1101116356
1.04916547794,-23.701863916
1.02974996457,-9.25885865569
1.03747897825,-16.4772671506
1.03457444047,-15.5064458378
1.04004130801,-16.013852917
1.03700363667,-15.3003396705
1.03505557782,-15.9765550677
1.03633714697,-15.1553612161
1.04993663134,-23.5208856556
1.02091200742,-9.6274900305
1.03632868663,-16.23711375
1.03699764512,-15.3099643271
1.03793633481,-16.0249537272
1.03631963816,-15.2538178842
1.03648970425,-16.0782633817
1.0379000157,-15.2376272885
1.05099194392,-23.259217483
1.02566099837,-9.61539729366
1.03755378639,-16.2710343628
1.03399206266,-15.6263053315
1.04196669538,-15.9815791705
1.03838913252,-15.0838768251
1.03771416887,-15.6709268771
1.03750666124,-15.0476257187
1.0522172904,-23.2759847735
1.02398924067,-9.34722217112
1.03585281146,-16.1600214364
1.0355910253,-15.7492825685
1.03556884424,-16.2611444238
1.03727014939,-15.4708327361
1.03728700664,-15.7602353467
1.03728409781,-15.1149406349
1.05164293016,-23.607100612
1.0236526961,-9.4821660647
1.03997826479,-16.1139233586
1.03442484098,-15.6662415595
1.03869223138,-16.0171455242
1.03599790131,-15.2401123416
1.03857416239,-16.120995715
1.03816897971,-15.1155120521
1.05249186804,-23.5600212849
1.02618327057,-9.59105278877
1.03753371479,-16.1654254768
1.03566304116,-15.4659284409
1.03599512891,-16.3999999041
1.03680711488,-15.3469300476
1.03591169086,-15.9495557775
1.03348078798,-14.9795440675
1.05183895258,-23.4913917674
1.02746297447,-9.56083735865
1.03668341837,-16.2901248932
1.03600724322,-15.7455610497
1.03597024737,-16.2749659964
1.03388980719,-15.4020268147
1.0352952141,-15.8964039832
1.03850571752,-14.9849185132
1.0545097688,-23.312458088
1.02524667066,-9.74203504791
1.04265076858,-16.1771007498
1.03798588182,-15.1251638528
1.0359932791,-16.2655314529
1.03615969799,-15.1787019926
1.03641226757,-16.2365355615
1.0343740934,-15.3195321681
1.04981471201,-23.4808788398
1.02631853248,-9.59628843043
1.03965114877,-16.4502043697
1.03609216654,-15.4981961027
1.0416486476,-16.1614482725
1.03624667431,-15.3251848067
1.03919140915,-16.2315815566
1.03562645389,-15.5253532692
1.05311999931,-23.7227704401
1.02586691058,-9.5143426179
1.03821061263,-16.4350703443
1.03745359243,-15.7446943314
1.0362540774,-16.4499827099
1.03941705109,-15.2470818969
1.03640218,-16.1321374499
1.04089628387,-15.2958088285
1.04960577653,-23.6492310766
1.02762356101,-9.7869402257
1.03777671171,-16.460322066
1.03665097236,-15.4646192647
1.03778388333,-16.2221197203
1.03419932664,-15.6153315029
1.03691439723,-15.95917411
1.03936020501,-15.18797181
1.05013524817,-23.2705133288
1.02755456807,-9.35467314174
1.03911982321,-16.2838161015
1.0370252081,-15.4729799177
1.03760995412,-16.3717146077
1.03910801875,-15.0029352177
1.03869125729,-15.9708364436
1.03921712233,-15.1727535606
1.04928723884,-23.5032606774
1.02521233963,-9.4988306448
1.0367899295,-16.2069762043
1.03485905089,-15.5062418152
1.0359093981,-16.637712283
1.03565470461,-15.272035746
1.03692971747,-16.1981663813
1.03736096723,-15.1502032509
1.04834302427,-23.5661755333
1.02676676645,-9.56592037549
1.03793126554,-16.1273933662
1.03654589382,-15.4920076616
1.03521409372,-16.3815802484
1.03764419733,-15.2968733158
1.04063766829,-15.9727059413
1.03430945739,-15.1855928848
1.04966376245,-23.6797438104
1.02656998216,-9.72925166049
1.04136153198,-15.8039987629
1.03649509557,-15.6521430638
1.03308093458,-16.3654555893
1.03758682207,-15.2243579017
1.03563115986,-15.9240377208
1.03600719611,-15.4341446904
1.05130299514,-23.6584666077
1.02414647494,-10.020051929
1.03573990754,-16.361015773
1.03681892541,-15.453521409
1.03751490396,-16.2904667884
1.03645819299,-15.5264095652
1.03739373747,-16.0666290811
1.03351396451,-15.2904338127
1.05362534802,-23.4788130016
1.02585050851,-9.69711167863
1.03848729892,-16.3322694766
1.0373882861,-15.8125245957
1.03963105487,-15.9044333043
1.04015465183,-15.117764563
1.04113396525,-15.9302950112
1.03716560765,-15.1101097048
1.05234672564,-23.5678051605
1.02403907327,-9.69434854368
1.03673673474,-16.2257296741
1.03456381852,-15.6645881474
1.03798710209,-16.3681787884
1.03950781146,-15.4601895006
1.03725169991,-16.145247255
1.03479269225,-15.2144702821
1.05088801787,-23.5155216211
1.02468541613,-9.60910448164
1.03811157206,-16.4264305598
1.03877427323,-15.4611388012
1.03569226529,-16.4374399841
1.03894886832,-15.550939219
1.03822181704,-16.2078839414
1.03710944938,-15.1814101577
1.05093811823,-23.4541836739
1.02680760171,-9.77990506781
1.03883320642,-16.4016431316
1.03232161954,-15.5836751115
1.0435070009,-16.050400506
1.0381473509,-15.2878886081
1.03663830542,-15.9072078927
1.03634368795,-15.3878057871
1.04768560902,-23.6008699951
1.02838092609,-9.43802839775
1.03648025337,-16.4159718756
1.03839753212,-15.6844196492
1.03921908933,-16.0482464074
1.03662869616,-15.3839782327
1.038404937,-15.9250293346
1.03662745992,-15.2953387444
1.05074225929,-23.7185079884
1.0243885244,-9.88026819857
1.04035762612,-16.4549971456
1.03549029838,-15.6258917349
1.03817154187,-16.4420617788
1.03580896305,-15.6247893524
1.03740841015,-16.1444925577
1.03420976302,-15.3224758442
1.05049056925,-23.630839376
1.02390917904,-9.70179661709
1.03856707391,-16.1830204959
1.03511564583,-16.0318891687
1.03626506731,-16.3779058025
1.03541384905,-15.4220062872
1.03830841079,-16.1755891692
1.03845688855,-15.3631016075
1.04965200302,-23.8291106715
1.02463304537,-9.74106966248
1.03918348744,-16.2147604521
1.04149690402,-15.177540856
1.0361369,-16.2104604856
1.03602148423,-15.5214205027
1.03778997105,-16.0876593474
1.03576275097,-15.2341714998
1.0541661179,-23.5913792331
1.02481295829,-9.59725490275
1.03759541999,-16.2138501024
1.03748325373,-15.4932008182
1.03782247388,-16.1616346471
1.03568793718,-15.3411722777
1.03981479664,-16.11571921
1.0381375752,-15.3353367714
1.054817087,-23.776318796
1.02550832379,-9.72128919629
1.03845582147,-16.4982070989
1.03985348287,-15.5873118881
1.03935867506,-16.3944687059
1.03621920015,-15.6587424293
1.04229690966,-15.6178844912
1.03826828479,-15.2943392181
1.05571211548,-23.5183061215
1.02621442469,-9.73107287288
1.03711881562,-16.4245122279
1.03798062337,-15.5940343727
1.038669314,-16.4283905672
1.03972779576,-15.4870682396
1.03743143817,-16.3498641533
1.0373485458,-15.3210020871
1.05327991289,-23.7728936659
1.02578299343,-9.93754460392
1.03966770949,-16.167123782
1.03819592364,-15.7953927617
1.03894518735,-16.366221587
1.04118600572,-15.7685085102
1.03970630733,-16.263118187
1.04012051829,-15.1677694739
1.05317044116,-23.4737457913
1.02762105959,-9.65598276483
1.04158907435,-16.1918463775
1.04101591636,-15.5450885889
1.0353883573,-16.2082992315
1.04031646262,-15.5255158125
1.03611704518,-16.2322009761
1.03634074456,-15.356817706
1.05024893499,-23.4934257836
1.02313847282,-9.77008379569
1.03857643373,-16.624082663
1.03383164199,-15.8036549767
1.03970749898,-16.5939391363
1.0350483261,-15.5040713676
1.03985949518,-15.9993018001
1.03732087103,-15.2024687038
1.05137040691,-23.4862445524
1.02411347092,-9.5918675914
1.03451438106,-16.1602820743
1.03660862965,-15.6314745747
1.0378088109,-16.1457412239
1.03551462849,-15.3427167818
1.03636200211,-15.9541432791
1.03615651117,-15.2024658269
1.05337051803,-23.6750270196
1.02687262083,-9.67325467258
1.03675715182,-16.5759401086
1.03493344557,-15.652953184
1.03879489907,-16.3840850305
1.0392010734,-15.7526519482
1.04534265273,-16.0332288933
1.03811008992,-14.8909611163
1.05597234591,-23.5626658591
1.02746686264,-9.60088538128
1.03817662943,-16.2994155824
1.03989175195,-15.6317165362
1.03682406068,-16.4502454311
1.04057671684,-15.4767426337
1.03920873346,-16.1354941808
1.0357822835,-15.5505542173
1.05562891774,-23.5115161864
1.02834233325,-9.74393001999
1.03850132936,-16.4144738962
1.03962557786,-15.5676896208
1.03767914635,-16.5703064004
1.03952193777,-15.4970295808
1.03986124329,-15.9481665676
1.0378215472,-15.3354986975
1.05348636983,-23.7454636294
1.02864016923,-9.73482405573
1.03950240798,-16.6603690487
1.03886444322,-15.8025406272
1.03983884165,-16.2967414577
1.03918689476,-15.3888713491
1.03747201335,-16.3340374742
1.03632722488,-15.7616518082
1.05243764586,-23.7036768304
1.02784772739,-10.161454327
1.04067347995,-16.3122547135
1.03721964557,-15.6861627411
1.03804158421,-16.548774052
1.03369278382,-15.6820261484
1.03706525788,-16.3783650279
1.03943313263,-15.3259208337
1.05516776388,-23.4958190955
1.02693400546,-9.96399474825
1.03720875936,-16.3284877851
1.04272509133,-15.5296467972
1.03950571337,-16.7173542439
1.03983814261,-15.4514079042
1.04076999286,-16.2105547451
1.03723674091,-15.1864501912
1.05123709933,-23.459877893
1.02804808341,-9.52289159664
1.04230995114,-16.4340655619
1.03655315963,-15.6915002382
1.03924557455,-16.4876402367
1.03789069478,-15.2571080761
1.03564367203,-16.0700761814
1.03822051748,-15.281681568
1.05116682305,-23.6395535381
1.02807305285,-9.61661548649
1.04217790855,-16.4176504721
1.03816243976,-15.7557236507
1.03610249761,-16.588905515
1.03572896144,-15.539018149
1.03828227814,-16.0821330026
1.03753634259,-15.5099201158
1.05376952205,-23.2154856643
1.02675604229,-9.81570229861
1.04030277455,-16.1566074662
1.03611828727,-15.7359609547
1.03605686203,-16.514084245
1.03582058499,-15.4887237573
1.03746641029,-16.183329197
1.03863818895,-15.4632197731
1.05237477716,-23.7927637304
1.02890865159,-9.58032593531
1.03997067027,-16.4393564807
1.04262051418,-15.5214713255
1.04177861369,-16.6088779993
1.03632590142,-15.4609755597
1.03494177336,-16.4718240818
1.03484242843,-15.473776451
1.05353704167,-23.8823330137
1.02505360929,-10.1336919312
1.0388490188,-16.5655586862
1.03657025716,-15.7542221892
1.03776674696,-16.4687070639
1.03707678048,-15.4830853308
1.04036057336,-15.9357306236
1.04119276695,-15.0584636027
1.05072283266,-23.603221915
1.0252899754,-9.67733051291
1.04129642569,-16.4061197319
1.03434515424,-15.8531395825
1.03874501127,-16.3425250774
1.03697545759,-15.3774139574
1.03989184965,-16.0892527092
1.03671235609,-15.4536355804
1.05220106552,-23.6816811991
1.02913819777,-9.92688138401
1.04031960868,-16.443255862
1.03728523012,-15.5906160871
1.03728630326,-16.5121191026
1.03715453492,-15.6477810028
1.04119052594,-16.191523042
1.03550372529,-15.3861814583
1.05474285614,-23.6034595497
1.02639092704,-9.72475995808
1.03928842108,-16.5580211566
1.03743613704,-15.6107052868
1.04050956875,-16.1019112697
1.03827313906,-15.4907294109
1.04261557123,-15.9718716052
1.03511359805,-15.3747598904
1.054080045,-23.3856705219
1.02727645191,-9.66481561597
1.04067618088,-16.2882284101
1.03785474663,-15.7239650531
1.03831922615,-16.4176014516
1.03717782593,-15.3072805843
1.03841609342,-16.0997082292
1.04170082977,-15.5977339574
1.05353051173,-23.719498032
1.0286964008,-9.78502914915
1.03821159591,-16.465358292
1.03914213981,-15.489168277
1.03550522482,-16.2996541425
1.03230172993,-15.4874597589
1.03569102564,-16.2293127882
1.03768817723,-15.3107827025
1.05208664527,-23.6881151596
1.0254647711,-9.62567162837
1.03911904613,-16.3203540979
1.03842049274,-15.5776607741
1.03987651776,-16.2920112778
1.03824677773,-15.6390788562
1.03779345006,-16.1894433001
1.03900400137,-15.1369619126
1.05448266069,-23.8024198824
1.02428210497,-9.95637228001
1.03871592019,-16.3387558408
1.0411462329,-15.4795996132
1.04149860706,-16.1451327122
1.04092164785,-15.2023192125
1.04359811949,-15.9186932513
1.03955736458,-15.5373003197
1.05769141703,-23.5860804443
1.03023929537,-9.55272831079
1.03853537289,-16.5151305712
1.04049332392,-15.7049502723
1.03887274053,-16.5124476639
1.03866695039,-15.3085809598
1.04078630947,-16.1902834965
1.03667090124,-15.3407000062
1.05107464946,-23.8440257846
1.02430218097,-9.55810119012
1.03671218021,-16.7208083623
1.03955217641,-15.770669392
1.03951107558,-16.2772801727
1.03780273405,-15.5271936263
1.0391468629,-16.2265449634
1.03419036412,-15.6842170888
1.05223852067,-23.7052753686
1.02503586589,-9.95474284127
1.03870799055,-16.5374143863
1.04057807521,-15.4623379834
1.04112547599,-16.8191728489
1.03690501147,-15.7506118048
1.03666765484,-16.4567972662
1.03748625269,-15.4792323043
1.05500783731,-23.5782225929
1.02670045971,-10.0838407671
1.03762626248,-16.3404749456
1.03966615646,-15.8059092092
1.04114778924,-16.4452744419
1.03862787977,-15.3301234618
1.04650386738,-16.3160341044
1.03973737037,-15.2217192046
1.0526064474,-23.7144020175
1.0268973365,-9.55504494573
1.03650074579,-16.6558803765
1.03470661404,-15.8842289303
1.04105972614,-16.3845184035
1.03537239655,-15.8986416502
1.0370144912,-16.3217829509
1.03499568937,-15.3627293881
1.05408849677,-23.8562961349
1.02432883807,-9.74029774585
1.0397036991,-16.1649595618
1.04144415224,-15.7360293061
1.03623485621,-16.3025129701
1.03624285761,-15.6555011313
1.04124352006,-16.0070045065
1.04026695311,-15.8572236334
1.0507216005,-23.6110837391
1.02507571784,-9.93939755422
1.03920353325,-16.6782307809
1.03167348241,-15.7799934709
1.03864997108,-16.4492275415
1.03620703685,-15.53035828
1.03797404576,-16.2703825084
1.04089644591,-15.0345695507
1.05088265217,-23.7718896819
1.02611493988,-9.83801713381
1.04382722163,-16.2944124331
1.03698853128,-15.4610191117
1.03975399735,-16.3473257461
1.03649141966,-15.3469420681
1.03615458572,-16.6002040964
1.0395544709,-15.2557848922
1.0532908593,-23.790555839
1.02989711659,-9.7574941419
1.03974112376,-16.4620427717
1.03734353367,-15.7619076733
1.03800325409,-16.3401089112
1.0428796818,-15.4629840556
1.04424127019,-16.322190152
1.03695390404,-15.5073565808
1.05295336509,-23.5474838335
1.02655478674,-9.56670082557
1.03895184057,-16.4331179336
1.04060996038,-15.7361079834
1.03686032707,-16.4521475824
1.03869999639,-15.3805715076
1.03788156292,-16.2202233563
1.03853197374,-15.4700412694
1.05159013333,-23.7248459321
1.02573798007,-9.87357482693
1.03899244728,-16.6275518826
1.03946542811,-15.7026382058
1.03826587683,-16.6352482501
1.03858179382,-15.4862456682
1.03786329309,-16.3422293636
1.04198779841,-15.2877851591
1.0541722108,-23.9033799963
1.02626003141,-9.99189427954
1.03821642196,-16.6356591555
1.03810634468,-15.6310429294
1.03680798291,-16.4989107734
1.03362817224,-15.6189269088
1.03756570135,-16.2648484941
1.03814081609,-15.4723806764
1.05385068792,-24.1497376439
1.02738571017,-9.64723269402
1.03885135639,-16.6050366279
1.03608960841,-15.6268230032
1.03805822313,-16.410938603
1.03899942335,-15.4481057227
1.03890776311,-16.1930466898
1.03584471879,-15.4786979619
1.05131558697,-23.9521656758
1.02594202028,-10.032114953
1.04024321024,-16.2741918504
1.03476949216,-15.6728459565
1.03741882843,-16.4129683634
1.03503136479,-15.686308779
1.03919254937,-16.1770126738
1.03691054799,-15.5029642084
1.05134850172,-23.7322666541
1.02626261019,-9.90645505519
1.03794765669,-16.5797431017
1.03942947566,-15.6774930278
1.03986409638,-16.396723581
1.03789958328,-15.3445785657
1.03907611642,-16.0072137168
1.03604845112,-15.2306229088
1.0522847019,-23.634888225
1.02360430039,-9.90509576257
1.03636649834,-16.4008701528
1.03592372628,-15.5989114741
1.04036101801,-16.7201959458
1.03845601251,-15.3159065466
1.04188615986,-16.2142927371
1.03680395616,-15.3801246991
1.05449805788,-23.4487621866
1.02515199685,-9.85836086857
1.03643899388,-16.3897153025
1.04316945275,-15.8258368908
1.04008166197,-16.3196118842
1.03600929628,-15.679873838
1.03790106689,-16.1213668235
1.03889031076,-15.3051544209
1.05079713537,-23.8183745783
1.02864017603,-9.85458160736
1.04207350215,-16.2332920593
1.03827327725,-15.8100385652
1.03789592444,-16.3611075255
1.03865605018,-15.4387888591
1.03794173357,-16.2305133839
1.03469385623,-15.6023691445
1.052358532,-23.7736278878
1.02711249324,-9.75826255052
1.03854975136,-16.6618300619
1.03921548173,-15.8339092553
1.03685070971,-16.6184175309
1.04208231487,-15.7541477345
1.03952910352,-16.2195499498
1.03984687372,-15.1950735543
1.05400650622,-23.6817090746
1.02435551639,-9.94959381698
1.03782269111,-16.9314865941
1.04089354785,-15.5578332015
1.03706446946,-16.4701640565
1.03592997832,-15.6514234137
1.0394192579,-16.1698354243
1.0384144989,-15.5649936747
1.05602986577,-23.6748829953
1.02615705315,-10.045614079
1.03793717048,-16.61728533
1.03923783831,-15.8650179943
1.03780262024,-16.3878747908
1.0366682186,-15.6001561991
1.0393460788,-16.1474214252
1.03561501273,-15.4980698677
1.05177656047,-23.7675636405
1.02680334365,-9.72352365721
1.03656423132,-16.7450729866
1.03525689837,-15.779723387
1.03605674242,-16.5220512713
1.03672092813,-15.5063780176
1.0398629473,-16.0204656567
1.03846194308,-15.4540774203
1.04967290514,-23.9748550475
1.02832556362,-9.72938762095
1.03761115274,-16.7545652677
1.03727576747,-15.6752034777
1.03564002682,-16.4967154395
1.03718445846,-15.6599051849
1.03974307548,-16.3002592287
1.03708302595,-15.2150295146
1.05491746584,-23.9937118006
1.02769378202,-9.76103089533
1.04041789669,-16.471771291
1.0373310144,-15.9217251501
1.03764078297,-16.4036663192
1.03982180289,-15.446842012
1.03980276553,-16.2552025548
1.03506352908,-15.3937264215
1.04993101808,-23.8141809616
1.02582224369,-9.81397932561
1.04022013156,-16.4489491515
1.03612657752,-15.8478878376
1.03823517623,-16.6058811465
1.03523861291,-15.8910526316
1.03780056913,-16.5742099069
1.03614623526,-15.9754434975
1.05209783733,-23.6240526353
1.02628171913,-9.89458269582
1.0381046621,-16.3717757737
1.03617307542,-15.7395648315
1.04117283422,-16.4845451923
1.03719338055,-15.6740512415
1.03799933881,-16.1210254804
1.03933286678,-15.3623072857
1.0526847238,-23.8087305655
1.02578739332,-9.76246488303
1.04191997396,-16.5032293246
1.04229741494,-15.8505525049
1.0403452348,-16.2251605783
1.03854030103,-15.706030907
1.03832843653,-16.4493478548
1.03897529489,-15.4354035506
1.05228189102,-23.9400476901
1.03045996604,-9.76969350589
1.03856949336,-16.6792898245
1.04050617827,-15.9187656732
1.04092977978,-16.3884027271
1.03625357868,-15.5496816577
1.03766500231,-16.2183358449
1.03544353778,-15.4726110687
1.05369041695,-23.8100040268
1.0281498174,-9.73994689014
1.04089923512,-16.2666819108
1.03743441452,-15.5916074609
1.03641471909,-16.4343749495
1.04015257618,-15.6860131933
1.04087028176,-16.3145749861
1.03776202428,-15.5624795223
1.05402895451,-23.7600877071
1.03050541492,-9.80420304369
1.0381455189,-16.3477893628
1.03544620124,-15.7618024854
1.03874696309,-16.3538535541
1.03753970843,-15.6271863633
1.03780391475,-16.237243004
1.03795410804,-15.4038554141
1.05754566831,-23.3948827799
1.02710500732,-9.81036571725
1.03960508387,-16.4399826978
1.03906098087,-15.8266961842
1.04011637179,-16.5069414407
1.03890403943,-15.7663873939
1.0379428105,-15.9715215592
1.04038505475,-15.4262962239
1.05600432489,-23.5699363354
1.02763273437,-10.007826271
1.0397082523,-16.5922535584
1.0395479631,-15.4073367177
1.03892129177,-16.5457930993
1.03700210765,-15.7941971453
1.03962185879,-16.2184360121
1.0390179172,-15.3912630644
1.05461253532,-23.906849804
1.02363797891,-9.93725655186
1.04141238622,-16.5851081071
1.04237594327,-15.6817049515
1.04045602042,-16.2984902737
1.03613627787,-15.7402417687
1.03721210935,-16.5214638471
1.03346791802,-15.7214836469
1.05154524406,-23.750418468
1.02565516451,-10.0854906365
1.03971966939,-16.7186737398
1.03432133924,-15.8086401547
1.03955224825,-16.5566025309
1.03731729419,-15.5490876774
1.03765454994,-16.3323186806
1.04049324527,-15.6350207804
1.05464737693,-23.8513955236
1.02591817067,-10.1273928498
1.04018112181,-16.5583566589
1.04193012729,-15.7537501076
1.03685091624,-16.4833370878
1.03474323431,-15.9747561327
1.04041544156,-16.2024880273
1.03630188476,-15.4954310685
1.05137004113,-23.6675140298
1.03022694262,-9.89110923506
1.03800152134,-16.6491362334
1.03833099632,-15.8924623778
1.03880622023,-16.756218409
1.03643145948,-15.4172021613
1.04197079594,-16.0668177791
1.04003520853,-15.6709619471
1.0505347336,-23.6282247487
1.02388785783,-9.47004547735
1.04095904266,-16.6358149455
1.03850385448,-16.0013457448
1.04106116204,-16.296507769
1.03596914644,-15.8118293083
1.04041208773,-16.0811350747
1.03591861658,-15.6795935938
1.05170921477,-23.7556046896
1.02872052698,-9.82861926733
1.03863942728,-16.5766867389
1.03949034886,-16.2390026962
1.03934673974,-16.3498514868
1.0400513951,-15.5417527924
1.03765141678,-16.3703287885
1.03660842716,-15.4517685243
1.05030428723,-23.8011051161
1.02589228151,-9.95259218544
1.03819736005,-16.5674568853
1.03462840483,-15.7688188966
1.03762981257,-16.2889774604
1.03486780748,-15.41540997
1.03850851067,-16.208413239
1.03904836537,-15.371339509
1.05450729335,-23.4472566203
1.02640547189,-9.97978056968
1.03726963226,-16.6703006503
1.03750491425,-15.7795785517
1.04007759948,-16.3218151995
1.04009060504,-15.1726842974
1.04029762307,-16.2574388607
1.03589764061,-15.6011044775
1.05032438808,-23.8957859995
1.02383124016,-10.1069186493
1.03833667294,-16.7207490552
1.03587588079,-15.6957474951
1.03910128031,-16.4045567459
1.0378730751,-15.7965048339
1.04082171194,-16.2402325109
1.03904973669,-15.6267280006
1.05495920248,-23.6335772785
1.02259773086,-10.1139123955
1.04034626693,-16.6844853441
1.03804123554,-16.0675352614
1.0380766448,-16.7384291987
1.03626299337,-15.7373120394
1.03864543863,-16.2076293249
1.04001208151,-15.4476868127
1.05204087174,-23.6436726093
1.0270400793,-9.92948045386
1.04184761764,-16.3032250139
1.03591408622,-16.2634677389
1.03906728378,-16.3178759584
1.03758310072,-15.6281773968
1.04074519521,-16.0325325155
1.03668752458,-15.3957558699
1.05243133263,-23.6208313758
1.02796844997,-9.80061118138
1.03887436119,-16.6300784663
1.03793706448,-15.9781553364
1.04183908087,-16.5201046722
1.03697781113,-15.3782029487
1.03802390094,-16.2129471104
1.03779731181,-15.4610063907
1.05234077557,-23.5528872301
1.02746577565,-10.0877469832
1.03954995505,-16.6129823741
1.03738290277,-16.063251606
1.04044294769,-16.4870115221
1.03492827172,-15.8757399054
1.04061182865,-16.2950129155
1.03924255878,-15.6941403245
1.05248653636,-23.6885464519
1.02687139439,-10.051252537
1.03936179209,-16.516174394
1.04127359852,-15.6515515731
1.04059618229,-16.2987433083
1.03705603082,-15.6330127971
1.0411746078,-16.2684933889
1.03918405988,-15.4011303505
1.05287695417,-23.5519243316
1.02552388023,-9.97363229431
1.04126688383,-16.7188060898
1.03998426416,-16.2824304094
1.04142612573,-16.5490409003
1.03817494744,-15.5864197513
1.03873603504,-16.3045013933
1.03813353642,-15.4455136779
1.05109869193,-24.024307354
1.02669214482,-9.87485483981
1.04404659819,-16.4701997682
1.03642652725,-16.0157878445
1.0401465561,-16.6512885133
1.03547254035,-15.7275995179
1.04146610654,-16.1807718405
1.03774626397,-15.1621249851
1.05089358132,-24.1121398345
1.02584666535,-9.73785807738
1.03897760158,-16.7675761558
1.03872720485,-15.6066896352
1.04089847764,-16.5465271507
1.04174563413,-15.6332206555
1.04090309455,-16.2816614208
1.04097015241,-15.4959481757
1.0538218219,-23.7337286262
1.03056684117,-10.0695616087
1.03993445576,-16.5959275649
1.03860610543,-15.9443705994
1.04150578701,-16.1800160453
1.03777907688,-15.4648180463
1.03860377361,-16.3755953847
1.04088192854,-15.6551923928
1.05768056794,-23.5679902817
1.0269358919,-9.75096037857
1.04011542406,-16.5579472792
1.03996752499,-16.0440837447
1.04143384679,-16.3793872601
1.03801772205,-15.8572052773
1.04127058818,-16.303368231
1.03644157514,-15.4900875786
1.05426264611,-23.9823764876
1.02575873602,-9.80809192313
1.03853354386,-16.4872708203
1.0380055131,-15.9357465445
1.04053741641,-16.2231568806
1.04022774022,-15.5224965213
1.03802700604,-16.5556975088
1.04155484793,-15.6032647379
1.05906652828,-23.9007179301
1.02764851371,-9.84163804203
1.04182865147,-16.6469463432
1.03982050131,-15.6856757282
1.03796855512,-16.446337844
1.04062131161,-15.3963565544
1.04714812787,-16.2848006723
1.03937602905,-15.791089323
1.0552798278,-24.0740455093
1.02907510383,-9.8926314271
1.04191541115,-16.29815334
1.04109261715,-15.9813377081
1.04171484959,-16.5186838243
1.0406693444,-15.8534005509
1.04098134786,-16.2757684583
1.03828160246,-15.6226502532
1.05559511822,-23.7193703403
1.0278882823,-10.0077005974
1.04103470989,-16.8229383884
1.03943126657,-15.8383306819
1.03976258969,-16.6527593887
1.04052894399,-15.6617099853
1.03967285549,-16.3599942068
1.03712229538,-15.3730719374
1.0553945757,-23.7465624105
1.02544852919,-9.77066712273
1.04079654979,-16.547585451
1.03768436879,-15.8652310484
1.04195484348,-16.3693721917
1.03857270405,-15.7592612825
1.03942242449,-16.2845370928
1.03540496092,-15.6728785542
1.05392525298,-23.8283052289
1.02788001178,-9.95136530654
1.0402359363,-16.4075683353
1.04041775218,-16.0435198485
1.03840031931,-16.4119820516
1.0394343932,-15.6706791292
1.04074100273,-16.1490931899
1.03653263594,-15.6058072346
1.0522271434,-23.8954323482
1.02832541488,-9.80212601067
1.04318225746,-16.1712034502
1.03690731998,-15.9945509335
1.03578625604,-16.4635309407
1.03820280719,-15.500902501
1.03665498269,-16.1953557091
1.03988472171,-15.3170305947
1.05156815945,-23.5431006828
1.02870261971,-9.91566628753
1.03747931592,-16.6345349208
1.03895856308,-15.4294904879
1.04073597523,-16.4070509508
1.03952199379,-15.684859399
1.03791319757,-16.381338976
1.03837379278,-15.3787555944
1.05454179422,-23.8285066736
1.02451782636,-9.98599821497
1.03839315021,-16.5407392966
1.04000586239,-15.8236029722
1.04112401417,-16.3381748611
1.03714389784,-15.5696194429
1.04008211538,-16.5300704037
1.03558429721,-15.697578192
1.05286163586,-23.9997913113
1.02911374551,-9.7490365181
1.03838093538,-16.676740553
1.03903341288,-15.6741249512
1.03731172342,-16.5773347787
1.03847061582,-15.5117950145
1.03787599653,-16.3138855695
1.03958910161,-15.3457200401
1.05296892687,-23.6902138498
1.03229844432,-9.93439072657
1.03967993941,-16.4388064264
1.0346880981,-15.8010895327
1.0399787365,-16.6552386039
1.03651301268,-15.6464790423
1.03631099361,-16.4849567368
1.03954766011,-15.3928406539
1.05299231659,-23.713953267
1.02741136578,-10.2096399408
1.04103604541,-16.6539167043
1.03758861711,-15.7391246775
1.03539631126,-16.5554506212
1.03741476809,-15.5472196164
1.03729428085,-16.3491462651
1.03641904509,-15.4685513691
1.05298614381,-23.8392168292
1.0274617864,-9.73932647365
1.03782227817,-16.3462188282
1.03512234567,-15.949406474
1.03488289055,-16.5387903975
1.04036881999,-15.190720125
1.03945203785,-16.2050735579
1.03551127129,-15.2818744811
1.05123659014,-23.8544442018
1.02693821686,-9.64858450915
1.04241023115,-16.4886767075
1.03761347115,-15.97582752
1.0409686129,-16.2402466062
1.0380184788,-15.6477905805
1.03715956096,-16.4161619674
1.0416921162,-15.229136486
1.05557580058,-23.938558392
1.02750614678,-10.0143227467
1.04051808109,-16.4936757488
1.03906586962,-15.6227297042
1.03649256744,-16.7150946786
1.03542562686,-15.4009767327
1.03976763114,-16.3278209613
1.04061018854,-15.5409526929
1.05499506695,-23.575095047
1.02663524826,-9.99635128587
1.03771938076,-16.5509895979
1.04083347237,-15.9260132617
1.03883921785,-16.7983834901
1.03792661964,-15.8410931887
1.04088815245,-16.2463662529
1.03646201757,-15.3740242386
1.05698119506,-23.8507745046
1.02841274785,-9.72026683184
1.03605609823,-16.7834431204
1.03931472097,-15.4762420277
1.03572749033,-16.609688164
1.03324679689,-15.5444356583
1.03795511935,-16.1706212041
1.03638584732,-15.7861644405
1.05235176326,-23.8435570384
1.0278572111,-9.51491901621
1.0380538356,-16.5409274427
1.03946220163,-15.8910586428
1.03874802538,-16.9442878451
1.0376293362,-15.7088562112
1.03788840728,-16.5636296684
1.04003556567,-15.7868379005
1.05347927825,-23.8954984191
1.02881134318,-9.97176356415
1.03907825575,-16.3758135816
1.04152612928,-15.6832240328
1.04188711568,-16.6653222705
1.03740640947,-15.7705398549
1.03668357755,-16.3498564742
1.03803137212,-15.6799793968
1.05260660846,-23.7127137668
1.02942040532,-9.94186025492
1.03761437692,-16.696261466
1.03637018121,-15.9252941442
1.04343549249,-16.4264065492
1.03478180439,-15.5813476254
1.03754838646,-16.2591484094
1.03937422066,-15.3272705731
1.0553334587,-23.9480928838
1.02883052764,-9.91772769759
1.03811910545,-16.5663852546
1.03876799844,-15.9694643886
1.03981922223,-16.3658765902
1.03946955739,-15.2453360735
1.04132926344,-16.5848600776
1.04232951729,-15.2513343565
1.05603769907,-24.0456070564
1.03033543493,-9.80616844069
1.03676368436,-16.7960426743
1.03543710182,-16.1810146856
1.04084229047,-16.5996643471
1.03666961927,-15.5409238734
1.04145701433,-16.4193280867
1.03610798387,-15.5066799711
1.05194462275,-24.0323041351
1.02867701473,-9.80560025394
1.0378817269,-16.6029884699
1.03653999569,-15.9847979073
1.04006132096,-16.3591993997
1.03606836132,-15.7873436005
1.03642273686,-16.2557303994
1.03599439629,-15.6564875289
1.05285588956,-23.7776347964
1.02623897424,-9.88368374609
1.03788067478,-16.5100548724
1.03540759398,-15.919144651
1.03655586701,-16.655619713
1.03607670325,-15.633260263
1.04084434902,-16.4097317067
1.03851541822,-15.7326709861
1.05112024494,-24.0227892008
1.0277584884,-10.2043195946
1.0380175289,-16.6603929173
1.03712330893,-15.9002727531
1.03599053792,-16.7563964002
1.03659028915,-15.7805480574
1.03813846419,-16.5135702011
1.03822746603,-15.6066272555
1.05200564577,-23.7867995955
1.02854575481,-9.65815536779
1.03685410132,-16.8287062243
1.03686531035,-15.7462202222
1.03889884536,-16.5718814478
1.0385060743,-15.5217928006
1.03774153858,-16.5080274819
1.03485296466,-15.3963232651
1.04951762458,-23.8893142683
1.02586724593,-10.0142628171
1.03720158799,-16.6582929343
1.03838005993,-15.974548689
1.03798532279,-16.6430051745
1.03805352851,-15.5815138955
1.03793799527,-16.2524017755
1.04331455227,-15.2260146728
1.05089679965,-23.9259614727
1.02629902181,-9.87100147319
1.03506756317,-16.4153393535
1.03778004296,-16.1324047634
1.04183933118,-16.3466034555
1.03704949422,-15.8732920012
1.03905988515,-16.2062024489
1.03701988039,-15.590762164
1.05810356932,-23.9232909053
1.02623521829,-9.95519595602
1.04023111582,-16.5493223903
1.04313192718,-15.7083161941
1.04042269157,-16.5156961616
1.04090610767,-15.4224185769
1.04022925163,-16.6229160474
1.04056449558,-15.9644422742
1.05754623433,-23.980199889
1.0286555978,-10.0458845812
1.04268239493,-16.5322849948
1.04030653001,-16.1764670019
1.04510034875,-16.27556561
1.04304914495,-15.815735346
1.04593192827,-16.2479544588
1.04156263398,-15.5347458002
1.05818769515,-23.9237317473
1.02972131839,-9.93535722945
1.04412343321,-16.7471221074
1.0433368765,-15.8889912216
1.0455344604,-16.6559858747
1.04226408281,-15.8929236189
1.04547163323,-16.5923537653
1.04126011517,-15.7093123735
1.05817571602,-23.6232279852
1.03313203421,-9.9165803222
1.0439429556,-16.7094711713
1.04124380828,-15.9666804715
1.04886364452,-16.6012560971
1.04145093145,-15.6161350165
1.04050771718,-16.1152176359
1.04074079309,-15.5708403287
1.05932384908,-23.6195789815
1.03063642953,-10.0784241388
1.04159968018,-16.526987676
1.04114695445,-15.9138612502
1.04092838131,-16.5313118052
1.04033780328,-15.4000707855
1.03871270113,-16.2633764644
1.04047074695,-15.7195279138
1.05794529697,-23.8921214772
1.02716675888,-9.89355140875
1.04152591891,-16.7043843439
1.03868287405,-15.8141215449
1.03786117394,-16.5711129187
1.04186289456,-15.797922314
1.03804587088,-16.3934700231
1.03631500547,-15.4347989903
1.05156607009,-23.6397712107
1.02751041357,-9.8886229604
1.04053405606,-16.4029293219
1.0369824515,-15.9671037715
1.04089744389,-16.3998230329
1.04080046168,-15.6608184061
1.04124427746,-16.4274508094
1.03911116597,-15.4343401603
1.05388997573,-23.5468820774
1.02543952458,-10.0984387311
1.04004611795,-16.479561465
1.03783366087,-15.8464956333
1.04184023341,-16.403409966
1.04015627342,-15.8463821026
1.03942837614,-16.3197449359
1.0412451774,-15.3724539502
1.05818330746,-23.7285575649
1.03188607877,-9.78434342133
1.0417987456,-16.4413496658
1.04456886609,-15.7209024905
1.04446750056,-16.2482874477
1.03827936513,-15.4178954657
1.04407821486,-16.2829569991
1.04499557437,-15.6529351472
1.05808975988,-24.0086460396
1.03054231403,-9.91928280568
1.0418860326,-16.9321301295
1.04373264338,-15.9011605021
1.04582057723,-16.8795871086
1.04123213745,-15.8692528873
1.04069534771,-16.4678801148
1.0435005502,-15.5666163237
1.05788977691,-23.9740348627
1.03253445672,-10.0406924914
1.04208124914,-16.9632200229
1.04289466783,-15.9147307367
1.04844834613,-16.5265156315
1.04224404892,-15.6894508675
1.04481123069,-16.2596850308
1.04371351549,-15.679274372
1.05735690033,-23.9127741816
1.03109856005,-10.3323163679
1.04394437641,-16.7289070946
1.04198976134,-15.8851929706
1.04278435104,-16.7418644915
1.04417462216,-15.7512906633
1.04145535013,-16.5528899818
1.04087281712,-15.7547842406
1.056762414,-23.9120361488
1.03148854072,-10.1878405217
1.04227327568,-16.8267747728
1.04460278351,-16.0784455643
1.04303071508,-16.9758674277
1.04188709077,-15.6966814807
1.04313387539,-16.294729989
1.04063391744,-15.6958068958
1.0584303493,-24.0951094536
1.0293186624,-10.3933686675
1.04231699107,-16.6608534155
1.04071723353,-16.1315456657
1.04530707746,-16.8558495044
1.04170176697,-16.0137233026
1.04417538021,-16.5018455439
1.04189690389,-15.8967331875
1.05794938319,-24.1566318812
1.02891527091,-10.0067247923
1.04264065554,-16.9340282644
1.04131902405,-15.9621836521
1.04215257279,-16.7451232308
1.04306860305,-16.011378585
1.04175895231,-16.4781700175
1.05075003795,-15.5971712692
1.05694740042,-23.9915396631
1.03308031377,-10.0173751573
1.04212809553,-16.5297369685
1.04252621768,-16.3178314728
1.04381800253,-17.0266909624
1.04270723366,-15.88735666
1.04369883649,-16.5097455814
1.04444557079,-16.0108409882
1.05803542312,-24.0133246049
1.03164409242,-10.1107546228
1.04464307205,-16.8442096768
1.04472977514,-15.9208739895
1.04121819373,-16.7902185903
1.04398630369,-15.8408182477
1.04419441149,-16.7791493499
1.04277709492,-15.8968205564
1.06325299927,-23.9507595378
1.03036125171,-10.0883893294
1.04251315595,-16.7988723834
1.04601004193,-16.3221011084
1.04495204675,-16.6562910787
1.04198570584,-16.1687686064
1.04282432299,-16.2807617336
1.04521037881,-15.8218142106
1.05758913654,-24.2752866029
1.03367297323,-10.0340756763
1.04446866395,-16.9518086357
1.0436482224,-16.1720118487
1.04320379202,-16.5118317798
1.04184790088,-15.9220363721
1.0441982406,-16.5357258104
1.04501826136,-15.8831064489
1.0604721583,-24.0659509211
1.03354679466,-10.1595621899
1.04186073773,-17.0076212399
1.0426198165,-16.0210813673
1.04652788041,-17.158062687
1.04619532494,-15.6490023932
1.0438598959,-16.8134770256
1.04485329383,-16.045039378
1.06103594291,-24.0993502368
1.03672913857,-9.76271684298
1.04508408759,-16.9017266245
1.04481807668,-16.1272458838
1.04289527569,-16.7474473145
1.04292510766,-16.0049275723
1.04450069697,-16.7955024294
1.04650895699,-16.1393566661
1.05914624994,-24.2838443836
1.03137428317,-9.91448967047
1.04507716307,-16.9087014146
1.04306829984,-15.9780622859
1.04497617192,-16.9017098019
1.04380005028,-16.0370889799
1.04382161999,-16.8011722853
1.04359176185,-15.6351701193
1.0623445874,-24.401028834
1.03604870699,-10.0834513979
1.04177309991,-17.2483087678
1.04456880953,-15.9858079049
1.04699117145,-16.7457082181
1.04173871643,-16.463760207
1.04317129342,-16.6022872336
1.04122579674,-15.8933023526
1.06021600015,-23.9885775021
1.03547825173,-10.19948544
1.04740832857,-16.935339562
1.04657990257,-16.2600985087
1.04824277376,-17.1961346024
1.04511152785,-15.7297430948
1.04813079229,-16.5325800972
1.07078161176,-16.1428631865
1.06457719627,-24.1711769738
1.03723404045,-10.3164504119
1.04572305945,-17.1595252713
1.04266933878,-16.2394707396
1.04673781802,-16.7924249324
1.04337279277,-15.9372422377
1.04557795219,-16.7184692743
1.04513022952,-15.7483120301
1.06201956999,-24.1940131522
1.03307172156,-10.2902558441
1.04878181483,-16.859574653
1.04510578466,-16.2401331338
1.0447952247,-16.8878259533
1.04598764989,-16.0995895643
1.04721565186,-16.4965098031
1.04303951369,-15.7408429799
1.05945813525,-24.3499613656
1.03775644844,-9.90525342297
1.04464422026,-16.8996035733
1.04579344771,-15.9803119353
1.04507983904,-16.8689526642
1.04573087052,-15.5381782404
1.04740544039,-16.4375742691
1.04491174077,-15.8465782416
1.05963145181,-23.9280174815
1.03317581879,-10.1233588711
1.0412574481,-17.0997304313
1.04261197884,-16.117358878
1.04358261025,-16.929728769
1.04250071753,-15.9993124174
1.04683707209,-16.581963039
1.04555817916,-15.7145157142
1.0608141124,-24.4765803377
1.03433283084,-10.2273287768
1.04773756255,-17.1451049774
1.04564710772,-16.2012664388
1.04571281903,-16.914288732
1.04756277426,-15.620399379
1.0479451232,-16.7074923335
1.04678428472,-15.7417500752
1.06133909439,-24.2134562399
1.03460756098,-10.0973318307
1.04718100041,-16.7493398072
1.04355138862,-16.0097851399
1.04554639083,-17.103751718
1.04433676721,-15.9678359834
1.04599847228,-16.1073585319
1.04511982602,-15.9684079054
1.05758690351,-24.3264210156
1.03192173027,-10.2787363391
1.04169538174,-16.9430720709
1.0433500399,-16.3774395988
1.04327127237,-16.5463502375
1.0452395565,-16.1288448795
1.04530243449,-16.7628810419
1.04648875143,-15.4481550281
1.06301001714,-24.2670273157
1.0339453509,-10.0667024194
1.0497243137,-16.7209159611
1.04333807969,-16.1233737698
1.0435619076,-16.9172150968
1.04548100025,-16.0403346908
1.04640710119,-16.7642695772
1.04514627588,-16.0761697529
1.06159298466,-24.1104812897
1.03642834093,-10.1849034898
1.04449826025,-16.9245157856
1.04332969763,-16.2806059695
1.0485516214,-16.9645887726
1.04164784735,-16.1950147619
1.04856339721,-16.8055193295
1.04630877,-15.6592428571
1.06225217946,-23.9807992444
1.03536295962,-10.3465635779
1.04793451201,-16.8584399757
1.04642774999,-16.0698009255
1.05085622846,-16.5004969356
1.04615027287,-16.2402687252
1.0479301412,-16.6284600724
1.0453937757,-15.8396305014
1.06033648176,-24.4053025259
1.03665056596,-10.0926653018
1.0500136575,-16.9655554195
1.04710492846,-16.3012442433
1.04841033289,-16.8046979591
1.05157256769,-15.7206814825
1.04732822061,-16.5566885745
1.04846951185,-15.9256690149
1.06225377175,-24.3724598181
1.03639366999,-10.3236013039
1.05053314697,-17.1945912842
1.04773052392,-16.0745111607
1.04699566247,-16.9176259654
1.04579642357,-16.1312840017
1.04940027651,-16.5234745064
1.04483306247,-15.9345210355
1.06094582642,-24.1469888566
1.03463300545,-10.0954632409
1.04517944223,-16.95957902
1.0465734813,-16.0647416258
1.04598275398,-16.9656826727
1.04494289869,-15.9655019095
1.04431990995,-16.7089409508
1.04536011746,-15.9305605153
1.05672378707,-24.4398940206
1.03601226621,-10.167593319
1.0448116137,-17.0930268175
1.04404678115,-16.1226802995
1.04926090767,-16.5449768643
1.04504798419,-16.001532948
1.04445544729,-16.5011398653
1.04522416072,-15.698452646
1.06158288886,-24.2112531302
1.03418080202,-9.97292646926
1.04616463393,-16.7200434829
1.04564887194,-16.1373727761
1.04410740461,-16.9465749984
1.04179963523,-16.0250654792
1.04367849488,-16.6805008845
1.04382828927,-15.8886829531
1.06066605868,-24.3541014802
1.03632936543,-10.1384363116
1.04585681831,-16.850507992
1.0445361184,-16.1367510173
1.04396237501,-17.0075793629
1.0432479185,-16.0085337471
1.04411880902,-16.5924288862
1.04428416507,-15.914591655
1.06280338632,-24.2269881441
1.03814636779,-10.1276282457
1.04427946272,-16.8100959518
1.04260410298,-16.3392884804
1.0442394819,-16.8665122475
1.04513671409,-15.8803005106
1.0445104034,-16.5318815552
1.04500879922,-15.9620447963
1.05644427929,-24.0222164931
1.03354830185,-10.2278721853
1.04373628064,-16.8585327409
1.04169977687,-16.2693154863
1.04431327102,-17.0241740692
1.04603108531,-15.8181484959
1.04612206332,-16.6603017102
1.04348898024,-15.5917715928
1.05839284982,-23.9991194354
1.0348953978,-9.92117263021
1.04656679446,-16.5249767498
1.04207840747,-16.156955162
1.04760759167,-16.5422668175
1.04126840305,-15.8102071906
1.04400696561,-16.7129056248
1.04368646679,-15.7366974878
1.05731961988,-24.0972137669
1.03073660539,-10.3433086797
1.0434000632,-17.2797625855
1.0440073814,-16.1670596736
1.04558607369,-16.9509650948
1.04379340753,-15.7913878467
1.04390099674,-16.7621184754
1.04350432773,-15.765959304
1.06346519445,-24.0510007557
1.03212308945,-10.2336615141
1.04559962816,-16.7340359613
1.04382499879,-16.4358178649
1.0419339459,-16.90288469
1.04670291082,-15.7625397396
1.04362888602,-16.5960497783
1.0448279861,-15.8562674771
1.05972348696,-24.5557729435
1.03529558317,-10.0417661821
1.04402220686,-16.8792757206
1.04548481165,-15.905403541
1.04456173969,-16.7418188702
1.04350733087,-15.978999037
1.04589902963,-16.6885206654
1.04112320742,-15.6873944121
1.06002130466,-24.2931129329
1.03285239411,-10.3184179989
1.04921858181,-16.9024608173
1.04176378326,-16.0985824622
1.04571300237,-17.0287471169
1.04317232027,-15.9018747608
1.04250463912,-16.855990738
1.04711721409,-15.9528723993
1.05906392747,-23.8629624536
1.03198614624,-10.3529239626
1.04427327453,-16.8331312028
1.04313327456,-15.8783230932
1.04289170531,-16.5595126854
1.04699309143,-15.6489043385
1.04715325895,-16.8314542353
1.04362084476,-15.8372539632
1.0571169534,-24.2125613515
1.03267834582,-10.3996260149
1.04507261663,-16.8868723186
1.04503337823,-16.2074476866
1.04322909211,-16.7309946236
1.04262390833,-15.9417844627
1.0437402934,-16.6803169234
1.04492880928,-15.7082785182
1.05596940062,-24.3071846474
1.03330003802,-10.1314155269
1.04594976923,-16.5957009102
1.04785650003,-16.3736591846
1.04875057836,-16.6566396662
1.04309938575,-15.8443898951
1.04348947739,-16.7780793527
1.0500639299,-15.9504743718
1.05602324276,-24.1133095616
1.03451996062,-10.181669506
1.04729178455,-16.9578368199
1.04381093783,-16.0563226117
1.04344250062,-16.8651488227
1.04415641227,-16.1141631599
1.04313948245,-16.5948921673
1.0440825146,-15.9030000009
1.05838187396,-24.2618728888
1.03294816896,-10.010100672
1.04169827414,-17.1137007307
1.04378269154,-16.1865157144
1.04262919148,-16.8925684219
1.04292698215,-16.1918013897
1.04439330134,-16.770763749
1.04612247373,-15.8359081335
1.0566413231,-24.0666021699
1.03065926851,-10.1380822375
1.0413277744,-16.6863794894
1.04299056786,-16.3813849823
1.04351762406,-16.6403303444
1.04067940826,-15.8940055378
1.04227137942,-16.4759151888
1.04471967078,-16.0189527269
1.05601603911,-24.0590349434
1.02859121519,-10.407296526
1.04204348773,-16.916870802
1.04226442763,-15.7564000918
1.04251267854,-16.8378501608
1.04105134852,-15.6798508084
1.04229965634,-16.4762571161
1.04402007921,-15.7091708621
1.05820021636,-23.9470226108
1.03143818017,-9.99099996749
1.043410452,-16.9713290943
1.04206218105,-16.2441125069
1.04213164821,-16.6345850645
1.04224889332,-15.6713769844
1.04244402264,-16.626930543
1.04338019275,-15.5816628701
1.05760017115,-24.3601583904
1.02846824286,-10.0387307821
1.04353767772,-16.9783568676
1.03941907165,-16.137630822
1.04446339505,-16.9630280055
1.0449217481,-15.8256222934
1.04165594879,-16.8825210447
1.04017297868,-15.6753131358
1.05625502945,-24.0326632264
1.03103490675,-10.0620795369
1.04049785069,-16.7036061232
1.04048158015,-16.2640250008
1.04173080495,-16.6216061368
1.04440224147,-15.5972675691
1.05044269089,-16.3635674912
1.04517170181,-15.8082261199
1.05658408725,-24.0645692494
1.02853491494,-10.2299655949
1.03928319073,-17.1436281222
1.0416311601,-16.0584213861
1.041240442,-16.8245145696
1.03930688674,-16.4291759383
1.0403152749,-16.4171800204
1.03864811209,-15.7624878062
1.0590358947,-24.1195007064
1.02753044945,-10.1120883902
1.03997219127,-17.0630495694
1.04169896746,-16.0941908582
1.04261652509,-16.8236509224
1.03841002595,-16.0272466196
1.04293478539,-16.5372842643
1.04301524788,-15.6789252283
1.05454104008,-23.9357039156
1.02685122015,-10.3922094071
1.04236359605,-16.7150196715
1.03683055732,-16.3673088678
1.04190948112,-16.8268644151
1.04208003501,-15.8447691177
1.04005413259,-16.6027910556
1.03953206838,-15.5161633737
1.05704384606,-23.9725645004
1.02996386061,-10.166829283
1.03823850946,-16.7262545569
1.04250244829,-16.0745667415
1.0395040777,-16.853866013
1.03926129497,-15.8738681551
1.03930840708,-16.5252778048
1.03868460261,-15.6461702233
1.05610085735,-24.0642275299
1.02790938759,-10.1607483446
1.03901202995,-16.675667348
1.04184563993,-15.7829246588
1.04307438004,-16.6624425436
1.03867683098,-15.7455680472
1.04274322828,-16.2060664872
1.04071634453,-15.7262790369
1.05282357281,-23.8836007153
1.0323743999,-10.0657345943
1.03950201963,-16.7445926824
1.04102373879,-16.175481767
1.0401923612,-16.6145115053
1.03873358126,-15.6753981175
1.03822282539,-16.4968702126
1.03887032944,-15.6325489867
1.05177862229,-23.7977112588
1.02533133952,-10.3216523204
1.04062259284,-16.7739372888
1.03908966586,-16.239631145
1.03787463188,-16.730407581
1.03874351863,-15.9611518828
1.03630155438,-16.3599002563
1.04028893661,-15.8282346064
1.05407448983,-24.4458749667
1.02474096742,-10.3297666826
1.04201805226,-16.7794900645
1.04045947716,-16.311466406
1.03789160161,-16.8467945798
1.03816044966,-15.7754508317
1.03888370502,-16.6358848208
1.04200157812,-15.8894240066
1.05020082608,-24.3943913239
1.02557230111,-10.0903840538
1.03938003194,-17.0114517064
1.0375856202,-16.0014902116
1.03691503933,-16.8073145411
1.03480371217,-15.9578077097
1.03654427382,-16.6721271524
1.03745093459,-15.6009858654
1.0510440841,-23.9686016844
1.02397944058,-9.9447206172
1.04011704132,-16.8985252883
1.03822313059,-15.7653438212
1.03644045031,-16.9060018711
1.03733226605,-15.918029915
1.03741127512,-16.7145160961
1.03765108672,-15.9439268806
1.05187224058,-24.1101027677
1.0253029637,-10.5657557158
1.03669358671,-17.0961779085
1.03563971809,-16.4145082639
1.03826670188,-17.1945931781
1.03801936198,-15.9051656739
1.04035858776,-16.5581234781
1.03873054494,-15.8518155556
1.05070084496,-24.0688395682
1.02891964376,-10.0386501664
1.03761554316,-16.8802760278
1.04129685601,-16.0379112884
1.04048121683,-16.6843043734
1.03742999156,-16.0298518147
1.04058342477,-16.5983461976
1.03587705294,-15.9553992753
1.05240648186,-23.9782298664
1.02535850862,-10.1526534761
1.03977291856,-16.9493477338
1.03821904808,-16.0811099698
1.04095171286,-16.9284957082
1.03786893118,-15.9008834734
1.0379823372,-16.8521854358
1.04051655055,-15.6542330322
1.05207288361,-23.9964008655
1.02976936225,-10.3758305316
1.0409070662,-16.7881028176
1.0360109474,-16.1878692954
1.03702333955,-16.8205578307
1.04105617242,-15.655330218
1.0404379878,-16.7024668392
1.03812091293,-15.7166449026
1.05554691324,-24.2164512021
1.03010426114,-10.1851865439
1.0408686017,-16.8190663743
1.03800355668,-16.16669205
1.04000746157,-16.9244090535
1.03884892812,-16.1989924165
1.03905299226,-16.5942119917
1.03688346809,-15.5397351404
1.05493026517,-24.0599215885
1.02864542153,-10.2135149456
1.04043945578,-16.9286304882
1.03793105039,-15.9995805397
1.03744611696,-16.9094081602
1.039381358,-16.0682355961
1.04065781393,-16.6885115097
1.03624806816,-15.8818241674
1.05297282303,-24.2110706815
1.02538903722,-10.3894457712
1.03890557178,-17.1368845808
1.03705808261,-15.7716153242
1.03470902987,-17.1250271056
1.04001863568,-16.0158143622
1.04065723761,-16.6778671783
1.03604173217,-15.7770003339
1.05090305774,-24.1678166509
1.02823837465,-10.3078448247
1.03661918481,-17.1793128887
1.03506927825,-16.2949755108
1.0354766244,-16.9945678383
1.03699065099,-15.7532824172
1.03709165794,-16.7713649436
1.03795779874,-15.8970109045
1.05302819531,-24.3578653677
1.02562205814,-10.291961538
1.0373518104,-16.640171252
1.03803314049,-16.2705480166
1.04007655965,-16.8780878144
1.03882484549,-15.9357164387
1.03893872192,-16.6134271836
1.03715339738,-15.7625068934
1.05297573639,-24.1217726804
1.02733762398,-10.4503720981
1.03708434678,-16.7446394265
1.03835770557,-16.317693762
1.03790996764,-17.0045869809
1.03557723398,-16.0576109131
1.03604072009,-16.9847200109
1.03855974824,-15.3978458879
1.05217229092,-23.8862200023
1.02798091559,-10.2680934349
1.0363137977,-17.015317667
1.04000746533,-16.1010232702
1.03480810577,-17.0072675011
1.03790674135,-15.9924926422
1.03703460195,-16.7238094678
1.04127504416,-15.4328581697
1.05350673834,-24.0367804973
1.0256170779,-10.2833119536
1.0385562936,-16.9567077699
1.03649587383,-16.0052527651
1.03820820244,-16.6748326159
1.03825103882,-16.0671647339
1.04186615385,-16.6846618809
1.03973717783,-15.7177836873
1.05303381391,-24.3022729333
1.02920839863,-10.0496642454
1.03764359137,-16.6946931899
1.03415592091,-16.1792572541
1.03608974969,-16.7580150721
1.03846597519,-15.6919243581
1.03825261395,-16.3915438667
1.03917511352,-15.8840082711
1.05208511194,-24.3712366462
1.02610676366,-10.4090985966
1.03761439324,-16.9335247984
1.03854018746,-15.9890854656
1.03568107675,-16.7745126614
1.03371278247,-15.9472728888
1.03745089473,-16.3019851426
1.03492091633,-16.0532685889
1.05186202365,-24.0760541719
1.02665219948,-9.95025398691
1.03696560078,-16.4843662931
1.03319933991,-15.9329736133
1.03937994633,-16.6352751396
1.03393375471,-15.8863978608
1.03545457567,-16.8409002783
1.03710300897,-15.8113136013
1.05138583378,-24.1582985269
1.02553431656,-10.147093357
1.03793927788,-16.8928691349
1.03816443756,-16.2466818911
1.03776933549,-16.5018185469
1.03432329659,-15.55644263
1.03722115205,-16.7937482227
1.0360748939,-15.6643014866
1.05297828721,-24.0629362547
1.02598892103,-10.2022361018
1.03869542685,-17.020570658
1.03668890114,-16.1704324196
1.03834282143,-17.0251649148
1.03474597547,-15.8971256121
1.03633845184,-16.5770209118
1.03668789977,-15.8111525865
1.04743744101,-24.5064169192
1.02665172207,-10.0450666916
1.0387012742,-17.0671618067
1.03790232896,-15.9943795632
1.03549552456,-17.0558532988
1.03555171643,-16.2047300079
1.03930889809,-16.7663358962
1.03824455884,-15.8961031584
1.04995929116,-24.1057317409
1.02486318829,-10.1409834731
1.0361989755,-16.6915172835
1.03571233536,-16.0775650225
1.03750977159,-16.9303317498
1.03580997544,-15.807763553
1.03409404415,-16.8883377602
1.03529677118,-15.7543472041
1.05076346284,-24.2577504068
1.02156145483,-10.2193079712
1.03382409141,-17.10255788
1.03314868945,-16.0318075562
1.03176587627,-16.7837433481
1.03651001371,-15.4234280719
1.03710276046,-16.8068501267
1.03583704303,-16.0711296119
1.05436507959,-24.2033139515
1.02474856052,-10.4302492106
1.03593956155,-16.989477844
1.03891597333,-16.3922569256
1.0384638956,-16.7982517825
1.03690279501,-16.0555453376
1.03643811352,-16.484597203
1.03677500116,-15.8254349203
1.05133576786,-23.9319698406
1.02632384211,-10.3588663659
1.03693902835,-16.8358437462
1.03719947676,-16.4049688641
1.034637728,-17.0370275647
1.03534536719,-15.5865838202
1.03870905517,-16.7735973536
1.03709715013,-15.6394911128
1.05278008965,-23.8052444473
1.02409042708,-10.1449995118
1.03566055184,-16.5577346943
1.03565293307,-16.0357541805
1.03535608327,-16.9218090908
1.03434505499,-15.8699048987
1.03583404437,-16.6675099321
1.03300384182,-15.7590934713
1.05359553743,-24.1681014136
1.02623019571,-10.3572043461
1.03808238448,-17.2766146185
1.04138255757,-15.9667277757
1.0377172373,-16.8722656487
1.03734793284,-16.0324508802
1.03695588249,-16.8499552375
1.03814365006,-15.6005493558
1.05102711472,-24.0775075522
1.02605498913,-10.4084935795
1.04311664118,-16.7869586088
1.03538780741,-16.3850647806
1.03717501781,-16.7819575912
1.03633338407,-16.1329342819
1.03795982383,-16.4337162183
1.03615206218,-15.7189362124
1.05395787225,-24.0713256498
1.02524877022,-10.351022759
1.03974262207,-16.9072451007
1.03830788083,-16.009054766
1.03718963698,-16.6907866681
1.03643116877,-15.706034777
1.03798939509,-16.814662418
1.03629673483,-15.8259478965
1.05353022437,-24.2739834144
1.02726350499,-10.0910581753
1.03887376482,-16.9532210377
1.03976759263,-15.7853631987
1.04043744837,-16.8316213683
1.03671786716,-16.0504521271
1.04102576897,-16.652481695
1.03981092237,-15.9507503709
1.05165240293,-24.2869298948
1.02770137745,-10.2182063221
1.03845937804,-16.9312740064
1.03655698373,-16.2787759069
1.03883228519,-16.7626672662
1.0392492302,-15.909159948
1.03871935647,-16.4831402416
1.03363613595,-16.0270024187
1.04920689231,-24.2445262051
1.02610489295,-10.3164102643
1.03846600135,-16.78400617
1.03337625797,-16.3504748055
1.0370430102,-16.766518408
1.0374043326,-15.6484511944
1.03707180611,-16.993371038
1.03413602892,-15.904715929
1.05371204854,-24.1125390763
1.02572220665,-10.2691723337
1.03662468775,-16.6655569816
1.03801753428,-16.3541889178
1.03673446649,-16.88544742
1.03472013115,-15.8264220138
1.03912268267,-16.7096615893
1.03661985841,-15.7010511483
1.04891494175,-24.1724091576
1.02679713619,-10.1379651198
1.03763587662,-17.1009649612
1.03647890519,-16.3163751914
1.03730736157,-16.6926945864
1.03569929342,-16.080531671
1.04216758197,-16.4645463891
1.03593455486,-15.8434979686
1.05365748393,-24.1944219172
1.02657689368,-10.4141952649
1.03344071476,-16.7632421558
1.03648689537,-16.1701680873
1.03755399183,-16.935594514
1.0398935409,-15.8355660675
1.03769313444,-16.4571493221
1.03918396218,-15.6656659302
1.05132315287,-24.2195774272
1.0284390256,-10.0583127723
1.03671489458,-16.8313245522
1.03883642963,-16.0339915075
1.03766181828,-16.9770986925
1.04228019236,-16.202649909
1.04054295916,-16.742334546
1.03815181569,-15.7557818809
1.05031417264,-23.9649323592
1.02730059038,-10.1756657947
1.03838948939,-16.918605358
1.03670362194,-16.0388523269
1.03658276997,-16.6103562162
1.03669957714,-16.0578225392
1.04189336544,-16.7207979279
1.03960885439,-15.9583089671
1.05041834818,-24.0243396252
1.02470059275,-10.2385531103
1.03877935729,-16.7461426316
1.04007995305,-16.2293752954
1.03650370128,-16.8906979404
1.03682966145,-15.8291722456
1.03834421387,-16.4373898587
1.04062949346,-15.5759744875
1.05484183575,-24.2345143355
1.02802111461,-10.4540573928
1.04039374283,-16.567759474
1.03610545409,-15.9695843732
1.04122519422,-16.8771649449
1.03920482589,-15.7498020885
1.03668446482,-16.5275763099
1.03672963832,-15.6812548692
1.05039243112,-24.1700796228
1.02288615792,-10.0728411738
1.03546596344,-16.8550258
1.03713712655,-16.0747394872
1.03710678002,-16.780989862
1.03546976609,-15.9992054021
1.03731466904,-16.4475034892
1.03864019841,-15.7732823296
1.05456050573,-24.3862147458
1.02479943965,-10.0850203788
1.03519219743,-16.7710434549
1.03915392516,-16.1024950556
1.03631337702,-16.7459978031
1.03767438977,-15.8207744991
1.0391965533,-16.7933322207
1.03544550218,-15.8796447613
1.05266108944,-24.3874994236
1.02499348426,-10.0766022931
1.03833950762,-16.9580228059
1.03787114026,-15.7770125198
1.03819827985,-16.7786180007
1.04066613015,-15.8797339687
1.03645416051,-16.332916522
1.03385118154,-15.9293262455
1.05390624574,-24.0816638401
1.02649815789,-10.1369052653
1.037867091,-17.0863188858
1.0375938547,-16.115061558
1.03879123463,-16.7358669236
1.04023913068,-15.6139035632
1.03633372918,-16.7421268198
1.03522152707,-16.0118110126
1.05077231673,-24.2013594697
1.02562125946,-10.4180096212
1.03638925307,-17.0310905276
1.03518476015,-15.7730164622
1.03454069102,-16.8865186437
1.04049120077,-15.6937465394
1.03856189491,-16.7294854127
1.03370156417,-15.4608796301
1.0532979431,-24.0746921635
1.02767773176,-10.1169266944
1.03609349217,-16.8547018618
1.03620601666,-16.0762548506
1.03833401555,-16.905887959
1.03301986188,-15.9469724326
1.03727268942,-16.6826302594
1.0354371193,-15.7854389561
1.05460850159,-23.9187563089
1.03109237136,-9.75784860985
1.03605885215,-16.9102423067
1.0359689032,-15.8912074779
1.03517097465,-16.9541412315
1.03530291762,-15.9091869729
1.03709385276,-16.5744458764
1.03481894128,-15.8650513298
1.0488709146,-24.0315238519
1.02484352078,-10.3861039823
1.03856698652,-17.0926683648
1.04021700477,-16.1954451123
1.03795439829,-16.6663887473
1.03782007508,-15.9334390409
1.03540810755,-16.5300372926
1.03564484824,-15.9759088144
1.05297524029,-24.1411557559
1.02782296134,-10.4141139134
1.03818540504,-16.88836022
1.03744356764,-16.3958109761
1.0372103207,-16.6303976111
1.0350690238,-16.1615038011
1.03923945744,-16.7136930819
1.03450436595,-15.8955333355
1.05089039429,-23.7799967773
1.02825168085,-10.1954377598
1.03679275898,-16.8119378981
1.03583333323,-16.2080086626
1.03784681219,-17.0161906169
1.03648190563,-15.7486859551
1.03263646668,-16.5881916607
1.03554337915,-15.8066461917
1.05076108569,-24.0766422199
1.02544546305,-10.2573797902
1.03786709056,-16.7401939706
1.03873726427,-15.8472117765
1.03874208288,-17.0271323443
1.03875720311,-15.9198864683
1.03695536774,-16.4193416148
1.03887013575,-15.4923839354
1.05111659726,-24.2063169404
1.02298953462,-10.2088782571
1.03752094444,-16.9111480096
1.03597817826,-16.0021999179
1.04075315731,-16.7252650318
1.03548529896,-15.9089763
1.04091063557,-16.6698607158
1.04034962644,-15.6355145086
1.05201214473,-24.1319694599
1.02844162188,-10.1084960808
1.03495838116,-16.9750707972
1.03561092487,-16.0525747296
1.03244044184,-16.8008902475
1.03295285881,-16.0816242146
1.03624830518,-16.5531523156
1.0346627683,-15.708253981
1.05379604688,-24.2759989769
1.02707842872,-9.91112475869
1.03872546859,-16.9446597803
1.03642729636,-15.9742094789
1.03656318151,-16.7239112874
1.03873657451,-15.7795113267
1.04026415796,-16.5243967675
1.03340091821,-15.6133846528
1.04894975849,-24.34344368
1.03007720373,-10.3424148367
1.04041835707,-16.7240308957
1.03590650373,-15.9774504161
1.03668866319,-16.7348759352
1.03189461598,-15.9720379574
1.03641883114,-16.6665233331
1.0355788226,-15.9608218466
1.04971991131,-24.2368336556
1.02677403781,-10.0035602047
1.03946054288,-16.7184021844
1.03820399658,-16.1174460804
1.0400094619,-16.5083354502
1.03432773126,-15.7875534597
1.03527132418,-16.9076287609
1.03775344926,-15.8371008884
1.04853913691,-24.0876039105
1.02615729661,-10.1568162244
1.03720771264,-16.967797185
1.03490731226,-15.7565962463
1.03666128529,-16.9669232105
1.03994269416,-15.6756059721
1.03855000632,-16.577405522
1.04047507648,-15.9744399414
1.05267995579,-24.4201141809
1.02241703875,-10.4463880928
1.04038038875,-16.5682496727
1.03749521155,-16.1104213671
1.0388348291,-16.8330367155
1.03814131352,-15.6805842458
1.035151066,-16.8446785265
1.03849452236,-15.816768355
1.04990684055,-24.5217075112
1.02695514483,-10.2844866864
1.03844510967,-16.9915830779
1.03627991387,-16.1855816059
1.03687717473,-16.6491644972
1.0378319349,-16.041818445
1.04053352679,-16.3203793306
1.03784954846,-15.5219915524
1.04782545324,-24.1736580084
1.0283739604,-10.0932938455
1.03947402057,-16.8920009079
1.03617331453,-16.1990717191
1.03709459634,-16.5953325417
1.03408398442,-15.7620489011
1.03586160014,-16.584733565
1.03385652495,-16.0017373588
1.0500256567,-24.3239659908
1.02600780833,-9.97020202548
1.03811714853,-16.8679579062
1.03516449512,-16.2884383423
1.03623167411,-16.8055779342
1.03577007285,-16.1595060406
1.04142574116,-16.5278708546
1.03457582828,-15.4321747238
1.05213763287,-24.0180260868
1.02792472811,-10.1632440433
1.03418294485,-16.8024937491
1.0362034314,-16.3201685384
1.03812186265,-16.7202983541
1.03671235244,-16.0411235194
1.03475683699,-16.8690993333
1.03890559892,-15.7396356476
1.05131969167,-24.0691156079
1.0272151992,-10.1644063029
1.04229558595,-16.7405694946
1.03674346108,-16.2149329091
1.0380842617,-16.7219399557
1.04155691468,-15.908843034
1.0397610347,-16.6685107444
1.03536406799,-15.5943750286
1.05005025677,-24.225950981
1.02698096135,-10.2092643694
1.0372771915,-16.8820094358
1.03731310719,-16.0998336558
1.03590474938,-16.7554520731
1.03363193702,-15.9401352678
1.03441661077,-16.614763058
1.03603157734,-15.7560791523
1.05214598897,-24.3975611978
1.02366175759,-10.2387853225
1.03647917475,-17.0827966184
1.03580532149,-16.2829960369
1.03546170757,-16.8815247749
1.03577203101,-15.8311637994
1.03526839632,-16.903969859
1.03707149215,-15.6747512492
1.04893513045,-24.2322822548
1.02582703285,-10.3159187082
1.03306318341,-16.8426759796
1.03799273025,-16.3587412407
1.03554744044,-16.975091287
1.03567863025,-15.7053434149
1.03590499759,-16.3220122531
1.03423955721,-15.8774495724
1.04926241559,-24.2157578963
1.02624045964,-10.361548112
1.03547225923,-16.8592236824
1.03405379783,-16.17229169
1.03922244836,-16.6023786393
1.03747125483,-15.9111311939
1.03713678232,-16.7983924496
1.03372900762,-15.7837010043
1.05126239386,-24.0143685324
1.02739088931,-10.2280079898
1.03604631448,-16.6267449662
1.03673971735,-16.0667717777
1.03850440165,-16.7820683395
1.04156342415,-15.9776400416
1.03748259279,-16.581256165
1.03516385803,-15.9079017661
1.05050551247,-24.2862206971
1.02690200971,-10.0648293415
1.03939335468,-16.988561841
1.03453883014,-16.3292791721
1.03856138162,-16.8722549486
1.03743908746,-16.0524043104
1.03596156001,-16.4116701053
1.03820073498,-16.0340450665
1.05245855661,-24.1495799436
1.02703888301,-10.2935837503
1.04099928587,-16.7763691082
1.03976360865,-16.2219738318
1.04107317145,-16.671124165
1.0366081723,-16.3610700628
1.03864177041,-16.6212312654
1.03832086709,-15.6627176543
1.05359071087,-24.245771121
1.026804437,-10.2633537942
1.04095905286,-16.8156057698
1.03799102338,-16.1555153004
1.03777399129,-16.7938021548
1.03775523036,-15.9827656114
1.03522123279,-16.5333301925
1.03588669166,-16.0648161202
1.04927940743,-23.6742166692
1.02798525559,-10.2094140729
1.03680560221,-16.9038318737
1.03726482827,-15.9412997428
1.03859592956,-16.8210240893
1.03624168222,-16.1701915136
1.03690903419,-16.8139574074
1.03740664403,-15.4759821352
1.05306485953,-24.1818989402
1.02240996226,-10.0718539346
1.03831013706,-16.7377603265
1.0340262726,-16.2391804423
1.03678142891,-16.8451319728
1.0368778908,-15.5421691832
1.037999511,-16.7253250353
1.0369505612,-15.8723303687
1.04989050831,-24.0178636965
1.02873791743,-10.3154774173
1.03572031045,-16.7988496695
1.03763469531,-16.2338205131
1.0358821023,-16.7236465462
1.03689209043,-15.8683672148
1.03522881572,-16.9373779556
1.03424160516,-16.0166893745
1.05175895139,-24.2880625022
1.02682495956,-10.3289021841
1.03600575814,-16.9732574482
1.03772919488,-16.0896162577
1.03360784847,-16.6804629249
1.03909077881,-15.9987060271
1.03330997736,-16.9378626295
1.03913330244,-15.8658135775
1.04941163874,-23.9895117459
1.02196047227,-10.131843838
1.0355604432,-17.1003370703
1.03493977931,-15.8268846866
1.03367743259,-17.0424828229
1.0343908651,-16.2333372462
1.03543755314,-16.5386706069
1.0372151839,-15.954925049
1.05172594608,-24.3264276852
1.02212134533,-9.9905629357
1.0357920176,-17.0277155468
1.03456911942,-15.9807288412
1.03945054265,-16.6763325454
1.03528501232,-16.0930545317
1.03404098902,-16.482898382
1.03552309093,-15.6532979039
1.05196151559,-24.0333954657
1.02406487184,-10.3209999807
1.03648375584,-16.6333945743
1.03598293743,-16.3691763938
1.03713995336,-16.7575275685
1.03420593963,-16.07588606
1.03617251493,-16.6294070568
1.03751661382,-15.7124247882
1.05149570022,-23.6917719532
1.02315376969,-10.2474287239
1.03519326628,-16.7173784589
1.03395472388,-16.2841377931
1.03900132165,-16.6437239945
1.03470254588,-15.9782796458
1.04000170946,-16.6975368572
1.03480494067,-15.6005649813
1.0499398012,-24.0322275435
1.02389643179,-10.3448865012
1.03554797737,-16.773227494
1.0362750384,-16.1129371344
1.0381438615,-17.1249130666
1.03519183928,-15.947187598
1.03230695309,-16.687573714
1.03528473311,-15.8202395553
1.05004803543,-23.9794813719
1.02303552143,-10.0740799397
1.03486156379,-16.9502539326
1.03538518053,-16.1992555383
1.03359327021,-16.8327187663
1.03637952105,-15.8063228825
1.03629381606,-16.4886286669
1.03254518639,-15.5277295524
1.04694292823,-24.0896706708
1.02778685841,-10.2552174428
1.03856298499,-16.5777074271
1.03730651168,-15.9170015788
1.03607009638,-16.760611953
1.03133937078,-15.8790792555
1.03495331244,-16.6073691953
1.03834419702,-15.6139352241
1.04862468164,-24.4304148498
1.02523930467,-9.79251274822
1.03818903889,-16.6717597159
1.03483456572,-16.4004774036
1.0353851564,-16.8100321196
1.03519071152,-15.895906403
1.03463746322,-16.5369798916
1.03477814941,-15.6933527951
1.0486017112,-24.0742003348
1.02324526595,-10.1454929762
1.0324171354,-16.7992786754
1.03764604237,-16.3184993164
1.03476560272,-16.7331084984
1.03508712726,-16.0587808888
1.03489631088,-16.6212702701
1.03569141066,-15.9673881385
1.04857099417,-24.0820435387
1.02442835342,-10.1176907732
1.03382215799,-16.9515253686
1.03512761487,-16.2948006544
1.0358139888,-16.8214321458
1.03600088012,-16.0954416725
1.03510164087,-16.6895748011
1.03669489025,-15.5821586935
1.04956494214,-24.2003057266
1.02495889463,-10.1768562512
1.03541307056,-16.9121498334
1.03369025276,-16.0929393011
1.03363933514,-17.0147439368
1.03515760773,-15.9846739608
1.03631419667,-16.67806299
1.03834807586,-15.6950211744
1.0498126757,-23.975409729
1.02218045435,-10.3493516408
1.0363430486,-16.7879059251
1.03345486124,-16.1339479549
1.03664076261,-16.8167699217
1.03537900328,-16.2742716192
1.03444998291,-16.900721913
1.03297313228,-15.7690957492
1.04841111742,-24.0715323907
1.02222881582,-10.3433560453
1.03514459218,-16.7939697822
1.03686991024,-16.2519377503
1.03510743254,-16.7925310864
1.03505671094,-16.0171466319
1.03422159523,-16.7388559134
1.03439070679,-15.7405290211
1.05242069434,-23.9410094191
1.02373463609,-10.3327297493
1.03270581011,-17.0397871531
1.03886742192,-15.9437628303
1.03577246296,-16.8524679103
1.03559810953,-15.9292285269
1.03683684343,-16.3373603734
1.03615707203,-15.6148439891
1.04594974638,-24.1876543261
1.02089674429,-10.2278407664
1.03535761768,-16.9601426312
1.03357017203,-15.9944769837
1.03639766024,-16.788654723
1.0315007359,-15.3161474577
1.03365749665,-16.5950499236
1.03514667832,-15.9561118964
1.05197749433,-23.8928829012
1.02304345461,-10.2979457477
1.0349375568,-16.6147000904
1.03340664929,-16.1837602772
1.03749560884,-16.7817625213
1.03258809253,-15.7665869805
1.03153457024,-16.7342601797
1.03183563851,-15.6611225125
1.04749473679,-24.0869023253
1.02332536782,-10.3034829272
1.03677834789,-16.9372976742
1.03139022399,-16.0944062112
1.03343997339,-16.6166356712
1.03314152699,-16.0422017082
1.03369555441,-16.7671088974
1.03338701166,-15.9445540401
1.04933052995,-24.0821191404
1.02369515591,-10.1071629601
1.03430173679,-16.6835023912
1.0336092791,-15.8605651598
1.03274629785,-16.6287690917
1.03431233569,-15.6988760743
1.03196450752,-16.4640215134
1.03200584244,-15.5615902238
1.04837948616,-24.0327295537
1.02450397788,-9.79427187589
1.03384051985,-16.5717971003
1.03293147059,-15.9894888621
1.03497630814,-16.6246673597
1.03285516306,-15.689069745
1.03214785378,-16.5697235799
1.03155184277,-15.6466465195
1.04648635391,-23.8193951652
1.02194302954,-10.2471472365
1.0355951273,-16.8542309424
1.03377661279,-15.9626567627
1.03563017203,-16.7528971826
1.03848713448,-15.9234926075
1.03120294105,-16.45742661
1.03180645215,-16.025605961
1.05120169012,-23.8350161256
1.02258652715,-10.2874461178
1.03313462454,-16.7083696521
1.0320442241,-16.2623057422
1.0338788956,-16.7709258419
1.03078795,-16.1421865241
1.03199999927,-16.5099860441
1.03604720321,-15.7813903658
1.04675903929,-24.1114375414
1.02176472936,-10.4282140263
1.03426158266,-16.7176715967
1.03277882352,-16.1837907818
1.03292062457,-16.4464834027
1.0373580535,-15.9836907572
1.03145169033,-16.3740798204
1.03440672263,-15.8398881918
1.04625642454,-24.0655008017
1.02160534004,-10.1199916247
1.03203677697,-16.5878614066
1.0371630365,-15.7960819751
1.03483726525,-16.646352856
1.0353236338,-15.6131484827
1.03555746089,-16.3503228455
1.03103637922,-15.5343057802
1.04610352543,-23.8900115237
1.02370443692,-10.2084662324
1.0354746723,-16.7778489252
1.03092272411,-16.0451243707
1.03239544831,-16.7145896
1.03204434104,-15.8323651736
1.03346257347,-16.6336132124
1.03253965768,-15.5939678433
1.04516991347,-23.6138896865
1.02238970438,-9.92034054324
1.03208324416,-16.5392595753
1.0307342152,-15.9603527125
1.03124651319,-16.6637132616
1.03194447504,-15.8923763135
1.0348981668,-16.5380967405
1.03033198705,-15.7479798292
1.04710292834,-23.991969106
1.02227833051,-10.171739291
1.03706874228,-16.8047462154
1.03514466592,-16.2712325617
1.03454969367,-16.6103795943
1.03219939651,-15.8013598191
1.02912704988,-16.4420631109
1.03122286453,-15.5987627805
1.0465442442,-23.9901765952
1.02182915214,-10.109883754
1.03404051835,-16.6457651791
1.03204263855,-15.9419406979
1.03039623039,-16.671821537
1.02895405462,-15.7032015388
1.03333363907,-16.5349689335
1.03334887153,-15.3977808314
1.04668956508,-23.8854056283
1.01959698766,-10.2693723411
1.03081607754,-16.7012833788
1.03323421766,-15.6006317126
1.03320039122,-16.6046487023
1.03118802349,-16.0380194064
1.0330041949,-16.2525558593
1.03369872199,-15.5100466022
1.04475398464,-24.0461574202
1.02159958221,-9.87170633391
1.03416853697,-16.6833196251
1.03252935274,-16.2465106827
1.0313654402,-16.7285825564
1.03305231349,-15.6587594986
1.03184390655,-16.2645616152
1.03534231367,-15.4035493542
1.04463741748,-23.8550411108
1.01926431638,-10.1861198176
1.0335607068,-16.8498586923
1.03135073448,-15.694178982
1.03409420845,-16.5881251437
1.02905044586,-16.0614952366
1.03010296163,-16.653778297
1.03228128505,-15.5746080646
1.04807768943,-23.895218894
1.02087469054,-10.5064470948
1.03190931254,-16.7036546467
1.03108489436,-16.0527212985
1.03277032004,-16.7876765546
1.02710126379,-15.977781531
1.03117930906,-16.3463877776
1.03292454459,-15.3219878417
1.04295982426,-24.1394964117
1.01806139311,-10.2368378372
1.03417391896,-16.6627147014
1.03129259873,-15.743129013
1.03115297448,-16.7628452837
1.03000332531,-15.8842679324
1.03234022993,-16.5273705101
1.03100776083,-15.7870639995
1.0458309564,-24.130067011
1.01734083477,-9.75808073567
1.03449735192,-16.5020672515
1.03041064615,-15.4654399297
1.02886766287,-16.5669147693
1.02871978299,-15.6396566334
1.03142602832,-16.2526595096
1.03074539922,-15.8517699659
1.04412895502,-23.6571639487
1.0188760612,-9.6537488667
1.03214028734,-16.5853828875
1.03118618078,-15.9412867045
1.0301423083,-16.5127399633
1.0290144063,-15.8052352636
1.03198091336,-16.3291333435
1.03084957308,-15.7458854514
1.04722103603,-23.8247574507
1.0207672223,-10.0924548077
1.03422026068,-16.3465849664
1.03046070238,-16.0110871123
1.02865583983,-16.692434932
1.03215613643,-15.653057803
1.03151648659,-16.3829797165
1.03321691415,-15.2948716464
1.0469486453,-23.6990497584
1.0214385894,-10.2870440271
1.03102369418,-16.5280536121
1.03464036022,-15.8843019036
1.03322412965,-16.4191968423
1.03020417954,-15.9698313173
1.03322611496,-16.2846163025
1.03162195424,-15.7323519823
1.04513264532,-23.9779352576
1.02127794027,-10.2586400477
1.03009320511,-16.6057228088
1.03114690211,-15.8741850812
1.03226096301,-16.5329232938
1.03286931784,-15.8398239219
1.03285708472,-16.3001872337
1.03028594486,-15.8314418262
1.04603983611,-24.001682762
1.02229550498,-10.0036417332
1.03295269508,-16.9121044004
1.02935494584,-16.2656897221
1.02810407559,-16.6729617856
1.02993952775,-16.3859421475
1.02979575073,-16.4262908064
1.03513305594,-15.4530080551
1.04658531122,-23.6596885636
1.02271920775,-9.90213479276
1.03485715469,-16.571123718
1.02867003712,-16.0548003254
1.03074884521,-16.5860860727
1.03006222445,-15.332343501
1.03273152314,-16.427884536
1.03062445464,-15.6223488098
1.04572736201,-23.8340538229
1.02009611424,-10.0290464305
1.03023900915,-16.8454771027
1.03244850164,-16.2657006029
1.03242288472,-16.5821393128
1.02836390678,-15.8045274689
1.03110961465,-16.3180940578
1.03112025891,-15.7793255785
1.04529603312,-23.9729867789
1.02124861301,-10.4998855573
1.0332614581,-16.7202296973
1.03225845107,-16.2076714495
1.03305841438,-16.5311924322
1.0305094031,-15.8388419418
1.03033832558,-16.3948665314
1.02824433745,-15.6656035712
1.04507021191,-24.0801100686
1.02095387211,-9.8034131528
1.03373773363,-16.5991444756
1.02947206679,-15.9386818828
1.03385947304,-16.3085065983
1.02965381026,-16.082918873
1.02863269524,-16.5260857087
1.02895283698,-15.5391375823
1.04452176792,-23.8280965776
1.01900250199,-10.2812801618
1.03359848346,-16.8194051485
1.0324108267,-15.8898385476
1.03083415817,-16.5999847453
1.0340798297,-15.9347691774
1.02998848841,-16.3038243343
1.03303930417,-15.7999894678
1.05018303588,-23.8205153064
1.02181490624,-10.692074259
1.03076516291,-16.6446761379
1.02995171697,-15.9619515797
1.03138179221,-16.4921046309
1.02680638619,-15.762988905
1.03255282773,-16.5173433642
1.0289105328,-15.7447426843
1.0477414315,-23.9341635878
1.0185159103,-10.0299783978
1.02865984354,-16.75578219
1.03102645727,-15.9665662027
1.02794433421,-16.64898753
1.02994772268,-16.0318065554
1.03421888707,-16.2952372089
1.02850931701,-15.7275663743
1.04302951294,-23.7717437028
1.02024482903,-10.189052853
1.02813953967,-16.5870550471
1.0277153207,-16.1160954293
1.02852821707,-16.3826493974
1.02839408326,-15.6069352463
1.03133489876,-16.5446939239
1.03099405767,-15.3795937549
1.04810389301,-23.7910658956
1.01885893153,-10.3331747889
1.02963325079,-16.8385324465
1.03170547808,-15.5779793531
1.03066846856,-16.6801482987
1.02778855735,-15.5960356673
1.02920655565,-16.3483338325
1.02722344353,-15.5312930621
1.04313484622,-23.8982843344
1.01929515169,-10.0108539452
1.02952828748,-16.8025875446
1.03017593665,-16.3051638838
1.02882809353,-16.7447308833
1.02969560992,-15.978192268
1.03007675365,-16.3538166825
1.03284715072,-15.6462607668
1.04680034646,-23.7862469534
1.0174247763,-10.1046164839
1.02984435025,-16.4262063692
1.02390243809,-15.9089714374
1.02733455857,-16.297954068
1.02972966238,-15.7918718582
1.02977113043,-16.3453739711
1.03200763124,-15.5778912467
1.04460536393,-23.8018019946
1.01791106756,-10.2774257425
1.02982172525,-16.5744997494
1.02964647382,-16.0438328127
1.02912525049,-16.5603236305
1.03004201052,-15.3621069983
1.02750352435,-16.5172297681
1.03186954383,-15.4703844706
1.04201129144,-23.7628019786
1.01873851558,-9.82396050946
1.02963673631,-16.5310249748
1.02807197791,-15.8090105924
1.02991770226,-16.4319605475
1.02935032913,-15.8529922098
1.03137908273,-16.1004892291
1.02794988775,-15.6175165525
1.04392482113,-23.8795612798
1.01918296474,-10.0374949859
1.03160759658,-16.7134469509
1.02974732637,-16.079086703
1.0296523236,-16.6063231522
1.03300942044,-15.7040878813
1.03113899036,-16.5494504237
1.03087872103,-15.6908015958
1.04749685049,-24.0221909081
1.01901312565,-10.1200647541
1.03358704637,-16.6484522222
1.02846709745,-15.8775705966
1.02732012818,-16.6007675755
1.02677462834,-15.7119696047
1.02849398199,-16.2137754266
1.0301075212,-15.536033038
1.044597626,-23.7851043464
1.01742649754,-10.2401834643
1.02947929057,-16.5932715884
1.02871152104,-16.0061060315
1.0320011641,-16.528016353
1.02932115634,-15.492792329
1.03191404131,-15.8918093121
1.03088899283,-15.3858983131
1.04978399835,-23.4659358954
1.01760337677,-10.1567852817
1.02742867768,-16.4577401207
1.02768918677,-15.7856375505
1.03021840167,-16.5970736312
1.03425559886,-15.7211321656
1.02827333835,-16.4784775287
1.03129982875,-15.5272681726
1.04136325946,-23.7512842405
1.01699370623,-9.76224815915
1.02731690313,-16.3544101626
1.02804603927,-15.9450232583
1.03099375858,-16.4698526733
1.02861935632,-15.9524325188
1.0273120665,-16.5300278078
1.02755564939,-15.3813764919
1.04336794182,-23.6349638031
1.01869027024,-9.98732662363
1.02793756917,-16.65682294
1.02754040873,-15.8104749703
1.02908379701,-16.5360412266
1.0272285717,-15.3578273353
1.02579855588,-16.6976533351
1.02820229829,-15.5467603493
1.04159247217,-23.9408968222
1.01478294128,-9.68427242198
1.0292974954,-16.4954417368
1.02926004502,-15.9550838429
1.03317144437,-16.5678086556
1.03186135061,-15.7882760725
1.0308699162,-16.1345106225
1.02692548061,-15.8260922056
1.04339974808,-23.4970758576
1.01870718398,-9.84071381924
1.02843630125,-16.5333617145
1.02861346185,-15.9508546271
1.02600561851,-16.5187166956
1.02589811827,-15.3040178641
1.0270803269,-16.3229341045
1.0288738573,-15.3300526471
1.04008727134,-24.0633423646
1.01999627427,-9.64966243379
1.02788492487,-16.7181772659
1.02627120705,-15.7364970918
1.02911835302,-16.4638817567
1.02660292756,-15.8958440021
1.02890228795,-16.3743792311
1.02656980336,-15.5815343219
1.04380591367,-23.6417937736
1.01789136155,-9.81518873305
1.02915756798,-16.6892808761
1.02978190407,-15.7728983776
1.02852177634,-16.7719639361
1.02759669326,-15.7180379251
1.03256126927,-16.4245064234
1.02780045681,-15.2840077054
1.04056936407,-23.5510802009
1.01886437202,-10.0106801648
1.02926196918,-16.5697539358
1.02809101171,-16.163906528
1.03149274876,-16.2595629273
1.03058165219,-15.5241770687
1.02701330737,-16.138060985
1.02912064504,-15.3976317083
1.04919050553,-23.7208613373
1.01520116245,-9.88977667536
1.03021517739,-16.874264046
1.02935652057,-15.3568274661
1.02766693388,-16.7630794327
1.03083113556,-15.4694626275
1.03003370018,-16.5315753184
1.02867683414,-15.4405658809
1.04505467399,-24.124673647
1.02591476467,-9.97004207177
1.02830820715,-16.8039938356
1.02900040706,-15.6133646952
1.02981826276,-16.4993398278
1.03132178465,-15.5645795473
1.03021224363,-16.5922142061
1.02827793159,-15.4554828203
1.04173542439,-23.8636924842
1.0144010674,-10.2820779849
1.03057632889,-16.6019006732
1.02968140327,-15.4979437192
1.02737573751,-16.1670426239
1.02895887963,-15.8428791451
1.02853072328,-16.1282553176
1.02777806106,-15.7861119744
1.04444593229,-23.6965278442
1.0173942475,-9.99052447826
1.02966042781,-16.3902928168
1.02853268727,-15.5720659534
1.02839492485,-16.3238148482
1.02677487605,-15.6733367982
1.0266059443,-16.2611655067
1.02926224111,-15.5152018364
1.04446371243,-23.3609502458
1.01767207374,-10.0667647709
1.03101478977,-16.0267719476
1.02973412659,-15.4457804868
1.02756403257,-16.3232919873
1.02601171089,-15.4669054591
1.02834107323,-16.0513405621
1.02708953613,-15.7328434471
1.04303030795,-23.5524618346
1.01885780426,-9.88562514674
1.02957178939,-16.5166386872
1.02766626021,-15.6852085329
1.03124359553,-16.6009339152
1.02646643148,-15.8205026088
1.02984713815,-16.2001330902
1.03013215359,-15.7095779171
1.04161162302,-24.0242634554
1.01587245088,-9.85911835503
1.02976510706,-16.6877357978
1.02557153052,-15.6953345877
1.0297605626,-16.4955699785
1.02859571752,-15.4985930463
1.02537880468,-16.5185737601
1.02860075317,-15.4283091781
1.04139759629,-23.5653540977
1.01795707513,-10.1038265898
1.02732656718,-16.5175454896
1.02688204379,-15.9728018698
1.0267939058,-16.2863634513
1.02713632009,-15.4772979776
1.02874527339,-16.3481498554
1.02859400563,-15.5963851911
1.04225330754,-23.7293339204
1.01542234464,-9.9107831869
1.0256834055,-16.3112669212
1.031385813,-15.7926534303
1.03031892319,-16.4522356784
1.0274924271,-15.0788573056
1.03041242962,-16.0949605968
1.0277549236,-15.3495651653
1.04317786108,-23.8717302729
1.01383028292,-10.0148439611
1.02502842692,-16.3144326964
1.02498513641,-16.053381156
1.02727935667,-16.5944743899
1.0289537811,-15.3058053725
1.02577728144,-16.3227826624
1.02629165049,-15.149279239
1.0430400814,-23.9866187566
1.01619446269,-9.7395358662
1.03124555315,-16.4077603007
1.02935057412,-15.6112768882
1.0275542997,-16.6196090109
1.02606301092,-15.422457269
1.02834913812,-16.5601366316
1.02795081251,-15.1561694087
1.04289209697,-23.5840818646
1.01474167837,-9.81673045438
1.02601588621,-16.5362221921
1.02784089419,-15.6357273328
1.02873041367,-16.4530009157
1.02429786484,-15.7302047582
1.02537095551,-16.0505928248
1.02532219879,-15.2806477
1.04090467529,-23.2423452033
1.01624311905,-9.85182980415
1.02620372824,-16.3042340502
1.02844102005,-15.7640728202
1.02695728014,-16.7070272884
1.02903556889,-15.4263994054
1.02786287533,-16.139247784
1.02816999311,-15.1213766682
1.04330988632,-23.6934329968
1.01449249822,-9.84797959521
1.02864420883,-16.4483272609
1.02680128483,-15.8247299758
1.03081980442,-16.21736441
1.03312279273,-15.6349109414
1.0438365193,-16.5885182273
1.03823147932,-15.0594390805
1.04860846156,-23.3215795589
1.01663905947,-9.82835678889
1.0275732762,-16.2697305679
1.02667044425,-15.9104392797
1.02783403012,-16.1401603616
1.02539857176,-15.5240288619
1.02509594544,-16.0294525888
1.02722353671,-15.4207032786
1.04377704398,-23.5864138476
1.01660380406,-9.68130980698
1.02621513269,-16.6129652249
1.02595736522,-15.7200511597
1.02491190379,-16.4402609251
1.02678187119,-15.1206409134
1.02793051659,-16.3190610432
1.02398337591,-15.0943706584
1.04034002175,-23.4830223688
1.01590251817,-9.9249605967
1.02876839479,-16.2570210745
1.02727381851,-15.7151837479
1.02555233256,-16.1290331507
1.02379593209,-15.1156421781
1.02638663885,-16.3624519322
1.02734528768,-15.1253770069
1.04235376908,-23.8171614148
1.01756999408,-9.79924629896
1.02582751693,-16.2392640271
1.02723111521,-15.4962210862
1.02501154156,-16.0678549065
1.02599669982,-15.6392303393
1.02641081002,-15.8869495624
1.02759936513,-15.1823936475
1.04277281476,-23.7978584166
1.01566094899,-9.76092269904
1.02625379378,-16.3107796961
1.02981527488,-15.9336284737
1.02818975171,-16.5587508353
1.02591903122,-15.4100963725
1.02450719614,-16.4240282836
1.02606577795,-15.2903988021
1.04101760974,-23.4311925141
1.0171899908,-9.48000464306
1.0270742483,-16.4434858657
1.03103191193,-15.4224259797
1.03146095558,-16.4252674376
1.02405059077,-15.3712659161
1.02913519966,-16.085608058
1.02447172461,-14.9607327815
1.04269228078,-23.4857308696
1.01484940871,-9.78630562344
1.02334661118,-16.1150364358
1.02314660521,-15.3570872789
1.02455521456,-16.385384655
1.0242294865,-15.1423391404
1.03016531465,-16.1002009927
1.02782185633,-15.2933246013
1.04290847254,-23.3710279159
1.0148998145,-9.87121697009
1.02854834676,-15.9452783313
1.02717788598,-15.6356739356
1.02868330739,-16.1772536047
1.02683470468,-15.3027247974
1.02880521484,-16.0671625709
1.02499691867,-15.4014968566
1.04042550081,-23.5606104401
1.01873067175,-9.28312366618
1.02941647254,-16.0606274933
1.0280789686,-15.2820693459
1.02929711167,-16.1623365201
1.02573546108,-15.4673161873
1.02602380921,-16.1241514675
1.02860005033,-14.8606616376
1.05131127934,-23.5050484718
1.01663999728,-9.11807794258
1.02676155637,-16.3386898722
1.02758943694,-15.635833697
1.02874705086,-16.3130925407
1.02508586345,-15.3343990291
1.02465929758,-16.0528661914
1.0263606659,-15.0252846481
1.04338770667,-23.6286183089
1.01431669763,-9.49293107637
1.02699947867,-16.5305324966
1.02761540084,-15.5560219324
1.0241578858,-16.3356159648
1.02359130629,-14.9963843357
1.02505572171,-16.1922562194
1.02670985046,-15.500494604
1.04016680734,-23.6262568005
1.01594019134,-9.78179434436
1.02772101854,-16.0291235417
1.02678187716,-15.5922786156
1.02474226315,-15.8283434092
1.02517032284,-15.3940655781
1.02619866436,-16.0655214309
1.02330600607,-15.2545114017
1.03652415398,-23.2674675376
1.01465963446,-9.79292075381
1.02551576776,-16.0431073839
1.02760018075,-15.335448322
1.02380886854,-16.3669813645
1.02691468707,-15.3886519893
1.02621230246,-16.3545973265
1.02319219293,-15.319516885
1.03919967219,-23.6530743242
1.01361469863,-9.7495754095
1.02524071848,-16.0596724277
1.02740513961,-15.4194969274
1.03053055236,-16.1451244067
1.02510570715,-15.284603509
1.0263484204,-16.1384659078
1.02399394843,-15.0300595153
1.03883574219,-23.3184253828
1.0166591956,-9.61341935338
1.02940528006,-16.6556055717
1.02805247394,-15.2514692606
1.02872361872,-16.3552066537
1.0274893013,-14.964027793
1.02729998789,-16.3619059182
1.02775020035,-14.9964585234
1.03936570876,-23.2468035535
1.01179121851,-9.65914406884
1.02805266796,-16.3293791759
1.02095208551,-15.483987574
1.02425856139,-16.3153268017
1.02919592473,-15.4288704846
1.02465173704,-15.9862439514
1.02676426669,-15.3407565664
1.03809546455,-23.3069967902
1.01199305085,-9.55392621003
1.02752637016,-16.5393587258
1.02310003403,-15.4913960425
1.02776959504,-15.9159713289
1.02098822074,-15.4915492952
1.02793331146,-16.0397818273
1.02333975469,-15.287522796
1.03751877645,-23.5693493279
1.01607048067,-9.53036970151
1.0231147744,-16.4128088287
1.02753702958,-15.2484102592
1.02460209073,-16.2886707548
1.02493561718,-15.3000132178
1.02463426449,-15.8398317312
1.02491778678,-15.1052249206
1.03718171408,-23.4239086859
1.01264570847,-9.41263781216
1.02684168377,-16.2020763703
1.02022835801,-15.4314149828
1.02285912037,-15.8982683841
1.0252716442,-14.6426065525
1.02395674301,-16.0179095219
1.02414350236,-15.0328910318
1.03734649116,-23.0653548642
1.01281967695,-9.26709083929
1.02563094025,-16.0570503691
1.02374239276,-15.3886629874
1.0257558299,-16.0218287834
1.02450577424,-15.3942165033
1.02630696002,-15.9910253497
1.02526071815,-14.7574842941
1.04297471632,-23.3750874344
1.01505666254,-9.53716249983
1.02372942058,-15.9506350549
1.0259107362,-15.6167179399
1.02237119088,-16.1093906354
1.02206512127,-15.0076771742
1.02415125632,-15.5908532409
1.02268810736,-15.401993765
1.03805201606,-23.313715096
1.01384444154,-9.7687919263
1.02424869159,-16.3628949867
1.02575961583,-15.130552841
1.0265583151,-16.1000203925
1.02224453327,-15.5572855801
1.02770272913,-16.0883290037
1.02649808262,-14.637681124
1.04285826339,-23.2225038391
1.01348076666,-9.17408315267
1.02827176292,-16.2194605897
1.02413689236,-15.3338673949
1.0255950196,-15.8148212626
1.02357001233,-14.6894900996
1.02476670286,-15.7779967274
1.02025834632,-14.5845392624
1.03997767954,-23.1625947078
1.01336176601,-9.59248184793
1.0235927204,-16.1862813101
1.02241735602,-15.2018872379
1.02531724618,-16.1530483173
1.02196683512,-15.016485909
1.02556678727,-15.7603096775
1.02467400223,-15.2239302137
1.03635534297,-23.6101112425
1.01468235375,-9.35045098962
1.02723066878,-16.2629981525
1.023996585,-15.2940667816
1.0274615109,-16.2359452686
1.02288391459,-15.0350383047
1.0256724601,-15.8793478797
1.02196427777,-15.119661432
1.03656011038,-23.247781413
1.0109538451,-9.86392996596
1.02722950101,-15.7916196106
1.02177927822,-15.8388782216
1.0249868691,-15.9220582497
1.02522224964,-15.101683606
1.02344847078,-15.772111991
1.02555029519,-14.6198077068
1.03798447372,-23.3953068195
1.01017557352,-9.57864835068
1.02552760444,-16.1640566956
1.02311278755,-15.2339056919
1.02584313458,-16.0994607133
1.02167486396,-15.3438662361
1.02588051526,-15.8546767044
1.0216108171,-15.1022933527
1.03923261338,-23.4144610495
1.01283335713,-9.50233077841
1.02271831374,-16.3353043415
1.02435709133,-15.3997155878
1.02209354112,-16.0158795528
1.02151763639,-15.0654668419
1.02629887764,-16.1192888044
1.02103341604,-14.5611364076
1.03996022562,-23.1866986181
1.01365776887,-9.24311032324
1.02450042253,-16.4830533033
1.02689886545,-15.3452297115
1.02979990678,-15.9417585362
1.02527788095,-14.825001676
1.0258590927,-15.9252482044
1.02296642698,-14.8758224644
1.03820256189,-23.1362428531
1.01174352422,-9.68768889981
1.02472082837,-16.1940886005
1.02378491131,-15.6317067439
1.02329926605,-15.9531165112
1.02408425627,-15.4916796113
1.02506183976,-15.9040095899
1.02281444051,-14.9333716722
1.03944741184,-23.3775787153
1.01247250303,-9.52265397129
1.02240645211,-16.2103850719
1.02321339939,-15.5683221219
1.02400593768,-15.7986227229
1.02323089975,-15.1960946198
1.02285216247,-15.7785921068
1.02022103417,-14.7816124416
1.03513520233,-23.2133917205
1.01452483848,-9.20877341701
1.02566074675,-15.8853633467
1.02232041926,-15.2407190349
1.02633120688,-15.936902017
1.02216639053,-15.1263031059
1.02669200347,-15.7668822153
1.02382227593,-14.8689059978
1.03811801367,-23.1186423294
1.01094034585,-9.40916732732
1.02836816134,-15.4668378419
1.02359933883,-15.0747948263
1.02653312325,-15.9098311222
1.02198511383,-14.9494834206
1.02494700247,-15.6192946195
1.02211894559,-14.8002494322
1.0409122057,-23.3675308939
1.01361878589,-9.28545571057
1.02534238527,-15.827060252
1.02324585732,-15.1936870871
1.02537926029,-15.9751969642
1.01926214358,-15.2012301615
1.02512853086,-15.708563569
1.02983779727,-15.2404721158
1.0375173581,-23.189896427
1.01130206061,-9.20139057834
1.02206770115,-16.1726752827
1.0238258859,-15.18159812
1.02389401249,-15.9821921361
1.02393102983,-14.8369696486
1.02410770502,-15.7872341245
1.02308419095,-14.6472858038
1.03589059702,-22.9319141819
1.012082985,-9.35898995745
1.02200850984,-16.2382888721
1.02329479108,-15.3667960276
1.02152498847,-15.9017946945
1.02153286245,-14.9666569426
1.0227286281,-15.8430808155
1.01943905721,-14.826853524
1.0363361545,-22.8811625604
1.0117345316,-8.93191401973
1.02120463593,-15.8772892352
1.02273862076,-14.9724499174
1.02389653976,-15.7493900318
1.02198726051,-14.7150869296
1.02291891363,-15.5275656865
1.02356641256,-14.8216220368
1.03500898432,-23.0875042951
1.01445460394,-9.24041918518
1.02665560996,-15.77903015
1.02346365409,-15.0866008055
1.02697864898,-15.9077371763
1.02030233506,-15.2209008956
1.02143744508,-15.6003292002
1.02195999183,-15.0519439863
1.0349845186,-23.2373019718
1.01198625829,-9.22789503161
1.02413265937,-15.8071082161
1.02247087241,-15.3330884323
1.02482706605,-15.8178738412
1.02303525191,-14.6813255179
1.02728220834,-15.6121538607
1.0226694202,-14.5234433273
1.03921013113,-22.7578367692
1.01223424011,-9.27771419835
1.02453005035,-15.6472430687
1.01929769246,-15.4672157495
1.01998869953,-15.8073751179
1.02348719855,-14.8687816677
1.02582262677,-15.4945329562
1.02166869439,-14.7353792161
1.03710819315,-22.9080721922
1.009866132,-9.46122829002
1.02235713456,-15.842623505
1.02633704945,-15.0141454609
1.01814468733,-15.9133658265
1.02273818716,-14.9670408138
1.02388686495,-15.4302175636
1.02229874721,-14.8649726593
1.03726700922,-23.1496269563
1.01082877268,-9.04171624903
1.01777704734,-15.9292492929
1.02239288208,-14.9684387972
1.02126651198,-16.146535716
1.01882232155,-14.7547275073
1.02124018277,-15.4699905418
1.02569651678,-14.7638542783
1.03687936743,-22.9966460815
1.01042374004,-8.97665480843
1.01969862767,-15.3752432256
1.01898732421,-15.1436113547
1.02559073234,-15.6833466999
1.02333933832,-14.5897084536
1.0218193738,-15.5293124986
1.01978764129,-14.565377997
1.03529290816,-22.7629705698
1.01144098534,-9.33594006531
1.02165197106,-15.969829074
1.01973223981,-15.178507867
1.02393128517,-15.8022375717
1.02459445336,-14.6826212631
1.02418236018,-15.450547605
1.01781600533,-14.7991481201
1.03547665261,-22.7743550048
1.01078891655,-9.20612755563
1.01975404889,-15.7765032595
1.02171599104,-14.9410055313
1.02440928109,-15.4215656089
1.02062613609,-14.7086128251
1.02249444218,-15.763921565
1.02392438938,-14.4806322114
1.03902074656,-22.9805393212
1.00866256185,-9.07250093509
1.02479328933,-15.6500107476
1.02225598853,-15.0072022095
1.02479262859,-15.7793759849
1.02000622797,-14.7371982781
1.02208983213,-15.6334361294
1.02258923628,-14.5132916777
1.04004165501,-23.0250066984
1.01169536159,-9.36979392166
1.02247579111,-16.0274136575
1.02449807426,-14.8416642767
1.02551831357,-15.5740208184
1.02324432981,-14.6833544374
1.02585987937,-15.3392641558
1.02488574643,-14.6857449354
1.04117729772,-22.8088192772
1.01388371169,-9.02225120328
1.03008938482,-15.5122884843
1.02324673239,-15.2491241371
1.02650092938,-15.6558312453
1.02302750954,-14.8151757787
1.02640179745,-15.4529101766
1.02119967866,-14.4772418284
1.03936548472,-22.9222602226
1.01531563024,-8.96367546064
1.02340669985,-16.0174792539
1.02383325131,-15.3219209339
1.02526505073,-15.6978615747
1.02081041939,-14.7815340247
1.0232766811,-15.6534647379
1.02357091051,-14.6545639591
1.03863352568,-22.80368035
1.01256119306,-8.87193344369
1.02409100111,-15.8121235676
1.02644963399,-15.0910695082
1.02178693867,-15.8745884423
1.02555575936,-14.8348718596
1.02460438807,-15.3533286203
1.02313645606,-14.6968563676
1.03866376919,-22.7614366886
1.01190485395,-8.96599307116
1.02235898192,-15.4722929251
1.0228311375,-14.9028072449
1.02147954475,-15.4236198179
1.01864387356,-14.8784590726
1.0213618969,-15.230749447
1.02027229901,-14.3970916979
1.03480081366,-22.6722141133
1.01134580894,-9.0621022401
1.02177085319,-15.6577006867
1.02151330591,-15.0291089873
1.02156682168,-15.5032688452
1.0241050108,-14.5032801194
1.02186211129,-15.7135612092
1.02284093412,-14.5526838792
1.03648442588,-22.876034103
1.01001387881,-9.14484930176
1.02286814253,-15.7626899404
1.02041745626,-14.9986742544
1.0215952382,-15.6111944158
1.02050910478,-14.6275145455
1.02098985971,-15.5231498779
1.0219622901,-14.5810242773
1.03299434831,-22.9093046572
1.01257784593,-8.73258508008
1.01898994762,-15.7161677509
1.01990267621,-14.8313139084
1.02451084343,-15.7723977155
1.01970186054,-15.07758204
1.0211279419,-15.4090002202
1.02084969703,-14.1831952036
1.03656995514,-22.8718254423
1.00875483658,-8.99358733307
1.02559308294,-15.2453257198
1.02505716666,-14.7167618069
1.02165682134,-15.6374265334
1.02181593998,-14.257573011
1.02025863751,-15.3070257085
1.02074047771,-14.2582314788
1.03546548212,-22.8629742297
1.00926285713,-8.84329149753
1.02479476698,-15.5928656442
1.02163909233,-14.8008056485
1.02237954143,-15.6333237571
1.02117367428,-14.1404219457
1.02416885978,-15.4930774458
1.01744216974,-14.2472851205
1.03543092522,-23.1516614257
1.01082340244,-8.87507965332
1.02311385617,-15.8818410752
1.01916411663,-14.6791699444
1.02302723789,-15.2221626895
1.02528700709,-14.5726180518
1.02058414186,-15.1401528727
1.01962577416,-14.4321266462
1.03745702071,-22.7299955856
1.00968117091,-9.02898784965
1.02273186789,-15.6562494205
1.02475742498,-15.0475833755
1.02491170238,-15.6208671714
1.02284527089,-14.5998581302
1.02026011798,-15.3756090292
1.02216381068,-14.4170193774
1.03791918727,-22.8450177283
1.00957832411,-9.06335086261
1.02104137616,-15.7143603523
1.01752954917,-14.7563000794
1.02159270906,-15.4555956926
1.01917780832,-14.5110832379
1.01722438517,-15.4626976476
1.02205745124,-14.7528063712
1.03439620266,-22.9874364934
1.01063729416,-9.14177510146
1.02358618975,-15.2354850702
1.02012559455,-14.8034697113
1.01935069484,-15.023846907
1.02070041185,-14.4065149316
1.01976521488,-15.1391640338
1.02085001198,-14.3599393045
1.03339955347,-22.7873004881
1.00956210004,-8.91912897859
1.02041130347,-15.3042270637
1.02664548484,-14.451431541
1.02134702428,-15.5784119749
1.02208818623,-14.4927313818
1.02216757303,-15.3544444521
1.01979743757,-14.4512803903
1.03602529171,-22.6590660347
1.00980983668,-8.85514994175
1.02102353279,-15.6783463996
1.02083500346,-14.7317945487
1.02160965733,-15.4394640958
1.02148832114,-14.6062935002
1.02250362164,-14.8595202649
1.02129926247,-14.1221905488
1.03830843313,-22.5025741417
1.00971718512,-8.98260129648
1.02452949234,-15.3450424302
1.0201119678,-14.7149440422
1.02091396666,-15.2832259666
1.01851274107,-14.4568730667
1.02357085716,-15.0852873328
1.02016672949,-14.4905670717
1.03308044848,-22.3604273871
1.00966789929,-8.59412569375
1.02070250148,-15.5196072313
1.02181489029,-14.6659973984
1.02367073201,-15.426095586
1.0210928461,-14.4955092567
1.02108158198,-15.3050916766
1.01847015723,-14.3851854605
1.03592793731,-22.67934749
1.0083677719,-8.56023065159
1.0249870121,-15.2792197437
1.02127556952,-14.4111115411
1.02273407031,-15.4450359022
1.0217025575,-14.2278538803
1.02290887862,-15.5866923095
1.02104136397,-14.0039537344
1.03248022365,-22.4721825954
1.01191871827,-8.83498440789
1.02177600134,-15.5713605072
1.02542599255,-14.3952223301
1.02220276767,-15.2145774805
1.02216775976,-14.5184584933
1.02168980037,-15.1096428661
1.0200159473,-14.2612390184
1.03970880027,-22.8874714756
1.00702967507,-9.26873678532
1.02695942054,-15.4564135976
1.01983393593,-14.9102320031
1.02468025143,-15.003964759
1.01871305603,-14.2326413099
1.02226803585,-15.0001757491
1.02049523627,-14.3782590017
1.03371218192,-22.5477996759
1.01302014679,-8.81772899346
1.01893257588,-15.5293369073
1.02198729554,-14.4044293607
1.02201362781,-15.0834217451
1.0194497338,-14.3312722525
1.02233732293,-15.1373251795
1.02148079072,-13.8213665889
1.03365249058,-22.4272988507
1.00976325698,-8.81113629369
1.02225888629,-15.4155690389
1.02234769264,-14.3504927989
1.02015183531,-15.6374339693
1.0203906193,-14.4899438703
1.02431290084,-15.0646932343
1.02342736038,-14.187827341
1.03584841037,-22.3419479798
1.00988866257,-8.82241190364
1.02031429092,-15.2741514119
1.01854574047,-14.5094662339
1.02156205157,-15.3958722703
1.02397175605,-14.5044984411
1.02417096318,-15.3242394405
1.02092343319,-14.1578211208
1.03919092395,-22.1453095954
1.0138098383,-8.63132475209
1.02647317497,-15.3605826791
1.02186548625,-14.6262632229
1.02353482567,-15.4170568526
1.02061493008,-14.3878785823
1.0223565925,-15.0889396023
1.02515082584,-13.9347582576
1.03857349046,-22.3816139171
1.01114713881,-8.47261697782
1.0224117543,-15.4896197879
1.02002569336,-14.6760267145
1.02002098233,-15.1040146077
1.01735618451,-14.488462163
1.02084923661,-14.7256636081
1.02070012121,-14.5773985574
1.03507152196,-22.1565511293
1.00883387434,-8.73947194494
1.02179389006,-15.1307941664
1.02234284283,-14.1504929332
1.02525516336,-15.4551278689
1.0201415722,-14.3468716129
1.02343488956,-14.896638825
1.01962944401,-14.2437196094
1.03832924463,-22.1604568917
1.01201843666,-8.53405544616
1.02092479146,-15.069564327
1.02346225818,-14.6155575212
1.02009826891,-15.356095803
1.01985499036,-13.8112519716
1.01818209142,-15.1581128655
1.02123855843,-13.885659551
1.03515009288,-22.4406550722
1.00854794586,-8.67739408383
1.02517587404,-14.8865533179
1.02220065246,-14.4955015038
1.02329685982,-15.2853132018
1.01876007319,-13.9109271946
1.01887644275,-14.8575433677
1.01956329976,-14.022159011
1.03494914176,-22.4237176179
1.00915895521,-8.73704690787
1.02253707002,-15.1397383967
1.02501118206,-14.0284620518
1.02129371231,-14.7189556996
1.01979081594,-14.3630528023
1.02172386018,-14.9886349815
1.02097485863,-13.7620072958
1.03520411657,-22.1693975478
1.01347884797,-8.6862506027
1.01968216238,-15.2539809244
1.02115976519,-14.1167294694
1.01951247526,-15.1390220154
1.01934649775,-14.1536415401
1.02370693273,-15.0547249049
1.02041284876,-14.3244646097
1.03540685792,-22.1630984997
1.01331370059,-8.31813902919
1.02374991958,-14.8352923022
1.02269690537,-14.3909462654
1.02183905498,-15.1214201109
1.02065548958,-13.9332010216
1.02303619907,-15.1488247478
1.01810444353,-14.3935423336
1.03708110798,-22.3171005649
1.01162452436,-8.39271259715
1.02220818448,-15.3231228152
1.01996941582,-14.3095534807
1.02513365129,-14.9946463204
1.02034692924,-14.0018846064
1.0216980718,-14.9813563052
1.0204691346,-14.244054425
1.03424004297,-22.2970167766
1.00825747415,-8.52616682846
1.01947307137,-15.1898606013
1.02078264516,-14.0324434302
1.02189470487,-14.9339354975
1.02017715959,-14.0924257396
1.02056302582,-14.751033454
1.02109150539,-14.0191702016
1.03498218658,-22.4237353452
1.01059470559,-8.2291454309
1.02441500601,-14.8346965633
1.02169862087,-14.2980083714
1.02134179417,-15.1953257932
1.02253881719,-13.9633748811
1.02397852642,-14.6164890531
1.02068658098,-14.1931903564
1.03958136414,-22.1635664947
1.00931828647,-8.57663692562
1.025385735,-14.9704818988
1.02211435308,-13.9438361353
1.02236424195,-15.0263125664
1.02222912739,-14.2971501755
1.02231788296,-14.7298079658
1.02633584159,-13.8418485464
1.03406134082,-22.1030784659
1.00774783236,-8.32841373258
1.0204049784,-15.1228396523
1.01947905462,-14.4872048497
1.02318883607,-14.9562450473
1.01922005032,-13.8865466615
1.02578016867,-15.0094124743
1.02100508968,-14.1452305559
1.0367618082,-22.388675164
1.01035637544,-8.44325762187
1.02472858262,-15.1250703459
1.02213098974,-13.9323670554
1.02624591256,-15.3318465662
1.02263318113,-14.2151696873
1.02371965052,-14.7347127137
1.01960700362,-13.7916194136
1.03936082112,-22.0592288135
1.01059429691,-8.41914759298
1.01986197672,-14.9245634389
1.02289600278,-14.0960971182
1.02563575377,-14.7942659035
1.02051944306,-13.8076328691
1.0213529786,-14.7348764167
1.01861345285,-13.7741212119
1.03632174965,-22.0988754826
1.010071848,-8.45331075297
1.02028159536,-15.0198010867
1.02195091242,-14.4788663855
1.02491486767,-15.0581888042
1.01859787391,-14.2944383889
1.02515409305,-14.5232859088
1.02052847953,-13.6769277677
1.03796371852,-22.2930907902
1.00971968399,-8.49446693542
1.02710989162,-14.964196656
1.01936842224,-14.3536148988
1.02458559572,-14.949746234
1.0238632443,-13.9684492301
1.02005210386,-14.7446637597
1.02573554619,-13.3051972514
1.03568548877,-21.7734939556
1.01109231765,-8.42177105487
1.02181516406,-14.7277070821
1.01869245553,-14.1934961942
1.02278088554,-14.771687548
1.0211417175,-13.8696655219
1.02429340624,-14.8361653187
1.01714283933,-13.7420172388
1.03445962433,-22.1891634457
1.0099346602,-8.23403122914
1.01894436068,-14.870060789
1.02182131533,-14.0946335867
1.01881784644,-14.9986064821
1.02302660034,-13.8847817118
1.02035245473,-14.6872235635
1.02351287779,-13.8938023098
1.03569257656,-22.3789445218
1.0084482837,-8.44666423567
1.01903900273,-14.9213947022
1.02276105293,-13.9988398399
1.02174732498,-15.1531988848
1.02143008128,-13.6724585047
1.02262841698,-14.8111593123
1.02484652768,-13.5493092484
1.03687416295,-21.7876706645
1.01189749585,-8.21008487721
1.02716992991,-14.6621416338
1.02818899482,-13.9136967595
1.01885054577,-14.7370993923
1.02205017561,-14.0248822851
1.02077685074,-14.8243878009
1.02039683909,-13.8720978482
1.03554636742,-22.1972587068
1.0096383308,-8.26363056499
1.01892116795,-14.9658692399
1.02304254017,-13.8293630674
1.02127783577,-14.9590630785
1.0229114271,-14.0445903328
1.02153904164,-14.4721551912
1.02024931659,-13.778859086
1.03610366586,-21.9288166929
1.01400607652,-8.27729764052
1.02411128306,-14.5694058689
1.02283488562,-13.923021781
1.0265138187,-15.0919766391
1.01904211935,-13.9387769577
1.02242662149,-14.4833038339
1.01907159783,-13.6328112822
1.03635682748,-21.8455414878
1.00898716191,-8.15702442261
1.02570078723,-14.6238802508
1.02155622296,-14.1201351856
1.0234399143,-14.6039164118
1.01834742152,-13.5956134973
1.02484759663,-14.7835375296
1.02099677529,-13.7586401667
1.03738071572,-21.640268372
1.00898306754,-8.33896107037
1.02377261217,-14.8841605026
1.02102457679,-14.1283508971
1.02209728142,-14.5560557071
1.02009326657,-13.5605621991
1.02419122655,-14.5632806556
1.02028841938,-13.8570749418
1.03736404747,-21.7070652415
1.01213421661,-8.38592212309
1.02250947696,-14.7099601243
1.01912929514,-13.6746836716
1.02274852554,-14.4498353778
1.02295345772,-14.0730487603
1.02085707175,-14.6581671692
1.0187488689,-13.5870746341
1.03668134102,-21.8667566872
1.0102747485,-7.86195878477
1.02122985465,-14.7936489343
1.01789990321,-14.0711474899
1.02291273631,-14.7508038534
1.0169749632,-13.4623332219
1.02260151479,-14.563782164
1.01848333059,-13.4790450898
1.03880718796,-21.7684577912
1.01101862517,-7.69885033844
1.02359664131,-14.7942250618
1.02405072124,-13.7213161725
1.02494372737,-14.7253110719
1.02410559622,-13.8384112723
1.0202745706,-14.4617722057
1.02078204733,-13.4247949827
1.03458528163,-21.8787873583
1.01337769154,-8.21932853293
1.02257957749,-14.8373557186
1.02398342531,-13.8473423896
1.0250394429,-14.7724086566
1.02376410761,-13.7266978612
1.02177071975,-14.5983069175
1.02464789505,-13.4525020327
1.03630162795,-21.6582574784
1.0148866497,-8.16623799027
1.02438060749,-14.3866001887
1.02557395218,-13.6262800659
1.02029197742,-14.7358957897
1.02040798705,-13.7453793385
1.02186975792,-14.438213731
1.01898528887,-13.7109942148
1.03491348971,-22.105137695
1.01065789756,-8.10021035772
1.02202949698,-14.5611015641
1.02207043694,-13.8841293806
1.02278851455,-14.6774856457
1.02248729624,-13.7723256943
1.02291715966,-14.4565979224
1.02266485637,-13.5469561386
1.04228507517,-21.495770468
1.01323915735,-8.08552529433
1.02318539035,-14.453616685
1.02105690649,-14.2949187689
1.02274452772,-14.6296159082
1.02130218689,-13.6549993754
1.02593772276,-14.1433444745
1.02155296644,-13.7406727782
1.03728008513,-21.6778652505
1.01402074887,-7.97065416952
1.02334509936,-14.605798855
1.02592804034,-14.0459832532
1.02306339101,-14.9728342511
1.02297719778,-13.7198376538
1.02247337454,-14.7687382446
1.02559018414,-13.6094488293
1.03973082452,-21.2964690479
1.01703913978,-8.14309149911
1.02285504122,-14.4448534358
1.0241102738,-13.401527012
1.02523455587,-14.8316942496
1.02342200102,-13.5693362881
1.02248839645,-14.4494063441
1.02520758131,-13.4024676727
1.03622128923,-21.842767467
1.01483954396,-7.79113830433
1.02491787752,-14.576865142
1.02397172918,-13.9560726168
1.02638925315,-14.4737652077
1.02140642525,-14.010607754
1.02441483199,-14.2244402667
1.0248537778,-13.5332842289
1.04151885022,-21.7570505034
1.01221469938,-7.93843341161
1.02467951472,-14.6121494677
1.02555730218,-13.6319723936
1.02899516382,-14.6059926526
1.0211240354,-13.696642922
1.02535108728,-14.4426239668
1.02213621855,-13.3622627214
1.03551472125,-21.8053362271
1.01235916496,-7.91013260437
1.02324213775,-14.5741324911
1.02815641281,-13.8425314753
1.02558125643,-14.4682301206
1.02170118143,-13.4949345971
1.02827698972,-14.0558707008
1.02460318654,-13.4346422972
1.03962341988,-21.67115473
1.01617464981,-7.81066556629
1.02691753524,-14.5405566085
1.02700131005,-13.4892772388
1.02571574394,-14.4665942693
1.02831377604,-13.4720864579
1.02866776201,-14.2247341972
1.02541949522,-13.5621404293
1.04264170999,-21.5908336136
1.01491906052,-7.9064249452
1.03101118038,-14.5418051453
1.02885111666,-13.7722566726
1.02967538514,-14.3716879242
1.02644025566,-13.5492186704
1.03108867834,-14.2673237639
1.02888093644,-13.0319753373
1.04180627476,-21.8873131872
1.02156727065,-7.97141440424
1.02606980361,-14.7424391684
1.02493697169,-13.6339030349
1.02948058229,-14.1795880135
1.02499488898,-13.7819848846
1.03126667587,-14.1985921433
1.0297340936,-13.2726643018
1.04519099031,-21.592892827
1.01570961282,-7.81172599482
1.03081592325,-14.5675324145
1.03388999146,-13.5506868484
1.02758404156,-14.5909161046
1.02851340393,-13.4979489817
1.03120817363,-13.877794376
1.0275556615,-13.2517986792
1.04684524703,-21.3114558927
1.01869645069,-7.82430962592
1.02962727255,-14.2203999765
1.03030709443,-13.5398307892
1.03360194842,-14.2893412889
1.03080757671,-13.3503214569
1.0312231489,-14.2000241182
1.02925980982,-13.0160277547
1.04351780992,-21.453437288
1.02044034082,-7.73626358541
1.02819422955,-14.3831562996
1.02925683737,-13.7076302494
1.03050291536,-14.4131558446
1.03016746897,-13.5987859237
1.03035920182,-14.2715639462
1.02866756227,-13.4069319233
1.04344863851,-21.4574960067
1.02206400895,-7.50836467119
1.03290343898,-14.1604235284
1.02778190863,-13.474809325
1.03322907483,-14.3718827545
1.03218686,-13.4327718862
1.03389588245,-14.2252428281
1.03006698774,-13.1701495641
1.04773722529,-21.3777046187
1.02048756636,-7.3689515498
1.03121836759,-14.4696579708
1.02980009706,-13.3235997895
1.02968841093,-14.1890004966
1.03429512077,-13.3047106401
1.03204378012,-14.3829547731
1.03142314521,-13.1879965986
1.04346301056,-21.216578056
1.02152342884,-7.8381163576
1.03460178688,-14.3327087427
1.03205453101,-13.8121145328
1.03140794402,-14.1617848191
1.03172951794,-13.4229699238
1.03682258733,-13.8719046383
1.033871587,-13.2231432066
1.04452400444,-21.6769870181
1.02447534656,-7.6971114392
1.03957361352,-14.4475063377
1.03559984475,-13.733999097
1.03931154477,-14.347177266
1.04611472923,-13.5091312933
1.055234255,-14.2729495438
1.06069260018,-13.3794346427
1.09141501579,-22.4155212284
1.09069303743,-7.72568304659
1.13546985807,-15.5015273009
1.19325076298,-15.1135429372
1.29937994905,-16.8548993775
