1.19328639148,-4.44636653848
1.18188896747,-4.55927919232
1.18781264112,-4.52816621201
1.19109345156,-4.87473637041
1.18899851963,-4.54137270054
1.18788016162,-4.51075730714
1.19107998763,-4.17658538706
1.18947224495,-4.4976287999
1.19213320423,-4.26653200386
1.1979539106,-3.87742998434
1.19917126768,-3.93518157725
1.20104643887,-3.94937280675
1.20256730285,-3.82999210375
1.19834001506,-3.84944653797
1.19920637939,-3.83576365812
1.19707190298,-3.72591822525
1.19578666649,-3.79030790922
1.19668912142,-3.7429209623
1.19653744328,-3.6640995083
1.19411844707,-3.68237675689
1.19587940588,-3.75615360034
1.19700923693,-3.71573668744
1.19437669735,-3.69167400444
1.19470905723,-3.68544029142
1.1959389148,-3.68935629056
1.19417374981,-3.6820575296
1.19646032506,-3.59163008966
1.19693698114,-3.57111005017
1.19544227598,-3.60081826249
1.19387579909,-3.6437959397
1.19736204303,-3.57616425482
1.19670752858,-3.57813506361
1.19403816757,-3.56970921899
1.19359896678,-3.54803481107
1.19167599307,-3.51533521915
1.18977307162,-3.5302577901
1.18978016868,-3.51307141103
1.18762149497,-3.50394586714
1.18586735225,-3.48083643053
1.18825742083,-3.47767744225
1.18938042717,-3.461340679
1.18711131444,-3.48202621124
1.18670330295,-3.42687856487
1.18505293481,-3.499319328
1.18719477276,-3.46911264284
1.18658680128,-3.40912593161
1.18611845035,-3.3662179873
1.18587842311,-3.44012114824
1.18724019927,-3.42137036528
1.1889416988,-3.37224054494
1.18625963729,-3.36318325738
1.18553764016,-3.39127809405
1.18915147037,-3.44198015466
1.18792559502,-3.4212045352
1.19090191369,-3.34539609597
1.19211559485,-3.37869785411
1.18986217664,-3.36960307417
1.18782750599,-3.29551693053
1.19328432745,-3.31693737726
1.19013570687,-3.30639554512
1.18899064705,-3.30234328561
1.19207428612,-3.35393632492
1.19227951107,-3.30928990738
1.18996852808,-3.31730400487
1.1940362837,-3.32956460479
1.18796652817,-3.26128709677
1.18528310032,-3.28108297691
1.19020866647,-3.22628777979
1.19339821399,-3.30718256379
1.18996230118,-3.29439946637
1.19075317086,-3.20541389853
1.19258369845,-3.2691686018
1.1926446881,-3.2837332179
1.19419938472,-3.27205976223
1.19558579136,-3.25135231361
1.19632524921,-3.32986794538
1.19940475635,-3.29235030019
1.19747667865,-3.26767920694
1.19616382998,-3.22259515095
1.19560873958,-3.25769248388
1.19772812836,-3.24072682991
1.19287573777,-3.23819584989
1.1955762604,-3.26891293786
1.19715031603,-3.27489517829
1.19371476067,-3.26946799128
1.19296293247,-3.24450044211
1.19441630551,-3.18635485283
1.19166763585,-3.20719685695
1.19332324726,-3.27065680995
1.19147328527,-3.14864262199
1.19065081057,-3.14461523574
1.1908417499,-3.15380628698
1.19383002344,-3.17177406396
1.19038154533,-3.19573904617
1.18986179091,-3.12155885274
1.19266771014,-3.16052916828
1.19543682658,-3.16213465246
1.19278270124,-3.18165342533
1.19310062122,-3.1782212269
1.18960920988,-3.10293506177
1.18812751986,-3.14943552357
1.18840851159,-3.1557736453
1.18699985846,-3.1125550795
1.18582510555,-3.15044836256
1.18744297003,-3.10718615353
1.18754443469,-3.15838679083
1.18594688056,-3.15072371518
1.18592855189,-3.16860671433
1.18569873564,-3.11967770489
1.18410995328,-3.10200432587
1.18936701259,-3.11136731067
1.18929786577,-3.13509864726
1.18575732273,-3.14335929485
1.18452721846,-3.07139009525
1.18871264711,-3.11994139392
1.18562518904,-3.1073601204
1.18619114944,-3.11418694512
1.18469561088,-3.10825266659
1.18527382545,-3.10461808552
1.18691442367,-3.07254760195
1.18809274185,-3.12836291539
1.18492096545,-3.08240753741
1.18528215004,-3.0630840987
1.18710239976,-3.12201983458
1.18845259504,-3.08968679436
1.18446053569,-3.06881448756
1.18697071967,-3.09691848604
1.18700568755,-3.11966254693
1.18579722917,-3.08009880447
1.18438356233,-3.07226030009
1.18385280764,-3.0570330302
1.17920756327,-3.04162085537
1.18241678589,-3.07177279507
1.18346834338,-3.03000862441
1.18236364328,-3.06417453796
1.18163953533,-3.06142411496
1.18208554604,-3.03762768999
1.17847939391,-2.99984114758
1.18240921517,-3.03730335935
1.18087423915,-3.04334014677
1.18100431196,-3.0333684822
1.18140004863,-3.00727854687
1.18858094037,-88.1001622705
1.18044804474,-7.70614901325
1.17922984127,-4.442828179
1.17919677242,-3.70562741093
1.17959262615,-3.46153915127
1.17852340758,-3.31267481703
1.18086705922,-3.28500306662
1.1752376041,-3.2022062732
1.71028731139,30.6165050311
1.17944167301,0.291826931944
1.17964993981,-1.40852021715
1.1750714531,-2.09080394434
1.1760062099,-2.44790209103
1.17584265638,-2.63433748518
1.17543550099,-2.73492946075
1.17584311213,-2.74173419852
1.17754058114,-2.86827471098
1.1760033008,-2.32787642869
1.175782306,-2.26711137832
1.18360194486,-2.8944899527
1.18602562231,-2.9476583185
1.18972152336,-2.97933333219
1.1894880506,-2.98098453609
1.18422441948,-2.90235720208
1.18377919119,-2.91652596057
1.18414526135,-2.99611317277
1.18341406849,-3.08236322497
1.18103363291,-2.89620343454
1.1811084461,-2.95600829143
1.17715009109,-2.97772967382
1.17701865671,-2.91427421528
1.1749212663,-2.96929780453
1.17433860517,-2.88541642038
1.17638603993,-2.91662044314
1.17979567703,-2.9458525998
1.17603263099,-2.94290237169
1.17572046865,-2.9034419347
1.17995167505,-2.93689396214
1.17853557226,-2.99486324417
1.17854632291,-2.94440747002
1.18138328796,-2.92123529438
1.18057894087,-2.94050011381
1.18076078416,-2.92706542927
1.18201808879,-2.89903235545
1.18152479403,-2.94108175065
1.17980320158,-2.89447309217
1.18239239297,-2.92148297751
1.17679364127,-2.92497861826
1.17413383835,-2.86491394027
1.17286376486,-2.88624987763
1.17188989138,-2.93170082564
1.16644389776,-2.90157084757
1.16748634138,-2.81464955505
1.16480104467,-2.82993605757
1.16265589372,-2.82926176077
1.16548171301,-2.84357966286
1.16722613962,-2.78889394267
1.16509447437,-2.84741516104
1.16431205577,-2.84460155274
1.16195224334,-2.87045155819
1.16311234979,-2.83964423017
1.16429096008,-2.84006217704
1.1654474429,-2.84682379706
1.16245472787,-2.82918500871
1.16426983833,-2.81644480157
1.16462176952,-2.80891928863
1.1637821561,-2.79145611998
1.16373667613,-2.85759406077
1.16479692495,-2.82427048474
1.16240507102,-2.83799234727
1.16480680978,-2.79489554735
1.16642135425,-2.810733773
1.16429979829,-2.82768125618
1.16299984808,-2.88459872232
1.16548136758,-2.84785466881
1.16627995908,-2.87234241723
1.16547763056,-2.88015203269
1.16723362214,-2.81273107827
1.16669031646,-2.86130596398
1.16520984344,-2.82480426252
1.1673784847,-2.81203269999
1.1643238442,-2.82920969794
1.16288102309,-2.86480064108
1.16347028531,-2.80338677634
1.16689300817,-2.85588470051
1.16337167432,-2.81666238089
1.16424323009,-2.81435459776
1.16335406424,-2.89499258407
1.16304909493,-2.82515016584
1.1643154039,-2.84079808049
1.16332270987,-2.83884918096
1.15976041918,-2.82092993384
1.16498649925,-2.80348814702
1.16331324997,-2.79727496433
1.1639066106,-2.83211024369
1.16226772996,-2.85048504068
1.16247042357,-2.83711968277
1.16108840289,-2.82911412479
1.16337271474,-2.82563600388
1.16322544212,-2.8287377498
1.16170279325,-2.80323501785
1.16055255362,-2.79286486796
1.16364342961,-2.81292127248
1.16056605833,-2.76033542239
1.16242735815,-2.86784100226
1.16296572941,-2.80524395976
1.16220291292,-2.80971538217
1.16064570052,-2.80369455563
1.16369322458,-2.82860195717
1.15916005113,-2.78988428202
1.15934212713,-2.79093079557
1.16301928747,-2.83746770187
1.1600898369,-2.76153875137
1.15954861016,-2.82593343752
1.1613092468,-2.82868097942
1.15943997298,-2.75385255596
1.1596590372,-2.76087286125
1.16091161569,-2.76782541385
1.15987685213,-2.79297109759
1.15483156243,-2.80207363884
1.15950306185,-2.82782440848
1.16081466418,-2.79974101367
1.15905450429,-2.76445474317
1.15638190642,-2.79513659904
1.15827764621,-2.78478095013
1.1546637551,-2.79876041512
1.15752428304,-2.82722835588
1.15521623117,-2.80370026891
1.15629861166,-2.79071558128
1.15608172163,-2.7798865899
1.15999162829,-2.78974536023
1.15448663348,-2.78719493466
1.15510188719,-2.78519156046
1.15588712578,-2.78433006742
1.15583706996,-2.81490550557
1.15613132252,-2.82836385852
1.15677395213,-2.78629911605
1.15303816089,-2.77433804851
1.15328921004,-2.75426996619
1.15377664361,-2.76354377905
1.15235736737,-2.73494594076
1.15309172456,-2.74629463472
1.15388427678,-2.75696172416
1.15312486624,-2.7633222927
1.15322342095,-2.79126084559
1.15322415281,-2.74107268429
1.15282432201,-2.78231281152
1.14946316651,-2.79672685423
1.1536887392,-2.76854008866
1.15445492977,-2.75916940209
1.15344595714,-2.80530309633
1.15325347855,-2.8206452096
1.15068462318,-2.75442346552
1.15036729514,-2.76302184105
1.15309543426,-2.81787976823
1.15108819524,-2.8219168106
1.14851428412,-2.76547157372
1.15143410652,-2.73696622183
1.15260696807,-2.7860859063
1.1484488425,-2.77867993265
1.14772258419,-2.79628347474
1.14976012664,-2.82644282421
1.81671945495,34.1454871186
1.1513866487,-13.1806011727
1.15329844756,-4.94734159659
1.14608378833,-3.27894979227
1.14531652406,-2.9167464472
1.14856539476,-2.91610614117
1.14891287254,-2.80528887885
1.14789791577,-2.94169941519
1.14973697295,-70.9499894271
1.17418617759,2.35437706448
1.14829400717,-0.546017022978
1.1591468773,-2.38362789253
1.15503369945,-2.61234262747
1.15150807266,-2.65871457024
1.15436711238,-2.61412524056
1.15154288989,-2.57288462265
1.15065165934,-2.64254621499
1.15439731381,-2.67479242528
1.14038062991,-1.83913600974
1.14306596469,-2.27807922322
1.14735556294,-2.62210309274
1.14274408389,-2.63752289625
1.14285761233,-2.68098623002
1.14668794173,-2.73140313242
1.14946457855,-2.73222156459
1.14644654543,-2.70887376273
1.14687492714,-2.74022288188
1.14300433822,-2.55050768289
1.14496710062,-2.66479530428
1.14783621327,-2.74660091307
1.14937055922,-2.69998377833
1.14719831377,-2.75344604895
1.14810008278,-2.76638996285
1.14946536343,-2.80106405524
1.14808151989,-2.7398195594
1.14519006641,-2.7754006656
1.14618100338,-2.68304272221
1.14599689523,-2.78939013213
1.14666188502,-2.75054203768
1.14347967218,-2.72810619279
1.14233522083,-2.79202051611
1.13903954478,-2.75458456689
1.14079228883,-2.75008613237
1.13964085067,-2.77514903522
1.13994984283,-2.75501427045
1.14052390811,-2.78770971352
1.13887835892,-2.71563697584
1.13797552393,-2.73066156201
1.13973932602,-2.73397747203
1.13577075845,-2.75220441137
1.13595673196,-2.67275195232
1.13831074513,-2.71826759777
1.13915707425,-2.73812984833
1.13726148966,-2.80038689299
1.13737676565,-2.78808224728
1.13553786867,-2.68587772712
1.13544624691,-2.72870527031
1.13460381991,-2.76684526782
1.13446928682,-2.76985303774
1.1315954273,-2.70723614992
1.13470441168,-2.75907044768
1.1337175398,-2.73463790531
1.13310817012,-2.76835815298
1.13355042555,-2.77620197774
1.13462329368,-2.76845657806
1.13053030426,-2.71400234767
1.13246942625,-2.65465360336
1.13386971438,-2.7164475835
1.13130120733,-2.70816498323
1.13073142527,-2.73105010973
1.13090107023,-2.70940215655
1.13128904879,-2.69106898058
1.13207448838,-2.73484607975
1.13222092712,-2.72188352712
1.13267920258,-2.69399637589
1.13305378756,-2.69158577571
1.13356219209,-2.66937904639
1.13065384261,-2.72074858956
1.1296000119,-2.71128224288
1.13214965941,-2.67267528257
1.13393907456,-2.75671855556
1.13133512356,-2.75233148405
1.13382794814,-2.73731650719
1.13214744562,-2.69444085973
1.13059702048,-2.69786528388
1.13094939016,-2.69730482405
1.13134447731,-2.77075715402
1.12772377263,-2.71017707389
1.13304485996,-2.7371581252
1.13354056032,-2.77000502467
1.13303159769,-2.73925907574
1.13265712496,-2.71474548954
1.13255687439,-2.74026634782
1.13002917747,-2.76178567621
1.13254514061,-2.68926660917
1.13413267026,-2.72322206361
1.14897385516,-4.30187471159
1.13634594618,-4.62815458111
1.13947830274,-4.9106943134
1.13708548785,-5.07088067199
1.13900674216,-4.93714126302
1.1372473584,-4.84006845357
1.13830934637,-4.52709673744
1.13888978084,-4.79868830508
1.14256180938,-4.6386452675
1.14378428479,-4.45722758132
1.14633547277,-4.52307174429
1.14941120579,-4.57651354406
1.15338841313,-4.46196598959
1.15357942842,-4.471569193
1.15652799462,-4.43709108067
1.153324393,-4.43398139514
1.15350822965,-4.4770977401
1.15415769654,-4.3409549514
1.15202868581,-4.38691342409
1.14885840597,-4.43706104493
1.15132934867,-4.39043883415
1.15066348634,-4.44349583645
1.14915737401,-4.36404921871
1.1473973884,-4.35537480933
1.14802061146,-4.28765559539
1.14535033951,-4.29509204605
1.14854555753,-4.32754351352
1.14893323043,-4.34683904973
1.14705859393,-4.32650376639
1.14750035666,-4.30900103189
1.1509709802,-4.32047451344
1.15116009677,-4.30821919619
1.15022654012,-4.2664557179
1.15181903204,-4.29169143735
1.15059471519,-4.25321648569
1.15117793733,-4.29597848214
1.15364891595,-4.24828979385
1.15121665572,-4.2633497609
1.15133958995,-4.19499267983
1.1497003308,-4.22244083368
1.14812430728,-4.22728065073
1.14584571477,-4.24995565557
1.1464856516,-4.19438832773
1.14403815646,-4.23013867954
1.14338247804,-4.16379530404
1.1454438672,-4.17168792629
1.14267125169,-4.17662498629
1.14147746961,-4.16943926707
1.14732714411,-4.1804426721
1.14676534716,-4.14439979891
1.14718863679,-4.20004985869
1.14778338224,-4.16673233601
1.14963314547,-4.22616806548
1.14490521767,-4.12883303952
1.14817800947,-4.15567591361
1.14712039169,-4.17074798828
1.14480158912,-4.15224096466
1.1449148836,-4.05196387689
1.14784595811,-4.09617487908
1.14691581721,-4.12257058911
1.1478090337,-4.13785868292
1.14581214288,-4.09641764118
1.14517755443,-4.11314229098
1.14596265637,-4.14145738612
1.14908991878,-4.0920649493
1.14606463293,-4.09550341154
1.14790103487,-4.06933734091
1.14812771793,-4.10351268598
1.14843774542,-4.16021379017
1.14537356522,-4.07273000347
1.14621298407,-4.04387591934
1.14615355329,-4.07021815076
1.149455044,-4.05585027637
1.14969776514,-4.08165864333
1.14662972984,-4.05720589694
1.14659411308,-4.12413095896
1.14914906363,-4.06910431169
1.14527006392,-4.05845222918
1.14724175065,-4.05632701501
1.14943151981,-4.07438993067
1.1486666172,-4.05678094639
1.14522400282,-4.03101205052
1.14899538661,-4.06641666502
1.14748175693,-4.0491463483
1.14618409592,-4.01774559744
1.14558362933,-4.03588246369
1.14920875951,-4.04618122387
1.14845545133,-4.02880145812
1.14975020595,-4.03130368323
1.14812713337,-4.01657531493
1.14910865656,-4.01358048755
1.15319460008,-4.01532799182
1.15620419928,-4.05925147557
1.15490178061,-4.04191995672
1.1576778038,-4.03940180625
1.15956998772,-4.05913257437
1.15820662452,-4.01618428804
1.15544937985,-4.02125593528
1.15714457983,-4.05521042821
1.15457981853,-4.02221282148
1.1578799693,-4.01148546561
1.15723653426,-4.02387113164
1.15519569364,-4.01037659334
1.15257427852,-4.00371069471
1.15342860331,-4.04871846119
1.15330843324,-3.98968034852
1.15723739417,-4.02889379012
1.15580517118,-4.01030328111
1.1550059387,-3.95522360433
1.15386369643,-3.96224092792
1.15624316529,-3.979794454
1.15613440427,-4.02153911108
1.15370902661,-4.00370424196
1.15734920777,-3.9799080284
1.15875107837,-3.98486973641
1.15824839445,-4.03229755631
1.16071877135,-4.06719386331
1.15727265856,-3.99825134065
1.15745773246,-4.02203989259
1.15523903965,-3.95932771737
1.15608494511,-3.98443620365
1.15076061606,-3.95231548298
1.15204136764,-3.98039406702
1.14912491071,-3.93709315817
1.14844788277,-3.99316628975
1.14601838909,-3.9468538727
1.14417264472,-3.95819810411
1.1436585732,-3.91194014162
1.14694062093,-3.94413028481
1.14842710944,-3.93625042197
1.1480698854,-3.97144590776
1.14571534349,-3.92319415522
1.14769834485,-3.94465406204
1.14573884198,-3.92716039987
1.1455784796,-3.94159197512
1.14660961469,-3.94536880584
1.14502256633,-3.89751719917
1.14528672715,-3.93522244312
1.14647333626,-3.86102029667
1.14145255037,-3.8550446205
1.14324689303,-3.88266109801
1.14439974506,-3.9042771589
1.14489848615,-15.0873602791
1.14354565899,-3.79821208802
1.1469763477,-3.46069746224
1.14513524749,-3.6023153495
1.14436418342,-3.72210697734
1.14539071853,-3.92560078697
1.14758394062,-4.02347779978
1.14303380952,-4.04481529686
1.15185800626,0.213328211888
1.14862921648,-4.69583652527
1.14827680548,-3.32454114575
1.14537786386,-3.32021201156
1.14482376614,-3.4659403587
1.142978081,-3.5922403493
1.14597681913,-3.74770166107
1.14431377269,-3.77645084853
1.14421135045,-3.79660706698
1.14006306351,-3.1390220818
1.14264293434,-3.48319148188
1.14250401964,-3.7727575807
1.14422181306,-3.74901779891
1.14459046213,-3.80045723451
1.14245350862,-3.8240782494
1.14377115589,-3.82399036504
1.14494321852,-3.80682658483
1.14201258784,-3.82938439353
1.14187100707,-3.88703127384
1.14238382846,-3.79092982948
1.14051846475,-3.84751496748
1.1429999943,-3.85832972528
1.14398943765,-3.83689013559
1.14171165706,-3.85502007298
1.14063900959,-3.76550747399
1.14178688253,-3.87636477423
1.14287258771,-3.8797591522
1.13911132224,-3.86413925399
1.14324867366,-3.84129750814
1.14487283407,-3.86948061189
1.14271760513,-3.85953269757
1.14240993641,-3.87497597439
1.14239282352,-3.81855312179
1.1418267138,-3.86759499071
1.14498467385,-3.84863644613
1.1457391624,-3.84761872327
1.14226043396,-3.85447144365
1.1442992519,-3.81083216803
1.1447062926,-3.77053115745
1.14727427142,-3.899002622
1.14681876576,-3.83487712708
1.14643303591,-3.85687813922
1.1453312822,-3.87350510667
1.14599682799,-3.87737348112
1.14854384406,-3.83172135686
1.14523902339,-3.82422113388
1.1467979018,-3.84149599251
1.14421835694,-3.78737619867
1.14676121379,-3.82965670022
1.14728704402,-3.830476098
1.1482903703,-3.80516769386
1.14620829242,-3.8147489438
1.14748140003,-3.82101845293
1.14980646046,-3.8171613822
1.14823463933,-3.84381801021
1.14580231849,-3.83429494927
1.14815470736,-3.83820580945
1.14688810391,-3.80698932125
1.14797823374,-3.80346647892
1.15011697501,-3.85368261175
1.14754796719,-3.83007287561
1.14506436025,-3.83703985491
1.14907324324,-3.81061565484
1.14801345561,-3.84902433277
1.14653652154,-3.84015820661
1.1484033115,-3.8761241379
1.15043588008,-3.84676077419
1.14664687083,-3.79140195733
1.15034143167,-3.84665071687
1.14660829078,-3.80063915426
1.14698560306,-3.83467940667
1.14853360044,-3.8338990971
1.14879818121,-3.80418014844
1.14636193333,-3.7485374762
1.14675479225,-3.82682113033
1.14664395008,-3.78409581336
1.14775919688,-3.81237911372
1.14788160088,-3.80640877971
1.14940128517,-3.86413951378
1.14702310514,-3.84185039078
1.1486440801,-3.77419552809
1.15071418649,-3.84265776298
1.15140864857,-3.79208619031
1.14755326719,-3.81801003802
1.15073362615,-3.76791394618
1.15120917717,-3.8403402641
1.15132430383,-3.83039599215
1.15403815251,-3.89365799764
1.15098356877,-3.84163674871
1.15008352013,-3.86034298324
1.15181823199,-3.82026960184
1.15044190542,-3.81324782903
1.14835800728,-3.79174570298
1.14987383474,-3.77767564241
1.15283268189,-3.80384064784
1.14979391006,-3.84892984163
1.1499310139,-3.81267877793
1.14935225253,-3.8175208842
1.14972607184,-3.77821685043
1.15118601314,-3.83058929152
1.14996662546,-3.78696046156
1.14856587745,-3.81563919368
1.15081342729,-3.82113641661
1.15118406399,-3.81027358137
1.14840800033,-3.74998861939
1.15005630965,-3.78728309083
1.15200613197,-3.79550121468
1.14612112474,-3.73279786317
1.14916766301,-3.75911306816
1.15117211996,-3.80683965652
1.15025298813,-3.8281950742
1.14890910022,-3.80177165916
1.15002180276,-3.77989180812
1.14771051158,-3.77468640634
1.14738830415,-3.78356225492
1.14891008885,-3.78601175838
1.14751533537,-3.74649633088
1.1473787436,-3.7997307631
1.15143224149,-3.80980240558
1.14751390677,-3.82321620931
1.14544342969,-3.77517503673
1.14402755441,-3.72977377498
1.14911252742,-3.78805707069
1.14643338637,-3.75645415519
1.15060580598,-3.80545054607
1.15134161599,-3.80705095665
1.15222577149,-3.84430158409
1.15533356801,-3.79460659661
1.15905762359,-3.83884424929
1.16114745008,-3.89048520235
1.16294933235,-3.80449048944
1.1628217427,-3.85531618988
1.16375396022,-3.81789160266
1.16282210082,-3.83225213187
1.16033859121,-3.8047928989
1.15709772978,-3.83665760496
1.159170806,-3.79820108923
1.1594301994,-3.82307111524
1.15549394572,-3.7684860779
1.1528307917,-3.79782339171
1.15731941748,-3.75502605086
1.15528378045,-3.77355581568
1.15710787078,-3.85164583421
1.15638719643,-3.80352874504
1.15516627464,-3.71009848239
1.15787513671,-3.7569688402
1.16273005918,-3.81467518377
1.16082089517,-3.82428191503
1.16111460759,-3.7997210237
1.16233686608,-3.83394908789
1.16304185267,-3.81572907283
1.16285931976,-3.80851243039
1.16572574248,-3.85368818569
1.16394612687,-3.83078046748
1.29225187621,11.2241456747
1.16242857398,-6.16469193436
1.15825061716,-3.02420583606
1.15095342258,-2.54741894872
1.15156967892,-2.88082448064
1.15198680248,-3.32784459175
1.15114878223,-3.57224306564
1.14923727498,-3.8508127369
1.14550664118,-26.47721901
1.1441635161,-3.31362309405
1.14750808015,-4.3123101327
1.15454000671,-4.72078413028
1.15228712871,-4.29345860952
1.15221868869,-4.06932679548
1.15324035938,-3.89047553297
1.15354977451,-3.88535394229
1.152918743,-3.85609739192
1.15854145711,-4.22901461925
1.14575499396,-3.32209054397
1.1506627332,-3.61321766899
1.15617021383,-3.78052389013
1.15183244806,-3.80043661876
1.15229432264,-3.81211403735
1.15144581995,-3.76200601715
1.15251264802,-3.83018716516
1.15170559801,-3.79797926668
1.15429884487,-3.79796097451
1.15165987839,-3.63106202157
1.15295271871,-3.72321713793
1.15387595426,-3.77752238882
1.1513630599,-3.76564218457
1.14723301013,-3.7678175967
1.15240222265,-3.78723399576
1.15234905657,-3.7992943841
1.15586687532,-3.80240920553
1.15565488989,-3.86045715003
1.1524295781,-3.77141218828
1.15091607714,-3.76976276508
1.15293956059,-3.79706863591
1.15209927401,-3.81436838858
1.15259106766,-3.82278357486
1.15492977769,-3.83800596906
1.15357945117,-3.85284868188
1.15214230531,-3.78463321699
1.15210361757,-3.74155425528
1.1515118762,-3.81162514951
1.14988587889,-3.8041972831
1.15307358445,-3.8213019418
1.15580927807,-3.82398800018
1.15061747481,-3.74094508729
1.15145139919,-3.77959288139
1.1516760908,-3.76914331524
1.15078640193,-3.7940610886
1.15096678342,-3.81717976381
1.15201561529,-3.80106899008
1.15057214313,-3.79075345243
1.1524473412,-3.7883399335
1.1512598958,-3.76104041611
1.15258556955,-3.82131899293
1.15055691805,-3.77334793979
1.1512283742,-3.76710674572
1.14864169394,-3.76386290965
1.1517233139,-3.80914643278
1.1533016646,-3.84408398799
1.15335028381,-3.80708608556
1.14852134556,-3.78626731038
1.14975819208,-3.74613438988
1.14866866338,-3.76677281344
1.14992888683,-3.81545531764
1.14951225288,-3.77298521182
1.15375836264,-3.79955758462
1.15103871401,-3.76236533469
1.15091403281,-3.7794789664
1.1489447426,-3.74317028555
1.14676094626,-3.71596877098
1.15030523375,-3.76343224397
1.15271068943,-3.81457202719
1.1493914107,-3.7950087099
1.15006269358,-3.78463048704
1.15188606244,-3.77823136402
1.15059287192,-3.75650073182
1.15122282251,-3.79855463446
1.15223320456,-3.79127148035
1.14926763611,-3.78120806269
1.15138348632,-3.79480732242
1.15326361804,-3.80332729315
1.15126525005,-3.8036547234
1.15108920906,-3.79615665955
1.15211892236,-3.81749162415
1.15029411268,-3.76006033459
1.15348561549,-3.80701116529
1.15446400781,-3.78883186469
1.15399564547,-3.87646792824
1.15194350346,-3.80998798169
1.15416397055,-3.79244866968
1.15286781181,-3.76981513878
1.14507567022,-3.84770025827
1.13831201669,-3.62452648722
1.13917432436,-3.44049444838
1.13917447955,-3.67931725793
1.14148864279,-3.5751838976
1.13805110217,-3.51371213701
1.13629738776,-3.3915614929
1.1369142627,-3.47335637899
1.14056049632,-3.33182148102
1.13590458857,-3.52616902076
1.13983085446,-3.46151634303
1.1384824255,-3.44871033696
1.14013551096,-3.35055682893
1.13868291048,-3.40935098025
1.13964316084,-3.34340784995
1.13767376264,-3.37048250064
1.14091448821,-3.42216959901
1.1418372823,-3.34881140898
1.13949087433,-3.34174401197
1.13715524127,-3.33929410242
1.14159018913,-3.33974035058
1.13980945919,-3.31944559587
1.14109781554,-3.2999279024
1.13931727269,-3.34240594583
1.14011526166,-3.31034879937
1.14019742288,-3.30808883797
1.14215431071,-3.28337842018
1.14081692079,-3.32532188552
1.13969398961,-3.25711294211
1.13929989438,-3.27387892526
1.14014098352,-3.25835921368
1.1392443872,-3.25688669359
1.14269575139,-3.28062273629
1.14032105786,-3.30206534309
1.13867768063,-3.19830589578
1.13980892008,-3.23233738975
1.13998445508,-3.2282019356
1.13675331791,-3.25488544908
1.14024816335,-3.20670775186
1.13967091446,-3.22339155151
1.1395112188,-3.19981027482
1.13940199265,-3.23420736776
1.13670318992,-3.20735103656
1.13634603325,-3.16401814001
1.14096375331,-3.17954397986
1.14042362373,-3.21839060784
1.13841131816,-3.16054078237
1.13762687915,-3.19020375775
1.14146846408,-3.14812673401
1.13812954799,-3.1587644487
1.13858990425,-3.1455974566
1.14038586171,-3.18072869469
1.14016768144,-3.15689055997
1.1400722131,-3.20612218221
1.14180052504,-3.13772829426
1.13848353096,-3.14249069758
1.14147886789,-3.16344118119
1.1405731332,-3.15100690446
1.14029469439,-3.15227400337
1.13980423478,-3.12736332741
1.1416803492,-3.15018602797
1.13881737124,-3.07157914546
1.14096724506,-3.07803362605
1.14241202485,-3.15300315274
1.14253282718,-3.12761705964
1.13720722834,-3.09423286308
1.14121631444,-3.08392580863
1.13975835191,-3.09834090085
1.14085029707,-3.1049477939
1.14200599013,-3.12109229375
1.13936059792,-3.06136675466
1.13738480724,-3.1137430253
1.14097553498,-3.07993980585
1.14136112681,-3.11309051185
1.14072777949,-3.07413825953
1.14072848768,-3.09690308497
1.14379195766,-3.08514690011
1.14030593626,-3.04835894442
1.14274204956,-2.99200204748
1.14081980808,-3.01489047606
1.14054215774,-3.05480773295
1.14106992064,-3.06325527304
1.14740698654,-3.12351735622
1.14406071397,-3.06558708441
1.14467610079,-3.06624177193
1.14198758754,-3.07489040006
1.14377573312,-2.9942334349
1.1458331449,-3.06247615522
1.14575664677,-3.06884188803
1.14331565996,-3.07502612409
1.14596332111,-3.01798730364
1.14770763658,-3.0562243275
1.14617610872,-3.01574593288
1.14476827066,-3.05886049256
1.14393006819,-2.97960024974
1.14453939053,-3.05329806709
1.14790205673,-3.02327225289
1.14846048096,-3.06682440512
1.14626401158,-3.01007520611
1.1432726072,-3.02586082484
1.14750375588,-3.05834067909
1.14642256298,-3.01799880545
1.14537980189,-3.01735489906
1.14580282097,-3.03217051921
1.14690870417,-3.02827712792
1.14643385598,-3.03113529135
1.14742142997,-2.98786368999
1.14433402094,-2.98102815741
1.1434828335,-2.97810046011
1.14369419025,-2.98065923714
1.14766290488,-2.98473132944
1.14559488242,-3.00690659497
1.1440096535,-2.97217787437
1.14417887951,-2.97513052628
1.14431148935,-2.98956884947
1.14506478993,-3.02716428737
1.14585665745,-3.01557340404
1.1432700951,-3.00589121994
1.14382815346,-2.96677694456
1.14608115732,-3.04160759899
1.14563844517,-3.0318307271
1.14176494266,-2.98571571846
1.14273139714,-2.93530368665
1.14018237511,-2.96267842282
1.14367520153,-2.97480809599
1.14289689891,-3.00478434645
1.14244253282,-2.9661896366
1.1420274294,-3.00307852784
1.1445259301,-2.98084633995
1.14175753414,-2.96101665046
1.13873006684,-2.96781808173
1.14051529706,-2.95860476351
1.14366432193,-3.00553567298
1.14125806083,-2.93868632887
1.14364480116,-2.91575831177
1.14017480262,-2.92185517195
1.13993734913,-2.91552029624
1.13991948734,-2.94983800316
1.14035810088,-2.87411700069
1.14045632615,-2.9982274191
1.14379715043,-2.93845538864
1.14113459757,-2.90323957663
1.14288843122,-15.4444874284
1.14239570346,-2.94554415015
1.14301686197,-2.40010516811
1.13924742061,-2.51207408359
1.14208784999,-2.72580846122
1.14248969949,-2.88768675179
1.14299343348,-3.03954440465
1.140899282,-3.08816697898
1.15081701673,0.615789884971
1.141475511,-3.99539758893
1.14165886605,-2.44777544385
1.14015951216,-2.20987056343
1.13995713303,-2.43320114188
1.14225639692,-2.63302791826
1.14296488822,-2.71550676493
1.13945941534,-2.79127861155
1.13992023626,-2.72737580056
1.14052907043,-2.76401559904
1.14109207644,-2.84448175543
1.13881011857,-2.80617812409
1.14446039883,-2.75043630011
1.1410318666,-2.81557745142
1.1398364101,-2.79658736833
1.13836802612,-2.79199023678
1.13962473453,-2.79864297026
1.13694583869,-2.80802495547
1.13985344783,-2.8268337577
1.14117059087,-2.87032801884
1.13939114496,-2.7684321841
1.14047384467,-2.88980392621
1.13848040891,-2.80050755499
1.13668666046,-2.83630578633
1.14019873883,-2.79697651404
1.1410477042,-2.85672293104
1.14239421989,-2.84614586823
1.13938952516,-2.86888835799
1.14214605206,-2.86023171447
1.13884024498,-2.82357742881
1.14163354881,-2.80777859911
1.14131761232,-2.84680825437
1.14161236385,-2.86488910817
1.14084089961,-2.8571152475
1.14516226996,-2.86856452957
1.14159682883,-2.83978762043
1.14285914113,-2.84838426912
1.14182620063,-2.84919343022
1.13944180667,-2.81465936289
1.14052658613,-2.7953921283
1.14478755637,-2.82394202573
1.14346005242,-2.89467586043
1.14053486716,-2.85465620578
1.14136682941,-2.82872313557
1.14109388005,-2.80220607469
1.13863629947,-2.84080469355
1.14221398579,-2.80823165069
1.14203902085,-2.81321315559
1.14197527641,-2.80522528304
1.14178084939,-2.84960544754
1.13869075694,-2.7935079552
1.1352497666,-2.79920111912
1.13892888509,-2.83283219154
1.13879629749,-2.82401284744
1.14006812345,-2.86433390004
1.13890242335,-2.84282476372
1.13614028124,-2.75397122564
1.1357567175,-2.78303391758
1.13674765131,-2.82331615804
1.13723944319,-2.79112416746
1.13648243183,-2.8254281843
1.13848992532,-2.79755838696
1.1417135205,-2.8166392707
1.13800277597,-2.82063173499
1.13677250073,-2.79343414985
1.13643031034,-2.82771722367
1.13880273011,-2.87180924223
1.13799764453,-2.78654650806
1.14083670038,-2.82078637191
1.13763264396,-2.82894492192
1.13824827342,-2.79831133241
1.13888035331,-2.80877367934
1.13784809249,-2.75376707132
1.13652817857,-2.82205543867
1.13870937684,-2.79091384784
1.13840720831,-2.80226365387
1.13916972532,-2.77990501494
1.14086248722,-2.82099520508
1.13763225128,-2.80626475783
1.13408994407,-2.81810677139
1.13692805941,-2.75047025536
1.13949681208,-2.88346341895
1.13912080161,-2.84709710377
1.13736788059,-2.81341113298
1.13831095709,-2.78942754155
1.13692985913,-2.82887678679
1.13851810509,-2.77892413576
1.13502612837,-2.80665124609
1.13513363105,-2.83171008125
1.13735428187,-2.82734943786
1.14181883148,-2.84933787026
1.13754626361,-2.81306280893
1.13630399422,-2.80614153998
1.13731050635,-2.78262162071
1.13752713356,-2.81740364599
1.13790408478,-2.8408906231
1.13873430739,-2.78136648708
1.13649741671,-2.81345320677
1.13772198073,-2.80887358631
1.13798239822,-2.83970158904
1.13440716332,-2.82241524795
1.13460501408,-2.77302686178
1.136707272,-2.77127200397
1.13484067668,-2.79860475839
1.13563456006,-2.80113962801
1.13520360206,-2.77900592519
1.13592240424,-2.79201923528
1.13114474996,-2.77216076853
1.13560785823,-2.76320367289
1.13523396528,-2.82255672539
1.13341435001,-2.76997347011
1.13152851725,-2.79796948477
1.13452456745,-2.77808903639
1.13365796255,-2.78617951609
1.1355306637,-2.77899266566
1.13327520543,-2.79708946827
1.1307031757,-2.76026006558
1.13463131434,-2.80887202595
1.13476600143,-2.81080222095
1.13287325754,-2.79482499919
1.13553171987,-2.78972801575
1.13380707485,-2.79723830354
1.13303130234,-2.77593551947
1.13455203044,-2.82066507108
1.13475000376,-2.73606052775
1.13186732671,-2.78976896749
1.13463295868,-2.82204273237
1.13429570049,-2.7568262397
1.13479649946,-2.7449446113
1.13359123063,-2.81037561848
1.13497917855,-2.80259564456
1.13237446392,-2.76478832511
1.13521290695,-2.78732445944
1.13607172004,-2.76664537629
1.13440761505,-2.79653776819
1.13200135069,-2.75300010019
1.13772359302,-2.78917760538
1.13530456786,-2.82274056809
1.1342333321,-2.73607242841
1.13255800249,-2.79116424879
1.13457865524,-2.72142078916
1.13403891314,-2.7712962783
1.13686665762,-2.74894255644
1.13410763559,-2.77030389268
1.1309777481,-2.70165773875
1.13298352038,-2.74974791414
1.1336834542,-2.80404067486
1.13063739085,-2.82774540123
1.132627289,-2.74752179893
1.13136730334,-2.76414801168
1.13244982124,-2.75950658411
1.13415979629,-2.8110463226
1.13158074019,-2.75729783136
1.12893429298,-2.736744896
1.23351252039,8.71062303583
1.13275710548,-5.28454782473
1.13172410607,-2.39371786309
1.13171653048,-1.71758461803
1.13244534075,-1.80736331942
1.12834245526,-2.11542314469
1.13348025779,-2.44679166662
1.13313874575,-2.68447231426
1.13129170251,-26.70119931
1.13140420981,-2.11933436383
1.13304110245,-3.46310578257
1.13239974975,-3.46880352642
1.12915455838,-3.11770222293
1.13038775701,-3.00568873038
1.12969653685,-2.79254110487
1.12935532715,-2.80339393419
1.1350175415,-2.78668644445
1.13079621582,-2.81280483193
1.12961699731,-2.79404124868
1.13261529312,-2.89104521647
1.13205018514,-2.81714324513
1.12783559156,-2.76754822268
1.12991470055,-2.70322057988
1.13102730513,-2.76273214714
1.13040303845,-2.75641226708
1.13118465134,-2.74281211664
1.12934555331,-2.72479885334
1.12702831426,-2.75397103035
1.13005802321,-2.73582750594
1.12934264861,-2.76226672915
1.1286006114,-2.71941045672
1.13064660238,-2.75377053977
1.12998793741,-2.67568305293
1.12886846249,-2.77005528754
1.13017177586,-2.69017236151
1.13011392517,-2.7021693807
1.12949709771,-2.74060442889
1.13086495929,-2.78049659826
1.131461313,-2.75024502775
1.12815211697,-2.75892683464
1.13066073788,-2.75818347454
1.12812479398,-2.75018131696
1.12760051911,-2.68439739908
1.13019837405,-2.77416919826
1.13139260562,-2.72825697625
1.12707767939,-2.76660001497
1.1281645604,-2.71026594273
1.12711224574,-2.72787328999
1.13020721909,-2.7551981296
1.12590149138,-2.72585272708
1.1308908774,-2.76976273087
1.12929770847,-2.77789111491
1.13374519941,-2.76612826169
1.13566607204,-2.76481513911
1.13943423203,-2.77856101554
1.13933086244,-2.81472066079
1.14362130105,-2.80515748678
1.14381563114,-2.77479438679
1.14534922008,-2.77974558758
1.14827125079,-2.80258005327
1.14829867169,-2.82867574613
1.14609416624,-2.83879166577
1.14833389964,-2.76780504721
1.14385155741,-2.78156326122
1.14342630745,-2.77565552887
1.14135934612,-2.81003434316
1.14528027435,-2.8063060763
1.14007614744,-2.78370645935
1.14082335127,-2.75581510774
1.13865303958,-2.76542569649
1.13649157493,-2.6934079912
1.14117947852,-2.8355001192
1.14357354107,-2.79758973533
1.14024848483,-2.77938553
1.14122438082,-2.77431951242
1.14439496127,-2.78244028102
1.14345276888,-2.78012286603
1.14334792483,-2.80146853788
1.14625494505,-2.85481560539
1.14522636391,-2.81879442031
1.14520740166,-2.8099614325
1.14614371727,-2.80924545636
1.1440162488,-2.81116028981
1.13760297811,-2.79517559565
1.13746701151,-2.79270454157
1.13369264969,-2.78970756249
1.12908785171,-2.74798597853
1.1280027744,-2.73176802604
1.12673325241,-2.76962374627
1.12554275328,-2.79415345821
1.12613348239,-2.77388641918
1.12394438173,-2.81937207627
1.1204470142,-2.74547615375
1.11968040192,-2.80561642582
1.12196606172,-2.78418237752
1.12157441275,-2.75570811801
1.14019907337,-4.02018242734
1.12885701451,-3.60146266784
1.12611396856,-3.22986856758
1.12746779492,-3.71339592875
1.13118123303,-3.64525978298
1.12864301254,-3.58866957617
1.12959634326,-3.44544621026
1.13211087821,-3.5698322532
1.1305418902,-3.42818919644
1.12714340029,-3.38186067435
1.12863647696,-3.36842027483
1.12716246604,-3.31350204773
1.13104211515,-3.24650152619
1.13224739653,-3.32871062413
1.12996169072,-3.26650616516
1.12735748144,-3.30846704642
1.13163717305,-3.31019352606
1.12809336354,-3.22524926154
1.12757016822,-3.23701593417
1.12760970106,-3.2334006674
1.12953760223,-3.2111609385
1.12854442137,-3.23007481225
1.13109285135,-3.2242940004
1.12764398518,-3.19531965801
1.12576221947,-3.19014020052
1.12611884458,-3.19552813942
1.12767873201,-3.12496695256
1.1278727179,-3.14550770357
1.1302076292,-3.17464133763
1.12805317531,-3.16198884587
1.12749353243,-3.14135282755
1.12786979487,-3.19173512431
1.1285007914,-3.11884229692
1.12412584379,-3.16774533733
1.12871996311,-3.12690967164
1.13159938568,-3.16337129498
1.13088683652,-3.14667354776
1.12817052155,-3.12868863633
1.12796056396,-3.11688486724
1.12654229592,-3.1292164465
1.13006135415,-3.12287572914
1.13051479279,-3.05553772817
1.13007685533,-3.07037398091
1.12953524862,-3.11857459695
1.13162514947,-3.05918287199
1.12722338803,-3.08826201743
1.12674615156,-3.04565977199
1.12895491794,-3.12431992654
1.12963444055,-3.08472048733
1.12834308856,-3.11789008782
1.13130997305,-3.10414108228
1.12866802213,-3.11124995027
1.12726180095,-3.08768066765
1.12656383633,-3.06865362672
1.1264005697,-2.99453569832
1.12740710434,-3.04216382925
1.12866268915,-3.02757754857
1.1271212394,-3.0621718144
1.12527145249,-3.03662560863
1.12883299498,-3.04071053537
1.12836764643,-2.97492663338
1.1240169817,-3.02885077445
1.12855284724,-3.04891316599
1.12909817662,-3.06599842312
1.12818926902,-3.00986309761
1.12752653908,-3.03595043504
1.12712884024,-2.95547622978
1.12395898002,-2.97997248389
1.12871737992,-3.01986044236
1.12855925394,-3.01975237759
1.12666164478,-2.96367056172
1.12610735787,-2.98108694457
1.12977793794,-2.97720548464
1.12479186106,-2.95775720067
1.1267112677,-2.94129978585
1.12697172472,-2.99638425694
1.12590419842,-2.95010946749
1.12715040659,-2.96495883255
1.12994250204,-2.99731318132
1.12627807445,-2.97789449276
1.12494859606,-2.96301908264
1.12634010287,-3.01700995186
1.12660499478,-2.96528769833
1.12528262824,-2.99697734903
1.12698481771,-2.93841083928
1.12583119903,-2.96254356899
1.1274140856,-2.96769072728
1.12728987739,-2.9643822733
1.12692301442,-2.93824525901
1.12331749905,-2.97696049904
1.1257637685,-2.95156791135
1.12481514385,-2.93110502813
1.12573181617,-2.91652838484
1.12497268272,-2.91988223931
1.12585985965,-2.89222164557
1.12393746239,-2.92593650068
1.12453256485,-2.89694250676
1.12801769105,-2.95844588762
1.12398245289,-2.90951272042
1.12392715422,-2.89224508567
1.12678762571,-2.89871151751
1.12532464913,-2.9225529729
1.12535408874,-2.90238568531
1.12496757696,-2.91492684874
1.1239443391,-2.93290966778
1.12532377597,-2.93842321336
1.12777823171,-2.91377676745
1.12654621061,-2.90031007704
1.12472018238,-2.87989514062
1.12551823172,-2.92216244159
1.1243271214,-2.84220582266
1.12301105718,-2.91541668095
1.12524017158,-2.84090689125
1.1240191972,-2.92205282864
1.12375207542,-2.86775455278
1.1286868217,-2.9642061595
1.12495710093,-2.90450813478
1.12238927509,-2.88203862536
1.12493139399,-2.85872397466
1.12581610597,-2.89124639445
1.12286546176,-2.88725894141
1.12493336199,-2.89512226535
1.12537895421,-2.8385294309
1.1243601537,-2.88979054301
1.1267673128,-2.87942160562
1.12386225257,-2.8834747783
1.12152611439,-2.85167438372
1.12279176582,-2.9111567561
1.12687683042,-2.87717931976
1.12312328289,-2.91002820744
1.12384686919,-2.87215302873
1.12473359117,-2.83396241432
1.12328902577,-2.86503010135
1.12207572666,-2.83285236218
1.1241147411,-2.80673029224
1.12433462438,-2.89497618186
1.12431448718,-2.84663874554
1.12506899002,-2.84448667594
1.12258814647,-2.80098462383
1.12418392656,-2.89497929311
1.12425302999,-2.90223137832
1.12112801767,-2.88278188384
1.12247934302,-12.6142539146
1.12632599653,-1.1532382814
1.12516473425,-1.55608930154
1.12199860944,-2.26242269146
1.12422971722,-2.71063281964
1.12162981662,-2.93397297429
1.12247322121,-3.12728920959
1.12235618582,-3.12461310818
1.1466165558,2.07920762693
1.12353718682,-3.62031004105
1.12655504199,-2.33958004103
1.12467612702,-2.23058072261
1.12390169095,-2.36560339364
1.12681912407,-2.61841686887
1.13066684113,-2.67575824223
1.12998439501,-2.74341057834
1.13627821926,-2.78415834744
1.13803012019,-2.84603055663
1.13453273512,-2.83968593158
1.13350985925,-2.76984459006
1.13738052159,-2.83161330087
1.13442652331,-2.8405754545
1.13828442637,-2.83800595229
1.13627393232,-2.81984629586
1.13574868107,-2.78090523045
1.13387124979,-2.84875885657
1.13230253298,-2.8526383029
1.12876310435,-2.82316900865
1.13285669544,-2.82956442461
1.13609482203,-2.83453379655
1.13552274239,-2.87531905669
1.13068439541,-2.82611222406
1.13275921441,-2.81386386928
1.13185355558,-2.78513435712
1.13320153404,-2.83109259594
1.13602112204,-2.86556243058
1.13626909969,-2.8395277505
1.13450052728,-2.86268296421
1.13886087736,-2.88569750397
1.13775323382,-2.87714431162
1.13239195919,-2.77811418788
1.13391466731,-2.87452222579
1.13392954,-2.82129213663
1.12965410968,-2.82766190613
1.13079631924,-2.83612513483
1.12659076168,-2.84333692106
1.12431629623,-2.78004066396
1.12322485309,-2.79373056871
1.12364559803,-2.76556130885
1.12128411654,-2.81060356902
1.12058313077,-2.81375296783
1.12307383007,-2.77718882835
1.12134272047,-2.7554519483
1.12262028529,-2.79228039438
1.12230531111,-2.78137316134
1.11918056552,-2.77960442086
1.12139330543,-2.74831093416
1.12292690318,-2.7754515103
1.12211257885,-2.77391454345
1.12236420389,-2.73671755499
1.12294357067,-2.74780755177
1.12069190448,-2.76868550942
1.12057151732,-2.76772052914
1.12022856302,-2.73225242575
1.12012027502,-2.73278914227
1.12121931057,-2.76802155237
1.12490252916,-2.70077947311
1.11968808255,-2.73444473591
1.11805000469,-2.7229810919
1.12077859078,-2.77389920406
1.12078824558,-2.72967914283
1.11850244234,-2.7514419426
1.12122073277,-2.70674922292
1.12009938495,-2.75816046137
1.11945816513,-2.6777842654
1.12028489951,-2.75697424217
1.11901547218,-2.76108786178
1.11691973375,-2.74909912617
1.11956856342,-2.73256059264
1.1194808287,-2.71450960746
1.11965200465,-2.73547290703
1.1182471335,-2.75801368373
1.12064651131,-2.76696035586
1.11648262044,-2.73868501977
1.11795274614,-2.70423015716
1.12060798784,-2.74507342228
1.11830495585,-2.70898071632
1.1199767911,-2.75514010448
1.11986384188,-2.70040123254
1.11898007308,-2.76386148987
1.11834829895,-2.71098651859
1.11819617769,-2.74081922603
1.1185766722,-2.76672793978
1.11909354702,-2.73695456838
1.12280618711,-2.7336810451
1.11954247193,-2.72102757104
1.11860716124,-2.75594553157
1.11932576092,-2.78346683447
1.11986877297,-2.79153753082
1.11571422102,-2.73052761933
1.1190448884,-2.72593471199
1.11924631489,-2.7360313341
1.11863314699,-2.67740173368
1.11949813207,-2.75521187563
1.1195949024,-2.71507790798
1.11541214602,-2.72291923771
1.1183440326,-2.74076404643
1.11850061097,-2.75664605661
1.11740118837,-2.72096461663
1.11982390792,-2.74033199254
1.11982675296,-2.72371406852
1.11670436718,-2.69636036302
1.11826564277,-2.65503733433
1.11923240437,-2.71848211312
1.11725112222,-2.71738429155
1.115748137,-2.70835560294
1.12074875044,-2.71440804612
1.11951514011,-2.73345491701
1.11978234939,-2.72139197993
1.11738644668,-2.71762552552
1.11644292599,-2.68588080345
1.11776462859,-2.7089316767
1.12134082535,-2.72039121229
1.11880040095,-2.72350426752
1.1188945735,-2.70050949749
1.11926304675,-2.66823034141
1.11904434935,-2.7138738057
1.11643474192,-2.70114169248
1.11698635543,-2.71775661236
1.11603096934,-2.68097261178
1.1179568544,-2.71854615845
1.12322402717,-2.8012868395
1.11824149238,-2.67830059685
1.11460008695,-2.72907437363
1.11722499266,-2.72556405099
1.116339422,-2.72287947653
1.11764221533,-2.68200791892
1.11786075732,-2.71189059431
1.11826872454,-2.73304496767
1.11503138532,-2.68137163342
1.11829595842,-2.67069602866
1.11673617143,-2.70999479034
1.11450599918,-2.69200949362
1.11537593477,-2.75398826512
1.11741724719,-2.68536005451
1.11471975118,-2.65387027653
1.11639056396,-2.69325173673
1.11512638041,-2.73478861992
1.11288382772,-2.63000212124
1.11478279818,-2.74880252381
1.11769960253,-2.72762736596
1.1140349773,-2.69220844693
1.11581885693,-2.70338978877
1.11546830615,-2.69000452506
1.11693428283,-2.7143685339
1.11484796325,-2.72583762776
1.1154113355,-2.70355440734
1.11256970896,-2.7129950316
1.11440598632,-2.73594833985
1.11875516616,-2.72815728231
1.11576205959,-2.69861714439
1.11114131489,-2.70014711653
1.19692788664,7.49539593602
1.11266854793,-4.66434520512
1.11099840967,-2.23770023054
1.11392199689,-1.64903284699
1.1123927125,-1.77755361554
1.11033462974,-2.09974175146
1.11373433127,-2.3992178326
1.11423675758,-2.65133300164
1.1099737539,-22.4927984536
1.11325974864,-4.14002433223
1.11385861195,-4.4056868925
1.11392824835,-3.77986883922
1.11607916536,-3.18779952585
1.11434376456,-2.79376106063
1.11562156543,-2.65311442387
1.11579396228,-2.60038165076
1.11791585912,-2.61287861115
1.11591671414,-2.5761489433
1.11521752886,-2.62099476119
1.11792243725,-2.65333601605
1.11566539762,-2.62496138007
1.11434737755,-2.62215085913
1.11429313671,-2.6232505061
1.1111539736,-2.62049372172
1.11370295286,-2.6334395262
1.11538147863,-2.6177623283
1.11336678915,-2.58223495188
1.11263691882,-2.61424663987
1.11474286829,-2.62674347261
1.11213023663,-2.58557421955
1.11207270183,-2.6311795065
1.11374436751,-2.66208501661
1.1147795211,-2.65039815929
1.11303673085,-2.61610200208
1.11726783812,-2.61655055989
1.11500597924,-2.69163864222
1.1112039751,-2.60246396734
1.11261220864,-2.68019173315
1.11380736715,-2.62097655098
1.11124851017,-2.64057574819
1.11384102478,-2.66131308931
1.11109444891,-2.65655739906
1.10914372461,-2.63766420259
1.11043038807,-2.66405635041
1.11010717908,-2.63965132639
1.10466111848,-2.62839708892
1.10796798767,-2.6316799746
1.10682040081,-2.6569363467
1.10820820806,-2.63632500085
1.10680674895,-2.63663684834
1.10993005409,-2.65555414961
1.10429295019,-2.61769474246
1.10687021527,-2.6776669324
1.10773089688,-2.635497159
1.10490322898,-2.66127118602
1.10672543816,-2.66416447203
1.10908753398,-2.6961588869
1.10762278974,-2.72366593046
1.10788962292,-2.7152495284
1.10561828815,-2.673068233
1.10485568145,-2.65823810821
1.10588755111,-2.66118993473
1.11153830304,-2.66246066785
1.10863119395,-2.71563807378
1.10587261804,-2.70092710586
1.10495227358,-2.6627979747
1.10433968185,-2.65338005405
1.10442795447,-2.65120697838
1.10714056583,-2.64448853734
1.10698469727,-2.64841851634
1.10693408191,-2.65201020664
1.11051586972,-2.69713748616
1.11072855203,-2.67429568748
1.10770551225,-2.68371617511
1.10962400714,-2.61358149392
1.11066468717,-2.69272065191
1.11098618523,-2.65160306034
1.11287157138,-2.72049912343
1.11152501347,-2.69608262959
1.10870611112,-2.6921986822
1.10964065864,-2.68773112108
1.11078847063,-2.6711815622
1.10865057338,-2.69429401957
1.10789913914,-2.69258136669
1.10964196818,-2.68349454843
1.10926686573,-2.73672954785
1.1098895101,-2.70551136929
1.1056135754,-2.68986963892
1.10646327725,-2.67697482681
1.1066430199,-2.7052928266
1.11119901973,-2.72459612063
1.10957482592,-2.70008115185
1.1103531146,-2.72906162549
1.111643678,-2.74113529046
1.11052614211,-2.71959568402
1.10750587618,-2.68707689639
1.11563854325,-4.31259634919
1.10578220776,-3.46906034077
1.10722141385,-3.42612118306
1.11053261602,-3.4794139358
1.10824569831,-3.44247848809
1.10248120805,-3.44940772079
1.1015988545,-3.49063137313
1.10142551481,-3.57561729196
1.10125764445,-3.46711047831
1.09864811518,-3.69848005458
1.09760791632,-3.6567713637
1.0931888198,-3.62207463233
1.09802393497,-3.55308838619
1.09534059491,-3.6214534624
1.09431722914,-3.60871813708
1.09572646581,-3.6482430638
1.09889385316,-3.63792791869
1.09708730663,-3.63983893605
1.09777390904,-3.71343042346
1.09615312429,-3.63860991996
1.09483229104,-3.64176292996
1.09437111848,-3.6372553894
1.09802838096,-3.69979617643
1.09476418825,-3.66510687716
1.09652558565,-3.6950510637
1.097269523,-3.65980231956
1.0971463648,-3.66846773716
1.09487295154,-3.67695880965
1.0968271213,-3.69519460345
1.09400564258,-3.66179261218
1.09454839449,-3.66054064871
1.09745759787,-3.64371779218
1.09844341379,-3.68484527325
1.0931799986,-3.68278162726
1.09578879624,-3.70973722447
1.09474095038,-3.69545532832
1.09178056372,-3.6578895428
1.09469984208,-3.67911431249
1.09518602239,-3.65660218983
1.09467984532,-3.65596122369
1.09547665347,-3.68424550697
1.09499260135,-3.67408234189
1.09142543913,-3.63595097994
1.09438755646,-3.66802603417
1.09453895688,-3.6712177162
1.09427219162,-3.66623352802
1.09594652088,-3.62378955505
1.09448325645,-3.67388903149
1.09245031239,-3.65792207605
1.09289135128,-3.65383251564
1.09634063524,-3.68230190608
1.09225551813,-3.64400840078
1.09445698449,-3.65613678599
1.09526168364,-3.67173535889
1.0931065502,-3.62447262959
1.09408884411,-3.66206837956
1.09541973717,-3.6364950551
1.0916011833,-3.66967054492
1.09468094306,-3.68930399856
1.09807569693,-3.68798848362
1.09608992333,-3.71363084525
1.09232132333,-3.61606005409
1.09515397877,-3.63804241292
1.09479124475,-3.6743703275
1.09267939536,-3.66273448778
1.09490723434,-3.68998547621
1.09287927575,-3.65355651885
1.09181304318,-3.6624620712
1.09598069876,-3.66422550171
1.09558450918,-3.68604077298
1.0915297696,-3.60300003475
1.09343655734,-3.65759719421
1.09407084189,-3.67493166523
1.09230567068,-3.62540529544
1.09618734616,-3.67197918121
1.09181368844,-3.63668540311
1.09228427595,-3.65765720816
1.09213447115,-3.63043319426
1.09471398695,-3.61718516494
1.09242040526,-3.60459272007
1.09282996887,-3.6493512961
1.09459413158,-3.62889512245
1.09374583969,-3.61317941153
1.09561032239,-3.67244739816
1.09512854816,-3.66009546585
1.09107980095,-3.64439562563
1.09400090585,-3.67852259312
1.09599036003,-3.63142998937
1.09603810458,-3.69550398557
1.09335236835,-3.66797499861
1.09526735926,-3.6778159055
1.09365323247,-3.68112792314
1.09378480473,-3.64097558538
1.09327629172,-3.64083486472
1.09266595715,-3.673320255
1.09155940273,-3.65840050269
1.09579816295,-3.64458425158
1.09480442591,-3.65429612248
1.09138158641,-3.65584629518
1.0917779824,-3.60793541112
1.0939725826,-3.63444460183
1.09222542757,-3.64773853506
1.09467887656,-3.63076485211
1.09500769608,-3.67417138054
1.0915810817,-3.60072853442
1.09239912714,-3.60823200792
1.09221801773,-3.6174218239
1.08958930329,-3.64237631013
1.09230349687,-3.65368354643
1.09152091433,-3.61179391312
1.09305685778,-3.5936724446
1.09275436748,-3.66600919113
1.0927402476,-3.6062907124
1.08941065679,-3.60106164743
1.09076456465,-3.61391270642
1.09352689712,-3.66228388779
1.09210070582,-3.64810026627
1.09141686071,-3.61847428332
1.09274628293,-3.63183211359
1.09121492931,-3.63330843698
1.09123455044,-3.62972712338
1.09346686904,-3.69362240264
1.09106575587,-3.62449060704
1.09105254972,-3.58061810307
1.09547814136,-3.6135149201
1.09219403922,-3.64799093154
1.08894245411,-3.63676014968
1.09164984189,-3.60512864313
1.09296642172,-3.65171656835
1.08827324222,-3.63391196831
1.09159542619,-3.65329646111
1.09170232711,-3.66057581146
1.08978020253,-3.63888259351
1.09045402655,-3.65088351092
1.09091616908,-3.6281285068
1.08768352263,-3.64404651578
1.08848064997,-3.57356231234
1.08962233864,-3.61524691878
1.09119557879,-3.63045743879
1.09350784218,-3.61573164014
1.09398406448,-3.58855642657
1.09095139918,-3.62231758625
1.09460885489,-10.3784499096
1.09685143049,-2.11563234601
1.09719556307,-2.68052122349
1.09714329113,-3.17162500515
1.09585961235,-3.36213098549
1.09460638561,-3.58458305328
1.09577038806,-3.66944513802
1.09466569003,-3.74948220967
1.09314179361,-0.979490155883
1.09345196439,-6.58983972631
1.09493750131,-3.80499849447
1.09159571329,-3.09532079047
1.09080845085,-3.06975642749
1.09327396019,-3.17017781509
1.09391447839,-3.24012237101
1.08914205261,-3.25194074322
1.09241088088,-3.37586023738
1.09291803028,-3.6460403989
1.09312320324,-3.72342853557
1.09474271468,-3.58862292179
1.09583346332,-3.58872924467
1.0922840704,-3.54303218184
1.0938820919,-3.58464871783
1.09262182358,-3.53234082594
1.09384083492,-3.55691416206
1.09598156316,-3.58372239497
1.09711794542,-3.60242366827
1.09399004129,-3.5749484507
1.09522322892,-3.57745716493
1.09280165717,-3.62304471123
1.09125219535,-3.56258583867
1.0900964451,-3.5615333355
1.09108436716,-3.62024039209
1.08873943996,-3.56693609608
1.08901418045,-3.56719828619
1.08898996083,-3.59499077918
1.08448775653,-3.57134453269
1.08568156185,-3.54857750678
1.08912216256,-3.52417161967
1.087656295,-3.54747014356
1.08826837537,-3.5654605189
1.08884137476,-3.55902083812
1.08957235714,-3.56114901786
1.08869809655,-3.56504873425
1.08978459101,-3.54858285571
1.08633238066,-3.56516197005
1.08701022875,-3.56262158402
1.08980766626,-3.5696935729
1.08967618062,-3.57884069834
1.08939578168,-3.57781057636
1.08978076237,-3.5880788053
1.08800145476,-3.60538081323
1.08684261054,-3.59307959158
1.0883218377,-3.58959957522
1.08758027944,-3.57695029086
1.08658283073,-3.54961057609
1.08914757526,-3.57499627211
1.08912557957,-3.56065629037
1.08561385205,-3.61720324627
1.08401534885,-3.54107864324
1.08524458768,-3.57439207678
1.0862766437,-3.54842109225
1.08989924044,-3.58880829647
1.08726635082,-3.61377596778
1.08714032586,-3.58735143294
1.08732943164,-3.5844326087
1.08934783347,-3.62240184218
1.08452064344,-3.56924133588
1.08764536306,-3.60445521887
1.08964673937,-3.57196182088
1.08997714921,-3.6308811757
1.08852082505,-3.59349105013
1.08796121735,-3.57417951271
1.0845757615,-3.60428091231
1.08539761955,-3.54901075123
1.08880896877,-3.60076806084
1.08961214295,-3.59436199278
1.08668953482,-3.57247140074
1.08888782839,-3.57955567815
1.0857375535,-3.59148743735
1.08597416379,-3.54149576107
1.08622166002,-3.58407068546
1.08572982992,-3.57692990504
1.08250837277,-3.5689232162
1.09089242202,-3.59002009487
1.08700992334,-3.5993978184
1.08461659635,-3.56166124791
1.08329228052,-3.60554212656
1.0823381,-3.53975044065
1.08275729808,-3.57424082872
1.08718208368,-3.60555752606
1.08602906811,-3.56718459755
1.08413619704,-3.59695669144
1.08553220914,-3.56801339778
1.08544257868,-3.58946851397
1.07998496293,-3.55715443944
1.08216036499,-3.58644600517
1.08595646973,-3.55968922662
1.08698857181,-3.61544062588
1.08610884905,-3.60917614943
1.08631001569,-3.59455253686
1.08124022994,-3.52217051592
1.08276678324,-3.56287484419
1.08367686863,-3.5427503305
1.08500599745,-3.62104529766
1.08529025702,-3.58069139938
1.0866064333,-3.57536772822
1.08372034945,-3.55299565965
1.08359237071,-3.58229882789
1.08613714794,-3.60181768334
1.08402652104,-3.56746780119
1.08304099029,-3.59728876574
1.08746598648,-3.52523779201
1.08568644996,-3.56992445529
1.08363809109,-3.5760222732
1.08415468783,-3.58538957229
1.08189655707,-3.59081146688
1.08244954297,-3.60130137196
1.08456645778,-3.55789971724
1.08447154362,-3.58868213379
1.0838211025,-3.58390538887
1.08403476126,-3.55246157298
1.08447402555,-3.56839918065
1.07992342579,-3.56743070369
1.08045675941,-3.59064653955
1.08150778706,-3.53870161343
1.08398500794,-3.59377657136
1.08507022025,-3.63955577513
1.08389654032,-3.58745444333
1.07924842843,-3.5217091523
1.0822767523,-3.56488230126
1.08520350879,-3.58075307644
1.08466254225,-3.55062211395
1.08762753336,-3.60030552001
1.08963940028,-3.58978188145
1.08739952084,-3.58559568864
1.08829713821,-3.59808617592
1.08921525291,-3.57081563628
1.08849520293,-3.61165266173
1.0881314207,-3.60059246252
1.0934920824,-3.62727647617
1.09106108551,-3.62679483743
1.08845763096,-3.56452392211
1.08697363721,-3.59977975127
1.08751189285,-3.55798437976
1.08829608227,-3.59410779878
1.09056275488,-3.59470867969
1.08875569295,-3.57114233543
1.08849973682,-3.61843941106
1.09066201148,-3.58743792544
1.09228347847,-3.57469090462
1.08823302107,-3.60931713364
1.09061257321,-3.58108859104
1.0891838419,-3.62352822329
1.09066293756,-3.57295278247
1.09243797668,-3.61400371502
1.09298821688,-3.59717684018
1.08905096234,-3.57611851843
1.09354087491,-3.63215109604
1.09172897983,-3.60268610694
1.08921693505,-3.57508182382
1.08905091066,-3.58799059249
1.16142960749,6.13976972164
1.08766560626,-5.2313202811
1.08588136903,-2.90566811325
1.08601414607,-2.35563711737
1.08297135908,-2.50145799678
1.0809714412,-2.83855558678
1.08411158047,-3.15857087099
1.08388167892,-3.42794342838
1.08206118575,-18.6680232585
1.08478911143,-5.46609184214
1.08425439569,-5.16372532404
1.08213624826,-4.35091233528
1.08363833331,-4.1284426236
1.08168376185,-3.87646998431
1.08306651622,-3.69786689179
1.08470982951,-3.64761501165
1.08378861706,-3.64718587528
1.08171886108,-3.83207752093
1.08294908055,-3.69304218003
1.08278100265,-3.6550310519
1.08217937407,-3.61680680605
1.08246307154,-3.53035090969
1.08277105523,-3.54493651288
1.08022710682,-3.5283803501
1.08278988195,-3.5388759739
1.08200103535,-3.53645885222
1.07935034845,-3.53396351081
1.08256538005,-3.55090689788
1.08355534799,-3.52076186112
1.07922563534,-3.51256021518
1.08292551144,-3.56824402776
1.08405418807,-3.55655307711
1.08199464895,-3.55568754254
1.0786181617,-3.52749977977
1.08250585561,-3.57090106259
1.08092810249,-3.5531998885
1.08198873215,-3.58522523658
1.08334961658,-3.5829492527
1.08043965135,-3.55514328176
1.07951145983,-3.52194567955
1.08204484211,-3.57560650966
1.07912722627,-3.59788445146
1.08222863785,-3.53097215621
1.0833114959,-3.57523498541
1.08390761058,-3.61077557895
1.08135761095,-3.55016720332
1.08182180979,-3.55789576243
1.0806409572,-3.56081045975
1.08027907101,-3.54196879157
1.08281163303,-3.60341976512
1.07969556507,-3.52078613028
1.08069357266,-3.61485017953
1.08376735435,-3.56122134953
1.08080118684,-3.59019904172
1.07949502254,-3.60160724498
1.0788487099,-3.55848164787
1.08043340971,-3.62283037456
1.07806825328,-3.5855691188
1.08152152402,-3.5889379528
1.07912111611,-3.59313520309
1.07800585415,-3.60088812984
1.07654834092,-3.53083012912
1.08060540497,-3.60612350048
1.07731635496,-3.55969721037
1.07765539275,-3.56102356209
1.07895425647,-3.61100367176
1.07887989131,-3.62470793021
1.07867153235,-3.5964338529
1.0798155691,-3.55670564067
1.07610374412,-3.57406868345
1.07747081214,-3.6001381585
1.0798663947,-3.56487348588
1.08201586395,-3.59983387693
1.07784234233,-3.591135976
1.07868834579,-3.60300944446
1.07629421412,-3.60095304645
1.08054094108,-3.63517478896
1.07950899213,-3.58465505489
1.07724468759,-3.56644661209
1.07713712077,-3.60078522383
1.08168316497,-3.61856129196
1.07942216116,-3.61807708353
1.07765704568,-3.59927254252
1.07905551867,-3.62994863069
1.07816640813,-3.56899504274
1.07702972427,-3.59632935437
1.07897137931,-3.6128630386
1.07774535778,-3.59100833764
1.07618713245,-3.53479713039
1.07853262402,-3.57450509994
1.07919562172,-3.60970445408
1.07609386665,-3.56284796866
1.07655721301,-3.57550193722
1.07728522851,-3.61729720633
1.0760432689,-3.58966794314
1.07917719246,-3.59263800153
1.07969597249,-4.49057067564
1.07250735509,-3.91367482288
1.07460597514,-2.98209825139
1.074631526,-3.75822030784
1.07440616844,-3.71615754193
1.07385196421,-3.66743159422
1.07547300996,-3.75319178378
1.07363117105,-3.78808768041
1.07556424556,-3.71416962365
1.06859534259,-3.85588353737
1.06884624841,-3.90801387041
1.06910567244,-3.86588082889
1.07073128532,-3.84331216418
1.06522346496,-3.84999470389
1.06892958316,-3.87329251924
1.07038632999,-3.928381555
1.0679610816,-3.8909571538
1.0665124727,-3.94141679654
1.06868632935,-3.90990156436
1.06769557276,-3.95076159778
1.06929484138,-3.85554736744
1.06882942126,-3.88853714501
1.06623679333,-3.88497687575
1.06832410267,-3.93136000564
1.07074135104,-3.96940692817
1.06750876132,-3.89425336856
1.0691517478,-4.00106629606
1.06849210002,-3.97226573648
1.0697541012,-3.94708380806
1.06720855401,-3.92614434728
1.07115796296,-3.97647201947
1.06675771254,-3.94760486592
1.06657837707,-3.98481713947
1.06845219331,-3.9675510979
1.06724013632,-3.92898594763
1.06538621364,-3.97002273483
1.06816392903,-3.97783358107
1.06660399016,-3.93048004419
1.06694093337,-3.93586224173
1.06631280036,-3.98875041618
1.06622322142,-3.9602616961
1.06425399691,-3.95454544764
1.06870905331,-3.95778836692
1.06612398096,-4.01332043704
1.06584373948,-3.98258511563
1.06427259437,-3.97657433111
1.06537555528,-3.93617514806
1.06563650327,-3.94699259494
1.06713638768,-3.97469355177
1.06677302634,-4.0014823695
1.06625030625,-3.99173236663
1.06624826657,-3.9929593568
1.06878858734,-4.003609081
1.06621057051,-3.98037498048
1.06671052767,-3.9898847826
1.06687813411,-3.94299823482
1.06992061443,-3.99805248406
1.06730318477,-3.97704637126
1.06929909639,-3.97457742594
1.06715481744,-4.00920903179
1.06766028441,-4.02634676404
1.06720908442,-3.97540108685
1.06743340186,-4.00656215527
1.06556325578,-4.02895437192
1.06875703855,-4.0114980614
1.06810707781,-3.98441325873
1.06693211136,-4.02384474072
1.06746913554,-4.00475312946
1.06639460176,-3.94864704564
1.06500924963,-4.02708788637
1.06923011792,-3.99384953229
1.06934357978,-4.04851652219
1.06689695695,-3.97527917007
1.06573135455,-4.0079215796
1.06758635216,-4.05010085267
1.06684837393,-3.9973115152
1.0695710131,-4.03072271224
1.06779129995,-4.03896078982
1.06649320286,-3.97264300884
1.06828094527,-4.02213672714
1.07038286381,-3.98066379702
1.06701718437,-3.98900821098
1.06765819116,-3.99385961037
1.06958358276,-4.02567944386
1.06867593321,-4.01895273973
1.06734470882,-4.03203844027
1.06786792496,-4.01228334165
1.06578877439,-3.98505893928
1.06737346684,-3.99232831937
1.06673717185,-3.9455764489
1.06637650086,-3.99292124549
1.06546097012,-4.02946710725
1.06986113753,-4.04409346549
1.06568594201,-4.01369310855
1.06777954394,-4.00709661214
1.06853082951,-4.00065588886
1.06619966463,-3.94960643651
1.06517837527,-4.04025681773
1.06906495377,-4.03284655327
1.06685166404,-3.97760289312
1.06611280375,-3.98721754239
1.06466870797,-4.02384645166
1.06682913186,-3.97437480506
1.06440840313,-3.96902960219
1.06619458989,-3.96424482747
1.06500856906,-4.02483830631
1.06393839636,-4.02114912481
1.06608489743,-4.02121690225
1.06789090263,-4.01218678168
1.0632044984,-3.93629755183
1.06470703475,-3.98038394356
1.06543077937,-3.97707608997
1.06564630116,-4.00633432608
1.06604412982,-4.01463580481
1.0667292428,-3.9706458081
1.06270473175,-3.9888091142
1.06561583354,-3.97403285546
1.06605249979,-3.99366715205
1.06638507534,-3.96085349451
1.06368756346,-3.98613693443
1.06526627226,-3.97867682228
1.06511598532,-4.03282877747
1.06611683831,-3.99227961581
1.06839229494,-4.0542910738
1.06540932177,-3.97387484838
1.06380026967,-3.98670492591
1.06642648286,-3.99594898428
1.06538241926,-4.04255128311
1.06471975138,-3.98757205462
1.06494460045,-4.00220593449
1.06471468368,-3.99508432938
1.06544542693,-4.03378527296
1.06596852428,-3.98100820686
1.06352506854,-4.00389115377
1.06328660404,-3.99184087451
1.06424027358,-3.97441744177
1.0669614872,-3.9859947999
1.06266121698,-3.9750355779
1.0660038582,-4.01208474487
1.06365965589,-3.99794695447
1.0654603729,-4.00126880573
1.06567723619,-3.9937509507
1.06574548984,-8.21761348962
1.06308033724,-2.59056709915
1.06427865003,-3.13178644351
1.06643845574,-3.50116875202
1.06463196814,-3.77788068878
1.06375624185,-3.98471476281
1.06571875436,-3.99229595278
1.06299999057,-4.04863369767
1.0673656063,-5.19625748288
1.06675288684,-5.65563705073
1.06468774276,-3.61390914743
1.0622215678,-3.32921888177
1.06751766167,-3.57676231127
1.06359936309,-3.76304211117
1.06320858529,-3.75399794625
1.06423179787,-3.8179102376
1.06345051154,-3.89285537804
1.0686870175,-4.50975873502
1.06993560788,-4.31228594069
1.06496121948,-4.11982917888
1.06404045192,-4.01469525323
1.06487343519,-3.91707293602
1.0658983129,-3.99858477455
1.06363311896,-3.99359193901
1.06605646449,-3.97408484073
1.06439470729,-4.01281409089
1.0656395913,-4.0381215043
1.06428500753,-4.02178767429
1.06472909023,-4.04653922481
1.06250381611,-3.94721120707
1.0676106545,-3.98483321735
1.06459054562,-4.015745805
1.06352954191,-3.9620094637
1.06465989258,-4.00876516865
1.06682108168,-3.99463272596
1.06406302646,-4.03184117485
1.06675128924,-4.00531943125
1.06731273819,-3.99436215476
1.06568524011,-4.01236557199
1.06455498133,-3.94766316357
1.06817127893,-4.03596019621
1.0654579765,-3.9551242432
1.06705287035,-3.98482421865
1.06599104794,-3.99661246837
1.06531427713,-4.01813799347
1.06615097808,-4.02216659278
1.06865863646,-4.02396474849
1.06450269618,-3.98267918601
1.06452319684,-3.98736440174
1.06523904252,-3.99091158327
1.06516855133,-4.01746080481
1.06176886515,-3.97881877607
1.06562419476,-4.01030781608
1.06547471516,-3.97702760657
1.06522338512,-4.03365157678
1.06282047441,-4.00935467465
1.06449068962,-4.01597510779
1.06151141753,-4.02592412359
1.06469622404,-4.00222866053
1.06307203144,-3.97758792663
1.06203007805,-4.00164060322
1.06273931214,-3.97102769154
1.06224337031,-4.00152375527
1.05992402693,-3.94137350167
1.06380973036,-3.95865502343
1.0634276048,-3.9775826524
1.06220696167,-3.98820165039
1.06138528743,-4.00081090388
1.06470534958,-3.96534736584
1.06112836128,-4.01476035573
1.06284940766,-3.9547953186
1.06149541399,-3.95681117548
1.06235456673,-3.9643604211
1.06355012622,-4.03397926028
1.06578119712,-3.95705155593
1.0626402176,-3.96552849039
1.06521482511,-4.02615402261
1.06650463636,-4.00398224388
1.06570817096,-3.98677502879
1.06499026308,-3.94480796055
1.06852991212,-4.03727936749
1.06673098556,-4.01887674241
1.06623025064,-4.00859896862
1.06807769121,-3.99084281753
1.0669018417,-4.0065748969
1.06360559835,-3.9639422571
1.06612307634,-3.96044010962
1.06576951336,-3.98914341902
1.0643766685,-3.99735196715
1.063314445,-4.01989382585
1.06512477523,-3.97833886808
1.06267278532,-3.93997771847
1.06645818609,-4.02998980365
1.06145193015,-3.96585385395
1.06196759451,-3.97466846799
1.06379852558,-3.98720151125
1.06661798374,-4.02614171339
1.06524349845,-4.01669340879
1.06553283174,-4.00613851204
1.0655635718,-3.99602739948
1.06607612598,-3.99252894227
1.06636744524,-3.97953491373
1.06761029934,-4.01550357796
1.06412205066,-3.97174650609
1.0665823715,-3.99444938928
1.06659798095,-3.96582463632
1.0658415856,-3.95801228184
1.06230298356,-4.03063690956
1.06529432247,-4.01563281479
1.06389176926,-4.0179130757
1.06442846303,-3.98447849302
1.06183708111,-3.93878401338
1.06138098604,-3.98325153945
1.06023048999,-4.0262014748
1.06467332129,-3.98811068716
1.06276400611,-3.99818391412
1.06060787907,-3.97268652343
1.06107803536,-3.99924552155
1.06350828364,-3.97780690226
1.06010588448,-3.95514656899
1.06392297707,-4.01490450851
1.06105675632,-3.97113109876
1.06013621951,-3.95428071159
1.06312841919,-4.05444754653
1.0622585417,-3.97564189653
1.06051438836,-3.92054729311
1.06223211781,-4.03405544137
1.06094149294,-4.007442877
1.06063900072,-3.97625428538
1.06179947016,-3.97306955218
1.06444054954,-4.00986425408
1.05810304535,-3.97215376415
1.06247695403,-3.94225534936
1.06302990789,-3.99125987038
1.06270411511,-3.96223873375
1.06055577799,-3.98356164251
1.06315287365,-4.01024537881
1.0637318812,-4.0086956416
1.06487331411,-3.9832713432
1.06413510084,-3.98455819726
1.06342965876,-3.95212907437
1.06405133642,-3.97676476765
1.06704713784,-3.99629663952
1.06335401033,-3.99124584905
1.06254283284,-3.98207020231
1.06418967055,-3.96792505795
1.06379684806,-3.97904616422
1.061421212,-3.97896182228
1.0638203362,-4.00070478992
1.06136855209,-4.01520096599
1.06103805917,-3.99192279665
1.06066509731,-3.96526656605
1.06281710816,-3.94969606818
1.06079637791,-4.01293915707
1.06207779436,-4.0175888242
1.06078314241,-3.98460722205
1.06137283933,-3.99204784389
1.06398869687,-4.03616368516
1.06259585093,-3.94874855516
1.06051607245,-3.97171609528
1.06359103181,-3.98459938581
1.06443274757,-4.00052578627
1.11906100743,4.94431329878
1.06370271094,-5.21060765727
1.06396063856,-3.24266367758
1.06483753033,-2.87550654072
1.06552215065,-3.12626020176
1.06358784817,-3.43472269803
1.06049369613,-3.67489499535
1.06165524648,-3.87809751073
1.06494961226,-17.2288472541
1.0609852105,-5.52255826983
1.06597118311,-5.61342913131
1.06081919903,-4.74303142228
1.06173700335,-4.45185774653
1.0621355882,-4.21245628699
1.06387331021,-4.03289901186
1.06152024527,-4.01378305876
1.060199753,-3.96520036057
1.06691267472,-4.3576858687
1.06429778764,-4.215254449
1.06158957249,-4.16817599766
1.06356446125,-4.02928878453
1.06103916433,-4.00162403151
1.06307772778,-4.01823976021
1.06308349696,-4.01673668234
1.06225940404,-3.94447421379
1.05887981692,-3.97247573059
1.0625598201,-3.97431021903
1.06180753202,-3.97670539341
1.06162215704,-3.99636760902
1.06029737579,-3.96997321068
1.0606515642,-3.96988759163
1.06102269698,-3.93284959731
1.06478650001,-4.00972795452
1.06422710447,-3.95247274834
1.06181211772,-3.95915383819
1.06200705388,-3.96904400993
1.06525390586,-4.03722535506
1.06238241005,-3.94535956904
1.06339164822,-3.98990437485
1.06347528465,-3.97663261538
1.06436795493,-3.97910673934
1.06367666384,-3.98429169438
1.06571856475,-3.99968179705
1.06154444212,-4.01075323873
1.06411335633,-4.01481826597
1.0644303353,-3.98197041108
1.06265792831,-3.96618432724
1.06030320537,-3.94863482289
1.06304352475,-3.9609080721
1.06263930456,-4.00460163875
1.0623663833,-4.01152319834
1.06412964107,-4.02603946219
1.06340957849,-3.99196116556
1.05929854531,-3.96812189447
1.06382190923,-4.01006411331
1.06525228604,-4.01241912382
1.06249650469,-4.00646568947
1.06143630922,-4.00135317713
1.06197976036,-3.97229278108
1.06121647902,-3.96396161564
1.06404228718,-4.01085752979
1.06165587243,-3.97370308897
1.06135878985,-3.96340692127
1.06007427483,-3.98248175235
1.06374473263,-3.996268021
1.05868970042,-3.97307302832
1.06228139237,-3.990192742
1.06121451265,-3.98153833661
1.06128298087,-4.00557741966
1.06177514833,-3.99014757183
1.06194346772,-3.99090103367
1.06123113858,-3.96219001518
1.06175432568,-3.98221465844
1.06277102965,-3.97383268847
1.06224554877,-3.97599355134
1.06061583464,-3.97757717181
1.06287830379,-3.99445432324
1.05915378008,-4.0434818835
1.06123309763,-4.00604553924
1.0620451524,-3.9947712178
1.06189493307,-4.03065799326
1.05884511975,-4.01687568816
1.0611172948,-4.04335594831
1.06102043725,-4.01844050157
1.06023949913,-3.99827271688
1.06046701062,-3.99784771975
1.06277489884,-4.01444350333
1.05830866422,-3.96132527751
1.06158455782,-4.00144338073
1.05884944127,-4.00463928593
1.05963225583,-4.00411437092
1.06036295117,-3.99106625367
1.06183984327,-4.00675088271
1.05934961959,-4.0619035133
1.0601317973,-4.02967736188
1.06085595963,-4.00795103357
1.07530871532,-4.25569360759
1.06953518988,-3.81499891293
1.07095634651,-4.23292813492
1.06594565702,-4.08167600915
1.06802690193,-4.05816127635
1.06770588622,-4.07953617756
1.06912131159,-4.27934402921
1.06760906629,-4.2545060976
1.0703059723,-4.19973434889
1.06163075559,-4.38767467955
1.06517773543,-4.43652713827
1.06702323606,-4.47246047205
1.0634956482,-4.36101813092
1.06377522946,-4.41693606395
1.06616609496,-4.45620373131
1.06526612933,-4.45321523054
1.06392046091,-4.45962134436
1.06293688996,-4.49602900716
1.06549022731,-4.54730300747
1.06353048397,-4.46551858507
1.06571146792,-4.48468019156
1.06522753044,-4.56873206658
1.06225139942,-4.51599784378
1.06237042041,-4.49432551876
1.0666592305,-4.53750311705
1.06271754817,-4.53669461429
1.06381366603,-4.52665746149
1.0633788155,-4.53869120528
1.06520144639,-4.59549019987
1.06551505105,-4.56043798828
1.06566503674,-4.54631599321
1.06406684333,-4.53762180165
1.06389259292,-4.49572572435
1.06690388098,-4.54111420152
1.06566029304,-4.52460403958
1.06591834611,-4.57031389669
1.06714354959,-4.57216974778
1.06421369491,-4.56377215435
1.06846834436,-4.60554754837
1.06816910229,-4.58864920023
1.06682880509,-4.56610558043
1.06566145435,-4.57939032249
1.06794722578,-4.53850069942
1.06580422339,-4.54531985762
1.06543737273,-4.55823593365
1.06487143948,-4.56304795818
1.06507642412,-4.60973111269
1.06504997009,-4.59537084472
1.06699133575,-4.55218325493
1.06383554251,-4.54444824512
1.06369943722,-4.53156650562
1.06599206061,-4.58243303284
1.06686072483,-4.59191456708
1.06312248734,-4.50761472943
1.06665823946,-4.57694938286
1.06602521212,-4.54464744857
1.0658947182,-4.56519297365
1.06665826906,-4.55397738873
1.06641704629,-4.60015357292
1.0643540002,-4.54418978407
1.06679002468,-4.61649700173
1.06575837905,-4.57156146204
1.06505310732,-4.55083939603
1.06384139398,-4.54249109269
1.06460228631,-4.58472983765
1.06231623454,-4.57206912726
1.06391795287,-4.55489233995
1.06537685357,-4.53058150286
1.06384743063,-4.55295796265
1.06211807436,-4.54573964525
1.06604207813,-4.57658619229
1.06245674755,-4.53494084795
1.06502464519,-4.60467602106
1.06437338016,-4.53476385814
1.06537435367,-4.58899178504
1.06595486861,-4.57183581795
1.06715514528,-4.60209893278
1.06446773534,-4.53703392707
1.06360190088,-4.5610019306
1.06544202241,-4.56109206017
1.06698405676,-4.59357251608
1.06315754626,-4.56601678707
1.06628173268,-4.59510101778
1.06520700828,-4.57218158154
1.06500948682,-4.61149829073
1.06383753377,-4.59072294152
1.06545320299,-4.5754516205
1.06222676214,-4.54105760805
1.06576493605,-4.59266841464
1.06399845376,-4.54555791711
1.06403094616,-4.57995842195
1.06557285313,-4.56903346282
1.06520303611,-4.59555917907
1.06287436498,-4.53094172898
1.0654696837,-4.56277644459
1.06633013836,-4.57263476877
1.06429888056,-4.52639698668
1.06323691367,-4.56353067145
1.0677096184,-4.62469222511
1.06405729787,-4.52335171752
1.06585417203,-4.58815795426
1.06349475219,-4.55510149728
1.06453431535,-4.56752477096
1.06549826912,-4.56742476511
1.06965894353,-4.58862272652
1.06392809839,-4.54421539809
1.06404626087,-4.54925718691
1.06567806417,-4.54082060583
1.06617347175,-4.58323667522
1.06506139701,-4.55930099673
1.06524134691,-4.61549006557
1.06282826176,-4.55580246244
1.0641875269,-4.57623352362
1.06722997121,-4.57875800197
1.06552199939,-4.59983887236
1.06193261099,-4.5075810651
1.06438783692,-4.55751418857
1.06358296375,-4.57397349686
1.06443778638,-4.58615799242
1.06513449732,-4.57443280929
1.06440798803,-4.55733159992
1.06281435871,-4.56195706772
1.06657592591,-4.55685470581
1.06449527317,-4.58283327776
1.0627449409,-4.55842870668
1.06298536088,-4.55283994623
1.06644192465,-4.56875131464
1.06422250437,-4.53092945917
1.06585246813,-4.56812996149
1.06501375409,-4.57335678613
1.06418237848,-4.60134174307
1.06674817831,-4.59134505509
1.06841671756,-4.59976138954
1.0649210843,-4.57584655916
1.06486385288,-4.62501065714
1.06531967919,-4.52903150112
1.06621776678,-4.5939962181
1.06403931452,-4.56325033053
1.06734400287,-4.57937862122
1.06437875682,-4.55424898872
1.06715228112,-4.60262356987
1.0664963378,-4.57181145672
1.06513670844,-7.35712853587
1.0634873695,-2.96101193101
1.06751589831,-3.64583385935
1.06648620578,-4.19305930923
1.06371833018,-4.36536775877
1.06503952089,-4.59592417495
1.0650705762,-4.66479480386
1.06250427544,-4.72314323608
1.06736350161,-8.0805529622
1.06511278686,-6.47004944187
1.06286349302,-4.26395392547
1.06204383795,-3.99535824286
1.06335506425,-4.25566824898
1.06266885039,-4.40193113997
1.06436604373,-4.44698300859
1.0624800801,-4.48377334115
1.06260867107,-4.50632081825
1.06609123721,-4.43711945297
1.06644572618,-4.58803157915
1.06370934752,-4.64379525038
1.06625823432,-4.67317513753
1.06737410631,-4.62630595924
1.06531606916,-4.58561620919
1.0640470518,-4.58822914038
1.06610993779,-4.60009654673
1.06544671584,-4.60643779884
1.06733700111,-4.68785982509
1.06700144925,-4.72729042298
1.06412843883,-4.64333720263
1.06374919167,-4.62949234884
1.06647530926,-4.63494009469
1.06235490209,-4.62392085083
1.06375879431,-4.64659220403
1.06682424651,-4.63114589217
1.06488503631,-4.60815579646
1.06276700135,-4.59807317682
1.06577597106,-4.62731603716
1.06445714629,-4.5854506338
1.06492154385,-4.6231437312
1.06484161613,-4.59296389151
1.06771300085,-4.67732757584
1.06413354849,-4.54536842288
1.06799934513,-4.62799336448
1.06817608311,-4.62148373887
1.06978187112,-4.64887890948
1.07172585077,-4.61257273196
1.07058671885,-4.58882418004
1.06882336292,-4.59591156821
1.07077458153,-4.66089356143
1.07081948824,-4.58388031217
1.06905533014,-4.58505854398
1.06669001453,-4.58740788306
1.06826355136,-4.60039091632
1.06507508852,-4.59743212688
1.06711352148,-4.55443793886
1.06839230241,-4.57330123241
1.06681903961,-4.5749939609
1.06614996507,-4.57714147758
1.06825107127,-4.55871305068
1.06738790332,-4.55808676221
1.06830811765,-4.56962314538
1.06808333828,-4.55517329522
1.06795417885,-4.593980753
1.06685700293,-4.618822142
1.07091700612,-4.5823775241
1.06706841049,-4.56294796429
1.06820773826,-4.54796637319
1.0699804014,-4.5666072612
1.0730576747,-4.67869012256
1.07008111478,-4.5703625778
1.07204874573,-4.62031639422
1.06813150761,-4.58710830452
1.06686396471,-4.58331673577
1.06735446039,-4.54042820062
1.06841120882,-4.60714862674
1.06226753978,-4.53060031709
1.06595151065,-4.65062401328
1.06399889205,-4.56008203923
1.06293484959,-4.52181666625
1.06409551599,-4.61801921875
1.06311545175,-4.57903490425
1.06260486022,-4.55853564421
1.06532929717,-4.57967737329
1.06465126324,-4.58453647626
1.06297959227,-4.52954171714
1.06295649021,-4.53577055728
1.06626945879,-4.61043653238
1.0638019774,-4.56220066698
1.06448176275,-4.56933861665
1.06265957092,-4.56538669433
1.06384920982,-4.58692242958
1.06524733614,-4.58868932659
1.06791664947,-4.62008051274
1.06478092506,-4.54762681682
1.06367492583,-4.57721956346
1.06558082912,-4.59793893934
1.06478929946,-4.53027079642
1.06293972464,-4.57756740668
1.06537356181,-4.58141462816
1.06376916477,-4.57118176687
1.06438823351,-4.62025882985
1.06555234554,-4.53479427372
1.06689690313,-4.60619811617
1.06334624286,-4.57543552716
1.06485922551,-4.59309769351
1.06416260025,-4.57932479084
1.06502732477,-4.6190462514
1.06407875458,-4.55669932839
1.06295221302,-4.55567075079
1.06253303332,-4.55296882766
1.06709536336,-4.62142337135
1.06479397803,-4.62544231894
1.0623946892,-4.56168364659
1.0635503823,-4.60351143675
1.06704878633,-4.60202580448
1.06408123182,-4.56769252843
1.06580600118,-4.58773057537
1.06464896734,-4.57401409395
1.06544176828,-4.60980050866
1.06423346152,-4.55409043814
1.06636395904,-4.57093151131
1.06375288381,-4.60220087622
1.06489830096,-4.59812144155
1.0659131176,-4.61153455058
1.0649218814,-4.61398430653
1.06348720263,-4.59379096958
1.0672463476,-4.63327310901
1.06384267354,-4.5724329878
1.06654240344,-4.6298715411
1.06678580094,-4.57252145916
1.0657490477,-4.56312773524
1.0624345214,-4.57593445691
1.06527895707,-4.57699323778
1.06591399916,-4.58899347796
1.06558198796,-4.59028459114
1.06438770462,-4.6020263729
1.06597035116,-4.57445734
1.06317045472,-4.55937631282
1.06575334481,-4.59180234758
1.06398267851,-4.54579999657
1.06323282647,-4.59245005771
1.06517148461,-4.59622133592
1.06655039704,-4.58005103912
1.06508722161,-4.62070479551
1.06613731098,-4.55467416383
1.06458579995,-4.56891732537
1.06466560586,-4.56442439777
1.06511122381,-4.59586483681
1.06947704114,-4.59779277592
1.06508604883,-4.58882967995
1.06714155696,-4.6268967274
1.06601536932,-4.59944305292
1.06656274671,-4.61945670093
1.0665851833,-4.62685723663
1.06756378054,-4.64279735395
1.06526190921,-4.62470127169
1.06799419572,-4.62283231348
1.06930253502,-4.65615770922
1.06546694924,-4.61354277424
1.06454154277,-4.66819088302
1.06780622688,-4.66893656882
1.06698343664,-4.67502881641
1.12183559043,4.66056819956
1.06807674835,-4.62343231258
1.06664747231,-3.00557632421
1.06475435523,-3.12115664176
1.07050176635,-3.73233813841
1.06692335906,-4.15345012025
1.0668662902,-4.52834109261
1.06802352376,-4.74308188673
1.07021884862,-17.8256583136
1.0672656386,-6.43900470998
1.07076719383,-6.06586323637
1.06617214194,-5.39467559423
1.06722005514,-5.20230881172
1.07013841342,-4.99484876761
1.06873951187,-4.79183901529
1.06522700818,-4.72692565826
1.06515557565,-4.61113331415
1.06653298655,-4.80757104967
1.06431216251,-4.42375049698
1.06502129608,-4.58776791064
1.06675120659,-4.65779516047
1.0636542099,-4.56789041924
1.0676325401,-4.62156948243
1.06770157774,-4.57307693922
1.06793010812,-4.61819654123
1.06622622566,-4.62087465398
1.06819873097,-4.61320153118
1.0682402374,-4.69822069292
1.06656534863,-4.65033238501
1.06740364646,-4.65153243388
1.0668011098,-4.64348279765
1.06475284366,-4.59466255568
1.06917001439,-4.57543461189
1.06588741266,-4.64828820458
1.06466968313,-4.64659838676
1.06711592315,-4.63348168337
1.06867773981,-4.67762627078
1.06496143078,-4.65810444233
1.06584420986,-4.6186477671
1.06299248181,-4.61713520322
1.06575430643,-4.66779778978
1.06602935021,-4.66001241095
1.06597540405,-4.58550115066
1.06268448287,-4.6132703103
1.06585041157,-4.68217261227
1.06587438745,-4.65921973409
1.06542005485,-4.59974537217
1.06677398205,-4.66094136255
1.067610941,-4.65564589444
1.06501001257,-4.66140479766
1.0664814998,-4.6750099065
1.06753162987,-4.64116424369
1.06673942757,-4.63943629892
1.06613989018,-4.66414272743
1.0695867452,-4.71246761717
1.06691151397,-4.6920454208
1.0671918442,-4.68642634472
1.06746040566,-4.68489355174
1.06748868327,-4.69166367744
1.0669841304,-4.68405669742
1.07142259148,-4.7042635979
1.06617862095,-4.65734001384
1.06696735713,-4.71125797548
1.06670525256,-4.6572001782
1.06851477727,-4.70263041765
1.06640017706,-4.69265198483
1.0698256849,-4.72357756577
1.06651560546,-4.67119070189
1.06695620977,-4.70689607589
1.06740874736,-4.74025237355
1.06983960912,-4.73095349338
1.06498690021,-4.66620441844
1.06785048449,-4.67089635203
1.06587064139,-4.69089936082
1.06644435359,-4.70184527397
1.06799059287,-4.7001302558
1.06789289683,-4.7028362779
1.06594031096,-4.71999551784
1.06872479753,-4.71117336008
1.06741656691,-4.67051384692
1.06624209287,-4.66344222791
1.06571779892,-4.68321390742
1.06907959019,-4.67590208194
1.067079778,-4.70563200652
1.06812051738,-4.72380582095
1.06589473169,-4.67853788022
1.06617902199,-4.6947969971
1.06594519318,-4.73918031824
1.06980921563,-4.70868624316
1.06660399619,-4.65682673354
1.06679730721,-4.70748163445
1.06639344567,-4.67342778802
1.06816973931,-4.69782330683
1.06683726461,-4.73729233654
1.06892490798,-4.72182402496
1.06611852287,-4.6785763319
1.0805707638,-4.07132766001
1.07486993436,-3.68520906309
1.07536658798,-3.69119395405
1.07161036075,-3.89563740291
1.074431774,-3.78612915774
1.07359258157,-3.78418960188
1.07423120407,-4.0518016695
1.07432736744,-4.02426945598
1.07432565284,-3.97103631346
1.06321890497,-4.4456874347
1.06680756862,-4.54415779463
1.06586568625,-4.49984862947
1.06516495685,-4.40135665178
1.06592079989,-4.54830272358
1.06675896315,-4.51326188754
1.06633370048,-4.54046335736
1.06558102007,-4.48001873116
1.06609442032,-4.56710622245
1.06513370635,-4.61776794526
1.06547450505,-4.58304588736
1.0696064456,-4.61903958165
1.06720301584,-4.68372680657
1.06727003459,-4.66625332078
1.06691566975,-4.62198992937
1.0688089574,-4.64376525336
1.06641574103,-4.57048475262
1.0683478972,-4.63358706698
1.06565634111,-4.63864839821
1.0676617113,-4.63107389757
1.07049575398,-4.67116317749
1.06723651357,-4.68755407457
1.06521523936,-4.63825795957
1.06867786294,-4.65531401959
1.06803666783,-4.69174716479
1.06766728054,-4.65926320137
1.06932169121,-4.66354010578
1.06713164869,-4.63293936175
1.06598439884,-4.66383026667
1.07020620781,-4.71801443558
1.06940956251,-4.72784944096
1.06763994642,-4.69421543213
1.06733857649,-4.6916335036
1.06849103951,-4.7076971653
1.06540537196,-4.61181122788
1.06868716199,-4.65964848958
1.0665850657,-4.61585333685
1.06742727695,-4.70929904418
1.0673773026,-4.66837073114
1.07049463565,-4.63564664782
1.0642622089,-4.6487679081
1.06728912232,-4.71479205369
1.06793789904,-4.73168226551
1.06817968581,-4.67723085228
1.06785963019,-4.69027967105
1.06885404607,-4.72395459732
1.06516113833,-4.65728787276
1.06850571341,-4.66121388788
1.069476033,-4.63658799185
1.06823189235,-4.69465848771
1.06824153613,-4.63961489788
1.0706743776,-4.71979674145
1.06718395289,-4.68203411319
1.06764470816,-4.67889749521
1.07007628155,-4.74112617689
1.06881892291,-4.69703616731
1.06608025197,-4.70039438923
1.06992009854,-4.69184619702
1.0666978654,-4.68334834005
1.06618941251,-4.68128042849
1.06569016675,-4.66441544821
1.06837188736,-4.69253101354
1.06581401477,-4.68366338668
1.06787627243,-4.71396831387
1.06677545364,-4.69862036674
1.06589473571,-4.67009525099
1.06937799506,-4.69835982178
1.06996044766,-4.73400442499
1.06637758501,-4.69704071222
1.06735197795,-4.68563658016
1.06948938677,-4.69132093909
1.06895482669,-4.69480203082
1.06764259214,-4.67125686446
1.0708063624,-4.74422692007
1.06735675993,-4.72881151989
1.07010886342,-4.69970990268
1.07099520416,-4.72251212098
1.06958708689,-4.729032964
1.06740511076,-4.66270997562
1.07134915668,-4.74127137716
1.06846359034,-4.72093132581
1.0700694956,-4.76200879754
1.06986983954,-4.72192303489
1.06872606175,-4.71011431577
1.06862953743,-4.72463660309
1.07201858496,-4.71377461807
1.06902852644,-4.7135995079
1.06753494087,-4.66563735387
1.06896543415,-4.71118868901
1.07097216892,-4.70574958964
1.06885644702,-4.70773473564
1.07216422892,-4.7013083899
1.06724413594,-4.70865864316
1.0678274914,-4.69374515081
1.07068057882,-4.73219757647
1.07135160578,-4.73797838224
1.06750519544,-4.68284394572
1.06860322746,-4.6859014396
1.06897483173,-4.71831607421
1.06894181891,-4.73691454048
1.06767533246,-4.68724496163
1.06749844149,-4.68612833048
1.06696553647,-4.71921694808
1.06812728578,-4.66865535346
1.06933124185,-4.67625055477
1.06795838712,-4.68145792599
1.06691863803,-4.68277302538
1.07060371531,-4.68891548474
1.06950516963,-4.7290152796
1.07071839161,-4.73828140925
1.06988305957,-4.72605071432
1.07023455011,-4.74378326427
1.06915375276,-4.71613980925
1.07423840878,-4.73256721685
1.07163530026,-4.77446466761
1.07045213698,-4.74598488799
1.06992067713,-4.68724839386
1.06947767944,-4.72473952776
1.07065474458,-4.72236091745
1.07404901501,-4.74495314039
1.06962623819,-4.73214739967
1.06946440276,-4.72989172267
1.07104441395,-4.71235915212
1.07334083525,-4.72809067094
1.06757035405,-4.70106637834
1.07043788522,-4.70268947238
1.07046129631,-4.74584193137
1.07042652736,-4.70155463668
1.06887382687,-4.68290635189
1.068033559,-4.69625108253
1.06853652146,-4.72899936467
1.07076484159,-4.69288449585
1.06924153044,-4.69846989358
1.06859895131,-8.52311378913
1.06749170332,-2.71033806667
1.07064316472,-3.50081921698
1.0678238026,-4.19858643153
1.06961612124,-4.6108715817
1.06972008336,-4.87030979322
1.06935171439,-4.90385094876
1.06908446211,-4.9691393202
1.07435727334,-7.96009957703
1.07596299898,-6.86103015615
1.07180524225,-4.49907970039
1.07136179928,-4.25890719178
1.07185810746,-4.48250479153
1.06883800182,-4.52540172674
1.07254389603,-4.60771768452
1.06834340428,-4.56987793967
1.07009828065,-4.68319347456
1.07460501508,-4.53189901364
1.07309173991,-4.8824778954
1.06852124115,-4.86291303808
1.07199516505,-4.89151251634
1.07131288449,-4.78413264363
1.07078574826,-4.7682662
1.06825679397,-4.67879045197
1.07099921925,-4.80324900438
1.06800794952,-4.80720083891
1.07085359485,-4.88445174939
1.06967367968,-4.90212930402
1.0678630023,-4.79042866888
1.06958463072,-4.78193385147
1.06921613242,-4.77650161305
1.06602774161,-4.78984094764
1.06920193003,-4.86400686871
1.06789766747,-4.7241894932
1.06799663621,-4.78190491805
1.0681488507,-4.76239777255
1.07046671712,-4.81520971598
1.06581861494,-4.74931411843
1.06836842988,-4.79316882479
1.06829203041,-4.79142674906
1.06861613852,-4.77122620035
1.06721195136,-4.73342219764
1.06987211239,-4.73580228646
1.06640153352,-4.73626782612
1.06774428684,-4.70849391814
1.07014682431,-4.72235115398
1.07082963454,-4.72783421218
1.06707048789,-4.72324331777
1.07022064346,-4.79731499798
1.06737071028,-4.71706779821
1.06866735825,-4.75733292513
1.06855558664,-4.68268986155
1.06969153603,-4.79137186224
1.06587322379,-4.6070823116
1.06909972455,-4.67930155432
1.06799745055,-4.66011657893
1.06716567796,-4.6721827692
1.06702431226,-4.70792584645
1.06876496789,-4.72753317074
1.06610874163,-4.69370219691
1.07036434217,-4.67379146701
1.06633626113,-4.66736407963
1.06585373372,-4.6950437928
1.06868766171,-4.72578546769
1.06824841895,-4.6705315283
1.06763412972,-4.69265150701
1.06746636892,-4.66405638887
1.06922589667,-4.68980116653
1.06869025547,-4.69468264404
1.06841357769,-4.69608165519
1.07059816919,-4.69840719509
1.06656531586,-4.71675860846
1.06909457662,-4.69350864582
1.07037566306,-4.71731536765
1.07032963912,-4.72190326911
1.06713271686,-4.69925706677
1.0692885416,-4.70563220732
1.06996696813,-4.78984409177
1.06967849869,-4.66794088697
1.06871945736,-4.69445541876
1.06780690616,-4.66678928936
1.06672049825,-4.6873518352
1.07164533825,-4.65595780739
1.06924114402,-4.66415524101
1.06702239938,-4.70314218266
1.06765597494,-4.70754047418
1.06914734549,-4.65559487042
1.06822776562,-4.69038896774
1.07054981045,-4.69526234407
1.06856389027,-4.72770023949
1.0693529175,-4.73738268917
1.07001621782,-4.70122819623
1.07080724528,-4.73447909928
1.06783698024,-4.71674757732
1.06994511173,-4.71473184844
1.07051726133,-4.74831642591
1.06860870316,-4.68378631779
1.06990650625,-4.73482272859
1.07063485046,-4.73727635675
1.06572390527,-4.67410312641
1.07035877413,-4.73490410601
1.06959260211,-4.69030210155
1.06916967576,-4.67981884171
1.06884296423,-4.71883926199
1.07180197428,-4.74170929632
1.06888738,-4.64872615819
1.07157260649,-4.73809067282
1.07007651666,-4.68181225969
1.06890068865,-4.70661629676
1.06925141872,-4.6773284934
1.07307571167,-4.72931371213
1.06965115268,-4.71393405425
1.06902429566,-4.68971555308
1.06915509105,-4.66792789264
1.06980889997,-4.67058644051
1.06715620939,-4.7201776146
1.07153978938,-4.72775278094
1.06829901653,-4.68336855038
1.06854267995,-4.68276422204
1.06774561429,-4.68878795882
1.06963355884,-4.74555471105
1.06698746329,-4.74759364198
1.06936727949,-4.74664783965
1.06829563335,-4.74743340881
1.06834992797,-4.71935808959
1.07002026666,-4.74781772295
1.06892090429,-4.67975064793
1.06597578875,-4.77348868178
1.0686120051,-4.71773303466
1.06911010303,-4.70947650355
1.06887993265,-4.66199365649
1.06612038197,-4.69197012665
1.07005856081,-4.68996435873
1.06678293153,-4.70297856181
1.06885704449,-4.69792408657
1.06833579971,-4.64670924745
1.06654083261,-4.65109798727
1.06733254652,-4.7197587966
1.07002675041,-4.73399440548
1.06886220309,-4.68957817427
1.06794079945,-4.70526123881
1.06824894973,-4.73722342765
1.06770139155,-4.68410724063
1.06804189305,-4.71684782425
1.06985931181,-4.71754523364
1.06563457325,-4.65628011704
1.06777522896,-4.66206563747
1.0701037491,-4.76432708151
1.07081455911,-4.73755833963
1.06578017737,-4.68836488495
1.06842748372,-4.68658087401
1.06845716693,-4.73769421553
1.06960276748,-4.7448458548
1.06967015388,-4.74097991878
1.0690630315,-4.78339372716
1.06515591452,-4.7281240634
1.06781830888,-4.74022911711
1.06788826431,-4.73068243581
1.0660643578,-4.71202411293
1.06549413936,-4.7598233611
1.06791882194,-4.8070464704
1.06705019082,-4.81459821809
1.11414367433,3.42868752735
1.06782270058,-5.55587146008
1.06660916626,-3.83077871844
1.06665765025,-3.6608222654
1.07103292234,-3.98957998035
1.06571473541,-4.24348933038
1.06878023199,-4.58419162182
1.06913388471,-4.82146077703
1.07009606373,-19.8947881791
1.06564887875,-6.59636809624
1.07368696141,-6.59801483662
1.06791799089,-5.6131331222
1.06912970037,-5.23881422318
1.07132188561,-5.00972564793
1.06979888198,-4.77281174972
1.06784990417,-4.68828845153
1.06870406441,-4.63959807561
1.06825339709,-5.01269700862
1.06774043208,-4.51151917677
1.06929734455,-4.74056019135
1.06843266187,-4.63673634869
1.0650967433,-4.59887042147
1.06857296516,-4.6447086535
1.06846169246,-4.65834895429
1.06735578287,-4.66347152825
1.0673380778,-4.65517037695
1.06880815403,-4.67831936971
1.06602295761,-4.70617587348
1.06915186832,-4.73855395061
1.06756562395,-4.70474382298
1.06687653273,-4.70343797757
1.06795219162,-4.71648193682
1.07136908701,-4.74378449913
1.06697281988,-4.70584693218
1.06797078862,-4.69351215964
1.06902336391,-4.75158353623
1.06935487318,-4.75482706572
1.06647258092,-4.71549506472
1.06910837496,-4.71084712725
1.06856062614,-4.72100531585
1.06888295733,-4.67394833466
1.06867852925,-4.72291307125
1.06942390052,-4.7290482832
1.06736200501,-4.70658751913
1.07022068405,-4.74982253949
1.06693970115,-4.73400150341
1.06718679016,-4.66263256737
1.06894434698,-4.70574098602
1.06885916609,-4.70435583093
1.06586028248,-4.74674285828
1.07183562177,-4.76950191089
1.06937600415,-4.77507447335
1.06842543185,-4.78003232009
1.06659969971,-4.76157028978
1.06833052497,-4.83129992544
1.0683845569,-4.82332006188
1.0689221847,-4.81961501595
1.0675538018,-4.78106519849
1.06658313202,-4.8129639759
1.0683603153,-4.78574055898
1.06994687261,-4.82824022198
1.06588139419,-4.76965136291
1.06854434977,-4.81455206821
1.06930270174,-4.84912344859
1.06793847506,-4.80247213263
1.06593405759,-4.74199254931
1.0716273704,-4.89168354137
1.06622169115,-4.7654759348
1.06913703168,-4.83650259867
1.068553526,-4.79139863534
1.0669520153,-4.81613959677
1.06823369565,-4.79755699692
1.07033269462,-4.81703132106
1.06810615979,-4.84261549454
1.07005752903,-4.83943034116
1.0702627923,-4.80815900962
1.06745757513,-4.80304282077
1.06712210486,-4.84592790226
1.06952642443,-4.81211605377
1.06983213919,-4.80337635089
1.06807551252,-4.80441779454
1.06769293759,-4.84429454263
1.06683438794,-4.76108291649
1.06482974284,-4.75100165807
1.06985133461,-4.81947313217
1.06763049304,-4.8222823786
1.06688407972,-4.80544922157
1.06718452283,-4.81837248278
1.06964722412,-4.86595587125
1.06638788995,-4.77874423704
1.06869157436,-4.85162411012
1.06731365683,-4.82248301154
1.06839506912,-4.86270428438
1.06988999945,-4.88820053364
1.06939362148,-4.79475273022
1.06722331014,-4.7858593202
1.07941947091,-4.10516246604
1.07280095764,-3.79845302664
1.07332930248,-3.52911450716
1.07054718357,-3.99413335251
1.07298009252,-4.05146873782
1.06974504934,-4.02466295817
1.07305169582,-3.80362564744
1.07097389965,-3.88185536666
1.07239301108,-3.98032604615
1.0781618476,-3.88368888248
1.08015068894,-3.68301552099
1.07798039371,-3.65890995839
1.07864664448,-3.6166760612
1.07861944353,-3.61672362837
1.07871946775,-3.5797396742
1.07531602671,-3.58555628587
1.08039411851,-3.59339964053
1.07632660957,-3.61574286337
1.07569727189,-3.55724836822
1.0786971561,-3.66215970228
1.07986749634,-3.59003413779
1.07420384234,-3.57292713028
1.07820891754,-3.62021268158
1.07635491636,-3.61392196519
1.0773755413,-3.56553485901
1.07686716417,-3.52762987283
1.07735151231,-3.62801665414
1.07329842285,-3.5645508499
1.07693245344,-3.53698074359
1.07737141697,-3.59297787607
1.07700867089,-3.60491383746
1.07578677638,-3.57415241878
1.07676255269,-3.59606726922
1.07484551075,-3.51401368237
1.07889553418,-3.6207161054
1.07739360774,-3.61732805059
1.07569178898,-3.53160912311
1.07542913193,-3.56760475003
1.07866676927,-3.56381787316
1.07590767415,-3.57593770508
1.07465932221,-3.52490605555
1.07624899346,-3.52642302858
1.07737622063,-3.5583398546
1.07737159798,-3.53144301743
1.07979577553,-3.58820810909
1.07412934753,-3.57829573343
1.07589395812,-3.51532935042
1.07764786401,-3.54190353173
1.07808222865,-3.54858045822
1.07533186027,-3.53521932182
1.07795687297,-3.5367190115
1.07633632677,-3.54508393961
1.07722713922,-3.53147457582
1.07666425595,-3.5461125913
1.07841530808,-3.52564899384
1.07482418542,-3.56687227614
1.07685826879,-3.5104615122
1.07745232739,-3.55637602477
1.07500047653,-3.51018344934
1.07645850896,-3.50525854846
1.07854537551,-3.64647596034
1.07380151388,-3.47840025101
1.07907740923,-3.56625907376
1.07687690985,-3.55444621423
1.07575623221,-3.52945590281
1.07432548673,-3.53790084925
1.07927877739,-3.51628009224
1.07696028612,-3.56550026052
1.07726624697,-3.54445579288
1.07679910313,-3.5469814106
1.07729066765,-3.55226082275
1.07620045094,-3.47446989651
1.07980708652,-3.56067450037
1.07637882561,-3.50226282323
1.07822300591,-3.53017102889
1.07918936119,-3.56325584076
1.0799195478,-3.58107358311
1.0746752302,-3.50591599193
1.07843730829,-3.50822781079
1.07710741429,-3.58140621989
1.07875786485,-3.60596225356
1.07917072934,-3.54523768608
1.07789255416,-3.51791227131
1.07446815486,-3.47547510791
1.07837458826,-3.528566282
1.0779681742,-3.50496480777
1.07589141081,-3.49569330165
1.07715221393,-3.56532020238
1.07775223302,-3.52652321145
1.07627535144,-3.50850742322
1.07902974048,-3.48527757105
1.07756127217,-3.54287910075
1.07781709886,-3.54852955128
1.07671282762,-3.5338917771
1.08095336919,-3.51428535875
1.07854595505,-3.55254613441
1.07837238028,-3.50733257253
1.07734271832,-3.50493770543
1.07820627768,-3.53413430812
1.07785948782,-3.48124685784
1.08059561027,-3.55623381953
1.07845406281,-3.54077493817
1.07928975189,-3.47895492667
1.08034309192,-3.5343391939
1.07969178506,-3.46707028528
1.07766435558,-3.5223731771
1.08027497091,-3.54985561083
1.07852685196,-3.55328354719
1.07937507989,-3.52511063575
1.0809874474,-3.51528727646
1.07850478662,-3.50346942218
1.07635074386,-3.54001779214
1.08099009897,-3.50188681224
1.07982408363,-3.54647059969
1.07902012641,-3.53183136082
1.07815931721,-3.46970533497
1.07942878461,-3.49039844418
1.07568084656,-3.47140421346
1.08055974022,-3.4646329312
1.07861996786,-3.46379615249
1.07751475259,-3.45151028939
1.07757068303,-3.47445126966
1.08045608428,-3.52089671675
1.07608656162,-3.45473965488
1.0788229632,-3.49935388068
1.07780647121,-3.47618765422
1.07901059922,-3.47899001183
1.07791599487,-3.50312776327
1.08013907504,-3.4161205573
1.07500256616,-3.45925580508
1.07830915812,-3.46854336978
1.07959695527,-3.46644385294
1.07988826845,-3.45519817297
1.07823302286,-3.48216313145
1.08022026688,-3.51730016928
1.07844680228,-3.44571731279
1.07966876677,-3.51940721355
1.07898207856,-3.4675835449
1.07825727095,-3.46111680924
1.07803089851,-3.44509935784
1.08155747785,-3.49743264182
1.07819015232,-3.47438407381
1.07857606632,-3.72207033692
1.07742045779,-1.71984765557
1.07961758684,-2.53708641395
1.07646945154,-3.05425322359
1.0808942526,-3.34931199353
1.0792453384,-3.52451379097
1.0783555396,-3.64444469978
1.07874203903,-3.69831272339
1.08319315511,-10.0092204383
1.080508201,-4.66964111358
1.07713061232,-2.24410550974
1.07838035043,-2.74679094554
1.07823748181,-3.03774860356
1.07956646347,-3.25281363959
1.08070876491,-3.32462860415
1.0761998584,-3.3441610987
1.07931202433,-3.39817890929
1.07491254618,-2.8911623027
1.0797280865,-3.38975239421
1.07489546176,-3.13092095678
1.08064578993,-3.33675469908
1.07731249606,-3.34600323874
1.07931593915,-3.4190945914
1.07836281549,-3.38536660483
1.07911402451,-3.46091429821
1.07818341686,-3.24882944313
1.08252395484,-3.31136387218
1.07882669067,-3.30046572306
1.08036634889,-3.32777360347
1.0808686227,-3.27748590343
1.08057236871,-3.31658818126
1.08006870669,-3.26750954513
1.08317524556,-3.28365984463
1.08057512784,-3.4043875394
1.07957271074,-3.38824399165
1.07916944034,-3.40895319547
1.08324900657,-3.36358192426
1.07887186965,-3.41945381822
1.08032114114,-3.43569174595
1.07744056251,-3.39581944461
1.079657397,-3.35088179299
1.07964551214,-3.43102752304
1.08042041073,-3.43377814363
1.07711800129,-3.42357376397
1.07913728812,-3.3986708212
1.07994143897,-3.48522184584
1.07987788562,-3.40418315122
1.07854821071,-3.44634140742
1.08032667791,-3.42363700242
1.07842895204,-3.4737015597
1.08034925562,-3.39596429869
1.0800289406,-3.42152468949
1.07879100274,-3.41159416235
1.07884174886,-3.54067362718
1.08095160112,-3.53314924403
1.08007657763,-3.49536160263
1.08133252187,-3.54511119465
1.07963915415,-3.49221271712
1.08040542925,-3.52440847291
1.08033415576,-3.55990340092
1.08260159255,-3.53427234098
1.07931154952,-3.5274345965
1.07921204597,-3.54587361423
1.08064195075,-3.49879994409
1.08208249769,-3.5508764271
1.07723360582,-3.51725033597
1.08063463341,-3.51230293826
1.07884047358,-3.5117772497
1.0796879404,-3.52616859647
1.08076159307,-3.51676168117
1.08055736683,-3.50917889681
1.07618154011,-3.46832600628
1.08045709616,-3.55978078128
1.07883643635,-3.45029891993
1.07967981214,-3.52735301831
1.0788282689,-3.50374635143
1.08038549969,-3.54501758788
1.07793223992,-3.53000653414
1.08013214229,-3.503718729
1.07934584535,-3.56974394652
1.07861892627,-3.46441746392
1.07779727367,-3.5044755193
1.08254114834,-3.54603348299
1.07776788183,-3.50259798539
1.08133769606,-3.61761359819
1.0798629629,-3.50074767487
1.07911446647,-3.54894286492
1.07734669456,-3.46684576461
1.08042148677,-3.54177474847
1.0781069518,-3.55155746712
1.07804861428,-3.47256209098
1.08153360727,-3.53131619435
1.08048007086,-3.5052900659
1.07944649017,-3.50700034924
1.08127805112,-3.52610169949
1.07832823819,-3.51092015837
1.07924724409,-3.47120309674
1.08014475037,-3.49784116393
1.0796745013,-3.5503708425
1.07555992421,-3.46799125292
1.07866310918,-3.49968639968
1.07991094476,-3.51818353822
1.07883235673,-3.5291151239
1.07612895524,-3.504456545
1.07890843361,-3.5243186007
1.07808940676,-3.54340715354
1.07916852133,-3.49371883487
1.07696319898,-3.48877623425
1.07678368351,-3.49022333235
1.0786003785,-3.44050520826
1.08003043808,-3.51492476061
1.07700179963,-3.46379293996
1.07866175501,-3.52123401737
1.07857594606,-3.54030876744
1.07781431317,-3.5281972862
1.07685905193,-3.46208960034
1.08165548533,-3.47639352298
1.07693979487,-3.46743933472
1.07872989989,-3.5010746324
1.08072081268,-3.48856081366
1.07939608995,-3.498107106
1.07880041546,-3.49590405143
1.08134779394,-3.48545862698
1.07787375864,-3.49428644775
1.08041134442,-3.4631450099
1.08184934918,-3.51483748505
1.08057673909,-3.45745085888
1.07829500785,-3.50780914093
1.08097878774,-3.43110231484
1.08036349638,-3.53475137432
1.08039147766,-3.5420821439
1.08013074499,-3.53209022925
1.07973929389,-3.51024122968
1.07783873765,-3.47969137363
1.08194766066,-3.52944424122
1.07899924802,-3.47172721865
1.07786021295,-3.49773557959
1.07875133449,-3.4504185627
1.08097251944,-3.5080297944
1.07800182945,-3.48600187418
1.08176844203,-3.49987910206
1.07826205714,-3.53414521221
1.07885423759,-3.44664807943
1.07992590105,-3.49883868235
1.08159293741,-3.50763417863
1.07669833755,-3.41330490972
1.07806727422,-3.50735172408
1.07973790993,-3.47592326205
1.08031697068,-3.52516031597
1.07843950493,-3.49347876884
1.08069673079,-3.49871190992
1.07680790967,-3.4780303274
1.07822910843,-3.47998684089
1.08012703235,-3.44483861195
1.08003592265,-3.40349145138
1.07649893791,-3.37092568871
1.08249569653,-3.41072261349
1.07833721024,-3.39431831114
1.07937358492,-3.42960065622
1.07932652147,-3.41528996151
1.07889135693,-3.34592690244
1.07890666306,-3.32516391395
1.13633684146,5.36362265494
1.07965902987,-4.5168316507
1.07902525214,-2.34660166584
1.07869326999,-2.09701442927
1.08148590473,-2.60056136517
1.07804288465,-2.9234447445
1.07957165345,-3.27886943019
1.07622484908,-3.33191618578
1.07890789199,-16.9772019866
1.08377534675,-5.18615080445
1.08178825309,-5.01088269834
1.07527186671,-4.05773256998
1.07870485444,-3.75633842799
1.07881533896,-3.58556053674
1.07927241524,-3.50056157591
1.0784826664,-3.42305160492
1.08208429083,-3.51819839757
1.07718647805,-2.6375487889
1.08331516104,-3.8987737988
1.08170421995,-3.41761106409
1.07971864482,-3.41122130064
1.07915156198,-3.37085606092
1.0821534681,-3.46291234916
1.079762644,-3.37796327666
1.0806322255,-3.41444167445
1.08015465799,-3.4345582106
1.07966235232,-3.46361373187
1.08006745819,-3.48896971361
1.08377767042,-3.59565292434
1.07987325722,-3.41565877838
1.07905137922,-3.42150862493
1.07996582048,-3.40450006848
1.08129036656,-3.48352856908
1.07748267819,-3.43896096132
1.08051682066,-3.44606190631
1.07982221386,-3.41820184765
1.079402605,-3.48467562868
1.08010277444,-3.46745110556
1.08037513362,-3.47850619014
1.07691807254,-3.44138475558
1.0817124618,-3.50146706935
1.07955720227,-3.46007742027
1.07945803207,-3.43808836441
1.07901972238,-3.44796985844
1.08067810008,-3.47856322265
1.07636415148,-3.47781940404
1.08021001277,-3.48474000183
1.08085805891,-3.50964648663
1.07901683546,-3.48720187445
1.0756294787,-3.41167065721
1.08038383695,-3.42086003767
1.07698278087,-3.41778911255
1.07882507018,-3.45737606176
1.07890400934,-3.37201961692
1.07937974135,-3.3616217251
1.07799992826,-3.36976086095
1.08145497016,-3.42183566079
1.07865285917,-3.43597995991
1.07884544558,-3.45632512122
1.08267976948,-3.44288197485
1.08086922487,-3.43029208819
1.07748022897,-3.41293246336
1.08089659168,-3.4172250745
1.07849608697,-3.37868876228
1.07941082308,-3.40959348604
1.07884978541,-3.39438492975
1.07962366106,-3.42283016345
1.07590147094,-3.3628652331
1.0815387715,-3.46247764381
1.08053918291,-3.47634561845
1.07904156801,-3.45194968376
1.07969715605,-3.39549568528
1.08167468255,-3.46690730207
1.07659836544,-3.40324904929
1.08105620511,-3.42144309265
1.07964297309,-3.43914804884
1.07863265624,-3.43920911514
1.07648427464,-3.40564459345
1.07930379176,-3.38940075874
1.07849888949,-3.41688083395
1.07719380585,-3.38955427462
1.07913086732,-3.41801985215
1.07848015339,-3.43409062403
1.07884869036,-3.40009448937
1.08121037232,-3.46213343136
1.0769150466,-3.40457438528
1.07911307627,-3.44193037508
1.08076493604,-3.44513437007
1.08176013123,-3.43491142009
1.07965034699,-3.47673964526
1.08179369406,-3.41685186812
1.07918964916,-3.45326315645
1.08209886003,-3.45128549326
1.08274011628,-3.41959131407
1.08290120003,-3.39410158152
1.0811465688,-3.43366617017
1.09997070584,-3.99760283324
1.09258318018,-4.16606205883
1.09000020802,-4.10852767418
1.09278958746,-4.39018841914
1.09212951383,-4.37514364458
1.09050045861,-4.39116369112
1.09337122554,-4.22981250944
1.09189832056,-4.28013676757
1.09071890677,-4.22771441281
1.09485802734,-4.28899799246
1.09428958173,-4.14287710974
1.09365592172,-4.1347104769
1.0948678075,-3.98859419732
1.09480055686,-4.06229234685
1.09594224433,-4.09175834187
1.09570386913,-4.06893214391
1.10082875031,-4.12618608301
1.0951483346,-4.07526483676
1.09836088401,-4.06717631519
1.10185964607,-4.11162567425
1.10405478132,-4.140217118
1.10163864734,-4.06772900084
1.10443336317,-4.11232719761
1.10131466453,-4.09458482081
1.10399772182,-4.07134256951
1.10584301045,-4.12090443292
1.10547185415,-4.10490662333
1.10544485239,-4.1113600087
1.11096860614,-4.15635372295
1.10949531048,-4.11639236383
1.11019992345,-4.13203161755
1.10858405025,-4.08346109495
1.11254173664,-4.10472235575
1.10984123,-4.10256711022
1.1132665545,-4.1325683825
1.11265936717,-4.19236920741
1.1076331319,-4.08939271995
1.10934592338,-4.1177180033
1.11008202088,-4.08873047855
1.10803887396,-4.12994436735
1.10965752824,-4.13572629844
1.10710014216,-4.10672007992
1.10747826384,-4.0993363857
1.10843874994,-4.10017698308
1.10947574016,-4.10924426457
1.10356401794,-4.05631704665
1.10698738945,-4.04796969916
1.10839180019,-4.10080909331
1.10665303588,-4.1249045
1.10290656468,-4.07226756438
1.10702069391,-4.08768599284
1.10077057181,-4.02975150453
1.10253399249,-3.98393086864
1.10284688037,-4.06183504463
1.10079377905,-4.06670678436
1.0980740041,-4.0781303254
1.0986341569,-4.04979519353
1.09697040167,-4.03778877968
1.09598850125,-4.05191596498
1.09247621276,-3.99396318282
1.08906193736,-4.00131567672
1.08849740358,-3.99042252952
1.09066758186,-4.00597955527
1.08886561452,-4.00631248707
1.08639323659,-3.97054144687
1.08704290321,-3.96104893645
1.08947906235,-4.01376501536
1.08806154785,-3.95960047429
1.0891677595,-3.96655319178
1.08789728844,-3.98724302088
1.08723482758,-3.95924241079
1.0893028615,-3.95343225754
1.09089939671,-3.97200466157
1.0846989854,-3.92948431925
1.08852675352,-3.95614085807
1.08907472447,-3.97246764784
1.09035567587,-3.94967354592
1.08800373994,-3.94272495775
1.09021831158,-3.96702979157
1.08785130877,-3.95410946224
1.09032239091,-3.97868811114
1.09092029605,-3.97184466766
1.08839470723,-3.94520469109
1.08715867004,-3.92997953924
1.09111947825,-3.94722402545
1.08980923822,-3.96560365485
1.09025867151,-3.93643577362
1.08931330177,-3.95518580016
1.08859857549,-3.90896304476
1.08850865381,-3.95497522725
1.09319928723,-3.98870195089
1.08916844836,-3.94096098168
1.08917014508,-3.91272848977
1.08869663252,-3.96864910659
1.09088852182,-3.90404881529
1.08973225754,-3.9322741054
1.09078994426,-3.93075866099
1.08877987601,-3.95554438954
1.08942934766,-3.92551271718
1.09072005462,-3.99565861564
1.09125637982,-3.9689909834
1.08586672942,-3.9007482177
1.08919816387,-3.96465231884
1.08985527297,-3.94923914788
1.08974233004,-3.92040106453
1.08958119805,-3.91331917774
1.08857782958,-3.94102083768
1.08687976378,-3.91643503825
1.09012026968,-3.91485310816
1.08926271494,-3.95280709346
1.08855198763,-3.89118301251
1.08872327744,-3.92912961779
1.09262186992,-3.89175013874
1.0886665208,-3.91676219314
1.08937217035,-3.89532076234
1.08982037617,-3.90757536275
1.09085879828,-3.93175871829
1.08976120685,-3.91216462466
1.09079340917,-3.93599746367
1.08892750669,-3.89484200286
1.08969949363,-3.93902177803
1.08993480113,-3.89472080455
1.08944166118,-3.8830223882
1.08963519269,-3.94918162909
1.09046916319,-3.91111883067
1.08552455624,-3.88108841441
1.09099424153,-3.92257273292
1.08978384679,-3.87246900125
1.08933742855,-3.87537661461
1.08638807534,-3.85497140128
1.09085867355,-3.90103316675
1.08817090808,-3.90165817195
1.08880182567,-3.90561575772
1.08769797142,-3.84503388939
1.0893880587,-3.90009575719
1.08712824661,-3.86215245996
1.0881817699,-3.88118661317
1.08720681078,-3.90864322712
1.08679404708,-3.90743042471
1.0875141928,-3.87936556502
1.09052458525,-3.92143641673
1.08765468437,-3.85035734108
1.08940685074,-6.323517103
1.08741902362,-2.08092684278
1.08807018616,-2.98772449269
1.08643587823,-3.50071644312
1.08980972575,-3.80014777847
1.08787140641,-3.93902314988
1.08944047473,-4.05752955533
1.0871872617,-4.07505465339
1.08985706807,-6.03105707976
1.0901365843,-5.97443318885
1.08611118396,-3.35091025074
1.08597610286,-3.39105125947
1.08870004599,-3.45580920048
1.09009853491,-3.62266926835
1.0892797395,-3.65261081972
1.08641428544,-3.7464873294
1.08961859886,-3.75080636093
1.08549907973,-3.50125976814
1.08891873802,-3.83331360485
1.0856420706,-3.57921627648
1.08840597379,-3.77837594364
1.08587728936,-3.74692197814
1.08927599952,-3.76366116865
1.08896720408,-3.79233688427
1.0856754814,-3.8256522652
1.08718454038,-3.75208540741
1.08880237754,-3.6954827672
1.08849589728,-3.72969746358
1.08844005888,-3.69243317282
1.08767703928,-3.7243308361
1.08756764587,-3.77765206487
1.08726631253,-3.7149373983
1.08961032724,-3.7418326538
1.08645561795,-3.77120145466
1.08878073061,-3.80828967468
1.08933170725,-3.83007729537
1.08693888845,-3.75814352257
1.08850319355,-3.79091065376
1.08855968954,-3.73592455708
1.08565998495,-3.79788637993
1.08863092661,-3.76824178281
1.08945878618,-3.84450841217
1.08778741887,-3.83862049137
1.08610507493,-3.82849770277
1.08776150453,-3.85284384808
1.086128203,-3.83641872953
1.08698533414,-3.76875550002
1.08783968354,-3.84248872635
1.08519784967,-3.80127605534
1.08581576281,-3.86409887879
1.08934144698,-3.84767363305
1.08668198794,-3.8358358072
1.08544809753,-3.84641727958
1.08545870245,-3.83245855166
1.08702974407,-3.92588170325
1.08562886701,-3.89000744398
1.08730186223,-3.93730552861
1.08604313322,-3.8502703183
1.08551900418,-3.89726546516
1.08477194578,-3.84281381204
1.08633139234,-3.88358248204
1.08322787343,-3.87176858318
1.08540141371,-3.90662916938
1.08503888857,-3.84104612556
1.08677714188,-3.87245275088
1.08468138773,-3.86320790409
1.08667373693,-3.91956228533
1.08214307419,-3.83720559397
1.08645677325,-3.91128301925
1.08740246875,-3.89354306553
1.08589084316,-3.86939206541
1.08344915033,-3.85399943055
1.08620509721,-3.91533496246
1.08598478779,-3.89064238979
1.08566784339,-3.88873225833
1.08504128721,-3.86895876224
1.08583527153,-3.88069310747
1.08546854636,-3.87203083419
1.08909880074,-3.93592505305
1.08551859529,-3.87815233942
1.08572549117,-3.90657678157
1.08690658345,-3.90477477717
1.08912276409,-3.91101255524
1.08475150941,-3.89148678766
1.08774910738,-3.95191317826
1.08714277419,-3.93246292222
1.0844767916,-3.90980684345
1.08623834623,-3.87483511762
1.08855444991,-3.93678903916
1.08452072019,-3.86526634647
1.08591503654,-3.91156622188
1.08581214151,-3.89274235319
1.08588757278,-3.88021416136
1.08829742178,-3.84048327738
1.08712249958,-3.89284886263
1.08436941189,-3.84845680291
1.08666488534,-3.9261862999
1.08713440666,-3.91730494814
1.08536041657,-3.88006933271
1.08561438644,-3.92086557743
1.0882175476,-3.91973420809
1.08608852263,-3.87612179572
1.08661644343,-3.86730837308
1.08622328066,-3.88898904281
1.08485144396,-3.91849437446
1.0866490678,-3.88546002644
1.08898834331,-3.87833863516
1.08679463028,-3.90948032785
1.08591068589,-3.88065205409
1.08845961891,-3.86277528527
1.08649262085,-3.88741981822
1.08662002624,-3.90714343584
1.08753611887,-3.91292524233
1.08448715614,-3.92155589271
1.08568268553,-3.91197222908
1.08732310555,-3.91093173166
1.08771622184,-3.88232621106
1.08478952777,-3.87554747894
1.08604316487,-3.90112210436
1.08327518553,-3.80750760608
1.08546615647,-3.86760531314
1.08652370617,-3.89301322082
1.08587717466,-3.84777146456
1.08334949544,-3.8906294427
1.08708709562,-3.8819661433
1.08496314991,-3.84994362491
1.08579792747,-3.88934204861
1.08256917347,-3.83288495492
1.08579728745,-3.84193016937
1.085697585,-3.84173845299
1.08799167493,-3.94137703095
1.08425539292,-3.88183901057
1.08401739151,-3.89998811466
1.08428035796,-3.84242391105
1.0878147308,-3.89609308959
1.08436973439,-3.85442373434
1.08680011917,-3.93325515987
1.0859633793,-3.92173964238
1.08805221189,-3.88018915344
1.08487631207,-3.8443223294
1.08803288157,-3.87155005896
1.08299778876,-3.82120968616
1.08455184812,-3.84067580853
1.08600014528,-3.88222995996
1.08565569174,-3.8599293784
1.08332091094,-3.86583737417
1.08613880589,-3.90259042591
1.08444152455,-3.85346807085
1.08520639495,-3.89196044277
1.085955459,-3.87852808188
1.08660351111,-3.92018817789
1.08305194731,-3.8585006531
1.08715410558,-3.87848827841
1.08657194709,-3.91608948371
1.08395996382,-3.7941385728
1.0825501311,-3.83833456411
1.08512485256,-3.85949106113
1.08496743305,-3.79553321944
1.08744844881,-3.80854968367
1.08546696047,-3.83598470981
1.08500259465,-3.83051851359
1.08418470033,-3.77523391593
1.12964472889,4.12709754857
1.08361507696,-4.25490904442
1.08448801778,-2.70333891798
1.08615582034,-2.61003429584
1.08526249728,-2.99310804786
1.08393139498,-3.36656939946
1.0844193493,-3.66747963839
1.08422910748,-3.80720906482
1.0855642983,-15.6051688886
1.08809667326,-5.74311252981
1.08611533736,-5.3043759337
1.08189395996,-4.39551513202
1.08549517544,-4.08334002475
1.08224708612,-3.92368328582
1.08535062974,-3.87265582218
1.08565460998,-3.81190040803
1.08467789701,-3.90271778322
1.08503511881,-3.83828125257
1.08974339032,-4.18481908752
1.08578463287,-3.83211274437
1.08583625759,-3.85278710648
1.08323151114,-3.79629812963
1.08613488879,-3.8466008878
1.08434654,-3.80332332363
1.08566043995,-3.81417827951
1.0830417491,-3.76886444584
1.08461106712,-3.81526261449
1.08556969717,-3.86350657976
1.0855241288,-3.89271614216
1.08144951303,-3.79052085894
1.08493483073,-3.81837389525
1.08472680383,-3.81983050997
1.08577947927,-3.83960672259
1.0848759137,-3.87036566242
1.08522338607,-3.81832890408
1.081731428,-3.77665663916
1.08456652444,-3.8151598814
1.08540118563,-3.82199109714
1.08391783448,-3.85261463412
1.0845740245,-3.80038419237
1.0865524823,-3.88563577868
1.08373729669,-3.86110799829
1.0855267959,-3.8576458739
1.08466408873,-3.81820037425
1.08498861728,-3.83844025473
1.08173701489,-3.81377124006
1.08497775426,-3.82070336384
1.0836262004,-3.83395584966
1.08151491356,-3.86120928299
1.08393451134,-3.80068974418
1.08351997293,-3.81077145628
1.08165304276,-3.83769412236
1.08354160846,-3.83002906806
1.08198567437,-3.77700055777
1.08377269925,-3.80306148629
1.08349415006,-3.79013129388
1.08515957762,-3.82727390598
1.0807199167,-3.76025436328
1.08382382778,-3.83555041452
1.08144339225,-3.76933344991
1.0847467543,-3.83979913989
1.08301270829,-3.84622470399
1.08492239093,-3.82017521446
1.07940908836,-3.79145684826
1.08294560038,-3.80522639845
1.08350951772,-3.78285986827
1.08204909515,-3.84016730747
1.08296016259,-3.81910772294
1.08476388151,-3.8630803764
1.0818051182,-3.83074994129
1.08349010115,-3.86429503484
1.08338756524,-3.82805299142
1.08318502569,-3.82741789115
1.08248314772,-3.8465150612
1.08438470973,-3.76433887125
1.08415943895,-3.85367983342
1.08303986974,-3.80256340829
1.08323085826,-3.82310484034
1.08224020026,-3.79127251924
1.08177555642,-3.81219229038
1.0848021975,-3.7954888762
1.08174182446,-3.78797050627
1.08186897258,-3.80918881651
1.08309478389,-3.8564841855
1.08358211341,-3.80378203655
1.08011566808,-3.82128242438
1.08299749401,-3.8187189937
1.08267298899,-3.856171819
1.08197690738,-3.8245710853
1.08268549314,-3.84398676045
1.08138198913,-3.79524063018
1.07965489163,-3.79966514749
1.08267523794,-3.79572813016
1.08237938187,-3.81160730655
1.08095476612,-3.81630105502
1.08050625589,-3.79732153202
1.08895665784,-3.91308649386
1.07868951555,-3.59806752457
1.08196685964,-3.21066313118
1.07917180034,-3.33138355483
1.07819694435,-3.31755808194
1.07950208398,-3.33638061273
1.08223516506,-3.30542527896
1.07933015511,-3.3248079764
1.08056156989,-3.31481407621
1.08073414614,-3.38950770347
1.08123221574,-3.36029079562
1.07940276544,-3.32364437161
1.08127300318,-3.26501255146
1.07859189186,-3.22871526244
1.08095329063,-3.2767064963
1.08100338963,-3.276477117
1.08194984895,-3.28201920612
1.07832153415,-3.29358786253
1.08030833252,-3.24532787652
1.07958188101,-3.25553037741
1.0817215495,-3.3034568076
1.07979513984,-3.29003168055
1.08007888192,-3.29935423924
1.07968546677,-3.30941844806
1.08076878562,-3.24841768038
1.08029035364,-3.31684676832
1.07994271236,-3.30849408091
1.08000765857,-3.31540045588
1.08173111125,-3.32544131028
1.07768827459,-3.29416197218
1.08194742231,-3.28664497759
1.08058958018,-3.27401031666
1.08130208706,-3.27424278749
1.08084779318,-3.27657794894
1.08574873401,-3.32869021868
1.08337409815,-3.30677299203
1.0856738672,-3.30330566784
1.08605323017,-3.33106516853
1.08724160396,-3.33008568579
1.08577910117,-3.3006346435
1.08731083114,-3.3091633486
1.08435736569,-3.27728069621
1.08588878386,-3.31291472085
1.08739946471,-3.32282677179
1.08551890652,-3.25455672787
1.08353877799,-3.31884350197
1.08682776217,-3.34805690476
1.08393573583,-3.28498611832
1.08539612393,-3.27725170983
1.08594287711,-3.31048393638
1.08372433276,-3.31853239374
1.0835479559,-3.29398019855
1.08605743578,-3.24365375388
1.08566389511,-3.32497852837
1.08460332395,-3.27312501797
1.08312744628,-3.28196691577
1.08567407973,-3.28476807209
1.08594490688,-3.33108436851
1.08845633632,-3.27400370649
1.08625495118,-3.30665208737
1.08373316344,-3.28140824188
1.08436701072,-3.28231922071
1.08542388088,-3.26460955945
1.08307189499,-3.24124586604
1.0823542536,-3.26072494176
1.081154883,-3.28403283823
1.08097921003,-3.24457930896
1.08028252679,-3.30434294991
1.0800391866,-3.21817141091
1.07656674269,-3.20138569448
1.07872779944,-3.25288352342
1.08204171844,-3.28201769936
1.08081050959,-3.22220917652
1.07765872503,-3.26871551842
1.07970927761,-3.25098679114
1.07818608791,-3.24646266147
1.07987227691,-3.19881144292
1.07907863252,-3.28551976336
1.07807030481,-3.26158254035
1.07851184516,-3.26826945314
1.08389053103,-3.29184768527
1.0819765913,-3.27939036075
1.08463873707,-3.25708395325
1.08626374406,-3.23601972641
1.09004853753,-3.28308599019
1.0900651719,-3.30458812089
1.09359340041,-3.25136276551
1.09236918712,-3.23131797008
1.09314243792,-3.29742479105
1.09149926987,-3.25221755936
1.09181638049,-3.25909281072
1.08812127674,-3.24259291469
1.09113687779,-3.2691532596
1.08875663686,-3.29382787406
1.08976145473,-3.23764562655
1.08773483625,-3.26672382439
1.0903017652,-3.25194037206
1.08483766539,-3.28936938769
1.08857562008,-3.27968413168
1.09042362378,-3.29749026601
1.09080586378,-3.24029286154
1.0889886424,-3.23071126959
1.09187972342,-3.22449105016
1.09175870694,-3.31414455339
1.09436855315,-3.28230310738
1.09356990072,-3.27442539659
1.09312088352,-3.2849223777
1.09536889851,-3.27175281849
1.09829011589,-3.24904280638
1.09299838491,-3.21370059266
1.09201660839,-3.27312334211
1.09201197892,-3.27614578301
1.09010063717,-3.23657653118
1.08670668582,-3.24139303796
1.08518817024,-3.22260627047
1.08396371287,-3.28196986073
1.08098551509,-3.184425804
1.08046061513,-3.23788539902
1.08083093327,-3.20039163511
1.07578697312,-3.21767327628
1.08002818585,-3.23015257583
1.07854650126,-3.24251817472
1.07765420807,-3.16487938133
1.08073000624,-3.22941094068
1.08063457758,-3.20115884938
1.07793994569,-3.26100416972
1.08016354436,-3.17722011933
1.08029571789,-3.2076619591
1.07893168804,-3.21190635131
1.07891093508,-3.23898106591
1.08067294359,-3.17838663118
1.07740499998,-3.14778655443
1.08040470127,-3.17799175269
1.07913796047,-3.22033035877
1.07981309023,-3.2319012394
1.07745364272,-3.2197742026
1.08260078012,-3.26244322418
1.08025413288,-3.21177119699
1.08170211105,-3.20928818198
1.0802182385,-3.22247369985
1.08109185267,-3.21065010847
1.07944874706,-3.23315548243
1.08339520437,-3.59729656586
1.08021648495,-1.58812395131
1.08019180427,-2.35291122068
1.07963533002,-2.80566314883
1.08104614623,-3.06412715138
1.07865965972,-3.25029420104
1.0795445225,-3.32895265725
1.07922843642,-3.36774479836
1.08194543899,-8.60946134019
1.08062807897,-4.2367272629
1.08075125825,-2.56039316365
1.07842336041,-2.77824790983
1.08187250998,-2.93543177585
1.0792305518,-3.0428868352
1.07985056583,-3.13321468299
1.07552385807,-3.11659213418
1.07835088951,-3.11766093971
1.07642868544,-2.98556967851
1.07929466678,-3.08531687928
1.07905021542,-3.15832944386
1.07636037102,-3.15692926656
1.074475788,-3.11680449534
1.07953647962,-3.16632834727
1.07666820234,-3.13875579133
1.07815891867,-3.11122406275
1.07623167577,-3.10286020005
1.07869942129,-3.18818129436
1.07708197503,-3.13928807943
1.08038878027,-3.14575364041
1.0762935743,-3.18164381829
1.07632573315,-3.12831468414
1.0787783189,-3.19382356072
1.07750200537,-3.11724849661
1.07528022051,-3.13857801826
1.07722038645,-3.12126365986
1.07646801159,-3.14466498055
1.07645178138,-3.1295064796
1.07857956018,-3.16467874147
1.07899682639,-3.14108465246
1.07503129368,-3.14485368358
1.07722917811,-3.13795853535
1.07905899361,-3.19899355598
1.07850980497,-3.1598038424
1.0756682442,-3.16497249889
1.07781480504,-3.1779691436
1.07539106138,-3.11655429104
1.08025949082,-3.16529946871
1.07786731083,-3.17852973431
1.07555276028,-3.10547250536
1.07699174531,-3.1948726683
1.08101336704,-3.1558461914
1.07749297171,-3.20271537879
1.07789053015,-3.1745397559
1.07712022021,-3.17117934091
1.07809140331,-3.15296494357
1.07867383424,-3.16911126843
1.08013114411,-3.2063590021
1.07746026643,-3.20836299585
1.07754668023,-3.11170640064
1.07877512527,-3.20258933946
1.07899486533,-3.17441737614
1.07743987771,-3.15481529252
1.07981660474,-3.16978152169
1.07731314766,-3.18853655167
1.07911528178,-3.21564675613
1.07928390793,-3.18361842456
1.07865355621,-3.18041564098
1.07567042446,-3.17996500584
1.07948669695,-3.18238921558
1.07895414916,-3.19309962464
1.07831165453,-3.19623437055
1.07598146892,-3.16138929134
1.07897741809,-3.1824328166
1.07601809268,-3.18396353255
1.07866890454,-3.17112887697
1.07516571895,-3.1678360013
1.0766742536,-3.1746819894
1.07644622266,-3.17357686652
1.07963942058,-3.16322222219
1.07551957052,-3.22304112659
1.07643574803,-3.13918389914
1.07766511627,-3.18969628432
1.07717427529,-3.14229384086
1.07782884164,-3.17736113787
1.08120735134,-3.17810570541
1.07743655391,-3.17449071595
1.07877149349,-3.19370458726
1.07836933369,-3.14799025092
1.07896155765,-3.16733146438
1.0790369078,-3.1823554329
1.08139992382,-3.14458128693
1.07898636555,-3.12997236795
1.08088507184,-3.18628060433
1.07998926917,-3.15571571862
1.07987887583,-3.16434548088
1.07949723078,-3.17061267853
1.08316655959,-3.15852373427
1.08103181241,-3.21697657328
1.0809710291,-3.2060610941
1.08164474126,-3.16207634063
1.08033358094,-3.1616498359
1.08086582788,-3.18444142286
1.08383805515,-3.17930834078
1.08092363139,-3.17401351216
1.08015738033,-3.12499769166
1.0814457707,-3.18391128356
1.08371965388,-3.15072142509
1.08023756833,-3.20246069881
1.08260861439,-3.16730982263
1.08042903292,-3.20959188649
1.08258891188,-3.22058882871
1.08259102556,-3.15849360315
1.08370504252,-3.19868924392
1.08208653249,-3.20528791228
1.08196786123,-3.14311744211
1.08435422366,-3.19926519646
1.08405339874,-3.16444008895
1.08238989513,-3.1800911693
1.0843150409,-3.1675967247
1.08407497616,-3.17127823346
1.08613171691,-3.16864233984
1.08546556325,-3.15539905879
1.08429484662,-3.18786590049
1.0820606511,-3.16554174725
1.08787557721,-3.18009982476
1.08483561615,-3.15496064141
1.08761371246,-3.19645813112
1.08569999249,-3.20700969702
1.08401188636,-3.15583113346
1.08369536149,-3.14914360215
1.08885970504,-3.19080487512
1.08567348844,-3.16444549157
1.08456914612,-3.20588161388
1.0859119563,-3.20600290187
1.08717588878,-3.22422539494
1.084604685,-3.20667785515
1.08635279861,-3.23963113361
1.08465713199,-3.18853346264
1.08595659561,-3.18534088414
1.08599259804,-3.15888671559
1.08706951921,-3.18231299344
1.08243141056,-3.20901693664
1.08697096688,-3.23907799393
1.08504842684,-3.22320501639
1.08519443218,-3.17092478467
1.0845185053,-3.1750906199
1.08697655362,-3.18342501953
1.08380185845,-3.1966280565
1.08668999484,-3.20603211251
1.08642522525,-3.22410295422
1.08328827982,-3.14727936757
1.08443037784,-3.2246660738
1.08673984986,-3.1325699627
1.08601025129,-3.16872875573
1.08712383403,-3.18772554171
1.08490370603,-3.19651858325
1.0856848111,-3.19924422943
1.08453178734,-3.20859315248
1.08721144516,-3.18655422723
1.08144054944,-3.17118682878
1.083786954,-3.1543196479
1.08464124356,-3.14193979026
1.1302204881,4.24448502661
1.08148474319,-3.50663816196
1.08299378416,-2.06955322196
1.08288952896,-2.07336867032
1.08160937188,-2.44766139451
1.08170567413,-2.80222185016
1.08328655777,-3.03118946796
1.07983582738,-3.15381013239
1.08266163231,-14.5875712785
1.08196195014,-5.09526447232
1.08237031712,-4.54945333169
1.08098282954,-3.81965926981
1.08280392066,-3.59735837766
1.08095992593,-3.35117225055
1.08168522057,-3.21983767804
1.08227286672,-3.19442862978
1.08064981895,-3.17390222176
1.07827824768,-3.10595385728
1.08366282742,-3.26045885943
1.08082132602,-3.14781258875
1.08191108237,-3.12799403841
1.08072097744,-3.12592928475
1.07935435629,-3.08706207417
1.08058893604,-3.13988346994
1.08256099579,-3.1357967618
1.07923070883,-3.12452042598
1.082089391,-3.17251525459
1.08110304139,-3.12781619411
1.08281364971,-3.13178377207
1.07900445236,-3.1060826336
1.08271431224,-3.1180156276
1.07831553214,-3.14710039825
1.07959121514,-3.12007439162
1.08222257761,-3.11950210068
1.08168778611,-3.14491871944
1.0787279503,-3.1209219565
1.08093366543,-3.15226932809
1.07981718477,-3.13836689472
1.07831547614,-3.12673713844
1.07958655712,-3.11098718492
1.08176695416,-3.13829444146
1.07772739895,-3.17014248251
1.08153530017,-3.16706299254
1.07940489217,-3.14707079722
1.0783641248,-3.14039081859
1.07877041308,-3.15481748731
1.08197644071,-3.14342732003
1.07919315322,-3.14415725048
1.08006750274,-3.15420613423
1.07939667167,-3.12845663427
1.07819456816,-3.11369135258
1.07909846007,-3.11130505888
1.08223228457,-3.16305396012
1.07877614558,-3.13038712567
1.07978556613,-3.10991160234
1.08157308984,-3.17009867934
1.08205017378,-3.14078138209
1.07999361691,-3.16583702898
1.08262331185,-3.13590391576
1.07717698872,-3.12386158244
1.07986189854,-3.16385270744
1.08148283821,-3.16588664601
1.08058926614,-3.14882000878
1.07993838208,-3.15142925019
1.08321699029,-3.21442185633
1.07997684845,-3.16084879946
1.07881426359,-3.13480027365
1.07928703505,-3.17642403694
1.08092518687,-3.22239767681
1.0794945429,-3.16735920917
1.08304016665,-3.20125010218
1.08193981046,-3.15574486018
1.07820115402,-3.13350491708
1.07863551107,-3.11804060771
1.08051419302,-3.10673186218
1.07958982026,-3.12728800311
1.08163336801,-3.16888553806
1.07854898154,-3.1629545071
1.08149442468,-3.19611890708
1.08115127777,-3.16843586528
1.08151507484,-3.17547601321
1.07723461115,-3.14270443555
1.08050575186,-3.17267352959
1.08282701285,-3.18821265811
1.08132926954,-3.17655459411
1.08044592399,-3.1267815988
1.08012696303,-3.17796585242
1.08022648623,-3.2424518749
1.08297461164,-3.1907283652
1.08250398941,-3.1785601037
1.08027819076,-3.18198348304
1.08046911132,-3.18039252183
1.08411829983,-3.20690681753
1.08043352712,-3.167090251
1.08081164363,-3.21027605182
1.0804674479,-3.17973631029
1.08247224491,-3.9380751789
1.07309111275,-3.53419437808
1.07672874665,-3.49949818379
1.0752595917,-3.48798737551
1.07326884053,-3.53271592336
1.07368399931,-3.47481777583
1.07428323009,-3.41535280553
1.07342984396,-3.54588253622
1.07310925902,-3.47908139902
1.07349152693,-3.31867300325
1.07592909576,-3.31358829555
1.07706379987,-3.26988256996
1.07659238725,-3.24689056557
1.07203199712,-3.26836337576
1.07655551195,-3.26709783446
1.07735875026,-3.3088569059
1.07532373384,-3.23909299185
1.07347632503,-3.29372624035
1.07700241839,-3.26727878979
1.07517792373,-3.29495653668
1.077430606,-3.31256644026
1.07648057103,-3.21823389498
1.07554854563,-3.26082924665
1.07506312747,-3.25137973754
1.0795822018,-3.29772640898
1.07638169585,-3.23607735836
1.07846174438,-3.2716399832
1.07806151117,-3.29067113646
1.07766675576,-3.28500790604
1.07655530284,-3.24675600534
1.07934055825,-3.2733809287
1.07610672739,-3.24992811768
1.07562319882,-3.27643677675
1.07697932679,-3.26723885877
1.07752338284,-3.28609835723
1.07609478215,-3.26692324618
1.0770899549,-3.25467472551
1.07642537864,-3.25950076783
1.07658458233,-3.26404075573
1.07741059095,-3.26360656605
1.07858544804,-3.2399194143
1.0736187585,-3.19561100833
1.07745702029,-3.22447881054
1.0775479848,-3.23539345308
1.07628558129,-3.2360289938
1.07665598257,-3.21976067727
1.07786864343,-3.24360217906
1.07661862869,-3.26662667604
1.08006735285,-3.2513489957
1.07738269839,-3.23741804847
1.07725488849,-3.24462594892
1.07737812118,-3.2500977543
1.07931335263,-3.25663379041
1.0782504097,-3.24963671789
1.07960086159,-3.27076491226
1.0789493664,-3.22568545157
1.08019318281,-3.23770619037
1.08018461828,-3.25368686962
1.08290033298,-3.26178575109
1.07901874401,-3.22368373791
1.07795832158,-3.2328372694
1.08065113911,-3.25790249587
1.08145033564,-3.24117629299
1.07972845792,-3.22628721596
1.07982637062,-3.24915711552
1.07968658873,-3.23651879391
1.08004667207,-3.23978674336
1.08100672199,-3.24090077329
1.08135887227,-3.22741791415
1.07737309117,-3.25625390838
1.07959997279,-3.24076572544
1.08049836685,-3.21466122845
1.08387951782,-3.24019090671
1.08424720475,-3.23254867656
1.08749204617,-3.2559648357
1.08840977206,-3.28743257685
1.09904466634,-3.31983713874
1.09936398556,-3.30013079651
1.10174384333,-3.29006890932
1.10352095883,-3.35428251823
1.10557591469,-3.30382881047
1.10123096867,-3.31159363681
1.10257941914,-3.32365687404
1.1010973531,-3.27694923782
1.09974136421,-3.29364504572
1.09812770601,-3.31192579643
1.09908077527,-3.32008198463
1.09344118212,-3.27336171317
1.09428935885,-3.28759018217
1.09583915332,-3.23113862155
1.09734605529,-3.28827095132
1.09724772235,-3.28184724447
1.09913876379,-3.30028613182
1.09576215253,-3.24161389239
1.09871903779,-3.28705798932
1.1002548206,-3.24984616357
1.10413555516,-3.2721118899
1.10032829859,-3.29256094215
1.10686787353,-3.31733917987
1.10524156824,-3.30221425208
1.10437688786,-3.3217266634
1.10327834309,-3.28104977996
1.10395327725,-3.30448377455
1.09989926745,-3.27104479649
1.1021171864,-3.31135762606
1.09368298965,-3.23655431747
1.09136407466,-3.24452627611
1.08984227081,-3.26069611429
1.08800756101,-3.22677301065
1.0824677607,-3.23296518005
1.08593495217,-3.26162148347
1.08431725532,-3.19247503238
1.08492160819,-3.23197773185
1.08635679474,-3.23174614517
1.08923314632,-3.24971470263
1.0845660214,-3.17710278198
1.08733161499,-3.2342505035
1.08729571046,-3.20040285806
1.08737015045,-3.2209897296
1.08692618841,-3.202847186
1.08937437888,-3.23756418617
1.08667207026,-3.22399121473
1.08788596453,-3.20769332266
1.08988926105,-3.24502487509
1.08708549233,-3.22034292385
1.08654787447,-3.22899931189
1.08893949872,-3.20330765485
1.08750080094,-3.22890770067
1.08668650375,-3.20706073201
1.0876226533,-3.25373294454
1.08520884352,-3.1585512393
1.08500408466,-3.25593273936
1.08661954327,-3.20880911086
1.08603295103,-3.22809938151
1.08671513111,-3.22995622002
1.08493790805,-3.21021868054
1.0872577269,-3.22131486753
1.08278136531,-3.222580985
1.08647600445,-3.20054107524
1.08481465718,-3.22450272607
1.0849367488,-3.18458345056
1.08716619248,-3.2210617589
1.08704664297,-4.34875275301
1.08369379746,-1.57139939387
1.08351614594,-2.36649142288
1.08705250063,-2.87161526978
1.08533802315,-3.11908935859
1.08560266319,-3.32585416526
1.0881343065,-3.38533710542
1.08372624708,-3.40693282324
1.08932892841,-8.26666754604
1.08660566429,-4.18092359992
1.08476107832,-2.50544008126
1.08291007591,-2.67043928173
1.08639653892,-2.86895876006
1.0868322877,-3.07628457052
1.0871413668,-3.09723911185
1.08494360847,-3.0952293117
1.08339166279,-3.1195116384
1.08041117814,-2.88634999765
1.08683847832,-3.13873174153
1.08422872062,-3.11759511998
1.08279474928,-3.13073772832
1.08423221725,-3.18356991156
1.0850141192,-3.12673043842
1.08233818764,-3.15971748114
1.08334944707,-3.15616735991
1.08240483918,-3.14360222914
1.08410416955,-3.15182414075
1.08472288823,-3.17152947801
1.08582253373,-3.13785583135
1.0816923381,-3.13323962141
1.08330383065,-3.15882221314
1.08350424639,-3.15152323411
1.08312405214,-3.10894085179
1.08428328298,-3.15185579091
1.08501298281,-3.13288271459
1.0823946984,-3.13536202205
1.08511376381,-3.14057856777
1.08486252274,-3.15361812346
1.08232210052,-3.12453619491
1.08282985517,-3.15059868208
1.08676680496,-3.21529911534
1.0865946116,-3.20158611781
1.08701917637,-3.17484689215
1.08343379846,-3.15849630191
1.08342545425,-3.17766178781
1.08421133039,-3.19866608706
1.08658410675,-3.16617415191
1.08333121005,-3.16410667358
1.08438183301,-3.1691528451
1.08710295161,-3.18800818385
1.08714600717,-3.18028734288
1.08285912465,-3.13916732928
1.0845898531,-3.16010862419
1.08327056351,-3.16013641742
1.08589918627,-3.18923147339
1.08661485152,-3.18421876864
1.08633412086,-3.13835386974
1.08374698093,-3.1680555653
1.08549527003,-3.20485704213
1.08349239634,-3.12168861599
1.08328936738,-3.17098960316
1.08521929055,-3.19061881916
1.08545499532,-3.17590414027
1.08274160519,-3.17157823505
1.08606845113,-3.14503959281
1.08507812704,-3.17333452495
1.08203743547,-3.15453322398
1.08140381738,-3.13561209305
1.08658445213,-3.20369350574
1.08438216381,-3.1967115322
1.08565439221,-3.13482206626
1.08299154733,-3.18422023998
1.08309336799,-3.12608527474
1.0833534164,-3.17116731507
1.08678967952,-3.22271859211
1.08520699088,-3.1828423364
1.08616726507,-3.16418673584
1.0871844277,-3.19415145323
1.08595958012,-3.16565644281
1.08382026442,-3.17270375159
1.08681077024,-3.18890354157
1.08319756844,-3.21421634924
1.08453432328,-3.11635118285
1.08637225301,-3.16197233365
1.08487685874,-3.13782926376
1.08411993041,-3.15992004677
1.084791716,-3.16529415157
1.08241165502,-3.14230765609
1.08430422121,-3.16099828093
1.08382429723,-3.14396681616
1.08600202869,-3.20869183453
1.08286932193,-3.15334853926
1.08733976749,-3.18992544212
1.08476607636,-3.17002916397
1.08317620236,-3.18506544826
1.08380644438,-3.19027843373
1.08653187011,-3.18002017255
1.08484833156,-3.181777542
1.08517764253,-3.14160818206
1.08645255962,-3.19455307719
1.08485672524,-3.15729182904
1.08619893675,-3.20645875147
1.0889297689,-3.21620825705
1.08446578841,-3.17956155489
1.086903067,-3.15973310291
1.08774449674,-3.21163939114
1.08888928489,-3.21623216791
1.0843960547,-3.15971730243
1.08560284792,-3.16737465948
1.08362939512,-3.16851741575
1.08675806801,-3.18072505058
1.08781579754,-3.1544402272
1.08558651122,-3.18478821348
1.08447018142,-3.20178702812
1.0858633292,-3.18712062328
1.08385997017,-3.15629996118
1.08469601268,-3.13103200856
1.08577328932,-3.13401034718
1.08595875565,-3.16058514884
1.08478851209,-3.18611698878
1.08803849944,-3.18204376427
1.08623033198,-3.13762544769
1.08465601224,-3.16637978233
1.08401382809,-3.15521613308
1.08628730231,-3.22133081461
1.08541068623,-3.17055120689
1.08704850942,-3.18040357159
1.08485020803,-3.15932099492
1.08478056642,-3.13536230936
1.08527510453,-3.1951513045
1.08791932245,-3.17484148791
1.08328086686,-3.15264402873
1.08498749451,-3.15958851386
1.08651610994,-3.2120548305
1.08658512399,-3.18352501129
1.08561680403,-3.16844846923
1.08612164883,-3.15219381086
1.08434490229,-3.19042842201
1.08699219347,-3.17466050793
1.08567330207,-3.1581875996
1.08662436456,-3.16496509379
1.08459461946,-3.15500320014
1.08612767752,-3.10934646531
1.08456642926,-3.20402483988
1.08780024781,-3.17095155573
1.08663437529,-3.13566811086
1.08601690283,-3.14455275566
1.08424070289,-3.15622352631
1.08683465733,-3.17080980528
1.08641408835,-3.15564003971
1.08458579747,-3.16273830135
1.08596551536,-3.17936942785
1.08751108203,-3.17034256743
1.08551195719,-3.22704856797
1.08618761428,-3.17494438364
1.08527023248,-3.2041968819
1.08434116057,-3.15354830646
1.08588330852,-3.16391435253
1.08769846533,-3.17110277097
1.08381466978,-3.14528305079
1.08486041689,-3.17923552569
1.0867312478,-3.19257770484
1.12941640025,4.37583965526
1.08329288644,-3.50279616727
1.08722119139,-2.0445766404
1.08397471893,-2.12762609574
1.08453078057,-2.47302113838
1.0852036812,-2.79606619854
1.08483247136,-3.05972495088
1.08408653039,-3.22404370787
1.0857197105,-14.6745568514
1.08203738502,-4.89728341563
1.08588809498,-4.4620814119
1.08589082633,-3.79545462719
1.08380442973,-3.45989821295
1.08271159068,-3.29302988317
1.08699356426,-3.20307306931
1.08337822784,-3.12347241849
1.08318737633,-3.14708242672
1.08326079197,-2.89056604049
1.08546506089,-3.24228253258
1.08251314636,-3.13040323345
1.08521155121,-3.1382117246
1.08344275692,-3.12591723021
1.08263627324,-3.12562607792
1.08441259261,-3.12598534904
1.08623569053,-3.12012202024
1.08199834885,-3.11699973801
1.08560851764,-3.10696918671
1.08407155484,-3.15237039667
1.08312527795,-3.07119171395
1.08338787154,-3.13514810248
1.08551235257,-3.13373394804
1.08406173791,-3.17225788949
1.08485161847,-3.11104929446
1.08620790414,-3.19094272996
1.08291161347,-3.16606891366
1.0824913123,-3.13735259977
1.08527361442,-3.13015097649
1.08315222197,-3.09718426283
1.08663104808,-3.13830119342
1.08465490379,-3.13228138987
1.08413360288,-3.1405632787
1.08222597088,-3.15235033904
1.08776605881,-3.14064832867
1.08460690903,-3.1387082314
1.08540490563,-3.1486124771
1.08540321078,-3.14324119987
1.08491647512,-3.13652259298
1.08373751221,-3.17285277417
1.08690501208,-3.19502757642
1.08389895584,-3.17747468802
1.08203898848,-3.10950937019
1.08567324885,-3.14663897013
1.08779048765,-3.1707922728
1.08241158639,-3.14482732578
1.08577185245,-3.20606078719
1.08587368897,-3.14685567211
1.0849599217,-3.12962403404
1.08277228312,-3.1735335948
1.08330489452,-3.16701491869
1.08195507083,-3.16555165672
1.08670912409,-3.16717591809
1.08629455428,-3.18758838204
1.08397008424,-3.1664898608
1.08279253237,-3.16969118806
1.08461259417,-3.13273198768
1.08404634571,-3.17589469781
1.08648801214,-3.17517475921
1.08479241251,-3.17352843891
1.08383854257,-3.15323783362
1.08415939651,-3.16419542901
1.08538781766,-3.18840040542
1.08386184821,-3.16385394076
1.08429114579,-3.19675771583
1.08494506596,-3.19623104558
1.08458721797,-3.14360618062
1.08484274037,-3.1794047639
1.0847339014,-3.16819909896
1.08056954014,-3.12238018723
1.08345155076,-3.17879217198
1.08540277647,-3.19261392373
1.08502936976,-3.16663797601
1.08225240328,-3.16836431786
1.08508092692,-3.18043786117
1.08259847096,-3.14743835078
1.08477579614,-3.21956671161
1.08353273895,-3.16706343018
1.08418822306,-3.19400309983
1.0841156532,-3.19158688725
1.08583887502,-3.1588473751
1.08431971304,-3.17895747336
1.08193404732,-3.17273351383
1.0827595832,-3.19405408674
1.08466198744,-3.20644386322
1.08189529974,-3.19521636598
1.08428421273,-3.16992824047
1.08536194934,-3.17604547159
1.08979994362,-4.28749028007
1.08242034362,-3.99413883296
1.08287780442,-3.51625452522
1.0797215275,-3.50241764093
1.08124583321,-3.58455149054
1.08122587826,-3.5097944043
1.08346675004,-3.48768699532
1.08291462409,-3.57186542628
1.08259300934,-3.50782281039
1.08309596869,-3.55172049897
1.08738772723,-3.54097034592
1.08891089205,-3.53029079131
1.08872974851,-3.4623487423
1.08893100397,-3.51074924199
1.0920566123,-3.52496865119
1.09141248011,-3.5434105045
1.08996461535,-3.53666050593
1.09063439028,-3.49756183779
1.08877182788,-3.52453959422
1.08721500854,-3.46736155808
1.0913316127,-3.52446433109
1.08822692573,-3.46980738203
1.08574178812,-3.46605208019
1.08439179257,-3.48926021788
1.08751630351,-3.51377853144
1.08362347888,-3.45501704193
1.0870319399,-3.4533062253
1.08584788165,-3.46770355558
1.08639485002,-3.48646886509
1.08663379566,-3.50396598318
1.08699866346,-3.49438111087
1.08492248585,-3.46948987513
1.08649144087,-3.4886179467
1.09023587237,-3.5529840319
1.08916729808,-3.53479782391
1.09019241502,-3.56779750176
1.09122926886,-3.51156586123
1.08811527679,-3.51368842509
1.08996536617,-3.49792618539
1.09047397569,-3.55184495199
1.08854552023,-3.5091718447
1.08541072693,-3.49555329487
1.08746453841,-3.48984483407
1.08379716662,-3.46468730651
1.08404972453,-3.48245542053
1.08346452516,-3.49039504542
1.08036295906,-3.48336426099
1.08113030698,-3.541328334
1.08638187091,-3.55383764076
1.08412649827,-3.49886246234
1.08243085403,-3.57178097393
1.08231454303,-3.47685636725
1.08269700125,-3.51270665987
1.08065565717,-3.5131137372
1.08466534172,-3.50346694462
1.08208543942,-3.48547021877
1.08283368728,-3.50243919925
1.08283965018,-3.50842322308
1.08356337469,-3.51285901935
1.08175231597,-3.51077760916
1.08169297736,-3.48986261888
1.08054866659,-3.49625132057
1.08140137448,-3.49618387299
1.0834159224,-3.51349593087
1.08421620334,-3.47809545952
1.08013246781,-3.52653979991
1.08207906173,-3.50335128166
1.08354432104,-3.4891631632
1.0806860698,-3.47150077209
1.0811941954,-3.53690071796
1.08405741251,-3.53063049051
1.08146581036,-3.50129754638
1.083480089,-3.5231657956
1.08134428352,-3.4587276595
1.08022356399,-3.47471528324
1.08008554881,-3.49306951943
1.08450244993,-3.55335925205
1.08311725882,-3.49066987351
1.08155968537,-3.49519797934
1.08339076488,-3.47445970503
1.08429434464,-3.53155191349
1.08092346718,-3.47343634007
1.08350918327,-3.50731271564
1.08375912441,-3.49478935488
1.08356386895,-3.52189181563
1.08275286822,-3.45253421914
1.08559035018,-3.50695592499
1.08263160005,-3.52179602747
1.08213093691,-3.48911285351
1.08292309492,-3.5100093902
1.08238041047,-3.47361947557
1.08424200049,-3.45161940625
1.08444605763,-3.50963559628
1.08173634435,-3.51288454082
1.08515304352,-3.49890153576
1.08566202328,-3.47780001172
1.08172039657,-3.47614240186
1.08174898874,-3.52765682417
1.08485188594,-3.48351662451
1.08178358094,-3.47393759304
1.08343718662,-3.48363588895
1.08183361147,-3.46742577562
1.08133505473,-3.4872282321
1.08072739426,-3.46356594746
1.08449718443,-3.51488395279
1.08051827319,-3.4841615574
1.08172914391,-3.46784116599
1.08304144988,-3.4360904246
1.08221587174,-3.47056402744
1.07836716353,-3.44274666741
1.08169210128,-3.46315142435
1.0795390066,-3.43312885764
1.08023491072,-3.52511839
1.08212123334,-3.46047429617
1.08338456735,-3.49337683248
1.07980634169,-3.456572863
1.0816077319,-3.49563671499
1.08000399271,-3.45005836087
1.0804129097,-3.45974953149
1.08103873581,-3.48108537731
1.08300646919,-3.50923903727
1.07896298019,-3.51503717604
1.08197115808,-3.46992374538
1.08001355969,-3.46152351456
1.08006747859,-3.47373591509
1.07917794952,-3.47360786515
1.07886954947,-3.42752665945
1.07935269129,-3.46375808865
1.07959137837,-3.4531251532
1.08035914509,-3.48259936152
1.07786619023,-3.46124251029
1.07879482793,-3.45596306426
1.07981954586,-3.41676468134
1.07673755413,-3.47687584054
1.07898654664,-3.47829189927
1.0796753616,-3.46239776802
1.08152022441,-3.50686636478
1.07871398639,-3.45881222402
1.08028857451,-3.44541529306
1.07728962265,-3.47047097098
1.07819152008,-3.4727940943
1.07983146545,-3.4644984619
1.0791051598,-5.44648886831
1.07731722493,-1.87569695331
1.07843067212,-2.6817457444
1.07788075874,-3.1593382623
1.0782396141,-3.41499319616
1.07805404914,-3.56065851044
1.07827362541,-3.60928181097
1.07531132056,-3.6525708705
1.08175007784,-7.28980414228
1.07800440749,-4.50624771874
1.07782205149,-2.87755687328
1.07737536149,-3.03630224811
1.07684762065,-3.18854096748
1.07653697504,-3.30741817505
1.08120836863,-3.3817907922
1.0769888137,-3.36958585493
1.07757600164,-3.44949253432
1.07452956796,-3.1559023353
1.08032061039,-3.47603371183
1.07713351433,-3.41654049866
1.07794447073,-3.40089387747
1.07941415316,-3.40821223174
1.07949865559,-3.41687810097
1.07908299524,-3.42964205045
1.07949401595,-3.41739646487
1.07628878178,-3.46342393084
1.07744394852,-3.42197834912
1.08034859033,-3.45903855802
1.0788062248,-3.44754235643
1.07672269504,-3.40912466883
1.07911906353,-3.46113010855
1.07769878638,-3.53142609524
1.07771724106,-3.50877304682
1.07731148285,-3.46135903798
1.07610799909,-3.40199675157
1.07446427275,-3.41314805531
1.07912320606,-3.43083216186
1.07878102504,-3.46794239739
1.0758988139,-3.44560400902
1.07607675275,-3.46022249751
1.07647101994,-3.52165148104
1.07716882004,-3.43681852064
1.07686322826,-3.39516907823
1.07468674015,-3.45964496932
1.07571857714,-3.46599882692
1.07665998632,-3.42474896241
1.0783287323,-3.44432357242
1.07464335865,-3.48039917598
1.0764470597,-3.48234951837
1.0764007383,-3.44060753864
1.07637812576,-3.4829956861
1.07609655587,-3.41873744075
1.07762563722,-3.44744779027
1.07332748376,-3.39096313016
1.07644736569,-3.37631710716
1.07766139517,-3.39725753998
1.07522316317,-3.38545304813
1.07521975605,-3.4347136221
1.07941070904,-3.38370040625
1.07887659181,-3.41993749646
1.0801480048,-3.46615585224
1.08403516675,-3.43651434916
1.08157464752,-3.35382609729
1.08121103619,-3.39320135818
1.08517944931,-3.42010703378
1.08323933052,-3.42454204112
1.08336720162,-3.46517188052
1.08165202855,-3.37718539955
1.08124897194,-3.44582609805
1.07897540412,-3.43194212512
1.08164058607,-3.4275297239
1.08016112225,-3.43740376266
1.07843561999,-3.37615900595
1.08064845255,-3.44067548627
1.08249089183,-3.44870069048
1.07741370585,-3.40612399192
1.08085865268,-3.42824105943
1.07863881341,-3.38684388104
1.07960160227,-3.41572963764
1.08113875719,-3.41200346195
1.08268795852,-3.43347122415
1.08046745716,-3.43625421709
1.08291935977,-3.40132250326
1.08320554256,-3.46958947448
1.08219466946,-3.43205012712
1.07932644445,-3.39080709976
1.08395392766,-3.43176387144
1.08088908662,-3.44379472774
1.08147200327,-3.40349949173
1.08017122341,-3.39435224001
1.07826358857,-3.43475660227
1.07411120438,-3.40263788086
1.07819766876,-3.42899072572
1.07617462749,-3.46457622853
1.07566664259,-3.43855021379
1.07613889951,-3.44451185795
1.07512416595,-3.42878100684
1.07487526881,-3.4106675368
1.0768691938,-3.36998499466
1.07439851152,-3.44147951749
1.07437231864,-3.44835472416
1.07697573464,-3.37002971619
1.07937748066,-3.45198020825
1.07418449935,-3.39005400689
1.07565541261,-3.39192274318
1.07352643749,-3.40712717669
1.0759621082,-3.43045315354
1.07523237428,-3.44328053338
1.07480136483,-3.41884458168
1.07333063024,-3.41677246376
1.07618721559,-3.43630492311
1.07601595191,-3.44188470534
1.07448597097,-3.39740965629
1.07248366017,-3.37976062896
1.07531857259,-3.42742090478
1.07355368868,-3.40884572476
1.07438287075,-3.39770862457
1.07743623146,-3.41307759244
1.07452017536,-3.41371711289
1.0745569748,-3.45727827364
1.07602476326,-3.40135596005
1.07446928202,-3.35250512266
1.07420111212,-3.40574416087
1.07530309518,-3.40153764586
1.07596628495,-3.42832653968
1.0763541672,-3.45152273598
1.0770013277,-3.43968259608
1.07376066634,-3.3925469552
1.0734425269,-3.40681151359
1.07561676489,-3.40501996798
1.07854507219,-3.44691673176
1.07542183989,-3.40477724912
1.0752363692,-3.39704028695
1.07449189881,-3.40848137353
1.07369628133,-3.44024319852
1.07372495094,-3.41090736001
1.07488956969,-3.4015766619
1.07327352626,-3.43374379101
1.07625085377,-3.40587522547
1.07479883446,-3.4574830198
1.07255069076,-3.39220960065
1.07347867761,-3.43234589114
1.07622524283,-3.40195510812
1.07322670479,-3.37751019898
1.07492740304,-3.41099803276
1.07614928108,-3.39347448422
1.07444094709,-3.44653805336
1.07300155516,-3.37443947149
1.07659286888,-3.41292612327
1.07344050286,-3.38347488039
1.07443557333,-3.40787929043
1.07527311322,-3.42335405163
1.0767579093,-3.4134414449
1.074907222,-3.3928632874
1.07685372142,-3.40068105873
1.07515761011,-3.45553640126
1.07512777636,-3.45466902937
1.07473515072,-3.39222630662
1.07740931742,-3.42384492358
1.0741665315,-3.45427337043
1.07733565541,-3.44038605182
1.07635695505,-3.47609101676
1.11094488079,3.69017313573
1.07459759529,-3.51408310107
1.07501913325,-2.3278465107
1.07405039993,-2.3768727044
1.07880088877,-2.76035217312
1.07608119433,-3.05622068079
1.07554638749,-3.32041401699
1.07395374597,-3.47548581811
1.07473689817,-13.7913982389
1.0729389612,-5.67690934534
1.07775270437,-4.69675659357
1.07569429842,-4.03574464318
1.07435326462,-3.73976264557
1.07382345388,-3.5321380898
1.07681972312,-3.3920193581
1.074518954,-3.3837741451
1.073883339,-3.34227982142
1.07385655986,-3.32510321124
1.07485540615,-3.46755096118
1.07340795672,-3.37231705321
1.07688548941,-3.33999478489
1.0730309907,-3.36241534596
1.07625591146,-3.3952913785
1.07501126287,-3.39362047005
1.07554559645,-3.35933175597
1.07223379881,-3.3293048489
1.07775582697,-3.36547871093
1.0759867685,-3.37218773151
1.0764537904,-3.34165925132
1.07375036601,-3.31822614569
1.07379854486,-3.38635496808
1.072856163,-3.37252349792
1.07750366689,-3.42802473738
1.07666832782,-3.34525550827
1.07446929122,-3.38025356221
1.07611031915,-3.3836116266
1.07448189189,-3.41522125
1.07172698681,-3.38097921981
1.0761080931,-3.42080323743
1.07498468744,-3.38169381989
1.07390951287,-3.40870079302
1.07589279355,-3.4167084214
1.07527209636,-3.40548192378
1.07368270556,-3.40935911635
1.07379676102,-3.36291295787
1.0729178456,-3.39858371389
1.07358913423,-3.38033327682
1.07562555493,-3.40955600138
1.07611800862,-3.33207384495
1.07288585221,-3.3901491781
1.07289058764,-3.38376651747
1.07472772977,-3.39887816352
1.07521975839,-3.41978014752
1.07400250897,-3.37673974527
1.07568216166,-3.40591058878
1.07527704522,-3.40761754342
1.07691821111,-3.42006990343
1.07573536658,-3.42347702349
1.07340384136,-3.41788585205
1.07370155531,-3.37960665314
1.07673667017,-3.39625024686
1.07365993783,-3.41655329119
1.0761773763,-3.43822464084
1.07565950314,-3.416810102
1.07614411817,-3.44024749756
1.07384819797,-3.43532046005
1.07483295331,-3.40550389975
1.07352659905,-3.41488595398
1.07332561818,-3.43944105973
1.07551742428,-3.41589803305
1.07657803145,-3.45160588735
1.07296827778,-3.37964320825
1.07449918347,-3.41738550031
1.0726661268,-3.37678089161
1.07352035957,-3.40414853078
1.07544070802,-3.42135856269
1.07594781424,-3.41322881089
1.07364333767,-3.46150776513
1.07487441755,-3.44051711669
1.07611306123,-3.42177391817
1.07302750967,-3.36563658622
1.07224367363,-3.42326866959
1.07571686271,-3.42326143785
1.07412672941,-3.43933808593
1.07805411664,-3.44017804165
1.07476981891,-3.37148723068
1.07277406171,-3.40627531594
1.07201679964,-3.47550941041
1.07632194716,-3.43459071064
1.07367589863,-3.40894451965
1.0738605653,-3.41303942805
1.07665102902,-3.39297681484
1.07466993974,-3.42434315193
1.07531392929,-3.41533298871
1.07622034959,-3.45797785308
1.07409664829,-3.44019644819
1.07434619283,-4.35004185932
1.07121108066,-4.19103717418
1.07215401353,-3.84507823072
1.06949772487,-3.90767403324
1.06950336335,-3.89367032657
1.0682634479,-3.92350291308
1.06721232047,-3.81799509882
1.06920795674,-3.86546923468
1.07146705305,-3.81955469106
1.07046267188,-3.90216044328
1.07424100843,-3.88617896659
1.07312549503,-3.87962793635
1.07093099199,-3.80626008513
1.07029466455,-3.78069905832
1.07134357465,-3.82200208152
1.07125363979,-3.83859035267
1.07193801278,-3.87539599159
1.07324060885,-3.86263629119
1.07160298974,-3.86337261302
1.06955999109,-3.88257967644
1.0725631179,-3.85148656258
1.06983641263,-3.78124268616
1.0711001793,-3.81763837517
1.0708331605,-3.79990793717
1.07276074656,-3.86857378101
1.07168372895,-3.83971641048
1.0742130253,-3.84208136492
1.06974507062,-3.83029739737
1.07165539475,-3.83115293755
1.07298219551,-3.83944779239
1.07262073138,-3.81911516615
1.07148028261,-3.87395865968
1.07283006513,-3.82919842359
1.07016719905,-3.86345953552
1.07079010407,-3.85461827116
1.07205919458,-3.84496027789
1.07252038699,-3.84562968892
1.06917706362,-3.84418373714
1.07196014865,-3.81961755316
1.07316715119,-3.85326222899
1.07070699669,-3.82804162038
1.0687712469,-3.80648453353
1.07015710782,-3.83926719631
1.06932497353,-3.82723060524
1.07281177658,-3.85185972209
1.07164537113,-3.83769131512
1.06957576259,-3.83989452391
1.06851726684,-3.80961489992
1.07452166973,-3.8926230752
1.07075207741,-3.86795164227
1.07025785065,-3.80056677006
1.07051166257,-3.84590483245
1.07120780001,-3.83800967578
1.07235531599,-3.86216720267
1.07328835712,-3.85485362918
1.06984018064,-3.82628984303
1.07103734945,-3.847100366
1.07337833621,-3.90192045056
1.07176488339,-3.83347434964
1.07235082014,-3.84674578738
1.07293905271,-3.83897298848
1.06972709468,-3.83015949598
1.07080374867,-3.89287196555
1.07261056712,-3.88564672228
1.07083892462,-3.84265530123
1.06947152218,-3.83743308359
1.07253157493,-3.8651284374
1.07262633711,-3.8104767951
1.07046004208,-3.8327848143
1.06928259212,-3.83532265191
1.07049407063,-3.87489598034
1.06854773676,-3.84703034472
1.07217154393,-3.86826835333
1.07077850848,-3.81914077006
1.06921181826,-3.82342727293
1.07053630125,-3.84714590773
1.07239882501,-3.87791859068
1.06899855693,-3.8476991564
1.06952514581,-3.76511904743
1.07207227296,-3.86401819374
1.07141393931,-3.83758688338
1.07041352848,-3.82732640318
1.07260586492,-3.86415342854
1.06918582204,-3.8360563501
1.07050238808,-3.8674775332
1.07244495946,-3.86187622561
1.07148635896,-3.81717650548
1.07124391484,-3.8564239467
1.07191801121,-3.82218248443
1.07090647742,-3.81455912468
1.07136001793,-3.79742846971
1.07258037777,-3.80378653168
1.07094584957,-3.83491017835
1.06939484288,-3.84398664106
1.0733671056,-3.8461243453
1.07142063132,-3.80550276111
1.07146188542,-3.81972995985
1.07303069948,-3.86234856577
1.07283929824,-3.82270538927
1.06944907153,-3.78988686962
1.07216817016,-3.8187924551
1.07213848287,-3.82350003369
1.07101900317,-3.80364705071
1.07125452192,-3.77467032281
1.07461102763,-3.81124429368
1.07025678455,-3.86615467233
1.07210508529,-3.81389797159
1.07059294519,-3.78561842426
1.07085420209,-3.79441557157
1.07188683964,-3.81967635588
1.07398636136,-3.8456413029
1.0709527403,-3.77932432931
1.07191895327,-3.84162208863
1.07250680934,-3.82274353813
1.07283432316,-3.84338523984
1.07120558761,-3.82894388432
1.07412454649,-3.81958687551
1.07150165485,-3.83192307935
1.07277315768,-3.80540992429
1.07286147958,-3.85640120688
1.07297227281,-3.75821946527
1.07128106054,-3.83324787795
1.07396414898,-3.84477379643
1.07048107878,-3.80853665199
1.07077178025,-3.77841138988
1.07175480938,-3.79820211735
1.06997900362,-3.77933734163
1.06949521089,-3.78945552211
1.07289462658,-3.81010812395
1.07057778128,-3.8337387436
1.06867856686,-3.80312892268
1.07061877408,-3.84172534159
1.07368454712,-3.76990236856
1.07076133444,-3.7884539615
1.0709329467,-3.83122311876
1.0696408669,-3.80358476078
1.06914692038,-3.81170531652
1.06969095638,-3.82040941811
1.06971924018,-3.80168412052
1.06952193077,-3.81877164773
1.0705323231,-3.83754011408
1.06907306652,-3.76761069765
1.0699944274,-3.98262529146
1.069222729,-2.06649606774
1.07050290407,-2.90904863347
1.0692522301,-3.44524683706
1.07184657893,-3.74533742097
1.07307360945,-3.93086224326
1.0704446544,-3.99372090679
1.07085033454,-4.06025556743
1.07359230434,-10.5778194365
1.07029566746,-4.91216045954
1.06975214382,-3.08866712564
1.07139599896,-3.31442948127
1.07079476428,-3.53134129422
1.07223760962,-3.63966236577
1.07460005754,-3.73447735698
1.06995640814,-3.72264628733
1.06939848173,-3.72568327908
1.0694053457,-3.69106347457
1.07423747623,-3.88601841862
1.06963864498,-3.67846785076
1.07188943628,-3.70200275321
1.07071128273,-3.75925171341
1.06992637892,-3.74066120716
1.06940514043,-3.72556857562
1.07158456864,-3.80465972679
1.06772923713,-3.76318415166
1.06991869017,-3.72397781549
1.07208851686,-3.82364842225
1.07077452189,-3.76921575954
1.07025643397,-3.79261656673
1.06987092291,-3.76300273308
1.06911350414,-3.86585974751
1.07207954433,-3.82817873371
1.07329165653,-3.81848596188
1.0719329893,-3.8308025779
1.06876906491,-3.77129017409
1.07308495991,-3.81683036633
1.06861612586,-3.78725427966
1.07073928025,-3.80449687204
1.07172661008,-3.83401464185
1.07011071958,-3.7873720261
1.07152885564,-3.80185382736
1.07477470478,-3.84085720712
1.06954323781,-3.76799264601
1.0701061677,-3.80518607097
1.07285713748,-3.76589898795
1.07305091925,-3.77567890982
1.07069285609,-3.79637509427
1.07319598259,-3.80696516889
1.07222686374,-3.77942238096
1.07119109303,-3.8205402522
1.07172973413,-3.78315061363
1.07203121359,-3.79390695474
1.06921276255,-3.75348543277
1.07379844059,-3.77859313431
1.0727232886,-3.70447997108
1.07042199719,-3.7024941775
1.07084401804,-3.68753013866
1.07159881334,-3.7518264676
1.06902235244,-3.73369315279
1.07144154028,-3.76703595871
1.07107685512,-3.76774867054
1.07237774314,-3.77764722773
1.07217126699,-3.74766220551
1.07171911503,-3.74801164558
1.06936258613,-3.7005824781
1.07007667252,-3.75822175503
1.07237836164,-3.78613183146
1.07105667704,-3.7308920296
1.07335884325,-3.74991514114
1.07601140125,-3.74748614078
1.06977834551,-3.75061644927
1.0703314422,-3.71129407552
1.07314326209,-3.72819049284
1.07288841633,-3.74093551471
1.07292629489,-3.7689348773
1.075156296,-3.69744914535
1.07433757091,-3.74208966684
1.07306674164,-3.76201579798
1.07480398006,-3.79994154737
1.07113952822,-3.74076697422
1.07008627632,-3.72692969056
1.07576340837,-3.72705204407
1.07395689365,-3.712757091
1.07224905721,-3.72008185648
1.07228953195,-3.71080602253
1.07186343734,-3.74020527536
1.06979819003,-3.74706910275
1.0721555597,-3.71437947237
1.0724061632,-3.75753512151
1.07257156638,-3.73582663611
1.0713207605,-3.72111010005
1.07294514829,-3.78054186012
1.07096961938,-3.75491036556
1.07112655437,-3.75811192628
1.06998268589,-3.74293912585
1.07169016523,-3.75260070271
1.07225696882,-3.73140611286
1.07555590309,-3.76130844286
1.06870631155,-3.68981568431
1.07087411884,-3.75676412784
1.07068408891,-3.74724032805
1.0715017822,-3.74432696905
1.07121711012,-3.71216198658
1.07316859112,-3.77296894998
1.07111102196,-3.73544905248
1.07075321844,-3.75708544486
1.07173818892,-3.75689295122
1.06959732759,-3.688742693
1.0690632925,-3.7355213832
1.07310068411,-3.76077575619
1.07066858423,-3.70600011502
1.07062761558,-3.70301597676
1.0706560695,-3.73510654737
1.06949243157,-3.7127036323
1.06820584948,-3.71710536573
1.07093979895,-3.72659681401
1.07084717812,-3.72246211796
1.07187111889,-3.74801893897
1.07086375022,-3.69639909101
1.07169982878,-3.7239967525
1.07114676416,-3.78730274829
1.07019832146,-3.76482275608
1.06713724433,-3.7153876227
1.06829527974,-3.75781797406
1.07377571237,-3.77413254546
1.07318356393,-3.76744705535
1.06978703151,-3.77236773936
1.06898276333,-3.68070241567
1.07000281852,-3.739877279
1.06848871998,-3.70592029859
1.06790926591,-3.72099373937
1.07199946334,-3.72075076865
1.07165408135,-3.75790851463
1.07360027624,-3.79900483819
1.07082372871,-3.77616070038
1.06879879484,-3.73860676181
1.06700932352,-3.70091031063
1.07260279822,-3.79297604773
1.07354203046,-3.77096710046
1.07162215992,-3.71970560999
1.07288213119,-3.73508782777
1.0722860551,-3.74055176806
1.06973021686,-3.71711777276
1.07003275913,-3.72504676768
1.06980612548,-3.76597577428
1.07007675528,-3.73378689125
1.07193515362,-3.70454102552
1.07293182599,-3.72250919589
1.07071815356,-3.74526888824
1.07007992687,-3.72021889502
1.06985560798,-3.71698906042
1.06950713882,-3.74542498685
1.06952763699,-3.69846942211
1.07184685093,-3.71738799935
1.07038701373,-3.7729179938
1.07135337747,-3.78458439238
1.07157641936,-3.80541501009
1.06902191855,-3.79687692065
1.06987068033,-3.77552115012
1.07174956294,-3.8118034534
1.07218512221,-3.8545597836
1.11469040983,3.97495339851
1.07384900539,-4.01973158598
1.07089945968,-2.48967598756
1.0682580838,-2.55118635141
1.07275678662,-2.98954750944
1.07031004657,-3.41619586991
1.0730314101,-3.59560182143
1.07281525559,-3.85958284938
1.07304975521,-15.3101739331
1.06677338386,-5.85308472189
1.07245326477,-5.1376375567
1.06979568427,-4.31357587868
1.06865080562,-4.01505556987
1.07187770751,-3.7891266623
1.07305950443,-3.71213848309
1.07045463881,-3.69228079668
1.07172617443,-3.64210252518
1.07132509749,-3.79642923519
1.07154306748,-3.90540379402
1.07341861751,-3.82518175745
1.07411029784,-3.72179344996
1.07001252361,-3.70708614103
1.07231539931,-3.67757876981
1.0736224455,-3.72041890538
1.07431823846,-3.7031571107
1.0717550187,-3.7195464564
1.07064939387,-3.73905494622
1.06915840203,-3.73406968073
1.0725250496,-3.71193016044
1.07266356888,-3.71097392435
1.0701651529,-3.70798753085
1.07065743317,-3.69176468998
1.07259225161,-3.68612307859
1.07064499812,-3.69235688305
1.07258423674,-3.69759897948
1.073423699,-3.68662681425
1.07155545207,-3.71139081414
1.07096064659,-3.74153918119
1.07424157087,-3.73230204596
1.0700591333,-3.71318614725
1.06993868912,-3.73059967567
1.07223254411,-3.75369057417
1.07377996038,-3.72564665297
1.07293513742,-3.77067604858
1.07117868075,-3.66875614442
1.07021122902,-3.70382638864
1.07009773105,-3.70321394018
1.07240331393,-3.72269363102
1.07289853319,-3.72857340238
1.0703910264,-3.73461516814
1.07327171974,-3.72480454846
1.07126004109,-3.69757230573
1.0729481458,-3.75918054946
1.0709311315,-3.76135834644
1.07049974284,-3.74664072552
1.07106907941,-3.75290125255
1.07323174521,-3.74013083624
1.0712725066,-3.70151444687
1.06961398625,-3.73653392763
1.07149080439,-3.77479860223
1.07289331994,-3.77688503661
1.06900885528,-3.73471933248
1.07125983209,-3.73463612647
1.07146885221,-3.74668359216
1.07085163862,-3.75302305106
1.07087212106,-3.75689772177
1.07345351912,-3.72978686806
1.0686968969,-3.81390740052
1.07001802322,-3.7834505156
1.0724712011,-3.74296967235
1.07260898218,-3.77146435528
1.06978264102,-3.76227182635
1.07270017367,-3.73700539949
1.0702402243,-3.76695521333
1.07239276872,-3.74159019103
1.07180750302,-3.72854811754
1.07034094282,-3.74560451701
1.06930772012,-3.76542218197
1.07184303917,-3.76110941026
1.07192552591,-3.74932193598
1.07141837304,-3.76236865717
1.07179283965,-3.78199923023
1.0713840538,-3.75095524808
1.06966799847,-3.72545950539
1.07362094452,-3.79678050339
1.07165692816,-3.81167995271
1.06922166472,-3.80935218184
1.07178798129,-3.76405710623
1.07230734873,-3.79789659792
1.07024399927,-3.76603247294
1.07231789516,-3.77312635973
1.06974192965,-3.80445571943
1.06763921586,-3.74016319183
1.07163700046,-3.80261480505
1.07219144655,-3.78211120796
1.07075739131,-3.77664188077
1.07672488315,-4.0794468787
1.07005750968,-3.94324400169
1.06823825492,-3.37597889745
1.06792291685,-3.700920927
1.0704381015,-3.74290139748
1.06786507124,-3.73170850772
1.07022851019,-3.82467866163
1.07043074363,-3.84999358817
1.06872831184,-3.82032431343
1.06820199704,-4.10387473552
1.06849108825,-3.95253427771
1.06939014798,-3.91938867649
1.06903195926,-3.85456403604
1.06906570099,-3.91035042013
1.06747497717,-3.93954009922
1.06742301215,-3.92292770013
1.06954256474,-3.94213497403
1.06787439851,-3.89889284208
1.06654577773,-3.94277619237
1.06921638734,-3.94241480525
1.07079242324,-3.95896357065
1.06767340562,-3.9015127894
1.06764695545,-3.89357515448
1.06815056854,-3.9023118581
1.06722292295,-3.94314388169
1.06797688944,-3.87800849838
1.06969001287,-3.93071659592
1.06794143168,-3.94555049688
1.06852178682,-3.92040573466
1.06856360263,-3.90805103964
1.06832881065,-3.91996546932
1.06611848853,-3.95319425186
1.06967467129,-3.92294995926
1.06512043119,-3.8964003928
1.06929031908,-3.93356637558
1.07137237284,-3.96527767127
1.06894891538,-3.91158410678
1.06375364379,-3.90619317844
1.06611854125,-3.95481799222
1.06833592066,-3.94956468903
1.0700092069,-3.95720256042
1.06991498036,-3.91042230581
1.07010079156,-3.97283730476
1.06986917645,-3.96503307969
1.07132072799,-3.97894052799
1.0674363099,-3.94048259466
1.0663105585,-3.93830050727
1.07064083759,-3.96759014289
1.07169679097,-3.98319364125
1.0695609166,-3.98739208279
1.07157267217,-3.92023107869
1.06724713222,-3.94146616629
1.06708909248,-3.9447883065
1.06696611767,-3.90966107126
1.06980391683,-3.94038811713
1.06780820802,-3.94691025698
1.07002182547,-3.98031483573
1.0692667147,-4.00984710944
1.06826442191,-3.94624091569
1.06932150093,-3.94640895332
1.06631686474,-3.93301391977
1.06517765677,-3.94906572988
1.07037527576,-3.98401476272
1.07239785964,-3.95824933107
1.06973743787,-3.91094845827
1.0672892621,-3.93095473215
1.06924267419,-3.99176552865
1.06739556137,-3.9538848212
1.06706623339,-3.94813482423
1.06901395173,-3.9177550252
1.06968318638,-3.94758894719
1.07004675593,-3.94791195196
1.07096625519,-3.97218624
1.06587308559,-3.88781512624
1.06553930552,-3.92791487714
1.0686858498,-3.94360804185
1.06896522004,-3.95561181838
1.07032100114,-3.93996130106
1.06989156739,-3.96285074013
1.0675934356,-3.96047844231
1.06707946272,-3.96185852254
1.06738845918,-3.93085494427
1.06745333081,-3.96012725285
1.0666465573,-3.9259157543
1.07065710798,-3.94674053154
1.07074859805,-3.95086544246
1.06855194797,-3.95182892588
1.06702881975,-3.93649550284
1.06623290433,-3.92539379291
1.06564493497,-3.91788492307
1.06925874009,-3.93664618272
1.07070239293,-3.96860435035
1.0692171531,-3.91434089182
1.0680341394,-3.91410364332
1.06760656354,-3.9578662105
1.06728674218,-3.9256601909
1.06704650445,-3.92764578972
1.06788045095,-3.91217424879
1.06918253589,-3.94931709643
1.06996733327,-3.97265305966
1.07165792135,-3.94280807504
1.06700255279,-3.89818216906
1.06543479424,-3.92687361961
1.06551246146,-3.91654232376
1.06832850456,-3.92602715946
1.07086073394,-3.91920029027
1.07363973181,-3.95855344463
1.0685969452,-3.91224564636
1.06867203443,-3.91602183232
1.06791422047,-3.95597504693
1.06646926507,-3.93441438834
1.0660165666,-3.9042448643
1.0716663156,-3.91660698481
1.07074433678,-3.96958395113
1.06960104477,-3.97616508059
1.06780870194,-3.89961850488
1.06743461475,-3.90143183138
1.06332940216,-3.93166228424
1.0675727196,-3.91685069237
1.06973887509,-3.94617411027
1.06880414906,-3.9339779971
1.06941859719,-3.92424153222
1.06942889019,-3.93485816136
1.06872972958,-3.93106621002
1.06956875494,-3.89400505558
1.0700034391,-3.90148317076
1.07245731104,-3.89659312017
1.07501885134,-3.95895822695
1.07916035766,-3.95139983526
1.07388469045,-3.93782256129
1.07451479361,-3.97171646702
1.07355136061,-3.94089673708
1.07418309071,-3.95553372135
1.07395535216,-3.91918869437
1.07573146738,-3.97434557984
1.07358149716,-3.91414037527
1.07281611785,-3.91552635787
1.07087749679,-3.91900892609
1.06830881567,-3.91954734992
1.06876087869,-3.90574847816
1.07288112943,-3.94717574296
1.07388891972,-3.98051110303
1.07484421375,-3.80332499399
1.07450919531,-2.21045085643
1.07102353224,-3.02897527631
1.0671701644,-3.52083943533
1.07373042006,-3.88802324359
1.07435160945,-4.02763065132
1.07371664772,-4.12344923125
1.07364015144,-4.17078644326
1.07700721162,-11.1287167911
1.07119977075,-4.84441792658
1.07137203479,-3.26710383873
1.07236159301,-3.5090461523
1.07008895261,-3.63541153037
1.07310873103,-3.7983761561
1.07268565565,-3.86133973508
1.0699875953,-3.8496735378
1.06660516376,-3.83225666522
1.06611970459,-3.76918347097
1.06821532946,-3.87032951109
1.0666278687,-3.82478988785
1.06971278937,-3.86878814073
1.07061249604,-3.90082618021
1.07123719279,-3.94458412714
1.07044784029,-3.91603461066
1.06828352618,-3.88909497953
1.0670453132,-3.90815824072
1.06999133133,-3.88102470238
1.06945528054,-3.97163513964
1.07101672736,-3.90893132918
1.07185551058,-3.9348574265
1.06884693165,-3.93712004183
1.06711562476,-3.93304753364
1.06947177001,-3.96690099304
1.0691836917,-3.89830407185
1.06754384529,-3.88590200421
1.06899352611,-3.88639253256
1.071235019,-3.94673774591
1.0678686875,-3.91205702469
1.07122053675,-3.95170038383
1.06803397118,-3.91461189825
1.06939419372,-3.94442329489
1.07118701906,-3.90396482075
1.07237738938,-3.9020669147
1.06911202511,-3.89283062831
1.0697479112,-3.925296227
1.07017383215,-3.95519468698
1.06896987618,-3.94994754603
1.06892598864,-3.91679397463
1.06991536475,-3.93210396097
1.0690419817,-3.91776069799
1.069477484,-3.87613950097
1.06945214076,-3.91731148203
1.06763171031,-3.96390669124
1.06742874362,-3.86726378424
1.07015587636,-3.87673493105
1.0679712262,-3.86776979956
1.07113860426,-3.908001734
1.06861228427,-3.86533519943
1.06969698902,-3.85779425442
1.069622435,-3.90699603974
1.06982984135,-3.82826223502
1.07049538462,-3.88330445904
1.06756231081,-3.86477076132
1.07062878996,-3.89612574063
1.06941050415,-3.86906565203
1.06948279858,-3.87452733891
1.07100010603,-3.86328919153
1.06806595607,-3.84765797856
1.06650811553,-3.86915023812
1.07077059402,-3.86278544244
1.07036218003,-3.88716602925
1.06802982347,-3.93155208687
1.06871775774,-3.86466075261
1.07065824368,-3.86295246801
1.06983908076,-3.88906327835
1.06945026657,-3.8955218485
1.06756452035,-3.89940692774
1.06751769852,-3.87231334224
1.07029561097,-3.85492541362
1.0708320282,-3.85930957318
1.07058243015,-3.97489703687
1.06796721921,-3.84479886758
1.07051633942,-3.8785066941
1.06875123137,-3.88243230128
1.07056420067,-3.87721949519
1.06963716126,-3.85395475595
1.06863865918,-3.88364755939
1.06955931926,-3.91188862389
1.07047740854,-3.8595302167
1.06903698643,-3.90466513711
1.0683171904,-3.86618935656
1.06871527701,-3.88168578499
1.07007443321,-3.88890223154
1.07044795717,-3.93230495174
1.07359148125,-3.91993319237
1.06824744452,-3.88723480351
1.06810459657,-3.93003564755
1.0698376549,-3.85760809313
1.07191527856,-3.89605746927
1.06681220922,-3.88917149914
1.07043911846,-3.93201554712
1.06997266252,-3.87839396808
1.07074171521,-3.91837320265
1.06841853134,-3.89997320379
1.0672913476,-3.88902303461
1.06693968854,-3.86653323518
1.07032918377,-3.8772523899
1.06915919726,-3.84492289587
1.06946890989,-3.93244226512
1.06895108371,-3.86124205262
1.06911662586,-3.88808893976
1.06757441393,-3.87313932843
1.06936401623,-3.87660160942
1.06829493538,-3.87788130619
1.06851619722,-3.90396499186
1.06868415649,-3.89349586749
1.07114038732,-3.88001527677
1.0677836919,-3.89619685378
1.06880464209,-3.90751714463
1.06860442067,-3.8673823361
1.06808862831,-3.86729321944
1.06983868049,-3.86372526353
1.07149665805,-3.92128684392
1.06841321842,-3.87799121719
1.06983615987,-3.90566554083
1.07162447512,-3.88982856681
1.06764806331,-3.86377400718
1.06691260993,-3.90317774769
1.06989636467,-3.89879817972
1.06903579621,-3.86652405357
1.07130816016,-3.91128503915
1.06958003004,-3.8831714635
1.06897914711,-3.86264103495
1.06708594146,-3.87871486595
1.06925176965,-3.86892037219
1.06738893617,-3.86586016104
1.06881508941,-3.91674892333
1.06899408049,-3.91056285908
1.07093762399,-3.91560640872
1.06924680097,-3.91145668869
1.06867170225,-3.91344452319
1.0675541688,-3.91075282936
1.06670190572,-3.87531044099
1.06913522865,-3.90527394815
1.06974762041,-3.89520987851
1.0694405982,-3.90990363118
1.06813327028,-3.91653587019
1.06742661255,-3.8838321175
1.06580040628,-3.85182915275
1.06764041318,-3.91530142875
1.06980032283,-3.90446817339
1.06912531035,-3.90837849439
1.07053285276,-3.92725748356
1.07126564467,-3.88980748072
1.06857545119,-3.8739691044
1.06706225539,-3.87771356463
1.06885401851,-3.90653884293
1.06720104581,-3.90210214587
1.07161121781,-3.91773938639
1.07085773054,-3.90380040666
1.07057415154,-3.94195112594
1.06581475026,-3.8835514848
1.10761061681,3.81156101084
1.06617421623,-4.15322839998
1.0671010491,-2.67206625799
1.06779264764,-2.7308590548
1.07209480611,-3.20869980542
1.06771468211,-3.57220994294
1.06692404432,-3.85470544156
1.06610769955,-4.00856161122
1.06513564821,-15.2899094061
1.0674642047,-5.93572539579
1.06936981424,-5.25281605904
1.06672341289,-4.45788450789
1.06846470202,-4.22753894983
1.0658678459,-4.03902349879
1.06645242418,-3.86463643524
1.06660846415,-3.86671675771
1.0694721855,-3.84137287647
1.0674438097,-3.94547620795
1.07190295284,-4.14079126318
1.06956305672,-3.88543242496
1.06760634164,-3.81003338385
1.06512501231,-3.80904248618
1.06584227623,-3.80864545937
1.06691186658,-3.86543678257
1.06826780409,-3.86189025016
1.07147605937,-3.88571801247
1.0685200853,-3.87314119368
1.0666410706,-3.86767107714
1.06917201174,-3.89053892854
1.06634976672,-3.88568737489
1.06489953471,-3.83519210568
1.06796460193,-3.84383931093
1.07090362032,-3.8626158609
1.06645001205,-3.83094578797
1.0689038848,-3.88170608463
1.06532495321,-3.85397142851
1.06413343912,-3.8966723998
1.06485238602,-3.8626613415
1.06820932634,-3.90138316571
1.06904480768,-3.89924966099
1.06872284193,-3.87868717208
1.06708720483,-3.8311685059
1.0659044866,-3.86467870754
1.06717965542,-3.91170350442
1.06532278536,-3.88154285335
1.06414464102,-3.8345720382
1.06836246548,-3.86402036066
1.07113476923,-3.86736979976
1.06756948957,-3.84929339568
1.0647503453,-3.84557959444
1.0652212117,-3.8764586769
1.0652040817,-3.8906499451
1.06964015992,-3.92725269273
1.06787862856,-3.86834666282
1.06715613547,-3.87586082234
1.06901120368,-3.89886315605
1.0685502571,-3.89186783722
1.06555611607,-3.90057079575
1.06568843715,-3.91219000918
1.06661925002,-3.87190847966
1.06858133616,-3.90417381738
1.06775918395,-3.89686992055
1.0682305619,-3.87622489723
1.06696770211,-3.92130561875
1.06273663601,-3.91944279979
1.06466924881,-3.90697899737
1.0664332578,-3.86433789752
1.06549264879,-3.91370358911
1.06833821272,-3.92986499876
1.06640401222,-3.91305735159
1.0667277898,-3.94946486723
1.06341967203,-3.86202666308
1.06236863146,-3.84351641611
1.06405594378,-3.88453304624
1.06911117499,-3.89850595819
1.06590588301,-3.87034061786
1.06717902137,-3.92491209382
1.06450143349,-3.85558053102
1.06466752716,-3.89939143191
1.06346430967,-3.89648714985
1.06522142104,-3.86676615533
1.06492503307,-3.8666736574
1.06789554732,-3.91023688089
1.06712874422,-3.88545159609
1.06957581191,-3.96309226545
1.06323349412,-3.91304226546
1.06571595839,-3.96293402176
1.06633283986,-3.86936642994
1.06806824419,-3.93388877348
1.06749086701,-3.90795698927
1.06952587658,-3.91604278007
1.06670228552,-3.89559566956
1.06590320942,-3.9114192508
1.06641799743,-3.90704609989
1.06597928656,-3.88603028385
1.06663086296,-3.93798540608
1.07370530401,-4.00106600808
1.06308956149,-3.88214002132
1.06366850256,-2.83220262502
1.06364772946,-3.25922252561
1.06425885547,-3.43977643735
1.06542746098,-3.46103602113
1.06608119981,-3.5542824302
1.06268587149,-3.49021608537
1.06369583752,-3.50786446569
1.06510504935,-3.88836499462
1.06387916367,-3.57674725879
1.0649155932,-3.57092605653
1.06486560284,-3.46316888012
1.06210667565,-3.53896181842
1.06455122249,-3.56600532791
1.06702484669,-3.62386613233
1.06263514197,-3.57684186528
1.06288208781,-3.56595732966
1.0630168377,-3.54666472553
1.06395386801,-3.5749059317
1.06619036184,-3.55946148491
1.06554337589,-3.52501606408
1.06344463758,-3.5912768765
1.06545885033,-3.56766972992
1.06814037713,-3.57281373091
1.06523290587,-3.60622054135
1.06504862794,-3.56939178634
1.06633761503,-3.62381255683
1.06612638804,-3.62065443654
1.06480754482,-3.59135332223
1.06674588542,-3.62673901561
1.06383735445,-3.57823930533
1.06234680939,-3.56438484416
1.06423303668,-3.60229781071
1.06448334565,-3.59946369387
1.06216014169,-3.62092235384
1.06428075726,-3.63146846414
1.06423530211,-3.67747875633
1.06402680004,-3.65847534465
1.06350545359,-3.66116188071
1.06383875366,-3.61315298401
1.06198770011,-3.61656505819
1.06698207849,-3.64892280899
1.06477492804,-3.64250583354
1.06410981301,-3.64511250019
1.06342598946,-3.64963411315
1.06399771599,-3.63441641325
1.0654918154,-3.63570336003
1.06626173213,-3.63380259643
1.0659951648,-3.66965599266
1.06424011159,-3.67722343939
1.06533036004,-3.65707690005
1.06860189533,-3.69267745931
1.06436089656,-3.63207581481
1.06590217029,-3.71946081888
1.06668612197,-3.69252135833
1.06756909872,-3.64741372968
1.06666634369,-3.70699311286
1.06805580073,-3.6886075622
1.06521199857,-3.66120833592
1.06684980223,-3.6517053755
1.06734366745,-3.63853528263
1.06659545896,-3.70649907379
1.06390500844,-3.63910414337
1.06667454,-3.63680518826
1.06694566678,-3.68165575368
1.06534387945,-3.67426882313
1.06746617133,-3.69386959419
1.0650656717,-3.63556786476
1.06345729232,-3.65614558501
1.06693212546,-3.65836136156
1.06704956721,-3.63594265905
1.06546226573,-3.66291243515
1.06348419485,-3.60322725658
1.06426148232,-3.6542559446
1.06350814978,-3.6380068355
1.06561584218,-3.64415049321
1.06496514882,-3.63237849607
1.06360040849,-3.6302900857
1.06542071893,-3.66703498823
1.06697155974,-3.6787168405
1.06399142855,-3.71490854942
1.06416881663,-3.68423793959
1.0651318422,-3.62067620002
1.06545083209,-3.62622989078
1.06447825258,-3.64075870442
1.06430936003,-3.63961536759
1.06376711094,-3.66336453427
1.0639989883,-3.64329111159
1.06507839024,-3.67759766568
1.06354918204,-3.65267223285
1.06376214931,-3.60866485934
1.06563882863,-3.62514913119
1.06279047116,-3.6768115031
1.06497144972,-3.66424913335
1.06495381279,-3.62651564915
1.06374811999,-3.65996007342
1.06012418476,-3.64043976905
1.06558324429,-3.65747903445
1.06504967817,-3.67851038304
1.0623402304,-3.64000185855
1.06252931651,-3.6657318896
1.06366582242,-3.6403028467
1.06186837659,-3.58915577755
1.06425896648,-3.65636694762
1.06212885995,-3.64086501616
1.06036105524,-3.61795969976
1.06359606354,-3.66347291409
1.06485735044,-3.64600385006
1.06189912259,-3.65593868748
1.06286667587,-3.65844484481
1.06208943268,-3.62328386651
1.06380981042,-3.64901842664
1.06486201303,-3.63805239231
1.06509866148,-3.70046202697
1.06014072406,-3.57480124297
1.06402489617,-3.63153971655
1.06481582598,-3.65035378328
1.06473639628,-3.679151172
1.06282458195,-3.66192160255
1.06482601913,-3.67143543846
1.06361792692,-3.64910033072
1.06433047077,-3.61408416934
1.06687857214,-3.67978615877
1.06369049942,-3.61582090113
1.06300784206,-3.70011164295
1.06468911235,-3.64492043097
1.06431964017,-3.65526665353
1.06195170133,-3.63734064172
1.06300031909,-3.6222946794
1.06361765959,-3.67654675467
1.06365315957,-3.60952613878
1.06466601725,-3.58955312256
1.06382406556,-3.65822433901
1.06210134934,-3.66000971973
1.06350953919,-3.69021880027
1.06493370761,-3.64561406937
1.06339175609,-3.67900699998
1.0655941761,-3.65602851217
1.06312359387,-3.61876747336
1.06248987033,-3.65050750518
1.06455621678,-3.63229848189
1.06402915743,-3.03480282126
1.06152219697,-1.99438528784
1.06163704135,-2.76565498556
1.06530119747,-3.23818150698
1.06323760565,-3.57781837568
1.06176750133,-3.68942027315
1.06397339706,-3.81940779697
1.0623009584,-3.90287542024
1.06590343329,-10.7600052924
1.0615876443,-4.27751022952
1.0607721825,-2.84469491594
1.06275502244,-3.26313662481
1.06635654939,-3.41396466743
1.06429276122,-3.55163527004
1.06305840345,-3.54313983474
1.0649672192,-3.59452379977
1.06427131874,-3.63060820348
1.06180901241,-3.46273960745
1.06717906552,-3.72198252416
1.06314384649,-3.55109438139
1.06174574047,-3.55647731848
1.06531506215,-3.61061542185
1.06632698672,-3.64056253062
1.06233835573,-3.64803789163
1.06447538025,-3.63625841121
1.06436909529,-3.61782441617
1.06256489016,-3.51814176331
1.06357136297,-3.63157418885
1.06393889705,-3.64691690522
1.06341323487,-3.64718417578
1.06555601583,-3.57902303606
1.06450768906,-3.6168037753
1.06379776871,-3.67051851676
1.06378957616,-3.62491202469
1.0649993259,-3.60017477431
1.06274944148,-3.59843919272
1.06535642187,-3.6256085371
1.06684689195,-3.59990501302
1.06437920148,-3.60776541296
1.06414889349,-3.62775966974
1.0662378812,-3.67530916455
1.06506961721,-3.65546770417
1.06691230293,-3.64632356609
1.06434116904,-3.63513867889
1.06401906304,-3.61936073836
1.06522140045,-3.59756965579
1.06774831118,-3.63718503531
1.06441469938,-3.65578247727
1.06297069549,-3.63466015531
1.06424237054,-3.6272844609
1.06352252016,-3.60579130851
1.06194635594,-3.621592418
1.06484324417,-3.65713859815
1.06502582471,-3.61584230655
1.06418322179,-3.59611623028
1.06263977728,-3.58562516104
1.06300471011,-3.60164903264
1.06073004716,-3.54537830038
1.06483178193,-3.61019095983
1.06474396995,-3.62839491658
1.06227569356,-3.58458626719
1.06349893268,-3.63352845344
1.06379159159,-3.62599457254
1.06144219551,-3.6188679448
1.06452949782,-3.64930717305
1.06502068973,-3.63103836158
1.06363374903,-3.59477925161
1.0625993171,-3.58623401756
1.06706316464,-3.71910363043
1.06349270787,-3.61191933074
1.06443822853,-3.63171007014
1.06321506265,-3.58342223495
1.06233430197,-3.61515336518
1.06294677029,-3.56968035537
1.06573070226,-3.58486182998
1.0619777123,-3.58420179761
1.06299048943,-3.57491999381
1.06500530274,-3.54327010814
1.06412887644,-3.63195321975
1.06108276424,-3.59935517717
1.06342730539,-3.58338920786
1.06397827224,-3.59264756983
1.06395559826,-3.61827713346
1.06500564516,-3.65989773848
1.06194196923,-3.64296605118
1.06056102161,-3.60968667017
1.06480340803,-3.63129230454
1.06435330836,-3.66987737972
1.0629573822,-3.60027554765
1.06193347319,-3.61337201985
1.06408617604,-3.65669774767
1.06167480876,-3.61388529319
1.06249444666,-3.57402984202
1.06122002694,-3.60031279346
1.06070467268,-3.63256900629
1.06311694136,-3.65561716672
1.06327644085,-3.59524803481
1.06226646134,-3.60546856675
1.06079880724,-3.5628453529
1.06175640121,-3.54625980434
1.06121874621,-3.613338447
1.06269896562,-3.63780847674
1.06365361163,-3.59473118192
1.06056259206,-3.61803908162
1.06123009421,-3.5560276586
1.06328365499,-3.62864135228
1.06304475007,-3.61709601974
1.06097427515,-3.58046782267
1.06367853523,-3.64067200947
1.06316681636,-3.61825924298
1.06280056467,-3.59111858545
1.06248631145,-3.61592819232
1.06085390486,-3.632413906
1.06022486531,-3.59733826195
1.06603065972,-3.63393506093
1.06297591797,-3.62895981451
1.06129050387,-3.64279627392
1.06242686514,-3.63687995003
1.06364334514,-3.66316846317
1.06085503695,-3.60447421359
1.06348570916,-3.65117826583
1.06177588674,-3.67614360549
1.0613553917,-3.61027314054
1.06287619763,-3.65608358688
1.06336221599,-3.66992271429
1.06092661007,-3.59229544488
1.06274191221,-3.6188316879
1.06222855152,-3.6467894654
1.06162748959,-3.59845053634
1.06281368611,-3.60778126151
1.06602675618,-3.66295026722
1.0606922043,-3.63940796931
1.0626312602,-3.61723718904
1.06555060605,-3.59426335958
1.06512334524,-3.61879273897
1.06263067452,-3.60762079539
1.06454514473,-3.62611145408
1.06388165535,-3.61336464852
1.0659412937,-3.62828221309
1.06509589802,-3.66048774047
1.06308095276,-3.67601658583
1.06470309401,-3.63741668931
1.0668340004,-3.66290518742
1.06257583586,-3.59504402427
1.06077657944,-3.6359030279
1.06316134561,-3.63761146579
1.06495802804,-3.68052349978
1.06211284684,-3.59056117151
1.06516321092,-3.63557385913
1.0629861614,-3.61494778421
1.06013073252,-3.60926735216
1.06208273972,-3.60085839415
1.06519997997,-3.64361660364
1.06280615672,-3.55333112271
1.06384564044,-3.64030420205
1.06175151412,-3.59109254574
1.06122286418,-3.61009463676
1.0643043588,-3.64280071321
1.06425618644,-3.65250989519
1.06170443738,-3.609719717
1.06333489003,-3.60297811606
1.06494659787,-3.63646206991
1.10827971294,4.12705189556
1.06206785151,-3.89331743719
1.06142750031,-2.33209509634
1.06289093723,-2.44811787286
1.06566652313,-2.94862842534
1.06420132092,-3.28628590943
1.06009640168,-3.51119023273
1.0614803101,-3.73009300406
1.06333630274,-15.5067218269
1.06176314448,-5.15746755628
1.06227475634,-4.88982151554
1.06101966189,-4.15497822661
1.06111329566,-3.96347738028
1.06307594277,-3.78122459955
1.06346496506,-3.69321603128
1.0618588963,-3.59439781419
1.05880166463,-3.56874164046
1.06269967635,-3.59669878982
1.06592763552,-4.09742410204
1.06124243612,-3.6055401399
1.06293062589,-3.55450781058
1.0615345827,-3.5701400709
1.06149595527,-3.59634175004
1.0610487043,-3.5389795981
1.06302232785,-3.57426187129
1.06002070101,-3.56943978554
1.06363791605,-3.64329274857
1.06528597271,-3.60554850821
1.06394663356,-3.65122204646
1.06268482845,-3.57453966837
1.06508477757,-3.60234605568
1.06442596469,-3.57859523209
1.067731859,-3.58943241255
1.06742120676,-3.57126350117
1.06570597111,-3.6385350992
1.06539788141,-3.60009158268
1.06779420352,-3.58686075607
1.06524347375,-3.60127421978
1.06554548327,-3.63958711995
1.06469429895,-3.57745769476
1.06572681648,-3.65573144746
1.06518711212,-3.58463839085
1.06688678089,-3.61786193022
1.06280628461,-3.58534302601
1.06452124463,-3.59609980644
1.06670459023,-3.58928533418
1.06490096621,-3.59611854407
1.06469335691,-3.64230932878
1.06767721817,-3.61340410239
1.06744348373,-3.66886029864
1.06659785922,-3.60507440722
1.07016187665,-3.62458818993
1.07042979956,-3.62278977617
1.0658018477,-3.60301315864
1.06857619022,-3.65059569926
1.06715622081,-3.59605164633
1.06586000486,-3.65495444202
1.06356559873,-3.59811335056
1.06305121418,-3.60561035099
1.06130185968,-3.61663276496
1.06310096125,-3.62707327453
1.06120915717,-3.62737631797
1.06034344919,-3.60632550397
1.06047850581,-3.57047421231
1.06590801694,-3.69332053769
1.06123361116,-3.64871456267
1.06331018331,-3.66921484428
1.06321459174,-3.65122036602
1.06346715267,-3.69506213036
1.06427094244,-3.63923951103
1.06596468999,-3.72392955076
1.06402850212,-3.64746839449
1.06498159267,-3.70295228085
1.0649924743,-3.64164031766
1.06398296253,-3.65882381514
1.06431303226,-3.63297606692
1.06616062525,-3.70132349722
1.06301487345,-3.65533728182
1.06312415632,-3.63484637391
1.06455315529,-3.66174336945
1.06450452065,-3.66939787282
1.05972813339,-3.59278908201
1.06418989772,-3.68099519796
1.06282400843,-3.68932342075
1.06064894026,-3.65289987889
1.06020021099,-3.63576480102
1.06291123651,-3.65487406855
1.06137293068,-3.62548066396
1.06393606676,-3.64738611058
1.06158157441,-3.69105999969
1.06038620777,-3.66476714946
1.0622523115,-3.66849339857
1.06306941689,-3.6507658847
1.06077706778,-3.65591179311
1.06159995776,-3.59777085382
1.06318017149,-3.65796048546
1.07046676845,-4.36885524347
1.06296347114,-4.11343794984
1.0620298888,-4.34393892919
1.05947584879,-3.983960158
1.06003125168,-3.99464426631
1.06264702568,-4.10005254875
1.06332029787,-4.4343332988
1.06238637307,-4.43721219986
1.06324270492,-4.37536450708
1.07092618887,-3.85730251751
1.07318572754,-3.81629200442
1.07586913068,-3.87826243232
1.07285545846,-3.75680349182
1.07226963735,-3.79662422057
1.07436628183,-3.85782422275
1.07418091943,-3.85349325204
1.07352591251,-3.90377822145
1.07270627296,-3.84404393709
1.07361907819,-3.97906553153
1.07300949255,-3.92332294573
1.0752632153,-3.92964597999
1.07449644478,-4.0077602322
1.07117398007,-3.87841466148
1.07206817199,-3.98130237259
1.07556070299,-3.91882805668
1.07362614194,-3.98387256683
1.07292487413,-3.98792553856
1.07143599292,-3.91564328962
1.07376184696,-4.0015819208
1.07397298611,-3.95524111776
1.07343980753,-3.99526733992
1.07084777648,-3.93746886223
1.07356138017,-4.00854808675
1.07591227795,-4.00708202163
1.07382693075,-4.00098560443
1.07314029354,-3.98104704153
1.07404199964,-4.04893873394
1.07203562639,-3.98002174047
1.07385673917,-3.99464629813
1.07652148831,-4.06489597553
1.07445515836,-4.02684483005
1.07300563464,-4.02908630736
1.07480226223,-3.9917109534
1.07449588378,-4.05709216489
1.07444825898,-4.03551324828
1.07298202658,-3.97932044106
1.07224204268,-4.08858032274
1.07397033,-3.98894385257
1.07583967368,-4.05129382903
1.07395204439,-4.06931264532
1.07117175604,-4.00568561048
1.07531266309,-4.00743790705
1.07575632944,-4.04633099824
1.07236466203,-4.06897306146
1.07359301046,-4.06380479032
1.07260434516,-4.03418900963
1.07499122064,-4.08090029281
1.07418540479,-4.04598840193
1.07366065293,-4.06009488162
1.07278127673,-4.10037507768
1.07350619861,-4.03263355122
1.07398999765,-4.05318454713
1.07277688601,-4.07040467113
1.07239156097,-4.0292003754
1.07317446038,-4.04090759529
1.07260861314,-4.10336683045
1.07403158046,-4.0895499079
1.07416415575,-4.03388727305
1.07377939782,-4.03319563256
1.07172102648,-4.00167206887
1.07503359562,-4.07950447396
1.07252283505,-4.07147548735
1.07317561418,-4.03878593608
1.07363990757,-3.9961376141
1.07371708737,-4.01041498132
1.07433307127,-4.06884013075
1.0758146134,-4.04203199604
1.07274659504,-4.09735364047
1.07134389936,-4.01337229549
1.07502365673,-4.04460431135
1.0758875023,-4.06829639016
1.07230187126,-4.08747465193
1.07306112082,-4.05120614717
1.07293079717,-4.03920854568
1.07183480271,-4.06842948566
1.0727197378,-4.09721803536
1.07279969825,-4.06434242856
1.07056830176,-4.01095661211
1.07219995544,-4.02657179
1.07071564836,-4.05753856804
1.07286687259,-4.0824920608
1.07516408439,-4.13186851746
1.07221419263,-4.07417124669
1.06904240296,-4.02921044009
1.07252622434,-4.08250693626
1.07309805181,-4.05643999522
1.07149568453,-4.0512525134
1.07073047834,-4.01938001202
1.073125409,-4.08875021045
1.06986681054,-4.00762501767
1.07032123523,-3.99979031365
1.07203250724,-4.06067908735
1.07119677354,-4.0647258222
1.07374886196,-4.05957367767
1.07635505014,-4.08804955076
1.07377473533,-4.06492821816
1.07378320535,-4.06046759385
1.07755435262,-4.07456986483
1.0754740719,-4.05347626267
1.07721134219,-4.12209122288
1.07585232374,-4.04539879336
1.07411792956,-4.12232956574
1.07448885068,-4.07944948003
1.07725912472,-4.10596706979
1.07522296062,-4.07996871739
1.07203820627,-4.04129449554
1.07521231032,-4.05970724024
1.07269271922,-4.02345012481
1.07279096498,-4.07808929508
1.07359689884,-4.05531534731
1.07464082747,-4.06334826841
1.07163412942,-4.02076261755
1.07562296444,-4.03353305002
1.0737747022,-4.07179974213
1.07262653467,-4.08714535763
1.07406193608,-4.08861502788
1.07671762002,-4.07385061714
1.07449368246,-4.07306692341
1.07537175908,-4.10058005089
1.07474758868,-4.03196821488
1.0749501772,-4.0769184357
1.07682636485,-4.04370270367
1.07753389479,-4.08120971083
1.07501383945,-4.09673287114
1.0734273169,-4.0478639687
1.0755737496,-4.10488964759
1.07375971488,-4.07353415433
1.07239438083,-4.06892736832
1.07543028785,-4.12874847617
1.07137449933,-4.07832520819
1.07271305463,-4.09919435947
1.07339420217,-4.05172442707
1.07217000285,-4.2894650278
1.07109381902,-2.50750074955
1.07517065608,-3.40825470867
1.07297544698,-3.84409911259
1.07201405473,-4.06062172909
1.07360949496,-4.20943715551
1.07283879633,-4.28848256533
1.07124353192,-4.31884417282
1.07610446037,-10.7984799592
1.07078315319,-4.57652495676
1.06881988779,-3.23328411364
1.07181834297,-3.56111282124
1.07291848585,-3.81855742806
1.07113599852,-3.91389870153
1.07347213195,-3.95867039292
1.07223751489,-3.988515916
1.0722467573,-4.02536840031
1.0679792814,-3.32786776729
1.07395203126,-4.0238063177
1.07038983455,-3.93440670845
1.07271281387,-4.04371228807
1.07524952424,-4.03812782489
1.0736996411,-4.03648103015
1.07016641396,-4.00941917141
1.07338123931,-4.05163685454
1.07203825466,-4.00238822509
1.0730484353,-3.84289895468
1.07479037771,-3.97031116164
1.07362105486,-3.99774362586
1.07322336144,-4.00172424518
1.07488207571,-4.00829641282
1.0732099976,-3.98588458245
1.0729486752,-3.96389248757
1.07422686556,-4.02500145919
1.07338772131,-4.02291247792
1.07095378385,-4.04139261943
1.07412688073,-3.97938544274
1.07403052273,-4.08084277195
1.07341595096,-4.05267741559
1.0740377647,-4.0756435075
1.07374511638,-3.9956069691
1.07183680358,-4.0600388199
1.07397752983,-4.08524202449
1.07098955759,-4.01219608082
1.07210113639,-4.07091097026
1.07554102773,-4.09981093216
1.07364335172,-4.09781958143
1.07132928843,-4.08057465289
1.07332935052,-4.05268087697
1.07405669461,-4.09414661065
1.07266549686,-4.06739982229
1.07041462295,-4.03055419994
1.07449212831,-4.10325810725
1.07097852235,-4.11446186846
1.0760267275,-4.24554074047
1.07521951232,-4.20272513984
1.07328117578,-4.21670890503
1.07120608739,-4.10341002968
1.07417850621,-4.14947248998
1.07425509688,-4.17583817613
1.07356423197,-4.15333518797
1.07401930962,-4.12844140722
1.07197003686,-4.12502613993
1.07281163597,-4.19804466249
1.07485022752,-4.14347695983
1.07365207546,-4.17621050023
1.07236117694,-4.23433527617
1.07327463997,-4.12331884242
1.0751744427,-4.20425575931
1.07137611052,-4.16901235515
1.07347038105,-4.13942467709
1.07024127452,-4.13516538319
1.07237509906,-4.18214041712
1.074242338,-4.18031275925
1.0731703507,-4.12978234598
1.07147787032,-4.20099060488
1.07263324645,-4.13108634551
1.07214595048,-4.14674219933
1.07109529525,-4.15917763776
1.07114046383,-4.19220497392
1.07212070137,-4.1431235929
1.07126790794,-4.16500950316
1.07342791154,-4.22285530479
1.07321988827,-4.19348032114
1.07064138235,-4.15368255048
1.07061437447,-4.15468734365
1.07418978691,-4.20485029135
1.07309505165,-4.21525850129
1.074356766,-4.23757946488
1.07146246079,-4.09258180089
1.07257025373,-4.11186825128
1.07407948331,-4.19325359293
1.07652141001,-4.20290083904
1.073608578,-4.16288380603
1.07343135243,-4.18038024097
1.07377186167,-4.12924981916
1.07417133058,-4.15788266631
1.07320725503,-4.16185862448
1.07493334771,-4.13753134908
1.07132671805,-4.11896584016
1.07225976716,-4.16147199994
1.07540724224,-4.19024188622
1.07430830153,-4.15245605768
1.07121798622,-4.21273691059
1.07241576485,-4.21356450502
1.07220139732,-4.13127619851
1.07346529101,-4.18229588848
1.07217736378,-4.13252349037
1.07203370619,-4.21216788678
1.07038250836,-4.15572264241
1.07436492134,-4.16052378969
1.07369980423,-4.22790966501
1.0721588124,-4.20755295922
1.07319973557,-4.1907862526
1.07612535538,-4.20553753272
1.07274719087,-4.16112966878
1.0743756057,-4.21044331102
1.07354757945,-4.17293380145
1.07457457715,-4.16716387198
1.07476540405,-4.17453504886
1.07573198149,-4.21828142445
1.07387155652,-4.18882993317
1.07343714263,-4.18037035051
1.07446877631,-4.1876389154
1.07402873276,-4.16670820661
1.07384178484,-4.14966590668
1.07638140686,-4.20837203811
1.07265187397,-4.13505615849
1.0720830718,-4.16365612596
1.07371235556,-4.20786914418
1.0730182564,-4.18248574188
1.06986787658,-4.16576296522
1.07326674232,-4.16380638848
1.07425620074,-4.22884519762
1.07284008092,-4.20284744236
1.07198240245,-4.18218198406
1.07307647003,-4.22345829056
1.07087695016,-4.15833292657
1.07494977587,-4.20174938727
1.07356225567,-4.18690328061
1.07085236179,-4.18276860436
1.07344694064,-4.1812583521
1.07455287943,-4.16096825242
1.0722608164,-4.18883833771
1.07419606947,-4.19776866382
1.07281461853,-4.19245920713
1.0712306996,-4.14138361692
1.07217796074,-4.15816498364
1.07645997111,-4.22727577492
1.07245440602,-4.18472671823
1.07358416241,-4.21827557073
1.07390551738,-4.22867538224
1.07459133094,-4.25575707972
1.07380544198,-4.14721355489
1.07351102706,-4.14023604695
1.07341167838,-4.12321509515
1.07424872871,-4.15808568408
1.0763173792,-4.14109387232
1.07426106824,-4.15241224047
1.07143763594,-4.11399322452
1.07336110879,-4.12214683206
1.07285703317,-4.03922713225
1.12043308355,5.46021263503
1.07310507617,-3.56212519841
1.07075769664,-2.37902274993
1.06984409614,-2.8845058364
1.07440662891,-3.46368012558
1.07277504096,-3.84880153736
1.07034055418,-4.16443065433
1.07243800064,-4.26960328446
1.07311408912,-16.5820234286
1.06709938395,-5.91445530723
1.07188364218,-5.33897389393
1.06860684971,-4.57360104713
1.06849108247,-4.30719046202
1.07196738196,-4.26009224073
1.07287790799,-4.19948436233
1.07052392346,-4.10439434143
1.07045727215,-4.15053314504
1.06743178968,-3.56798387447
1.0693499166,-3.94157117599
1.07037210445,-4.09102274892
1.07281100957,-4.17902068905
1.0712601431,-4.22861881186
1.07324018953,-4.2320537812
1.07371923951,-4.11986675233
1.07397145096,-4.17624262582
1.0724687947,-4.23089628158
1.07299073445,-4.03949892127
1.073156369,-4.06242455513
1.07509724018,-4.17689436344
1.07542337793,-4.18287541367
1.07353757801,-4.23271924724
1.07404092285,-4.16959064899
1.07668062416,-4.12948012751
1.07524149227,-4.19004492733
1.07249672765,-4.17014140335
1.07404400453,-4.145009804
1.07537043939,-4.18729019094
1.07097095865,-4.15697828338
1.07334415654,-4.17811357999
1.07206103991,-4.16430397364
1.07279135627,-4.21675892935
1.07374958378,-4.21674320131
1.07398455748,-4.22196548372
1.07159609868,-4.16148494975
1.07218647462,-4.1620936947
1.07387014022,-4.19157301075
1.07282533518,-4.18119721605
1.07365431027,-4.18221119747
1.07618130295,-4.18862250846
1.07195781277,-4.18786135617
1.0737539787,-4.19040862951
1.07518653463,-4.13439087373
1.07542458244,-4.22532878236
1.07495320747,-4.20872614151
1.07537735539,-4.17569862711
1.07003072636,-4.10629442839
1.07296474444,-4.17110975082
1.07218269016,-4.19245082406
1.06997750069,-4.12043702804
1.07111548633,-4.11265422974
1.07398610218,-4.15350634972
1.06983813799,-4.05528044785
1.06846895857,-4.11164981059
1.06935722643,-4.06595412334
1.07150010152,-4.09822274934
1.06857028003,-4.08388977189
1.07265404394,-4.14401451817
1.07004321734,-4.06182451517
1.06939128879,-4.10020517043
1.0704006558,-4.14298574725
1.07188263691,-4.06207845396
1.06922050957,-4.05139040692
1.07085003333,-4.10636110971
1.06957838005,-4.11173140273
1.06923078001,-4.15249969273
1.07118240305,-4.1033442467
1.07075107651,-4.14636573218
1.06884593706,-4.04002922711
1.07156144292,-4.09119771539
1.07189738074,-4.08871106514
1.06964973974,-4.05161622606
1.06944639583,-4.06121543619
1.07093349272,-4.02346702725
1.07020168213,-4.03728235876
1.07134703704,-4.02867348956
1.07128519583,-4.08465528543
1.06986694097,-4.04960112709
1.07061061194,-4.04612103663
1.07255950854,-4.06673920228
1.070503545,-4.07124987234
1.07052052026,-4.06730337301
1.07199626682,-4.07835561602
1.07192956776,-4.07560276736
1.07116640064,-4.09109893725
1.07244310093,-4.08044315045
1.0717191069,-4.07455053061
1.08286811891,-4.0027189138
1.08076549355,-4.33737200854
1.08195867832,-4.58372890754
1.07905119844,-4.24202310629
1.07954864772,-4.25296819471
1.07952098142,-4.30233955201
1.08105198682,-4.56990989315
1.07898220276,-4.57508370673
1.07881000693,-4.46799994951
1.08051632744,-4.37992693039
1.08502046439,-4.41762300037
1.08386039283,-4.41172190968
1.08210707328,-4.3234427798
1.08212165116,-4.36127667128
1.08337780981,-4.42111903108
1.08391105031,-4.46137594344
1.08488118299,-4.47213272679
1.08428883735,-4.44522973033
1.08229018375,-4.56847493768
1.08232292651,-4.51068015797
1.08732948788,-4.55826700332
1.08229487423,-4.49427078669
1.08307928755,-4.52503500263
1.08378936095,-4.54187543162
1.08544018185,-4.57849889507
1.08348072597,-4.49465626733
1.08571063929,-4.58752755255
1.08289557693,-4.52338670957
1.08416560358,-4.54070270634
1.08673232803,-4.55655943844
1.08374260793,-4.59136540474
1.08067743421,-4.50929445124
1.08481752988,-4.58957430381
1.08419976109,-4.58343492868
1.08357601019,-4.56366886989
1.08587429836,-4.56633923484
1.08204754017,-4.57632227863
1.08201885245,-4.56379746561
1.08427891035,-4.60934236642
1.08530026205,-4.63608831803
1.08327394163,-4.62785931951
1.08381460179,-4.62782012331
1.0847957002,-4.59516289208
1.08370945881,-4.5852982387
1.08572813029,-4.64002510408
1.08336372437,-4.60915880726
1.08274891317,-4.6131050406
1.08472725953,-4.64983056926
1.08735501094,-4.61854504209
1.08236900677,-4.57847679855
1.0832601045,-4.58851402565
1.08519812924,-4.62602952253
1.08557984592,-4.66452029441
1.085216615,-4.60857759045
1.08435640815,-4.63294654102
1.0819349791,-4.58691658144
1.08524190681,-4.62386431351
1.08534167773,-4.63179449271
1.08432877833,-4.61254405506
1.0832851624,-4.6410817754
1.08576548319,-4.64807409298
1.08223419862,-4.60870531898
1.08336862018,-4.65321371202
1.08481700422,-4.61613564604
1.08435305236,-4.62627104908
1.08273451198,-4.65227195453
1.08608612327,-4.645423453
1.08482282209,-4.62494890016
1.08277218391,-4.62004194196
1.0840391429,-4.61872540381
1.08487920469,-4.65314436366
1.08466363333,-4.64431479894
1.08610911973,-4.63272756824
1.08429296318,-4.62138530747
1.08396142423,-4.61945519512
1.08617607088,-4.6248253513
1.08612300457,-4.67836213656
1.08353210357,-4.64964062438
1.08348627538,-4.60589653046
1.0866639701,-4.67125122929
1.08391755865,-4.67688097941
1.0823718177,-4.62931611095
1.08474140297,-4.65046813732
1.08217517979,-4.61634269806
1.08475333284,-4.67223647201
1.08729007567,-4.66378838154
1.08506906683,-4.64588690426
1.08542123505,-4.64579735187
1.0886835444,-4.66082057093
1.08767915027,-4.67875065023
1.09129027875,-4.65864016774
1.09268885366,-4.65892779828
1.09094455477,-4.68497632917
1.090173258,-4.66749707069
1.09329854948,-4.63631236868
1.08958002425,-4.65232448441
1.08737871327,-4.68422891442
1.08963310592,-4.67532399402
1.0876562881,-4.641321886
1.08652631165,-4.63566313067
1.08897170926,-4.62619264834
1.08414782046,-4.62795020048
1.08318024278,-4.67457359537
1.08515271538,-4.6391343402
1.08691600983,-4.65040166629
1.08497176007,-4.62678575152
1.08648478853,-4.66353825153
1.08693585059,-4.6503021355
1.08684706373,-4.64465562609
1.08848601133,-4.7024413777
1.08984780078,-4.65997131996
1.08898006392,-4.65987096609
1.09443392683,-4.7414975222
1.09554411973,-4.67328303803
1.09434082103,-4.69257910471
1.09174140397,-4.66061455257
1.09425081711,-4.72120452894
1.09306343969,-4.70402397444
1.09275979773,-4.72059142015
1.0909154412,-4.70259336295
1.08811201648,-4.68124485262
1.08590686613,-4.66132268077
1.09149850814,-4.72205808433
1.08645029308,-4.66944479654
1.08509729854,-4.70632119745
1.08562506708,-4.69692245099
1.0837735737,-4.65217954399
1.08612043267,-4.62041345575
1.08902546514,-4.7226169333
1.08755800835,-4.70019796676
1.08546099167,-4.67382121756
1.08861840627,-4.67274359045
1.08906778258,-4.67298199576
1.08403156969,-4.62695378054
1.08787333437,-4.72952147907
1.08836897872,-4.6864465211
1.08619874952,-4.68181712165
1.08548763678,-4.70635535885
1.08416781041,-4.68739588837
1.08342226247,-4.64425627702
1.08568600164,-4.72908575949
1.08469571448,-4.66566043081
1.08191436616,-6.62427715167
1.08152200206,-2.72080017195
1.08607697573,-3.80186655442
1.08158940199,-4.38521245216
1.08417132344,-4.68678910016
1.08560724544,-4.87669637052
1.08606626528,-4.99251588422
1.08422259086,-4.91839612371
1.08810382484,-9.74088965221
1.0836027083,-5.46870467019
1.0824329821,-3.99647449767
1.08592148573,-4.21129609749
1.08503743868,-4.41524054519
1.08366395583,-4.56791550445
1.08560800524,-4.58473970294
1.08229962075,-4.68494960663
1.08374162259,-4.72069980861
1.08346638689,-4.48289376864
1.08511242625,-4.67189006527
1.0817205257,-4.59555011105
1.08285358569,-4.62872143941
1.08501724037,-4.69133325063
1.08299445248,-4.69541894792
1.08279045554,-4.6806910234
1.08475516799,-4.64213060098
1.08257203778,-4.62031011232
1.08376486497,-4.56112389363
1.08589541802,-4.63038039954
1.08258112128,-4.66389875395
1.08526034938,-4.63784956173
1.08498470416,-4.64069090868
1.08304072624,-4.60521537171
1.08419641459,-4.59087837508
1.08461992758,-4.65283530504
1.08295542019,-4.60357636611
1.084223387,-4.68969656233
1.08655439689,-4.6912090799
1.08137205945,-4.6534288962
1.08344433039,-4.64251943471
1.08440136675,-4.69365548046
1.08380723561,-4.65728941777
1.08370926894,-4.65060452547
1.08552979035,-4.67343900639
1.08200172498,-4.66177768043
1.08232949425,-4.65570545491
1.08582149911,-4.63125208612
1.08562129919,-4.72772579852
1.08282176021,-4.71070172397
1.0839358688,-4.70972047516
1.08484864681,-4.709547997
1.08240673327,-4.66805563002
1.08385682312,-4.68029002462
1.08559562035,-4.72901151789
1.08115385879,-4.73646081718
1.08441403864,-4.78083993914
1.0838145714,-4.77187933976
1.08182966996,-4.77016411619
1.08117281647,-4.67953016432
1.08288987206,-4.71587634927
1.08237916196,-4.71938638686
1.08544558828,-4.76636618318
1.08365123433,-4.70613758902
1.08460212547,-4.69598446091
1.08759981159,-4.76683982861
1.09093133754,-4.78272881092
1.08996624627,-4.72166315509
1.09164646628,-4.76616479699
1.09517079736,-4.75987409237
1.09576130771,-4.83174673449
1.09629058114,-4.79468069853
1.09672428283,-4.79028598514
1.09264560921,-4.76019224311
1.09469541532,-4.85026246307
1.09516879843,-4.76851243964
1.0939630538,-4.75836070895
1.09081124898,-4.76909599544
1.09367744267,-4.75340604518
1.09286811553,-4.75256317238
1.09353474767,-4.8234624495
1.09193734222,-4.75472284522
1.09123087009,-4.80036214455
1.09189086911,-4.81164272424
1.09731140531,-4.85515654295
1.09514329934,-4.83729412908
1.092411917,-4.84108252245
1.09435155056,-4.80420180109
1.09481588608,-4.82114965212
1.09432999902,-4.7895817908
1.09768420954,-4.80817590435
1.09622951288,-4.78488219004
1.09475200226,-4.80055890007
1.09565704919,-4.78375507365
1.09447390679,-4.78682459097
1.09035284326,-4.74219633645
1.09127941884,-4.80900557529
1.08968337545,-4.781700291
1.08660463232,-4.75851465698
1.08762236184,-4.70688306123
1.08523420787,-4.7308898971
1.08130998615,-4.70744866439
1.08420392113,-4.77134361094
1.08640660054,-4.79322088546
1.08325161084,-4.76216033395
1.08319038126,-4.77527306611
1.08631903506,-4.8065730549
1.0839146894,-4.78021354169
1.0853335971,-4.80704564534
1.08422502233,-4.74676533162
1.08186600301,-4.75400577413
1.08377339832,-4.81980021426
1.08740302038,-4.80547760927
1.0843058227,-4.7722264503
1.08219905823,-4.80240041339
1.08357521307,-4.74473140869
1.08299316235,-4.74120634873
1.08110459789,-4.7356336939
1.08580629376,-4.80902679649
1.08358985792,-4.71719280417
1.08337201819,-4.72977255004
1.08362392664,-4.80382009606
1.08560002718,-4.83837619166
1.0831806506,-4.74577153534
1.08530881824,-4.77766234817
1.08450771817,-4.74859640422
1.08338800286,-4.74231317106
1.08734184148,-4.790185711
1.08658777053,-4.81243106799
1.08175809135,-4.69246156614
1.08569264428,-4.7767284551
1.08643582099,-4.80187684304
1.08444217145,-4.72286067431
1.08300120858,-4.75235592376
1.08594290499,-4.82940394191
1.08310203243,-4.75023085098
1.08631419046,-4.7984725439
1.0857379859,-4.79023874816
1.08226673774,-4.78576603027
1.08344820557,-4.74486700678
1.08625241244,-4.76693340723
1.08533911368,-4.7605483734
1.08397521836,-4.76820699023
1.08589658871,-4.79908294045
1.08445072772,-4.78272021544
1.08412136905,-4.7698027427
1.08598029078,-4.77795511893
1.08323149221,-4.73989286638
1.08325464123,-4.82945550283
1.08575042395,-4.74591557073
1.08513594126,-4.83204046978
1.08096504143,-4.75045394877
1.08332578149,-4.76463827221
1.0831109617,-4.77431994332
1.08356043094,-4.80276884859
1.08586588314,-4.78206480535
1.082967282,-4.71067669811
1.08070983334,-4.71951422744
1.08260710966,-4.75527583549
1.08385332038,-4.7201775157
1.08286866886,-4.74399649285
1.08149940038,-4.70234109514
1.08247397355,-4.70581385743
1.08130048205,-4.66657465803
1.11867611833,3.59976286764
1.08303106758,-4.88620324064
1.08103234085,-3.63958897401
1.08237166097,-3.73237747421
1.08573774404,-4.15292610856
1.08276621474,-4.41790598075
1.08308142477,-4.70454080456
1.08372640497,-4.78153488724
1.08345120369,-18.9621078356
1.0800528726,-6.64097999982
1.08429064189,-6.08804297402
1.0821041932,-5.24352270067
1.08064432631,-4.8391779431
1.08484571975,-4.78218298455
1.0838952337,-4.65519468803
1.08283839989,-4.60843660724
1.08351085088,-4.63868537844
1.07928834776,-4.29850066253
1.08110654604,-4.59748139134
1.08407542558,-4.6613284535
1.08508046999,-4.6838679068
1.0820093054,-4.68286056494
1.08474224519,-4.70579514661
1.0856892839,-4.6076507344
1.08601711533,-4.74442926587
1.08786366214,-4.69506441122
1.09046682585,-4.6400459953
1.08974178678,-4.65229277773
1.09194930965,-4.69540647545
1.09179904788,-4.76769635644
1.09136130902,-4.80201473325
1.09132386983,-4.73816831541
1.09396398302,-4.72555235757
1.089073077,-4.71558283572
1.08937571188,-4.72267380712
1.0899781794,-4.71869165656
1.08998994447,-4.75379027764
1.08816562678,-4.76891255786
1.08978577719,-4.72915719712
1.0889133939,-4.7570470602
1.08973887416,-4.71597664564
1.08975783616,-4.74252507526
1.08991043788,-4.75260845688
1.08943833114,-4.72094444195
1.09247415609,-4.76343203038
1.09098264177,-4.77909725527
1.09183091377,-4.79719242461
1.09298710253,-4.76236315253
1.09249995921,-4.76141188713
1.09140497644,-4.73845273026
1.09556665011,-4.74790301581
1.09560757252,-4.78852933068
1.09293814731,-4.81191673159
1.09169739704,-4.75325596119
1.08952492437,-4.72315509823
1.08881992641,-4.71223063514
1.08895072053,-4.7729030131
1.08619925753,-4.73583689731
1.08366055944,-4.70892730019
1.08567239165,-4.73102327322
1.08546981797,-4.68876419005
1.0845103719,-4.71097160398
1.08678835162,-4.71193866907
1.08939650532,-4.69681467666
1.08683037131,-4.68780929563
1.0858415597,-4.64955286305
1.08882556617,-4.68762440694
1.0855174152,-4.68872412288
1.08656099917,-4.67704743959
1.08856566882,-4.73417927813
1.0860936665,-4.70104912679
1.08610229485,-4.64851572409
1.08789914637,-4.69925507019
1.08691821063,-4.72953329076
1.08646931627,-4.69079788114
1.08811987462,-4.68965157222
1.08465028849,-4.62555640191
1.08407072554,-4.66237135236
1.0881710772,-4.69678230805
1.0884446209,-4.69265228862
1.0838725004,-4.64700209978
1.08585358212,-4.69408839757
1.08552667401,-4.67820082442
1.08401146652,-4.60638170511
1.08801677041,-4.71636101903
1.08664355886,-4.66717807777
1.08376067759,-4.68056688671
1.08742280209,-4.68915174751
1.08636838122,-4.61328970937
1.08671768146,-4.70735031474
1.08629826336,-4.66108319542
1.08528706756,-4.66902910026
1.0847644877,-4.68758840092
1.08537984571,-4.67099781809
1.0853741364,-4.65264946676
1.08193751814,-4.63489673725
1.08332966563,-4.00478181803
1.07800794028,-3.53958220235
1.07612471509,-3.20934787201
1.07447684953,-3.26442933065
1.07650502557,-3.2187891381
1.07510166167,-3.2376363034
1.07748400237,-3.2626984272
1.07759992266,-3.30209551581
1.07730722073,-3.30725161636
1.07756756344,-3.25380771106
1.08099937815,-3.2695982134
1.08006785164,-3.31039527356
1.08021504162,-3.25844465621
1.07832080618,-3.21788735503
1.07937680805,-3.26992360712
1.07706821495,-3.23382064909
1.08098358077,-3.27535526178
1.07732950945,-3.24217546113
1.07626024584,-3.23879079963
1.07837812195,-3.22566443651
1.08129019836,-3.29221309689
1.07715657727,-3.26621614982
1.0777099267,-3.22187866624
1.07775363264,-3.26444433209
1.07816647941,-3.28115028843
1.07734027169,-3.25218723882
1.07768544186,-3.26406483987
1.07471529714,-3.27301573643
1.07948320171,-3.2953262885
1.07866461304,-3.29562252804
1.07762430179,-3.27621728577
1.07714161802,-3.23589404233
1.07932532848,-3.24807530082
1.07838050842,-3.30073687634
1.07969590752,-3.29493882132
1.07961117925,-3.30489195894
1.07731481023,-3.26698574183
1.07724135892,-3.27116150324
1.08050332086,-3.27536549434
1.07704618588,-3.27763073641
1.07528125961,-3.26997703442
1.0770076211,-3.27457759705
1.07626222157,-3.22259483946
1.07866113328,-3.30974881257
1.07997623477,-3.31027083445
1.07569172213,-3.29378687951
1.07732639789,-3.29108949691
1.07882520511,-3.30538412269
1.07910777204,-3.28005050881
1.07668426584,-3.22575312256
1.07881177294,-3.30299630233
1.07744789532,-3.26533264037
1.07910081145,-3.31551612048
1.07786546196,-3.2604893873
1.07929184185,-3.28207860465
1.0751847677,-3.23785644338
1.07895801243,-3.28805355835
1.07793522557,-3.29713078595
1.07741467588,-3.26672936235
1.07827803064,-3.28576708879
1.07802343771,-3.24162973353
1.07537318479,-3.24865491901
1.07978567291,-3.28660350789
1.07940476309,-3.30529381755
1.07759667195,-3.27097443793
1.07635451956,-3.26415746108
1.08042150199,-3.29294836709
1.07840405781,-3.2914473795
1.07819185447,-3.30540549582
1.0774526272,-3.24746188137
1.07756931441,-3.29276232191
1.08097696844,-3.32316853837
1.08032039054,-3.27093638126
1.07836065722,-3.30727046675
1.0786827746,-3.2686477381
1.08052235898,-3.31488491244
1.08014194188,-3.28542729201
1.07804001846,-3.30888917874
1.08030380609,-3.27557217146
1.07833831068,-3.2606061436
1.07971996828,-3.2973301372
1.081564931,-3.29022932859
1.07919697216,-3.28491462924
1.07593947234,-3.2251421495
1.08038536847,-3.28165174929
1.08029561807,-3.30518088233
1.0764835668,-3.28802437056
1.07727523727,-3.28138942177
1.07903357533,-3.302458283
1.07712372248,-3.28131385556
1.08061708714,-3.27977394567
1.0785099657,-3.28696481503
1.07654721556,-3.29758408792
1.07877989125,-3.3066693675
1.08016636832,-3.24998884077
1.07846068748,-3.33749913527
1.07698371363,-3.27885635511
1.07780175429,-3.27472698139
1.07723245431,-3.27573015269
1.07748276737,-3.2825949412
1.08040276455,-3.25673870009
1.07719387808,-3.3108392435
1.07850741691,-3.25388303432
1.07947747402,-3.27508730977
1.08011578938,-3.32887591284
1.0777102217,-3.2765120706
1.07999357324,-3.2595829893
1.07773943969,-3.29930275739
1.07870190028,-3.25661152448
1.08063814539,-3.29219147747
1.07701152463,-3.25039797641
1.07431100768,-3.22838376561
1.0809436449,-3.27062351433
1.08040231218,-3.32856629356
1.07740785415,-3.27718909034
1.07824425761,-3.28209438348
1.07858995168,-3.2867896477
1.07596264313,-3.22991917799
1.07952784866,-3.26551930362
1.07771157296,-3.28222996575
1.0765834472,-3.29233905448
1.07793915952,-3.28696766547
1.07912808345,-3.25328811719
1.07672792949,-3.27645976244
1.07815686797,-3.2666001717
1.07885647778,-3.27959697712
1.07903183068,-3.25490467158
1.07919810127,-3.2922037025
1.08145868211,-3.29010919118
1.07714056446,-3.31131493931
1.07905616708,-3.29935074353
1.08021076783,-3.2885884585
1.08072081749,-3.27836233121
1.07975485665,-3.26148722341
1.07851339449,-3.25352719262
1.08000049437,-3.29451346126
1.08013904129,-3.25736715357
1.08093618453,-3.27426871292
1.07951468579,-3.24564099671
1.07912752691,-3.25646514364
1.08211608793,-3.32663120338
1.07989810552,-3.25863645209
1.07906677211,-4.24271720417
1.07966466318,-1.89004348438
1.08105149275,-2.6126939323
1.0766208007,-2.98817778296
1.08145898677,-3.27223750139
1.08066494765,-3.42401385164
1.07862252613,-3.44222582805
1.07918410545,-3.46653324933
1.08226769346,-8.38929000988
1.07650667745,-3.75652828855
1.07682418096,-2.76965180587
1.07649808488,-2.90251961383
1.07520310708,-3.03663163666
1.07713862323,-3.13637467568
1.0775238243,-3.14454391384
1.07332193133,-3.19417356898
1.07593181992,-3.20230773931
1.07503098207,-2.94250300473
1.077559889,-3.21264007938
1.07603156475,-3.20538356197
1.07847813856,-3.22545872355
1.07561424217,-3.19124128071
1.0775846165,-3.22426257385
1.07546492979,-3.17310873335
1.07568444053,-3.16249511396
1.07510388865,-3.19184689553
1.07971985066,-3.25573032183
1.07777780368,-3.26707978244
1.07766522594,-3.24133122879
1.07901834022,-3.27013356792
1.07758404617,-3.2155658297
1.07670439793,-3.23309892272
1.07923357339,-3.2335904594
1.07776542046,-3.25337198984
1.07604214377,-3.23615344694
1.07739152791,-3.25487907957
1.07755653972,-3.1875928064
1.07582389301,-3.2629742715
1.07611078032,-3.21381209995
1.07551664952,-3.23763517731
1.07565929802,-3.2289972374
1.07701852873,-3.24276128393
1.07769531377,-3.23811061421
1.0743767041,-3.21822340845
1.07690496813,-3.25731696435
1.07648422992,-3.27516880987
1.0775892706,-3.20077070017
1.07795079762,-3.28675958067
1.0773498531,-3.23171349673
1.07698244079,-3.25912511187
1.07778836994,-3.2524625167
1.07865354527,-3.26486016303
1.07575560531,-3.27161560718
1.07728021998,-3.31170076832
1.07938213945,-3.27712969743
1.07800108911,-3.24627152323
1.07798413887,-3.26378900171
1.07760305841,-3.29123080416
1.07638646848,-3.24684275535
1.07772670121,-3.29217468872
1.0798086122,-3.26916515976
1.07718793795,-3.27566367414
1.07666728592,-3.25854812505
1.07849039408,-3.29334607606
1.07908130022,-3.26400676325
1.07597055714,-3.29141923185
1.07861096178,-3.31112402793
1.07790874375,-3.30168381665
1.0771300573,-3.24329509063
1.08028538491,-3.32607381014
1.07980475033,-3.26166032915
1.0749382413,-3.28336556928
1.07770903528,-3.27794024133
1.07842319039,-3.25946460267
1.07752357753,-3.29698704979
1.07697506013,-3.29583017409
1.07681905485,-3.24281799247
1.07708073016,-3.29807734744
1.07775954713,-3.2592312732
1.07749524205,-3.26257691761
1.07622512219,-3.27302293983
1.07711555733,-3.29382822211
1.08061742044,-3.29598081812
1.07534684765,-3.25407493309
1.0780358351,-3.29873880966
1.07814642946,-3.29778632731
1.07764664799,-3.26111333755
1.07721418667,-3.28085763388
1.07794178946,-3.24681910766
1.07626585007,-3.28442093961
1.07630644619,-3.25522583853
1.08043249007,-3.30036422008
1.07757166829,-3.26137551468
1.07688832495,-3.24965648215
1.07863328322,-3.25281436015
1.07678453949,-3.25012816775
1.07791769936,-3.26559453594
1.07836354339,-3.26127547112
1.07769822686,-3.27230706282
1.07494103775,-3.31064332439
1.07771580378,-3.27162441248
1.07885259211,-3.28421243687
1.07710256878,-3.23479216162
1.07595434911,-3.27743370621
1.07849903166,-3.27769115047
1.07733250756,-3.30898160096
1.0771473968,-3.27169820824
1.07628174487,-3.2454239756
1.07525366186,-3.25108830292
1.07747843154,-3.29044242905
1.07853398739,-3.25307555749
1.07614585388,-3.2683230591
1.07679151634,-3.24395165501
1.07646216273,-3.27771779965
1.07623481597,-3.3018615437
1.07562628201,-3.28093659751
1.08003273276,-3.31488206478
1.07582861731,-3.26071502666
1.07721762782,-3.28977423806
1.07849172783,-3.25132103172
1.07773547285,-3.25525859742
1.07648935624,-3.33210151502
1.07863476988,-3.27949750459
1.07704563333,-3.33859227129
1.07679096451,-3.24951709073
1.07954078082,-3.27811769668
1.07830288703,-3.23644780096
1.07669667241,-3.30423229278
1.07885648257,-3.27444655922
1.0775169044,-3.30319165111
1.07680776281,-3.24480398538
1.07755363766,-3.25939172797
1.07705191973,-3.274336103
1.07603510966,-3.26608072469
1.07826455002,-3.29314538472
1.07642785078,-3.26991292088
1.07388934998,-3.21620279535
1.07703434853,-3.26847254614
1.07756790072,-3.28405872871
1.07648303931,-3.28190945005
1.07788159503,-3.28694548996
1.0742473115,-3.27663920354
1.0760611541,-3.3112476401
1.07778565523,-3.30096040836
1.07874728296,-3.2388256733
1.07556455083,-3.27899598983
1.07600498497,-3.28247873172
1.07814241363,-3.28454786307
1.07826833632,-3.25792974592
1.07791260184,-3.28976086188
1.07802685127,-3.24329808975
1.0760143135,-3.30842294966
1.07694407975,-3.25754907092
1.08026507719,-3.2697020885
1.07803493419,-3.25287343407
1.07610253524,-3.25298855033
1.07899858629,-3.28007628734
1.07844146507,-3.27878545454
1.07689977803,-3.27584386172
1.07755881626,-3.28224275979
1.07589757909,-3.27202867962
1.07778376734,-3.28075740081
1.12391294157,4.24009341312
1.07810911534,-3.54909372252
1.07559116924,-2.23809494303
1.07655006626,-2.30156461213
1.07891319881,-2.65357447218
1.07687285983,-2.99390193328
1.07762833605,-3.23817725832
1.07749453985,-3.36616816998
1.07694521443,-14.9212716931
1.07842081086,-5.0643713165
1.07877019577,-4.41570700053
1.07448347023,-3.89475791067
1.07728690588,-3.59095159643
1.07813159043,-3.44719437051
1.07717774176,-3.21736654716
1.07797020879,-3.21966442964
1.07913071723,-3.24752052074
1.07552181697,-3.29387856138
1.07844686181,-3.12596762326
1.07951721373,-3.23125350445
1.07696159096,-3.20129771459
1.0764545264,-3.2106053303
1.08072794482,-3.23470436189
1.07842290939,-3.20391863319
1.07836459609,-3.22789230975
1.07761445908,-3.24055019053
1.07660246081,-3.21338660466
1.0776497862,-3.23668407232
1.08030636943,-3.263286577
1.07747524238,-3.20952450708
1.07640873545,-3.23660042076
1.07791122174,-3.277314298
1.07841718384,-3.24103701638
1.07544465752,-3.22532982981
1.07844917237,-3.2613036264
1.07827805513,-3.25482220329
1.07867897397,-3.25951612214
1.07695210024,-3.26728659205
1.07769948326,-3.25936595309
1.07594978509,-3.25612272377
1.07825261401,-3.26443237561
1.078443588,-3.27216293092
1.07660862933,-3.23419192841
1.07753791949,-3.25600906232
1.07827341788,-3.23855063239
1.07515125466,-3.29259006487
1.07630586078,-3.20975026994
1.0781839531,-3.28724390754
1.07663805105,-3.26223577059
1.07441767414,-3.23225248104
1.07884093085,-3.30233079729
1.07599301855,-3.27868813814
1.07738416867,-3.23086876051
1.07866406647,-3.25537596026
1.07664796242,-3.26761996128
1.07648711212,-3.24040927942
1.07921149868,-3.28621616848
1.0782386011,-3.31646200778
1.0766735607,-3.25039021544
1.08034807147,-3.31574894727
1.07813674308,-3.27270180225
1.07649050125,-3.2683555633
1.07894303283,-3.3030482536
1.07701591615,-3.26809307235
1.07704003903,-3.26587573485
1.07900899044,-3.30652334653
1.07794957254,-3.29865342815
1.07384275032,-3.28219673368
1.07761441716,-3.27036374718
1.07851745112,-3.31007298684
1.07639494089,-3.25269811962
1.07833895709,-3.26223583045
1.07863172649,-3.30290350399
1.07520981673,-3.27171256616
1.07900057834,-3.28198698849
1.07766689634,-3.26806343021
1.07848389296,-3.33631585779
1.07576161838,-3.32122529331
1.07815395506,-3.29772678529
1.07709911767,-3.25474319347
1.07715352848,-3.2699534719
1.07797696004,-3.33569377399
1.07583307871,-3.26368831731
1.0760988438,-3.24359408223
1.07929018021,-3.24301056825
1.07554836801,-3.291742116
1.07684762913,-3.28038207663
1.07808381119,-3.25900360952
1.07890670133,-3.27781252114
1.0783191002,-3.30656207676
1.07873725356,-3.31132217603
1.07509226711,-3.24617992027
1.07735840862,-3.29182139131
1.07882510812,-3.31064436789
1.07813089825,-3.29997378387
1.07645724756,-3.27441585319
1.0649925312,-3.96503371965
1.05719631498,-3.34095065801
1.05685092067,-3.09176636296
1.05772302913,-3.02066389894
1.05627983477,-2.97945357976
1.05593615455,-3.06078567619
1.05877921671,-3.10943322144
1.05764039024,-3.13166548959
1.05427192573,-3.12144418375
1.05675929362,-2.89057459531
1.05992568405,-2.90038370188
1.05801982273,-2.87386433668
1.05883074996,-2.78663214444
1.05820430418,-2.86432106466
1.05803492028,-2.87023010989
1.05880332523,-2.87006994693
1.0607239427,-2.85886625479
1.05685207499,-2.91365135427
1.05634635451,-2.88022471934
1.06030025277,-2.86612514116
1.059717027,-2.91279811944
1.05952849147,-2.91666587413
1.0604230249,-2.8709287927
1.06074057364,-2.90068542444
1.06360512438,-2.91847640334
1.06619822873,-2.90209433293
1.06476561675,-2.91448191436
1.06715278794,-2.96679154261
1.07170197474,-2.89707304327
1.07091256193,-2.89623255915
1.06870795929,-2.87896339818
1.06837527907,-2.8815712006
1.0690984634,-2.94829639053
1.06717642986,-2.95364174514
1.0691970637,-2.93341435513
1.06693207639,-2.89063187754
1.06434522123,-2.92179507087
1.06512275918,-2.95333365739
1.06511906935,-2.92409410877
1.06384459438,-2.88931998716
1.0650619133,-2.9723235456
1.06362843345,-2.89485311573
1.06436693927,-2.92967315249
1.06603374394,-2.95749662396
1.06742784606,-2.95369430361
1.06424531147,-2.88637859853
1.06769517661,-2.9013397218
1.06863839132,-2.93198648753
1.06976053593,-2.92379667793
1.06819581608,-2.92988897969
1.07162149888,-2.90175148975
1.06969331687,-2.92721089617
1.07095053016,-2.92172784654
1.07035492198,-2.89753847641
1.06778849964,-2.90265001877
1.06606968646,-2.87985280634
1.06555895035,-2.86986434629
1.0652692728,-2.92965419876
1.06406166902,-2.93465075442
1.06205978744,-2.88616409434
1.05850758864,-2.89994478577
1.05785882754,-2.87709740177
1.06021293039,-2.8670366663
1.05914545393,-2.91063830695
1.05791145268,-2.87802371736
1.05979357356,-2.92628752564
1.06129114885,-2.90393942336
1.05819785052,-2.82821883359
1.0598452487,-2.86600545018
1.05889532937,-2.86374386377
1.05826741603,-2.8775520925
1.06049199534,-2.88267071102
1.06058845994,-2.87551172726
1.05613609626,-2.89557278055
1.05949365648,-2.87794476296
1.05851854954,-2.84406773414
1.06011549923,-2.88820380322
1.05922261924,-2.90641826314
1.05960864961,-2.84363303468
1.05890558597,-2.87937197273
1.0604995256,-2.86968333033
1.06034134596,-2.89955232404
1.058460669,-2.8191322929
1.05765457142,-2.90205416267
1.06201367771,-2.90444490992
1.06089115641,-2.87198423141
1.05950924159,-2.85031310267
1.06056159932,-2.91552254179
1.05866434186,-2.87373426189
1.05840827272,-2.88248629935
1.06292093497,-2.90400699093
1.0600252199,-2.91516080642
1.05842133251,-2.84119245085
1.05975785243,-2.86339755293
1.06013397486,-2.8665905888
1.05905807694,-2.87894746151
1.05970150704,-2.8455770858
1.05856627199,-2.82588007051
1.05839370279,-2.87852693402
1.06140150642,-2.88616580788
1.06082712093,-2.86350719727
1.05744014766,-2.9140321044
1.05827368685,-2.82717566478
1.05993741765,-2.84368504464
1.05963899669,-2.84377366412
1.05997359558,-2.84997522869
1.05849401268,-2.85402659436
1.05670354206,-2.88343100351
1.06032923743,-2.8624749482
1.0594355008,-2.85498311624
1.05911869335,-2.88014889734
1.05842047414,-2.8974570149
1.06175104279,-2.86709210708
1.05938422705,-2.88187784041
1.05877293791,-2.8295399187
1.06020979155,-2.88847543245
1.06052405382,-2.85946802618
1.06060193151,-2.8834165117
1.06141024157,-2.86928726497
1.06008790469,-2.86452675611
1.06020099375,-2.8655820901
1.06008479005,-2.8637072321
1.0600025985,-2.82959334644
1.06013651195,-2.86149827988
1.06028668799,-2.86937488285
1.05832344735,-2.89108836212
1.05995680791,-2.85049773142
1.06023588973,-2.85037457023
1.06088490734,-2.90424362068
1.05806738994,-2.85935175414
1.06175158635,-2.9007177494
1.05900513046,-2.84766756322
1.05940537159,-2.86244520277
1.05985654229,-2.84923935281
1.0604578336,-2.86272940452
1.0593924674,-2.87183465551
1.05992435258,-2.85950835064
1.05916312982,-2.89180090717
1.05881808766,-2.88455744834
1.06043707792,-2.89924461576
1.06119591957,-2.86526370815
1.0590955329,-2.87867346223
1.06120600733,-3.57732556432
1.05986448015,-1.25391316027
1.05869351385,-2.16804944953
1.0592904996,-2.61440315485
1.06259732171,-2.83911048652
1.06014627438,-2.98466003536
1.0610979893,-3.08423020276
1.05980168726,-3.05871030799
1.06204374405,-7.75473899246
1.06093348619,-4.21586158459
1.06182410483,-2.50533975556
1.06027641384,-2.39014404347
1.060808091,-2.46139124651
1.06273210363,-2.63304599926
1.06088938032,-2.66026548462
1.05907925747,-2.71271772677
1.06103618535,-2.67750968291
1.05678199294,-2.31196959756
1.06017600488,-2.74277471324
1.06038267411,-2.68711950792
1.05987450276,-2.75111362892
1.05981356991,-2.75662798623
1.06170947335,-2.76959801692
1.06056561206,-2.75616604669
1.05790743725,-2.77118238921
1.05875488423,-2.8103720186
1.06089756556,-2.81389364314
1.06017546893,-2.7909330016
1.06021958098,-2.75142472163
1.05902670127,-2.79684765315
1.05845563254,-2.79346979696
1.05936199919,-2.81667976007
1.06125687228,-2.80152728726
1.06004444981,-2.83724862898
1.06063596488,-2.82353804158
1.0618545274,-2.86535237921
1.0596183748,-2.8159975092
1.06056654496,-2.81400864689
1.06130234543,-2.82714327515
1.0587726367,-2.78706651052
1.06046693774,-2.81718648104
1.06223796141,-2.84278694366
1.06047066333,-2.81437188085
1.06053909747,-2.83090130251
1.06128647472,-2.82866320236
1.05947899415,-2.81511628143
1.06147093412,-2.8187611708
1.06113280178,-2.81074603387
1.05929366285,-2.82131454612
1.05962356079,-2.76294060384
1.06320727037,-2.8577357099
1.06197615995,-2.86929632009
1.05941304019,-2.8241931649
1.06060144929,-2.85690961501
1.06170552088,-2.79647626624
1.05887128212,-2.84783693093
1.05984094525,-2.739397479
1.05984665092,-2.84248297462
1.05932402917,-2.82892870604
1.06107143421,-2.86736016515
1.06077942238,-2.87979336175
1.0585111018,-2.83636127435
1.05973412026,-2.83324679369
1.06072894514,-2.82726179176
1.06011371492,-2.78171852365
1.06017298539,-2.85331792781
1.06105814429,-2.85019926711
1.05863344836,-2.84976746101
1.06112498287,-2.85267736827
1.06265263533,-2.85105138738
1.06037424519,-2.81992660846
1.05996418573,-2.87770232638
1.06100533311,-2.81595259623
1.06125473488,-2.85081822639
1.06103183635,-2.83380280126
1.05923917325,-2.79910596405
1.05947088414,-2.75222895831
1.05972254852,-2.80393647668
1.0624128746,-2.84224965468
1.05902269866,-2.80969074368
1.05924791077,-2.80387230704
1.05932403371,-2.80731958267
1.06207853053,-2.82528672253
1.05830935018,-2.7780740522
1.06142601116,-2.77965290836
1.06085638093,-2.83449274718
1.05878440076,-2.76616184043
1.06048549133,-2.81587989568
1.06222363967,-2.82189835277
1.05794390437,-2.7847236365
1.05881667068,-2.79201781816
1.06041888086,-2.82273754558
1.05938480556,-2.81778072301
1.06170494153,-2.78612024175
1.06082011471,-2.7865272606
1.05851232009,-2.77409017537
1.06063543161,-2.83356623481
1.06185450064,-2.7782450273
1.06002336484,-2.83979210116
1.05878171168,-2.84774906968
1.06112146521,-2.7536121816
1.05984913945,-2.81525052621
1.06081939994,-2.82543461002
1.06175666354,-2.86223314655
1.05954436462,-2.8308825233
1.06143770496,-2.83637042621
1.06294271869,-2.7986232213
1.06088613536,-2.85639530864
1.06061723234,-2.82926187432
1.06257653099,-2.84855127014
1.06107871969,-2.84294762279
1.06116459003,-2.89545017154
1.06227837565,-2.86508608898
1.05947352555,-2.82227453794
1.05913902875,-2.81670001874
1.06238857434,-2.82536077443
1.0630163497,-2.83477665292
1.05998786035,-2.85425785409
1.0603959255,-2.75903444995
1.06129905809,-2.82072471104
1.06256739884,-2.78978476845
1.06396429784,-2.84055899194
1.06340680125,-2.85390948743
1.06107814326,-2.83754865299
1.06414569968,-2.83684605375
1.06352880885,-2.83962605745
1.06371176764,-2.88048474417
1.06050503123,-2.84422414642
1.06292404464,-2.82778368764
1.06247891947,-2.84909343631
1.06368832663,-2.86872455155
1.06281343349,-2.87926822484
1.06057831943,-2.83386271137
1.06223807682,-2.8845202061
1.063697375,-2.82678539524
1.06271665275,-2.83536538368
1.06375492201,-2.82228249996
1.06329952562,-2.85849515913
1.0665099082,-2.86862869407
1.06573789538,-2.84163208496
1.0675309228,-2.84463034847
1.06320556153,-2.86262022374
1.06457199902,-2.84291171795
1.06663207866,-2.840026832
1.06755639657,-2.80914240806
1.06510214755,-2.82962084843
1.06656139609,-2.81026834798
1.064711251,-2.85512319536
1.06422060565,-2.79333622046
1.06390233835,-2.86555545587
1.06437560392,-2.84009396128
1.06211357026,-2.84059282363
1.06465940149,-2.8315473848
1.06357211503,-2.84497567444
1.06170372914,-2.85601086467
1.06051836125,-2.88042494743
1.06094039161,-2.83699391407
1.06340822858,-2.84542469845
1.06457831575,-2.8530508144
1.06285034403,-2.85857454853
1.06237752287,-2.90282504137
1.06272997786,-2.83346792089
1.11082492938,4.79167825495
1.06166803088,-3.01138023698
1.06086540664,-1.58589797728
1.06377998226,-1.77702593213
1.06294636033,-2.18825599485
1.06103793727,-2.52953193904
1.06189221778,-2.80804488223
1.0608478505,-2.98058824559
1.06097566575,-15.5082076569
1.06118917382,-4.84887988044
1.06086450565,-4.03850192978
1.05911067813,-3.4536634866
1.06165736768,-3.15626729807
1.06052520759,-2.9638734532
1.06146272631,-2.80446988143
1.06092909482,-2.75086307973
1.06060157605,-2.81520215469
1.05656744737,-2.54035499205
1.0617618922,-2.79956654825
1.06183849955,-2.84030392864
1.05947296464,-2.75888735104
1.05971028244,-2.77445746596
1.06105363833,-2.78191836422
1.05992677261,-2.7909226463
1.06083608987,-2.7853619793
1.05979714196,-2.77730385423
1.05998390701,-2.76176237928
1.06165194443,-2.7760951473
1.06100299241,-2.8002845282
1.05798511423,-2.78250920519
1.06099583892,-2.79943614285
1.06244970318,-2.87539571151
1.06236159895,-2.82739859501
1.06187595975,-2.77606517785
1.0625961084,-2.80840367562
1.0596657304,-2.80689420744
1.06165098496,-2.82411457732
1.06223121917,-2.80577924862
1.06136451555,-2.74759972434
1.06230534635,-2.83158138165
1.06329562902,-2.81469378817
1.06103024756,-2.81945967471
1.06205354808,-2.81733769998
1.06303999943,-2.83708884041
1.06314504889,-2.8213154004
1.06118696426,-2.87360050434
1.0633933478,-2.83474116416
1.06161050016,-2.85118065996
1.05970152123,-2.80688592828
1.06174623143,-2.84741800402
1.06311364115,-2.85306088383
1.06061067249,-2.80354389773
1.06151203207,-2.82739508683
1.06210890956,-2.83141138856
1.06092411707,-2.82322754828
1.06331899233,-2.85719180204
1.06330153349,-2.79813771764
1.06114920876,-2.81134122885
1.06202675398,-2.80118045024
1.06232708972,-2.85437858554
1.0638564798,-2.85971724067
1.0619945621,-2.80205902145
1.06425398541,-2.8425400096
1.05954879928,-2.8106514081
1.06241013077,-2.85350490504
1.06308186342,-2.83736592473
1.06059222634,-2.82534407192
1.06154974761,-2.8475132355
1.0628848606,-2.85597190009
1.06111402597,-2.8559630371
1.06260054553,-2.84691518295
1.0627415343,-2.84526990936
1.0620387476,-2.77970551883
1.06091838794,-2.82893706889
1.06488099008,-2.79882951224
1.06285221005,-2.84799511324
1.06195683284,-2.84220079401
1.06173213335,-2.79867577686
1.06221757819,-2.85744190338
1.06221280756,-2.85286110422
1.064868017,-2.88724877498
1.06242314202,-2.82962346934
1.06056584972,-2.83806293353
1.06353635208,-2.87766379859
1.06344263677,-2.8323660752
1.06020844315,-2.84632240359
1.0601071202,-2.83975123751
1.0604505047,-2.83810529481
1.06042941474,-2.82143501822
1.06079929475,-2.81821811965
1.0606146223,-2.83814864231
1.05862176096,-2.85051460708
1.0620936345,-2.85447394763
1.0625983216,-2.90473648459
1.05953758295,-2.87909631527
1.06012492354,-2.8539743048
1.07090328301,-4.33528803432
1.06221154816,-4.19914101361
1.06389535961,-3.82737546192
1.06272153079,-3.86462452943
1.06071190584,-3.8952696493
1.06291542067,-3.96464510944
1.06494171339,-3.87157505664
1.06320610374,-4.04815602493
1.06177836734,-3.94328226147
1.06332840121,-4.10465072462
1.06603099223,-4.13082941422
1.06349526004,-4.10140249987
1.06572182583,-4.04868139109
1.06273018,-4.1058541869
1.06343671835,-4.11573520334
1.06557869628,-4.11284739001
1.06518020894,-4.10524209047
1.06090458455,-4.05832451294
1.0636315664,-4.10108994574
1.06268120283,-4.07544078257
1.06260669894,-4.05020868606
1.06246060994,-4.12622060162
1.06261826123,-4.13864091016
1.06266510456,-4.11002211624
1.06461465319,-4.14385984749
1.06400415777,-4.15209141891
1.06265976936,-4.11686230155
1.0616963749,-4.10001297717
1.06389406341,-4.11466052409
1.06099479577,-4.12928180893
1.0640530767,-4.11556672294
1.06282511469,-4.12400904991
1.06189638279,-4.13746984904
1.06169340356,-4.14937071555
1.06347040016,-4.1430471792
1.06168740627,-4.18472068948
1.06226242696,-4.13046017925
1.06425861413,-4.19816865974
1.06343023228,-4.13581704036
1.06356886409,-4.16264197248
1.06200745859,-4.15535388574
1.06223336923,-4.17915158644
1.06299163223,-4.13787900716
1.06563540165,-4.18741343759
1.06441128837,-4.16843100405
1.06196640668,-4.16193926392
1.06536244037,-4.15714579624
1.06210378835,-4.1270627647
1.0644286285,-4.16212739632
1.0650212618,-4.16480747822
1.0627913528,-4.16849140825
1.06168246325,-4.12816709968
1.06339368335,-4.14733629
1.06401767395,-4.17354249278
1.06251197149,-4.19279174134
1.06241905748,-4.14418559765
1.06404744553,-4.19201376005
1.06383038286,-4.16460823785
1.0670745479,-4.22580733623
1.06442856371,-4.16397026142
1.06398121701,-4.17607230889
1.06634157778,-4.19067642406
1.06922223242,-4.18338098924
1.06860780175,-4.19602308547
1.06844131981,-4.16279413852
1.06894878397,-4.19470141042
1.06880034511,-4.22262299469
1.0703940425,-4.20227844461
1.07029230059,-4.20585464368
1.06766678354,-4.19443641255
1.06832567844,-4.23137128082
1.07162566546,-4.22777024699
1.07169382176,-4.18448399705
1.06710748054,-4.20340736604
1.06806243732,-4.14475992951
1.06831849546,-4.18541998478
1.06912087915,-4.18557604916
1.06900353438,-4.17310725082
1.06738392276,-4.19242037494
1.06703458651,-4.22119250586
1.07138255383,-4.22433380868
1.06843763982,-4.2318308955
1.06722916491,-4.1937108248
1.06732262179,-4.20018832786
1.06798842924,-4.17083088439
1.06656449631,-4.19388461296
1.06947842234,-4.24953292555
1.06536024156,-4.17656544655
1.0643553339,-4.20377399385
1.06507514737,-4.2005183595
1.06522000495,-4.21271201758
1.06178350404,-4.16996428937
1.06336628602,-4.19258151733
1.06171417952,-4.16110472306
1.06297275451,-4.19277988279
1.06429334974,-4.24007720695
1.06456648269,-4.1697811752
1.06056116032,-4.20827719699
1.06187933321,-4.1850246469
1.06537203428,-4.21755657285
1.06504245699,-4.2541452243
1.06277798228,-4.20248498615
1.06421984341,-4.21575856792
1.06268224901,-4.21602726914
1.06313204262,-4.20804501448
1.06262826263,-4.14831446491
1.06258075765,-4.20287719052
1.06397045038,-4.17365839021
1.0655222251,-4.2039858389
1.06300403921,-4.20772521698
1.0621072616,-4.20835696286
1.06168360076,-4.18090414679
1.06354905649,-4.19505390244
1.06324140012,-4.21235945618
1.06455821798,-4.20995838593
1.06334003563,-4.22891586472
1.06133111525,-4.19544746137
1.06346671571,-4.20616317116
1.06290024617,-4.19877647996
1.06138345078,-4.22385958807
1.0639548962,-4.18731516358
1.06366127248,-4.21153450425
1.06164716503,-4.21308015595
1.06432473047,-4.23050310884
1.06395282688,-4.22767239385
1.06137566885,-4.19093514461
1.06298180956,-4.23652218823
1.06191279304,-4.18820703985
1.06213687685,-4.1903158152
1.06200550984,-4.23960839327
1.06386792493,-4.23425586459
1.06189041332,-4.1888449241
1.0637880749,-4.18075434948
1.06295609464,-4.20771738409
1.06200660466,-4.21250006258
1.0616522918,-4.23739178731
1.06579517584,-4.24906533366
1.06408867298,-4.24568834457
1.06414804549,-4.18314894934
1.06335858191,-4.18510368856
1.0641511573,-4.20989604329
1.06334912458,-4.20852407147
1.06424966364,-5.37793636966
1.06275688287,-2.71333869647
1.06231666221,-3.46777121402
1.06278501984,-3.85483740129
1.06302187071,-4.12753698394
1.06261665184,-4.30350898038
1.06364504565,-4.39888678425
1.0649047596,-4.42872105517
1.06569270081,-8.88749427692
1.06542700398,-5.07717516752
1.06866127876,-3.74471656352
1.0657516754,-3.82062984053
1.06937894041,-4.02531574564
1.06819800332,-4.14314110796
1.06885938415,-4.20978210346
1.06669678805,-4.2096959064
1.06714410485,-4.17238232059
1.06809097193,-4.30654731943
1.06865243149,-4.17317426189
1.06796137509,-4.14557131779
1.06581068982,-4.22699382895
1.06612712775,-4.25927838032
1.06849114129,-4.19374894152
1.06655973359,-4.23997218901
1.06701629786,-4.24307237572
1.0648832469,-4.16818249441
1.06699402282,-4.2582674904
1.06628253175,-4.24962949695
1.06807602887,-4.24701042661
1.06640412518,-4.2295392611
1.068208053,-4.31287206765
1.0688924981,-4.25357567806
1.06886338014,-4.25115483134
1.06732083934,-4.24243418381
1.06889071467,-4.21052111987
1.06984734399,-4.28098139788
1.06743617898,-4.22522617828
1.07005758192,-4.23717881251
1.0676436943,-4.20905817434
1.06376423939,-4.20881321735
1.06676891487,-4.21442995418
1.06736618625,-4.2144683702
1.0664483171,-4.2753969227
1.06284352767,-4.21271663601
1.06275794854,-4.23744630856
1.06148735882,-4.18883248959
1.06461790673,-4.1937909651
1.06391159814,-4.25256260092
1.06285416129,-4.25110162521
1.06270900924,-4.18183379542
1.06543624536,-4.22993713245
1.0621797728,-4.23003521835
1.06256562002,-4.23072704844
1.06343670028,-4.1978915828
1.06352170534,-4.22115249255
1.06471788107,-4.25585623975
1.06463714562,-4.22749136831
1.06192005134,-4.19068612168
1.06304403207,-4.22301814386
1.06470529289,-4.25647319207
1.06414532554,-4.22629080943
1.06402193154,-4.24569293105
1.06454895092,-4.22071561493
1.06305126847,-4.19325725924
1.06406652763,-4.23024580574
1.06484152489,-4.26776167469
1.064069005,-4.25463137399
1.06161268587,-4.22421428055
1.06497567825,-4.21995082131
1.0641968405,-4.24262550217
1.06371014236,-4.24514061048
1.06348112816,-4.2778733465
1.06497801486,-4.23481222676
1.06341645298,-4.25351425342
1.0653473156,-4.21160624782
1.06244783374,-4.18745746364
1.0633474953,-4.23752819769
1.06397092351,-4.21075475766
1.0667467614,-4.26759680597
1.06349836448,-4.21831538143
1.06274221595,-4.22068429431
1.06474112055,-4.26792750231
1.06546848292,-4.29712292685
1.06371288009,-4.21188652142
1.06578992963,-4.21950622663
1.0627715088,-4.21598098072
1.06315933735,-4.20531328976
1.06416731262,-4.22901988497
1.06389315706,-4.26454476773
1.06322303427,-4.24631637376
1.06513141464,-4.23278097061
1.06383520705,-4.22697932874
1.06525122758,-4.28564115472
1.06418182555,-4.21649005639
1.06348679561,-4.21935706737
1.06293248045,-4.2776927823
1.06618723359,-4.23460599018
1.06318316897,-4.21620706458
1.06385951355,-4.25251855082
1.06571705097,-4.27009637844
1.06343805461,-4.21963504009
1.06226906971,-4.22227727026
1.06562954459,-4.21487299636
1.06371906848,-4.24157996003
1.06209587622,-4.17892737278
1.06315217751,-4.24125498872
1.06419631513,-4.25551669824
1.06191571273,-4.22266138171
1.06407073187,-4.23756530301
1.06301495279,-4.23471892005
1.06273565929,-4.23169386782
1.06356733628,-4.26153757664
1.06400991084,-4.22626471671
1.06185333248,-4.24609438798
1.06221522035,-4.20923021964
1.0648782766,-4.21285119917
1.06379361377,-4.22084438905
1.06442730281,-4.24570029
1.06327678539,-4.22751877047
1.06409694282,-4.2794255967
1.06607267179,-4.23720010929
1.06541727642,-4.24559855128
1.0622073931,-4.21431232062
1.06227384645,-4.19130578001
1.06572724797,-4.25356022806
1.06400141893,-4.23886656559
1.06572602388,-4.25814637319
1.06488477967,-4.22139826125
1.06239912822,-4.24894424596
1.06424917765,-4.26728339756
1.06653726511,-4.23454466667
1.06563717306,-4.21299238
1.06271476674,-4.25885892125
1.0663052722,-4.27555761809
1.06587547569,-4.25532400414
1.06405397297,-4.26469321682
1.06423313677,-4.24828223617
1.06395217851,-4.24972887477
1.06441619468,-4.23563546892
1.06451052421,-4.28407912984
1.06545464688,-4.23845021448
1.06147264082,-4.20257568811
1.06465480463,-4.19862743348
1.06347536004,-4.22992943251
1.06328648494,-4.22627127425
1.06350152567,-4.22629839363
1.0659553862,-4.26872281414
1.06401538235,-4.20141545394
1.06564065383,-4.23783985999
1.06710575674,-4.29879613441
1.06435628909,-4.24086452653
1.06424625263,-4.29563164942
1.06565765322,-4.23306087502
1.06502878379,-4.28905687569
1.06554291498,-4.24262570908
1.06455450877,-4.241198311
1.06371867903,-4.27277033103
1.06469274506,-4.25743995368
1.06588586415,-4.26424463578
1.06279414836,-4.21587984214
1.06537451478,-4.2638202644
1.06561643807,-4.22123293772
1.11100912268,4.22720008873
1.06301475058,-4.48073258962
1.06425279569,-3.14765745052
1.06471045535,-3.18368169972
1.06368421667,-3.60101319899
1.06475491507,-3.90295662564
1.0661417913,-4.15071616088
1.06288191719,-4.28629546221
1.06562933668,-16.7354808535
1.06590011749,-6.20368120281
1.06668109225,-5.55320351893
1.06902459291,-5.02572333047
1.06879335261,-4.68723125189
1.06943723824,-4.48305732771
1.07012689062,-4.28445982
1.07065844598,-4.21079295659
1.06996869249,-4.25673843773
1.06977499208,-4.19591824217
1.06889872942,-4.14945235617
1.06603785393,-4.10147179644
1.06838828698,-4.20728858654
1.06837836683,-4.21711070381
1.06484472391,-4.18326503604
1.067321111,-4.22653152358
1.07032440637,-4.2028166073
1.0671525849,-4.20194445974
1.06886397549,-4.24580898889
1.06954045326,-4.23070732105
1.06966134601,-4.23719254242
1.06722605537,-4.20139694024
1.07043261046,-4.22013428928
1.06761541199,-4.20415358705
1.06781381659,-4.22044733161
1.0730491455,-4.28185000891
1.07170582528,-4.29625292363
1.06921903412,-4.21944166662
1.07147407449,-4.28172601188
1.07029988047,-4.22695132977
1.06778986089,-4.22747141482
1.06929416073,-4.25096783935
1.06954008572,-4.23682909257
1.06588101434,-4.23708526773
1.06834547078,-4.27258404364
1.06558706,-4.22040431403
1.06380807866,-4.24202164707
1.06273580489,-4.22138487194
1.06481906734,-4.23039061343
1.06420171188,-4.2233823122
1.06583301884,-4.23813349852
1.06662372038,-4.24244339034
1.06562220524,-4.24805368066
1.06702716593,-4.22442507936
1.06985409365,-4.30113396499
1.0693668913,-4.26165397756
1.06998206165,-4.28037718787
1.07265464842,-4.33342936467
1.07053898921,-4.24329174154
1.06792365555,-4.27706225547
1.06925615218,-4.2435516332
1.06663155161,-4.29456738886
1.06760087473,-4.29810858689
1.06922553304,-4.29739793502
1.06541183238,-4.26522368073
1.06389783136,-4.22751395255
1.06814413195,-4.2602861112
1.06590873039,-4.22818167727
1.06577186241,-4.29011841977
1.06502086488,-4.24428274761
1.06702018283,-4.25698441733
1.06666918632,-4.25357261639
1.06886593651,-4.24178890623
1.070403884,-4.29876046294
1.06787733247,-4.27727287618
1.06997803954,-4.26885542424
1.07055007249,-4.27274341299
1.06951764479,-4.27097166107
1.07016404664,-4.22620315542
1.06895325558,-4.24290047574
1.06997177136,-4.25733023808
1.0702402904,-4.26271293669
1.07008649895,-4.2691313876
1.0650548996,-4.29818191307
1.06522008776,-4.25039888484
1.06787649233,-4.26538738797
1.0658778632,-4.24788026823
1.06513416049,-4.26015908965
1.06345692564,-4.23417521597
1.06187756479,-4.21449571657
1.0645923636,-4.23479205556
1.06556961251,-4.27787101203
1.06272316136,-4.25993090355
1.06357831963,-4.2127868969
1.06752586298,-4.25636794882
1.06511445085,-4.24293330957
1.06542745705,-4.27172478659
1.06385838079,-4.23840302637
1.08245581599,-4.82130137981
1.07305682859,-4.44249469118
1.07674777521,-4.97438133189
1.07444926706,-4.42813478224
1.07185663741,-4.45395214471
1.07344248749,-4.4483947636
1.07323946721,-4.46711732347
1.0719346276,-4.57533037653
1.07291205943,-4.4997994795
1.0693029311,-4.60571752876
1.07097131549,-4.5984219607
1.07298094902,-4.67534599162
1.07127439349,-4.50145673284
1.06837879877,-4.58364658456
1.06988598151,-4.57228954977
1.073081253,-4.67852093317
1.07127056719,-4.62279902424
1.06929825766,-4.61085742024
1.07205265931,-4.66296893381
1.06942722654,-4.60381530281
1.07143373868,-4.65265802078
1.07356731264,-4.69385608929
1.07122623578,-4.63125478615
1.07047049503,-4.68483767703
1.0729689155,-4.63748583682
1.07260509371,-4.71201655997
1.07194898423,-4.72081335242
1.07257544744,-4.66701138016
1.07305569974,-4.70240258065
1.07094553591,-4.69579046239
1.0744858438,-4.7533317993
1.07305429476,-4.70159260325
1.06979391635,-4.70746979285
1.07257302759,-4.69539126635
1.07134355831,-4.70298788098
1.07040791424,-4.72243394366
1.07185915847,-4.76171799304
1.07284382086,-4.76150761493
1.0701965266,-4.67323396951
1.07273816939,-4.76499830588
1.07162401968,-4.73223158885
1.0687309777,-4.69247316686
1.07075589059,-4.71093732476
1.07191637023,-4.73863741359
1.07088830486,-4.75132012093
1.07122597098,-4.73787968678
1.07085554377,-4.77491856897
1.07070607387,-4.76059632058
1.07147952752,-4.76179963335
1.07152843613,-4.7359201232
1.06958738714,-4.7470458185
1.0710363026,-4.72792682647
1.07275353718,-4.75288970947
1.07137452872,-4.72619769302
1.07232303992,-4.78686131462
1.07082296385,-4.72968621279
1.07070925582,-4.71211194434
1.07118840708,-4.75709609991
1.07452550553,-4.80427668136
1.07032170071,-4.75013237686
1.06933350567,-4.74425012477
1.07137292162,-4.78239384892
1.07067992529,-4.72860220445
1.07189664498,-4.81488176064
1.07203626315,-4.77048921843
1.06963078675,-4.73866062487
1.06893323143,-4.73147544986
1.07175026087,-4.74934902018
1.07162366875,-4.77859881616
1.06851007226,-4.73698016716
1.07009592953,-4.76533070586
1.06977444008,-4.70876507262
1.07105041223,-4.78337898585
1.07106677878,-4.74005212206
1.06830040479,-4.72677442188
1.06752895026,-4.70662894137
1.07198550379,-4.74959253482
1.0707041675,-4.75800496854
1.06973451963,-4.77041793464
1.07028364282,-4.73665424601
1.0723618636,-4.74281866574
1.06980028208,-4.766770862
1.07054815203,-4.70442360382
1.07139917634,-4.77361039547
1.06978040748,-4.73146868955
1.07161088942,-4.77688591499
1.07332833527,-4.7392702591
1.06995130349,-4.77878738768
1.06911232193,-4.8012398523
1.07162551749,-4.77380383716
1.07296426494,-4.7972587509
1.07340236948,-4.80785966742
1.0727234114,-4.75911309746
1.07000886505,-4.73175936437
1.07182857552,-4.80610044021
1.07286404532,-4.78587092934
1.0725509737,-4.7707436958
1.0699354916,-4.77561361128
1.07406042383,-4.77394399713
1.0742810394,-4.79137147547
1.07047353975,-4.78363601198
1.0700072734,-4.7585687921
1.0695164191,-4.6840705158
1.06968946502,-4.76921199869
1.07330491541,-4.80496088126
1.07048497272,-4.76195316762
1.06940823916,-4.7218842594
1.07133660844,-4.74480830311
1.07253888372,-4.80568681593
1.06918663851,-4.73824692045
1.07069208346,-4.76384075994
1.07104309195,-4.70876774493
1.07163500873,-4.77263924051
1.07198452448,-4.78313061252
1.07396905153,-4.833591839
1.06885716274,-4.73214721077
1.07057324381,-4.74852683533
1.07148260904,-4.80250402957
1.0702698083,-4.75953549421
1.07062584436,-4.77443213732
1.07263093985,-4.75154332464
1.07005060629,-4.75220457724
1.07157202868,-4.76589214331
1.07304873183,-4.76128944595
1.07067684691,-4.79027942484
1.06997156939,-4.79984645015
1.07216006632,-4.76286933981
1.07112419554,-4.79645002697
1.06976256864,-4.77839575039
1.07198385584,-4.83030246604
1.06943377531,-4.79342431806
1.06927802042,-4.80620036283
1.07103361758,-4.76536713818
1.07118138552,-4.80866760884
1.07000250408,-4.80840390398
1.07058967295,-4.74396644094
1.07062498613,-4.78470305512
1.06890987131,-4.80013436506
1.06998487488,-4.78325817471
1.06966976506,-4.80292857861
1.06919288694,-4.80846912355
1.07099474862,-4.80707714106
1.07089710552,-7.59943681717
1.06841819872,-3.32933569279
1.06906539737,-4.14476456133
1.07137150474,-4.52943481876
1.06955556634,-4.74753140623
1.07082508682,-4.9592757822
1.07079800688,-4.98500371402
1.06861786286,-5.02651692592
1.07232403038,-7.69481610463
1.07086650337,-5.67706754713
1.06967641194,-4.12365142943
1.07083128842,-4.35748543086
1.07200917794,-4.5468061759
1.07132288773,-4.66501999944
1.07301218568,-4.75856514513
1.07159740394,-4.75040838199
1.06741055694,-4.66592351122
1.06896655942,-4.80662225228
1.07280040337,-4.78803763025
1.07108589339,-4.71379406433
1.07008829072,-4.7594399487
1.07207512103,-4.7695614455
1.07284719094,-4.78057540216
1.0702267274,-4.72492933073
1.07003541474,-4.80156057411
1.07006902338,-4.8110277058
1.06917575458,-4.74747374392
1.07097390947,-4.81430996257
1.07082812907,-4.77512112046
1.06804390582,-4.77263541507
1.07003375762,-4.82499832089
1.06914319109,-4.79082161587
1.06985612292,-4.79959723183
1.07048458135,-4.76668441516
1.07177599488,-4.83396202467
1.0679013133,-4.76909169002
1.07058026561,-4.80408941941
1.07137153731,-4.80483661259
1.06794085379,-4.74026096747
1.06956804593,-4.81659090361
1.07217683881,-4.82702372615
1.07301161346,-4.85992960306
1.0717398817,-4.78864530905
1.06984382451,-4.75340295258
1.06970366743,-4.8157836804
1.07027572024,-4.80332308524
1.07268817264,-4.84012092804
1.06857755564,-4.76525397321
1.07017674,-4.76659125598
1.07231972002,-4.76943554098
1.07140265982,-4.8094030484
1.06923022694,-4.79850722884
1.0702420435,-4.82125639608
1.0686083831,-4.74011328062
1.07024141486,-4.74502591518
1.07250029147,-4.76433545084
1.07188577752,-4.7440013714
1.0693792064,-4.78362590221
1.06941041206,-4.75947955501
1.06972647797,-4.80163990009
1.06847171401,-4.75206956888
1.07076160398,-4.80213178858
1.07148894122,-4.77458074335
1.06860800278,-4.81116120603
1.07061026329,-4.73044316418
1.07077884332,-4.75319390851
1.06594217853,-4.74350836499
1.06857506164,-4.8277251422
1.07237383902,-4.8305153289
1.07072732344,-4.76792034881
1.07081252394,-4.78218810036
1.06926996919,-4.75027400993
1.06936340271,-4.77430337675
1.06930072109,-4.76467236869
1.07068514259,-4.81156047953
1.07102431273,-4.80344291035
1.07098689866,-4.78925388953
1.07266698937,-4.8098642587
1.07096892544,-4.77643663749
1.06919410275,-4.78431883351
1.07016730015,-4.75585415481
1.06800765391,-4.76580582687
1.06949286698,-4.7880911182
1.07172711059,-4.78821209811
1.0696732615,-4.80390333006
1.06842049545,-4.7947100512
1.07057251433,-4.78831328864
1.06982751534,-4.80962512044
1.06797640799,-4.7608819855
1.068953649,-4.76343179703
1.07010660376,-4.81024493879
1.06870451566,-4.7783243793
1.0713817516,-4.8064621858
1.06937584459,-4.7667072369
1.06624851484,-4.76310528317
1.06842698529,-4.75360767924
1.0699020365,-4.77980118292
1.07011761862,-4.83544782765
1.07165626931,-4.80735221739
1.07011158839,-4.78916056418
1.06842858416,-4.78445709705
1.06850917687,-4.80716881054
1.07076721082,-4.75017791063
1.06962945296,-4.78741668066
1.07064116635,-4.80591322257
1.07046491693,-4.75263428934
1.07128204445,-4.79411959278
1.0707379459,-4.80547852963
1.07034924155,-4.79314548031
1.06733310562,-4.76138031846
1.0704686844,-4.74033124236
1.07247364183,-4.7903822226
1.06915069672,-4.78347268447
1.06920584154,-4.81681008027
1.07103005627,-4.81232509799
1.07039984595,-4.80042331338
1.06971387792,-4.75960564123
1.07088533466,-4.80331523268
1.06906332523,-4.78550513706
1.06830859735,-4.77431612364
1.07162921643,-4.80688844014
1.07041163942,-4.78231343584
1.06860266266,-4.80134359034
1.06879421748,-4.76923404282
1.06759650234,-4.80063042366
1.06858937894,-4.74399143934
1.07065623047,-4.80978345821
1.06886988667,-4.8159116748
1.06771974843,-4.76365560478
1.06885581378,-4.85097553043
1.07133630094,-4.77936748896
1.06805327953,-4.82431675057
1.06812051069,-4.76465954053
1.06981671955,-4.73424069816
1.06929611429,-4.74945436134
1.06876823135,-4.79267745533
1.06905971968,-4.7553479057
1.06829601383,-4.77470442006
1.07004008345,-4.83467423883
1.0692085694,-4.77862575115
1.06911298925,-4.77542365262
1.06850420663,-4.78410640647
1.07083505007,-4.80849584254
1.06891789851,-4.82547867729
1.07017549919,-4.81061876164
1.07036941332,-4.77488997946
1.06970124101,-4.78616680943
1.06844938029,-4.79857719662
1.06967281284,-4.76864133403
1.07071073493,-4.86953670351
1.06706574322,-4.74463241988
1.06971627564,-4.79926073818
1.07113410933,-4.81042967686
1.06768350753,-4.79876560999
1.06923749471,-4.83453007568
1.0680463038,-4.80330580126
1.06710746379,-4.79219090869
1.06937505618,-4.82785279277
1.0705247343,-4.82847969723
1.06948098855,-4.88555252825
1.06847105103,-4.7912611779
1.06958682797,-4.84315504657
1.1107542917,3.90044356205
1.06800929984,-5.12170832266
1.07050710034,-3.72421946888
1.06823529224,-3.81968552376
1.07032865257,-4.22440538205
1.06998565123,-4.53091653358
1.06898165632,-4.74710327555
1.06939482711,-4.92063259631
1.070994214,-17.4854631892
1.06680279369,-6.40668911089
1.0692879646,-5.82853588813
1.07200506286,-5.45744028521
1.07038200871,-5.0661352298
1.06943042036,-4.93356636778
1.07193388899,-4.79481120075
1.06860218589,-4.75498323467
1.06790725912,-4.72634415522
1.06852879481,-4.53957129086
1.06829689337,-4.75234435503
1.06746689217,-4.72728205343
1.06983429786,-4.77063829281
1.06970703661,-4.73619543018
1.06758245018,-4.70620031822
1.06925643783,-4.76294558677
1.06995196023,-4.75881279724
1.06763543922,-4.72582987349
1.0689321272,-4.70436263858
1.06868564266,-4.76128231092
1.06743738285,-4.7773404927
1.06871604008,-4.76961755206
1.06970615655,-4.75591539158
1.06932113209,-4.81044611751
1.06865156688,-4.74569720952
1.07034609745,-4.7363352816
1.06696309353,-4.7550853703
1.06732703357,-4.7767623635
1.06976351907,-4.72948695395
1.0690192911,-4.77150056749
1.07104515664,-4.76733008667
1.0689297396,-4.77127074707
1.0679804153,-4.80656966062
1.06813752739,-4.77888049964
1.07127532587,-4.78957524645
1.06792280563,-4.76883503799
1.06813433865,-4.80742750812
1.06860096685,-4.80973075269
1.06865902297,-4.7832232969
1.06732988744,-4.76332412179
1.06975847606,-4.78311933672
1.06673622501,-4.7660412564
1.0675147703,-4.83181471834
1.06895760122,-4.79280173846
1.07096994836,-4.82474414132
1.06639519189,-4.79905592192
1.06822479709,-4.8605400622
1.0694026683,-4.8187966042
1.06838350211,-4.84311744383
1.06581042455,-4.79861993903
1.06693016225,-4.77746468069
1.06606030612,-4.83142439585
1.06999201509,-4.8392066176
1.06843806113,-4.80915240244
1.06718512771,-4.80979393096
1.06622562319,-4.77128526154
1.06849114622,-4.82723840954
1.06729751129,-4.79838016726
1.06955594995,-4.83994112496
1.06829610128,-4.81592003102
1.06705546764,-4.77472699262
1.06702537178,-4.79611866275
1.06883510491,-4.78118872999
1.06703605856,-4.77618886712
1.06750718657,-4.81383463717
1.06894368599,-4.81958842219
1.06846032259,-4.80721685751
1.0709399418,-4.84827116778
1.0687732853,-4.76924844808
1.06658057402,-4.81767821149
1.06725458038,-4.85922645079
1.07014395828,-4.83191290091
1.07000613785,-4.83644171337
1.06691487729,-4.84663181869
1.06971835611,-4.81590860768
1.06934063108,-4.86287867267
1.06844024651,-4.83871570019
1.06936729246,-4.82764049062
1.06701113323,-4.83504157645
1.06661213095,-4.81406428929
1.06930899128,-4.82346052477
1.06845959717,-4.84089625129
1.06633820209,-4.81938172416
1.06822411361,-4.860195787
1.06923970583,-4.82902119563
1.06663635192,-4.83937732914
1.06777216045,-4.80201280036
1.06904143042,-4.82488286434
1.07699404651,-4.28103020989
1.07073343575,-4.45732893266
1.07052864036,-4.0833350551
1.06819374915,-4.022204002
1.06887676004,-4.1433082505
1.06987041212,-4.10495884978
1.07094734455,-4.0871348457
1.07179375285,-4.22917498753
1.0715192774,-4.13816036621
1.06623458823,-4.47663461134
1.06804420333,-4.45680037757
1.07021909789,-4.44910375207
1.0685288543,-4.34467617173
1.06935039771,-4.40591098436
1.07055616582,-4.46744929999
1.06861307523,-4.45559298056
1.06752223332,-4.47824906543
1.06920090855,-4.47051615606
1.06777225292,-4.47419228425
1.06704984955,-4.47017653468
1.07089149501,-4.47577488233
1.07210528198,-4.49142432338
1.06823911704,-4.48867970305
1.06866619027,-4.46125786727
1.07061413656,-4.48935168025
1.06796153871,-4.49792124114
1.07165348079,-4.56543878255
1.06992029459,-4.43233411772
1.07071143481,-4.51286279023
1.07010146173,-4.52123584844
1.0700126988,-4.51663360356
1.06947844038,-4.54115757232
1.06743298288,-4.47833761384
1.07007905603,-4.52218727844
1.06926793325,-4.48401323698
1.07116859577,-4.57071750928
1.07178546321,-4.52833227714
1.06699203757,-4.4784897827
1.06947836854,-4.52803862182
1.07170673095,-4.52773678452
1.07047675956,-4.50849060205
1.070101006,-4.57310239265
1.07220425606,-4.50751744252
1.07167158092,-4.52820876089
1.07096309755,-4.52810402232
1.07224898686,-4.53921357992
1.06905097494,-4.54933270014
1.0682574051,-4.51389443383
1.07437465039,-4.52809894483
1.073157537,-4.57336089081
1.06969336594,-4.53517876722
1.0710056839,-4.5327576935
1.07127456281,-4.55755625426
1.06942524786,-4.5523103195
1.07165620898,-4.54960810906
1.07001163066,-4.52891399346
1.07051631345,-4.54351181014
1.07032020098,-4.53144293308
1.07160041754,-4.54571113128
1.06996220579,-4.61061563575
1.06981416063,-4.59862721517
1.0685024058,-4.52657631397
1.0694382861,-4.55073459878
1.07196364817,-4.56942948258
1.07172261193,-4.55178736889
1.06848567229,-4.53307281006
1.07008258697,-4.59056670568
1.07184578588,-4.55131114987
1.07036026473,-4.55546778981
1.06887903259,-4.51207481876
1.07283951117,-4.60016991139
1.07024418423,-4.5973559422
1.07147125531,-4.53379200108
1.0713448334,-4.55591870552
1.06804738799,-4.55248921282
1.06802340878,-4.53453239701
1.07274811129,-4.60567810385
1.07181681711,-4.57814943872
1.06986588898,-4.61149959709
1.0716788174,-4.57221426062
1.07080507997,-4.58006504649
1.07013752899,-4.54691359148
1.07176096028,-4.59814482958
1.07082500914,-4.56340366434
1.07015473255,-4.55327160539
1.07045944805,-4.60062079225
1.0721484269,-4.62379680936
1.06921613746,-4.55340061857
1.07082095631,-4.5717966762
1.071036836,-4.57328712848
1.0705711096,-4.56928977242
1.07188412337,-4.57249192588
1.07326754133,-4.60896806224
1.07032771621,-4.55352449735
1.07219250793,-4.60000885556
1.07315601539,-4.60124546191
1.07177494616,-4.59774159296
1.06979504465,-4.603725737
1.07378410597,-4.62061656533
1.07201107347,-4.60354629505
1.07407031895,-4.59163745609
1.07298686448,-4.59390874403
1.07144541062,-4.63910984798
1.07222941293,-4.63766183234
1.07543295673,-4.61713881851
1.07228065994,-4.57825516744
1.07417859584,-4.6438511058
1.07644289046,-4.62825654158
1.07418785112,-4.63869741784
1.07203434459,-4.57031915445
1.07476964369,-4.65021149183
1.0720266194,-4.56743886905
1.07209444098,-4.62556696704
1.07381358528,-4.61630801778
1.07443297371,-4.6801266354
1.07276700053,-4.59076133841
1.0730274628,-4.59910228059
1.07287171631,-4.63979808047
1.07234415957,-4.60312371008
1.07368062871,-4.58609833587
1.075481476,-4.69367485934
1.07207812625,-4.63282386042
1.07556800765,-4.63294459081
1.07403897081,-4.63058841879
1.073820973,-4.65336246317
1.07374987767,-4.61895642009
1.07336361952,-4.65809459539
1.07328936865,-4.61972158205
1.07474145058,-4.62664070901
1.07486729087,-4.63250916546
1.07306882296,-4.65459815141
1.07407932144,-4.67719426423
1.07467164077,-4.63033291153
1.07238744952,-4.66415235466
1.07349786851,-4.6532935797
1.07520360168,-4.62415875059
1.07485197762,-4.58989504821
1.07406528641,-4.6432761714
1.07525395742,-4.63852256469
1.0726309072,-4.64411463872
1.07312931244,-4.66771583359
1.07469864881,-4.60366541515
1.07382187664,-8.12535321005
1.07385019843,-3.2264392824
1.07447388449,-3.94308975549
1.07449623572,-4.36835764392
1.07349958825,-4.60567207154
1.07426375286,-4.68958052376
1.07452634141,-4.84695785865
1.07266319995,-4.88545058769
1.0772688313,-7.32374789814
1.07597214275,-5.59969897025
1.07292399488,-4.08029366518
1.07364358946,-4.21293808644
1.07432560133,-4.41487937275
1.07296122723,-4.52249049561
1.07681310865,-4.59187811993
1.07374574691,-4.60226002107
1.07333475373,-4.63280668557
1.07536060847,-4.41305948669
1.07669738334,-4.56715214387
1.07491503096,-4.6330763615
1.07478305063,-4.64998900497
1.07560496972,-4.65623124101
1.07531818783,-4.61705503491
1.07639250356,-4.67829677905
1.0769142472,-4.67732997481
1.07456840668,-4.69387695635
1.07579865715,-4.68187023758
1.07781918757,-4.64680232078
1.0762293908,-4.67300173462
1.07559823418,-4.66089245862
1.07729442682,-4.71599885234
1.07689988483,-4.7210083516
1.07514029537,-4.65444501057
1.07804288033,-4.69982878796
1.07485465834,-4.59133151228
1.0742827093,-4.70157225145
1.07759584215,-4.66537704573
1.07687179663,-4.62455142064
1.07361270086,-4.62749686696
1.07534430227,-4.6530731674
1.07453050805,-4.64091686556
1.07631159422,-4.57736577263
1.07688114927,-4.68050059766
1.07456294542,-4.65858207941
1.07467319538,-4.68724471115
1.07758109502,-4.66210889305
1.07638994988,-4.65835660825
1.07373595607,-4.67168132512
1.07542967685,-4.66635691109
1.07644012772,-4.63872578315
1.0752471029,-4.68254933095
1.07706317691,-4.67062409574
1.07787142469,-4.73630027552
1.0746601303,-4.66388033185
1.07538357232,-4.64876791479
1.07763937945,-4.68851501364
1.07465708613,-4.67203530687
1.07455959505,-4.66776134503
1.07726553118,-4.63265328909
1.07624197789,-4.68287141115
1.07672532309,-4.71002177497
1.07947700465,-4.67968294994
1.07716458414,-4.66495451448
1.07453778211,-4.67617918972
1.0765836034,-4.66483169066
1.0775476372,-4.62199591457
1.07592337897,-4.67812812058
1.07738331441,-4.66246205592
1.07586824579,-4.71153591351
1.07535316783,-4.67623556072
1.07613500671,-4.63495161165
1.07685977507,-4.67437261447
1.07538588422,-4.70169314496
1.07774045015,-4.7220430579
1.07625650962,-4.67701276328
1.07380211125,-4.67301678032
1.07702515596,-4.70671386864
1.07467139859,-4.69818039335
1.0750913528,-4.6811388111
1.07553974667,-4.67920183115
1.07645977879,-4.69435731774
1.07468451516,-4.63414968105
1.07671161984,-4.69375112839
1.07859251156,-4.67583983596
1.07504026849,-4.68992960781
1.07455205746,-4.68447952801
1.07798293097,-4.69995311704
1.07496760534,-4.69077155537
1.07759950829,-4.72220049697
1.07785660251,-4.67320250165
1.07615148798,-4.69627297289
1.07310525809,-4.64886809773
1.07773574887,-4.71740356045
1.07587110244,-4.71065278162
1.07719294061,-4.72458212656
1.07780019042,-4.68565143598
1.07675931011,-4.67870763426
1.07636382289,-4.65915452938
1.08017875462,-4.67219835229
1.0757697298,-4.64847551681
1.07493711403,-4.68958398753
1.07919288832,-4.67656486399
1.08058170833,-4.70233432046
1.0759308236,-4.70159871834
1.0776075741,-4.7399087928
1.07586495595,-4.68127390862
1.07699264257,-4.71314432334
1.07851423619,-4.71525077933
1.07558351078,-4.65634424248
1.07565268353,-4.66671346445
1.07741996069,-4.67616773046
1.07786562762,-4.65935347504
1.0753763507,-4.65163936315
1.07600326178,-4.67661896377
1.07724895504,-4.65332068037
1.07488745143,-4.68670456911
1.077892821,-4.68851574614
1.07991566174,-4.68699379667
1.07638914767,-4.71330396713
1.07641162048,-4.71356162923
1.07887230231,-4.74050887086
1.07881787201,-4.77490378908
1.07655027494,-4.68194105226
1.07846299859,-4.71940068351
1.07836014984,-4.71175550895
1.07870217298,-4.6999351149
1.07860225826,-4.74097796146
1.07510465056,-4.69041488013
1.07478483837,-4.67298822392
1.07660406885,-4.66259294806
1.0773373215,-4.72353606549
1.07550964754,-4.68230705706
1.07596092509,-4.7197978846
1.07526012151,-4.70498847379
1.07552856076,-4.65270128716
1.0749179301,-4.70089615159
1.07507734,-4.66364062184
1.07411695652,-4.63215549073
1.07763782237,-4.70283310818
1.07714142094,-4.72536339415
1.07380436775,-4.65699984501
1.07504723598,-4.68604811898
1.07633004214,-4.66804853488
1.07545647222,-4.67320145482
1.07568595341,-4.66724225274
1.0761686665,-4.67696204295
1.07475163681,-4.65368527203
1.07514723349,-4.70334955399
1.07680130655,-4.70954011482
1.07364200945,-4.6804350615
1.07567733685,-4.69463198716
1.07576636921,-4.68678865541
1.07656526314,-4.7282155752
1.07579416397,-4.69266288191
1.07699413143,-4.70443888324
1.07543114143,-4.71740866795
1.07596815649,-4.73840752549
1.07605153367,-4.74973021052
1.07805788045,-4.75154618111
1.07574435728,-4.67816168996
1.0767800696,-4.73321628473
1.07721793057,-4.72947805003
1.12293543289,4.28405695015
1.07529633418,-5.12439046761
1.0748614688,-3.61357791704
1.07473022469,-3.59807733178
1.07855432643,-4.03688502565
1.07744704259,-4.40420850477
1.07463547163,-4.61814420769
1.07429715061,-4.78763598338
1.07562302819,-17.8029366956
1.07056014497,-6.22450082145
1.0774581614,-5.97935754774
1.07756384431,-5.3794744897
1.07364157286,-4.99278871869
1.07617117218,-4.83065686783
1.07735804874,-4.73166093356
1.07534493525,-4.67138401759
1.07531479636,-4.63603910488
1.07753217908,-4.59610675015
1.07423314984,-4.44540875556
1.07559158761,-4.58841593529
1.07848292436,-4.6559078403
1.07726103196,-4.70810171524
1.07620549133,-4.63228554603
1.07617453872,-4.62458655649
1.07679239767,-4.61384584231
1.07426721872,-4.64346187482
1.07740694893,-4.64252404776
1.07584017955,-4.61621966501
1.07700469988,-4.67488937111
1.07825517404,-4.66814101781
1.0744978213,-4.65063161685
1.07470443266,-4.66831812164
1.07866393885,-4.67011773054
1.07831938772,-4.67472546133
1.07680704553,-4.71957442764
1.07904307136,-4.65638901133
1.07696499476,-4.74905629972
1.07492856832,-4.66884627314
1.07831869427,-4.71790416228
1.07736558345,-4.64732690759
1.0761912288,-4.68008765744
1.07854495221,-4.73932405002
1.07752227981,-4.79835551143
1.07648885658,-4.70950343426
1.07594983127,-4.66124718579
1.07640849697,-4.6947439481
1.07402200847,-4.66263456379
1.0781009947,-4.71295351235
1.07963527663,-4.74457432703
1.07603182831,-4.7223100254
1.07517012186,-4.72230982422
1.07659691715,-4.70805451021
1.07893500641,-4.78525908231
1.07764358656,-4.76052621411
1.07831111994,-4.75708806319
1.07776542211,-4.7202720829
1.07924892631,-4.75358587985
1.07888391718,-4.72029453736
1.07615045504,-4.68614913481
1.07650511514,-4.68427272536
1.07920331171,-4.72258714843
1.0784917175,-4.71148508078
1.07762448368,-4.70102025681
1.07896936881,-4.67745130447
1.07776486056,-4.68567054249
1.07633739998,-4.7168640708
1.0794229412,-4.70499816514
1.07689761005,-4.70890988264
1.07675147187,-4.68025008251
1.07784735879,-4.63791341066
1.07933419514,-4.67487454842
1.07680325341,-4.70700656207
1.07804821857,-4.72651100788
1.07569557377,-4.67605638121
1.07470303574,-4.68639920901
1.07958409714,-4.73890026004
1.08002342592,-4.66524498633
1.07603152187,-4.6807787543
1.07699125793,-4.65553940824
1.07900059018,-4.68289733011
1.07795649656,-4.74313310316
1.0753353704,-4.70429030493
1.07935828152,-4.69188028078
1.07915647955,-4.69770086912
1.07910954314,-4.67087610272
1.07834502046,-4.69423941686
1.07566390122,-4.65365245962
1.0756249296,-4.69352288747
1.07936625978,-4.71511282023
1.07695844115,-4.66270659603
1.07673599606,-4.68294172711
1.08095360671,-4.68609925619
1.07744224443,-4.68418113186
1.08042292748,-4.73080911156
1.07865884402,-4.67410515788
1.07671304754,-4.68212245289
1.06277501785,-4.15094748444
1.05882703786,-4.83264805391
1.05919108664,-4.23246816109
1.0579730465,-3.93544727394
1.05835713776,-3.98700668104
1.05743127002,-4.08246223729
1.05565755958,-3.98429885796
1.0586368054,-4.16729674466
1.05922730793,-4.01687223925
1.05272884086,-4.77054628615
1.05608795937,-4.66493130259
1.05566340662,-4.63779737986
1.05381824135,-4.55647637797
1.05399869117,-4.52835763798
1.05429760307,-4.58194523573
1.05489921669,-4.56076150706
1.05491809759,-4.664213334
1.05605226144,-4.5984032384
1.05345809485,-4.60387209823
1.05449176066,-4.62190133298
1.05707244192,-4.6495595402
1.05566066857,-4.65389984193
1.05630102073,-4.65342971208
1.0562371924,-4.6855982422
1.05632810209,-4.6476432396
1.05563184021,-4.68914862743
1.05878615274,-4.71022225272
1.05573207651,-4.66039468385
1.05386702911,-4.62644576831
1.05660005412,-4.65754643585
1.0575781147,-4.67897740393
1.05665755426,-4.67805250573
1.05746469223,-4.6801844812
1.0557480433,-4.65194321201
1.0559628002,-4.67009435582
1.05902581366,-4.74677129763
1.05751338404,-4.65845386345
1.05335958934,-4.65187617506
1.0591869535,-4.71231202841
1.05960118733,-4.72126373459
1.05605105558,-4.66935141908
1.055534053,-4.6965035816
1.05559251012,-4.65482541378
1.05513099009,-4.6948807965
1.05823491612,-4.68987574711
1.0602882533,-4.73040948195
1.05658073065,-4.73211678533
1.05670349467,-4.71305148282
1.05908378742,-4.70000428544
1.05627016066,-4.70664792225
1.05760027491,-4.71610432002
1.05804935945,-4.69706365225
1.05921821359,-4.70528324551
1.05876505399,-4.71065244077
1.05938087985,-4.72558803437
1.05595183797,-4.6552332713
1.05680730188,-4.6770307254
1.06065684564,-4.72500117723
1.05874652801,-4.6849814548
1.06000600716,-4.76762678244
1.05994192266,-4.73372779282
1.05848114574,-4.76950222689
1.05770752648,-4.72473138073
1.05974324612,-4.71760627563
1.05782217737,-4.71271925865
1.05475732281,-4.68307261919
1.05967524424,-4.70731796738
1.0610283781,-4.70426193677
1.05871927594,-4.7317307077
1.05776509799,-4.71977855533
1.05810142369,-4.75612865184
1.05701153011,-4.70401497047
1.05943396044,-4.70967627671
1.05944028905,-4.73093409077
1.05641914591,-4.73704372502
1.05833325778,-4.69123334072
1.05960760902,-4.7447168303
1.05693763551,-4.73654545987
1.05735154671,-4.71824001236
1.05904550033,-4.73433382613
1.059297381,-4.70727295277
1.05882976968,-4.72653681264
1.05978284686,-4.77304988624
1.05727796358,-4.74857171609
1.058596363,-4.76113636707
1.05962318454,-4.7505094022
1.05912834375,-4.72926779126
1.05884038539,-4.72446002162
1.05999988633,-4.75908404734
1.05890116066,-4.76530660465
1.0580999458,-4.69487281279
1.06117845607,-4.76741765212
1.05833801796,-4.72727268536
1.05666605419,-4.72729309737
1.05873264863,-4.72286837815
1.05714953467,-4.73783254201
1.05731744256,-4.69880323443
1.05981077249,-4.7355616267
1.05882924623,-4.73585835421
1.05677733194,-4.71337700246
1.05900548977,-4.75174540238
1.05901622339,-4.76622503974
1.05801562453,-4.76202763091
1.05867377271,-4.75168020017
1.0616328543,-4.76683218999
1.05697501722,-4.75693033281
1.0576896629,-4.72777035352
1.05699380617,-4.74846512628
1.05648051789,-4.73522354974
1.05823797338,-4.74787900272
1.06053416057,-4.75359520436
1.05823146231,-4.73305963749
1.05814253044,-4.73710349602
1.05947037747,-4.77990927188
1.05900731757,-4.77355275287
1.05756412943,-4.73259007514
1.0614141698,-4.76271548445
1.05859307599,-4.75168287482
1.05980278865,-4.75383739302
1.06073453908,-4.81767129032
1.06022787406,-4.72872785373
1.05955269973,-4.78997347152
1.06229392407,-4.82139309031
1.06014757364,-4.78250369808
1.06087377372,-4.88577411777
1.06205692316,-4.76920062477
1.05998429866,-4.74115515256
1.05979860175,-4.7770752647
1.06318859974,-4.8571940034
1.06066487921,-4.80695635569
1.05815654376,-4.81022088088
1.06189608163,-4.83575544291
1.06302905375,-4.78079342436
1.06193701649,-4.83350851206
1.06121710709,-4.80978404841
1.06037047325,-4.77296291284
1.05975582702,-4.78571324393
1.06226064611,-4.81532453013
1.06125160705,-4.77219152435
1.06097691688,-4.79557372922
1.0606687392,-4.81704892575
1.06207335456,-4.80163308354
1.06083702654,-6.44978927815
1.06199108452,-3.57592480756
1.06181967496,-4.1004311452
1.06090621204,-4.50780814532
1.06282764376,-4.74228997253
1.06426290021,-4.89138874716
1.06092558209,-4.97403056107
1.06211842947,-5.06126888503
1.06433057685,-10.2285675685
1.06386136719,-5.6880592258
1.0625496513,-4.11156778005
1.06572769566,-4.38900887662
1.06258194422,-4.56696588027
1.06508428726,-4.7418759412
1.06665490449,-4.78293150783
1.06380994784,-4.80073969003
1.06156432894,-4.80078940119
1.06428041194,-4.60599227753
1.06475268279,-4.71029828877
1.05948630681,-4.61271299311
1.06129491329,-4.69528516778
1.06187146332,-4.72270796536
1.05921970039,-4.73034308135
1.05998783294,-4.78359228951
1.06185775751,-4.79655976598
1.05805741919,-4.78416083915
1.06146479548,-4.80749009722
1.06309234676,-4.8091636651
1.06096922928,-4.80318801061
1.06194986951,-4.86121514915
1.06192624331,-4.82054557819
1.05984717375,-4.81938729111
1.06300790311,-4.8485364612
1.06375624759,-4.82951031888
1.06178192482,-4.78690712068
1.0612661878,-4.82598682329
1.06295569402,-4.86811132063
1.05943989777,-4.77349402602
1.0612167655,-4.8029052035
1.06309331502,-4.80445411277
1.06133832102,-4.78916634227
1.0624178609,-4.84118697277
1.06588134731,-4.86425377719
1.06079445746,-4.80895773514
1.05882561293,-4.78571572509
1.06506764192,-4.89269032236
1.06215734557,-4.82502128954
1.06103232931,-4.83697741731
1.06264896468,-4.83262275107
1.06300357738,-4.87402661044
1.06033365624,-4.8036603594
1.06266368286,-4.84152814887
1.06110580488,-4.81121415676
1.05869986745,-4.7672759632
1.06395894278,-4.81047291321
1.06461206445,-4.87505532493
1.06070614645,-4.81516131147
1.06177830968,-4.84462560963
1.06118265666,-4.80108932944
1.05922140764,-4.80397981165
1.0622919116,-4.84607146848
1.06193125054,-4.84168798194
1.06292517883,-4.83337100649
1.06396150048,-4.79711264273
1.06313227351,-4.81190077869
1.06123778683,-4.77148599116
1.06019371271,-4.79305374354
1.06420081714,-4.84934902946
1.06112602083,-4.79389627161
1.06433263421,-4.79072577753
1.06572999037,-4.80549213724
1.06101152304,-4.82212485373
1.06285420754,-4.85714899011
1.06326324062,-4.85521560575
1.06409224422,-4.81814124629
1.06405327659,-4.81456024782
1.06721776616,-4.90266513496
1.06414054291,-4.88291585191
1.06458028838,-4.88660415279
1.06476726719,-4.89649224657
1.06241577102,-4.86903220521
1.06076546746,-4.84271434152
1.06634350215,-4.88228609114
1.06602843296,-4.83587564353
1.06449444366,-4.84773565642
1.06532212009,-4.8288478605
1.06401525113,-4.87103271637
1.06170526792,-4.84164463168
1.06480172013,-4.85985218567
1.06433100009,-4.84556702578
1.06398545072,-4.84261176644
1.06329352016,-4.88342851503
1.06528483792,-4.89105995091
1.06323972635,-4.87657808891
1.0638583206,-4.90111635165
1.06220775686,-4.83563368762
1.06333126318,-4.88022373988
1.06619959281,-4.89305316724
1.06833501068,-4.87628746391
1.06054029379,-4.83590640675
1.06134209852,-4.83173425667
1.06426508902,-4.86956509373
1.06248160009,-4.80502567624
1.06503198869,-4.85603436604
1.06469020686,-4.81534575493
1.06395881343,-4.82910734294
1.06200197039,-4.81607559555
1.06373209493,-4.85435417434
1.06161478425,-4.83835787372
1.06041006614,-4.78471365735
1.06428429399,-4.79996589081
1.06542736603,-4.87818800392
1.06328575125,-4.86832632424
1.06359754235,-4.80831893889
1.06247479462,-4.85532128104
1.06167863485,-4.86583058024
1.06388179212,-4.84735593022
1.06351844948,-4.83810586422
1.06379927653,-4.8092930116
1.06344477623,-4.82776159377
1.06423609045,-4.8194931543
1.06468168683,-4.87439078926
1.0615205479,-4.85694184213
1.05999759626,-4.77989083928
1.06053246601,-4.79431090358
1.0662903473,-4.88781388136
1.06602830046,-4.86634443162
1.06214019837,-4.88484370523
1.06148086028,-4.83550027525
1.06278249026,-4.87723081057
1.06060654841,-4.80969577973
1.0600524279,-4.84980027404
1.06291773479,-4.80238393307
1.06345630052,-4.81708776273
1.06508598446,-4.89438959911
1.06331779332,-4.86166431285
1.05954036487,-4.81502237066
1.05913411293,-4.80845379128
1.06325688898,-4.82915204548
1.06330891697,-4.81884062655
1.06296727789,-4.88674465141
1.06454744134,-4.85290176189
1.0631402984,-4.80977512621
1.06003874661,-4.82586889494
1.06046027206,-4.84535774181
1.05950405478,-4.86027335239
1.06019026248,-4.83856184944
1.0618626242,-4.84678245654
1.06276735124,-4.85906496119
1.06251668167,-4.84300108203
1.06227204754,-4.86735824988
1.0631331541,-4.88257001486
1.06496303703,-4.89206000295
1.06767687185,-4.87255436574
1.07136843471,-4.9043332452
1.07052765856,-4.89184518293
1.07079570172,-4.92765514001
1.06813479899,-4.88256747532
1.06624325837,-4.88057863393
1.06791856354,-4.91687687364
1.06634958152,-4.86796171083
1.06673455186,-4.87870424172
1.11940022407,4.52852231357
1.06654981847,-5.68225687632
1.06351654061,-3.78926515592
1.06120078036,-3.69574449155
1.06581815211,-4.17028211444
1.06324052633,-4.50198143899
1.06616858079,-4.82023614399
1.06562465809,-4.94872087104
1.06665817513,-19.6601575305
1.05658574814,-5.60911100791
1.06717163974,-6.23809759921
1.06746363637,-5.57076584318
1.06319606686,-5.04906621012
1.07109170793,-5.02299680599
1.0694260495,-4.86185307074
1.06779687407,-4.782143458
1.07049824405,-4.82561668965
1.06959165623,-4.94329159384
1.06601261179,-4.62397655982
1.06878667259,-4.71035783316
1.06961740269,-4.82394512711
1.06361348457,-4.82286747956
1.06373286901,-4.83473671743
1.06367722699,-4.78994248605
1.06289765206,-4.80729120033
1.05980838365,-4.79286818097
1.05725406339,-4.6783324748
1.05767769093,-4.68772972435
1.06177223692,-4.81326219411
1.06294963143,-4.7940975808
1.05958418683,-4.78526052049
1.05926778582,-4.74719369383
1.0616027726,-4.75969737382
1.0606027277,-4.80760516433
1.06330982828,-4.84919985858
1.06461750326,-4.86988810201
1.06240260858,-4.83592911881
1.06300199129,-4.83502877514
1.06447810505,-4.8316435146
1.06420567964,-4.8478906992
1.06204379752,-4.80295084143
1.06472599625,-4.88134597139
1.06564807255,-4.87647630882
1.06528853942,-4.85754568018
1.06414579139,-4.80470306451
1.0618146625,-4.85410990603
1.06069599167,-4.81469117368
1.06298547147,-4.86663477436
1.06239362038,-4.84258613587
1.05939043029,-4.82573037326
1.06080858591,-4.87598977794
1.06248438337,-4.9025509011
1.06148472788,-4.88787141643
1.06047710353,-4.90884743443
1.06100011261,-4.88429776604
1.06395367103,-4.92347710262
1.06627836389,-4.95864691498
1.06703750105,-4.94395479187
1.06472401899,-4.91417153106
1.06737864343,-4.91974460329
1.06690479304,-4.90602515651
1.06436091172,-4.86915410538
1.06468476339,-4.92286906032
1.06432522312,-4.86375571166
1.06283596713,-4.83227564646
1.06336049723,-4.89162454792
1.06504551807,-4.889474938
1.06025014613,-4.81202422541
1.06258755765,-4.83692387487
1.0659881613,-4.85579074364
1.0657645131,-4.83421265199
1.06544004103,-4.86937543217
1.06831485287,-4.89508111257
1.06564030866,-4.84845114407
1.06775598706,-4.89028188582
1.07123112143,-4.8797481408
1.06823648061,-4.85579252793
1.06737983503,-4.85498160431
1.06991951797,-4.87638904189
1.07011523201,-4.84541784196
1.06936904589,-4.87187305718
1.06989239049,-4.90267021219
1.0687270824,-4.86552976757
1.06676700657,-4.86109881702
1.06967558627,-4.91284336672
1.06594543924,-4.84185045157
1.06218888541,-4.83630996914
1.06453723825,-4.86583066621
1.06507771062,-4.83253392822
1.06122825098,-4.82328737421
1.06392569748,-4.8709016231
1.06188234415,-4.81598739619
1.05959832308,-4.77179473387
1.06475358467,-4.89262391058
1.06626621442,-4.86089404023
1.06608581116,-4.87001659353
1.08255467092,-5.16175769064
1.07509784524,-4.74569625561
1.07305584172,-5.41720226475
1.0721696299,-4.87083394405
1.0741827262,-4.76930112882
1.07246934874,-4.69560679041
1.07337680106,-4.63718425679
1.07382515297,-4.78034786432
1.07157804834,-4.71538430836
1.07267702401,-4.43762165906
1.0734727382,-4.66143730094
1.07553732227,-4.69564027345
1.07481947316,-4.70377672123
1.07630643629,-4.73783251315
1.07290472001,-4.7092945552
1.0743681415,-4.71538928861
1.07683190362,-4.72673796261
1.07654574913,-4.68462082555
1.07670137707,-4.7265305888
1.0805668916,-4.74906427267
1.08168914421,-4.7179095452
1.08055076612,-4.72663108784
1.0821122907,-4.78142410074
1.08226341303,-4.69930849222
1.07947017776,-4.71123877941
1.08363946867,-4.69363217534
1.0835176505,-4.73597811735
1.08231040545,-4.70376509883
1.0824358884,-4.75485221689
1.08141461638,-4.73110988079
1.0805518716,-4.72660088228
1.07946872,-4.64986493531
1.082422212,-4.70808886374
1.07898901269,-4.61952381042
1.08335506253,-4.71762612603
1.08541334648,-4.67833321007
1.0837075626,-4.7559488716
1.07888214055,-4.62123356216
1.08053159727,-4.65401261768
1.08258653895,-4.61152223355
1.08380972555,-4.67583052338
1.08288482101,-4.58646402228
1.08341361391,-4.71569940276
1.08330802936,-4.67091075843
1.08301169764,-4.63055411417
1.07898197844,-4.58630541716
1.08034193192,-4.70157161349
1.08172293792,-4.63764215216
1.08144571486,-4.65869101862
1.07887499104,-4.61604628037
1.0800248643,-4.65545575245
1.07502842437,-4.55566388361
1.07409598965,-4.62915629655
1.07575888328,-4.60915675824
1.07874420912,-4.64015902355
1.07702642959,-4.63307267998
1.07957952121,-4.6045292608
1.08115424449,-4.67191047562
1.0790152625,-4.62264476363
1.08211006122,-4.62302988532
1.08045574816,-4.65935857686
1.07911051561,-4.67505089108
1.08175914249,-4.67886956816
1.0848060275,-4.63858236115
1.08258790739,-4.64939574446
1.07976837837,-4.60334046502
1.08070508915,-4.64426766654
1.08000337481,-4.6753854045
1.08028149301,-4.73244749528
1.08215309792,-4.64507957015
1.08350612351,-4.70009650163
1.0848493375,-4.67199261343
1.08334237699,-4.68794771997
1.07967298182,-4.66501277223
1.08003151388,-4.69775771276
1.08230728793,-4.66864094969
1.08237109826,-4.65227890767
1.08621166526,-4.69826819605
1.08550001961,-4.67322717319
1.08244389735,-4.65188880232
1.08162224324,-4.68260272044
1.08277808434,-4.66426961442
1.08201073748,-4.68191655055
1.08298500188,-4.64115042297
1.08713589973,-4.68659063123
1.08627436239,-4.71478759413
1.08152672619,-4.6521505421
1.07927061362,-4.61728395667
1.07893782662,-4.62720006798
1.07901842227,-4.6420364181
1.08188599392,-4.71601736629
1.08176279937,-4.64623226882
1.08175715281,-4.71821093292
1.07955377411,-4.63014786686
1.0785231219,-4.63239409056
1.07899117545,-4.70949307803
1.07802862433,-4.65536533928
1.07962196221,-4.60816213258
1.08057567536,-4.64200329544
1.08173704661,-4.66058266968
1.08356089968,-4.74031518735
1.07924017866,-4.63772329051
1.07702240593,-4.71707295794
1.07740017125,-4.68179564086
1.07969188357,-4.68647603999
1.08190821454,-4.68465935804
1.08366220777,-4.63732985836
1.07927589831,-4.6398921397
1.07916190187,-4.64602016808
1.07934174926,-4.65345190532
1.07838986162,-4.68034112402
1.0773060592,-4.59856109736
1.08363637669,-4.64135941363
1.08128831296,-4.64138970692
1.08023562021,-4.6212328464
1.08097758621,-4.64804735246
1.07851097196,-4.66654463561
1.07508179315,-4.59779177725
1.08112925872,-4.68848049455
1.08306593489,-4.68875189555
1.08069546642,-4.65265733106
1.08151191433,-4.6790334303
1.07797240039,-4.61315111871
1.07958378623,-4.65283470948
1.0788873211,-4.66249785817
1.07924324005,-4.65213416018
1.0801950783,-4.74351536364
1.08075581845,-4.67376364882
1.08423995363,-4.67670175374
1.07956556371,-4.60413362411
1.07866686817,-4.61955197974
1.07980903074,-4.65908836721
1.08009733881,-4.65916792112
1.08119951237,-4.65834220056
1.08266756068,-4.65905694629
1.08259415736,-4.68377625064
1.08181071488,-4.63403305333
1.0809191319,-4.62720645333
1.07765052031,-4.64484293009
1.07847174255,-4.62846241242
1.08176940712,-4.63084654948
1.08329050672,-4.66630296151
1.0825710246,-7.25259555802
1.08330852339,-3.52222634965
1.07943568261,-4.03217480036
1.07725145202,-4.38151642819
1.08023138975,-4.52695408401
1.08243407508,-4.72834177106
1.07892723848,-4.76761217546
1.08054212481,-4.83768651532
1.08195023748,-8.63456843481
1.07165725436,-4.18561109976
1.08261937991,-4.20664910919
1.07825837539,-4.16015172228
1.07866527899,-4.34408394603
1.08304664438,-4.43375073826
1.08267747588,-4.4410326717
1.08148213117,-4.46429127684
1.07837988941,-4.53212008117
1.08151882831,-4.68966931946
1.08098615278,-4.42580275153
1.08133205448,-4.7360537638
1.08430825765,-4.71700199079
1.08204451254,-4.56534163005
1.0833777376,-4.57687244131
1.08259349839,-4.55151333039
1.08102493957,-4.57318077665
1.07976519693,-4.57280377916
1.0838916841,-4.76188243243
1.08343680848,-4.58009257617
1.08418255961,-4.60890962974
1.08509141095,-4.56904579455
1.08188819426,-4.68091389195
1.07923989993,-4.5790316055
1.08197591794,-4.59840742927
1.0827792002,-4.57201095025
1.08110140378,-4.57437842596
1.08212780038,-4.55297394806
1.08411198297,-4.60167309831
1.08022160905,-4.53837554989
1.08182706858,-4.5827291274
1.07984298433,-4.53041351692
1.08110251773,-4.64332522694
1.08441259776,-4.6331144556
1.08457286619,-4.60583927676
1.08152223581,-4.5796258146
1.08122222395,-4.59589521402
1.08272747747,-4.6168857981
1.08159415605,-4.59941578471
1.08086777335,-4.55162680052
1.08083543095,-4.55805791903
1.0810219957,-4.549137886
1.08238787683,-4.58436175511
1.0829680696,-4.56050254503
1.07990842816,-4.59297495916
1.08164223724,-4.55442690293
1.08423290697,-4.63656105665
1.08212257213,-4.58350327801
1.08368405732,-4.59512473911
1.08363760608,-4.61247191378
1.08112282469,-4.56503426231
1.08268752777,-4.57709712116
1.08377317344,-4.57923803217
1.08243218976,-4.53410523591
1.08136181184,-4.53698942967
1.08346203278,-4.52699175154
1.08160870258,-4.58729648822
1.08302440322,-4.56286323092
1.08351101854,-4.55175658011
1.08161011298,-4.57490808085
1.07878625382,-4.58435873847
1.08374345913,-4.53775058778
1.08333499766,-4.56823202934
1.08104136816,-4.60755027391
1.08222793773,-4.61537690407
1.08384130975,-4.57687476433
1.08278529979,-4.57278289583
1.08291780761,-4.57800605735
1.08137623877,-4.56393609968
1.08098677855,-4.56285188776
1.08379438225,-4.59859874699
1.08276291306,-4.59781419944
1.08324588961,-4.60943814474
1.08210110775,-4.61809992827
1.08270431946,-4.56284819205
1.08086233616,-4.58714636812
1.08307957981,-4.58816710666
1.08351648517,-4.60174036307
1.08041317012,-4.6102878776
1.08315674932,-4.60703016076
1.08320748036,-4.61142076004
1.08236481895,-4.59100841104
1.08022751653,-4.58414238297
1.08162797526,-4.60078107378
1.08129272025,-4.59110924202
1.08335924931,-4.60457592391
1.08534101628,-4.6191416263
1.08121814229,-4.60097121627
1.08066722878,-4.59720005328
1.08270891354,-4.59304872857
1.08345064596,-4.60086901321
1.07965369479,-4.54200947809
1.08270798603,-4.61142051344
1.08305800712,-4.56896480977
1.08244684242,-4.59169057812
1.08064743693,-4.58872604508
1.07948411019,-4.55198364797
1.07888847435,-4.59410453568
1.08060276879,-4.56528194048
1.08143111711,-4.58109466712
1.08082002142,-4.58176861295
1.08177351343,-4.57952202097
1.08083111891,-4.58926688906
1.08018140549,-4.57940307018
1.07985881645,-4.6060037939
1.08013109334,-4.58136572196
1.0793218978,-4.58302537927
1.07976330781,-4.55109745006
1.08295070079,-4.59315913306
1.08029199019,-4.54994355554
1.07950215655,-4.59680108712
1.08150674139,-4.59912151657
1.08038886054,-4.56969032353
1.08272609641,-4.58911014764
1.0842449482,-4.61603403777
1.08348014235,-4.57355543539
1.0829000968,-4.57879067572
1.08551907372,-4.59179805244
1.0806203986,-4.58577987669
1.07868191955,-4.51446136257
1.08165682295,-4.56543066378
1.0829586812,-4.57151730901
1.08285597708,-4.55676579584
1.0835250331,-4.56872681325
1.08113161644,-4.52648442573
1.07935501805,-4.53450998285
1.0832699841,-4.61391400222
1.0817345974,-4.56191208987
1.08229271916,-4.60684070265
1.08402354676,-4.59291956732
1.08488634166,-4.60838226873
1.08446878152,-4.63334036356
1.08496812336,-4.58176478857
1.08576337308,-4.61356645881
1.08625632074,-4.56928303463
1.09276279689,-4.63450417304
1.09386336788,-4.68194168419
1.09485654888,-4.63025415537
1.09343817612,-4.6409973367
1.09383502457,-4.62377648195
1.09048882929,-4.65039874022
1.0923778436,-4.62619624348
1.09258285609,-4.61381098254
1.09021910502,-4.60742934952
1.09027472715,-4.65169103766
1.09256252789,-4.67707731472
1.08788742111,-4.5918043282
1.08742277059,-4.61092002286
1.08715295093,-4.57060951466
1.08872487208,-4.61076933189
1.09227497818,-4.63466807288
1.09328116304,-4.63887569375
1.09286070003,-4.68332621118
1.08804594012,-4.58653212466
1.15054658412,5.62759551435
1.09078969345,-5.77795662754
1.09118341913,-3.67552032486
1.09330048927,-3.5120222458
1.09613880059,-3.92855537782
1.09284983768,-4.25125820167
1.09306047668,-4.55808768666
1.09131683618,-4.59925142439
1.08998136815,-19.9982534436
1.09237314926,-6.17780457041
1.09126796951,-5.5127116123
1.09096288395,-5.4033557058
1.08991523235,-5.13615608864
1.08356742493,-4.8258340378
1.08176147927,-4.54976069128
1.08114308131,-4.51635732907
1.08413150465,-4.60255590218
1.07513959871,-3.97840295561
1.08236893552,-4.01015704489
1.08441134598,-4.47634389754
1.08246922563,-4.52033107157
1.08206288174,-4.62132100607
1.08168971676,-4.63356484621
1.08120715456,-4.59083976004
1.08308460435,-4.57093275448
1.08686842233,-4.5824654692
1.08589085246,-4.63886013531
1.08203664052,-4.58973198102
1.08351721659,-4.45777556708
1.08131931627,-4.58164160898
1.0805047316,-4.57235000476
1.08396940994,-4.5352785083
1.08522385817,-4.63075265086
1.0825957747,-4.59932543282
1.08401806927,-4.571082788
1.08159607461,-4.57239742079
1.07935081472,-4.59707135011
1.08111181127,-4.53566330832
1.08443719359,-4.60721336873
1.08522721015,-4.68035441017
1.08327558661,-4.55058639682
1.08201317337,-4.58548284709
1.08013997986,-4.56577345788
1.08228127247,-4.5952554331
1.08195312152,-4.61499049657
1.08092271395,-4.58667199863
1.08285507924,-4.5316684817
1.08700585754,-4.61237232657
1.08312129092,-4.5872074431
1.08094872968,-4.56215013506
1.0821292433,-4.61461445196
1.08170354073,-4.58435692561
1.08577717037,-4.60186332206
1.08677281676,-4.61449797465
1.0837467326,-4.5878668875
1.08485694389,-4.52309131
1.08510468098,-4.55201107637
1.0837415579,-4.57893577142
1.08148228995,-4.57050384423
1.08373906847,-4.52993962753
1.08640527851,-4.63167712271
1.08525314919,-4.58140985492
1.08681919774,-4.65161570181
1.08371802642,-4.61871882922
1.08077091164,-4.62071330698
1.08266345988,-4.62402063199
1.08295862516,-4.61076085017
1.08371058829,-4.6151957806
1.08582084413,-4.57523669757
1.08419421432,-4.60988170623
1.08281207161,-4.55684772846
1.0834816741,-4.60153845816
1.08220304169,-4.60784451618
1.08399421906,-4.59526735254
1.08868582254,-4.63388762736
1.0877458588,-4.59473682629
1.08631729456,-4.65367330171
1.08567880325,-4.52089269719
1.08533268496,-4.59075539336
1.0845828977,-4.57991053033
1.08653679487,-4.62504712486
1.08649389125,-4.60972547035
1.08517310888,-4.55807186624
1.08601535268,-4.60912854105
1.08630747078,-4.59579551571
1.08163858706,-4.56094748992
1.08323137868,-4.58426345236
1.08634051324,-4.59107128459
1.08589652255,-4.61255717612
1.08601649308,-4.62836674299
1.08728152594,-4.56224901499
1.08613269522,-4.59155613292
1.08523066408,-4.60667478806
1.08751736556,-4.57966529288
1.08580653853,-4.58578182121
1.08695312316,-4.62594155017
1.10907179339,-4.5173697269
1.10392713871,-4.48452919855
1.10108043336,-5.16605540416
1.10149839074,-4.84186993792
1.10295067393,-4.72393878824
1.10296507144,-4.76639859568
1.09816141702,-4.68493214621
1.10073429417,-4.80743359854
1.09927519572,-4.76134094527
1.1017156851,-4.47577817818
1.09970333605,-4.59474092601
1.10004981259,-4.67330913932
1.09771379888,-4.59148858443
1.10078604126,-4.61065364804
1.10086820412,-4.64357355525
1.09781717262,-4.6380237871
1.09847083417,-4.64423142289
1.09915339969,-4.61201163893
1.09956994172,-4.64331650101
1.09891641347,-4.6598703117
1.09932265912,-4.65789897743
1.10090387662,-4.72869250571
1.09903027236,-4.61215311595
1.10300253826,-4.61777087761
1.10163851591,-4.64447743848
1.10147697439,-4.61247212767
1.10492608564,-4.69168359283
1.10550431059,-4.62097323559
1.10627629348,-4.65540470403
1.10836708294,-4.6129405823
1.10575786169,-4.60710769696
1.10388980188,-4.60647017672
1.10725032852,-4.67516712178
1.10679844175,-4.62461229908
1.1025797354,-4.58860872123
1.10531090586,-4.59759158674
1.10197777635,-4.64584264372
1.10269931154,-4.59297519065
1.10522948442,-4.62557230685
1.10203496132,-4.58436588816
1.10098443952,-4.61999410773
1.10369916025,-4.60778525917
1.1033379089,-4.59338465569
1.10037032396,-4.60489311006
1.10207900536,-4.59367989209
1.10339287936,-4.59163068203
1.10462627747,-4.60957626534
1.10554539827,-4.63504774971
1.10372685787,-4.61410909321
1.10297419342,-4.61127878434
1.10327196039,-4.61877398743
1.10583070698,-4.58624697261
1.10371156283,-4.59748249051
1.10424336438,-4.55753800999
1.10255442608,-4.54741866082
1.10085702879,-4.60741303412
1.10220578286,-4.55920108079
1.10250553669,-4.61435497006
1.09849321416,-4.54804513579
1.0991897722,-4.58327644009
1.09894526165,-4.54512447681
1.09997292475,-4.5907403835
1.09718645602,-4.60068214878
1.09877865086,-4.49088175037
1.09917792557,-4.64384393846
1.09982344238,-4.5153505202
1.10093578851,-4.56415487994
1.09748533073,-4.52784186954
1.09767020428,-4.59532089911
1.10266969032,-4.61593877487
1.09992656964,-4.56191812921
1.1004737347,-4.60141419359
1.09924237254,-4.55126036887
1.09942644003,-4.56923560149
1.09923346877,-4.62094449279
1.10161166141,-4.577140678
1.09929607547,-4.57204806104
1.09979673125,-4.58274259307
1.09846151912,-4.57777697392
1.10231263372,-4.57652322624
1.09931939274,-4.57456516563
1.09934593361,-4.56337482766
1.09908471241,-4.56531937224
1.10109984994,-4.56790854127
1.10120079965,-4.60437151235
1.10061302564,-4.53752731887
1.09642667306,-4.53929382479
1.09980751699,-4.61496111771
1.10257359839,-4.56887444742
1.10168143032,-4.59076789059
1.09954454149,-4.52520647835
1.10160155524,-4.58837432404
1.09983878661,-4.56331579491
1.10232649863,-4.52035814056
1.10294434755,-4.5466278752
1.10123817153,-4.60695602268
1.10189578639,-4.60335048311
1.10551345644,-4.59456618499
1.10374966587,-4.60424769626
1.10411866764,-4.58766444452
1.10457082741,-4.60662963505
1.10571220541,-4.61481753217
1.10501187417,-4.61519502107
1.1081107584,-4.61878099921
1.10339820341,-4.58635356255
1.10559756849,-4.61056671379
1.10480060946,-4.56760156798
1.1084919227,-4.59490675494
1.10220665621,-4.59251643495
1.10510111444,-4.61084559656
1.10439329716,-4.57751569581
1.10535724848,-4.6059509661
1.10618345154,-4.60193934713
1.10780959782,-4.6202688094
1.1021654839,-4.5534653824
1.10703287112,-4.59258153214
1.10407720607,-4.59196219464
1.10438520895,-4.51595839022
1.10314923053,-4.56000526977
1.10480048006,-4.59510370153
1.10156343021,-4.59607255882
1.10316077757,-4.56915344725
1.10354584184,-4.57341133089
1.1012848237,-4.5514640766
1.10297119766,-4.62026334974
1.10555191667,-4.58390618017
1.10345479194,-4.57508475252
1.10111117195,-4.54213812037
1.10268848128,-4.56210887686
1.10316885194,-4.53524109311
1.10361855515,-4.60457398324
1.10648239048,-4.59818489297
1.10215005272,-4.57655358836
1.10369113309,-4.52207908025
1.10507137759,-4.54213026642
1.10603669301,-4.57398628398
1.10471128414,-4.57559919416
1.10534494232,-4.52980427912
1.10621349182,-4.54237005824
1.10624112535,-4.56777763151
1.10709500982,-4.54323226218
1.10809359524,-4.59125340486
1.10304388933,-8.93845891971
1.10504302873,-3.59726041812
1.10505274909,-3.99734558822
1.10520629788,-4.21839118489
1.10360962309,-4.46401915332
1.10588918112,-4.64971688116
1.10311895598,-4.66737635723
1.10690465671,-4.7608014897
1.10805937672,-7.05663536333
1.09646593645,-4.35191579851
1.10778285192,-3.91178935869
1.10835304623,-4.06009338608
1.108447397,-4.28744128422
1.10706761027,-4.38112531565
1.10630537013,-4.40813218321
1.1071683797,-4.38793720335
1.10750727858,-4.47071816021
1.11081330473,-4.65914683528
1.10759015809,-4.45867827351
1.10821420009,-4.64577276727
1.1089310814,-4.58656794413
1.11129662271,-4.57458873768
1.10771759015,-4.52985606658
1.10772978825,-4.50548943783
1.10613154961,-4.53242072125
1.10594947198,-4.49120683764
1.10893108146,-4.59083965471
1.10629936255,-4.49596216877
1.10378382267,-4.52495546785
1.10522883054,-4.52574442506
1.10662981251,-4.57456125871
1.10323296376,-4.4339931272
1.10419991658,-4.47038758535
1.10512466404,-4.5152263536
1.1030075321,-4.49458181631
1.10601585509,-4.47211742212
1.10523575357,-4.49923280252
1.10308502767,-4.48618018832
1.10288882567,-4.47641519329
1.10660068153,-4.54500874339
1.10551337512,-4.54099964463
1.10619069344,-4.54356107815
1.10311741243,-4.49722935302
1.10453104406,-4.5061920246
1.10583290818,-4.49396332621
1.10698813128,-4.53263382661
1.10491235676,-4.50875278915
1.1066217857,-4.52087156813
1.10646049046,-4.48472891224
1.10663662011,-4.48628614287
1.10584198694,-4.5064790469
1.10648104713,-4.5345695565
1.10691385991,-4.51492768467
1.10677778692,-4.54994982347
1.10634641934,-4.56703729412
1.10553061564,-4.54460287852
1.10545460775,-4.58464648708
1.10835785765,-4.57837900388
1.10559766033,-4.52089996022
1.10616368308,-4.57461539879
1.10590843691,-4.55417798372
1.1064044803,-4.51140777592
1.10611363387,-4.55877064375
1.10702752608,-4.53247162703
1.10708344713,-4.59940548635
1.10463047652,-4.53744389219
1.1055274939,-4.54124420837
1.10684080456,-4.55994836325
1.1056980411,-4.60149145768
1.10542322505,-4.53275726918
1.10587848532,-4.55217838832
1.10526806397,-4.55712074824
1.10531261312,-4.5598835667
1.10784901152,-4.56709429508
1.10362281536,-4.53760201271
1.10649792322,-4.5345436297
1.10828631386,-4.58390000446
1.10815719901,-4.56023691392
1.10633536635,-4.58221497738
1.10825993421,-4.54435903756
1.10759489956,-4.54310845694
1.10709522741,-4.58733568163
1.10921714012,-4.5766448868
1.1078085316,-4.58256289767
1.10601605181,-4.5707811363
1.10826465545,-4.55602465889
1.1083766066,-4.56917210461
1.10915621566,-4.58792651126
1.11149791991,-4.63278748747
1.10899007487,-4.54469844776
1.10694928079,-4.59091157464
1.11050684616,-4.59026485256
1.10696679214,-4.52457137655
1.10719810674,-4.55756566736
1.10882126516,-4.55403328775
1.10969724436,-4.56722888002
1.10609206615,-4.56167563817
1.10812181537,-4.53239559287
1.10702350743,-4.54399525187
1.10862782752,-4.56039230544
1.10949126043,-4.6191232394
1.11018023369,-4.59762567256
1.1051751367,-4.59087405909
1.10771669436,-4.54799694465
1.10981659811,-4.63109489344
1.10789653105,-4.53617514612
1.10691655109,-4.54678250161
1.10839024799,-4.52547757083
1.10742678969,-4.55299367498
1.10917818088,-4.53256110093
1.11042538824,-4.58234725391
1.10839829808,-4.56476052243
1.10715240721,-4.56871727951
1.10868486521,-4.56193399939
1.10759336793,-4.5723755584
1.10814759887,-4.54008212974
1.10843136477,-4.56176139824
1.10804511103,-4.54485474552
1.10766324468,-4.53897251515
1.11103703126,-4.54365862569
1.10818380926,-4.58157539868
1.10843943944,-4.58565288495
1.10881608218,-4.51706080182
1.11216298146,-4.64580745974
1.10899281792,-4.55730268527
1.1091883295,-4.55560340239
1.10793450298,-4.54028697491
1.10833859142,-4.55639779979
1.1087628275,-4.54023443474
1.10951930744,-4.56860038413
1.1055470479,-4.5810728133
1.10787836052,-4.49066487853
1.10934715078,-4.55987711798
1.10781524865,-4.57177870216
1.10812431019,-4.58080261685
1.10815934442,-4.5670746754
1.1068582344,-4.5369650893
1.1088422399,-4.54096071676
1.10937884827,-4.52757517231
1.10692937539,-4.55773522048
1.1078548245,-4.59614973683
1.11002932648,-4.57517757512
1.10909499907,-4.57180560658
1.10812249049,-4.58661493954
1.10727549393,-4.56344059729
1.10851635867,-4.55149342069
1.10831244648,-4.61217962322
1.11256141452,-4.59416903406
1.10777756476,-4.62075663646
1.10743449773,-4.53922505658
1.11054895924,-4.56932562164
1.10979247602,-4.56331759667
1.10727076925,-4.5841038379
1.11006420119,-4.58766254383
1.10769092504,-4.57432710083
1.10923526545,-4.53061094434
1.10936309079,-4.54574957738
1.10899559417,-4.50607266533
1.10688358577,-4.51428793378
1.10882671191,-4.54446418558
1.1105192119,-4.55855565764
1.10873135004,-4.53920780973
1.17147440145,6.11205427998
1.10969842661,-5.74017280369
1.10965554725,-3.74191029819
1.10983093933,-3.44137675451
1.10810247162,-3.80636672806
1.10682587133,-4.14206169958
1.10674434876,-4.39829358229
1.1098704609,-4.52496707055
1.10813718259,-21.3090574829
1.10743317478,-5.65520860733
1.10849702137,-5.31499071705
1.10999565581,-5.25400336525
1.11027083935,-5.01073056503
1.11223710973,-4.79623509185
1.10976013247,-4.59401756726
1.11077463042,-4.53668466327
1.11105449748,-4.51111675014
1.10733202697,-4.13216070363
1.10886256032,-4.2558558163
1.11165558671,-4.49834732002
1.10901320021,-4.54177569798
1.11069190035,-4.55494766465
1.11233358582,-4.58727379824
1.10893010421,-4.55791560595
1.10707800173,-4.5197648126
1.11104692204,-4.560207349
1.1095778047,-4.54478455878
1.10859058226,-4.55314885652
1.10781170856,-4.46121897539
1.10782300004,-4.48768731632
1.10854686883,-4.5452901573
1.11128057867,-4.54092608579
1.10828777195,-4.52953539689
1.10832597135,-4.5360688593
1.10814930032,-4.54279771161
1.10960037338,-4.54145463718
1.10833721628,-4.55442838968
1.11045727614,-4.58641293362
1.10994516985,-4.59957046576
1.10741343702,-4.5361085129
1.10952103183,-4.52900347284
1.11121649903,-4.57557927319
1.10958062804,-4.54373642706
1.1086957779,-4.5670405043
1.10991030584,-4.54222536461
1.11224848719,-4.5868096325
1.10883439636,-4.5415031071
1.10940476844,-4.54081373998
1.10678131464,-4.52782307167
1.10959623502,-4.51862341271
1.11219809978,-4.5727640512
1.11101903847,-4.57007137079
1.10782610897,-4.59286602681
1.11068023836,-4.50078775578
1.11063119208,-4.53180811783
1.10946513411,-4.5023955843
1.10890207857,-4.53140416507
1.10867833852,-4.48991616599
1.10793748431,-4.51190330481
1.10927217404,-4.48781761056
1.10979694959,-4.53210975293
1.10706600527,-4.50148708106
1.10718881015,-4.49648356549
1.10811861884,-4.53160960747
1.10856966181,-4.55996671224
1.10791760396,-4.5301561316
1.10868115508,-4.55166498085
1.10982172847,-4.56712148794
1.11140814244,-4.49188101231
1.11244999069,-4.57684965648
1.1086421527,-4.55697838784
1.10977247779,-4.58430562094
1.1125347359,-4.62858876003
1.11389352902,-4.56800686078
1.11178492648,-4.52643600885
1.11225307953,-4.53623035746
1.11153541714,-4.53633288106
1.11282629976,-4.53681279285
1.1130829982,-4.52722733563
1.11174962054,-4.53990525629
1.11171706593,-4.54954260134
1.11343413131,-4.55980350839
1.11245249322,-4.53750850935
1.11199722638,-4.57124073307
1.11075997266,-4.53502212482
1.11245938199,-4.58655943259
1.11165060645,-4.57401920747
1.11378401188,-4.52690611333
1.11240628709,-4.57115928498
1.11180139004,-4.55930016336
1.11293094036,-4.54280274106
1.11312484983,-4.54032298831
1.11196112476,-4.52058338521
1.11172232146,-4.51134235081
1.11304883905,-4.57758158193
1.11332495301,-4.6028185034
1.10506968331,-3.80324028269
1.09559416399,-3.657477629
1.09318405432,-3.63878950906
1.09263795678,-3.52433184761
1.09452724507,-3.50820599195
1.09447831704,-3.44608732029
1.09390320833,-3.48531808107
1.09486729743,-3.50966931041
1.09254808149,-3.43059515404
1.09117296708,-3.33064549034
1.09332938154,-3.41506065715
1.09140317077,-3.39134800926
1.09292233422,-3.33210849414
1.09431715036,-3.39937160932
1.09309381734,-3.34927205597
1.09404259807,-3.40459379955
1.09430469528,-3.43374343421
1.09263639828,-3.39966636773
1.09301422283,-3.39180291248
1.09605701301,-3.41520922213
1.0933145813,-3.33557012213
1.09247650113,-3.35267705547
1.09380933859,-3.33546308924
1.09364082568,-3.37852145492
1.09288413651,-3.34216887203
1.09529683544,-3.36489441822
1.09522907056,-3.37439146429
1.09285556233,-3.36974468422
1.09506282536,-3.36863310902
1.09584455063,-3.31413112539
1.09185735637,-3.30345986041
1.09332937172,-3.34352382584
1.09408159613,-3.3465597073
1.0941187606,-3.35795081312
1.09291170134,-3.34493206261
1.09438225616,-3.34682105586
1.09111521778,-3.29768367111
1.09567781237,-3.33171696972
1.09566981499,-3.34364887468
1.09268573177,-3.35750438851
1.09457026856,-3.35027429455
1.09664116531,-3.3400292398
1.09723363179,-3.34708801961
1.09605108872,-3.33519293257
1.09541935245,-3.31316470969
1.09419011991,-3.32725810455
1.09566457247,-3.31988702284
1.09725203638,-3.32128697112
1.09557702672,-3.36164392966
1.09608837865,-3.33518587831
1.09505756447,-3.31226611361
1.09549733901,-3.28102378363
1.09563958225,-3.27595292292
1.0965487899,-3.28711117862
1.0952443582,-3.31637703171
1.09580072376,-3.29562481121
1.09725017585,-3.35406495108
1.09519576875,-3.31510108811
1.09108177947,-3.26877821927
1.09324139941,-3.28951735422
1.09390377223,-3.26274671453
1.09345616111,-3.32950036779
1.09214916547,-3.28374880538
1.09278759451,-3.3309807808
1.0917427804,-3.28123552838
1.09498732637,-3.33113751605
1.09560809367,-3.36615767595
1.09086722889,-3.28944237085
1.09186414753,-3.29888571556
1.0937812823,-3.28554665129
1.0938053563,-3.26851658574
1.09518565517,-3.33245089433
1.09457831482,-3.29405848213
1.09601069388,-3.30338813741
1.09873062099,-3.32811693946
1.09988819695,-3.33184517716
1.09664762741,-3.30869159075
1.09688471793,-3.32755294921
1.09705710955,-3.27725754576
1.09834384129,-3.35729397853
1.09556378868,-3.30874283799
1.09534021022,-3.28643951955
1.09288949261,-3.25399509564
1.09394255814,-3.31740546389
1.09679533035,-3.32204255892
1.09424232574,-3.25134348813
1.09230389901,-3.29299115139
1.09654024338,-3.31132652692
1.09504631417,-3.30368317304
1.0938200515,-3.26317158242
1.09515635836,-3.24435599684
1.09514910674,-3.32662791046
1.09507469943,-3.26563010357
1.09866972728,-3.31227298371
1.09856390731,-3.28847978416
1.09611137217,-3.30839689483
1.09659223454,-3.29952762986
1.09881637916,-3.29375303182
1.09839450097,-3.27033743027
1.09944355258,-3.30045916969
1.0957830305,-3.26758113402
1.09647066463,-3.32582692643
1.09730064742,-3.28975095251
1.098413275,-3.31360085302
1.09432390905,-3.26268291258
1.09518162194,-3.29019396874
1.09452301279,-3.26144770065
1.0940802743,-3.30817294452
1.09335683667,-3.26999528567
1.09431416164,-3.27547452905
1.09325586901,-3.26019685788
1.0953076004,-3.34777110507
1.09449670422,-3.25373746032
1.09443194479,-3.25900325058
1.09324451234,-3.2676913117
1.09685444483,-3.24800174026
1.09534758029,-3.30334462817
1.09596890435,-3.24947892326
1.09613849342,-3.25819354114
1.09590413939,-3.30280586362
1.09522646461,-3.26159161192
1.09700306107,-3.25938902289
1.09837050168,-3.25319536176
1.09524207067,-3.28209476066
1.09556823636,-3.28180027566
1.09764556001,-3.31104055713
1.09642379242,-3.31404086412
1.09694190711,-3.259310255
1.09487299016,-3.24678217341
1.09666235301,-3.30975545184
1.09675645074,-3.27266416684
1.09782299373,-3.27959684212
1.09476624918,-3.25348041235
1.09597225923,-3.29474631149
1.09672712412,-3.23865421827
1.09605529436,-3.25838814627
1.09749716512,-3.25733475092
1.09800219861,-3.26572754751
1.09652532242,-3.23177986584
1.09890180349,-3.29339981371
1.09949653734,-3.30449071872
1.09884943282,-3.26801110319
1.09556488033,-10.3518367228
1.09928366411,-2.52424585279
1.09766538722,-2.84191112318
1.0990162398,-2.99432412036
1.09696607485,-3.14807540196
1.097110688,-3.37473204649
1.09649137149,-3.39171427155
1.10354382588,-3.49803133494
1.10318313807,-3.25408155217
1.09659580402,-3.50600655471
1.09860654268,-2.36638605277
1.1009391977,-2.68107831895
1.09970245525,-2.89882099887
1.09930285635,-3.0610902367
1.0958030695,-3.06864122183
1.09898801686,-3.11870577351
1.09881154621,-3.11555542704
1.10083318326,-3.36612001064
1.09621028441,-3.17713617581
1.09905824061,-3.25635353465
1.09979091216,-3.22002500847
1.10015323355,-3.20524022007
1.10052865929,-3.19966221322
1.09997812319,-3.15135924101
1.09725822405,-3.15930133372
1.10070464359,-3.21415798167
1.10104723254,-3.1858687511
1.09972648912,-3.21399568006
1.09913206901,-3.16357760731
1.10006676941,-3.21777134436
1.09985239655,-3.21079395953
1.10329458419,-3.25905626173
1.10209567101,-3.19133522024
1.10090184341,-3.24489822603
1.1000945369,-3.24787274876
1.10377719068,-3.24682575305
1.0999735974,-3.20227855248
1.1019891875,-3.19653565071
1.10355291161,-3.2364842423
1.10239712337,-3.23470179298
1.10256158202,-3.25070125001
1.10369449683,-3.25930454091
1.10065974442,-3.17927943238
1.10258783716,-3.20764826438
1.10252277621,-3.19428340632
1.10244375643,-3.21060498251
1.10040872594,-3.21270554846
1.10268662642,-3.21328077246
1.10231131945,-3.17736203527
1.10300465139,-3.23211658127
1.10200247004,-3.17745412026
1.10267032589,-3.22161708012
1.10078858972,-3.16373622602
1.10315320828,-3.20207791255
1.10232130048,-3.23062708348
1.10313929036,-3.21514824522
1.10198640551,-3.16726843193
1.10355955296,-3.22387532385
1.10168228664,-3.20291262791
1.10379814277,-3.20685259331
1.10494336223,-3.23450253132
1.10431844653,-3.21328950685
1.10419613736,-3.23015308088
1.10432802334,-3.22258182599
1.10298620133,-3.17620332848
1.10361115868,-3.22940040714
1.10387014854,-3.21062685756
1.10540025611,-3.26115060325
1.10480820347,-3.22134069573
1.10644579733,-3.28105081789
1.10413435554,-3.24236903918
1.10439411814,-3.25436705681
1.10727634509,-3.20728461059
1.10675929745,-3.25557095256
1.10357777754,-3.2344161473
1.10550462291,-3.24577392477
1.10481896363,-3.23899780482
1.10508625004,-3.23649876231
1.10479735057,-3.24395589217
1.10579664992,-3.22808221367
1.10302897918,-3.24335549614
1.10427692351,-3.28180060319
1.10502531616,-3.25005482554
1.10572318405,-3.26224211938
1.10473067535,-3.24394520141
1.10736541678,-3.24092165051
1.10456293636,-3.21938626689
1.10535611416,-3.24539790359
1.1047782956,-3.16777119794
1.104543332,-3.22689171589
1.10656300844,-3.23083645641
1.10777252927,-3.26492369262
1.10482765742,-3.20818680792
1.1055354794,-3.2732385975
1.10672411375,-3.21136287838
1.10776364494,-3.25073064792
1.10729158593,-3.20368881949
1.10916776702,-3.25548696453
1.10558758916,-3.2080812376
1.10624653367,-3.18142347591
1.10779731685,-3.1780844853
1.10904940636,-3.20173832188
1.1061876273,-3.22672732893
1.10874363019,-3.24847851121
1.10875764692,-3.21831556271
1.10750593485,-3.24269683516
1.10930717821,-3.21574256892
1.10828981456,-3.2368674463
1.10523463304,-3.21774130008
1.10937480375,-3.27458466473
1.10827693153,-3.23300960823
1.10800639895,-3.24374419308
1.10739139996,-3.27057999068
1.10874500455,-3.26975606011
1.10716156536,-3.24985995839
1.11015961479,-3.27628782457
1.10927995247,-3.23240810765
1.10758101089,-3.26603029398
1.10946372859,-3.21585906844
1.11075303379,-3.23975826046
1.10758319949,-3.19102272514
1.10708764402,-3.22535807057
1.10965610291,-3.24281182187
1.10951419206,-3.29971976839
1.10997022675,-3.19704361165
1.1101189774,-3.27437077066
1.10808930331,-3.21350787119
1.11194898217,-3.24217001566
1.11186428336,-3.255829304
1.11126157594,-3.20369364899
1.10975335068,-3.28511898046
1.11263991633,-3.18467392659
1.11249820271,-3.24253892978
1.1118731823,-3.27574152523
1.11162523305,-3.24822616987
1.11178727857,-3.2543212482
1.11081752694,-3.21634733601
1.1153704265,-3.27192978145
1.11386538791,-3.25039801384
1.11057846777,-3.27060501543
1.1116288915,-3.24488280813
1.11383391201,-3.25709987937
1.11161513371,-3.24366718569
1.1140380174,-3.23851426775
1.11171656737,-3.19640937463
1.11268298141,-3.26891988702
1.11290899343,-3.2926683636
1.11590041353,-3.27007467042
1.11270058532,-3.25340027995
1.11214551543,-3.23667207182
1.11334570856,-3.22685460144
1.11423694398,-3.24110912321
1.11460421299,-3.25862546883
1.1132523798,-3.21664708263
1.11231019278,-3.20282411229
1.11409873132,-3.22789875555
1.11645225613,-3.26727295965
1.11471994457,-3.26942393934
1.11332690597,-3.26687868724
1.11693657804,-3.28688443837
1.1150308601,-3.24628872105
1.11677882844,-3.24732152377
1.22288354789,9.41481839916
1.11578680078,-4.49527018109
1.11435362451,-2.11054052632
1.11789956468,-2.07297668937
1.11607224564,-2.5290337703
1.11713567477,-2.99814528508
1.1189821161,-3.2664382149
1.1177871042,-3.49830461137
1.11575309318,-22.3213298781
1.11732694235,-4.42598776303
1.11795333888,-4.14174668325
1.11658129054,-3.86333672083
1.11772088084,-3.71164162116
1.12063257685,-3.58044030783
1.11709247547,-3.36958925433
1.11713165379,-3.32579661792
1.11788324926,-3.23926793378
1.12032070905,-3.71213446818
1.1180639893,-3.10908264996
1.11743176478,-3.24157780882
1.11676159988,-3.22549231797
1.12101790805,-3.2532057087
1.12090002615,-3.28546241924
1.11761582039,-3.27335572138
1.11789541486,-3.2407840699
1.12127535707,-3.27684773079
1.11994037692,-3.24611820813
1.12070565724,-3.25435985338
1.11972945044,-3.27872925418
1.11836736677,-3.26527626959
1.1205601026,-3.28660393256
1.12308991091,-3.28843704248
1.12003430108,-3.31644735188
1.12002065713,-3.26718065474
1.12096593013,-3.2571745614
1.12203788597,-3.3035893149
1.12251165655,-3.29591805467
1.12192460625,-3.28333467987
1.12007772219,-3.21820841691
1.11998270963,-3.26884378784
1.12228779324,-3.27186787261
1.12325423927,-3.31054800569
1.11980031262,-3.22545611148
1.12020762555,-3.29499672526
1.12124152345,-3.28077242857
1.12225926459,-3.28794722916
1.12303099318,-3.28849678003
1.12184709025,-3.28218167598
1.12012861614,-3.27050085759
1.12234734554,-3.26851144061
1.12263920839,-3.24664793212
1.12070598251,-3.2994992608
1.12204165356,-3.26497130938
1.12383560351,-3.30592704734
1.12056195904,-3.25251526705
1.1236992574,-3.26694080755
1.12162148518,-3.29298884148
1.12260121599,-3.26848520848
1.12250548967,-3.23772542869
1.12535350032,-3.33308056317
1.12256011993,-3.27090512136
1.12379157263,-3.25771460173
1.12420253632,-3.30549107425
1.1259054953,-3.32514065307
1.12507896035,-3.31889009525
1.12651477083,-3.34915476819
1.12156177887,-3.24265625109
1.12403372665,-3.36501017432
1.12477150613,-3.32165374838
1.12508462465,-3.29648244185
1.1253050327,-3.31384695933
1.12649176551,-3.32281562321
1.12403756606,-3.33931732622
1.12420054289,-3.32101752945
1.12557955791,-3.29285533517
1.12596500181,-3.35350963133
1.12358359054,-3.31094018033
1.12879492428,-3.32401598014
1.12659317937,-3.36665509407
1.12491810624,-3.28849577906
1.12328627497,-3.28959328488
1.12693158709,-3.30700240909
1.12432491836,-3.30508269079
1.12685785988,-3.32262090153
1.12578647915,-3.31281360377
1.12541782907,-3.31423509531
1.12569721327,-3.32981463486
1.12814987889,-3.30416897302
1.12351734475,-3.32362319471
1.12507735714,-3.30521998847
1.12782694439,-3.34226654651
1.12638245491,-3.30889046398
1.12658885709,-3.2978779607
1.12815294132,-3.32569592344
1.12559847625,-3.34061155441
1.12780382483,-3.34777089097
1.15055781701,-4.30954887397
1.14303303218,-3.84346211577
1.14111779383,-3.75500415696
1.14369887903,-3.74005401005
1.14053729387,-3.59866999244
1.14290532319,-3.56110180838
1.14263915993,-3.61365595552
1.14230935112,-3.69706865907
1.140203336,-3.56301478106
1.14554026419,-3.35134243005
1.14476326935,-3.39170215042
1.14379873827,-3.43774186187
1.143692029,-3.3550311156
1.14353005648,-3.36284265471
1.14262506294,-3.3355806388
1.14573197176,-3.36535086621
1.14410936365,-3.35634112988
1.1447249942,-3.32928095946
1.14402929511,-3.34036566702
1.14611194537,-3.34175497875
1.1417315026,-3.33009311504
1.14544165681,-3.33425614516
1.14616738528,-3.31272196563
1.1444035958,-3.35092330763
1.14652286114,-3.34482908372
1.14625828991,-3.2547439045
1.1425890051,-3.2669826393
1.14685741556,-3.32327136102
1.14635146043,-3.29929139325
1.14533506893,-3.2348764174
1.1437467335,-3.25329795873
1.14654049276,-3.26879687348
1.14538946918,-3.23797671256
1.1478547983,-3.261653777
1.14701259118,-3.27684455204
1.14436195519,-3.27430591562
1.14354377842,-3.2547788388
1.14768642015,-3.22622513151
1.14934447468,-3.29490752378
1.14574673906,-3.24969210297
1.1458215656,-3.23905133084
1.14706278674,-3.27384567714
1.14603864644,-3.21304384375
1.1480203802,-3.27757750176
1.14541354573,-3.25091962637
1.14618405545,-3.23670561911
1.14679606652,-3.23150372906
1.14733440304,-3.20513317102
1.14573625224,-3.22978142995
1.14625506489,-3.22397424844
1.14667469492,-3.21674710157
1.1457738504,-3.20380540033
1.14927651053,-3.2494319529
1.14822481369,-3.24537520649
1.14414115643,-3.22402964263
1.14552166862,-3.1700635807
1.14950453215,-3.23284151895
1.14776378518,-3.20732498236
1.14648288684,-3.2357963563
1.14839991803,-3.19183215115
1.14754303133,-3.20277077549
1.14922648587,-3.25433476974
1.14859930439,-3.16433697988
1.14792990502,-3.17327034094
1.14726413007,-3.20356315961
1.15264384663,-3.26094725257
1.14879217978,-3.17611804281
1.1480570731,-3.21584668851
1.14788649304,-3.18237989327
1.14985414519,-3.19806397249
1.14849740726,-3.17948370882
1.15047681716,-3.21515968347
1.14753732767,-3.22725861635
1.14759815102,-3.19240211182
1.14975209323,-3.17580249759
1.15078554516,-3.19219600898
1.14878363772,-3.22990703137
1.15011273131,-3.19975703301
1.15127955148,-3.20801114957
1.14914055096,-3.19184779022
1.15204828549,-3.24399463528
1.15117365655,-3.18870825369
1.14888439565,-3.19024059668
1.15302666867,-3.22985324193
1.15058073052,-3.14805003138
1.15072508644,-3.17182437119
1.14961549096,-3.19382030099
1.15285698063,-3.20579364423
1.15074331225,-3.21572574971
1.15273745561,-3.19437838369
1.15219076553,-3.1684445091
1.15216906417,-3.17305980689
1.15218391099,-3.20751651932
1.15517367785,-3.21013714775
1.15322351419,-3.17267214703
1.15374290861,-3.19689659787
1.15282066608,-3.19746999784
1.15491632461,-3.17128149258
1.15478853135,-3.22086886577
1.15545649233,-3.14772308597
1.1534884413,-3.16088326402
1.15495222275,-3.16880233628
1.15846959803,-3.19125204722
1.1579338539,-3.2338440691
1.15485342553,-3.2105282802
1.15846683694,-3.24277917729
1.15780233243,-3.20902302355
1.15668317384,-3.19545761687
1.15675286163,-3.18511564654
1.15769082604,-3.16919389611
1.15421235474,-3.1621989404
1.15974165668,-3.22680277382
1.15792303841,-3.1749535768
1.1571887648,-3.17107979617
1.15717567172,-3.16379381165
1.15869949994,-3.20594619592
1.15653690268,-3.17554268508
1.15965861504,-3.19024096629
1.15985823393,-3.17391422121
1.15710317776,-3.20074768427
1.15871179841,-3.18728235364
1.16098363871,-3.16539373659
1.15859503556,-3.15158361354
1.16126088632,-3.21438303576
1.15837424789,-3.17834237807
1.15968096015,-3.17712826506
1.16138385396,-3.13810692447
1.16229071394,-3.18388027871
1.1604927984,-3.19323266941
1.16068830374,-3.18438627506
1.16231710738,-3.1995872702
1.16005131561,-3.14527394673
1.16090385484,-3.21237098906
1.16283749969,-3.20595726225
1.16328645929,-3.20735733521
1.16310089809,-3.17875719733
1.16459500616,-3.1828225457
1.16274911096,-3.22042297965
1.16067556071,-3.16174424582
1.16452921787,-3.18934940966
1.16437891968,-3.19094839821
1.16489136898,-3.20161608608
1.1625324501,-14.421345524
1.16247112572,-2.29087403521
1.16039832592,-2.48913456429
1.16598155794,-2.95947333938
1.1643337438,-3.17974760857
1.16096162159,-3.32820389004
1.16358577447,-3.45946676373
1.16505844194,-3.5218046026
1.1656449251,-0.35704953755
1.15789053935,-2.89004678438
1.16432755008,-2.15508416013
1.16458861536,-2.45430665497
1.16607062079,-2.81874995452
1.16520906627,-2.99208318108
1.1627144899,-3.01020777016
1.16508525071,-3.07886331441
1.16609499207,-3.066967467
1.16695503655,-3.25935933821
1.16424826445,-3.12352552298
1.16709449982,-3.22338268533
1.1641616327,-3.12369293174
1.16646508607,-3.12863018906
1.16703321856,-3.10755874413
1.16413369888,-3.09326862395
1.16270301499,-3.04748588607
1.16734808868,-3.11171076249
1.16522478621,-3.15946965497
1.16572877134,-3.18186743896
1.16558663473,-3.11293441298
1.16631640407,-3.15728395265
1.16324780031,-3.16715585098
1.1662068991,-3.12672878091
1.16502608482,-3.10856822105
1.16447922352,-3.13812723549
1.16720315951,-3.15796056183
1.16680442072,-3.12430323331
1.16460888654,-3.13352361567
1.1648518822,-3.15163861519
1.16470770913,-3.14490477733
1.16505008383,-3.10093283888
1.16674550273,-3.16439793865
1.16584909718,-3.16297566168
1.16468532159,-3.16642668531
1.16590957128,-3.15959079498
1.16696543656,-3.14291421745
1.16684050882,-3.16759056222
1.1669610431,-3.18869071945
1.16619893799,-3.11964192375
1.16633171193,-3.1181354721
1.16810124759,-3.14363539304
1.16757169871,-3.08753853516
1.16688395386,-3.16323006207
1.16731136993,-3.11769822703
1.1715650479,-3.13902430028
1.16686128939,-3.08810917142
1.1702209451,-3.11649962424
1.17185893779,-3.0957558236
1.17141980336,-3.10871737324
1.17027192106,-3.08750126833
1.17335826701,-3.12422653281
1.17165228639,-3.12064161399
1.16976254243,-3.12790927834
1.17106227787,-3.11157997482
1.17254640931,-3.14503056898
1.17062823035,-3.11436760703
1.17060324261,-3.16904564695
1.16893290622,-3.11309322447
1.17001317121,-3.11189913705
1.17032611127,-3.1180962791
1.17178767955,-3.1299698981
1.16902923314,-3.11997156338
1.17246827509,-3.15918569123
1.1708148779,-3.10391948835
1.17062956002,-3.15752271175
1.17073317041,-3.1081307188
1.17373993132,-3.1366067448
1.17272570129,-3.10149072293
1.17560781764,-3.20384471038
1.17127795612,-3.09772107681
1.17345800377,-3.09376048679
1.1700327842,-3.11177472884
1.17512469021,-3.1574557532
1.1733288749,-3.10978579444
1.17245463364,-3.17767842593
1.17271479262,-3.12279195169
1.17102577291,-3.13693225795
1.17205363302,-3.11381746109
1.17381621104,-3.15075734408
1.16826138088,-3.08637569202
1.16788257437,-3.15721381706
1.16922487031,-3.101906659
1.1706183755,-3.08229086342
1.1685757633,-3.10261686469
1.16743047862,-3.11430816974
1.16491652569,-3.08637275682
1.16711706263,-3.079678708
1.16817764722,-3.11728085792
1.16998238759,-3.11751055493
1.16533573418,-3.05033156611
1.1685047783,-3.12480730423
1.16967277448,-3.09231178369
1.16727048593,-3.09051997494
1.16729789337,-3.16511861714
1.16790145881,-3.08582380752
1.16643035089,-3.06406365799
1.16803419022,-3.12661153794
1.16950559216,-3.145801151
1.16567959543,-3.1207929469
1.16629620713,-3.06889706621
1.17007046477,-3.13471301415
1.16839494205,-3.11322053056
1.1692207601,-3.10491190129
1.167765226,-3.08394653704
1.16778430731,-3.09050533326
1.16816750402,-3.13753400319
1.17276167482,-3.15196142229
1.16573665203,-3.05726970172
1.16694990043,-3.09666167999
1.17116435731,-3.12076182086
1.17062831562,-3.1445412266
1.16831416396,-3.05775586561
1.16731230826,-3.10022285521
1.16744995422,-3.08219483832
1.16829274744,-3.118786868
1.17062081882,-3.13206660124
1.17009520006,-3.20040414696
1.16623406056,-3.11424708601
1.16977480759,-3.05910078914
1.16896881004,-3.08781533125
1.16887777337,-3.14504980346
1.16682983851,-3.11782907352
1.16802928822,-3.09134449254
1.16894573088,-3.07082033555
1.17012417363,-3.13873593772
1.16921309302,-3.1431226469
1.16669307201,-3.08816957575
1.16960411992,-3.10467345348
1.17095771414,-3.14770770755
1.16739297844,-3.08825628327
1.16813059565,-3.09617378139
1.16816551891,-3.09144381076
1.16968115332,-3.12362370553
1.17014901209,-3.14692031609
1.17162085282,-3.12952583245
1.16756876491,-3.11361697417
1.16754390321,-3.07852100866
1.17021781077,-3.09056347459
1.17157391231,-3.14302488166
1.1694962173,-3.08955036669
1.16795845491,-3.10193535973
1.16768114906,-3.07420133427
1.16837483325,-3.0606928718
1.17220555082,-3.11420667859
1.16775411714,-3.04178236977
1.16732172732,-3.11913558434
1.1705861333,-3.12025720999
1.1695131873,-3.13213067171
1.16920722343,-3.14454309788
1.1675833442,-3.11972679005
1.17012782041,-3.12636290798
1.16809208229,-3.15971066916
1.1703452922,-3.15883151792
1.28525961139,10.3759837748
1.17005664781,-5.87782490804
1.16895289583,-2.78943100898
1.17087833556,-2.31305619193
1.16866784933,-2.49043123649
1.16933856538,-2.78292179506
1.1709730757,-3.0251115801
1.16994002584,-3.22537611757
1.17092928894,-27.4066342569
1.17506277601,-4.10180153482
1.16966757181,-4.1467480904
1.17140164126,-3.72826876323
1.17077080698,-3.44580972109
1.17271522634,-3.19662648025
1.16871137818,-3.03532668962
1.17146315257,-3.0984593354
1.16846782289,-3.00495267776
1.1684441187,-2.75539814008
1.17123302059,-2.9487508602
1.16911278996,-3.0350450877
1.16828874943,-3.00675566485
1.17198831462,-3.10178983669
1.17027099065,-3.05365759763
1.17083757116,-3.09912137268
1.17066112315,-3.09003780291
1.17044085091,-3.01280480487
1.17008708542,-3.06879934622
1.1731717651,-3.01790330923
1.16846754318,-3.00873625767
1.16735813404,-3.06416911016
1.16834116774,-3.03401222196
1.16822065071,-3.05437516623
1.16759796857,-3.04298320034
1.16861441518,-3.1001149617
1.16639418454,-3.06002177766
1.16599045707,-3.06201939556
1.16647063838,-3.03504932997
1.16649708485,-3.05111610009
1.16477303079,-3.07009099125
1.16485819865,-3.10001663054
1.16614734125,-3.06229791019
1.16576830318,-3.10836118459
1.16626293073,-3.07075620472
1.16737071064,-3.1182683576
1.16642463122,-3.10364921074
1.16800675707,-3.07775816074
1.16962502825,-3.06092114562
1.1653196347,-3.08945207984
1.16399156912,-3.01374104417
1.16804893439,-3.06397768928
1.16725845733,-3.07142163394
1.16473560032,-3.08541953397
1.16731777979,-3.08212126896
1.16542872227,-3.04642769043
1.16449757132,-3.03311407967
1.16941822778,-3.10447838064
1.1658127275,-3.1101502981
1.16362239549,-3.10857336675
1.16540698012,-3.05486185931
1.16618451798,-3.06312250459
1.16387077259,-3.08401940932
1.16612837642,-3.11497093871
1.16360731451,-3.05686162928
1.16414240785,-3.09812469084
1.16382890361,-3.13936071666
1.16262753047,-3.07499705037
1.16060884503,-3.0735753334
1.16433289954,-3.08360695647
1.1638372968,-3.08547104474
1.16161639391,-3.09142475209
1.1626438954,-3.07333299742
1.16300056037,-3.10876955946
1.16161724588,-3.08650720418
1.16464578609,-3.08694697958
1.16499411165,-3.04193497171
1.1642545658,-3.10780707155
1.16349160659,-3.09502622516
1.1662307124,-3.09078666576
1.16360934747,-3.15852017601
1.16375835139,-3.13070032282
1.16444638806,-3.09319279862
1.16285867408,-3.12028958399
1.16211144879,-3.15662061044
1.16447074407,-3.16253705892
1.15935871135,-3.11139663558
1.16264240599,-3.14071901227
1.16331602757,-3.13481749106
1.16246722122,-3.12384930375
1.16086308033,-3.11836566542
1.16381213332,-3.09433784672
1.1610381383,-3.13637054826
1.16108942313,-3.06875029416
1.16264122135,-3.12871224766
1.16282326997,-3.07024348151
1.16035947432,-3.12175079062
1.16430604236,-3.09772685648
1.15726416553,-4.58914447982
1.15013015055,-4.13275768571
1.14956229375,-4.03728235925
1.1513575034,-3.89841193477
1.14825101239,-3.86127805878
1.15146918064,-3.89902521316
1.15042169737,-3.90027294466
1.14737231552,-3.92711851
1.14909467639,-3.97863975413
1.1495759204,-3.93362829204
1.14866727097,-3.95655735916
1.14970253343,-3.98726065759
1.14885937433,-4.01933712921
1.14947263004,-3.99989257696
1.14980475333,-4.08302849159
1.14893742648,-4.02762501023
1.14684780856,-4.09198870123
1.14801570505,-4.12186801359
1.15004041474,-4.1228589095
1.15111744523,-4.11173059081
1.14799466216,-4.12461701925
1.14878987784,-4.16082352986
1.14909273741,-4.16633471623
1.14658965598,-4.12374040863
1.14932498119,-4.14968348496
1.1493601985,-4.18644421935
1.14617564023,-4.17494616568
1.14909974654,-4.23492843528
1.14874810861,-4.16198858505
1.14999814617,-4.18595127904
1.14736429326,-4.24611304105
1.14824437434,-4.22192248947
1.1467351713,-4.21863772149
1.151926542,-4.24647081298
1.15075593016,-4.23397984781
1.14822601993,-4.18867530652
1.14932971649,-4.26276963363
1.15265125102,-4.26780295538
1.15081017895,-4.24277506476
1.15355229303,-4.29170942955
1.15319234302,-4.26579707194
1.15179675901,-4.28811749997
1.15420710935,-4.34076127892
1.15620311013,-4.29038748138
1.15262737403,-4.29963076134
1.15594310233,-4.35269239016
1.15637223193,-4.35258228501
1.15738087144,-4.35086670228
1.15634995721,-4.31826517895
1.157736416,-4.31420254265
1.15493672581,-4.35332141197
1.15676017195,-4.33600240273
1.15841980071,-4.33564775432
1.15840591522,-4.36907296502
1.15633997423,-4.36088440977
1.16011270751,-4.37664796354
1.15802457432,-4.3676324296
1.15690633958,-4.36070075178
1.15727125402,-4.39753065817
1.1562766131,-4.35335666157
1.15617805121,-4.35899504972
1.1602789785,-4.38256008782
1.15643615892,-4.3662370687
1.15613112275,-4.36546700306
1.15605961588,-4.40444474614
1.15850220395,-4.30396043327
1.15725228153,-4.41089568619
1.15723531987,-4.39069248991
1.15619236216,-4.4060227901
1.1568419354,-4.35441565657
1.15731547525,-4.40001579347
1.16033915286,-4.43656121873
1.15423453679,-4.37389667867
1.15704689904,-4.41568835882
1.15893017037,-4.45740273635
1.15920771773,-4.43281000511
1.15763846264,-4.42172248143
1.15910220776,-4.41578566016
1.1576124019,-4.43143281606
1.15881520062,-4.40567174156
1.15731506767,-4.40626469116
1.15836752845,-4.4541234978
1.15595863301,-4.44702456855
1.16009578288,-4.42840663123
1.15727171356,-4.39097177743
1.15849513481,-4.43725665296
1.15732258145,-4.4109590868
1.15683384802,-4.4069203467
1.156407739,-4.42369445475
1.16022430621,-4.41230636546
1.15647931413,-4.39154688825
1.15808379504,-4.4979393741
1.15548811421,-4.426486642
1.15817267837,-4.42282932763
1.15590270248,-4.46612487398
1.15695330203,-4.41749306829
1.15551302371,-4.41257899723
1.15869494998,-4.49852600302
1.15612963733,-4.42965033832
1.15785526162,-4.48471245818
1.15415615141,-4.43864937798
1.1570621257,-4.47179449819
1.15720294211,-4.47709550967
1.155210847,-4.4676261457
1.1550047355,-4.45775575994
1.15679745863,-4.44084328718
1.15446354604,-4.48885459068
1.15581688243,-4.41047684416
1.15473059338,-4.4385024754
1.1544791103,-4.50133528767
1.15301306782,-4.49804499775
1.15484673989,-4.50642768161
1.15287961478,-4.47859153352
1.15360673671,-4.46468985739
1.15250899202,-4.47608048202
1.15057321803,-4.44246150029
1.14949358041,-4.43080632144
1.15358812621,-4.47765366487
1.15090690539,-4.49633900934
1.14916583962,-4.47184652625
1.14925843312,-4.47768372814
1.15207470506,-4.44998983912
1.15014466406,-4.50435116415
1.15157172169,-4.47181792515
1.14706535838,-4.44275520925
1.14880149315,-4.48409283999
1.15005852016,-4.48289580314
1.14972398662,-4.47505952434
1.14627811812,-4.51198424334
1.15025179208,-4.45203429081
1.15061583076,-4.47537873691
1.14848349102,-4.42316051964
1.14896360904,-4.47088174132
1.14806000546,-4.44808197351
1.14552529642,-4.47930465378
1.14789170214,-4.44368376971
1.1494408812,-4.50624269579
1.14904806372,-4.49650452473
1.1464526788,-4.50214334163
1.14717170237,-4.44974548083
1.147007295,-4.51917406307
1.14806340443,-4.4449696501
1.14816880029,-18.8628585274
1.14725496302,-4.93149604209
1.14772597473,-4.32514926535
1.15148613108,-4.25317052272
1.14585396206,-4.42662027775
1.14550084476,-4.55107629147
1.14803343096,-4.64337507837
1.1487757769,-4.68231955889
1.15142404359,-0.0597054512673
1.14875485458,-3.89679794837
1.1445250183,-3.39383229136
1.14664430032,-3.8320228703
1.14946872265,-4.07967950035
1.14928614936,-4.30345847722
1.14321504603,-4.29289402934
1.14746183651,-4.40707229667
1.1456464249,-4.37645770005
1.14550457566,-4.41773551213
1.1475786422,-4.4831284416
1.14595487722,-4.452676484
1.14475570371,-4.48659137517
1.145071585,-4.42439546432
1.14558958992,-4.45429508418
1.14486065056,-4.4710771382
1.14449974241,-4.43794078146
1.14823760033,-4.48499743233
1.14409373329,-4.44373759598
1.14638104265,-4.48017264463
1.14431693453,-4.46394401373
1.14470587888,-4.46637893983
1.14552895582,-4.48088072028
1.14957192649,-4.48666677411
1.14617864771,-4.50928345718
1.14327218973,-4.40728426432
1.14706792774,-4.49590494152
1.14691682336,-4.4324591652
1.14479252023,-4.44280038086
1.1477289351,-4.46428823395
1.14388200381,-4.43009247811
1.14663703735,-4.44966082962
1.14738206102,-4.47830640497
1.14504754761,-4.49206905414
1.14332319173,-4.47563800137
1.14850512013,-4.44407333998
1.1483956912,-4.56141259209
1.14684981086,-4.48194813138
1.14599038686,-4.49522007244
1.14772478986,-4.49393271628
1.14487073081,-4.46722765156
1.14713424239,-4.4873051768
1.14630475096,-4.49697783354
1.14547220803,-4.49271172724
1.14579039815,-4.48868042528
1.1463809918,-4.52202630295
1.14449545471,-4.46854531941
1.14615843178,-4.45779145619
1.14633689568,-4.49979265271
1.14479685846,-4.50703204635
1.14652054281,-4.52924839654
1.15021624356,-4.53864986739
1.14650130786,-4.5304989739
1.1470883208,-4.51346972188
1.1468924232,-4.54178539842
1.1468824357,-4.54589941326
1.14750661735,-4.55139053688
1.1482770053,-4.54210816486
1.14605681875,-4.53296855244
1.14758484694,-4.51029678601
1.14837048027,-4.53375491938
1.14670744879,-4.52504450884
1.14683026077,-4.53743282848
1.14978411868,-4.54929915855
1.1495864405,-4.51804934195
1.14778514825,-4.5168272579
1.14780879384,-4.54093157026
1.14707102859,-4.54106625422
1.14486359729,-4.51036440507
1.14833561216,-4.49535418874
1.14817129897,-4.5339813626
1.14622697252,-4.55962604312
1.14332968062,-4.48027548979
1.14654399701,-4.55679944346
1.14563313631,-4.54223555461
1.14698631184,-4.5579450326
1.14712943861,-4.57856088149
1.14572964212,-4.56623248019
1.14735240483,-4.54489761949
1.14827814616,-4.57165949618
1.14640933802,-4.56231371625
1.14541373483,-4.52150254302
1.14764614647,-4.57385603393
1.14783749189,-4.53533214664
1.14715228634,-4.55977657875
1.1485825408,-4.60283433513
1.14440763629,-4.52182761484
1.14826862348,-4.51326766114
1.14880900174,-4.59777070162
1.14734114808,-4.52402103937
1.14432924767,-4.48702054035
1.14928969947,-4.56198581563
1.14777632538,-4.55328832919
1.14894972353,-4.59016223596
1.14705686558,-4.56360385845
1.1461895834,-4.49342767164
1.14666022011,-4.56049225184
1.15060830547,-4.5453012648
1.14700158528,-4.59684868686
1.14664566789,-4.54044063474
1.14916976728,-4.55493255891
1.15036148803,-4.55167915748
1.14654797729,-4.5479502529
1.14834755011,-4.57891084386
1.14625267269,-4.53814714083
1.14820745242,-4.57907671705
1.14960788937,-4.51395722517
1.14905930669,-4.57276681462
1.14694781315,-4.56822466203
1.14792638299,-4.55249372833
1.14814440677,-4.52370840412
1.14847095552,-4.51370405146
1.14726849343,-4.52885404639
1.14851948069,-4.53704267491
1.14634560665,-4.53420841244
1.14937063137,-4.55393515335
1.14963517851,-4.56898769108
1.14814601734,-4.57073254058
1.14785812913,-4.58537098858
1.15019532132,-4.60431278603
1.14840082289,-4.56060834058
1.15015201741,-4.57109977854
1.14960454319,-4.57196378638
1.14798559589,-4.56117098629
1.1472686537,-4.53154235906
1.14971468356,-4.57567168389
1.14585734487,-4.46858453178
1.14619100625,-4.53127919294
1.14865846831,-4.55759845119
1.14884475899,-4.55341894671
1.14706788557,-4.54743032553
1.1484418384,-4.54719208503
1.1462765292,-4.60017556607
1.14633171131,-4.50475744564
1.14716965526,-4.58234764321
1.14908199356,-4.60006601666
1.14505812474,-4.5669038715
1.14556221578,-4.58464963703
1.1468912429,-4.63602788289
1.14434537475,-4.5429749472
1.14608837592,-4.58741220526
1.14560445321,-4.57149733866
1.14525040977,-4.57377057627
1.14781583169,-4.57993680676
1.14673503674,-4.61711076468
1.14423416055,-4.56303193789
1.1461787159,-4.5706021
1.15000148443,-4.59298976356
1.14647767254,-4.55499754469
1.14911964399,-4.58526871152
1.14670425773,-4.57264983755
1.14754285101,-4.55649963774
1.14637583233,-4.54216856332
1.14892370288,-4.57533542713
1.24831689491,8.89420686312
1.14631316062,-6.88935987516
1.14775105869,-4.14965641021
1.14696485637,-3.45506633647
1.14621249716,-3.74764809826
1.14880952004,-4.14550263135
1.14427041991,-4.38525450923
1.14548843025,-4.57265319636
1.14720882806,-31.1749495361
1.14588030923,-4.13743711643
1.14147338254,-4.7804367523
1.14570511265,-5.08977782031
1.14421830393,-4.88683258638
1.14484023606,-4.73434616039
1.14402670241,-4.56743516532
1.14269983486,-4.46540634904
1.14174548932,-4.51839241689
1.14847809164,-5.00005418058
1.14591906124,-4.45232614265
1.14285467137,-4.55669851714
1.14380343248,-4.46839003369
1.14600643381,-4.50654273444
1.14301669455,-4.50647579788
1.14600009201,-4.52690158452
1.14295900597,-4.50423917916
1.14447443397,-4.57527538374
1.14362546202,-4.51103296822
1.14638689254,-4.53011315118
1.1433755728,-4.53876510189
1.14588180177,-4.56737716169
1.14285814189,-4.49724645343
1.14408062052,-4.57255492131
1.14327620952,-4.52983691474
1.1440680894,-4.5045893923
1.14260073463,-4.53330617254
1.14404923868,-4.55172889886
1.14457166863,-4.5582731924
1.14234821969,-4.54144365134
1.13893053196,-4.56581743076
1.14430977635,-4.58894482988
1.14304281788,-4.55908084505
1.14248271953,-4.55174922619
1.14323871192,-4.61252286658
1.14152300075,-4.58800020947
1.14043507469,-4.53365045996
1.14276751175,-4.52722108749
1.14279984166,-4.55863888488
1.14281656174,-4.56899547491
1.14070607938,-4.55704103859
1.1440177131,-4.54181701974
1.14322495377,-4.59785504962
1.1455093684,-4.57563501217
1.14305028713,-4.55033350658
1.14422435984,-4.52108467222
1.14576028539,-4.56116871619
1.14799677045,-4.56268264657
1.14480002483,-4.57347544545
1.14600793588,-4.56503612048
1.14880792616,-4.55705400711
1.14821053035,-4.59755664704
1.14739767835,-4.54936818811
1.1480538579,-4.58907915152
1.14556678181,-4.57833794469
1.14793027712,-4.58815634828
1.14915324582,-4.57110611588
1.14870508681,-4.61819317619
1.14660886214,-4.60085626985
1.14958078523,-4.58368034078
1.14720462882,-4.52126575988
1.14994703663,-4.58397672885
1.15132840078,-4.63610074418
1.14878347175,-4.62978785613
1.14723857851,-4.59081189972
1.15184613445,-4.57983250267
1.14916935046,-4.56232090303
1.14744996146,-4.58747630598
1.14858671154,-4.55210695835
1.15013271508,-4.57004894821
1.1469044395,-4.54423047377
1.14794032561,-4.57413960063
1.14640069023,-4.54027770231
1.14694325124,-4.56496226372
1.14953442041,-4.63744440601
1.1502876862,-4.57818436481
1.14793324989,-4.59329641034
1.14893460694,-4.57034446916
1.1490140457,-4.54959802177
1.14629690487,-4.5618215464
1.14745272062,-4.56159633356
1.14921936737,-4.56121608328
1.14486357957,-4.54843834973
1.14715405692,-4.53327023888
1.14686018803,-4.55906112073
1.14820840523,-4.59727478135
1.14659644974,-4.56466527896
1.14795892745,-4.55297020332
1.17558386096,-4.88351424334
1.16852731976,-4.52444101376
1.16900743013,-4.25057352178
1.16795683739,-4.39048830066
1.16910879145,-4.40620453813
1.17111648637,-4.4376513819
1.16841888335,-4.49875151884
1.16770577411,-4.59045604496
1.16934643877,-4.58298850132
1.17029807496,-4.58722323536
1.16670233645,-4.57841589761
1.16887536445,-4.60844505889
1.16531876992,-4.58795520956
1.16688250221,-4.60355994989
1.16692827651,-4.65722409998
1.16642176916,-4.67860746231
1.16411227485,-4.67571384665
1.16369660336,-4.69421790341
1.16445212643,-4.72005903996
1.16506551658,-4.7426871863
1.16646316351,-4.768388433
1.16668777632,-4.7779436923
1.16058330478,-4.7461226107
1.16415397712,-4.77495169023
1.16608393887,-4.82333716007
1.16506984324,-4.77460777532
1.16334517172,-4.83490583246
1.1633265149,-4.77263421638
1.1622530391,-4.79421470788
1.16516182621,-4.79947127289
1.16493459247,-4.85959104273
1.16230048333,-4.88130658338
1.16195197044,-4.79787801828
1.16670501739,-4.86269153481
1.16351906832,-4.84801879977
1.16297282256,-4.86795836911
1.1634231552,-4.81530547809
1.16438210345,-4.81753410322
1.16313076179,-4.87385286723
1.16685564368,-4.88261962957
1.16149414286,-4.88096730622
1.16536236965,-4.9426008878
1.16456094115,-4.87452696999
1.16632047166,-4.93831468085
1.16186151192,-4.88668374855
1.1656245602,-4.92884406027
1.16479704878,-4.90153860041
1.16511756856,-4.93005578756
1.16277593888,-4.85920829013
1.16415815947,-4.91894569614
1.16032695829,-4.90642342222
1.16556722589,-4.91295051088
1.16317675215,-4.92878075694
1.16159084762,-4.92537196976
1.16190569351,-4.90064161707
1.16404878603,-4.95173136724
1.1618037678,-4.96760338115
1.16487796882,-4.90398567467
1.16460102749,-5.04635059218
1.16214739661,-4.94176849613
1.16495462371,-4.95453331612
1.16604143545,-4.98180307273
1.16332352398,-4.95992801667
1.16331691003,-4.95332091881
1.16461910059,-4.961997548
1.16408175607,-4.93248528457
1.16229804022,-4.94853711786
1.16512607114,-4.94591237435
1.16121241591,-4.95548544458
1.16151976932,-4.95090557622
1.16468096129,-4.98889791452
1.16397568015,-5.00333491533
1.15901876631,-4.99133042279
1.16304097912,-4.95826281265
1.1622671467,-4.99318422403
1.16263479876,-4.96978339063
1.16067846617,-4.96638261896
1.16232903628,-5.02774567706
1.15730807872,-5.00336884694
1.16139053216,-4.99793346424
1.16271666693,-5.04379341996
1.16191275711,-4.99420368712
1.16375286917,-5.0315705381
1.16235604859,-4.95462333103
1.16006390564,-5.00252150391
1.16365515994,-5.02351757293
1.16401670076,-5.0663374838
1.16185878569,-5.00051385784
1.16286701718,-5.07653906066
1.16718973191,-5.08509183634
1.16111302716,-5.02799757364
1.16247548206,-5.010248742
1.16327798183,-5.0142092042
1.1648396404,-5.02852143008
1.16366053144,-5.01854550464
1.16591890098,-5.04785597231
1.16291513833,-5.03508967065
1.16503955617,-5.02813202033
1.16543735175,-5.06088972899
1.1650656541,-5.05659242426
1.16431529085,-5.06310861131
1.16557706906,-5.03154356745
1.16587954007,-5.10759329931
1.16603127986,-5.11726125378
1.1664372726,-5.11556957902
1.16632657305,-5.09265118752
1.16269142045,-5.08477042853
1.1663465276,-5.06285357138
1.1656800319,-5.06944255747
1.16380528374,-5.07708902307
1.16523001135,-5.06940020894
1.16736262408,-5.12099124659
1.16442846269,-5.09800762145
1.16572417023,-5.03801916197
1.16633200685,-5.10203467385
1.16499640466,-5.04645929684
1.16580297108,-5.06219695262
1.16804512432,-5.06450253805
1.16409908698,-5.10914044313
1.16440486973,-5.11724967305
1.16590565649,-5.10900163208
1.16621080723,-5.10308790356
1.16766703506,-5.13643892896
1.16829972308,-5.13477963647
1.16333564631,-5.08818312256
1.1673712338,-5.12656172263
1.16919419402,-5.1416837921
1.16710801853,-5.15623365392
1.16621300739,-5.14943706812
1.16783137088,-5.11400362759
1.16784845741,-5.11880229638
1.16663888388,-5.09875882637
1.16818536459,-5.1344605335
1.16724707367,-5.08137347666
1.16724829961,-5.1102771215
1.17036423487,-5.13415684911
1.17020904579,-5.10688562358
1.16816593941,-5.10420241876
1.16875406803,-5.1270006336
1.1698874506,-5.14433069739
1.16905833161,-5.1515375937
1.17254189358,-5.15359022516
1.16894331276,-18.1455898984
1.16968075362,-5.3559644611
1.17026487885,-4.95718813265
1.1742038911,-4.97003005202
1.16940259451,-5.06689574281
1.17208280566,-5.23806945401
1.17097996889,-5.32531508555
1.17187513962,-5.34624621233
1.20959650705,2.94981711307
1.17454136947,-4.76986621314
1.17176194231,-4.20892649198
1.1742360982,-4.39130440808
1.17416393218,-4.64925095797
1.17242953793,-4.79993955253
1.17375385528,-4.88638334277
1.17730127453,-4.98394261054
1.17616341272,-5.052949565
1.17285997374,-4.82553940582
1.17641188258,-5.01297607519
1.17580774032,-5.06188862553
1.17430774463,-5.01981651786
1.17954788569,-5.12785036216
1.17606218149,-5.0893053271
1.17656028013,-5.13557919062
1.17759159569,-5.17256654455
1.17893247217,-5.17183703074
1.17698250292,-5.14895372101
1.17900736608,-5.14650297625
1.17570588636,-5.14053682485
1.17713111965,-5.12743535831
1.17767447263,-5.15801225601
1.18064446106,-5.18900079485
1.1774071933,-5.2206245418
1.17801449732,-5.09297052555
1.17769028154,-5.15590164489
1.17701493247,-5.06829539533
1.17749925225,-5.14381982967
1.17919306858,-5.16316887289
1.17413561121,-5.14725296013
1.17967484174,-5.12988282739
1.17904567692,-5.15817268028
1.17656543948,-5.17712616332
1.17575424385,-5.16618806784
1.1814509125,-5.18936004834
1.1775013681,-5.19348323611
1.17998808621,-5.18497541529
1.17974397743,-5.18468877805
1.17687130872,-5.15702971253
1.17663946274,-5.15186586033
1.18197860286,-5.22699091906
1.18083470809,-5.2696044251
1.17955554793,-5.12661386718
1.18006789379,-5.16662426469
1.17884788858,-5.15885744176
1.17889463925,-5.16135337788
1.18345723171,-5.16114374936
1.18000340822,-5.19901803718
1.1805408563,-5.13864574799
1.18311316983,-5.23891855085
1.18306474645,-5.20338678308
1.17785088267,-5.17037442436
1.18111704463,-5.18569138593
1.18218299851,-5.2278725969
1.18355326286,-5.21271018117
1.18292275267,-5.21930235726
1.18125443115,-5.19782036526
1.18008496162,-5.23899158063
1.18304515619,-5.20363881027
1.18367563966,-5.1896410961
1.1836483061,-5.22606749328
1.18158371759,-5.24083650703
1.18302853443,-5.25577312219
1.17987464821,-5.16958266958
1.18184528235,-5.2226596686
1.1809736691,-5.2631502407
1.179235055,-5.22187435627
1.17867158967,-5.19639503231
1.18347175366,-5.27102472158
1.18006854236,-5.23594392969
1.17934454369,-5.18093651333
1.17927240799,-5.21748332144
1.17820732472,-5.16710781345
1.17786260108,-5.26222336615
1.18253426007,-5.29493940348
1.17623803714,-5.22505327776
1.17827019263,-5.25573292246
1.17811123913,-5.15527562416
1.17832558883,-5.24320046247
1.17614468042,-5.23268189024
1.17681689495,-5.16769679877
1.1745333617,-5.1771099053
1.17720581426,-5.18184604215
1.17634250591,-5.19219186687
1.17510490995,-5.21267484932
1.17196423545,-5.22941069605
1.17441606172,-5.14416455494
1.17489420702,-5.24730582181
1.17176015426,-5.15449534019
1.17266164472,-5.1799462073
1.17273723108,-5.16134568923
1.17226832968,-5.21625626323
1.17259160382,-5.2089361623
1.17050262788,-5.17760528637
1.16957278817,-5.16416509891
1.17128498601,-5.11117745385
1.17496337841,-5.16871111686
1.17049907345,-5.1920149103
1.17142108688,-5.20785920362
1.17227990925,-5.19077102422
1.17331474635,-5.24419841562
1.17275960425,-5.20369796284
1.17557269191,-5.24731138054
1.17221797754,-5.1945828769
1.17316715921,-5.21471852517
1.17631181677,-5.21963587045
1.17486880362,-5.22346444133
1.17161611682,-5.22318514927
1.17559376216,-5.20898315723
1.17326326644,-5.20842492768
1.17486472875,-5.21660234939
1.17680845237,-5.21432927312
1.17484947385,-5.18438628659
1.17297861472,-5.19943896738
1.177093025,-5.22940168084
1.17539472173,-5.20450798657
1.17589254517,-5.20412672354
1.17555997107,-5.22680519864
1.1781726744,-5.25248264067
1.1763918466,-5.2227773632
1.17701024739,-5.21699735413
1.17611132092,-5.23223239035
1.17389419188,-5.17119692326
1.17703222456,-5.23673086811
1.17994166449,-5.19377324601
1.17590857476,-5.20420843842
1.1782037953,-5.23096502902
1.17595821313,-5.17190086226
1.17660000532,-5.23989890689
1.17646710642,-5.24574092126
1.18238050247,-5.28688199603
1.17626037257,-5.20625711458
1.18167364718,-5.25953201014
1.17935440328,-5.18952167409
1.17966298173,-5.25785705788
1.17941298422,-5.26082944964
1.1786387032,-5.23685130486
1.17974705869,-5.23842070987
1.18150083734,-5.3092532666
1.18133255662,-5.28756658436
1.17971197276,-5.28490182465
1.17918088609,-5.24366117816
1.18227528134,-5.25033238992
1.18218805835,-5.27910009086
1.18157565241,-5.28249718969
1.18273325536,-5.27803883155
1.18238117761,-5.24754381128
1.18123090331,-5.26423964146
1.18446852955,-5.30599997523
1.18176935063,-5.29089381989
1.18141274509,-5.24735922075
1.18362291014,-5.28780476034
1.18471868921,-5.2980601891
1.29490316545,9.36139371464
1.18548403413,-8.15972064442
1.18434903418,-5.22076603419
1.18479806832,-4.3541351931
1.18555599693,-4.51837707118
1.1874187066,-4.84473485271
1.18234232107,-5.08475010734
1.18639134997,-5.31407439756
1.18794420663,-30.4040993661
1.18626645269,-5.02644522489
1.1875468962,-5.67249730056
1.18791604047,-5.77902607589
1.18706946084,-5.59385985775
1.1902569506,-5.39102295941
1.19266032998,-5.28650920991
1.18932544144,-5.22080602227
1.1881757107,-5.29104889257
1.19731873645,-5.94983747628
1.19038080001,-5.1296682015
1.19326919702,-5.37069216486
1.19144636089,-5.29009221251
1.19236949237,-5.31588927705
1.19189797322,-5.29397385831
1.19641506504,-5.34198938961
1.19127087171,-5.27935172701
1.19353303316,-5.29160997016
1.19553488343,-5.30372074785
1.19677689043,-5.30375615902
1.19178021364,-5.30730151396
1.19519089184,-5.32530731852
1.19465437622,-5.32774354253
1.19536780815,-5.2824111833
1.19563101343,-5.28777516526
1.1963062044,-5.25890348841
1.19472875242,-5.29891874084
1.19689414884,-5.30429167357
1.1997670019,-5.34645148408
1.19894427907,-5.32905260549
1.19758628455,-5.30490169374
1.19981263495,-5.29796137513
1.19887719472,-5.32302255928
1.20127797492,-5.36828885478
1.20407708289,-5.36180163459
1.20291743598,-5.33778798458
1.2031598752,-5.40682230324
1.20450719743,-5.34550061724
1.20430451423,-5.37524795495
1.20378677318,-5.39619075332
1.20487109389,-5.36328616609
1.20695768767,-5.40178942435
1.20488427414,-5.37638247998
1.20824947657,-5.42087693698
1.2052970175,-5.35042928682
1.20924398133,-5.39477599856
1.2113102183,-5.42629089932
1.2114950891,-5.36938278185
1.20880759045,-5.38370205594
1.21154690959,-5.36568775191
1.21256522973,-5.40576520182
1.21292475128,-5.41224110484
1.21289877711,-5.3887548915
1.21713343657,-5.44729218579
1.21287019144,-5.40377691791
1.21749584616,-5.47204787276
1.21660088313,-5.42743892246
1.21584997048,-5.45338504336
1.21579579647,-5.41823025463
1.22029885177,-5.45474245146
1.2178326683,-5.45291158752
1.22141034652,-5.41375547383
1.22261950102,-5.44214947074
1.21985443208,-5.42964625253
1.22225816162,-5.44968312605
1.22612770503,-5.45018992303
1.22447436378,-5.47924311515
1.22647057648,-5.50592405781
1.22588546466,-5.41780776873
1.22727914472,-5.44660613982
1.22796273294,-5.47127975595
1.23128756566,-5.49343862481
1.22993662037,-5.4767187968
1.23002959043,-5.54767118923
1.23348570705,-5.5113847889
1.23278228305,-5.50341646377
1.23128275961,-5.45976967519
1.23588300089,-5.50970133656
1.23322337158,-5.48763650937
1.23469327436,-5.5197524271
1.23704117772,-5.54768430235
1.23809309073,-5.53992494048
1.23479496484,-5.48622807147
1.23971190354,-5.53231095404
1.23891622109,-5.54211605301
1.23755463183,-5.5155938082
1.24008473815,-5.49732085728
1.24011520365,-5.47271965291
