1.0847151711,-1.33692632036
1.09139437542,-1.86281946496
1.09668772905,-1.8588541837
1.09809774881,-1.93124311562
1.09631289904,-1.84759023568
1.09555049924,-1.84354094897
1.0981072297,-1.76255484415
1.09605996617,-1.84084086304
1.09883907599,-1.81570062655
1.09576095752,-1.56124626906
1.09482952264,-1.58414881339
1.09590901377,-1.58639077227
1.09694599746,-1.55431462208
1.09277823572,-1.55657558515
1.09401633038,-1.56175368238
1.09313928422,-1.54627534239
1.09138747065,-1.52564812077
1.0913386927,-1.52402709695
1.09344233385,-1.54844832647
1.09000372269,-1.54294615449
1.09205766518,-1.54198162164
1.09270815795,-1.53668684495
1.09255669268,-1.53879474865
1.09148089871,-1.50609980387
1.09243061566,-1.5175458595
1.09063112982,-1.51954087089
1.0924749146,-1.52326493079
1.09433030081,-1.50951696555
1.09203150649,-1.50775931084
1.09019367389,-1.50734404894
1.09365892094,-1.50278048377
1.09184120206,-1.51050215007
1.08905286155,-1.49735687741
1.0889027241,-1.47028062171
1.08861020171,-1.49482780504
1.08757064324,-1.49458204146
1.0890572428,-1.5087583455
1.08541695214,-1.50930617501
1.08396511561,-1.4833342833
1.08630115753,-1.4863634142
1.08761424175,-1.47741731404
1.08441953471,-1.48857856156
1.08618733471,-1.48059480489
1.08548190287,-1.47867535453
1.08592121594,-1.47984578978
1.08691648449,-1.4704491693
1.08677628825,-1.47968450008
1.08575859448,-1.47541851401
1.08721419777,-1.46779035377
1.0893644989,-1.4709069096
1.08682603208,-1.46391978503
1.0863107961,-1.45010731425
1.08891146439,-1.47708985194
1.08707720171,-1.46406683768
1.08859775055,-1.46205317293
1.08813142283,-1.44037924603
1.08799044008,-1.45581848403
1.08734637312,-1.45751800866
1.09163691571,-1.44904969238
1.08896427562,-1.47384082376
1.0883387062,-1.46200582012
1.08898968137,-1.44252015042
1.08941555039,-1.44564303895
1.08839296495,-1.44599568828
1.09305327494,-1.45945976704
1.08795622786,-1.43897561291
1.0873992438,-1.42675378106
1.09060825413,-1.43667499937
1.09235232996,-1.44595544716
1.08890675974,-1.43558852258
1.09080231744,-1.44403363926
1.09083223739,-1.43066311198
1.09078932186,-1.44809923736
1.09037328836,-1.42391375955
1.09112843631,-1.4410065632
1.08909652833,-1.42987366153
1.09203639405,-1.42324620774
1.09135961756,-1.42596991345
1.08967758366,-1.42902552351
1.08981259656,-1.41903547392
1.09209884558,-1.44917281524
1.08870289361,-1.43365399828
1.0906642114,-1.42084833058
1.09177248386,-1.41886771187
1.09015195108,-1.43336806748
1.09016403442,-1.42513488672
1.09188025068,-1.42224529049
1.09010121458,-1.40921309175
1.09094142267,-1.40702333007
1.09012850707,-1.41749114594
1.09045371857,-1.40921194686
1.09173403138,-1.40317010143
1.0938264338,-1.40491343466
1.091254431,-1.40111240862
1.09113967152,-1.40511411296
1.09342686496,-1.39832219702
1.09417393625,-1.39156655688
1.09068114953,-1.4097959622
1.09262851298,-1.40946066776
1.09117981997,-1.40140247684
1.09127944869,-1.44040619559
1.09105647715,-1.40110566841
1.08980895669,-1.40577889107
1.08731271684,-1.42828312162
1.09057827743,-1.40857804998
1.08987252951,-1.41627814989
1.08894937906,-1.42098208415
1.08855435223,-1.41645848833
1.08973742149,-1.41653368414
1.08844330657,-1.41110498386
1.09154249182,-1.39765093921
1.09191908904,-1.40777225552
1.08910309186,-1.40462224788
1.0888411214,-1.38856255039
1.0925325908,-1.40147862234
1.08939899744,-1.39405237133
1.08974461839,-1.42734240359
1.08786865034,-1.39892820991
1.08792810273,-1.41960512928
1.08893723608,-1.41507177124
1.08994977081,-1.39330331269
1.08717027639,-1.40431135361
1.0876608177,-1.3908141125
1.08985682874,-1.3986333975
1.08926104521,-1.40690384825
1.08716561632,-1.40731792736
1.08861758735,-1.40491126755
1.08877008802,-1.41589173805
1.0889852759,-1.40437946955
1.08935696912,-1.39833789201
1.08891009721,-1.41049327821
1.08552754444,-1.40278949566
1.08905482578,-1.39091512367
1.08930310392,-1.41120784139
1.08791627697,-1.40055482629
1.08688112792,-1.39341538866
1.08752851398,-1.40333163957
1.0857659453,-1.40569440608
1.08759075498,-1.39385680777
1.08587358281,-1.39106176025
1.08497673228,-1.40218968329
1.0854908827,-1.3803878819
1.08216303526,-20.9327023207
1.08551223053,-2.46953463139
1.08502156001,-1.74338181022
1.08629374624,-1.54876756628
1.08613824194,-1.50237687974
1.08520275317,-1.46566010113
1.08703896169,-1.45331765622
1.08333123554,-1.46151878475
1.1331954529,10.0980218308
1.08621395605,-0.592737536362
1.0869018989,-0.974410301178
1.08287666117,-1.17492101542
1.08400773847,-1.25846446733
1.08332152423,-1.30587856828
1.08389219524,-1.34239600286
1.08473199861,-1.35519262433
1.08347573982,-1.36289412344
1.08134048639,-1.27747588613
1.08441763614,-1.31525899909
1.08413584081,-1.34960125884
1.08309506612,-1.35443097436
1.08536697977,-1.36164257285
1.08583895428,-1.37732018482
1.08310043914,-1.38986852308
1.08384094259,-1.35701474659
1.08404425478,-1.38438556079
1.08242349074,-1.36204520423
1.08230661547,-1.36343386024
1.08364707035,-1.36656420788
1.08154583691,-1.39136209165
1.08238259956,-1.37744586212
1.08013680643,-1.35887572306
1.0804064051,-1.39297441061
1.08142525738,-1.37851387503
1.08429671171,-1.37153611238
1.08030197448,-1.38082044077
1.08096811485,-1.39150660461
1.08336760255,-1.37225140775
1.08274464981,-1.38065746691
1.08179211032,-1.37897885396
1.08416659401,-1.37288417985
1.0815308936,-1.34703225924
1.08267584803,-1.36877864011
1.08376057306,-1.37379662027
1.08329196908,-1.38338698166
1.08278106672,-1.37599667115
1.08529576188,-1.37960519664
1.08183061567,-1.35161011581
1.08020919975,-1.37126878825
1.08269579707,-1.37820271172
1.08191980185,-1.39184140209
1.07964824392,-1.40957044255
1.08166955151,-1.36550169262
1.07904355091,-1.35942574633
1.0779196559,-1.392666984
1.07911226868,-1.38713601649
1.08105502369,-1.37684803926
1.07878494574,-1.39338761705
1.07927882743,-1.38498183521
1.0769069578,-1.35475326123
1.07773012309,-1.38784562685
1.07972273558,-1.38799775851
1.08012020629,-1.37679213525
1.07645251595,-1.36657104409
1.07886987262,-1.37822854955
1.08067330198,-1.39175997813
1.08058227474,-1.38429302373
1.07860309525,-1.38525782091
1.07983085859,-1.36972313898
1.07743575682,-1.39044779235
1.08055362379,-1.39302961271
1.08051627232,-1.38109675967
1.07843954446,-1.38603076428
1.07787937923,-1.3855036862
1.08156595926,-1.39528457188
1.07913026188,-1.37957535345
1.07995678023,-1.38872062001
1.07979905928,-1.37581647391
1.07877897932,-1.37260671674
1.07870970713,-1.38079272593
1.08181353286,-1.38431455127
1.0788149601,-1.38232369199
1.07714329472,-1.3842695882
1.07917133949,-1.37584451689
1.08028494758,-1.3810384817
1.07807032268,-1.38681268543
1.07937355268,-1.38997119464
1.07795069403,-1.37845518491
1.07899893262,-1.40000916562
1.07930208178,-1.37482110528
1.07901506472,-1.37470467432
1.075737839,-1.3734226598
1.07932713345,-1.36580445143
1.0798072479,-1.37169278617
1.07927443121,-1.37348839611
1.07786141555,-1.3651606315
1.07845644012,-1.3851309198
1.0777079486,-1.38761426991
1.07956277926,-1.39500080235
1.07963376693,-1.38816635301
1.0775817278,-1.3772793933
1.07809572044,-1.35738051443
1.08151413537,-1.3808063035
1.07964099245,-1.37075793441
1.080572088,-1.40357906991
1.08070601319,-1.37230517296
1.08132486642,-1.36770744683
1.08027834367,-1.38542805484
1.08246586513,-1.35044843814
1.07906380752,-1.36602685412
1.07894544788,-1.34877658794
1.08186040017,-1.37757614361
1.08001641368,-1.36630417389
1.07794078552,-1.36936358773
1.07930042109,-1.34801372399
1.07833967656,-1.35625847217
1.07869473613,-1.36918990747
1.08038797161,-1.3575591719
1.08008097266,-1.3727144137
1.07556751832,-1.37777496991
1.07915491629,-1.3698926937
1.07951641236,-1.38619586848
1.08011809674,-1.38624799629
1.07867207664,-1.39131146403
1.07906778593,-1.38817658354
1.07773106222,-1.38637159116
1.08063271561,-1.39173198569
1.07781880245,-1.36144030002
1.07855752626,-1.39618596977
1.07904383053,-1.40125714862
1.08230537161,-1.38791918963
1.0779194751,-1.37622513808
1.07818247468,-1.37493151055
1.07816111213,-1.35806377712
1.07806854593,-1.38427935587
1.07719414222,-1.36788022147
1.07870857863,-1.37390251341
1.07512678934,-1.37554579912
1.07634934898,-1.36208299229
1.07740090415,-1.39062447319
1.07711586872,-1.38170769807
1.07638096598,-1.38345281726
1.07785517118,-1.38828520595
1.07543224688,-1.38478190748
1.0768654727,-1.41991830173
1.078094132,-1.40622353778
1.07747840105,-1.38932455251
1.0738813363,-1.40455351343
1.07786468,-1.39302466258
1.07814479642,-1.39593046028
1.07680610951,-1.39580401122
1.07611474887,-1.38467436803
1.0763032296,-1.37965573518
1.07480945063,-1.37785950172
1.07686480871,-1.39681014535
1.07547570349,-1.39652084825
1.07329007457,-1.39295097942
1.07587986096,-1.38771558626
1.07683903493,-1.37153103602
1.07497228813,-1.40148537531
1.07501373173,-1.39395666897
1.07533204698,-1.393396347
1.1273964578,11.7077938834
1.0761619913,-3.86571985592
1.07827236623,-1.90269912052
1.07352614601,-1.49870226877
1.07411722929,-1.43608398104
1.07590059143,-1.43276527226
1.07598851682,-1.39962110093
1.07523038775,-1.42661658111
1.07577127083,-17.5288933833
1.07455252654,0.227153561055
1.07527104519,-0.87858114281
1.07905123093,-1.1969041734
1.07654851017,-1.26563920742
1.07447171617,-1.32488317404
1.07773632643,-1.32066725039
1.07653266416,-1.31087740467
1.0762994589,-1.37060197327
1.07509102454,-1.30654117007
1.07344339938,-1.27478951138
1.07329549618,-1.30222669582
1.07655673554,-1.3398945231
1.07416328112,-1.34456686247
1.07234343749,-1.35266197233
1.07422675477,-1.35106321385
1.07651304626,-1.35107614239
1.0746284625,-1.37250164327
1.07606375762,-1.35475425822
1.07407238914,-1.36393942865
1.07427916798,-1.3770747948
1.07578989396,-1.38296420826
1.07660079166,-1.37045477304
1.07438939087,-1.38808531199
1.07599617107,-1.38065461072
1.07636143165,-1.36647603675
1.07545360255,-1.36073002952
1.07357595812,-1.39421926688
1.07610120161,-1.40003112999
1.07355083828,-1.38953406559
1.07553042653,-1.38562279118
1.07397218619,-1.37484890544
1.07394038832,-1.36957271001
1.07225340596,-1.38741103974
1.07476375856,-1.37589802299
1.07313348894,-1.38261316571
1.07316375897,-1.37310745426
1.07317213629,-1.38759470146
1.07241623149,-1.37426983662
1.07221228511,-1.39111414645
1.07459541793,-1.38261453963
1.07219714266,-1.3738717434
1.07096263035,-1.35727096691
1.07191361427,-1.37571783308
1.07236485717,-1.36792581715
1.07064857154,-1.38917736087
1.07165114538,-1.38257872402
1.07202827572,-1.376700762
1.0712756262,-1.38981968257
1.07052400297,-1.39574929273
1.07098632586,-1.37391537284
1.06870334527,-1.37792404672
1.07154004873,-1.38733956717
1.07124510828,-1.39345424497
1.07106649353,-1.39350053513
1.0706145556,-1.38236178373
1.07220520907,-1.37994816543
1.06902199657,-1.39081637263
1.07075724369,-1.37145022171
1.07241019405,-1.35760358983
1.07122699236,-1.37683359222
1.06945541395,-1.39249908438
1.0711970334,-1.37449335412
1.07021136581,-1.3772878335
1.07102979207,-1.39000231728
1.07163542112,-1.40290243903
1.06990613638,-1.35129684028
1.07020195042,-1.38833061137
1.0714077139,-1.38130402439
1.0695944223,-1.37650837528
1.06895470322,-1.37310613671
1.07147254545,-1.36466273942
1.07199236653,-1.39132005322
1.06906939775,-1.39419392938
1.07153312458,-1.37574246238
1.06984317152,-1.36225176113
1.07053506669,-1.40143638719
1.07056655189,-1.38969986284
1.0708225501,-1.38100132729
1.06778208503,-1.38655032463
1.07030757351,-1.39104111933
1.07050473619,-1.38685855879
1.07150831423,-1.3877496031
1.07142338107,-1.37275168631
1.07003846996,-1.37988807677
1.0680621631,-1.37970565143
1.07118000728,-1.38421590477
1.07310784579,-1.37515899178
1.07457962449,-1.30812502084
1.0804178582,-1.87668548507
1.08436424018,-1.93886037376
1.08287540821,-1.98045486222
1.08402797888,-1.92717155297
1.08197552771,-1.91939953713
1.08181102257,-1.84444884553
1.08263639444,-1.89822892078
1.08606804656,-1.86974341182
1.08390854858,-1.77334793476
1.08348805787,-1.75662449838
1.08572891637,-1.76261664685
1.08749990162,-1.73489052598
1.08655702555,-1.74880414687
1.08836348642,-1.7409762682
1.08561681785,-1.73319614984
1.08642441784,-1.73758048083
1.08882003233,-1.72861840335
1.08810717535,-1.74017607776
1.08425200981,-1.74232144615
1.08728774817,-1.72245375984
1.08682071148,-1.71432384945
1.08622027749,-1.71535378369
1.08612461389,-1.71335343379
1.08657651175,-1.70767153023
1.08490638743,-1.71012042343
1.08738489934,-1.70657184895
1.08545337841,-1.70652072197
1.08318359999,-1.70847380797
1.08341097596,-1.68880984019
1.08727537684,-1.70412999046
1.08625879349,-1.71150403021
1.08441620671,-1.70543695857
1.08522262005,-1.69488794219
1.08404908091,-1.69139421794
1.08471235979,-1.70586136281
1.08778923678,-1.68528480379
1.08440283247,-1.68644266266
1.08570762868,-1.70960094837
1.08623556199,-1.68711914641
1.08548448242,-1.67727602057
1.0837744397,-1.67951777441
1.08511556802,-1.68813136165
1.08295364995,-1.67468264276
1.08365022385,-1.69000870374
1.08433709045,-1.67105309486
1.08196169522,-1.68814412048
1.08038353471,-1.69644546695
1.08511335215,-1.67998804981
1.08446057431,-1.67179900877
1.08256027807,-1.66752219035
1.08315354632,-1.67935510609
1.08464619115,-1.69119506564
1.08218896251,-1.67399969938
1.084916225,-1.67135572007
1.08369633634,-1.66699234981
1.08117564993,-1.66682005135
1.08245453783,-1.65249765581
1.08399947384,-1.64573934995
1.08309735126,-1.66200988516
1.08494620851,-1.66353997759
1.08308333194,-1.663427084
1.0819011577,-1.6629893747
1.08242447229,-1.65892096633
1.08606846948,-1.67007515536
1.08144336044,-1.65408637581
1.08358959345,-1.66228939772
1.08507072876,-1.65776449937
1.08497282708,-1.67152850436
1.08240449362,-1.64620691814
1.08382144893,-1.64798077108
1.08184436902,-1.64387772115
1.08490066966,-1.65337155598
1.08478208944,-1.6489356553
1.08364606816,-1.65531912189
1.08262381068,-1.65872925763
1.08566049097,-1.65576960459
1.0830819224,-1.66034228915
1.08381171314,-1.65499788912
1.08507268129,-1.65555722765
1.08506301012,-1.65524686341
1.08321949984,-1.6335506237
1.08694227531,-1.64609368738
1.08581608245,-1.63741961673
1.08470233183,-1.65558730678
1.08403156916,-1.64383040889
1.08716114904,-1.63401157291
1.08695431938,-1.66795202293
1.08773357471,-1.62446115328
1.08632626622,-1.63306756557
1.08775089174,-1.64754310649
1.08951507171,-1.62045029358
1.09074111541,-1.62881656431
1.08787350027,-1.64559116916
1.09045079122,-1.60814020134
1.0931312133,-1.65421049272
1.09216677302,-1.63212179542
1.0903979705,-1.64261939192
1.09129093355,-1.63270315451
1.08887791697,-1.61800194699
1.09227437738,-1.64746661612
1.09284995141,-1.63558488713
1.09112869794,-1.63210189923
1.09054596839,-1.62617757918
1.09251040417,-1.63162322971
1.09260253901,-1.6394721424
1.09391552681,-1.63674649441
1.09352682603,-1.61856155172
1.09232170261,-1.63031828354
1.09220752999,-1.64692789339
1.09507175572,-1.63617769088
1.09271647509,-1.61829796074
1.09091484381,-1.6389140906
1.09269713469,-1.6368243887
1.09321715735,-1.62128080441
1.09217215199,-1.62176032299
1.09355381498,-1.63683008618
1.09165679993,-1.62064421598
1.09209607187,-1.63873791455
1.09370467905,-1.63188721359
1.0937436145,-1.62986911299
1.09022827145,-1.6223432425
1.09226151068,-1.62103271066
1.09152564404,-1.63904034035
1.09139518968,-1.63589668163
1.09115529137,-1.63231030456
1.08992353204,-1.60953277725
1.08826125032,-1.61813445167
1.09090405468,-1.63084486226
1.0916655576,-1.6162000269
1.08995182782,-1.62267610496
1.08877916592,-1.62197127708
1.09223990452,-1.64076137543
1.09037435188,-1.61904093623
1.09057492194,-1.63381985245
1.09046184809,-1.62101755517
1.09071092319,-1.61583650554
1.09090835813,-1.61901229314
1.09241382128,-1.59374177814
1.08983093746,-1.61467864718
1.0903626899,-1.60444831974
1.09197217646,-1.61291066844
1.09194864512,-4.30295760892
1.09148754197,-1.57817527747
1.0946319616,-1.51344652893
1.09194595004,-1.5473410374
1.09217903056,-1.58983037375
1.0929555243,-1.6319556215
1.09381127066,-1.64002678053
1.08917791809,-1.65250266506
1.09326112995,-0.645630889809
1.09105725028,-1.76140848981
1.09006215451,-1.41470285296
1.08950409359,-1.46353451694
1.08968314402,-1.50299667768
1.08827713759,-1.54638629073
1.09038637394,-1.55824643241
1.09018287908,-1.59011585044
1.08929840023,-1.58742272873
1.08912841429,-1.53374145377
1.09250405044,-1.5603395615
1.09066067445,-1.57732007987
1.09238995461,-1.58527308451
1.09217790404,-1.59797870446
1.09131803687,-1.59595074752
1.09047134121,-1.59845207179
1.09230699701,-1.58554331187
1.09100394929,-1.60686924723
1.09102766869,-1.59732291297
1.09178602941,-1.57175664295
1.09063342876,-1.60753388949
1.09142518869,-1.59001914726
1.09250780615,-1.61330224455
1.08990450803,-1.61061755762
1.08939562863,-1.59435235202
1.09109867814,-1.60524094438
1.09149158324,-1.59483050204
1.08817708735,-1.60847938086
1.09159632572,-1.60654263737
1.09136996898,-1.60914133193
1.09061162789,-1.6115816455
1.08998795858,-1.60927006769
1.09097478376,-1.60389148247
1.09003923876,-1.59800069858
1.09259181927,-1.59035686802
1.09103728696,-1.58898530132
1.08937280063,-1.61712663726
1.09071908316,-1.59362763392
1.09248306828,-1.60507584467
1.09246891479,-1.59843615324
1.09294386943,-1.59522383911
1.09291705392,-1.58795466838
1.0904263233,-1.58723959301
1.09100915642,-1.60875989604
1.09436259631,-1.60175604266
1.09087670057,-1.57107662288
1.09271633831,-1.6030820712
1.0923496375,-1.61633078891
1.09302746821,-1.60261699135
1.09355768605,-1.60075589842
1.09477331751,-1.60194932192
1.09122553683,-1.58027150405
1.09391235231,-1.61031144331
1.09574318759,-1.61151036443
1.09424959234,-1.60423885311
1.09165901761,-1.61935432367
1.09419434288,-1.60705622022
1.09356913219,-1.59397422592
1.09442191379,-1.6036516479
1.09464974078,-1.62060611977
1.09279727196,-1.61619597356
1.09148105939,-1.61251081603
1.09602796,-1.61625409289
1.09435318649,-1.62933635355
1.09212587419,-1.60424154322
1.09257682318,-1.61528541651
1.09494456183,-1.61651112952
1.09300943916,-1.60427847584
1.09570210352,-1.6155314428
1.09249843444,-1.60886742318
1.09259558517,-1.60544648036
1.09423095338,-1.6138763912
1.09474850622,-1.59206638876
1.09250132094,-1.6099859929
1.09251791959,-1.60327185379
1.09464689919,-1.58745778157
1.09452677867,-1.5857037522
1.09330518028,-1.60370630376
1.09531729867,-1.61785910631
1.09245115658,-1.59862882193
1.09561367363,-1.61437996734
1.09617820444,-1.59935355245
1.09587904663,-1.59700715919
1.09314923662,-1.6067214167
1.09631281817,-1.59029203682
1.09549998316,-1.59146397387
1.09626158875,-1.60094544688
1.09628216826,-1.60445985067
1.09494281605,-1.60405304654
1.09445170161,-1.60121118455
1.09833183088,-1.60749632147
1.09615909729,-1.62132837599
1.09421323994,-1.60877161534
1.09526368395,-1.60391705739
1.09798003522,-1.61925402077
1.09526541332,-1.61290135779
1.09549198734,-1.60087269384
1.09591859981,-1.61210189436
1.09565213656,-1.61177985761
1.09617492579,-1.60990384928
1.09607077866,-1.60245128493
1.09391455525,-1.59192478071
1.09611662989,-1.59922102876
1.09752065941,-1.59168368571
1.097598572,-1.60256280636
1.0992102699,-1.6205380433
1.10193506942,-1.59371876391
1.09836479089,-1.58387951588
1.10069875439,-1.58862435517
1.10168093335,-1.58274989492
1.10155049147,-1.59727462496
1.10178780118,-1.59408195255
1.10283587138,-1.59745327636
1.10119009616,-1.5933259547
1.10109670367,-1.59722283228
1.10100904337,-1.60555207853
1.09974656625,-1.60701924849
1.09912253297,-1.59194699603
1.10179909306,-1.597909098
1.0985336295,-1.59934910163
1.09839527553,-1.60647934737
1.09843426513,-1.58807343446
1.10117084016,-1.59520178803
1.09869509228,-1.61146564359
1.10152911093,-1.60411259573
1.10084687599,-1.59978265917
1.10025873908,-1.58066739474
1.10314872645,-1.60389255375
1.10408972512,-1.59075054093
1.10235082707,-1.60451338308
1.10396970815,-1.58135611927
1.10452467923,-1.59847891301
1.10546230605,-1.62324033697
1.10484802068,-1.59549828122
1.10349770797,-1.58802749751
1.09934464968,-1.60563393314
1.10159785641,-1.61196756899
1.10154871813,-1.62846180847
1.09915579381,-1.61621149481
1.09612794622,-1.62245924499
1.10025564272,-1.60850145878
1.0980032466,-1.60637299803
1.0997948893,-1.63680290666
1.09776392561,-1.62173938939
1.09756461777,-1.59764729926
1.09932773363,-1.6191687347
1.10211990865,-1.60090535269
1.09985031776,-1.60578940417
1.09984786762,-1.60726674929
1.10131547342,-1.59739294219
1.10131736454,-1.59998388397
1.10048196941,-1.60918912775
1.10277773413,-1.60449796381
1.10083083388,-1.61401491444
1.1108853263,3.6862208344
1.10206702312,-2.16883553504
1.10046892671,-1.40189752044
1.09653914382,-1.27943503684
1.09796107559,-1.39294390276
1.09853522004,-1.49034300659
1.09858046468,-1.55965149938
1.09813749283,-1.61481956498
1.09635785588,-7.0341093251
1.09425284207,-1.5311541549
1.09829604932,-1.72790273196
1.09902168945,-1.7830713481
1.09700573355,-1.7312637442
1.09745482893,-1.66525047523
1.09907562638,-1.62943776274
1.09875107439,-1.60892470209
1.09979448771,-1.63125115332
1.10007307664,-1.63297964394
1.096658258,-1.54183470499
1.09766685833,-1.53780603225
1.1012743074,-1.57872027694
1.09841106568,-1.58027486077
1.09921100822,-1.59187517251
1.10009470883,-1.59682112114
1.10041946003,-1.59777873763
1.10004566259,-1.61390453821
1.10115468493,-1.59468338803
1.09957836942,-1.57522706087
1.10059489494,-1.57496679701
1.10164245727,-1.58378047095
1.10032432672,-1.59954559975
1.09752552993,-1.59853369659
1.10191823237,-1.61206236143
1.10028465271,-1.59867998779
1.10152887469,-1.58961236786
1.10182111782,-1.61997354277
1.10124708456,-1.59182961882
1.09987540012,-1.61879022299
1.10159613619,-1.60285652646
1.10070887345,-1.6018492352
1.10047303504,-1.59255705167
1.10031635308,-1.60217122198
1.10110922833,-1.62371645666
1.09994334585,-1.59386901186
1.10208678578,-1.60192854251
1.09979896848,-1.59888495726
1.09983693281,-1.59399385067
1.10115357512,-1.60969881683
1.10223421792,-1.57866030779
1.09880389799,-1.59596710932
1.10076300464,-1.58172907776
1.10189908582,-1.58670085262
1.10264201838,-1.60783845187
1.1018490681,-1.58619359803
1.1020794777,-1.59984055242
1.09995387888,-1.59207641776
1.10116045039,-1.5947420748
1.10239484444,-1.61478694288
1.10179513176,-1.60866015535
1.1015227703,-1.58849293279
1.10231398738,-1.59716521792
1.09989741303,-1.6009636913
1.10044194915,-1.60730158973
1.10187387933,-1.5873173136
1.10200794698,-1.60266912398
1.0983925358,-1.59414277353
1.10092673277,-1.59286700638
1.09983641186,-1.60189762932
1.09955253294,-1.60370915917
1.09940237941,-1.61126154019
1.10143894359,-1.59233611407
1.10047170588,-1.61514714286
1.10112755301,-1.61831960754
1.10014131178,-1.60933952437
1.09891087613,-1.57979900782
1.10201565731,-1.59748260796
1.10209676355,-1.60193583779
1.09930968483,-1.60927387837
1.10020854169,-1.5952184964
1.10218842765,-1.60512981423
1.10235868165,-1.59387554649
1.10148581535,-1.59139619148
1.10273324109,-1.62134299576
1.09863921403,-1.59213395785
1.10118250825,-1.62286592713
1.10167731912,-1.6096235726
1.10022290019,-1.59434598409
1.09987304553,-1.61145145746
1.10148287941,-1.59683762482
1.10004290894,-1.60312202903
1.10157795039,-1.62355783152
1.10228198095,-1.57681564356
1.10060690416,-1.59024233219
1.10043449235,-1.61453112147
1.10325290383,-1.60595252125
1.10228694663,-1.60349807646
1.08272180465,-1.22204704368
1.0913725618,-1.67947689526
1.09220884862,-1.63425993283
1.09116481176,-1.68869948682
1.09324235256,-1.65505152791
1.0903357392,-1.65110116494
1.0893763681,-1.61570781542
1.09147425837,-1.64491993684
1.09342999678,-1.61626012986
1.08936896752,-1.64892192794
1.09189961694,-1.65561005901
1.09237062105,-1.66231404956
1.09441127411,-1.63752110777
1.09493119633,-1.64413301762
1.0952579977,-1.64679623476
1.09299998923,-1.62842747363
1.09481862201,-1.6258027119
1.09635485082,-1.62885176705
1.09414667639,-1.61441507992
1.09288208619,-1.60717265249
1.09664100763,-1.62461306277
1.09463618763,-1.62778156957
1.09541253614,-1.619608465
1.09388202239,-1.6087423785
1.09368515811,-1.5974369152
1.09386916145,-1.60871174626
1.09681971369,-1.6095817275
1.09541838933,-1.60279066407
1.09450925832,-1.61550294735
1.09483208077,-1.59780830664
1.09506138573,-1.58766703846
1.09441860934,-1.59799828323
1.0974361118,-1.58692193527
1.09451492363,-1.60445058706
1.09504683376,-1.58526607051
1.09652814755,-1.59065729421
1.09729769973,-1.59612801086
1.09347311298,-1.60919943981
1.09473320924,-1.58182396557
1.09499996974,-1.5660363719
1.09415539826,-1.58602820116
1.09348725935,-1.59707920164
1.09175546079,-1.5855116983
1.0904833311,-1.59374833341
1.09322021445,-1.59118464702
1.09186542574,-1.57752267748
1.0904653362,-1.57319171471
1.08962074411,-1.58131256039
1.09356623086,-1.56516388893
1.09062404837,-1.57936815902
1.09316643576,-1.57446133656
1.09363354778,-1.58990224617
1.0928547447,-1.57451927972
1.09192794986,-1.56556765308
1.09392612318,-1.56591961302
1.0927361212,-1.58591977079
1.09314213174,-1.56161230044
1.09431922538,-1.55720811581
1.09350089412,-1.54575453262
1.09339333569,-1.5503290222
1.09557536718,-1.56670556834
1.09266231909,-1.55913544579
1.09360123289,-1.54150735499
1.09588169594,-1.57464326763
1.09658371905,-1.5445832671
1.09278855763,-1.57102536928
1.09539986297,-1.54482735009
1.09492441078,-1.53447487728
1.09554912603,-1.56076826252
1.09595330935,-1.55820611775
1.09516963095,-1.55538379076
1.09286755329,-1.54759923319
1.09580934166,-1.55265373077
1.09520220988,-1.54614397067
1.09441788168,-1.56649469967
1.09435716762,-1.56789953823
1.095132571,-1.54219214309
1.09385076087,-1.54324352033
1.09669314202,-1.54830540799
1.09536540915,-1.54159789589
1.09348601307,-1.53700062392
1.09339455045,-1.5554103958
1.09684725217,-1.54824712941
1.09404723146,-1.54096309588
1.09567637568,-1.54252482601
1.09558401472,-1.54503789217
1.09662662625,-1.5402209149
1.09730402062,-1.53239243509
1.09808379678,-1.52728480974
1.09627269553,-1.55978409698
1.09819612527,-1.52759313501
1.10090276539,-1.53194034386
1.10069950156,-1.54372279977
1.09698113515,-1.52587295418
1.09785273078,-1.53720246922
1.09623307602,-1.52426677192
1.09772573674,-1.55503859137
1.09739311493,-1.52610320115
1.09529186424,-1.53821231039
1.09252402911,-1.52848598468
1.09547785436,-1.5219336349
1.09484499279,-1.52548000763
1.09357293866,-1.53390422967
1.0929871042,-1.52588785147
1.0947048784,-1.53309320999
1.09429872799,-1.53641235274
1.0964391691,-1.52530978397
1.09358161078,-1.51083043623
1.09226637534,-1.5194720186
1.09419608609,-1.5078421482
1.09642756965,-1.53837478525
1.09479261057,-1.52224702869
1.09431485951,-1.52354271496
1.09604368701,-1.53846196492
1.09622125321,-1.49743617144
1.0984810256,-1.53147865982
1.09904907784,-1.52422916038
1.09531457469,-1.52487545533
1.09676789756,-1.50892547286
1.09778503077,-1.52417414215
1.09797283266,-1.52128841563
1.09476218602,-1.51380300034
1.09617450126,-1.52488523542
1.09458168799,-1.52124211338
1.09530454795,-1.50934715331
1.09458896644,-1.5114093364
1.09343974928,-1.51249419801
1.09339362737,-1.51854531964
1.09751927475,-1.5426281082
1.09398751333,-1.52312973575
1.09195479963,-1.52721052728
1.09346802191,-1.52638747797
1.09485052602,-1.51800364452
1.09292207469,-1.50951926197
1.09583751677,-1.53063601777
1.09489751078,-1.52249797443
1.09368063311,-1.5104528994
1.09421576335,-1.50617616378
1.09458142131,-1.49541635694
1.09388104046,-1.51153912091
1.09697959275,-1.51455439568
1.09562816793,-1.5183421462
1.09485017956,-4.5492846215
1.0950510002,-1.52456661264
1.09524536331,-1.37037461049
1.09101171476,-1.41560143893
1.09255952152,-1.46640359471
1.09257706054,-1.50014560131
1.09124731524,-1.52761528344
1.09025181791,-1.55503427279
1.09468478181,-0.631287977629
1.09067179624,-1.78903698846
1.09145232672,-1.3804777315
1.09100363844,-1.34657707218
1.08972440466,-1.38980694842
1.09025832543,-1.43457486137
1.09211638258,-1.45719055494
1.09046109578,-1.47488231523
1.09107130378,-1.48427196012
1.09053879748,-1.48562487024
1.09213561339,-1.50955121113
1.08925989291,-1.48785586367
1.09383137803,-1.47026892484
1.09169721423,-1.47855089862
1.09103605939,-1.48570049363
1.09057274392,-1.47452218354
1.09011893458,-1.47042331335
1.08904579948,-1.50225036804
1.08972803292,-1.48314175158
1.08919194637,-1.49170704375
1.08900793619,-1.47966656929
1.09058883334,-1.49551494175
1.08911386285,-1.48758409123
1.08739956359,-1.49606635066
1.09075273767,-1.5018552213
1.09229841201,-1.49537206183
1.09128761212,-1.48201259716
1.08996852239,-1.4864347326
1.09415087615,-1.48145334595
1.09363584423,-1.49527906314
1.09645764042,-1.49651351957
1.09590866097,-1.48805828103
1.09459006735,-1.49812519543
1.09520757424,-1.47788062563
1.0988973471,-1.47613352484
1.09815394765,-1.49356826442
1.09909192509,-1.47840017056
1.10040480922,-1.48598859994
1.09982289424,-1.48146091813
1.1008724994,-1.48032748286
1.10532658316,-1.47501231241
1.10369196916,-1.49730183316
1.10405970085,-1.48510658461
1.1070961516,-1.45785442684
1.10773406521,-1.46660900411
1.10604324081,-1.49035918949
1.10980868827,-1.50090389422
1.10879101483,-1.48428403883
1.11055016647,-1.48786365738
1.11240851676,-1.48126128044
1.1114392164,-1.47497434638
1.10859616704,-1.48716652036
1.11034448912,-1.46819957836
1.11079896595,-1.47740006837
1.10980382015,-1.46809044017
1.10871395462,-1.49029385683
1.10767713377,-1.47624568295
1.10699382866,-1.48648201041
1.1076505353,-1.4781029912
1.1072574709,-1.485614741
1.10442328385,-1.48838956414
1.10506499276,-1.47700033008
1.10855295442,-1.47348974752
1.1048824769,-1.46939134195
1.10476690942,-1.48483188118
1.10434114507,-1.48978012708
1.10558691147,-1.46374941717
1.10485732341,-1.49121942602
1.10511527337,-1.46829019103
1.1014675205,-1.4900013223
1.10165283935,-1.48626143088
1.10193288766,-1.47607819838
1.1002406582,-1.47770929255
1.09674423846,-1.49039265152
1.09726970817,-1.47196289846
1.09466789135,-1.48577887812
1.09339881088,-1.46815379743
1.09346942804,-1.49075210217
1.09150466722,-1.48417682229
1.08768433001,-1.46201447335
1.08983130124,-1.46190308019
1.08954661704,-1.50374558987
1.08844301603,-1.47527796918
1.08776290415,-1.48841120359
1.08815289959,-1.48789777989
1.08835424534,-1.47897316809
1.09066293951,-1.48184963344
1.08781374275,-1.48287161248
1.08774293783,-1.50084290479
1.08863516324,-1.47282775405
1.09258506718,-1.49061266316
1.08790579922,-1.47292947117
1.0887611391,-1.49249555775
1.08948191555,-1.47727862011
1.08935277392,-1.49652066803
1.08939938659,-1.48754818987
1.08863091387,-1.46667970163
1.08766989197,-1.49566379726
1.08789349487,-1.48188460263
1.08796782935,-1.4898092983
1.08680779139,-1.47672660015
1.08696151438,-1.48012572548
1.08859734841,-1.47709781435
1.08680520667,-1.48696704408
1.0865031971,-1.48577462724
1.08828969621,-1.48590114384
1.08798582651,-1.47564096002
1.08544868223,-1.47018289045
1.08956331518,-1.49645351103
1.08875173856,-1.49460172957
1.08648473423,-1.47499088764
1.08546206315,-1.47541114222
1.08679987744,-1.48226775085
1.08547253098,-1.46350991889
1.08763979727,-1.47266641851
1.08599005917,-1.47469653626
1.08412349132,-1.47860596428
1.08582826853,-1.47839671869
1.08648284944,-1.48686937716
1.08423925516,-1.49549869266
1.08612934111,-1.47193229479
1.08538669083,-1.47475158376
1.08610043352,-1.46514536422
1.08645219345,-1.48003300055
1.08818481902,-1.48294864564
1.08441438564,-1.493545249
1.08637526726,-1.46551803788
1.08712851862,-1.4693362059
1.08714737492,-1.4496296308
1.08663405767,-1.49134762271
1.08764825191,-1.47117935342
1.08612531719,-1.48331403312
1.08865486231,-1.48777778487
1.08837094478,-1.48516681756
1.08611965228,-1.49037447237
1.08468570996,-1.49906975585
1.08920996395,-1.47881292769
1.08722398901,-1.47644769452
1.08602905673,-1.478866638
1.08466620638,-1.47846525195
1.0853771553,-1.47422569789
1.08457977511,-1.47512064471
1.08796544834,-1.47260309737
1.08572779083,-1.49189975324
1.08383550867,-1.4823933106
1.08536018622,-1.47775219519
1.08604302231,-1.48228230095
1.08372975853,-1.48360129479
1.08530915148,-1.47779845855
1.08380629447,-1.47366219391
1.08505437903,-1.48142156634
1.08664959375,-1.49142689533
1.08535289978,-1.46515911242
1.08280657387,-1.49813068497
1.09405029327,2.69868557776
1.08664568748,-2.11072575418
1.08437538741,-1.36986142443
1.08464110605,-1.23487626503
1.08576540987,-1.26633823194
1.08390196917,-1.33655009653
1.08662146914,-1.41912964649
1.08652884313,-1.44636483829
1.08584370469,-7.26795772382
1.08423455227,-1.36844590136
1.08680789897,-1.63475955843
1.08634492368,-1.63996415429
1.0850557316,-1.57620278051
1.08525821101,-1.53341614126
1.08464633532,-1.4941138884
1.08397992489,-1.49932117234
1.08812243125,-1.48395502059
1.08463008728,-1.52428094057
1.0830929159,-1.47451683598
1.08681008656,-1.49121748003
1.08625474997,-1.4806445735
1.08250781639,-1.48270425183
1.08366785888,-1.47239399463
1.08464495156,-1.48175872453
1.08372179108,-1.47286697148
1.08509379169,-1.4785833988
1.08418266268,-1.46734857714
1.08135365217,-1.47713060526
1.08458255186,-1.47369145575
1.08296321813,-1.45637068287
1.08287728331,-1.45803441794
1.08340368962,-1.48500052893
1.08569097399,-1.48523308393
1.08205572407,-1.48356167934
1.08456849858,-1.47738306232
1.08418920793,-1.46894841434
1.08330602613,-1.47015299392
1.08287563496,-1.48231500605
1.08458738601,-1.47948231527
1.08230748807,-1.47957067749
1.08377265644,-1.4640874966
1.08354681444,-1.49964633713
1.08225953004,-1.46388669817
1.08283257125,-1.46633271959
1.08530511969,-1.4803888371
1.08092281662,-1.46235891512
1.08202551154,-1.46487947459
1.08304815652,-1.4672512404
1.08402149357,-1.47414987274
1.0806271855,-1.48797318435
1.08352189876,-1.45528330644
1.08205889244,-1.47231469827
1.0830832653,-1.46268632931
1.08435165672,-1.45595482446
1.08521276571,-1.43287490943
1.08526847285,-1.47464367141
1.08719590772,-1.48128169228
1.08681204874,-1.48229734884
1.08651082949,-1.48491425373
1.08777497055,-1.46335449184
1.0877520588,-1.46647305258
1.08657911876,-1.4732755119
1.08934381099,-1.47863716351
1.08685487943,-1.4844262731
1.08636519133,-1.47196409722
1.08479535851,-1.49835299094
1.08710325273,-1.47539289709
1.08342546067,-1.45771869871
1.08492959088,-1.46086166835
1.08431321107,-1.48264416331
1.08379590011,-1.48698428512
1.08643812394,-1.47710200021
1.08784735093,-1.49568759414
1.08417575685,-1.47619741752
1.08401720302,-1.47373127681
1.08699699196,-1.47494624464
1.08690697912,-1.47928996368
1.08649348824,-1.49058023996
1.08777219506,-1.49066334299
1.08594224861,-1.48342219369
1.08581679368,-1.46569060911
1.08806752749,-1.46302542618
1.08663014632,-1.48360408857
1.08348987073,-1.47518713414
1.08461449423,-1.4808418353
1.084111266,-1.48068588777
1.08130526219,-1.48552225073
1.08114494369,-1.50361466878
1.08048634961,-1.4847442811
1.07972125716,-1.48324152054
1.08234538269,-1.48510149126
1.08074099099,-1.4917594368
1.07825489081,-1.4797228692
1.07757261385,-1.48249875231
1.07916265974,-1.47108970727
1.07896222759,-1.48932206577
1.0757926694,-1.24222446121
1.08458948375,-1.68734206079
1.08365740369,-1.5945217857
1.08447695305,-1.72145617009
1.08661203313,-1.67821366488
1.08275716667,-1.67667000443
1.08389613579,-1.63156867502
1.08622346526,-1.67443819151
1.08557055985,-1.62013897193
1.08314321702,-1.58636646833
1.08506701685,-1.62502984013
1.0837671538,-1.63360163223
1.08610422849,-1.6158753499
1.08613656104,-1.61260613323
1.08380542907,-1.59331363397
1.08274208114,-1.62695429459
1.0869680038,-1.61585048489
1.08433925027,-1.57987476079
1.08372875302,-1.59042104496
1.08396306077,-1.60832481263
1.08452184982,-1.60531996479
1.08272161813,-1.59441587057
1.08448740258,-1.59352445933
1.08364174045,-1.59941484555
1.08251784858,-1.57067110953
1.08203165237,-1.58747574345
1.08298631835,-1.58152790472
1.08151244044,-1.5736618757
1.08332428196,-1.59303906889
1.08120090164,-1.57823606662
1.08225706303,-1.58261127338
1.08286143193,-1.57783681766
1.08394884886,-1.57737049465
1.07896696076,-1.54234418729
1.0818340001,-1.56009038928
1.08436605332,-1.56949166438
1.08367578011,-1.57795379683
1.08188300198,-1.57743445179
1.08186409372,-1.55495505336
1.08169975367,-1.58325941645
1.08334481705,-1.57625291381
1.08375756179,-1.5616299907
1.08182643845,-1.550495456
1.08155675658,-1.55351311186
1.08444452484,-1.57432138858
1.08151219614,-1.54871144195
1.08206283184,-1.56207536576
1.08258394417,-1.56749304635
1.08329491352,-1.54874282332
1.08097128506,-1.54785348837
1.08390078117,-1.55731353489
1.0821833493,-1.56516156999
1.08102468008,-1.55068511057
1.08167006792,-1.55341218123
1.08213282012,-1.5521220022
1.08160763176,-1.54963650208
1.08117145723,-1.56214390978
1.08041463789,-1.55141065557
1.07963606718,-1.52787887373
1.08320541589,-1.5380981433
1.08249870235,-1.53634606697
1.07892257346,-1.55294234112
1.08110658133,-1.5419774843
1.08241424115,-1.53553553982
1.08140187694,-1.54710037551
1.08097841602,-1.55401775564
1.08186260186,-1.53085088606
1.07999050266,-1.54213269325
1.08297310483,-1.53650699132
1.08239804024,-1.52350842315
1.07985747922,-1.52453083332
1.07985108581,-1.54414797408
1.08321851051,-1.53230621056
1.0808889861,-1.55852770684
1.08162366629,-1.52622214719
1.08172224612,-1.53498906469
1.08055494934,-1.53222601305
1.08063544747,-1.53895366229
1.08323618616,-1.52657579271
1.07965963338,-1.51988542248
1.0787592515,-1.53031109143
1.08113700787,-1.52525789271
1.08127131748,-1.51372357708
1.07996472987,-1.53584661099
1.08048970099,-1.5417363417
1.07848326565,-1.53472098492
1.07867244157,-1.53068611983
1.08105139161,-1.527858138
1.0811974815,-1.52210686209
1.07732633625,-1.52424353243
1.0790102928,-1.54183049394
1.07850086696,-1.52198745021
1.07869410573,-1.5232064141
1.07870296817,-1.51605252047
1.07911966962,-1.53124814168
1.07793061832,-1.51240154766
1.07993341381,-1.52746987443
1.08035973324,-1.52902560352
1.0769365136,-1.5334757151
1.07725496465,-1.52213829252
1.08063324357,-1.51859471558
1.07867868302,-1.51600875402
1.07889191062,-1.50190684109
1.07850594249,-1.52152292245
1.07772133196,-1.50246207709
1.07817248033,-1.51455465585
1.08043381554,-1.51536180974
1.07859777955,-1.5299352968
1.07713606261,-1.51497590787
1.07946393231,-1.51162490672
1.07944202753,-1.51717513071
1.07771655774,-1.51486264676
1.07942950183,-1.51567766593
1.07790351271,-1.51839441554
1.07741094894,-1.50956008628
1.08059193408,-1.5193016608
1.07890955291,-1.5067803574
1.07670435452,-1.5222127622
1.07899691446,-1.51599870003
1.07909264369,-1.52370817563
1.07618438575,-1.48386876378
1.0768862822,-1.53765157954
1.07628477625,-1.50202263476
1.07635487376,-1.52386384824
1.0790697944,-1.50141305048
1.07784277764,-1.49810866934
1.07472095155,-1.49956218743
1.07573125045,-1.51135698591
1.07843758594,-1.50203963179
1.07494559694,-1.50503534761
1.07648956292,-1.50062814574
1.07779059999,-1.51125331401
1.07725990126,-1.51114518226
1.0764229712,-1.50614394923
1.07770516056,-1.51149099229
1.07585326411,-1.52558416354
1.07643040832,-1.52387143914
1.07791468987,-1.51408137711
1.07606509669,-1.50159299047
1.07577590801,-1.49602416794
1.07732773106,-1.52005994323
1.07463791143,-1.52152604105
1.07511615606,-3.90021234509
1.07754158138,-1.10077854305
1.07692374868,-1.20650182375
1.07372962724,-1.35670981607
1.07663335003,-1.46436759359
1.07568326803,-1.55781381589
1.07492342135,-1.57613814015
1.07451966586,-1.58075725074
1.0786452146,-0.0446993706111
1.07371229741,-1.68014242088
1.0759751229,-1.34642474804
1.07526799605,-1.34763139262
1.07442198789,-1.402038407
1.07558285969,-1.42711558599
1.07621437701,-1.4610565316
1.07410197653,-1.49223116876
1.07729964514,-1.47521537119
1.07787314907,-1.52332640992
1.07712936573,-1.50236201818
1.07702560889,-1.49222822388
1.0787123077,-1.48677283058
1.07514808997,-1.4923031759
1.0774821928,-1.49068476351
1.07740623503,-1.48137808271
1.07677798696,-1.47983119249
1.07650337236,-1.49876405516
1.07708585112,-1.49481344728
1.07387333549,-1.48353138199
1.07618561358,-1.47127012828
1.07857427685,-1.48822890925
1.07666090374,-1.48932166509
1.07393059961,-1.50565929851
1.07619141168,-1.4890639963
1.07609331295,-1.4840240684
1.07594151104,-1.51003470663
1.07548846492,-1.48742133291
1.07495705283,-1.47668899533
1.0739532773,-1.49608839896
1.0770128567,-1.48226232806
1.07604241646,-1.47380944468
1.07354501157,-1.48384498968
1.07496293986,-1.49143309464
1.07594369478,-1.49172849792
1.07342092639,-1.48762416214
1.07377596149,-1.47650222751
1.07197762262,-1.51034983728
1.07148940522,-1.48209667169
1.07316616042,-1.48586628234
1.07362469754,-1.48417630902
1.07070839957,-1.48922919818
1.07073191607,-1.49928788887
1.072635331,-1.49433879365
1.07103747287,-1.49436367542
1.07171818916,-1.4818893641
1.07220036349,-1.48625177332
1.07066137383,-1.47542410561
1.07225036449,-1.50095468064
1.07293598927,-1.48975996648
1.07099766794,-1.47902161446
1.07041922171,-1.48292533408
1.07297900432,-1.50179548473
1.07222696655,-1.50439493183
1.07186999108,-1.49613784492
1.07122650547,-1.49650451894
1.06943129377,-1.48404647293
1.07029437769,-1.48214468821
1.07436376089,-1.49742418426
1.06997926725,-1.4934776915
1.068692505,-1.47927112665
1.07104254924,-1.49543898854
1.07200380343,-1.49881117846
1.06907978392,-1.48659240711
1.07037105726,-1.49401516141
1.06859935601,-1.50374561925
1.06976710002,-1.50090822254
1.07038260435,-1.48032488197
1.06980034133,-1.47976107118
1.06790345097,-1.47992519799
1.0700637036,-1.47127408448
1.06880677509,-1.48684434352
1.06866215173,-1.49497180351
1.06781458583,-1.47786643359
1.07040490845,-1.48984615464
1.06812792849,-1.50350878708
1.06994608681,-1.48672022561
1.07057861615,-1.49000100593
1.06823851347,-1.49513782822
1.06798081386,-1.49497187852
1.06992116271,-1.48928984642
1.06868076442,-1.47533040315
1.06966408863,-1.48728880346
1.06888928208,-1.49704688375
1.06830977305,-1.48724141072
1.06917538802,-1.48483690881
1.07167335832,-1.49705339499
1.06795171855,-1.47696644567
1.06797572722,-1.48842139013
1.06961082385,-1.48986549027
1.06992470851,-1.49775499714
1.06692158811,-1.48401508854
1.06874494484,-1.46941185655
1.06833961582,-1.50143065894
1.06858790956,-1.50142870805
1.06869127801,-1.496067323
1.06811805806,-1.47910319307
1.06691922641,-1.49515654803
1.06822299082,-1.49934500654
1.06781451149,-1.49130565245
1.06623843396,-1.49629983155
1.06709645044,-1.485040604
1.06699531265,-1.49165047611
1.06565379487,-1.47791220167
1.06834289594,-1.48687486385
1.06872092157,-1.48318502639
1.06647735487,-1.48780389445
1.06539438502,-1.48615750186
1.0686040123,-1.48514849252
1.06707368974,-1.49787325434
1.06811582076,-1.49354482237
1.06763013294,-1.49761375685
1.06596611534,-1.47998664378
1.06754074124,-1.48471520502
1.06962092089,-1.48731055572
1.06612932168,-1.49543565078
1.06703698775,-1.49414139012
1.06847151306,-1.49690338171
1.06873012515,-1.49085657943
1.06722558066,-1.49790760929
1.06706315601,-1.46224039643
1.0655239212,-1.50006666616
1.06642450024,-1.4918302371
1.06891270304,-1.47636815578
1.06706791537,-1.49499957492
1.06492968605,-1.51124550793
1.06664436279,-1.50036289905
1.06631225178,-1.49814312756
1.06521003623,-1.48399769011
1.06634224303,-1.49629562708
1.06501190768,-1.4836964217
1.06311004004,-1.47503380641
1.06780327522,-1.49120177538
1.06662882545,-1.47926253832
1.06536451811,-1.48927202513
1.06405846541,-1.48603243235
1.06551970129,-1.5014706387
1.06427128928,-1.50798810035
1.06520625377,-1.51002709094
1.06589787954,-1.50218907061
1.06442527511,-1.50582045088
1.06497618,-1.49303277247
1.06692033281,-1.49988797706
1.06354299808,-1.49745596953
1.06360683277,-1.49188343532
1.06451386472,-1.49155975705
1.06591546582,-1.51238386542
1.06423640928,-1.49833354892
1.06500338652,-1.49470570409
1.06246487585,-1.51165839138
1.06343085926,-1.49266253997
1.06571950818,-1.49957860152
1.06353396192,-1.49134803597
1.06076046233,-1.49406085224
1.07292230269,2.14229032601
1.06415950449,-1.98471912706
1.06267804061,-1.37354390626
1.06418618088,-1.25622432723
1.06384526226,-1.28331849772
1.06250447241,-1.36434017112
1.06632761544,-1.41211677439
1.06621707511,-1.4786903985
1.0648281945,-6.28767360171
1.06456211159,-1.83526765206
1.0662035969,-1.93320975909
1.06429162039,-1.75730880231
1.06646220358,-1.59862898454
1.06449436558,-1.5097872241
1.06444091546,-1.46867799517
1.06472639355,-1.46491910359
1.06688620125,-1.45552225172
1.06249657011,-1.46319134679
1.06262329602,-1.44807339185
1.06516009299,-1.4654110023
1.06387036611,-1.46598233981
1.06349697199,-1.47178922268
1.06448415454,-1.45688482993
1.06255620141,-1.47952492731
1.06386898078,-1.47270923286
1.06491067907,-1.46674794264
1.06404251695,-1.49586149714
1.06343695314,-1.47882486603
1.06580880421,-1.47570792394
1.06447248883,-1.47757316601
1.06426359395,-1.48463950978
1.06461460215,-1.4933247214
1.06478389654,-1.48208033914
1.06237423722,-1.48429137641
1.06587607277,-1.46923577586
1.06444340633,-1.48708674938
1.06128550064,-1.48522244031
1.06169019925,-1.47848591399
1.06179983675,-1.48067091602
1.05992828522,-1.48198891593
1.06074112747,-1.48836365024
1.05905860626,-1.46592906404
1.05846996592,-1.48772262364
1.06032045712,-1.48936451036
1.06092582284,-1.49376084715
1.05643892064,-1.48382502485
1.05906360371,-1.46943248537
1.05825769467,-1.48613629534
1.05831526365,-1.48165689699
1.05791258079,-1.4847145384
1.05987174263,-1.48101770274
1.05771688094,-1.48288264571
1.05919894036,-1.48737434685
1.05952876149,-1.47428440536
1.05696761329,-1.49635015863
1.05771077925,-1.48074092084
1.05989559394,-1.49502560055
1.05870632807,-1.50623433595
1.05888628456,-1.47133419554
1.05877701279,-1.50990674245
1.05742964464,-1.49579956535
1.05676813492,-1.49945007295
1.06061502758,-1.4960647888
1.05826571033,-1.52661932091
1.05614878073,-1.49104861217
1.05678707343,-1.49862080865
1.05631187372,-1.49359906032
1.05556760078,-1.50085483702
1.05779294504,-1.49768767619
1.05637715078,-1.50783347155
1.0546799758,-1.4967324023
1.05789151291,-1.49745785121
1.0590191348,-1.48968654606
1.05611620094,-1.5111388093
1.05696418321,-1.50026556069
1.05665381151,-1.50463207473
1.05699203393,-1.509191372
1.05671459556,-1.49370012711
1.05711073413,-1.51471953486
1.05581091644,-1.52559217621
1.05726292034,-1.50340497058
1.05837787347,-1.5017957989
1.0562196796,-1.51935950938
1.05534784156,-1.51001167343
1.05663141509,-1.49466856097
1.05633817755,-1.50016152489
1.0573385172,-1.51456181629
1.05641796177,-1.51821909884
1.05571738461,-1.51246145792
1.05517545393,-1.51389930279
1.05891746622,-1.49857059278
1.05614002993,-1.51210563366
1.05575818415,-1.51032423295
1.05718199327,-1.52231605099
1.05761238159,-1.51163497749
1.05637076482,-1.49826691142
1.04489328893,-1.40304811072
1.05068687235,-1.70418573815
1.05046690092,-1.69708254982
1.05379237362,-1.69759297575
1.0535458889,-1.6970714543
1.04940404275,-1.69611357947
1.04933598434,-1.70764129437
1.05102781722,-1.73103775381
1.0503652168,-1.71143187431
1.05013317854,-1.79235816938
1.04856968774,-1.78867688859
1.0470891653,-1.79097951554
1.05199034907,-1.77076519939
1.04971890323,-1.78693326983
1.04824624454,-1.79430208271
1.04878363261,-1.79251040655
1.05127878028,-1.80230682797
1.04846679348,-1.80247253862
1.05028099992,-1.81021542944
1.05034117344,-1.81505472234
1.04932455829,-1.80693019133
1.04950561648,-1.80978518866
1.05103284352,-1.81099024661
1.04789898406,-1.80922360116
1.04854314303,-1.79816377069
1.04934331669,-1.80743599192
1.05015425535,-1.81544829617
1.04907158393,-1.81654615783
1.05042045845,-1.81580773734
1.04666288026,-1.79750099289
1.04766949218,-1.80066990334
1.0498962915,-1.81499112356
1.04933231286,-1.79882867223
1.04642149557,-1.80606931056
1.04932874568,-1.79699182928
1.0485135639,-1.81232611144
1.04660797963,-1.81194696862
1.0468517404,-1.79230236994
1.0473566175,-1.81177580603
1.04641303321,-1.8180342619
1.0486194746,-1.80859078047
1.04779242237,-1.80365171349
1.04629304636,-1.80696500373
1.04711507618,-1.79968795756
1.04792502944,-1.81250039241
1.04571427109,-1.81377106418
1.04753999182,-1.79135551136
1.04732404641,-1.8140431528
1.04678624112,-1.81703088505
1.04638328298,-1.79824198299
1.04903684761,-1.78054097582
1.04519388136,-1.79699806292
1.04596759013,-1.79583044283
1.0467016904,-1.79391017143
1.04669047261,-1.8207882619
1.04758500221,-1.79829894337
1.04877304455,-1.80112939464
1.0455549878,-1.81269684378
1.04673879062,-1.79238282328
1.04984430551,-1.81148622813
1.04748251205,-1.80610493175
1.04575802533,-1.80552201033
1.04801882313,-1.80853880611
1.04732281374,-1.79806245613
1.04636199413,-1.80444010652
1.04680948271,-1.7973556312
1.04426021222,-1.79044638523
1.04450007623,-1.81198029014
1.0477459988,-1.80340048804
1.04727564179,-1.7938084359
1.04512856946,-1.78917117343
1.04550633766,-1.79501847598
1.04637887818,-1.80200344596
1.04483896194,-1.80106369692
1.04686991752,-1.80299369751
1.04358368357,-1.78320600974
1.04453359173,-1.82470193954
1.04576745422,-1.80953933883
1.04828470335,-1.80569780888
1.04506535726,-1.80384344397
1.04428577709,-1.79882460101
1.04523157029,-1.82093349563
1.0440589385,-1.8100822328
1.04558470567,-1.80246252322
1.04640248035,-1.8055747027
1.04374557545,-1.80202154153
1.04509404771,-1.80123063912
1.04609008471,-1.79599473871
1.04528188838,-1.80636055213
1.04309805274,-1.82362027944
1.04589503692,-1.81880354276
1.04487814985,-1.82058530203
1.04628143052,-1.82099386475
1.04457563975,-1.79131488323
1.04307753911,-1.79586749184
1.04231181166,-1.81097629347
1.04696378554,-1.80821984864
1.04562442148,-1.80952442832
1.04359034903,-1.79793191535
1.04415877669,-1.80408512804
1.04529743021,-1.80313682894
1.0433161302,-1.80615288161
1.04458645167,-1.81084230356
1.04422203782,-1.81689769295
1.04382228149,-1.82962768668
1.04446743285,-1.81659084389
1.04494307937,-1.79558594618
1.04253294113,-1.82024113498
1.04436713545,-1.81010153931
1.04366996297,-1.80664099639
1.04398785833,-1.8230161582
1.04319132305,-1.80478566959
1.04471828278,-1.79048153522
1.042275654,-1.82323070739
1.04453070992,-1.81931517711
1.04666181616,-1.80851971247
1.04454385539,-1.82433364311
1.0428301963,-1.80264157413
1.0443954822,-1.80943497285
1.04366775153,-1.80691377296
1.04457861532,-1.80246500208
1.04497328173,-1.7908623684
1.04321436052,-1.80176547356
1.04285314037,-1.79881650446
1.0451308946,-1.7884685502
1.04274166953,-1.79988742602
1.04211006271,-1.81605120029
1.04502559568,-1.8004966625
1.04533054234,-1.80712080513
1.04125540469,-1.79001975125
1.04389970425,-1.80584547613
1.04253921604,-1.79296394905
1.04179672578,-1.82615896799
1.04244145401,-1.80351950849
1.04391419775,-1.80043969228
1.04179040396,-1.8054141165
1.04310495988,-1.80164984172
1.04166906003,-1.79755818992
1.04184785964,-1.80543300708
1.04376576147,-1.79834961161
1.04488197893,-1.80902526077
1.04118585132,-1.80787165704
1.04426866143,-3.43589052793
1.04511875646,-1.41660928672
1.04463737219,-1.56059868278
1.04359572332,-1.67286762998
1.04481946698,-1.74240762242
1.0426088628,-1.79620841677
1.04380159441,-1.79733053803
1.04433874365,-1.82387719864
1.04366288076,-1.19728786359
1.04425892937,-2.48832059281
1.04565063025,-1.82342718173
1.04189667928,-1.64085038588
1.04287535569,-1.65381151678
1.04486911636,-1.67538630436
1.0449355515,-1.68460148419
1.04272975265,-1.71044774689
1.04536463221,-1.73504992171
1.04270523833,-1.77361685931
1.04184519743,-1.78913800615
1.04445972483,-1.79394400918
1.04510634116,-1.77389230874
1.04280327249,-1.77667477316
1.04454217237,-1.78420790617
1.04335546974,-1.79804652437
1.0427207887,-1.77720775073
1.04444691126,-1.79707416512
1.04457114419,-1.79670141739
1.04160002377,-1.78152864183
1.04525637248,-1.78365429359
1.04325990774,-1.79965159481
1.04256306542,-1.78331729188
1.04203120816,-1.79183819156
1.04227597811,-1.79671798548
1.04103115265,-1.77991926557
1.04234058914,-1.78853899893
1.04234872257,-1.78677992371
1.03926563831,-1.78247211931
1.04029513909,-1.77831275008
1.04353795809,-1.78338122779
1.04042678443,-1.79416758625
1.04035251317,-1.795208608
1.04076772628,-1.79361917262
1.04235533965,-1.80952035231
1.04196566072,-1.79892469309
1.04299402004,-1.79407006014
1.03936513998,-1.79535685743
1.04071532172,-1.79411311267
1.04241046323,-1.78642063386
1.04109038774,-1.78366999331
1.04022864649,-1.79912453172
1.04293140209,-1.8031353687
1.04141613183,-1.79949934455
1.03988486815,-1.8028425139
1.04075431087,-1.79494445078
1.03964920919,-1.7928384099
1.03801377912,-1.78603928357
1.04193520762,-1.81079800458
1.0423364065,-1.78641056955
1.03995402185,-1.8025871316
1.03974382385,-1.78748152711
1.04035119365,-1.8005168751
1.04021420025,-1.80367264338
1.04272921068,-1.79707124867
1.03971543518,-1.78221320252
1.03955411574,-1.8068950182
1.04148254949,-1.79978751099
1.04343595091,-1.79299168942
1.03884739217,-1.78874842861
1.03997217242,-1.8069489071
1.04029283973,-1.79163876662
1.04051353792,-1.8025461685
1.0399256231,-1.78908416238
1.04085151833,-1.80388154999
1.03809842686,-1.78713823549
1.04016636449,-1.79118770531
1.04098945713,-1.80197974078
1.03980277851,-1.78385616728
1.03877416834,-1.7967332183
1.0420063788,-1.80100525634
1.03966391929,-1.78526741528
1.04112046904,-1.80217413428
1.04058140684,-1.78534901018
1.0391158473,-1.79759052892
1.03650694206,-1.79527818332
1.04169617561,-1.79310647015
1.04080309178,-1.80017025453
1.03968781571,-1.80575750397
1.03881169197,-1.79025469443
1.03886124802,-1.78604902478
1.0372135679,-1.8012103629
1.0389040348,-1.79847687046
1.03815407772,-1.80834191386
1.03738520932,-1.79213320707
1.03956904726,-1.80858728686
1.03951302105,-1.78592399957
1.03578297444,-1.80474812289
1.03725157253,-1.79265179111
1.03724776263,-1.78469804553
1.03806958189,-1.79574009278
1.03731547872,-1.80324621117
1.03839874959,-1.79193180185
1.03564095283,-1.79720180577
1.03729610591,-1.79789295671
1.03720961278,-1.78792838073
1.03617739828,-1.78613144984
1.03565607149,-1.80515880667
1.03732713989,-1.80929013915
1.03538688095,-1.77889452901
1.03715219458,-1.79999325371
1.03829249042,-1.80432532888
1.03634933599,-1.79843424503
1.03436660951,-1.80493353717
1.0379208602,-1.80575294679
1.03661050733,-1.79151666609
1.03494624656,-1.80522398803
1.03618877266,-1.79066747132
1.0357185005,-1.80455222798
1.03483609981,-1.79647822192
1.03637789678,-1.80194136388
1.03484267941,-1.79830580146
1.03401490023,-1.79609709395
1.03719525949,-1.8025567861
1.03944591899,-1.80405653547
1.03504028838,-1.80085212591
1.03510957257,-1.79654010179
1.03541321758,-1.78953039395
1.03640086414,-1.80105466451
1.03766761572,-1.77271020933
1.03803766885,-1.78995684922
1.03594726481,-1.81121229275
1.03818700796,-1.78136004844
1.04137889479,-1.78754189096
1.03965558136,-1.79356658897
1.03920471489,-1.78826418274
1.04156422806,-1.78791391353
1.0391519585,-1.7814711101
1.04189839877,-1.79065636518
1.04285073947,-1.78205281547
1.04210885757,-1.80538486418
1.03969518818,-1.78255520082
1.04335806542,-1.78160916258
1.04109191053,-1.79376863204
1.04037084146,-1.79142003933
1.04031194825,-1.78286523345
1.04099563035,-1.78980399064
1.04057807802,-1.79918285301
1.04223734748,-1.77938108261
1.03914166107,-1.78918480354
1.03795195343,-1.77831541478
1.04064818264,-1.774600769
1.04358250313,-1.78522958342
1.04024103122,-1.79511205791
1.04098118014,-1.78506247766
1.039432898,-1.79489355577
1.03912097597,-1.78289619955
1.03949291303,-1.79802215218
1.03905786568,-1.78700116711
1.03649795884,-1.79525793565
1.04050502473,-1.80162240174
1.03852380385,-1.79093195978
1.03668673129,-1.79919774157
1.03583979487,-1.81123552029
1.04479082812,1.59286250045
1.03491980132,-2.20213284129
1.03531333305,-1.62553054265
1.0367501974,-1.49224721406
1.03453809,-1.53229038489
1.03423024747,-1.61772530071
1.03674638606,-1.67973649586
1.03418336392,-1.72903294147
1.03508483901,-5.40777594605
1.03513273465,-2.2594827192
1.03567980305,-2.1374822459
1.03496671854,-1.98001997551
1.03663799652,-1.90080550579
1.03315612368,-1.85189836666
1.03331472388,-1.80443511387
1.03431479633,-1.77684939718
1.03555927813,-1.78643705073
1.03171670428,-1.7490678678
1.03549232647,-1.80656839093
1.03449852478,-1.80744781312
1.03369778415,-1.79503072538
1.03383099443,-1.78330110163
1.03385176087,-1.78182712954
1.03225452442,-1.78061636871
1.03616775708,-1.77847263302
1.03609159697,-1.78160061333
1.03452137628,-1.78325178068
1.03506210309,-1.78616665798
1.03526622516,-1.79998820422
1.03190850972,-1.78403844947
1.03449816716,-1.78072141826
1.03629425885,-1.79475334453
1.03446672575,-1.79168219752
1.03299919142,-1.78050369753
1.03540395981,-1.78714087554
1.03269320282,-1.78401250281
1.03354656057,-1.78118180292
1.03375104794,-1.77511591654
1.03246701507,-1.77768103797
1.03253349757,-1.77135730307
1.0353996652,-1.78219748701
1.03207283765,-1.78221886656
1.03406199082,-1.78133777519
1.03472623882,-1.77739647065
1.03458773773,-1.7816860239
1.03195703173,-1.78181147611
1.03468823846,-1.78880835032
1.03307616729,-1.76544564371
1.03403505717,-1.79201629717
1.0338436084,-1.76275517204
1.03152614852,-1.78366988753
1.02982999564,-1.77060677621
1.03430619734,-1.78479151284
1.03389913143,-1.77581795227
1.03212770435,-1.78608188022
1.03166873919,-1.78904470838
1.03193857717,-1.7880934526
1.02909290369,-1.78423309468
1.03318598772,-1.80376145086
1.03111171738,-1.78838895571
1.03027074833,-1.79118960695
1.03051348981,-1.78603118821
1.03277861316,-1.77769932382
1.03063137727,-1.79305338346
1.03093247819,-1.7738896483
1.03051124028,-1.78083041904
1.02975307174,-1.78378880595
1.03009209809,-1.77708324117
1.03266227531,-1.78868148144
1.02884508199,-1.78199075537
1.02984771291,-1.8043365077
1.03089718219,-1.78202635617
1.03169260035,-1.77162046544
1.02874575357,-1.77900278188
1.03054850541,-1.79182444812
1.02911425931,-1.77381528433
1.03147480332,-1.79503424906
1.03105702623,-1.79107953082
1.02884180532,-1.78597844917
1.02708372259,-1.77159153587
1.03143363982,-1.78320316302
1.03046603064,-1.79087609813
1.02912693087,-1.79791937256
1.03031882114,-1.80784604176
1.03002370116,-1.79267232629
1.02781258988,-1.78779953646
1.02978656477,-1.79014962437
1.02812128317,-1.78673733827
1.02715219916,-1.78208943828
1.02953408598,-1.7921396085
1.03074320176,-1.78426922437
1.02786923522,-1.78217136106
1.02903063232,-1.78665512886
1.02785700492,-1.79121632826
1.0276233132,-1.78730666254
1.02961515243,-1.79604485985
1.0157350435,-1.44695868341
1.02151454784,-1.77978458724
1.02369317714,-1.56422928493
1.02320765476,-1.73799336919
1.02259513073,-1.74329019503
1.02298951983,-1.71821842195
1.02493152863,-1.73835408525
1.02189422862,-1.75124351986
1.02396337302,-1.74916778492
1.02155274323,-1.80077830734
1.02385534566,-1.88519908628
1.02457239143,-1.89338397127
1.0247467178,-1.86225505124
1.02054908865,-1.87150016901
1.02393216903,-1.87187325812
1.02491708504,-1.88486023151
1.0232750461,-1.88841413613
1.0217030546,-1.896267051
1.0240459466,-1.9046639508
1.02286503471,-1.90255621489
1.02447209962,-1.87136089387
1.02382373922,-1.89519706619
1.02249635902,-1.88185265927
1.02355097386,-1.89560699261
1.02636256171,-1.89580321231
1.02253323142,-1.89677297189
1.02320761709,-1.88480539913
1.02371584739,-1.90648703915
1.02464912164,-1.89404304911
1.02304868069,-1.89531632835
1.02542949987,-1.90122256621
1.02198638848,-1.90375624728
1.02192744548,-1.90135219475
1.02393412615,-1.90126937663
1.02310038952,-1.89588020093
1.02090257996,-1.902294678
1.02258139589,-1.91775754751
1.02218244355,-1.90126680047
1.02272145268,-1.89574007799
1.02171517241,-1.90613079828
1.02275548802,-1.92311106867
1.01962967778,-1.9038546142
1.02354457292,-1.90982996429
1.02159816992,-1.89472265935
1.02103100268,-1.90649143318
1.01966120343,-1.90027706872
1.02184410358,-1.90561454225
1.02174096313,-1.89982031761
1.02289772903,-1.9104569597
1.02112168303,-1.90176698922
1.02061186541,-1.90915790291
1.02167177646,-1.91577251805
1.02419878646,-1.89823153627
1.02062269786,-1.90364460214
1.02109675428,-1.91287311474
1.02167325883,-1.89496850515
1.02331705924,-1.8896335843
1.02165359711,-1.915640108
1.02332245102,-1.91820192697
1.02195871076,-1.92364843316
1.02240765223,-1.90829127288
1.0237368079,-1.91064517639
1.02287636178,-1.91597236951
1.02032837104,-1.90715870658
1.02352175817,-1.90870859278
1.02315263907,-1.92874383721
1.0226506896,-1.91088511886
1.02290807057,-1.91694909336
1.02270586639,-1.91314238156
1.02012125308,-1.90287720383
1.02427347139,-1.89945474111
1.02322299162,-1.90923800898
1.02264857801,-1.91429173383
1.02182414655,-1.91290306755
1.02257055805,-1.89710635992
1.02219069785,-1.90196412592
1.02524687847,-1.91477069703
1.02351241243,-1.9216727511
1.02328587205,-1.89887035619
1.02409589529,-1.91726771533
1.02606985418,-1.90830113698
1.02249239873,-1.90141607203
1.02446764585,-1.91608034853
1.0255185949,-1.90853055184
1.02530203443,-1.91847728211
1.02386572468,-1.91069584773
1.02453248694,-1.92538310381
1.02296238726,-1.90461884193
1.02504144526,-1.91053130153
1.02418755483,-1.89430943827
1.02425275811,-1.92632258359
1.02266410543,-1.90772919013
1.02542558205,-1.91752085481
1.02189465758,-1.90513761661
1.02383669,-1.92428030095
1.0239379262,-1.91473487407
1.02373972399,-1.91625752439
1.02070348827,-1.9210308618
1.02431404982,-1.90931366414
1.0236369277,-1.92332345474
1.02291178668,-1.91380581097
1.02105252078,-1.91553259587
1.02342801366,-1.91156615755
1.02202037215,-1.91702779637
1.0231153762,-1.90700712545
1.02132021764,-1.91780167307
1.02080752616,-1.91690094388
1.02247073033,-1.91410892623
1.02332317637,-1.89602158463
1.01931834128,-1.90339713214
1.02152127325,-1.92095283716
1.021404231,-1.90818524108
1.02168697246,-1.90260121329
1.0219327228,-1.9202150835
1.02270786473,-1.93244821456
1.01864383926,-1.90702179998
1.02186815265,-1.92262174313
1.02221220798,-1.89578766928
1.02244156704,-1.90679791689
1.01933335695,-1.89728672661
1.02187185601,-1.90882502922
1.02033812857,-1.89900344608
1.02268797249,-1.90686354375
1.02329673437,-1.91311257451
1.02153465363,-1.91306147745
1.02012183381,-1.90235202478
1.02305301006,-1.92807872292
1.02206397753,-1.91780523638
1.02127017303,-1.92910473388
1.02136834967,-1.90549713674
1.02220802053,-1.91194126039
1.02206624579,-1.91979527791
1.02287579037,-1.91364587838
1.02004749437,-1.91470418604
1.0199261788,-1.90857724002
1.0214422336,-1.92827672879
1.02286199733,-1.91738074455
1.01966087858,-1.92333276745
1.02133546878,-1.90620724808
1.0197438928,-1.91065393301
1.02169550318,-1.91539970803
1.02052782034,-1.90515812943
1.0213566273,-2.94673164338
1.01877490404,-1.56668695749
1.02029537037,-1.67729804027
1.02210249269,-1.78048759524
1.02028721746,-1.85563631652
1.01946469953,-1.89070617761
1.02171604986,-1.91831311807
1.01948911208,-1.93800409368
1.02249686138,-2.22388798709
1.02068199883,-2.28940976589
1.02066368821,-1.77995842965
1.01977352129,-1.74744951142
1.0230789401,-1.80340828218
1.01957019032,-1.85918458748
1.01966917213,-1.88071857642
1.02009660335,-1.8937459152
1.01980134129,-1.88763463738
1.02087772343,-1.97863207983
1.02228709255,-1.947532233
1.01907412622,-1.92925095064
1.01911501411,-1.89845361028
1.02068590517,-1.92136818874
1.02116770079,-1.90586616447
1.01822189973,-1.90438313393
1.02027379232,-1.9004138688
1.02007434957,-1.91884455637
1.02030995549,-1.92291159618
1.01945563603,-1.91739499625
1.01992912897,-1.90972646461
1.01821581311,-1.90867839542
1.02170861186,-1.90709396219
1.01980560803,-1.89958969001
1.02012500321,-1.91276845949
1.01996524649,-1.89874058491
1.02207217406,-1.91279477664
1.01988379242,-1.90211825937
1.0218346283,-1.90974255199
1.02184904528,-1.91411523622
1.02092239891,-1.90543752727
1.02025685645,-1.89894907907
1.02231249939,-1.90560393066
1.02051113188,-1.90424614706
1.02162458865,-1.91500622002
1.02016170843,-1.90694786923
1.02018429925,-1.91058609606
1.02013433013,-1.9045114713
1.02281173044,-1.89976467205
1.01985393084,-1.90201806744
1.019842658,-1.89916933694
1.02082119753,-1.91081885193
1.01980931446,-1.89300674497
1.01782843558,-1.91695257599
1.02112700547,-1.92784879397
1.02084202819,-1.89865770928
1.02040092666,-1.90986041872
1.01867616432,-1.91200476824
1.02052369085,-1.93015099442
1.01787785493,-1.91670590808
1.02085904567,-1.89357670324
1.01993541417,-1.91258758169
1.01895024864,-1.92064116721
1.01819125296,-1.90780264764
1.01889989227,-1.90238119443
1.01752229829,-1.90473832292
1.01976442847,-1.90417729338
1.01910259489,-1.91766208398
1.01691702428,-1.91334686914
1.01667306569,-1.91243976759
1.02037701438,-1.9169048481
1.01720889885,-1.89792418301
1.01770454403,-1.91109932972
1.01678406518,-1.90441477873
1.01811485945,-1.91544349628
1.01852503293,-1.91250843486
1.02119285093,-1.90898657352
1.01830533572,-1.91869150617
1.02033032902,-1.89656046003
1.02307090625,-1.90545705326
1.02346412893,-1.90973324535
1.0217749805,-1.91758255286
1.02458615985,-1.90371664665
1.02420060355,-1.90029808473
1.02478051513,-1.92028139407
1.02553018945,-1.90389893844
1.02448931083,-1.92222221802
1.02208075655,-1.91476482999
1.02530502782,-1.91337536197
1.02345777361,-1.90229113551
1.02259549593,-1.91347704722
1.0211361014,-1.90891604892
1.02275621922,-1.91353540258
1.02043727985,-1.89468520959
1.02399682436,-1.90523066845
1.02097739147,-1.91645059393
1.02062848735,-1.89589725559
1.02189799222,-1.91444343414
1.02386531134,-1.89355958944
1.0222192674,-1.90552130469
1.0223618813,-1.91473304292
1.02256779429,-1.89789539284
1.02400413533,-1.90785575428
1.02387320403,-1.89744247274
1.02476173437,-1.90585066687
1.02163552276,-1.90675000695
1.02376410195,-1.90528547445
1.02469069446,-1.89404314344
1.0244294089,-1.90861289351
1.02031098652,-1.89879180771
1.02223349799,-1.91283982896
1.02015958136,-1.92066260381
1.02015540438,-1.90689575845
1.01932869593,-1.90016739643
1.01831576122,-1.90627339827
1.01622347256,-1.90250134467
1.01977825811,-1.90892764577
1.01848094674,-1.93657514032
1.01645402792,-1.90066274116
1.01788064369,-1.9208588648
1.01876689916,-1.9125861777
1.0168713576,-1.90628283579
1.0189869858,-1.90488534657
1.01621428425,-1.92101031512
1.01695731454,-1.92056864033
1.01729306301,-1.9044448081
1.018592042,-1.91775161518
1.01582368,-1.91614663908
1.01751807443,-1.92024428011
1.01683672911,-1.9218004204
1.01728059807,-1.89604399473
1.01798375384,-1.89356461972
1.01981276101,-1.91955375637
1.01540510228,-1.92148742813
1.01817254939,-1.89675487175
1.0191109997,-1.89878807838
1.01913328105,-1.89582659371
1.0174747636,-1.91417568599
1.01930492487,-1.91016230624
1.01846215243,-1.90349457059
1.01945908677,-1.90343505236
1.01832239547,-1.89136445651
1.01829295615,-1.90279688581
1.0177791174,-1.90077138369
1.02091924078,-1.9101826441
1.01712798638,-1.90176177065
1.01669074951,-1.9082566827
1.0178772044,-1.90000648348
1.01816215616,-1.91201446259
1.01619386227,-1.89719442032
1.0193481904,-1.90769382979
1.01643648404,-1.882911066
1.01588870855,-1.90335920436
1.01587959879,-1.92108821361
1.01776401057,-1.90047272086
1.0164360517,-1.90365208529
1.01689769155,-1.89077011124
1.01587506465,-1.90235340308
1.01655657474,-1.91557480764
1.0188216699,-1.90627224317
1.0178678749,-1.90376898695
1.01514341659,-1.92260464223
1.0182092255,-1.91758750847
1.01859300067,-1.91828648143
1.0230977244,1.13928798026
1.01622816366,-2.19746328276
1.01792833881,-1.70789148961
1.0173053353,-1.62887818755
1.01860151886,-1.68908163103
1.01700539402,-1.76727857709
1.01582706984,-1.82436024818
1.01616854837,-1.87782622086
1.01997177615,-5.09280291733
1.01746085993,-2.34235746533
1.01765819938,-2.22587069521
1.01651516365,-2.06759486967
1.01679172802,-2.00351500331
1.01700719274,-1.96122567877
1.01907734513,-1.91808676577
1.01683479433,-1.91502105523
1.01528471537,-1.90273290018
1.01633598597,-1.87645297818
1.01782848431,-1.94290618377
1.01625520268,-1.94387501567
1.01851061739,-1.92167717114
1.0166618315,-1.90637062984
1.0168467255,-1.89185029801
1.01685121378,-1.8947813166
1.01634359694,-1.88227958662
1.01330028865,-1.88391049131
1.01764790646,-1.91061753942
1.01717934137,-1.89283347069
1.01587104765,-1.89527958428
1.01494656526,-1.88639898678
1.01627588996,-1.89891489989
1.01573285166,-1.88537180188
1.01812661373,-1.89173060058
1.01748011036,-1.89176503522
1.01539410397,-1.88672085052
1.01565118893,-1.90698286274
1.01834461486,-1.89106687248
1.01617526065,-1.88266207817
1.01699074138,-1.90183552902
1.0168379512,-1.89114592754
1.0172401088,-1.89490988524
1.01654226,-1.90760478469
1.01855268308,-1.88495042972
1.01490500006,-1.88156115692
1.01724414616,-1.8951821193
1.01785737282,-1.88525456254
1.01609315718,-1.88692511343
1.0145500638,-1.89111446587
1.01648032169,-1.86884688529
1.01590085392,-1.89709343011
1.01578008406,-1.89758499286
1.01742945311,-1.90181599919
1.01661336636,-1.8770394048
1.01325558843,-1.90063488612
1.01684007483,-1.89492520831
1.01626259574,-1.90424536275
1.01514369984,-1.88849536189
1.01460841647,-1.87639310844
1.01593555553,-1.89981226276
1.01464216118,-1.898150976
1.01705564506,-1.89245247459
1.01516277735,-1.89855583113
1.01527536928,-1.87779884134
1.01507661891,-1.89647255372
1.0174846619,-1.89583796078
1.01327971163,-1.88314936327
1.01615644669,-1.9139388284
1.01649206425,-1.91001602124
1.01487414328,-1.89092076203
1.01559438515,-1.91004982147
1.01678882289,-1.8913372652
1.01461857579,-1.90976067758
1.01594465631,-1.90344772801
1.01618348766,-1.89906110708
1.01632862035,-1.89829364375
1.01490397395,-1.9114286937
1.01684566028,-1.8924429068
1.01330349198,-1.92020354443
1.01523671439,-1.90182949066
1.01605479981,-1.90079630451
1.01612423969,-1.91123322055
1.01294545005,-1.90704176181
1.01626261784,-1.9018723121
1.01458493523,-1.91858417705
1.01354192716,-1.89125822711
1.01364949289,-1.90224227457
1.01634337369,-1.90161677365
1.01381351605,-1.89643568045
1.01602435549,-1.91534098086
1.01285678181,-1.90573063412
1.01319468882,-1.88957946178
1.01591574528,-1.91509548526
1.01754992002,-1.8990707627
1.01437707463,-1.91072897664
1.01503072592,-1.89250760934
1.01594545045,-1.89730742153
1.01124480481,-1.40324694495
1.02159412378,-1.84984200916
1.0224327367,-1.94317867139
1.01839780869,-1.90339169914
1.01968067361,-1.88714074761
1.01986766931,-1.91206174167
1.02051493309,-1.94496828588
1.01871304567,-1.9262880297
1.02084429649,-1.91737976784
1.01796483556,-2.00030415312
1.02021487705,-2.02406908425
1.02155594202,-2.03171870875
1.01942779158,-2.02578149543
1.01837661195,-2.0326979536
1.02152119528,-2.04133336856
1.02032022116,-2.03361683358
1.01940017783,-2.02755349607
1.01866915349,-2.04800664784
1.01976476184,-2.03999574891
1.01912671688,-2.04646173731
1.02216291397,-2.07158400575
1.02021746968,-2.04426366786
1.01783610013,-2.04888387328
1.01817571547,-2.05473651398
1.02046632724,-2.0587598592
1.01786329691,-2.04155181479
1.01882547707,-2.05310347368
1.01780277647,-2.05762939894
1.01825509984,-2.04903768967
1.01906020305,-2.03755405
1.01949950374,-2.02708357879
1.0173432664,-2.04743162869
1.01807312185,-2.06562205715
1.01984614681,-2.04359736547
1.01878762735,-2.04275578929
1.01815454118,-2.05763094855
1.01939808753,-2.05900163877
1.01691447174,-2.05342479449
1.02003963496,-2.04299924313
1.01985902443,-2.06037110282
1.01914345938,-2.05697948033
1.01824581495,-2.05436673358
1.02114189443,-2.06695052431
1.01913051747,-2.04440550338
1.01923663792,-2.05025339214
1.01876140417,-2.05813172083
1.01912479311,-2.05456146054
1.01936014639,-2.04711561631
1.02155934637,-2.05168049592
1.01884571562,-2.05517942108
1.01792569604,-2.04918867559
1.02023518631,-2.05774625063
1.02040414728,-2.02968372509
1.01784630852,-2.04998242868
1.0200144826,-2.05378447204
1.01839256722,-2.03146394874
1.01955163801,-2.06426658826
1.01908414771,-2.05192546825
1.01830497073,-2.04236475888
1.0166356948,-2.04340606517
1.0192803262,-2.04288229563
1.01939465766,-2.05618045477
1.01947256853,-2.06542405008
1.01819709857,-2.0451461317
1.01983310308,-2.06099313321
1.01723734825,-2.06669902515
1.02002805424,-2.06008312634
1.0202976394,-2.05168355562
1.01934228369,-2.05538911684
1.01807216654,-2.04949969651
1.02098249805,-2.06504321425
1.01811257898,-2.04686602194
1.01906852881,-2.06317485836
1.01844855241,-2.05090019278
1.01927388231,-2.06802243688
1.01879999234,-2.06089643435
1.02079116663,-2.05301225168
1.01693192837,-2.05121146364
1.01708057344,-2.06167824682
1.01884963104,-2.05245751448
1.01938057052,-2.06232424947
1.01607545409,-2.05280609323
1.01888527831,-2.07127298619
1.01827847717,-2.06069401561
1.01817677117,-2.06586101608
1.01827327216,-2.05578665416
1.01880796007,-2.05123484173
1.01608447302,-2.04286411231
1.01863386973,-2.06872865071
1.01764787623,-2.07313647054
1.01863295088,-2.07995621777
1.01873825973,-2.0644679597
1.01797933525,-2.04763630657
1.0163744441,-2.07272076547
1.01938447131,-2.06539466307
1.01947307364,-2.07147160557
1.01786565431,-2.06974141639
1.016150552,-2.05503852584
1.0204739952,-2.05813342236
1.01749927685,-2.07059205621
1.01810769752,-2.05213952041
1.01740823982,-2.06619552367
1.01802719962,-2.06904131734
1.01885626315,-2.04969394913
1.02143322109,-2.05833534544
1.01632379054,-2.05105438914
1.01773423865,-2.06297620633
1.01949384517,-2.05449378076
1.01958635533,-2.0584840982
1.01806750646,-2.07101667504
1.01838147146,-2.0651415697
1.01669327797,-2.06844249678
1.01747383194,-2.07954348845
1.01951941178,-2.05793517523
1.01891060692,-2.0749101609
1.01602552631,-2.07443246834
1.01880444711,-2.06208885911
1.01735815584,-2.0563390888
1.01800456271,-2.0645798183
1.01738450223,-2.05068625832
1.01902484572,-2.05675277333
1.01739023145,-2.06531718963
1.02038640752,-2.05303194785
1.01760122216,-2.0643927793
1.01623276356,-2.06068511783
1.01720410783,-2.05231091625
1.01953005751,-2.06183991341
1.01771466137,-2.05984902196
1.01820221386,-2.05260319385
1.01754866093,-2.05338866927
1.01703560788,-2.06796293223
1.01832019018,-2.06799620568
1.02058222416,-2.07676591821
1.01678054961,-2.06124554718
1.01797918703,-2.08355538281
1.01844412733,-2.03990655617
1.01887176994,-2.0494902138
1.01720283719,-2.06356670494
1.01960649352,-2.05710242352
1.01784172799,-2.05676833856
1.01897923883,-2.06319153983
1.0196748379,-2.05722375569
1.01764816637,-2.69222319012
1.01677105271,-1.67447901246
1.02051740184,-1.82702343411
1.01871043809,-1.95856381391
1.01761127897,-2.00404426893
1.01733996827,-2.04111240966
1.0182982062,-2.08254945408
1.01631690121,-2.10731294741
1.02025036912,-2.91269289003
1.01692574411,-2.43850579497
1.01606112616,-1.96159345383
1.01619397476,-1.9285691138
1.0175400496,-1.99342930267
1.01589869461,-2.03684851887
1.01780789331,-2.02575202961
1.01584819585,-2.03915295071
1.01593927862,-2.0434587916
1.0168189166,-1.99502239426
1.01907739684,-2.07618415296
1.01537595888,-2.06909637692
1.01777881621,-2.06794082329
1.01948201408,-2.07997542096
1.01838630438,-2.07101571613
1.01752249083,-2.07392604029
1.01940994678,-2.06737178501
1.01753855543,-2.06258963017
1.01963385011,-2.06697483651
1.01955469254,-2.07310471612
1.01883314081,-2.08641452181
1.01858217312,-2.06975930362
1.02099639274,-2.07414825875
1.01786105604,-2.07297596589
1.01917509938,-2.08203386605
1.01989025574,-2.07278093635
1.01964379462,-2.06965281199
1.01751165322,-2.06440403457
1.02050063432,-2.08354536114
1.01954471689,-2.07006867837
1.01931482031,-2.05933987846
1.01908687299,-2.08454842708
1.02128339567,-2.07294317675
1.01948769061,-2.05836276654
1.0226178389,-2.06182999168
1.02114084133,-2.06220492127
1.02267799633,-2.07899088834
1.02418585042,-2.06531868809
1.02356839333,-2.06721159338
1.0209507302,-2.07149233015
1.02318518476,-2.05214999275
1.02438259242,-2.07184633272
1.02268050485,-2.0661625042
1.0209458573,-2.06688421846
1.02192428157,-2.05782951469
1.01969640753,-2.04926464922
1.02176085631,-2.04925546737
1.02199697475,-2.05027370724
1.02068668733,-2.05673837366
1.01905196219,-2.04023143776
1.0218990101,-2.07126983376
1.02032497329,-2.0523053508
1.02128611658,-2.05259759946
1.02096449163,-2.05701428668
1.02024095196,-2.05085507286
1.01947106843,-2.05389621574
1.0235595001,-2.05993230819
1.02104781529,-2.05384580398
1.01977611459,-2.05199285649
1.0215256386,-2.06457998121
1.02224961323,-2.06758509822
1.01994071161,-2.06019018458
1.02061409586,-2.05452416147
1.01816765456,-2.05642978822
1.01853972974,-2.06648634463
1.01872195246,-2.06489433226
1.01936678784,-2.06091839019
1.01471899296,-2.06971981877
1.0171498626,-2.05998199164
1.01682998961,-2.06140568221
1.0167153446,-2.05629923259
1.01638680044,-2.03906732297
1.01677417978,-2.05398570463
1.0158945934,-2.07111620732
1.0180916196,-2.05652307579
1.01737655348,-2.04848266193
1.01672623252,-2.05535806343
1.01658908578,-2.05583585122
1.0197040095,-2.06083316863
1.01785867507,-2.0659072457
1.01845405709,-2.05536939602
1.01740592757,-2.07400294474
1.01761038209,-2.07197748554
1.01810004202,-2.06210147847
1.02105493585,-2.07012775557
1.01749848965,-2.06538618619
1.01763449072,-2.06451927747
1.01871476361,-2.05859019123
1.01902408864,-2.06934752618
1.01721688959,-2.05662186106
1.01870113812,-2.04365923489
1.01687909903,-2.05224791758
1.01785440854,-2.05546406978
1.0201642241,-2.05817828494
1.0190722337,-2.04262942837
1.01611522272,-2.05396799121
1.01852398515,-2.06780759897
1.01836434,-2.05580771165
1.01807652321,-2.05459004333
1.01691829431,-2.05836299376
1.01707451148,-2.05986734534
1.01614212476,-2.06045452395
1.01944966259,-2.07295855925
1.01709857781,-2.07593041972
1.01498324801,-2.04354351558
1.01608586737,-2.04747137304
1.01947505305,-2.05803983821
1.016323462,-2.05666531407
1.01842046509,-2.05937845062
1.01632178843,-2.05678553985
1.01722302174,-2.04492121781
1.01729759121,-2.06136536353
1.01974377794,-2.05742538416
1.01738311202,-2.06800248781
1.0177281778,-2.05108392791
1.01775158686,-2.03657772011
1.01816304823,-2.07003397645
1.01829758074,-2.04592086626
1.02036642634,-2.04289871238
1.01736180909,-2.04952141252
1.01873792489,-2.06422925338
1.01940881011,-2.03610409695
1.01919406738,-2.04992399278
1.01640839316,-2.06305045984
1.01974174477,-2.04354211405
1.01888053893,-2.04290938186
1.0186766625,-2.04143785644
1.01691025658,-2.04086672229
1.01906340038,-2.05962062623
1.0174534406,-2.06684376026
1.01988176476,-2.06480664895
1.01765302975,-2.04020215306
1.01692202206,-2.05779647004
1.01831441854,-2.05572901195
1.01988271344,-2.06014793015
1.01710150736,-2.06175190111
1.01951230793,-2.03474359816
1.01916101143,-2.05714426516
1.0180553408,-2.05890359939
1.0184077075,-2.04465941155
1.02191507113,-2.04419151811
1.01820109712,-2.03824218359
1.01985336069,-2.05140291903
1.01964660819,-2.05165929067
1.02013138115,-2.07193723838
1.01914287285,-2.06802472547
1.0199815013,-2.04319745723
1.01761421472,-2.06935975678
1.02065931658,-2.06334122956
1.02134764269,-2.06760743003
1.01883887217,-2.06084064214
1.01677259886,-2.06868809518
1.01922657963,-2.06114657699
1.01847549997,-2.05569062603
1.0237447461,1.03323379856
1.01826961667,-2.04091123264
1.01778464035,-1.67414997623
1.0161060298,-1.67906520059
1.020520523,-1.80622481475
1.01855071395,-1.96227902825
1.01759425162,-2.02400436717
1.01786326537,-2.05461350283
1.01996825573,-5.156058946
1.01759312717,-2.5212161446
1.02011680312,-2.37452802583
1.01745940794,-2.23195515989
1.01749079661,-2.1538008682
1.01945482816,-2.10922795526
1.02014257536,-2.07766424718
1.01687148975,-2.06276745755
1.01749252279,-2.05428448417
1.01851426701,-2.04241337594
1.01858838708,-2.03492087202
1.01777666262,-2.0441352014
1.0193979723,-2.04669129443
1.01614665866,-2.04602250484
1.01945387531,-2.05841734969
1.02016661314,-2.05220478645
1.02015738312,-2.03801700237
1.01738211768,-2.02456578501
1.0211100731,-2.05975736054
1.01895905558,-2.04171569308
1.01933725168,-2.0532991741
1.01944763356,-2.05125727455
1.01857301741,-2.03389118918
1.01768778874,-2.04154154414
1.02145119497,-2.03387388527
1.01816272211,-2.05523667004
1.01690991958,-2.04523889198
1.0197030372,-2.04660439049
1.02090574035,-2.03342356527
1.01674543883,-2.0385273899
1.01866933612,-2.03707777759
1.01687802405,-2.0504989403
1.01821220202,-2.06281146341
1.01851168217,-2.04331747296
1.01885249774,-2.03473095822
1.01578909009,-2.04069244092
1.01828845585,-2.04451462637
1.01859006562,-2.04950778123
1.01788793485,-2.03033178656
1.01768052357,-2.0350950857
1.02019733133,-2.04853034782
1.01612348634,-2.02862258268
1.01893513044,-2.03907476108
1.01988615492,-2.04685764711
1.01886217971,-2.03156009687
1.01868324279,-2.06638339602
1.02098443828,-2.06120270527
1.01843722186,-2.05024924767
1.01905298834,-2.05090111841
1.01946459907,-2.04252306736
1.01904622103,-2.05344184313
1.01918232049,-2.05987037859
1.02233344722,-2.0693210858
1.01825926463,-2.04399275376
1.01830973601,-2.05118096149
1.01933742198,-2.06728394242
1.01998582359,-2.05900136254
1.01718379858,-2.04245859994
1.02104542319,-2.05248862079
1.01811817086,-2.05599227735
1.0184829446,-2.0458505218
1.01883082387,-2.06825765439
1.02076918385,-2.06533099708
1.01746498926,-2.06641253688
1.01969876294,-2.04521191641
1.01803141448,-2.05853367491
1.0180014048,-2.06465837406
1.01950737664,-2.05207565252
1.01979148758,-2.056329334
1.01754213793,-2.052535884
1.02011997674,-2.05032606153
1.01969118822,-2.0466621573
1.01868250985,-2.03921900255
1.01767945994,-2.05620370846
1.02163276316,-2.06253621612
1.01927260199,-2.04911920678
1.02038642649,-2.06499106953
1.01883930322,-2.05305598025
1.01805460384,-2.04652646364
1.01845607799,-2.07054900276
1.02218457176,-2.05508393637
1.01897151865,-2.05019983479
1.01918714697,-2.05092508411
1.01983298487,-2.05333681204
1.02018328157,-2.04429390383
1.01935172951,-2.07761799043
1.02043088755,-2.05097278987
1.01871977471,-2.05030299103
1.01443596866,-1.34310268793
1.02395127109,-1.7782876782
1.02511050373,-1.78929645324
1.02158034634,-1.8416000527
1.0243769202,-1.80206688068
1.02301051248,-1.82509659834
1.02349568619,-1.86925210702
1.02312535786,-1.86023271884
1.02366685472,-1.84279611675
1.0207766045,-2.02117978723
1.02473700452,-2.07967748744
1.02323825338,-2.07901892224
1.02263962207,-2.0561017942
1.02263673386,-2.08177647167
1.02447134295,-2.09108337284
1.02316288884,-2.09902483267
1.0238862295,-2.09333559167
1.02255924315,-2.08623086818
1.02157393751,-2.08115108071
1.0228913296,-2.11118237537
1.02658561317,-2.11888350632
1.02202427832,-2.08421587501
1.02368211911,-2.09976469806
1.02441955715,-2.10501948543
1.02530882909,-2.11162982552
1.02341858817,-2.09613969324
1.02472470064,-2.10658566809
1.02247147035,-2.12107000102
1.02450364819,-2.10711206901
1.02625068927,-2.11603376727
1.02415080812,-2.11059608813
1.02201114239,-2.09170052133
1.02524091119,-2.12017577785
1.02369542384,-2.12433923193
1.02392893042,-2.09554117211
1.02486353862,-2.11915452497
1.02465253732,-2.11408428177
1.02261312353,-2.11233135206
1.02555020312,-2.10843299494
1.0242830127,-2.10673389466
1.02334227157,-2.11397177515
1.02275688736,-2.09900355727
1.02458639363,-2.12057276613
1.02173258622,-2.09671065618
1.02509851197,-2.09879491125
1.02276421779,-2.10512537028
1.023301157,-2.10428165127
1.02455756232,-2.0997320666
1.02639910016,-2.11238407083
1.02086916499,-2.11794515433
1.0238846482,-2.09567956151
1.02489210295,-2.09715742567
1.02557514769,-2.11243407392
1.02468134263,-2.10579841605
1.02500546737,-2.10618314767
1.02278098857,-2.09523457333
1.02524155341,-2.0968032649
1.0255305082,-2.09803411762
1.0251484207,-2.11326951474
1.02529981631,-2.11777661151
1.0271470411,-2.10225424266
1.02411079213,-2.10995200956
1.02445406937,-2.1030646564
1.0255006216,-2.11776559851
1.02556459751,-2.11102637361
1.02317023523,-2.10204520057
1.02692140051,-2.1313467087
1.02472704354,-2.11952248635
1.02429186021,-2.11990890413
1.02334354986,-2.11342649079
1.0268784173,-2.12845044973
1.02413115297,-2.11231903399
1.02637876939,-2.11052205667
1.02453570349,-2.11179534522
1.02470037702,-2.12260995621
1.02641813544,-2.11862270852
1.02783022551,-2.11770932195
1.02396374995,-2.11407629585
1.02617442156,-2.10667749267
1.02663529451,-2.11516233284
1.02627448433,-2.11010490572
1.02544512634,-2.1150965151
1.02804066142,-2.13283701209
1.02379630182,-2.12475212804
1.02645344748,-2.11148815523
1.02706307849,-2.1247366755
1.02606103097,-2.12653844475
1.02484640738,-2.10970541574
1.02778442378,-2.10686077687
1.02578616289,-2.11182812961
1.02722386022,-2.11612818583
1.02679112597,-2.1100590656
1.02548662542,-2.10382879821
1.02512017122,-2.10833862593
1.02941022322,-2.13593154052
1.02625681276,-2.10579558206
1.025236442,-2.11475923786
1.02568568388,-2.11258464597
1.02703459678,-2.11957165994
1.02506186872,-2.10549085528
1.02699518537,-2.11562125684
1.02368784701,-2.11676590216
1.02391667882,-2.12221599509
1.02559742986,-2.11462376305
1.02709295471,-2.12742818861
1.02326725336,-2.13443289846
1.02521555384,-2.11632209868
1.0248495859,-2.13228647023
1.02434591925,-2.11118617814
1.02502354563,-2.11459682473
1.02591922152,-2.11471940978
1.02358254516,-2.11437405931
1.02566852042,-2.09407730996
1.02705008867,-2.13743684516
1.02515062775,-2.11729835814
1.02399884397,-2.09656206052
1.02746757947,-2.11945020647
1.02559966239,-2.11153799625
1.02718665331,-2.11309744507
1.02637488771,-2.13138419434
1.02530610099,-2.12014846828
1.02460272157,-2.10919721269
1.02934759634,-2.12122047166
1.02618548056,-2.11875340937
1.02604319809,-2.10507564685
1.0253453809,-2.09959588085
1.02576058041,-2.12080108838
1.02556926581,-2.10826829074
1.02825135227,-2.12079992544
1.02554683784,-2.11286363271
1.0262160062,-2.12818840384
1.02775723359,-2.13104322801
1.02862989441,-2.10859405888
1.02431480489,-2.12693772463
1.02743816088,-2.1102007759
1.02727318255,-2.09714561119
1.02731183013,-2.12289314223
1.02561018535,-2.11659224987
1.02512974203,-2.10974369557
1.0244339772,-2.11436719445
1.02760880308,-2.12121160893
1.02657303776,-2.09981438076
1.02555650282,-3.02798402904
1.02498845396,-1.61838816098
1.02840004805,-1.8217864326
1.0259832346,-2.00384615095
1.02807523139,-2.08453560984
1.0289875204,-2.15525011052
1.02857231877,-2.17789196268
1.02786029839,-2.18114228667
1.03168236724,-2.9309197084
1.02835746556,-2.50993773453
1.02921650728,-2.01791766597
1.0293682749,-1.9709547506
1.0290845231,-2.04352974214
1.02735749133,-2.06776445131
1.02941843338,-2.08495880495
1.0267926518,-2.09935938676
1.02767052157,-2.10910672724
1.02838747684,-2.02678990021
1.0294673563,-2.16060538178
1.02537391609,-2.13119123477
1.02876124661,-2.13344624986
1.02750157439,-2.13639285611
1.02819539029,-2.14192220711
1.02735047054,-2.13183697172
1.02938644984,-2.12903763423
1.02614110989,-2.13378739859
1.02890035562,-2.14378108884
1.02796010997,-2.15062223046
1.02756456161,-2.13857921057
1.0292210399,-2.13036400443
1.02948228323,-2.14783779555
1.02552027125,-2.14128793678
1.0279447232,-2.13242840802
1.02735097829,-2.13499284147
1.02655715596,-2.14293655646
1.0258703336,-2.13445058822
1.02842955339,-2.12024859957
1.02389949647,-2.1141263876
1.02610821617,-2.12012909124
1.02623198616,-2.12377977717
1.02701390962,-2.12964704093
1.02585748264,-2.12510412534
1.0272807078,-2.1222218841
1.02418823937,-2.11597343776
1.02620471183,-2.12106931162
1.0286026562,-2.11331603072
1.02829329322,-2.13135893246
1.02453398716,-2.09815807666
1.02702142538,-2.12491475046
1.02557906346,-2.13243990163
1.02616320271,-2.10997931964
1.02611674367,-2.11236497818
1.0264816517,-2.10488869167
1.02399731992,-2.12394629255
1.02731108643,-2.09051840742
1.02637142401,-2.11168409748
1.02552985071,-2.10660430402
1.02464437693,-2.09777680776
1.02602321107,-2.11204258404
1.02419684049,-2.10730305059
1.02761209187,-2.10766196063
1.02465849138,-2.10592334172
1.02400524694,-2.10969092849
1.02551183585,-2.09304234796
1.02696443583,-2.10949706135
1.02514813147,-2.10273585291
1.02563663284,-2.11949121271
1.0257723532,-2.09908288364
1.02613430086,-2.10174158378
1.02566709634,-2.09711735016
1.0281316343,-2.10532952076
1.02458961366,-2.1188159116
1.0262978069,-2.10335225551
1.02759615561,-2.10326669075
1.02698750632,-2.10594216993
1.02463571455,-2.0974413539
1.02765194441,-2.11988768447
1.02614959656,-2.1022201994
1.0268373488,-2.10166831168
1.02558487643,-2.09900679989
1.02532931348,-2.11429156659
1.0243097604,-2.09901071572
1.02950568501,-2.11168867853
1.02641552408,-2.09733959065
1.02400839346,-2.09967970167
1.02589741016,-2.10687666866
1.02713406398,-2.10721898435
1.02436567515,-2.11143503247
1.02686879727,-2.10419195675
1.0250158241,-2.11694275857
1.0245775032,-2.11110749204
1.0263412827,-2.11899452023
1.02667080883,-2.10309885379
1.02379653787,-2.10538110931
1.0258348386,-2.09930926194
1.02555910798,-2.1010242976
1.02591503211,-2.11407987699
1.02625708842,-2.08920843393
1.02747238111,-2.10501344965
1.02289048272,-2.10144997156
1.02650015377,-2.0887112231
1.02745532736,-2.10759352467
1.02558135508,-2.08697184116
1.02447119468,-2.09200105561
1.02777014435,-2.08721272185
1.02699938514,-2.09441210539
1.0289820511,-2.09849248947
1.02743566387,-2.08066370144
1.02657161579,-2.09021861369
1.02777774358,-2.08674777479
1.03083205696,-2.09175719335
1.02792424854,-2.08692612716
1.02817128132,-2.09401897973
1.02810315478,-2.09571814734
1.02939310322,-2.08078478251
1.02623172502,-2.11012323155
1.02989957767,-2.09290224319
1.0276841768,-2.09712865667
1.02752806745,-2.08725784336
1.02751790156,-2.10085961278
1.02917163978,-2.10021352056
1.02622312702,-2.10922142744
1.02846518346,-2.07028478494
1.02672489276,-2.06257494502
1.02745636628,-2.08731792557
1.02834806981,-2.08518104687
1.02762686316,-2.08849332939
1.02493863104,-2.08849603084
1.0278843088,-2.06752346878
1.02847698928,-2.0750148642
1.02764360158,-2.07588847981
1.02517135765,-2.06126892194
1.02897780091,-2.09181921887
1.02620105228,-2.080598674
1.02844682519,-2.08173916968
1.02724277762,-2.0693361608
1.02572050807,-2.08474424233
1.02487988302,-2.08854555287
1.02862537631,-2.10053937616
1.02610499056,-2.07998148789
1.02612091841,-2.07381508608
1.02623387132,-2.08294053301
1.02607400289,-2.08665307559
1.02528795066,-2.08959264241
1.0270873755,-2.08222837887
1.02401834957,-2.08014929933
1.02468969426,-2.07040765623
1.0267763472,-2.06689788602
1.02718901754,-2.06931850863
1.02309358777,-2.08016547749
1.02531454417,-2.09057130784
1.02441138559,-2.06123927286
1.02534271001,-2.07897386663
1.02589212941,-2.09084056605
1.02515402109,-2.08466154908
1.02221857741,-2.11250105613
1.02566760588,-2.10037556142
1.02576801648,-2.11231336736
1.02444444382,-2.09811824561
1.02365350495,-2.10166219605
1.02566973746,-2.11609800917
1.02425680425,-2.09199185904
1.0304794531,0.586319105662
1.02552020593,-2.29787218997
1.02431037877,-1.85180412459
1.02427095282,-1.82531588934
1.02776673899,-1.88564598492
1.02455101498,-1.98220817549
1.02545423714,-2.04268355575
1.02511388213,-2.0830133435
1.02707029312,-5.7204945166
1.02519699057,-2.69791653561
1.0275605886,-2.46766986477
1.02353120333,-2.25148168121
1.02455999947,-2.17163476635
1.0260773272,-2.10179215679
1.02579632465,-2.07374436861
1.02323872219,-2.05639273243
1.02588763681,-2.04463013125
1.02385793353,-2.09865104137
1.02468591123,-2.03152360123
1.0257213874,-2.08205624009
1.02582540032,-2.05515969418
1.02242987138,-2.04209485992
1.02500109521,-2.0475089056
1.02478676486,-2.04563599724
1.02368870942,-2.05349351819
1.02346064158,-2.04678949206
1.02495561097,-2.0717667472
1.02344063193,-2.07200641236
1.02537719274,-2.05819849608
1.02361554708,-2.03423294862
1.0231784065,-2.06351871631
1.02403289403,-2.06593094539
1.02751781978,-2.069388609
1.0226658371,-2.06369292695
1.02413953116,-2.04023070282
1.02514545076,-2.05780396914
1.02512218895,-2.04409972892
1.0234189666,-2.04669647832
1.02546596034,-2.02958713993
1.02358317151,-2.05401771212
1.02537333361,-2.06920688673
1.02486521649,-2.05955290811
1.02551569528,-2.06761825716
1.02371389511,-2.04819239597
1.02645808763,-2.06035908895
1.0235649683,-2.05734847884
1.02399632551,-2.03115677411
1.02467475334,-2.04375809734
1.02516592021,-2.05245435746
1.02222467374,-2.05677661497
1.02691267184,-2.05823040856
1.02521392465,-2.05226566958
1.02445079014,-2.06926534083
1.02374671743,-2.0677498641
1.02511283983,-2.07567639346
1.02332087675,-2.06212993828
1.02546467871,-2.08310239454
1.02366997308,-2.06064045266
1.02316127793,-2.08605577459
1.0245408529,-2.07638141678
1.02605020532,-2.08452872709
1.02285875249,-2.07267546224
1.02515961241,-2.05980678768
1.02512031163,-2.0834649535
1.02407856025,-2.08475383759
1.02276395687,-2.07496335283
1.02641959306,-2.0712998976
1.02311233078,-2.07677180586
1.02525454081,-2.06478311337
1.0252899184,-2.08280455933
1.02445356866,-2.08601914111
1.02417814826,-2.07898684419
1.02655853286,-2.06942886812
1.02430980954,-2.08165204431
1.02609453577,-2.06737989199
1.02618362741,-2.07856339345
1.02451566306,-2.06850377947
1.0234663686,-2.09759071565
1.02652397614,-2.07744682493
1.02617242017,-2.08465815577
1.0244438036,-2.06837822534
1.02399956204,-2.0744736894
1.02478316256,-2.08553643255
1.02375125014,-2.08166198596
1.02654611291,-2.07342974998
1.02403947614,-2.08193089423
1.02345537657,-2.0838343079
1.0242293017,-2.10987385161
1.02580959709,-2.07306827777
1.0234871766,-2.08703409264
1.02484323798,-2.06882451342
1.02404198239,-2.08629985489
1.02425200711,-2.08080378639
1.02506296803,-2.06628344916
1.02558501932,-2.0914345104
1.02320495497,-2.09247780346
1.01358297185,-1.36563099411
1.0237264296,-1.8663350632
1.02314381256,-1.76899366747
1.02174358964,-1.9139888363
1.02441677773,-1.92562853289
1.02181097046,-1.9174983796
1.02395896058,-1.83343811711
1.0233041944,-1.87698844576
1.0225397611,-1.89049201447
1.02182063912,-1.73334079113
1.02552303485,-1.70002037508
1.02262238995,-1.65857654156
1.02272577559,-1.61844941471
1.02246784721,-1.6257505335
1.02276731497,-1.63549849917
1.02129784388,-1.63634330086
1.02423637059,-1.6297636866
1.02065189368,-1.64340190252
1.02029277926,-1.64219286731
1.0237184379,-1.6463262958
1.02450704365,-1.64313991755
1.0198943995,-1.63560772954
1.02170363276,-1.6469784478
1.02109417714,-1.65313027467
1.02154445296,-1.62888305248
1.02173292959,-1.63910936312
1.02164749696,-1.64683078947
1.0189106222,-1.62995520651
1.02329395736,-1.66175399086
1.02244812314,-1.64868758089
1.02154885693,-1.64934638245
1.02104129944,-1.64108044737
1.02301268228,-1.63655004386
1.02042893497,-1.64506547874
1.02246065633,-1.63808082158
1.02207865082,-1.64814172953
1.02059896581,-1.62604668671
1.02046778873,-1.63854036664
1.02393948092,-1.63972606473
1.0213654033,-1.64330644393
1.02137629888,-1.65723986452
1.02219355271,-1.66485010846
1.02202959081,-1.63987011057
1.02242881002,-1.64419696473
1.02431714502,-1.64300119075
1.02001942731,-1.66034070521
1.02135090111,-1.64203122411
1.02336101751,-1.66699718405
1.02325896773,-1.63173828828
1.02015532535,-1.64085657254
1.02270948382,-1.63063053763
1.02137663872,-1.6425176214
1.02189771247,-1.65082157586
1.0214673866,-1.64514324797
1.02262439808,-1.62349007048
1.01961796595,-1.65588316638
1.02239911242,-1.64352161653
1.02169602898,-1.65057257863
1.02017535752,-1.62977812491
1.02208536821,-1.65709799048
1.0221632086,-1.62277017189
1.01982428063,-1.64203373775
1.02281649085,-1.65105663789
1.02188464702,-1.64359657898
1.02105233662,-1.64305521836
1.01953031105,-1.62057953176
1.02377337731,-1.63918969968
1.02066560138,-1.61439494099
1.02165043808,-1.63707609623
1.02106600467,-1.63016523697
1.02215584682,-1.64289072073
1.02159406073,-1.64528332034
1.02434045819,-1.6181437421
1.02157870902,-1.63168736143
1.02256102377,-1.62726234892
1.02503380132,-1.65544645845
1.02496288947,-1.63126119446
1.02221060057,-1.63715415301
1.02400084071,-1.61189170635
1.02226153686,-1.62659981626
1.02337678949,-1.63503000064
1.02404913268,-1.62624902328
1.02372974099,-1.62579211123
1.02065498244,-1.64096588979
1.02476631371,-1.65415144914
1.02446758241,-1.64666692779
1.02176877265,-1.62271870028
1.02200153831,-1.65546467655
1.02281484097,-1.6267813343
1.02198621714,-1.64582300416
1.0250948966,-1.62472906113
1.02269845659,-1.62291346601
1.02185523338,-1.63909156255
1.02230315551,-1.64493388278
1.02565023873,-1.6398204845
1.02310875583,-1.64038016867
1.02371148238,-1.63723226302
1.02330580866,-1.63491799082
1.02338034775,-1.63915347343
1.02357612518,-1.63990421203
1.02573299989,-1.63510793389
1.0220744248,-1.63762715618
1.02369968778,-1.6293797961
1.02449080563,-1.63255375148
1.02454766485,-1.63448288315
1.02154080411,-1.62736015894
1.02361815463,-1.641184492
1.02183401142,-1.62978896806
1.02366278934,-1.63951970914
1.02374574372,-1.63735428988
1.02195568151,-1.6339618239
1.0205596554,-1.65272137532
1.02492196122,-1.64983861529
1.02321413173,-1.64045113783
1.0224066048,-1.63909561784
1.02206591486,-1.64685795132
1.02291579647,-1.63462025843
1.02075246079,-1.6301173998
1.02434987707,-1.64064707121
1.02214563768,-1.61605922448
1.02147047048,-1.62624527451
1.02197764512,-1.6335905369
1.02354504841,-1.64783947818
1.02062427972,-1.62205367906
1.02255251372,-1.62758227788
1.02185309645,-1.63418997382
1.02289070888,-1.63083464654
1.02221446871,-1.64564642723
1.02420679978,-1.63235573425
1.01961844148,-1.63582703643
1.02276719583,-1.62621485244
1.02353967873,-1.62947798625
1.02364452688,-1.62728795206
1.02200283554,-1.64515462944
1.0238782976,-1.64575104145
1.02260014271,-1.64056052706
1.02339078773,-1.63994166868
1.02286500178,-1.63292435694
1.02269581031,-1.63862187781
1.02212735463,-1.63902594861
1.02542784941,-1.64692247213
1.02212522117,-1.62998796098
1.02265101916,-1.72005476459
1.02265326833,-1.21478339541
1.02378185965,-1.42273344906
1.02110505001,-1.54234100642
1.02461141577,-1.62785486468
1.02267726056,-1.65434119091
1.02266654577,-1.69005533684
1.02245641868,-1.70145006199
1.02565396466,-3.20473150934
1.02177941397,-1.92059180329
1.0229870649,-1.37804796885
1.02234428821,-1.46861915751
1.02128072259,-1.52224129747
1.02310213856,-1.57447351436
1.02384161113,-1.58631253858
1.02062629444,-1.61640391309
1.02234269087,-1.62656390513
1.02282343847,-1.60060445429
1.02262898851,-1.60404192843
1.02075790092,-1.5820402699
1.02460816576,-1.61349427527
1.02127202536,-1.62320580051
1.02266036919,-1.62335378062
1.02273388761,-1.63643345118
1.02224902362,-1.6314301528
1.02251937277,-1.62992861069
1.02532074951,-1.60255523142
1.02297298293,-1.5994076239
1.02312963888,-1.60281183437
1.0242804331,-1.59839898028
1.02343671041,-1.60153892569
1.02275553891,-1.58716668895
1.02581319712,-1.61342073859
1.02256078155,-1.62820684384
1.02158226457,-1.60687273951
1.02290495235,-1.63669106367
1.02555723738,-1.61453690475
1.02210221781,-1.61773318089
1.02313649204,-1.61781693922
1.02069096116,-1.61293212421
1.02137297968,-1.60579902455
1.02333781063,-1.64275905379
1.02363370757,-1.62857780881
1.02105202575,-1.63398640342
1.02300784049,-1.62862037728
1.02281886574,-1.63482638411
1.02410331311,-1.63872977881
1.02285827572,-1.6432256945
1.02385774848,-1.63905799328
1.02270925066,-1.63189715977
1.02489905393,-1.63956838434
1.02417767839,-1.64909100424
1.02235245353,-1.63029674271
1.02226679034,-1.66461162621
1.02591434546,-1.66644266161
1.02449345829,-1.67623901024
1.02575347592,-1.65729255928
1.02498653563,-1.65942603866
1.02556649721,-1.65636853204
1.02548627598,-1.66495199191
1.02906339049,-1.67387382524
1.025849583,-1.66961397825
1.02689393998,-1.67097605424
1.02821248792,-1.66253169068
1.02870980452,-1.66102019437
1.02588590456,-1.67074049312
1.02823163387,-1.66884801435
1.02600016669,-1.66678914047
1.02638317426,-1.65286369204
1.02758134464,-1.67229109979
1.02694730993,-1.65966340227
1.02332302969,-1.67979640157
1.02698512953,-1.67841296893
1.02689372905,-1.65061715656
1.02581243227,-1.65794199234
1.02468799052,-1.659395479
1.02585250358,-1.66199840549
1.02445396875,-1.67229471445
1.02724899095,-1.66301961327
1.02550339195,-1.67217934013
1.0246302796,-1.66244031295
1.0250959028,-1.66835145103
1.02892131763,-1.67493693363
1.0248128164,-1.67263441723
1.02599511917,-1.66504917392
1.02700124189,-1.68352996337
1.02589646723,-1.65765347703
1.02459513374,-1.65928909392
1.02584310116,-1.66679997115
1.02256191656,-1.65521903213
1.02295669783,-1.65394279588
1.02520254722,-1.6698847736
1.02377017512,-1.65255221894
1.02226398084,-1.66133303235
1.0235151294,-1.65232762301
1.0218042112,-1.66741466585
1.02310119602,-1.66596478059
1.02372622691,-1.66298117164
1.02320282407,-1.66432812487
1.01980264889,-1.66927602577
1.02383902238,-1.67817422919
1.02378657219,-1.66393061254
1.0229993125,-1.66130095547
1.02291078616,-1.6927509774
1.02391508052,-1.65591910031
1.02324165896,-1.66843910571
1.02604376639,-1.68059458743
1.0245941723,-1.66203960637
1.02442311498,-1.67922059642
1.02575492567,-1.66709692388
1.02669946665,-1.65680364004
1.0238412583,-1.6612385811
1.02588192976,-1.68632728456
1.02626074454,-1.68870959844
1.02532072109,-1.67614796526
1.02403012909,-1.66760240866
1.02716293675,-1.66843899644
1.02285874124,-1.66473685611
1.02439124099,-1.67124183176
1.02532238225,-1.67791804096
1.0252325112,-1.67625584199
1.02465722969,-1.66139960429
1.02630329201,-1.66489000991
1.02397738962,-1.67455010006
1.02619248388,-1.67107621586
1.02739773619,-1.66847734914
1.02643819778,-1.65561016688
1.02428771034,-1.68586487227
1.02786115002,-1.67681193501
1.0268954124,-1.67237627424
1.02572851785,-1.66965047753
1.02543487968,-1.66705103709
1.02567668522,-1.66556587085
1.02384652404,-1.66449268967
1.02740291013,-1.68395222531
1.02393712568,-1.68358136772
1.02215740569,-1.6671436311
1.02266468561,-1.6601679086
1.02515414645,-1.663625511
1.02240012848,-1.65932383944
1.02378750222,-1.67364166165
1.0207962904,-1.65711016472
1.02241121165,-1.65713050315
1.02348062949,-1.66710696484
1.02491147053,-1.66638461764
1.02063552029,-1.65924892654
1.02266923266,-1.66625410311
1.02368952474,-1.66456631372
1.02441437561,-1.65330099718
1.02283260862,-1.67064608578
1.02426171476,-1.66350481342
1.02166970204,-1.64890204583
1.02380502082,-1.66832278296
1.02530019512,-1.67281246879
1.02431602781,-1.66806740071
1.02165897864,-1.65674972847
1.02662168812,-1.65062694432
1.02418910474,-1.6569185464
1.02400709957,-1.64468541504
1.02382501914,-1.64387278213
1.02384036844,-1.63542538473
1.02297473465,-1.6274048365
1.03173888456,1.23833195854
1.02384338056,-1.9161455545
1.02243206353,-1.38829995285
1.02355095122,-1.33188837181
1.02580580077,-1.44682160934
1.02265931228,-1.54869320029
1.02426856427,-1.61890258473
1.02318140863,-1.66324560043
1.02328968317,-4.85086011089
1.02438730274,-2.00864381387
1.02518425179,-2.06092294872
1.02260231083,-1.8390961102
1.0252874282,-1.74751642405
1.02393681751,-1.70687806803
1.02490356487,-1.66614594979
1.0240240209,-1.67185579914
1.02629728342,-1.68154720643
1.02206699175,-1.51640069327
1.02591780125,-1.71919403758
1.02579326769,-1.65360021419
1.02375908969,-1.66531937485
1.02363288629,-1.66650221947
1.02621304994,-1.6650374954
1.02537401913,-1.66764928784
1.0247779703,-1.67150737058
1.02453546021,-1.65768241236
1.02524380177,-1.68593929075
1.02501070881,-1.65052377983
1.0268612226,-1.675210637
1.0246552044,-1.66428459603
1.02393256448,-1.64620369454
1.02546449358,-1.64861071428
1.02657174916,-1.65993649962
1.02294518842,-1.65385831525
1.02580548354,-1.66672046958
1.02443344757,-1.64362779012
1.0246041951,-1.65929351069
1.02410454914,-1.65871787844
1.02578371083,-1.6703393326
1.02329996632,-1.66891750011
1.02479010716,-1.65415867689
1.02382301519,-1.64968466598
1.02380731485,-1.66606781418
1.02402186184,-1.67104985192
1.02471250366,-1.64752037275
1.02235215921,-1.67841116915
1.02532710611,-1.67909677184
1.02512812955,-1.67006623639
1.02467659471,-1.67715538855
1.02162577379,-1.66610335691
1.02610912527,-1.66955743993
1.02301304454,-1.64895840188
1.02501115637,-1.68083729288
1.02544606586,-1.66038367608
1.02439186668,-1.65381808225
1.0230177074,-1.63104232581
1.02577930626,-1.64170825921
1.02380989954,-1.65855008848
1.02435392019,-1.65417090512
1.02635207605,-1.64937686448
1.02570163814,-1.64852191037
1.02279380956,-1.66033008129
1.02583324151,-1.6622646079
1.02333059403,-1.65138673002
1.02437233634,-1.64559229266
1.02466843045,-1.64044459466
1.02487312892,-1.64372636009
1.02142791474,-1.6554808751
1.02515338251,-1.64894437287
1.02470576928,-1.65852050582
1.02419282219,-1.63776688591
1.02474595457,-1.66058625652
1.02421230559,-1.64830995172
1.02193440357,-1.65676827826
1.02597940814,-1.64547301181
1.02414949285,-1.63728446759
1.0236787414,-1.64365122964
1.02238372259,-1.6656075527
1.02546199022,-1.64777833328
1.02397351615,-1.64725844166
1.02436129837,-1.67662810852
1.02394030357,-1.6566086128
1.02379175822,-1.64914673121
1.02402218434,-1.64903801953
1.02656975067,-1.64385334723
1.02257204992,-1.65840998384
1.02391673775,-1.64625930143
1.02550514227,-1.65592999715
1.02582256887,-1.63580772871
1.02473394326,-1.65657109005
1.02630558119,-1.65532621149
1.02358501699,-1.62750919981
1.0258561022,-1.65450550191
1.02667491108,-1.64306711144
1.02641493825,-1.65249875751
1.02409150017,-1.66369795892
1.02984995493,-1.2846939828
1.03796349426,-1.8780055062
1.03643779812,-1.84249225412
1.03713640943,-1.89083757372
1.03771137867,-1.91213051549
1.03527222321,-1.90958954812
1.03825119369,-1.85465743355
1.0376499358,-1.88434167351
1.0355454762,-1.86742687085
1.03696607767,-1.89282689969
1.03755917269,-1.81658673514
1.03536600404,-1.81629722168
1.03690941348,-1.78024220397
1.03605624128,-1.79706278482
1.03682761705,-1.78086233311
1.0375031633,-1.78331341573
1.04045081987,-1.77657816955
1.03571791046,-1.7912149225
1.03828342461,-1.79506690576
1.04035277394,-1.79069245706
1.04073933598,-1.7957180492
1.03903929006,-1.7771373983
1.04091529928,-1.78967529323
1.03893120328,-1.79930586552
1.04071803946,-1.76767298889
1.0405026134,-1.79186249078
1.03966834225,-1.80260297121
1.03832447988,-1.77589274937
1.04214033206,-1.77126745006
1.04051707332,-1.80150286261
1.04083588555,-1.77422200988
1.03941801868,-1.78646239796
1.04181480837,-1.78818813939
1.03956985996,-1.78830752925
1.04271675028,-1.77516230669
1.04149225252,-1.78819491263
1.03938946127,-1.7867281496
1.04044875749,-1.78731119681
1.0424904173,-1.79319435704
1.03964972943,-1.77315152905
1.04178610445,-1.78925267713
1.03968497748,-1.78752426371
1.04064601877,-1.77679899325
1.04159157681,-1.79448756394
1.04189766759,-1.7745040598
1.03901751443,-1.79722190469
1.04068284597,-1.78643437997
1.04138619058,-1.79778180156
1.04068320243,-1.78177861474
1.03740063852,-1.77808837114
1.04123024148,-1.79101789201
1.03732818346,-1.78397037842
1.03972090222,-1.76615700583
1.03928349226,-1.78456308213
1.03780566581,-1.77164147968
1.03694925092,-1.7806482819
1.03922986929,-1.78002545229
1.03740864166,-1.76808422116
1.03821698119,-1.77276798381
1.03697237042,-1.78783531122
1.03585778306,-1.78266633522
1.03493442823,-1.78575045233
1.03761294707,-1.77319256786
1.03587514396,-1.78215721699
1.03440684761,-1.77911994406
1.03550285112,-1.79431777708
1.03701574739,-1.77443596025
1.03509372898,-1.7890734312
1.03649601137,-1.78426735009
1.0348456426,-1.76629679002
1.03481995339,-1.77574455429
1.03613113852,-1.78231419181
1.0376113349,-1.78870585021
1.03303335714,-1.78717103109
1.03535880165,-1.76953723473
1.03639475665,-1.7878025097
1.03657272762,-1.77271573079
1.03491224448,-1.77308234365
1.03588650724,-1.75063487634
1.03434144363,-1.76899505982
1.03711280548,-1.75910885352
1.03722571444,-1.77219996457
1.03524588461,-1.77210914858
1.03396599563,-1.78662946691
1.03775542116,-1.77929556548
1.03625050928,-1.7764139531
1.03712241962,-1.7703522127
1.03631498572,-1.77674793982
1.03552875354,-1.77263418906
1.03499651615,-1.76841086913
1.03870060076,-1.76038486539
1.03547426542,-1.77372602738
1.03574031447,-1.77356321679
1.03576022229,-1.7718358715
1.03791585702,-1.78141552905
1.03514825374,-1.77347500879
1.03715923263,-1.77628249486
1.03408933103,-1.77411528897
1.03535158433,-1.78011967955
1.03734062368,-1.78185956197
1.03764804036,-1.78192642133
1.03338196134,-1.7928581955
1.03516859874,-1.77203577879
1.03614608541,-1.79058613345
1.03623111855,-1.77236351649
1.03589467831,-1.77624652791
1.03520803274,-1.76483841085
1.03331291985,-1.76152155062
1.03688743221,-1.772923727
1.03526193748,-1.76421032862
1.03517227039,-1.76736393036
1.03451216264,-1.77339788166
1.03827359872,-1.77818357657
1.03443692004,-1.77202583774
1.03538668044,-1.76371272372
1.03598268126,-1.77953389923
1.03594317581,-1.7703316999
1.0359312184,-1.76235676429
1.03670089846,-1.77682589883
1.03485159832,-1.78442759085
1.03529675484,-1.75897748466
1.03647824468,-1.75467169037
1.03664387325,-1.77148364667
1.03586516278,-1.76616540427
1.03679476402,-1.77287724602
1.033066427,-1.7493310104
1.03618895198,-1.77868261511
1.03586881477,-1.76275309623
1.03650778979,-1.76146844815
1.033164226,-1.78461802776
1.03702252366,-1.7879262191
1.03544272861,-1.76963534935
1.03548947673,-1.77200991315
1.03450092549,-1.79045311072
1.03588727485,-1.77247788555
1.03393148264,-1.7728667146
1.03587177478,-1.79122667206
1.03428562649,-1.77358442936
1.03362666586,-1.77110266728
1.03486581328,-1.76740824068
1.03609905563,-1.7860244884
1.0338618644,-1.78445850137
1.03451907292,-2.31040565575
1.03452930346,-1.32680033922
1.0346669485,-1.55391739761
1.0334097711,-1.68742690588
1.03693541811,-1.74977917966
1.0341336927,-1.78785918977
1.03530268844,-1.81459474981
1.03505785032,-1.82429513191
1.03650216599,-2.27438320459
1.03621019492,-2.23758668303
1.03701276008,-1.66809563772
1.03573510194,-1.65248485264
1.03782489118,-1.67950726982
1.03855648015,-1.70542070453
1.037900556,-1.71193054992
1.03586008268,-1.72290198646
1.03972830775,-1.75122400736
1.03768470649,-1.74662416691
1.03794908771,-1.75366613216
1.03631756289,-1.70389361592
1.03755371759,-1.74876314335
1.03492875291,-1.74063983521
1.03855673734,-1.73242530746
1.03721858354,-1.76251547232
1.03492317305,-1.76119403472
1.03552058224,-1.74157751604
1.03738096463,-1.73367366345
1.03636277444,-1.73560531538
1.03783455681,-1.73528258232
1.03578304698,-1.73326169244
1.03536916789,-1.73922075526
1.03630413406,-1.7137707023
1.0390331969,-1.74229306147
1.03638878733,-1.74289657991
1.0370237165,-1.74360033145
1.03732800122,-1.75812482434
1.03682926365,-1.73697642583
1.03725615482,-1.75124596789
1.03812839975,-1.74730064336
1.0346899161,-1.74721715047
1.03678330649,-1.73441534638
1.03736204412,-1.76431852945
1.03583188177,-1.77444477375
1.0336132989,-1.75971952502
1.03577293405,-1.76249011211
1.0344096061,-1.75446909623
1.0353787051,-1.7482749731
1.03492537444,-1.75312894364
1.03389976903,-1.77792105514
1.03215723255,-1.78077275574
1.03670971366,-1.76884231223
1.034525005,-1.75606537622
1.03297343906,-1.78196052552
1.03415973157,-1.7776892146
1.03497178284,-1.77464717445
1.0330118635,-1.78498398357
1.03447951866,-1.7829702315
1.03370061738,-1.78125454459
1.03386820523,-1.77855095136
1.03404679101,-1.7743935684
1.03472239215,-1.79020867674
1.03186010503,-1.77180623412
1.03418271197,-1.78622629676
1.03439219695,-1.79339236174
1.03525495814,-1.77596494456
1.03392348261,-1.78103061237
1.0354318093,-1.79222034204
1.03239235494,-1.77345221132
1.03507315813,-1.76190366935
1.03633899562,-1.78945696774
1.03447925512,-1.77789932286
1.03229680438,-1.77637003325
1.03579867818,-1.79132729199
1.034524981,-1.76609429669
1.03547331679,-1.78922044686
1.03409369995,-1.77426198247
1.03507001292,-1.79332856019
1.03451366425,-1.78357681676
1.037094289,-1.78112971288
1.03372856144,-1.79236049099
1.03399789254,-1.78000167442
1.03551246821,-1.79496445436
1.03720174724,-1.78690720679
1.03378963903,-1.80418180419
1.0355698039,-1.78725992806
1.03464967043,-1.79227383902
1.0337761294,-1.77782307529
1.03507431935,-1.76347056596
1.03647270426,-1.78972047038
1.0329814694,-1.76620587401
1.03467648274,-1.77194235289
1.0341017718,-1.78748948411
1.03443781966,-1.79301857884
1.03585022027,-1.77021524834
1.03562246618,-1.77999946378
1.032719462,-1.78922246622
1.03527410568,-1.77894914854
1.03544624594,-1.77181225346
1.03447152186,-1.7909226821
1.03306775539,-1.78344339832
1.03649961728,-1.78388594846
1.03470102279,-1.8044162521
1.03573648155,-1.77674475218
1.03488582815,-1.77937226597
1.03425940065,-1.79153366431
1.03525050342,-1.78844971067
1.03731261391,-1.77481300844
1.03441773813,-1.79018090335
1.03470718978,-1.79332979053
1.03569959526,-1.78095986159
1.03529646079,-1.76661047984
1.0346861936,-1.78908835663
1.03601298478,-1.78714579813
1.03389486854,-1.79933406727
1.03369439709,-1.78756664636
1.03536958038,-1.79002325923
1.03623492783,-1.7897065144
1.03339729636,-1.78135625581
1.03477921614,-1.80416839831
1.03370784185,-1.78208403057
1.03439329018,-1.77814149227
1.03462008787,-1.78973557827
1.03446746773,-1.77174978271
1.0326177,-1.77514782514
1.03601021931,-1.79221452005
1.03471573529,-1.77354324007
1.0341849177,-1.78916881083
1.0323163497,-1.78013974855
1.0353671465,-1.79056357197
1.03405588357,-1.77723801592
1.0356772083,-1.80132090808
1.03334348329,-1.78100160408
1.03277120654,-1.77595558959
1.0338753854,-1.77854761123
1.0367719242,-1.77030433383
1.03358418951,-1.78695579124
1.03424983029,-1.78601982372
1.03417067491,-1.78395468361
1.03588345621,-1.77887649152
1.03459138599,-1.77806196029
1.03740194823,-1.78068263768
1.03310380774,-1.7750109282
1.03432579517,-1.79520467793
1.03510791547,-1.77424961289
1.03524861109,-1.7792094129
1.03305436104,-1.78993404029
1.03550616967,-1.78763154303
1.03418877884,-1.77849259252
1.03424210282,-1.79283611219
1.03510101632,-1.80676667592
1.03429870485,-1.78762163664
1.03241091065,-1.78982248155
1.0356056401,-1.79709028596
1.03457419111,-1.79055935209
1.0334322052,-1.76522850868
1.03225627599,-1.78063974734
1.03328808164,-1.75526472691
1.03361202627,-1.76834818004
1.0357091081,-1.76899175691
1.03371284547,-1.77723092588
1.03297812184,-1.75665995914
1.03377007051,-1.74571307543
1.04105252988,0.798138907937
1.03256597911,-1.8595390058
1.03409467465,-1.49103361983
1.03530658104,-1.4764035988
1.03549198451,-1.56901388218
1.03459144495,-1.68273326826
1.03540000579,-1.73859984641
1.03420700749,-1.77917165989
1.03581695386,-4.54960926207
1.03577912889,-2.23792583359
1.03487871017,-2.14205079771
1.03338155017,-1.92445088017
1.03674556231,-1.86491661324
1.03401854986,-1.82428369207
1.03547958141,-1.78322430262
1.03531005027,-1.7843446098
1.03526272744,-1.79759624171
1.03334116285,-1.73278639275
1.03768722304,-1.81778364438
1.03609946611,-1.77492513997
1.03543224529,-1.79748940085
1.03409711258,-1.78587829298
1.03654560689,-1.78417534096
1.03452638654,-1.77190022222
1.03612648728,-1.77293241698
1.03450484494,-1.777937787
1.0346804916,-1.77393826521
1.03618575638,-1.76799956293
1.03636302457,-1.78546857662
1.0328200483,-1.79290798647
1.0351689517,-1.78274879666
1.03545332083,-1.77941944417
1.03621073377,-1.78833274955
1.03491212639,-1.77058290177
1.03647487147,-1.7796882358
1.0337243178,-1.78584144506
1.03489642622,-1.7909210824
1.03515604295,-1.77553769994
1.03500798134,-1.78110836642
1.03444960927,-1.77286701864
1.03649017022,-1.79333864086
1.03415735939,-1.77787241506
1.03607392686,-1.78530339003
1.03626595496,-1.77348345214
1.03589532045,-1.78738628312
1.03349604018,-1.77855158508
1.03678455755,-1.79446226083
1.03447639551,-1.78067993469
1.03345649738,-1.79325172267
1.03491300473,-1.77118997154
1.0356134816,-1.79048882296
1.03359294154,-1.78050968445
1.03468760117,-1.7669640201
1.03384742354,-1.77191093467
1.03355085204,-1.773428537
1.03476265824,-1.75518276228
1.03557885958,-1.76879430568
1.03162959105,-1.7729742687
1.03407275287,-1.77529084507
1.03300823336,-1.77458791332
1.03422444969,-1.76781609807
1.03385983703,-1.77922257978
1.03506855081,-1.7871182998
1.03134314815,-1.77141207648
1.03349943146,-1.7786974263
1.03486825209,-1.77336556098
1.0329705014,-1.76462750155
1.03247149094,-1.77981715736
1.0339280756,-1.77376567808
1.03268146026,-1.78295223136
1.03434324314,-1.76151782685
1.03392126569,-1.76658469632
1.03350233062,-1.76503692665
1.03196394843,-1.76915723593
1.03580675595,-1.76862961778
1.03343738549,-1.78147561985
1.03254473591,-1.7541215402
1.0336141671,-1.7742403808
1.03319794926,-1.76707326001
1.03274363694,-1.75811304037
1.03507464581,-1.76558885341
1.03243488538,-1.76191321759
1.03167869989,-1.76913833582
1.03379243487,-1.76527051288
1.03423762967,-1.75664635758
1.03164774458,-1.77631517873
1.03290710709,-1.76200374456
1.03278196239,-1.75997600383
1.03372312462,-1.76873491183
1.03318717376,-1.78140072438
1.033224314,-1.77157048668
1.03093623926,-1.76827516726
1.03492743325,-1.77013946689
1.03356968094,-1.77307202502
1.03339526205,-1.77295026219
1.0323162599,-1.76688345414
1.02560761147,-1.32063085656
1.03266608944,-1.79026400216
1.03442415585,-1.69826581493
1.03297862381,-1.71468962095
1.03266333629,-1.72627243529
1.03198700285,-1.71477332874
1.03500950408,-1.71945818131
1.03330486872,-1.73684467933
1.03264512303,-1.7086650909
1.03297145777,-1.74398357649
1.03342368965,-1.72169967013
1.03298806925,-1.72645729209
1.03466002367,-1.68829069461
1.03165084914,-1.69595041295
1.03280019739,-1.6951352985
1.03332463528,-1.70278962561
1.03415405915,-1.69993402319
1.0308210622,-1.69804296291
1.03303989222,-1.66897933927
1.03328792268,-1.7082949864
1.03309829683,-1.70891240949
1.03174096708,-1.70705856855
1.03215649135,-1.70400378854
1.03126103653,-1.71029186257
1.03343916592,-1.6996819819
1.03282625549,-1.69787860272
1.03228559289,-1.70784323346
1.03139102925,-1.70539930799
1.03328304094,-1.71679507691
1.03015400056,-1.70919404551
1.03368283351,-1.71210911772
1.03303591501,-1.72344648765
1.03221597702,-1.71504849725
1.0307858215,-1.69273911006
1.03441017663,-1.69631888506
1.0321147088,-1.70612910011
1.03352702356,-1.70892305504
1.03326262514,-1.69876192375
1.03426951131,-1.72249025028
1.03348519037,-1.71130783407
1.03545317407,-1.68872680157
1.03358259405,-1.70118503555
1.03500512489,-1.70328378954
1.03676536826,-1.71890243548
1.03680848692,-1.70707602327
1.03462091282,-1.71539063377
1.03766382398,-1.70619819577
1.03702305353,-1.71580965347
1.03748831752,-1.69731643958
1.03749376209,-1.70658749984
1.03566383142,-1.68935678041
1.03514911653,-1.72137048294
1.03737869883,-1.70347459194
1.03692243534,-1.71647902309
1.03602597816,-1.72148602411
1.035162386,-1.70810114212
1.03629000818,-1.68777802067
1.0358195345,-1.7173454805
1.0384269995,-1.69874974746
1.03665010733,-1.7067246116
1.03616865089,-1.69018034239
1.03684036068,-1.70525853483
1.03892951362,-1.70351954121
1.03650108599,-1.70956220743
1.03565876689,-1.69313272731
1.03604532201,-1.71064443418
1.03622445634,-1.69148906639
1.0360219548,-1.67815059293
1.0363412145,-1.68780295947
1.03360624075,-1.67919766432
1.03551567035,-1.68570027784
1.0373515372,-1.70007516358
1.03718313148,-1.71241008304
1.03259373204,-1.68803404426
1.03417700817,-1.68491374424
1.03258404762,-1.69127041581
1.03503623177,-1.69257594111
1.03420952561,-1.68745269172
1.032300773,-1.69400293706
1.03127235904,-1.70304804256
1.03538746719,-1.68598751293
1.0338018876,-1.69498370842
1.03445891515,-1.69296264942
1.03518031939,-1.69694867083
1.03673567887,-1.68794152017
1.03475401918,-1.71177084102
1.03652183929,-1.68833545245
1.03514930664,-1.70842370578
1.0345310241,-1.68713071384
1.03393240117,-1.69493626392
1.03572069903,-1.68301792422
1.03198053365,-1.69114527008
1.0340468639,-1.69869926579
1.03257667141,-1.70822067409
1.034040433,-1.68779570617
1.03381159995,-1.69412353254
1.03588127166,-1.69438895803
1.0308339599,-1.69149626657
1.03413068411,-1.69883548064
1.03567359044,-1.69362522662
1.03456340958,-1.69756129621
1.03311263505,-1.70353598786
1.03505332729,-1.69724650715
1.03383467194,-1.70724316626
1.03661065708,-1.69864787975
1.03498271417,-1.70038215081
1.03467815238,-1.68946478687
1.03508656929,-1.68077666603
1.03810229597,-1.69734579188
1.03394286268,-1.69759374195
1.0335116203,-1.70427403068
1.03426661157,-1.7063655277
1.03479811831,-1.68424514779
1.03232787571,-1.68105487739
1.03316412373,-1.68623788896
1.03123473836,-1.6926383498
1.0306450266,-1.70306334069
1.03070366716,-1.7063844183
1.0314383371,-1.69351342084
1.02906118856,-1.68304005226
1.0316858067,-1.69691514613
1.03057965624,-1.71034360208
1.0304725192,-1.71283465603
1.03270006634,-1.7121312973
1.03270733928,-1.6850501627
1.03032973279,-1.69572224344
1.03360439202,-1.69016249211
1.03323316048,-1.70387234912
1.03248771037,-1.69802929312
1.03068132139,-1.69259365524
1.03294200365,-1.68586495294
1.03175055104,-1.7168450131
1.03306710897,-1.6613235565
1.03230287583,-1.69938097438
1.03158392076,-1.68938730559
1.03111647217,-1.69366108989
1.03410794172,-1.69908258867
1.0319811981,-1.69623412211
1.03361966058,-1.72000020198
1.03291796883,-1.70164644915
1.03275410875,-1.69431437526
1.03154007557,-1.68548956272
1.03444981075,-1.82591789137
1.03181839061,-1.30588499312
1.03212302736,-1.49353864458
1.03233335733,-1.58770852303
1.03280922565,-1.64368804893
1.0308178232,-1.69420474766
1.03274038973,-1.73308848971
1.03237188088,-1.73576710791
1.03300588455,-2.98619075581
1.03216966872,-1.93909396531
1.03226456335,-1.52791145742
1.02983286915,-1.57661555531
1.03277248452,-1.60708034029
1.03194495615,-1.66350178332
1.03180313461,-1.67216900841
1.02951630968,-1.67916897895
1.03101653864,-1.66257864801
1.03011226717,-1.64422991469
1.03223960376,-1.65943201831
1.03164987264,-1.67561989541
1.02997437784,-1.68090986892
1.02916237497,-1.68622652064
1.03259996475,-1.67161002128
1.03071436716,-1.70589308346
1.03148935856,-1.67974599985
1.03042087796,-1.69681193694
1.03190964038,-1.70242558394
1.03095090655,-1.69253674723
1.03350735732,-1.68005672198
1.03003260567,-1.69753049088
1.03058245386,-1.6819782006
1.03215820975,-1.68411716658
1.03186814496,-1.69136260619
1.0291652135,-1.69139315021
1.0319557749,-1.69281763598
1.03066441243,-1.67881583115
1.03097472968,-1.69270532762
1.03286846477,-1.68925888134
1.03200975047,-1.69301024274
1.02889725943,-1.69275865978
1.03070384984,-1.68655478933
1.03169729676,-1.68777315297
1.03053556336,-1.66293392108
1.02863776159,-1.68516968732
1.03007829756,-1.68540419756
1.02873133529,-1.68979836676
1.03182290798,-1.70020883887
1.02976886008,-1.69511506321
1.02957808052,-1.68100625006
1.02986186759,-1.69060443321
1.03367722603,-1.69002246579
1.0294946925,-1.68788688307
1.02990915828,-1.70245225288
1.0303791359,-1.69472185152
1.0317854661,-1.68988193955
1.03096239203,-1.69221155555
1.03169811218,-1.69621819819
1.02958709063,-1.67977964478
1.03100228659,-1.69318977164
1.03209342783,-1.69798327249
1.03210572272,-1.70700374562
1.02961999218,-1.68063395117
1.0318910432,-1.69541766929
1.03014325296,-1.68665052898
1.03106312447,-1.68318792954
1.03177337583,-1.69160287742
1.03152215932,-1.69562342383
1.02833014522,-1.69734191011
1.03233538224,-1.68856591423
1.03106640368,-1.68526794776
1.03099910746,-1.70406243641
1.02966641966,-1.68763906946
1.03094056739,-1.6940985565
1.03027833456,-1.68960133011
1.03180860942,-1.69773376917
1.02937750191,-1.69818605644
1.02915470482,-1.67879452756
1.03100009252,-1.71229889879
1.03238730747,-1.67862798209
1.02898824177,-1.7068448391
1.03032921692,-1.69485695014
1.03055995223,-1.69797431001
1.03162730823,-1.70059063403
1.0305807765,-1.69935705454
1.03371280967,-1.69866863671
1.03028201155,-1.69943555703
1.03168961066,-1.70288554499
1.03100920533,-1.68684046264
1.0313828266,-1.69665470182
1.03056157144,-1.69266837135
1.0328675178,-1.6846490276
1.03097942572,-1.69694098556
1.03251416339,-1.69788553707
1.03289360514,-1.69967839111
1.03212945702,-1.69287093374
1.03004174132,-1.69631219718
1.03348791824,-1.68029689703
1.03063119568,-1.68685653742
1.03082602353,-1.69370523502
1.0316374888,-1.6782900062
1.03207130503,-1.69452609124
1.03099394618,-1.71306049533
1.03373619014,-1.67874915618
1.03156060213,-1.69285636719
1.03146431966,-1.69661223807
1.03273458057,-1.68989891984
1.03478840144,-1.69246961654
1.03174199893,-1.68961157252
1.03385749169,-1.69560852352
1.03164684823,-1.68636743423
1.03265999766,-1.68359522115
1.03359600093,-1.70737909723
1.0335523898,-1.66359894313
1.03161945742,-1.69179866552
1.0333003923,-1.69196571574
1.03437038452,-1.69796221182
1.03344187532,-1.69433402025
1.03242101569,-1.69951609111
1.03385170814,-1.68825294448
1.0333440836,-1.69581155146
1.0356515135,-1.68944878068
1.03484315132,-1.69092984176
1.03357954841,-1.70182232199
1.03200361935,-1.69406264329
1.03674162595,-1.68607096915
1.03516859573,-1.70177747337
1.03607621567,-1.68805314434
1.03426837209,-1.68773946392
1.0339624663,-1.68120915779
1.03463824049,-1.68983841888
1.0382941707,-1.69385662842
1.03491064994,-1.68647989303
1.03322730688,-1.67532596035
1.03513015266,-1.6985448765
1.03639223522,-1.69009098044
1.03392253529,-1.70862253942
1.0348247898,-1.69111012493
1.03336363484,-1.6733793372
1.03465128132,-1.69590102646
1.034864673,-1.69232126462
1.03476615824,-1.69373099206
1.03195959038,-1.6882805436
1.03618327705,-1.6833571354
1.03405793037,-1.68109744572
1.03468688495,-1.69538597077
1.03340395253,-1.68133297793
1.03546483111,-1.689416532
1.03317118929,-1.69800925118
1.03602969142,-1.68732762267
1.03555490443,-1.68212831827
1.03381230543,-1.67654465293
1.0333552226,-1.68374246987
1.03602935688,-1.67826934224
1.03531525253,-1.6897310287
1.03560146623,-1.67458802572
1.03477317612,-1.68064945643
1.03551398214,-1.68297397976
1.03503798089,-1.67512642537
1.03700982235,-1.68368214284
1.03334812053,-1.6770843854
1.03465682394,-1.6754936742
1.03582113032,-1.67346232233
1.04080223428,0.791081605154
1.03331824049,-1.75831608994
1.03517384179,-1.41384284633
1.03484874021,-1.42909812994
1.03487127679,-1.51494608912
1.0352460936,-1.597188733
1.03595686105,-1.66426093258
1.03255062884,-1.69874372308
1.036399355,-4.39541040411
1.03490401611,-2.16001451072
1.03454661903,-2.04965863851
1.03564799734,-1.86509325461
1.03583831647,-1.79006286739
1.03418969379,-1.75666683869
1.03637286196,-1.71044170573
1.03605246394,-1.70319173548
1.03496346171,-1.69035281615
1.03445968744,-1.70867861707
1.03725510672,-1.69165722369
1.0347645027,-1.6805428642
1.03565607794,-1.6779779481
1.03588857765,-1.6807716387
1.03517247026,-1.67000659894
1.0357859822,-1.6856509801
1.03756519831,-1.68336010241
1.03488854231,-1.68872650046
1.03588077954,-1.67773302003
1.03665412763,-1.6800885803
1.03672256331,-1.67839415478
1.03441426385,-1.68121939673
1.03693870296,-1.69038729551
1.03473219223,-1.69801383801
1.03511265012,-1.66665915234
1.03682549318,-1.69228875171
1.03632003463,-1.67527136694
1.03412733743,-1.67261662003
1.0356106238,-1.67472972479
1.03493326648,-1.69239258956
1.03334033191,-1.67167229411
1.03481314545,-1.69893815084
1.03621758164,-1.69130136032
1.03289507925,-1.68559514517
1.03577231261,-1.68343850513
1.03321397998,-1.67472542093
1.0337366393,-1.6907526693
1.03349103143,-1.66369660965
1.03656199229,-1.68901664502
1.03457646743,-1.68626891825
1.03461520558,-1.70168506488
1.03450239691,-1.68657904295
1.03399615394,-1.67135814171
1.03555701741,-1.68940119312
1.03740780489,-1.6858164799
1.03319117756,-1.68462280629
1.03460583858,-1.69452594128
1.03587661373,-1.7015198094
1.03609561923,-1.67992495418
1.03395707879,-1.66908638824
1.03634111556,-1.69607273256
1.03296814419,-1.6921807428
1.03534878838,-1.67771907563
1.03618541428,-1.67552980539
1.034756316,-1.67899286731
1.03290636633,-1.68564740547
1.03609114086,-1.67460402047
1.03493561877,-1.67109132105
1.03367012757,-1.67276361295
1.03439285614,-1.69552936726
1.03521155436,-1.68415357668
1.03326175131,-1.67058741388
1.03566673555,-1.6882010942
1.03539533327,-1.69390549605
1.03334881914,-1.68394814769
1.03376887717,-1.69586799056
1.035861015,-1.68951711703
1.03405769335,-1.68522719441
1.03564273994,-1.67907741533
1.03364338099,-1.69372784735
1.03427071475,-1.68124117191
1.03572838602,-1.69511502861
1.03625383689,-1.67879080807
1.03241899323,-1.674627089
1.03489801771,-1.67828124139
1.03704224623,-1.68996929727
1.03572057845,-1.68983627709
1.03453624164,-1.68791751518
1.03523914455,-1.69516833819
1.0344137496,-1.69063317852
1.03756079858,-1.66891930149
1.03627666222,-1.69975750385
1.03493840938,-1.68364449357
1.03463428236,-1.68290295955
1.03773618392,-1.66160755921
1.03527354834,-1.69387433556
1.0361339075,-1.69770640962
1.03572946037,-1.68157680041
1.02128477777,-1.33643602335
1.02876972741,-1.78482516795
1.03124694547,-1.7699115469
1.02970030455,-1.77077218987
1.02892125251,-1.77415652263
1.02950547736,-1.77508724119
1.03083965603,-1.7779226737
1.02952420929,-1.79376685218
1.02953941122,-1.75329308035
1.02705778517,-1.67460416597
1.02950823599,-1.7148640861
1.03082340372,-1.70720667176
1.02957627432,-1.66345494119
1.02689350322,-1.67323530676
1.03032990046,-1.69458483587
1.03121034815,-1.70246262551
1.03038345779,-1.69310556582
1.02812016874,-1.71493746959
1.03008874748,-1.68205697061
1.02876382256,-1.70074365668
1.03092600495,-1.69958632213
1.031298096,-1.71400611476
1.02985890302,-1.69106426594
1.02911276964,-1.70435872127
1.03242900484,-1.68909585602
1.02970976261,-1.6750555133
1.0314125589,-1.69150923595
1.0312264822,-1.68525764513
1.03122032365,-1.70810191504
1.03033227114,-1.70281227296
1.03298269553,-1.68260563211
1.03024100113,-1.68978217507
1.02990147527,-1.69250025331
1.03114806741,-1.70239585935
1.03158122742,-1.68504787761
1.02956733912,-1.68939240605
1.03129705708,-1.69083623857
1.02980596649,-1.68928116596
1.030053088,-1.70158274779
1.03080364094,-1.69734729512
1.0317326059,-1.68894361817
1.02834268177,-1.69268952347
1.03138347181,-1.68378910745
1.03104037841,-1.68461113906
1.03117484721,-1.68807612067
1.03050161068,-1.69532231688
1.03138795639,-1.70214724535
1.03031025123,-1.68096454482
1.03263108726,-1.70862234372
1.03190741757,-1.69236172456
1.03094353964,-1.68730996259
1.03031721441,-1.69151274545
1.03298383542,-1.6703334127
1.03135384432,-1.69128055182
1.03169223152,-1.67699457285
1.03153663156,-1.67746049072
1.03255545884,-1.69132662622
1.03190638836,-1.69134892136
1.0345759297,-1.68474938852
1.03100542062,-1.68432725603
1.03046634394,-1.67492188974
1.03219042978,-1.69981442205
1.03260416653,-1.68795094106
1.03180787214,-1.70124126597
1.03249739357,-1.68222552119
1.03068996295,-1.68037262503
1.03110690184,-1.68251450185
1.03314204854,-1.67766763159
1.03370924038,-1.6931380287
1.02911576065,-1.68473492125
1.03163586999,-1.68939464104
1.03166377055,-1.67723686417
1.03276694953,-1.66707208789
1.03275548058,-1.69240012523
1.03382954453,-1.68587431457
1.0323154997,-1.6899572773
1.03799143716,-1.68383945866
1.03647075126,-1.69153794782
1.03638307574,-1.68727502929
1.03645302609,-1.67897354656
1.03984486648,-1.67140678544
1.03661675494,-1.6841349085
1.03713630094,-1.66659637992
1.0377542012,-1.67579834232
1.03636538629,-1.68541329867
1.03681917294,-1.69471037036
1.03874377002,-1.69281039056
1.03566799689,-1.67731431458
1.03555069233,-1.69329924634
1.0365030463,-1.68490926338
1.03730897336,-1.66727224202
1.0368451626,-1.68782481182
1.03853658163,-1.68267732494
1.03616059523,-1.67826791045
1.03707254094,-1.6738896034
1.03799828471,-1.66975978302
1.03923618726,-1.67458614883
1.03568471729,-1.66187400391
1.03969494784,-1.677378477
1.03971689531,-1.68644400783
1.03827180645,-1.67278157591
1.03777468782,-1.68159522668
1.03818359098,-1.66708329625
1.03708391064,-1.68616696841
1.03952803971,-1.6784922714
1.03539477787,-1.67342481085
1.03392565377,-1.67387719605
1.03538879235,-1.67893630216
1.0361441439,-1.67913654019
1.0318009059,-1.68549696768
1.03438254245,-1.69771673104
1.03427177423,-1.67590937665
1.03347983453,-1.6825037188
1.03398003078,-1.68854481881
1.03616459738,-1.68297535796
1.03283222693,-1.66875138837
1.0344250113,-1.67091052029
1.0348555456,-1.6886436973
1.0340211894,-1.68469796526
1.03409554339,-1.67103367012
1.03595257447,-1.67261259669
1.03347040933,-1.67563509756
1.03540661472,-1.68030309448
1.03594976705,-1.66593555626
1.03465919671,-1.70385414358
1.03295911874,-1.68570477957
1.03509829616,-1.66017216087
1.03471041199,-1.70010336902
1.03350849575,-1.68781961986
1.03444663435,-1.66956776009
1.03295526909,-1.67021345543
1.03235256973,-1.69723418995
1.03447499542,-1.67980486165
1.03321762549,-1.6932683437
1.0331931729,-1.68268196312
1.03319653367,-1.6691320982
1.0340220672,-1.67012174946
1.03143134675,-1.68633428793
1.03418568873,-1.68437234763
1.03218359138,-1.67212228223
1.0329662133,-1.66793407643
1.03413269482,-1.68982456183
1.03384813429,-2.23682089718
1.03191166456,-1.27720880283
1.03241563205,-1.4894393952
1.03428683525,-1.59799895219
1.0334263336,-1.66022800691
1.03256373059,-1.68712029442
1.03433956101,-1.72913561333
1.03162963639,-1.72685087139
1.03500310565,-2.47382612799
1.03483835394,-1.91831395008
1.03341613918,-1.48530725137
1.03150119635,-1.55137176063
1.03486759931,-1.59819191742
1.03381439235,-1.64864871646
1.03490421472,-1.65322519862
1.03423351391,-1.66190389579
1.03157059722,-1.62380757985
1.03143487419,-1.61778119375
1.03523586082,-1.65210120137
1.03346888145,-1.66117504654
1.03152834495,-1.67824253254
1.03274960091,-1.64653939854
1.03413948497,-1.66028769607
1.03147933347,-1.65122186467
1.03289121107,-1.6779566556
1.03142582429,-1.67088353914
1.03250617692,-1.67820171128
1.03294521608,-1.6708662504
1.03419136962,-1.67011658571
1.03057950051,-1.67658073719
1.03286879582,-1.67609903246
1.03275584669,-1.67874005359
1.03272269931,-1.67229687966
1.03263584435,-1.67721303782
1.03366842588,-1.66423640093
1.03094707405,-1.6793409631
1.0339480485,-1.66934887365
1.03464644522,-1.66721251019
1.03268233879,-1.67305785307
1.03186473533,-1.67149336688
1.03495174974,-1.67969583344
1.03455368671,-1.68546869757
1.03446584339,-1.67331211758
1.03270929655,-1.65886744355
1.03232035455,-1.66245344464
1.03382531175,-1.66803424923
1.03574554537,-1.65492570735
1.0318687707,-1.68082872547
1.03240944925,-1.67578494269
1.03461503568,-1.67374284012
1.03496314486,-1.68040256879
1.03216447151,-1.67601842187
1.03370072332,-1.66329829709
1.03309780195,-1.68422966219
1.03338770227,-1.67132319985
1.03406855322,-1.67731133265
1.03502004054,-1.67956234224
1.03193936813,-1.68320238942
1.03373602311,-1.67779932601
1.03321734168,-1.67450849333
1.03244211262,-1.66249465548
1.03350156663,-1.65850083672
1.03381214553,-1.66773490964
1.0314151797,-1.65303468649
1.03475369331,-1.67969916897
1.03492552714,-1.66773883745
1.03217971703,-1.68648399591
1.03187119392,-1.67510813702
1.0355870781,-1.68048495058
1.03382170713,-1.67548085254
1.03441653028,-1.67153958833
1.03283602195,-1.66917951248
1.03304249569,-1.6776772362
1.03295059136,-1.65729015959
1.03577264576,-1.67826142762
1.03397543286,-1.69083360391
1.03474399241,-1.67320019282
1.03548800467,-1.67933726464
1.03492309071,-1.67149117814
1.03322170419,-1.6769969706
1.03569648455,-1.68384745167
1.03299445173,-1.65408657047
1.03442273692,-1.67907449737
1.03508484361,-1.65873449268
1.03418749194,-1.66719375464
1.03302459137,-1.68037270148
1.03496259321,-1.67079583075
1.03344850306,-1.66462517799
1.03371337248,-1.67387025077
1.03392944703,-1.68447417958
1.03409110023,-1.66056692059
1.03186482163,-1.66203488049
1.03556431181,-1.68023022033
1.03400163677,-1.68561627288
1.03232717099,-1.67437727116
1.03280434985,-1.67793982372
1.03508613,-1.66641170929
1.03344661214,-1.65540075732
1.0348211392,-1.66452647026
1.0341715919,-1.67812463744
1.03277060919,-1.67145228902
1.03388368574,-1.66666501892
1.03641706335,-1.67198972916
1.03307749742,-1.66440661038
1.03430703382,-1.68604809132
1.03496770772,-1.67110555602
1.03603885591,-1.68414522476
1.0342430744,-1.6855960142
1.03488745797,-1.67539901286
1.03249156034,-1.66893307272
1.03480668704,-1.67950759383
1.0371675878,-1.6744988197
1.03351725436,-1.66976689725
1.03155507345,-1.67398545792
1.03478170286,-1.69352101982
1.03338383019,-1.67705237281
1.03326190001,-1.6718237983
1.03379892477,-1.65463166956
1.03330647754,-1.67605942612
1.03131720077,-1.69191475501
1.03545500733,-1.65914198312
1.03452981996,-1.67899468164
1.03304894779,-1.67354808705
1.03245643246,-1.68268756664
1.03297953156,-1.66867840059
1.03315131202,-1.68675660642
1.034578091,-1.67917359173
1.03229030087,-1.6586912819
1.03212200971,-1.66671883056
1.03318373323,-1.6687149039
1.03580160691,-1.6804951682
1.03125931737,-1.68113714719
1.03289044708,-1.67505354676
1.03469900136,-1.66200836518
1.03421535633,-1.67382108477
1.03361346784,-1.68208133769
1.03369544961,-1.66449040959
1.03201550845,-1.66853383991
1.03395275304,-1.66641902276
1.03477676173,-1.68283005388
1.03421627117,-1.6681903128
1.03210492559,-1.68347389433
1.03460512429,-1.68804947522
1.03258399624,-1.67941813733
1.03390575134,-1.66348248037
1.03329718157,-1.66757972762
1.03400173985,-1.66921534316
1.03165620458,-1.68710462825
1.03475746378,-1.67835688867
1.03360333897,-1.67292435287
1.03259468009,-1.67791307569
1.03259082655,-1.6613103433
1.03507910919,-1.66144719002
1.03226930383,-1.67152045402
1.03418131942,-1.66655212268
1.03167074728,-1.67326198085
1.03180199162,-1.66567789013
1.03352299968,-1.66612329485
1.03478892177,-1.66313086922
1.03137744611,-1.67369712256
1.03315355584,-1.67636673569
1.03462502984,-1.66330325767
1.03771621864,0.802826607358
1.03169975672,-1.74718511324
1.03461256025,-1.40794041723
1.03165691042,-1.41758537931
1.03383228871,-1.51754816495
1.03392644017,-1.58713843497
1.03311880592,-1.66403796349
1.03290907957,-1.67900566636
1.03569436048,-4.3387033171
1.03316498375,-2.18349844307
1.03416265521,-2.0113088367
1.03481032739,-1.83850921066
1.0337258691,-1.75989096023
1.03255251621,-1.70886051044
1.03581971125,-1.6722005207
1.03317200896,-1.68142281803
1.03208620246,-1.68243160279
1.03381885411,-1.63683111105
1.03361765133,-1.67896951326
1.0323826264,-1.66257857837
1.0347074029,-1.66411545763
1.03278491553,-1.67576485479
1.03193390036,-1.65601548018
1.03374367381,-1.67184567559
1.03527169948,-1.64852979666
1.03140000442,-1.65074658348
1.03457570914,-1.64864966111
1.03309846735,-1.66950659792
1.0321921333,-1.65814606167
1.03240569399,-1.66567374868
1.03360215328,-1.65993002909
1.0327940711,-1.67338840269
1.03394726527,-1.65742619732
1.03461306006,-1.65775410314
1.0314047373,-1.66272032832
1.03252435472,-1.6738008301
1.03514988612,-1.65680337075
1.03338148119,-1.65734227719
1.03505745082,-1.67358402086
1.03358131105,-1.66143577124
1.03315661494,-1.65508339779
1.03238557169,-1.65952252417
1.03668941167,-1.65437270552
1.03436905619,-1.68473135546
1.0330894543,-1.66440040847
1.03406420474,-1.66230765487
1.03381304121,-1.66343894358
1.03282866473,-1.66697185235
1.0360336197,-1.68238148807
1.03321605667,-1.69318696092
1.03173294284,-1.67241633267
1.03480314269,-1.68083084006
1.03602180291,-1.67871742436
1.03174120726,-1.65932540071
1.03422087336,-1.67087877088
1.03441281919,-1.66704112027
1.03377701983,-1.66074607514
1.03269682396,-1.68242611072
1.03270643619,-1.67659033782
1.03066012321,-1.66325275129
1.0354148544,-1.66853165996
1.03425447599,-1.67710561729
1.03288493231,-1.67853146546
1.03239922121,-1.67437095571
1.0351607904,-1.67823256779
1.03280705777,-1.68527472913
1.03487904371,-1.67116123153
1.03360745053,-1.67178977412
1.03396979053,-1.67432794313
1.0339268881,-1.67577243071
1.03537027088,-1.66899536392
1.03299365806,-1.66588045868
1.03371729194,-1.68285213713
1.03417040544,-1.67363553542
1.03439283075,-1.67929288469
1.03440852013,-1.67534246903
1.03499655747,-1.68445042853
1.03117069006,-1.67996019591
1.03268492057,-1.67134217713
1.03482230616,-1.67237343302
1.03449465888,-1.67802692906
1.03115387008,-1.67355641625
1.03408116901,-1.67800191786
1.03371912956,-1.68792887698
1.03349321661,-1.69687755813
1.03310996332,-1.68067181332
1.03310760947,-1.66997433236
1.03228215967,-1.68404004576
1.03418211263,-1.6682344829
1.0331416213,-1.68332891396
1.03186199751,-1.6816170327
1.03293542171,-1.67895966068
1.03413418544,-1.66872819302
1.03079841724,-1.67700248815
1.03274116567,-1.67259847938
1.03325036358,-1.69503342612
1.02331718554,-1.4206335108
1.03422664011,-1.91623173978
1.03528032428,-1.78479413974
1.03167206097,-1.80156374823
1.03366588169,-1.80071700731
1.0335434285,-1.77399001742
1.03384919084,-1.7879447915
1.03417729815,-1.79938317226
1.03492839595,-1.79717478745
1.03217361065,-1.7303779018
1.0342909612,-1.70775319202
1.03567972787,-1.67739531007
1.03516536923,-1.67958538324
1.03311935113,-1.68155448469
1.03614866229,-1.68594230468
1.03413914492,-1.67908969458
1.03328008114,-1.67826518729
1.0346807938,-1.69388438235
1.03391131123,-1.69855172116
1.03269131373,-1.68647979104
1.03568406548,-1.71633326517
1.03359815498,-1.67394251594
1.03168626884,-1.69180432394
1.03226550229,-1.70028973798
1.03413005747,-1.69485724752
1.03077768162,-1.70992419591
1.03410566287,-1.69797454
1.03256983413,-1.70140631218
1.03238976163,-1.71269425749
1.03234106645,-1.68996383471
1.03462317627,-1.7146938096
1.03203243232,-1.70284435247
1.03247988141,-1.6929416753
1.03404680218,-1.69956021063
1.03354694987,-1.72440039891
1.03387487033,-1.69939633144
1.03510555099,-1.70587700438
1.03171070789,-1.70846087687
1.03418344953,-1.69444865303
1.03515928807,-1.69169527956
1.03347988912,-1.68200315192
1.03144123712,-1.71707778198
1.03395652452,-1.70251001207
1.03156868654,-1.6973120523
1.03234374411,-1.69423285666
1.03198969372,-1.68772830709
1.03011918881,-1.70417361392
1.03045269404,-1.72428494946
1.03457005185,-1.71209394384
1.03216877179,-1.71424760077
1.02955075665,-1.70549066414
1.03076479542,-1.70960457089
1.03212663963,-1.7107667651
1.03044208115,-1.71256286128
1.03272148975,-1.70836892862
1.0305572825,-1.7129778984
1.03020891848,-1.7093642712
1.03073929905,-1.69715850317
1.03191893371,-1.71046398094
1.02929119263,-1.70049809104
1.02992058021,-1.71789359952
1.02915119274,-1.71406575102
1.02947912567,-1.7123901333
1.03032454035,-1.69051730584
1.03163575553,-1.71158619198
1.02794143366,-1.70056039756
1.0300259254,-1.71240458383
1.03151330691,-1.6984856104
1.02953427249,-1.70069767429
1.02812988131,-1.70014146316
1.03031715068,-1.70519901445
1.02905216608,-1.71635050368
1.03088315031,-1.70690681005
1.02998550603,-1.70462804292
1.02819116616,-1.70288577121
1.02805410529,-1.69634291881
1.03231299468,-1.71324440548
1.02993527752,-1.71870998599
1.02839313905,-1.70652603158
1.02981460851,-1.70199812356
1.02974179597,-1.69401680763
1.02767266413,-1.69747567303
1.03026794043,-1.69568455794
1.02914285895,-1.70134329338
1.02883862439,-1.7154084139
1.02907490825,-1.70287771949
1.03078968878,-1.71046543903
1.02724913502,-1.70294234732
1.0287262099,-1.69501035175
1.02793850605,-1.69930054242
1.02790447153,-1.70186704417
1.02944313184,-1.7065625835
1.02900087601,-1.71167031334
1.02676176634,-1.71198587638
1.02926648086,-1.69325700303
1.03011179749,-1.68752327133
1.0279672184,-1.70995728753
1.02664534085,-1.70017320169
1.029975001,-1.7101977593
1.02738361645,-1.71202626717
1.02896242921,-1.69833762908
1.02870535145,-1.70173051907
1.02686962052,-1.69600629258
1.02765828327,-1.71194908416
1.03028055192,-1.70216473863
1.02702296288,-1.71310441529
1.02785673151,-1.69461915635
1.03013241426,-1.7124598455
1.02881667969,-1.70005168323
1.02615439107,-1.69658810224
1.02865795071,-1.71212361608
1.02698101177,-1.70020283214
1.02651901912,-1.70211578088
1.0293241992,-1.73108731057
1.02854587883,-1.6996802024
1.02569866043,-1.70414007655
1.02802707287,-1.70058437346
1.02632974931,-1.71495575621
1.02675792953,-1.70571653776
1.02720464282,-1.71098586921
1.0285833537,-1.69951989527
1.02510841294,-1.71291331811
1.02851464079,-1.70651494086
1.02745931351,-1.71528749786
1.02636367986,-1.6925622571
1.02665725064,-1.71360264237
1.02691746853,-1.70218779143
1.02616697368,-1.71006271417
1.02656017021,-1.6967659329
1.02711579936,-1.69208158844
1.02493111663,-1.705400182
1.02650497971,-1.70789629065
1.02779038572,-1.70002391572
1.02516467374,-1.70739662641
1.02698241493,-1.71750128021
1.02738415825,-1.71156541336
1.02863095734,-1.71023771014
1.02689638684,-1.70539966962
1.02874606031,-1.70636924506
1.02574466118,-1.71587207911
1.02697218563,-1.70577066324
1.02874912895,-1.70972141225
1.02759648088,-2.16095732913
1.02574910814,-1.30293131401
1.02793113659,-1.51568891984
1.02636978539,-1.62704848711
1.02637573823,-1.69332742756
1.02732040325,-1.71876944211
1.02749757908,-1.73751940334
1.02417812856,-1.75667931141
1.02908096461,-2.65919513023
1.02771315874,-1.96261226057
1.02651431964,-1.57248084008
1.02586590671,-1.60336389936
1.02545332026,-1.64068735904
1.02538665069,-1.68444425416
1.0286746084,-1.68531984672
1.02501488462,-1.68451476325
1.02510691574,-1.67758371867
1.02588526174,-1.66113879888
1.02841970806,-1.70493694741
1.02541326769,-1.70150757821
1.02595195545,-1.69579086746
1.02666441079,-1.69960431337
1.02702313939,-1.68990656411
1.02580528363,-1.71464704849
1.02653535638,-1.6771029608
1.0242718047,-1.70124024465
1.02560577926,-1.69570694027
1.02715653191,-1.70833104344
1.02643980047,-1.69582627404
1.0250458747,-1.72067225509
1.02718495549,-1.71695542966
1.02485416446,-1.69691360431
1.02574080782,-1.71293424991
1.02621278585,-1.70789591851
1.02507833313,-1.70764091977
1.02294838974,-1.68863611315
1.02710753479,-1.69461191095
1.0262333377,-1.70930139943
1.02410864977,-1.71810496053
1.02317423919,-1.69011054463
1.02522353256,-1.71798672173
1.02487345023,-1.71448941786
1.02572077923,-1.69536151967
1.02321934106,-1.71268261307
1.02303989127,-1.71549704346
1.02585439028,-1.70808067478
1.02585313879,-1.68719884843
1.02290377796,-1.70788305259
1.02398094283,-1.69142513474
1.02509649945,-1.70068092844
1.02479395759,-1.71946368874
1.02408004385,-1.69197856839
1.02602757536,-1.70553351782
1.02234660516,-1.69175470466
1.02504561147,-1.69823676337
1.02552492409,-1.6974087305
1.02393320246,-1.68292803853
1.02298874506,-1.70199726448
1.02605263108,-1.67195814588
1.02567869679,-1.70775046864
1.0262142405,-1.68731790439
1.0282931008,-1.69093426849
1.02514406097,-1.68685635728
1.025021717,-1.69747107706
1.02782379363,-1.69873740152
1.02654332733,-1.6942084698
1.02622645164,-1.69185289843
1.02684278257,-1.68868510379
1.02554089276,-1.69653814157
1.02426029331,-1.70744446214
1.02683925827,-1.70464324313
1.02470796653,-1.6903153393
1.02381049738,-1.69769514956
1.02631923907,-1.70761328114
1.02756034663,-1.68805743719
1.02372213317,-1.70462507844
1.02641120837,-1.69678687702
1.02506374617,-1.69241857885
1.02520477592,-1.68932540442
1.02639976005,-1.70727239763
1.02652135402,-1.69377079695
1.02510714251,-1.69908831121
1.02692898806,-1.69750364611
1.02818535636,-1.68548702695
1.02612764695,-1.69872453081
1.02511578891,-1.70177842264
1.02775866606,-1.70960994248
1.02540688245,-1.69122688868
1.02720055945,-1.70795566709
1.0269118395,-1.6916280881
1.02622126176,-1.69471895879
1.02352498134,-1.68726988253
1.02701730163,-1.70232634784
1.02554390355,-1.71575801714
1.02477427686,-1.71351066492
1.02532729425,-1.7018904706
1.02494892425,-1.6983788667
1.02489649561,-1.70321706614
1.02678744027,-1.69970244268
1.02379715564,-1.69361680198
1.02279176111,-1.70016376867
1.0264907654,-1.70256518808
1.02739097729,-1.69595404941
1.02355492774,-1.72266033085
1.02439592621,-1.68892348458
1.02434259304,-1.69611637244
1.02511093037,-1.69808689176
1.02518750452,-1.70979821333
1.02443887064,-1.69891742299
1.02197824216,-1.70178657347
1.02534503752,-1.70405104213
1.02533635048,-1.70593497882
1.02418467678,-1.70645069113
1.02347941719,-1.68229340709
1.02461408616,-1.68784200121
1.02277633946,-1.70506203811
1.02454246186,-1.69816028407
1.02616435776,-1.71648663879
1.02384225482,-1.69545140597
1.02393602544,-1.7166390098
1.02582089953,-1.69764921603
1.02497449745,-1.70874463745
1.02489781879,-1.72880351679
1.02504731352,-1.69929465113
1.02560216501,-1.72258405403
1.02534479876,-1.71057738199
1.0264353234,-1.69577533558
1.02329463734,-1.70338391577
1.02324606484,-1.71541615029
1.0255727557,-1.70391238319
1.02748670719,-1.70774531658
1.02452016622,-1.70087270057
1.02474746166,-1.6999071214
1.02477865392,-1.72399157571
1.02433014282,-1.70882390676
1.02452284725,-1.68785408843
1.02471217651,-1.6951003337
1.02314393886,-1.71462008766
1.02535404683,-1.70190526303
1.02576278518,-1.71158609638
1.02321639603,-1.70278875806
1.02441546108,-1.70125940267
1.02589320668,-1.71751878849
1.02385623581,-1.68807989035
1.02505337477,-1.68580892841
1.02554065276,-1.68049605263
1.02391866123,-1.68336576221
1.02434539421,-1.70490217202
1.02729280993,-1.68473253424
1.02409459554,-1.69239852068
1.02550114263,-1.70355579815
1.02481165686,-1.69692341278
1.02614296679,-1.69612098739
1.02523614916,-1.71382509769
1.02757035666,-1.70336114767
1.02474802722,-1.7142459525
1.02557949626,-1.7048856124
1.02575888499,-1.69533618064
1.02665365791,-1.71730656083
1.02355731022,-1.68714156193
1.02663697273,-1.71694477641
1.02611058628,-1.71984210237
1.02828483437,0.561283951961
1.02550111173,-1.72429815364
1.02531061845,-1.43568704679
1.02353618353,-1.46286106662
1.0269031786,-1.53439044673
1.02597173386,-1.63018824369
1.0248150815,-1.67970356228
1.02474814556,-1.72619210772
1.02632718867,-4.14004785286
1.02458898593,-2.27760962518
1.02653960302,-1.99972016383
1.02615212853,-1.8697454526
1.02425036529,-1.78882205311
1.02487937125,-1.74696374245
1.02662579316,-1.71227134307
1.02459641668,-1.6924765473
1.02438226889,-1.68803564445
1.02613208416,-1.74841132073
1.02473942985,-1.71080933331
1.02440582281,-1.68234607948
1.02693676571,-1.68763080824
1.02348429989,-1.67834292856
1.02582113126,-1.69759508135
1.02503252829,-1.6828781806
1.02546223942,-1.71027903644
1.02342232443,-1.71902930286
1.02661412897,-1.70032888059
1.02508518249,-1.69049602648
1.02615943073,-1.70616586033
1.02601022282,-1.69302519981
1.02367793446,-1.69289630059
1.02346064196,-1.70732562138
1.02658531289,-1.67481395389
1.02692759434,-1.695357179
1.02411809091,-1.69577969394
1.02569065252,-1.70210546436
1.02455327118,-1.69268689178
1.02279079987,-1.72049547276
1.02593075604,-1.70206517201
1.02483730283,-1.70189655649
1.02406900637,-1.70850354252
1.02507026608,-1.68976426655
1.02504870062,-1.69589572217
1.02388228198,-1.70736605393
1.02542179678,-1.71588397569
1.02408205577,-1.70895323418
1.02435580001,-1.69864961709
1.02679282345,-1.70336667117
1.02842890585,-1.70039172942
1.02390261516,-1.69879558377
1.02486756431,-1.68105305235
1.0269676849,-1.70539595073
1.02688700626,-1.7003954414
1.02544083909,-1.71903697017
1.02690111188,-1.70514661802
1.02558237955,-1.68997250163
1.02759006695,-1.70280147747
1.0271262561,-1.69849292065
1.02486926355,-1.70920502224
1.02447157632,-1.71103328193
1.02820931721,-1.68348729604
1.02569227772,-1.70094007322
1.02605925435,-1.71783383702
1.02692020043,-1.71800937871
1.02739373155,-1.70440285349
1.02472777435,-1.70549805388
1.02681768408,-1.70445099956
1.02539758062,-1.70461616437
1.02496461862,-1.70639068037
1.02655206559,-1.70428286625
1.02841273191,-1.69939094041
1.02506402139,-1.7259384227
1.0262341803,-1.71294406181
1.02478084313,-1.70950281783
1.02466553332,-1.69940747598
1.02720138377,-1.71002399343
1.02669721861,-1.70576352148
1.02294167795,-1.6886996067
1.02573787743,-1.72237258658
1.02665697944,-1.70652828793
1.02435324133,-1.70620909686
1.02305228342,-1.69056495321
1.02637800987,-1.70874817823
1.02468304117,-1.71698942863
1.02635307678,-1.71152302542
1.02530282269,-1.70744713432
1.02351718781,-1.69835426172
1.02327884227,-1.70390339788
1.02698510749,-1.69119846347
1.02433420154,-1.69630470596
1.02432765774,-1.71581719817
1.02614293902,-1.69268317061
1.02519927731,-1.70811182386
1.02486803887,-1.71000618681
1.02643532316,-1.70150323801
1.02425346576,-1.70892955323
1.0113467492,-1.45314057418
1.02232814494,-1.91367203627
1.02263251232,-1.82255185446
1.02040895183,-1.83018121344
1.02211992231,-1.84565438175
1.02066388148,-1.85223696694
1.01943529964,-1.81007184838
1.02116632775,-1.84375538846
1.02191954951,-1.80908256623
1.01926736331,-1.75913600248
1.02201167027,-1.78326945096
1.021415196,-1.77439386252
1.01937359377,-1.75721062424
1.02005292157,-1.77238330176
1.02158011205,-1.77335096544
1.02180693384,-1.7683330038
1.02304873198,-1.76718941971
1.02476040563,-1.78666170175
1.02431126985,-1.7596650585
1.0254600756,-1.78168205055
1.03010601494,-1.7701889949
1.02979459681,-1.77502198607
1.03138718486,-1.78572411252
1.03241219207,-1.76320086619
1.03416023996,-1.77992748911
1.03469355693,-1.77390524221
1.03732924924,-1.77207461528
1.03441568767,-1.77794139153
1.03521013574,-1.7735525781
1.03639840389,-1.766170027
1.03576480742,-1.76809636086
1.03322971767,-1.76725455079
1.03508146715,-1.78346334446
1.03252796873,-1.77515619472
1.03250932965,-1.77606373772
1.03409728262,-1.78484513822
1.03372215624,-1.77078961552
1.03040962985,-1.79080784823
1.034119544,-1.78860342376
1.03545390574,-1.7955698482
1.03394254585,-1.76709571214
1.03338932919,-1.80126731357
1.03394286843,-1.7608092031
1.03416963941,-1.77493213128
1.0375480179,-1.78669612713
1.03600962926,-1.7881596856
1.03319827022,-1.78886246908
1.03279003573,-1.77466508317
1.03572233426,-1.78016675992
1.03111730962,-1.79560571758
1.03020308388,-1.77888324758
1.02895470563,-1.77545280321
1.02765268068,-1.78991324863
1.02611865111,-1.78823278735
1.02576347648,-1.78268888778
1.02240113778,-1.78930403746
1.0222647977,-1.80361764617
1.02248681503,-1.77817450546
1.02144649866,-1.78300029651
1.02071405358,-1.78591398202
1.02157190527,-1.79902386399
1.01937964124,-1.78177468683
1.01977581228,-1.77081303013
1.02151877397,-1.77547324839
1.02068040323,-1.76634590287
1.01718375368,-1.76541868772
1.02081858824,-1.78187897251
1.02217568823,-1.77608418714
1.02012809803,-1.77776702475
1.01977759228,-1.79552485804
1.01969452759,-1.78861433527
1.01854623102,-1.78847352264
1.02097512354,-1.78043076251
1.0203252571,-1.78888290247
1.01853451685,-1.774936723
1.02124482888,-1.78549099378
1.02118099925,-1.78339520215
1.01853829933,-1.78247105402
1.02014339722,-1.78906805116
1.02153801798,-1.79164584279
1.02088796835,-1.77969824441
1.01978991072,-1.78450945856
1.02191548121,-1.77798003066
1.01967166499,-1.7854916645
1.02163302825,-1.77964042104
1.02294080232,-1.7912414715
1.02278574591,-1.78050595115
1.02196337409,-1.78445897847
1.02321969931,-1.78765248004
1.02269728696,-1.78893498511
1.02352925526,-1.77373166441
1.02393488289,-1.78915534658
1.02266016912,-1.77970523989
1.02121267745,-1.78408693498
1.02319569838,-1.78390963578
1.02234573097,-1.76999045155
1.02252669545,-1.78985943588
1.02408430535,-1.7731997794
1.02397834623,-1.76701320164
1.02149372468,-1.77948935191
1.02342394314,-1.78118816454
1.02247065155,-1.78290622634
1.02139473821,-1.77295056548
1.0234057176,-1.7896254568
1.02543427832,-1.78170189159
1.02195054609,-1.79425145758
1.02296977736,-1.78808250154
1.02249988576,-1.77734514215
1.02214668569,-1.79192671731
1.0235630083,-1.7766052874
1.02403849102,-1.76995161745
1.02240375333,-1.78607891161
1.02256289123,-1.79759274393
1.02292356927,-1.7778785708
1.02226361973,-1.79133490656
1.02141273835,-1.78781605486
1.02417876186,-1.7925547722
1.02040715721,-1.77054030166
1.02249512259,-1.78258350033
1.02276904732,-1.78120413385
1.0227030596,-1.7850202824
1.02137255224,-1.78886701566
1.02384355993,-1.78057272087
1.02180019382,-1.78906246007
1.02122514449,-1.76551352164
1.02335304098,-1.78592639142
1.02163487268,-1.77657336358
1.02091876144,-1.79613320799
1.02378424473,-1.77369604621
1.02069888031,-1.77885382091
1.01848197748,-1.78838556222
1.02189939719,-1.8006413238
1.0241693633,-1.7762703911
1.02086305461,-1.78297196578
1.02099698849,-1.76966072409
1.02090377947,-1.79560239758
1.02015403388,-1.80307547998
1.02074139454,-1.78335937571
1.02108138158,-1.77153500346
1.02036707862,-1.79625521439
1.02090694013,-1.77515475718
1.02139291113,-1.77192151581
1.0206908853,-1.78622165852
1.01991024698,-1.33366670597
1.02120246332,-1.54443127349
1.01978553976,-1.69287640102
1.02173652996,-1.74340120577
1.02301903274,-1.81282545024
1.02105430411,-1.83372593126
1.02090105912,-1.84884103175
1.02307681424,-3.40119832397
1.02132004126,-2.05236376856
1.02190863705,-1.63660705083
1.0213655959,-1.64463904374
1.02112435446,-1.71200475511
1.02214215265,-1.73960652821
1.02382492879,-1.74195618641
1.0200309955,-1.75367879055
1.01949908213,-1.75777593571
1.02263388167,-1.78702459625
1.0247114629,-1.77385121918
1.02180130162,-1.77717225518
1.02354092381,-1.74480601097
1.02279844448,-1.75610381817
1.02348605037,-1.75311625802
1.02360927609,-1.75739835121
1.02528422686,-1.79122275959
1.02234717297,-1.79769791251
1.02454861201,-1.7609077954
1.02555212215,-1.79832329823
1.02357600151,-1.77141178437
1.02358017059,-1.76787147127
1.02374219654,-1.78572770237
1.02157717398,-1.78281974869
1.02478136798,-1.79217679926
1.0259646528,-1.78230444431
1.02361185098,-1.78419009382
1.02193887745,-1.78477762806
1.02565839932,-1.77518888303
1.02286761461,-1.79201722343
1.02394950693,-1.78926094413
1.02427181986,-1.76240047785
1.02437374843,-1.79893331431
1.02448010781,-1.77324185528
1.02800548282,-1.80336731309
1.02327820116,-1.7657755186
1.02331004575,-1.77096770972
1.02716505943,-1.80143655392
1.02591441537,-1.77611684588
1.02353012951,-1.78907648717
1.02524497451,-1.78461181226
1.02331015833,-1.76026913434
1.02247631472,-1.79321310922
1.02279293939,-1.77527140911
1.02145538417,-1.768318971
1.01872364321,-1.76749280567
1.02227758907,-1.77328206612
1.02196810816,-1.77031069916
1.02123320296,-1.75839511106
1.0213943599,-1.77331383068
1.02120674457,-1.75122581954
1.01916335246,-1.77455751122
1.02225945067,-1.77971693301
1.0217999259,-1.7604965529
1.02129817678,-1.77988170863
1.0215833422,-1.75941496901
1.02219961572,-1.7532250705
1.02088261627,-1.77014176209
1.02029896622,-1.7453602773
1.0217402949,-1.75441256909
1.02109457862,-1.77958670784
1.02232429996,-1.79033215903
1.02381904452,-1.77482715398
1.01972120158,-1.75912866589
1.0206578824,-1.7568068398
1.02232058904,-1.7745765154
1.0226744503,-1.78403192059
1.02186267509,-1.76991746904
1.02376259539,-1.76009790156
1.02161332856,-1.77116431885
1.02134926312,-1.76889911519
1.02293685134,-1.76122337483
1.02102816149,-1.76621914255
1.01985995797,-1.75123301527
1.02452898008,-1.76046122133
1.0235887255,-1.75595199347
1.02226962707,-1.75795420107
1.0234358882,-1.76934859755
1.02378985682,-1.76237275841
1.02199538205,-1.75120336918
1.02431564737,-1.74827777521
1.02424278978,-1.77899738839
1.02353900538,-1.78289383805
1.02304747405,-1.77633569005
1.02427475885,-1.75662090426
1.02268433898,-1.76330807543
1.02309330994,-1.77081137491
1.02129668256,-1.77125525628
1.02218929064,-1.76520660429
1.02329425846,-1.77394936263
1.02589797076,-1.74238757697
1.02025363316,-1.7638777851
1.02141711943,-1.74657468193
1.02306567568,-1.7753219526
1.0240871054,-1.77491150321
1.02353003045,-1.78257201651
1.02483270382,-1.7684610577
1.0229571642,-1.76275997711
1.02312389455,-1.76595256511
1.02465688247,-1.78019970914
1.02327716326,-1.76990831722
1.02266379078,-1.76938608792
1.02565290614,-1.76525896648
1.02421614703,-1.77230448803
1.02349341249,-1.77484092342
1.02342316715,-1.75468004405
1.02354979828,-1.77464252867
1.02128410629,-1.76727460547
1.02353999459,-1.76101412567
1.02285061748,-1.74909894775
1.0219745927,-1.77433046473
1.02134270189,-1.77492067617
1.0230784455,-1.77375464923
1.02219674191,-1.7769652555
1.02243413333,-1.7530046706
1.02091776984,-1.78242059736
1.02085137254,-1.75702060767
1.02509090661,-1.78163140015
1.02400294206,-1.76965781498
1.02106229823,-1.77044475212
1.02294167393,-1.78816780813
1.02408686011,-1.76971399054
1.02234717403,-1.7545534197
1.02172801136,-1.7690191947
1.02415731225,-1.76546530906
1.02313005817,-1.78090643844
1.02445476354,-1.76536021773
1.02394443167,-1.78094915218
1.02219355548,-1.76884512029
1.02175690979,-1.76625473436
1.02454743419,-1.75649507451
1.02431449648,-1.75951573335
1.02350662742,-1.7698430905
1.02430930019,-1.76901902162
1.02359204204,-1.75491744139
1.02220462046,-1.77342619863
1.02350334514,-1.76491861287
1.02154898226,-1.76778590689
1.02050432354,-1.76093236903
1.02288380113,-1.78475156938
1.02286617794,-1.74553130548
1.0217695936,-1.77334488027
1.02195259009,-1.76721084019
1.02189140399,-1.75940531228
1.02061231431,-1.74477351575
1.02158667753,-1.78058250497
1.02295210579,-1.77026213509
1.02083961986,-1.78447068964
1.02297142654,-1.79380880044
1.02247170965,-1.78287938123
1.02174990885,-1.77980068055
1.02126896945,-1.78952918955
1.02249516527,-1.77802193803
1.02154083631,-1.79617049007
1.02747956752,0.687222066337
1.02360501379,-1.81309030855
1.02241574282,-1.46548481278
1.0203944551,-1.48511774077
1.02377316618,-1.58225785349
1.02119711658,-1.68538929094
1.02265378521,-1.75150857311
1.02323508951,-1.7966681045
1.0236599009,-4.46122120221
1.02148786963,-2.3379568453
1.02391241384,-2.11328580986
1.02266094558,-1.94765126969
1.02090621963,-1.86137438608
1.02345729507,-1.79838149582
1.0233550478,-1.77840446098
1.02211841385,-1.76939449789
1.02407903882,-1.77551626828
1.02309788789,-1.8127995226
1.02291221056,-1.78775766547
1.02392231003,-1.77177732533
1.02496019184,-1.76693518575
1.02073395993,-1.75559689039
1.0230492028,-1.74592334157
1.0245856785,-1.77306991133
1.02427511437,-1.76122042309
1.02284415876,-1.76751763682
1.02171753386,-1.75967327615
1.02002416489,-1.76603909372
1.02402424637,-1.7693036715
1.02330427757,-1.74779690282
1.02177413597,-1.75619137103
1.02191702925,-1.76950761983
1.0241224169,-1.75472044924
1.02155811271,-1.75593619136
1.02300409693,-1.74939837097
1.02382032686,-1.7588198335
1.0224757748,-1.76036403872
1.02339052211,-1.77566217283
1.02529940378,-1.75925529015
1.02146807895,-1.75777362765
1.02165962789,-1.76754521413
1.0235528771,-1.76687879992
1.02402060143,-1.75545651115
1.0242225858,-1.77664895636
1.02382091647,-1.75625761479
1.02150080328,-1.76659423189
1.02225552345,-1.75802752781
1.02428498876,-1.77800658716
1.02401665939,-1.76212300719
1.02020130619,-1.7731095878
1.02358752299,-1.77210454579
1.02252444854,-1.76219332214
1.02330388961,-1.76768266069
1.02216125423,-1.77648852924
1.02251343885,-1.78026110033
1.0216085632,-1.77358243303
1.02372651258,-1.77197373652
1.02256279086,-1.78389007894
1.02038051647,-1.79179427656
1.02283243931,-1.77947337672
1.02423758864,-1.77221002927
1.02145213391,-1.76262201202
1.02277680843,-1.78721361288
1.02271930229,-1.77619087267
1.02177916579,-1.76662184599
1.02264248126,-1.77076941171
1.0253197762,-1.78156962192
1.02100433463,-1.76580196707
1.02189304818,-1.7683329842
1.02379459719,-1.78751176059
1.02350071905,-1.77753524004
1.02239688917,-1.77425543198
1.02461891609,-1.76779022538
1.02232477811,-1.77375271253
1.02359224139,-1.76946242976
1.02396731133,-1.78164301596
1.02319868484,-1.77753363658
1.02097599824,-1.77163053087
1.02376674922,-1.77683673471
1.02345935863,-1.77276544903
1.02361908709,-1.76910024336
1.02326973671,-1.78601331233
1.02267124269,-1.77447978109
1.02130509554,-1.79365674414
1.02399333779,-1.77525331032
1.02248311179,-1.79822106291
1.02066703097,-1.79049980323
1.02234663544,-1.77355330753
1.02395382811,-1.79098038428
1.02166417068,-1.78239191926
1.02349307213,-1.78013392112
1.02189053646,-1.78257727073
1.0206590317,-1.7824888425
1.02236583067,-1.77964189054
1.02364718229,-1.78182791757
1.02228070985,-1.78603295123
1.01437086071,-1.42629263829
1.02481264769,-1.94476602664
1.02247900241,-1.78546425591
1.02228809433,-1.85879275298
1.02484802314,-1.87373979151
1.02304892458,-1.87777975778
1.02499229196,-1.89072639529
1.02556380004,-1.91366515267
1.02393055279,-1.91139097177
1.02182188399,-1.9311207932
1.0249281128,-1.95582913209
1.02491786759,-1.93725199073
1.02457490147,-1.91040470875
1.02508558521,-1.94332985632
1.02327531494,-1.93854191053
1.0225039336,-1.93873728884
1.0253220006,-1.93843953356
1.02366381998,-1.93967736533
1.02216876569,-1.95341996675
1.0244967407,-1.93064553691
1.02594220979,-1.93493905348
1.02332918862,-1.94198284443
1.02387351139,-1.9351396574
1.02375017696,-1.93868681213
1.02278620828,-1.94666522449
1.02364726842,-1.93271093757
1.02462623978,-1.93866171097
1.02268603531,-1.95105247079
1.02425982644,-1.94804172583
1.02481693086,-1.94834287094
1.02455878912,-1.93312706262
1.02277534823,-1.95129934096
1.02441609856,-1.93972571771
1.02181321331,-1.9484955369
1.02538605684,-1.97225288256
1.02685518879,-1.92409255279
1.02477501973,-1.9346982834
1.02144345189,-1.95950558222
1.0237421924,-1.95229255368
1.02415019928,-1.9585990704
1.02489868511,-1.94902623613
1.02545893889,-1.95759662704
1.02446057968,-1.94520164822
1.02498882787,-1.96228373216
1.02660700106,-1.9315232438
1.0237738965,-1.95087447647
1.0232619324,-1.96154589487
1.02500112148,-1.96303554949
1.02683501042,-1.93757444346
1.02398496377,-1.94697498135
1.02665702375,-1.97891512119
1.02283254168,-1.92809723737
1.02324985202,-1.94760371849
1.02397786906,-1.95025892343
1.02611592891,-1.96278060756
1.02292438176,-1.95710885886
1.02486551051,-1.95473657365
1.02449614339,-1.95357578916
1.02444832757,-1.95810148005
1.02509576875,-1.93820127791
1.02337119122,-1.9603357827
1.02143776015,-1.94254323899
1.02513928226,-1.96223097542
1.02682817306,-1.94468606792
1.02500893136,-1.94950563486
1.02307229243,-1.93960265031
1.02536707893,-1.95218480101
1.02378754183,-1.94855189831
1.02455819959,-1.94344525695
1.02540141395,-1.94852390819
1.02548778309,-1.94929933255
1.0256322005,-1.93854641128
1.02643612393,-1.93103679818
1.02362853564,-1.94600067662
1.02336837456,-1.94334704482
1.02544386102,-1.95441738861
1.02544527123,-1.93610524961
1.02556876716,-1.95113314123
1.02562507411,-1.9406545309
1.02359551162,-1.94999559821
1.02414586992,-1.95255601217
1.02498074836,-1.96374551519
1.02449020637,-1.94987467984
1.02347813214,-1.95948340168
1.02639210326,-1.95523917902
1.02527084033,-1.96818258601
1.02419481296,-1.94333231935
1.02429309336,-1.95709870639
1.02402056733,-1.95363650446
1.02275122807,-1.94433321742
1.0260118777,-1.95784755436
1.02580274824,-1.95609487551
1.02429390343,-1.94980079203
1.0242654129,-1.95014377059
1.02475755997,-1.95639389855
1.0237573022,-1.94011924573
1.02488219491,-1.9763027161
1.02463690882,-1.9530134662
1.02426369981,-1.94158330505
1.02478827894,-1.96204339185
1.0274406672,-1.96848655499
1.02434617783,-1.97312337241
1.02393857608,-1.95935286845
1.02433191834,-1.9639691781
1.02560711036,-1.94276569802
1.02621492096,-1.95190442493
1.02836060684,-1.9514501114
1.02535884371,-1.93915248876
1.0266512485,-1.94779213772
1.0260278499,-1.95511885796
1.0245954551,-1.9451222538
1.02408538697,-1.94815321282
1.0287538882,-1.95815407845
1.02656574915,-1.96363782432
1.02586944231,-1.95934968455
1.02564724539,-1.9634723025
1.02648194103,-1.97294862371
1.02318400293,-1.9674492707
1.02660048313,-1.96150092884
1.02659940168,-1.94545014592
1.0254338647,-1.94257416382
1.0253560948,-1.96304784821
1.02612865973,-1.9443457738
1.02660042863,-1.963645089
1.02712757431,-1.95386949644
1.02615108301,-1.9670850364
1.0263671035,-1.95231141627
1.0282366224,-1.9636862924
1.03098208849,-1.94485392005
1.02704200153,-1.95825990546
1.02747891307,-1.95352872252
1.02714435204,-1.95954305663
1.02788033616,-1.96766884072
1.0272454403,-1.96621114607
1.02792022351,-1.95494114131
1.02671080037,-1.96199591984
1.02678084744,-1.94018001434
1.02685177247,-1.96283577055
1.02529225667,-1.9419468377
1.02480002298,-1.96164581168
1.0268404155,-1.95323915018
1.02675105757,-1.95261191133
1.02624941648,-1.86162991636
1.02743379502,-1.52136784877
1.02575729483,-1.73088447067
1.02225859062,-1.84742927536
1.02736707881,-1.94856072542
1.02675003672,-1.98490720519
1.02546235946,-2.0155448952
1.02558732951,-2.00375922708
1.02778095261,-3.67705414756
1.02554449039,-2.17925023312
1.02591625507,-1.80437967361
1.02442925884,-1.84150193749
1.02371771163,-1.88031403222
1.02677898465,-1.92664584593
1.02689264327,-1.93018038456
1.02410433636,-1.96055404258
1.02342315083,-1.9378970465
1.02566116631,-1.93168650573
1.02542673816,-1.94435972589
1.02307469425,-1.94338853999
1.02560198318,-1.94291456666
1.02477011772,-1.9405820035
1.02685489566,-1.95444055744
1.02770439461,-1.97040967561
1.02575270171,-1.9582128327
1.02433687056,-1.94237276355
1.0269580482,-1.92677436456
1.02672231626,-1.97360893654
1.02841205809,-1.98520952952
1.02923025296,-1.9748016274
1.02672780523,-1.95221582357
1.02656214546,-1.95720716963
1.02797517274,-1.97719396597
1.02668383415,-1.93782882867
1.02512266808,-1.95178487795
1.02606336728,-1.95068296847
1.02837603823,-1.96792930979
1.02539581796,-1.95328622613
1.02788241913,-1.96743172597
1.02561534444,-1.97672667549
1.02480689287,-1.95880606092
1.02739524714,-1.95563250802
1.0285537065,-1.95873435493
1.02568299429,-1.96803677096
1.02661122824,-1.95038982174
1.02755459195,-1.9631131449
1.02671815038,-1.95972252122
1.02666109725,-1.96658310036
1.02741853981,-1.96473717464
1.02560159868,-1.94907362272
1.02752987242,-1.97103033434
1.02877391847,-1.98560646393
1.02626206072,-1.94916836713
1.02682992878,-1.96000344899
1.0282066591,-1.9501292016
1.02536202538,-1.94954945017
1.02715181959,-1.96548077515
1.02619575088,-1.95775677476
1.02617111625,-1.94397623705
1.02659035089,-1.95944620144
1.0270822972,-1.95485590811
1.02560991494,-1.97059260119
1.02444342846,-1.95612268551
1.02626243384,-1.9387091371
1.02523544106,-1.95062852311
1.02620181147,-1.94941030661
1.02754511944,-1.94602002731
1.02440888379,-1.93842918755
1.02376049954,-1.93261338641
1.02683807804,-1.95120034617
1.02691218964,-1.91951488316
1.02464093148,-1.95892868863
1.02552534063,-1.95324922903
1.02701165989,-1.94801604267
1.02657342795,-1.97062717594
1.0261518066,-1.94405560329
1.02489036943,-1.94793215081
1.02379313875,-1.95554609165
1.02649214632,-1.95800338382
1.02713274489,-1.96998659099
1.02654021393,-1.97330799717
1.02550914988,-1.94869811554
1.0278446837,-1.95494001976
1.02504887617,-1.9446992143
1.02727351581,-1.95751157241
1.02595397602,-1.94105279743
1.02532279735,-1.94332744052
1.02690777394,-1.96599259569
1.02863661098,-1.9621535552
1.02622860925,-1.93751291778
1.0251713895,-1.96498261495
1.02501668607,-1.95073595347
1.02608640485,-1.95671905793
1.0281386526,-1.98006811554
1.02949556872,-1.96162784242
1.02472547022,-1.95349980254
1.02447424535,-1.94755840421
1.02701310933,-1.97208867973
1.02783351882,-1.95441995026
1.02404218976,-1.96927504336
1.02703788564,-1.94501792769
1.02673474515,-1.94733290606
1.02700964787,-1.94639556132
1.0258864182,-1.96528506551
1.02502233669,-1.96224609664
1.02367325222,-1.94174882002
1.02694615844,-1.95420782317
1.02631209934,-1.94940692416
1.02569937467,-1.95192576564
1.02616310752,-1.96033518613
1.02625674777,-1.95245344808
1.02481391107,-1.95161699608
1.02663874962,-1.95576353623
1.02564751134,-1.96256238558
1.02479587518,-1.95718574746
1.02488375944,-1.97563476663
1.02800642662,-1.94979445354
1.02520219344,-1.95769558635
1.02535852436,-1.97049135875
1.02483711952,-1.94887012706
1.02540878717,-1.95966761103
1.02615859413,-1.97219823104
1.02749567476,-1.94239496159
1.02529130374,-1.95850279136
1.02639512787,-1.96123115478
1.02781074559,-1.96320432709
1.0256160358,-1.96533237495
1.02370067524,-1.9696049188
1.02591335111,-1.94241840611
1.02555630841,-1.95298072329
1.02701897857,-1.94434206505
1.02606877348,-1.94293231947
1.02504806065,-1.94481625164
1.02360449557,-1.95074786509
1.02575626195,-1.96799837902
1.02489483825,-1.9446600609
1.0249088079,-1.96834457685
1.02495841041,-1.94475279764
1.02594277703,-1.96521774592
1.0241899005,-1.9491399157
1.0251829167,-1.9492645176
1.02401744764,-1.961471693
1.02379793029,-1.93523471674
1.02547949148,-1.96887993192
1.02604501515,-1.9432834919
1.0252443018,-1.96756876819
1.02467588577,-1.93627293646
1.02521395451,-1.94392536941
1.02445707912,-1.94422198765
1.02516085262,-1.95546106943
1.02719604959,-1.94761288431
1.02541731972,-1.96228023748
1.0256993016,-1.95113327239
1.02783401283,-1.96700399281
1.02652112997,-1.96065944023
1.02481229375,-1.96071621426
1.02574047238,-1.93392676754
1.02530464156,-1.95976248661
1.02712394834,-1.94875956296
1.02736031345,-1.9442517679
1.02596405199,-1.94417635665
1.02385986894,-1.96063833003
1.02947028407,0.532412951052
1.02428689798,-2.0079295369
1.0238490338,-1.63711492202
1.0251940833,-1.66466990499
1.02691198809,-1.74493329941
1.02415250567,-1.85418687126
1.02457639708,-1.92824223998
1.02460520298,-1.98738476392
1.02359740281,-4.65382554054
1.02431518458,-2.44084885339
1.0265908926,-2.29816336981
1.02418747494,-2.10977135966
1.02541665673,-2.05335596906
1.02453255428,-1.99839035368
1.02533865508,-1.97435180279
1.02511347949,-1.94350992427
1.02693337678,-1.94289129094
1.02242300643,-1.99329070409
1.02626291312,-1.98180468501
1.02687884895,-1.9442522809
1.02547345459,-1.94217118704
1.02422139252,-1.95173951843
1.02440080964,-1.95385984952
1.02444390039,-1.95076315846
1.0256507608,-1.94545885942
1.02674531831,-1.95672607176
1.02490270942,-1.95154706114
1.02455373701,-1.9417494745
1.02742212576,-1.93343850489
1.0243182053,-1.95700004481
1.02245800473,-1.94495300712
1.02474378034,-1.9497036655
1.02676032126,-1.94983821026
1.02390852273,-1.94082723965
1.02628818611,-1.94910285155
1.0239525759,-1.93680751523
1.02190175338,-1.94915813223
1.02343257834,-1.96220547817
1.02459684869,-1.94365543734
1.02387289743,-1.95023414771
1.02456248798,-1.94891561395
1.0239470227,-1.92981584953
1.02332624578,-1.93651326822
1.0250010955,-1.96446352111
1.02255100338,-1.93966859412
1.0206851655,-1.94035727247
1.02447867474,-1.95986373501
1.02605978367,-1.94919525695
1.02375658438,-1.94941976288
1.02189815447,-1.97458201754
1.02291095476,-1.94710005384
1.02252320708,-1.94458580036
1.0255258581,-1.9575089327
1.0259342349,-1.96546630174
1.02615606448,-1.95897950044
1.02850417078,-1.95636112185
1.030954421,-1.94590055174
1.02915131278,-1.95223109349
1.02845059336,-1.96286547611
1.03060292798,-1.9484973715
1.03156414251,-1.94716309934
1.03028467679,-1.93273606863
1.03211789889,-1.95655017255
1.0299248544,-1.94239715323
1.02749410626,-1.93102398078
1.02771945085,-1.94627642501
1.02845830666,-1.95942987604
1.02593423099,-1.95161851587
1.02806142556,-1.96036282486
1.027280471,-1.94800480152
1.02724942995,-1.94705810215
1.02660392476,-1.94887121086
1.02576730041,-1.94844114831
1.02426083352,-1.9321495989
1.02930238349,-1.95033580012
1.02869740837,-1.94521220678
1.02923684633,-1.93398138726
1.02831821451,-1.95671636509
1.02964674851,-1.94483061357
1.0284353058,-1.94044186673
1.02948137706,-1.95370030887
1.02950095447,-1.94203390655
1.02995702479,-1.96015864907
1.02925563042,-1.94706350011
1.03028703839,-1.9463529858
1.02554995669,-1.94745689246
1.02534189273,-1.95850426214
1.02476505368,-1.94595300522
1.02470457615,-1.96256819938
1.02362569313,-1.96192221296
1.02500627306,-1.95041271679
1.02301277833,-1.95721226202
1.02241223561,-1.95200014242
1.0232487317,-1.93367187904
1.02203448499,-1.96272701531
1.0218429136,-1.95930363166
1.01282440503,-1.34893153754
1.01872381689,-1.88855764003
1.01976479918,-1.59527417317
1.02039420048,-1.73436045212
1.01885015015,-1.76825517373
1.02023569602,-1.75995524929
1.02075621494,-1.78505283569
1.01776774134,-1.78184206177
1.01909859243,-1.79686572665
1.01889185434,-1.81154335371
1.02023523662,-1.8358189541
1.02091004622,-1.78033954207
1.02055983955,-1.76976940842
1.01711825585,-1.80020230205
1.0206825115,-1.82442459857
1.02222547783,-1.82146055505
1.01960428783,-1.82404556809
1.0192578853,-1.8133039979
1.02015358088,-1.80403729655
1.01995124707,-1.81230122893
1.02169397613,-1.80909492948
1.02088019213,-1.79167741143
1.01986878455,-1.80586271988
1.02095970475,-1.79222320728
1.023717546,-1.8066075414
1.02052433712,-1.81569723656
1.01984276467,-1.81334872042
1.02149411447,-1.81981278796
1.0212712571,-1.81224950145
1.02069119734,-1.84608701677
1.02161460636,-1.8171894659
1.01914278042,-1.81216564023
1.01857198927,-1.82400226499
1.02086325805,-1.80869409806
1.02071153482,-1.83342638066
1.01819885667,-1.84009217905
1.01957305083,-1.81751238789
1.01991072206,-1.84205710565
1.02004791827,-1.84144886033
1.01998944344,-1.8322768283
1.02027145206,-1.81700449245
1.0179512635,-1.84454576834
1.02119377947,-1.832161233
1.02081258624,-1.83400966452
1.01937203311,-1.81916740591
1.01838575427,-1.8371910827
1.01995469854,-1.82408891135
1.021351629,-1.83928919333
1.02123350171,-1.80878126882
1.02028073239,-1.84859621425
1.01921853365,-1.84650164603
1.02026998361,-1.83173157687
1.02346816249,-1.83682682644
1.02048912777,-1.83114173629
1.02019626147,-1.83577749607
1.0215593826,-1.83391773635
1.02283365354,-1.85376641451
1.02115192244,-1.84016964595
1.0220873514,-1.82026432462
1.02063130635,-1.85311037457
1.02091713074,-1.83763382133
1.02299107673,-1.84075102153
1.02134263343,-1.8439501562
1.01941886073,-1.8416755524
1.02186393224,-1.8193737876
1.02219658235,-1.84390650601
1.02074049167,-1.84811959713
1.02183443324,-1.82109414387
1.02152921375,-1.84748481952
1.01871541364,-1.84130300825
1.02225624944,-1.83463049159
1.02223525675,-1.85339755376
1.02063626298,-1.8307045718
1.01969672269,-1.83629470632
1.02018542922,-1.8405769322
1.0194460134,-1.82656555696
1.02200481478,-1.84070844056
1.02060201995,-1.83262658884
1.0201693325,-1.84266372747
1.02142709713,-1.84226983953
1.0232868028,-1.83562787223
1.01948955605,-1.84750985436
1.02100570256,-1.84453219291
1.0228401935,-1.86021935669
1.02172137708,-1.86034758044
1.02085313543,-1.84025518245
1.02105631014,-1.845344936
1.02022355515,-1.84955647365
1.02169946398,-1.84332758814
1.02231155007,-1.84306374116
1.02084277078,-1.85467171685
1.02015602631,-1.84087060486
1.02254652574,-1.82434957742
1.02010201315,-1.86562315994
1.02111181415,-1.85048204167
1.02208061666,-1.84552707499
1.02127032986,-1.84943675929
1.01900275834,-1.86553413092
1.02207926231,-1.850236857
1.0221639749,-1.8677809877
1.02022775475,-1.84695770415
1.01992196115,-1.857530883
1.02096728308,-1.85721367711
1.02029151849,-1.86432535045
1.02122119145,-1.8427529231
1.01977023103,-1.84351475239
1.01870851998,-1.84877297325
1.021124684,-1.85598155585
1.02196770407,-1.85072721582
1.01840376535,-1.83920034834
1.01983425765,-1.85488766818
1.02052071189,-1.85019643278
1.020473912,-1.84643004974
1.02133302903,-1.85180644466
1.02153973385,-1.84197639235
1.0187722405,-1.87127828922
1.02132357879,-1.85814244182
1.02218779336,-1.84045974497
1.02219092123,-1.86593774262
1.02034522303,-1.86157136933
1.02196488831,-1.85290178796
1.02067460717,-1.85429699862
1.02216503063,-1.85606070931
1.02327766884,-1.84717771922
1.02073502376,-1.85916794396
1.01981888745,-1.87260681042
1.02177761578,-1.8555607634
1.0215280405,-1.86289411081
1.02020980799,-1.8644534205
1.02040183299,-1.85003334854
1.02099980953,-1.85939727621
1.02094649901,-1.86535729435
1.02228441394,-1.85541175577
1.02026264805,-1.85629693755
1.01951625131,-1.86593061008
1.0208070134,-1.84262990383
1.02254746441,-1.86197452233
1.02049645197,-1.85767984428
1.02179991885,-1.85493552875
1.02043101034,-1.86627100365
1.02106168342,-1.85668545964
1.02127874906,-1.85146453511
1.02095038863,-1.67012947333
1.01907629477,-1.46654520206
1.01958272065,-1.63763642883
1.02251612208,-1.7618128353
1.02025146409,-1.83947070194
1.0194224787,-1.86171883732
1.02161409354,-1.90487430798
1.02006375829,-1.91803947006
1.02233152973,-3.61112315642
1.0198483087,-2.01847207244
1.02038925652,-1.70313064284
1.02043831627,-1.76553650307
1.02359101499,-1.78093653481
1.02115772475,-1.83031701111
1.02016764423,-1.82100919758
1.02135098733,-1.83546464777
1.02058353493,-1.83449845189
1.02055741731,-1.8001255735
1.02323402351,-1.83109736559
1.02062402312,-1.83504394666
1.01975015201,-1.85016957705
1.02218586101,-1.8573187608
1.02189027401,-1.85333987732
1.01934900512,-1.83416308836
1.02111054898,-1.85010122842
1.02127864072,-1.84607787902
1.02085538163,-1.85787195313
1.02036658747,-1.84668108098
1.02069823342,-1.86773139553
1.01950713401,-1.85705935738
1.02208743315,-1.85641724779
1.02047627383,-1.8487091868
1.01965209027,-1.86366591944
1.02013554735,-1.84490147743
1.02154542462,-1.8499255774
1.01982670167,-1.84897823518
1.02138084366,-1.85276170596
1.02265420726,-1.84983966325
1.02067210269,-1.86774109761
1.02021136978,-1.85464456853
1.02229899112,-1.85434162435
1.02145789986,-1.86220497771
1.02254337395,-1.88170734662
1.02125876635,-1.86359070316
1.02067800848,-1.85622827128
1.02197646046,-1.87555754904
1.02332982999,-1.86508190242
1.02135582239,-1.86899545708
1.02022402871,-1.8500550364
1.02201715252,-1.8589671274
1.02145166913,-1.85884666994
1.01964406791,-1.85324120143
1.02122116382,-1.83651787558
1.02246151602,-1.85339332482
1.02067215043,-1.85468005992
1.01990319292,-1.84810153468
1.02085737075,-1.85919789806
1.01912922465,-1.85819644124
1.02209824257,-1.84329820927
1.02130111445,-1.83891310499
1.01985632566,-1.85286494172
1.02000084613,-1.83958168685
1.02089928654,-1.84763831029
1.0193859786,-1.86655300224
1.021446857,-1.85164160344
1.02180127075,-1.86947126315
1.01979154327,-1.84669863503
1.01987135881,-1.85724375289
1.02272103669,-1.84470095689
1.02085985581,-1.84539382762
1.02048133696,-1.82588795064
1.02038415273,-1.85128896155
1.02012907091,-1.85358912549
1.02092714968,-1.85292179794
1.02253306805,-1.83342299795
1.01987748506,-1.86606830901
1.02035453356,-1.84067696854
1.02272850659,-1.85079564042
1.02211675712,-1.86523509765
1.01917884638,-1.84910141979
1.02094611495,-1.86223029796
1.02066412819,-1.86645926123
1.02062171793,-1.86832964595
1.02149376651,-1.85163684521
1.01986905645,-1.86702851505
1.01849384425,-1.86683255322
1.02130708269,-1.84143187008
1.02079992388,-1.86131742853
1.01984826059,-1.86217612496
1.01950176181,-1.86614493696
1.02072439286,-1.86921903302
1.01881067991,-1.87459300506
1.02130356679,-1.88038303172
1.01911425053,-1.85414344021
1.01848559068,-1.8631141968
1.01955618698,-1.86398758255
1.02170015943,-1.86508133669
1.02015375582,-1.86813043299
1.01867009256,-1.84947443087
1.0195401186,-1.85124540492
1.01963805034,-1.86825343253
1.02019930731,-1.86159206327
1.02090333246,-1.85325071261
1.01820977774,-1.84465180215
1.01944697857,-1.84957221111
1.02127028538,-1.85388574075
1.02124407288,-1.86810347689
1.01836894108,-1.84528901814
1.02016236035,-1.85291509993
1.01984416981,-1.85596074588
1.02013900394,-1.86387884641
1.02129774719,-1.85921049588
1.0199951102,-1.86202060549
1.01838215922,-1.85634625528
1.02196067503,-1.84270932909
1.0200843783,-1.86122393549
1.018490757,-1.85945772217
1.02034340037,-1.85114834619
1.02080393597,-1.86721160859
1.01975923831,-1.86825188117
1.02119299713,-1.86365801584
1.01880063012,-1.88026006084
1.01879384184,-1.86357624165
1.01978261906,-1.85900271645
1.02039493829,-1.85210774756
1.0190218717,-1.87100372257
1.02000855887,-1.86453638958
1.0190763841,-1.849238708
1.01958162274,-1.86378713802
1.02052422884,-1.85768885771
1.02238848352,-1.85980473569
1.01865528415,-1.86426470046
1.02034888079,-1.84647556847
1.02238773457,-1.86096028042
1.0212607702,-1.85932591681
1.02027286717,-1.86191254958
1.02075174599,-1.84288605163
1.02081401027,-1.87335240589
1.02189537112,-1.86067623645
1.02175350022,-1.86078808693
1.02002217401,-1.86788307974
1.02015923705,-1.84879960853
1.02255345704,-1.86068101545
1.02044722644,-1.86935306187
1.01864692957,-1.85506709366
1.02102012245,-1.84541260664
1.02115411441,-1.87057299104
1.01978165862,-1.85786280297
1.02195373476,-1.84874152682
1.02085732638,-1.87247508048
1.01946458921,-1.86022619264
1.01933845448,-1.83993834795
1.02177327516,-1.85473277394
1.02037357813,-1.8648277745
1.02052256404,-1.85553365466
1.01922256773,-1.86881226676
1.01906564457,-1.8506970088
1.02237408267,-1.86716423826
1.02148574765,-1.85890226441
1.01914077281,-1.86636112003
1.02057307083,-1.85032708015
1.02198319762,-1.86494750757
1.02519535912,0.675248056084
1.01908225856,-1.90424351122
1.02031438584,-1.51974158101
1.02011654658,-1.57718649667
1.02217116867,-1.67713266954
1.021227668,-1.77022817836
1.01924864892,-1.84665773378
1.01900784835,-1.87377557152
1.02207564946,-4.67425258971
1.02085215326,-2.27060346662
1.02112475784,-2.19955545046
1.0205028469,-2.000107523
1.0200066296,-1.95080151131
1.02094749211,-1.90780606244
1.02225553735,-1.87008731926
1.02059866598,-1.85999428022
1.01830657079,-1.86654190217
1.0203869812,-1.88175362023
1.02132900754,-1.87985583418
1.01968223058,-1.85037954743
1.02093894326,-1.85335387442
1.02012288441,-1.85820709047
1.02049430525,-1.86531152625
1.02074018284,-1.86475722058
1.02100502032,-1.8590093202
1.01748851452,-1.85202086431
1.02113736636,-1.87197311313
1.02144079974,-1.83981777963
1.01986777602,-1.85554886593
1.02051925369,-1.85133154353
1.02048089646,-1.84162151205
1.02010551617,-1.84087767261
1.02165667681,-1.83701896245
1.02216074395,-1.85078035397
1.01981770881,-1.87614522006
1.02016259562,-1.84503417959
1.02260298993,-1.84381973597
1.02105538577,-1.86917027211
1.02039489466,-1.83811820143
1.02082900972,-1.84636419634
1.02069357106,-1.84078497912
1.02081716565,-1.86390783427
1.02274206848,-1.84789920679
1.02024844399,-1.86898913071
1.02124316698,-1.86055497986
1.02280045036,-1.86619811461
1.02054624922,-1.86167426591
1.01964030661,-1.8629127033
1.02199611658,-1.8634675335
1.02190816451,-1.8704854684
1.0210121286,-1.86542437565
1.02359082179,-1.86803004277
1.02279273809,-1.857409226
1.0187058483,-1.83307882701
1.02178045996,-1.85998158213
1.02137495356,-1.86082883739
1.019869889,-1.85656301632
1.01953275748,-1.84062304693
1.02008729495,-1.86770715141
1.01865933495,-1.86048717551
1.02026868504,-1.84387399945
1.01895081171,-1.85991371097
1.01791043795,-1.85478753218
1.01974399931,-1.85172942268
1.02180774925,-1.8675392333
1.01850786161,-1.86058134831
1.01975389216,-1.84223800933
1.02072353791,-1.85327644189
1.01935350246,-1.86468858735
1.02035866119,-1.85148862287
1.02175708195,-1.8538968685
1.01963492694,-1.83689929918
1.02054992666,-1.83863942322
1.02121937994,-1.85472543866
1.02025341139,-1.85954538324
1.02039843768,-1.87080836642
1.02149751785,-1.83649494
1.01933664837,-1.88559162533
1.019977726,-1.85625318557
1.02117227029,-1.84506103198
1.02071413046,-1.8640254852
1.01782752646,-1.85461810915
1.02078610222,-1.85841698021
1.01993040488,-1.86180077976
1.01852240219,-1.871491975
1.01842388647,-1.86033780997
1.02047700709,-1.86531491934
1.01897967694,-1.85962090755
1.02165189933,-1.85137289434
1.01831363417,-1.85606940762
1.01811578075,-1.85592940265
1.01992505725,-1.85207455698
1.0208164312,-1.83643756485
1.01861399282,-1.85838822131
1.0194768747,-1.85859988345
1.02098790263,-1.87141970953
1.00876792785,-1.48098333863
1.01835709705,-1.9673494844
1.0188083293,-1.99775004344
1.01541689519,-1.93180843658
1.01657436647,-1.9363614139
1.01816368018,-1.95229310581
1.01862630992,-2.01365380448
1.01748287785,-2.04105674055
1.0184369974,-2.02675316106
1.01624731624,-1.71483720219
1.01828700081,-1.68751308508
1.02137611469,-1.72961137085
1.01848800742,-1.72490412176
1.01729429882,-1.72589512073
1.01984321548,-1.73826055145
1.01941947104,-1.72069431666
1.01814998572,-1.73435309963
1.01818218275,-1.74993860905
1.01779811318,-1.74489124995
1.01719655078,-1.72516807228
1.01959493498,-1.7298107428
1.01814103552,-1.74326073907
1.01618870793,-1.7419911556
1.01822625852,-1.73720055639
1.02035501973,-1.72829411207
1.01788283236,-1.73911880009
1.01830396809,-1.75244526916
1.01737067381,-1.76963361949
1.01778855561,-1.73564529109
1.01903887835,-1.75366030767
1.01903107955,-1.74738161874
1.01761486095,-1.76783706404
1.01810535581,-1.76849488989
1.02008317731,-1.74251672393
1.01839308924,-1.74149335684
1.01766833607,-1.7547961443
1.01867655071,-1.77343695123
1.01671012963,-1.76062508549
1.01915502481,-1.77154353099
1.01949018099,-1.75852261327
1.0186631395,-1.75490261828
1.01804498331,-1.75971585311
1.0199403704,-1.74972115746
1.01865442919,-1.76237689077
1.01814881001,-1.74512987223
1.0180900007,-1.76161092357
1.01743898323,-1.75790340499
1.01847612915,-1.77128137548
1.02035562649,-1.76777071648
1.0179868781,-1.76374937648
1.01649686532,-1.77796679652
1.01926970733,-1.74104169813
1.01922718199,-1.74922476796
1.01665872403,-1.74128816169
1.01765595729,-1.75651685244
1.01675798961,-1.74951581273
1.01759844595,-1.75086618193
1.01806017899,-1.76712021467
1.01744596243,-1.77316075487
1.01618644863,-1.76350956578
1.01860089544,-1.76786653239
1.0187620904,-1.77080448583
1.01881114202,-1.75477436509
1.01882127088,-1.75639637043
1.02077490497,-1.7807026958
1.01866573583,-1.74991275152
1.02090577109,-1.75227800963
1.02280904984,-1.76118696187
1.02191898282,-1.77482367588
1.02070968588,-1.7633686633
1.02270912899,-1.75776472326
1.02068965328,-1.77242269213
1.02117789296,-1.75359862043
1.02157434606,-1.76753412195
1.02066811564,-1.74476735273
1.02089932047,-1.75075656472
1.0225933465,-1.77546788381
1.01886530286,-1.76283219246
1.01840212513,-1.76281629309
1.02135711247,-1.75435443516
1.02138343435,-1.76561058957
1.01822392908,-1.76035557981
1.0207921881,-1.76570735134
1.02070252313,-1.76232721946
1.0198981082,-1.75160194527
1.02073807187,-1.76128424907
1.02169298681,-1.7617695311
1.01893845533,-1.76003702063
1.02098310243,-1.76155757463
1.02010359779,-1.74210858515
1.0204327447,-1.73874180588
1.02173464865,-1.77272910988
1.02033999836,-1.76968139246
1.01772493203,-1.76360721285
1.01977493282,-1.75772880104
1.01952987643,-1.76761611436
1.01740784746,-1.76536456888
1.01685389174,-1.77798633375
1.01953008909,-1.74252800607
1.01676593311,-1.76160997649
1.01651330438,-1.76000289813
1.01644251723,-1.75078550675
1.01659783647,-1.75718398032
1.01907024764,-1.76379045133
1.02068880125,-1.75345515773
1.01712412465,-1.76818978143
1.01667859273,-1.76666408197
1.01937369977,-1.76443589862
1.01970408661,-1.7718778195
1.01855004205,-1.76943796595
1.01875238516,-1.75841298177
1.01731921669,-1.75720364819
1.01693626262,-1.75031349581
1.01936914938,-1.76611697916
1.01853560867,-1.76169842609
1.0160747403,-1.74476089208
1.01852529449,-1.7439700358
1.01819478344,-1.75338201208
1.01734854151,-1.75134420589
1.01759697126,-1.76406314406
1.01802624166,-1.76422073654
1.01662362456,-1.75347371278
1.01981420507,-1.75900154506
1.01757752543,-1.76013555191
1.01558841316,-1.75257300395
1.01707131906,-1.74728699223
1.01873745279,-1.74054379793
1.01782890787,-1.76846061035
1.01792210842,-1.76986672225
1.01815149218,-1.78769749275
1.01666581276,-1.75785492243
1.01836664313,-1.75266129804
1.02019886896,-1.75057937741
1.0164060501,-1.76218931458
1.01712651168,-1.75471373575
1.01744810689,-1.73666714825
1.01824647876,-1.74296301271
1.01657656496,-1.74928924279
1.01881712571,-1.74435546254
1.01666479632,-1.75178496331
1.01724664586,-1.75711197273
1.01829927084,-1.753508957
1.01597688885,-1.79042639024
1.01618470813,-1.3910263821
1.01978387405,-1.5951536087
1.0182495356,-1.70214131264
1.01667251272,-1.7365931624
1.01756747867,-1.77630024838
1.01727137888,-1.79688554806
1.01549355412,-1.79896812929
1.02001556561,-3.39519873737
1.01835095443,-1.91779662404
1.01635644291,-1.60836225624
1.01701141414,-1.63894306101
1.01736055316,-1.69395962372
1.01632695999,-1.73011438771
1.01773281416,-1.72249918049
1.01647084939,-1.7328411414
1.01654650916,-1.74572531106
1.01751217203,-1.64075227872
1.0187183758,-1.69699181745
1.01549803109,-1.74179098367
1.01765535414,-1.74248670023
1.01958815928,-1.75468668341
1.01766700756,-1.7268327303
1.01707883118,-1.75619450297
1.01842252615,-1.73790420517
1.0168622573,-1.73709312797
1.01855050373,-1.73149765054
1.01874718949,-1.71900511397
1.0172640762,-1.71153414193
1.01721297874,-1.73308706453
1.01893279065,-1.72271874598
1.01723291945,-1.72374711185
1.01749770452,-1.71857787718
1.01853137656,-1.7454622456
1.01760935894,-1.72912345561
1.01586813949,-1.72899409412
1.01867218091,-1.73896212589
1.01838000988,-1.74472629634
1.01771869192,-1.74169367839
1.0172384133,-1.73186372089
1.01845182128,-1.73199531733
1.01675541764,-1.73087995432
1.01879624128,-1.74955636595
1.01653882317,-1.74386398215
1.01698437988,-1.73290546495
1.01853342297,-1.74227853741
1.01781770068,-1.73814445527
1.01566180272,-1.75915620447
1.01735216358,-1.7350848692
1.01915454079,-1.7425018923
1.01779270136,-1.74139155936
1.01631215166,-1.75535920924
1.01809244774,-1.75863659412
1.01620499284,-1.76385848868
1.01914466684,-1.7744891631
1.01946774947,-1.79660741225
1.01843054531,-1.77659089907
1.01734662033,-1.75545601623
1.01968894141,-1.76959035389
1.0185438637,-1.77767187133
1.0195609957,-1.78121514509
1.01965745554,-1.76154605995
1.01801937421,-1.77211362725
1.01781680099,-1.75649995657
1.02050233696,-1.77896944238
1.01800950258,-1.75684140966
1.01675945052,-1.7878547072
1.01853409271,-1.76954053069
1.01893178651,-1.77779677419
1.01771343269,-1.76858957383
1.01768324306,-1.76096964985
1.01644966252,-1.78603590869
1.01684865932,-1.7768787516
1.018267105,-1.76519956014
1.01922381498,-1.77804718682
1.01577944497,-1.7592624043
1.01757369586,-1.77595676899
1.01774816932,-1.7474840846
1.01696285769,-1.76216181844
1.01692731082,-1.77580742526
1.01772355369,-1.77560638778
1.01612906274,-1.74163213325
1.01740806795,-1.7578941504
1.01897224317,-1.78719595203
1.0170206516,-1.78706171184
1.0166743368,-1.77328992035
1.01986876416,-1.77356344109
1.01834803673,-1.7815792276
1.01866400474,-1.76679924099
1.01738302948,-1.75098661447
1.01763429987,-1.76881857423
1.01823792834,-1.76120640794
1.02083853174,-1.75736471908
1.01757067499,-1.76376684146
1.01703934104,-1.76269654259
1.01828090823,-1.74991172682
1.01786205813,-1.7726496241
1.01720802419,-1.76801025534
1.01880829478,-1.77029923918
1.01709123496,-1.77590359955
1.01669467746,-1.75530028965
1.01999488711,-1.78149831924
1.01795353708,-1.75674130724
1.01528513099,-1.76597456345
1.01770805622,-1.76615753204
1.0178692864,-1.76716418723
1.0177712649,-1.77376827787
1.01692118605,-1.77690192025
1.01616293503,-1.7790494856
1.01603905662,-1.77794110712
1.01840670727,-1.7717956273
1.01693181598,-1.78072561807
1.01495476736,-1.76918281079
1.01620050765,-1.7620283348
1.01887284198,-1.78341129785
1.01604937493,-1.76249705749
1.01790997203,-1.76851797841
1.0171618588,-1.75963775546
1.01809336316,-1.76832897585
1.0185114239,-1.77431863209
1.02147006413,-1.78247034987
1.01979881342,-1.76441360315
1.02054704173,-1.77687868456
1.02108257429,-1.75043596124
1.02096129524,-1.76610053182
1.02231482935,-1.77485358765
1.02412890436,-1.77099831081
1.020989305,-1.77267476043
1.02045484427,-1.73127044879
1.02259931946,-1.76746726731
1.02153349757,-1.77915405328
1.01833325228,-1.77232223454
1.02126834015,-1.78663200396
1.02007327293,-1.75645896874
1.01951975373,-1.76279408131
1.01878916988,-1.76515108813
1.02024387977,-1.79199605848
1.0189075452,-1.75616139704
1.02137564593,-1.76437928943
1.02038031991,-1.77626296818
1.01879238444,-1.76464902697
1.02072100282,-1.75796110393
1.02230685617,-1.77874256788
1.02038379593,-1.77617079986
1.02260279667,-1.79066333063
1.02230416171,-1.78099876355
1.02096229198,-1.78672209732
1.02125515624,-1.80166099674
1.02388121875,-1.7860979551
1.02024738583,-1.77980796172
1.0205504081,-1.78510699979
1.0202515518,-1.77756198793
1.02010377356,-1.79595203918
1.01883891862,-1.78911347424
1.01938791662,-1.76526630329
1.01714033174,-1.76860712343
1.01915512719,-1.76088770098
1.02078975517,-1.75334694258
1.01787399777,-1.75392565596
1.01591411572,-1.76346270423
1.01830565045,-1.75658635787
1.01771120475,-1.7248323427
1.02235794824,1.24745099368
1.01786930497,-1.60698754796
1.01657267005,-1.36242428148
1.01539802069,-1.47536426401
1.01934138273,-1.62475255865
1.0180736571,-1.71562905193
1.01567585015,-1.77188096629
1.01695299953,-1.79957572659
1.01845711447,-4.71662020564
1.0175101212,-2.32739458874
1.01846723646,-2.0362340552
1.01671985509,-1.91501513646
1.01588262702,-1.85151989497
1.01775902789,-1.81128057281
1.01875404263,-1.7802484461
1.01609282979,-1.74206296223
1.01636308713,-1.7593436435
1.01800698337,-1.71365303055
1.01699311695,-1.68064904933
1.0166471288,-1.71778372175
1.01789739491,-1.73145678419
1.01562898732,-1.72403210625
1.01792751673,-1.75036106494
1.01965594575,-1.74805986392
1.01868547624,-1.73847960171
1.01685482654,-1.75149413044
1.0186676603,-1.73108678001
1.0177047083,-1.72866889088
1.01825045573,-1.74706516659
1.01847387468,-1.73036683818
1.01693453281,-1.74358481444
1.01628847462,-1.72009617577
1.02015080263,-1.74771671113
1.01751801299,-1.74034982051
1.01574345549,-1.77547378199
1.01778372776,-1.72416761587
1.01920749023,-1.73162702808
1.01565488916,-1.74910073129
1.01734447603,-1.74539344938
1.01632860541,-1.73715175582
1.01673759243,-1.74331823813
1.01745062229,-1.73614859766
1.01782378329,-1.74914998699
1.0154405075,-1.75706436516
1.01680580654,-1.75538873268
1.01809496289,-1.76138438956
1.01705569258,-1.75709455729
1.01722226483,-1.73971805557
1.01925760813,-1.74901050222
1.01571107584,-1.7538768983
1.01787609359,-1.76473522686
1.0189118755,-1.74515403344
1.01796632823,-1.76563100668
1.01784119829,-1.74337391892
1.01918909382,-1.75362039409
1.01683229688,-1.75712087746
1.01775641787,-1.75148333629
1.01787758112,-1.77024442853
1.01632840322,-1.76832942514
1.01734411314,-1.76041021616
1.01999782561,-1.75386633333
1.01694808865,-1.75965467822
1.01632123522,-1.75984356634
1.01729464093,-1.76310460231
1.01781493774,-1.78866196743
1.01626882551,-1.78980906814
1.01861825376,-1.77117481746
1.01729430613,-1.78312549182
1.01641383628,-1.77526041682
1.01702397924,-1.77823447597
1.01860125764,-1.76643750742
1.01622130381,-1.76719173013
1.01814842837,-1.77187555472
1.01691021609,-1.76744836742
1.01609282615,-1.76403457443
1.01811689341,-1.76440060545
1.01784661032,-1.76114462437
1.01605989247,-1.7585849519
1.01788514309,-1.7532463746
1.01832296026,-1.7603879067
1.01690500196,-1.76240538664
1.01623082155,-1.74548092249
1.01941183892,-1.75264734097
1.0179862518,-1.7527663148
1.01885135909,-1.75452404392
1.01820682575,-1.74754974471
1.01668097613,-1.75918632583
1.0177351514,-1.76388742158
1.02073085931,-1.76632675233
1.01799281653,-1.75117043018
1.01805646137,-1.7620796428
1.01921573654,-1.77163943175
1.01876057228,-1.77004949624
1.01824858833,-1.76911932042
1.01910386737,-1.77192392485
1.01827615483,-1.7601694922
1.02616835914,-1.37787482166
1.03723869363,-1.96526299515
1.03735388822,-2.00441584026
1.03434410275,-1.94080306547
1.03684920695,-1.94654315758
1.03534939946,-1.93089661468
1.03607339249,-1.98093645775
1.03601219632,-2.0047173193
1.03527365952,-1.97992611899
1.03477473195,-1.94934793934
1.03647763236,-1.91202066796
1.03653651814,-1.93417619681
1.03500877602,-1.90993024589
1.03487105138,-1.91423108445
1.03590672786,-1.92466397979
1.03610283368,-1.92647983623
1.03658455674,-1.92529779028
1.03525314574,-1.92863327948
1.03414613197,-1.94593927463
1.03486448006,-1.93362602878
1.03818091763,-1.94743063661
1.03500855331,-1.94254631859
1.03553697007,-1.94530799918
1.03619323868,-1.93779999308
1.03651991141,-1.93228286441
1.0356663184,-1.93718928688
1.03662574472,-1.94190082996
1.03467024322,-1.9702036762
1.03560395291,-1.93544444684
1.03790877453,-1.94660815943
1.03558116022,-1.96017595066
1.03335063989,-1.94833263272
1.03628220159,-1.95074789679
1.03471221585,-1.94393966199
1.03483039755,-1.95077803665
1.03632269282,-1.95273069401
1.03503249866,-1.98267808136
1.03393173571,-1.96094217217
1.03585129278,-1.94471950823
1.03587396462,-1.95422099441
1.03429877074,-1.95370889031
1.03451706836,-1.95463938545
1.03485771787,-1.94059050681
1.03409833933,-1.93081314528
1.0364417299,-1.94573626457
1.03413781969,-1.95040129878
1.03373134728,-1.94255239282
1.03582922423,-1.96434579156
1.03740333414,-1.95507350125
1.03338595877,-1.97300546223
1.0352200466,-1.9560131359
1.03661320702,-1.97223615979
1.03649581508,-1.96673846981
1.03603995912,-1.96939867377
1.03630854722,-1.97939398429
1.03400292,-1.973352077
1.03574308002,-1.97198155207
1.03604473675,-1.95483295983
1.03569171753,-1.97257655699
1.03519992769,-1.9538194358
1.0366754061,-1.96181481998
1.03438256853,-1.97622840606
1.03444289871,-1.94521703771
1.03588277212,-1.97005469769
1.03588298154,-1.97538129156
1.03385264774,-1.95796430744
1.03653054111,-1.95679341866
1.03558270387,-1.96307271953
1.03418813383,-1.9752041833
1.03438144063,-1.95965693449
1.03653686878,-1.95564025688
1.03476060815,-1.97907363662
1.0357072883,-1.94871022842
1.03462193212,-1.95784816195
1.03442964288,-1.97741487394
1.03643788099,-1.9740413748
1.03701553744,-1.96321842491
1.03363078324,-1.97195806251
1.03464276307,-1.96287433609
1.03597744006,-1.9476259141
1.03541878547,-1.96400911418
1.03491535535,-1.97714327721
1.03681830515,-1.95833412859
1.03337298801,-1.96983300686
1.03572076301,-1.96821437714
1.03615456728,-1.94856552097
1.03581970465,-1.96735371917
1.03520486153,-1.95949657674
1.03783287767,-1.97401966971
1.03662011578,-1.957966095
1.03736470574,-1.95392152637
1.03757665328,-1.95308897072
1.036081466,-1.96647262792
1.03584751677,-1.95498596085
1.038934468,-1.94891041477
1.03723909966,-1.96355695104
1.03456534875,-1.96544043566
1.03628129006,-1.97413611693
1.03657860849,-1.9585473048
1.03566819447,-1.95278971024
1.03765274001,-1.97014156348
1.03431668012,-1.977887108
1.03377411354,-1.96595230237
1.03554304686,-1.95240862298
1.03675006491,-1.96009825522
1.03408027952,-1.96862631396
1.03546351317,-1.96093236392
1.03543319728,-1.97140880362
1.03528348244,-1.97874869331
1.03600388391,-1.96554063477
1.03656311327,-1.98052513363
1.03491342109,-1.96808291196
1.03706568672,-1.94798119415
1.03825523188,-1.94632026608
1.03668009715,-1.9473778987
1.03548411529,-1.96146474322
1.03795020151,-1.96013011424
1.03614499953,-1.96367764733
1.03727950195,-1.95605141912
1.03688316023,-1.95226568269
1.03497516691,-1.94997098711
1.03409866628,-1.95092671355
1.03792017649,-1.94014795413
1.03546929212,-1.94489724473
1.03440349045,-1.97253079308
1.0352270521,-1.96119577816
1.03448882388,-1.95410883457
1.03464789715,-1.96174382107
1.03667504242,-1.96334231311
1.03546420668,-1.96206774111
1.03460863124,-1.95995404552
1.03651717646,-1.96624078879
1.03696079524,-1.97485510986
1.03382097672,-1.98331538777
1.0353919649,-1.95593255267
1.03620738502,-1.95179703876
1.0354527504,-1.96438738185
1.03471857626,-1.9533302486
1.03387960352,-1.95648938626
1.03342260086,-1.96033049955
1.03530074587,-1.95743879929
1.03576713291,-1.96504127754
1.03301159065,-2.37179714111
1.03328182873,-1.48854769915
1.03696177657,-1.74914201613
1.03351710772,-1.88617733995
1.03475652274,-1.97205464916
1.0364912896,-1.99998304226
1.03549545178,-2.05141037176
1.03485615131,-2.03572230309
1.038087955,-3.20731983755
1.03544477218,-2.17378924442
1.0354447279,-1.82308826785
1.03620491293,-1.8374096023
1.03540516951,-1.89318417387
1.03445085769,-1.94025779532
1.03667325307,-1.94592568256
1.03384676978,-1.94468666742
1.03489226407,-1.96797652733
1.03666023824,-1.94220410467
1.03678426287,-1.96175334338
1.03319879482,-1.97282494171
1.03536220974,-1.96489733807
1.03471339919,-1.94514713072
1.03461145814,-1.97178522029
1.03505811808,-1.97026734635
1.03656993142,-1.97326282466
1.03340976547,-1.953600102
1.03520133792,-1.95049513818
1.03488917645,-1.9431649174
1.03350112961,-1.9514472639
1.03556477669,-1.94442922562
1.03600866413,-1.95639560272
1.03307402596,-1.9349541467
1.03479332145,-1.93482559732
1.0348436428,-1.94837823827
1.03398871287,-1.95429054949
1.03428981047,-1.93503629451
1.03663096081,-1.95819926462
1.03271135497,-1.95739554311
1.03428554409,-1.95174280411
1.03515568965,-1.95494500891
1.03556326637,-1.96024392501
1.03494094465,-1.93874301384
1.03604401312,-1.96634180185
1.03387840821,-1.96274605002
1.03425020015,-1.96150067864
1.03716105113,-1.94404528573
1.03629556838,-1.9600252416
1.03379262209,-1.9538926631
1.03556635523,-1.96177564255
1.03516790087,-1.97373151113
1.03520687218,-1.97466705032
1.03545978383,-1.96458928234
1.03563939386,-1.96699489383
1.03291885615,-1.9814136253
1.03582098997,-1.97359146938
1.03571861094,-1.98040728565
1.03370704444,-1.99221240073
1.03385249707,-1.95330153408
1.03489612422,-1.96869899226
1.03392117552,-1.97500655477
1.03623546919,-1.9687534566
1.03444172342,-1.97139405281
1.03388066673,-1.98051234478
1.03531602082,-1.95861957048
1.03733291479,-1.97976402213
1.03571898129,-1.97227118626
1.03609606144,-1.98469416859
1.03742839476,-1.96986477701
1.03742377072,-1.97957770957
1.03763980955,-1.97384315085
1.03907142153,-1.97406693508
1.03569509365,-1.98735055911
1.03667716836,-1.96581547152
1.03874009565,-1.97051730007
1.03767749181,-1.97684209789
1.03555516723,-1.98293288908
1.03816364219,-1.98093597619
1.03702817484,-1.98463544883
1.03766207624,-1.99154081307
1.03713159431,-1.97971469372
1.03558928751,-1.98899336472
1.03563606736,-1.98166321464
1.03988291297,-1.96815263317
1.03734590375,-1.97856488835
1.03555993735,-2.00297437755
1.03705693834,-1.98848796599
1.038068283,-1.98854322816
1.03642749344,-1.97904726996
1.03850661153,-1.99074516846
1.03728975494,-1.96217255095
1.03635734172,-1.97549355643
1.03774230315,-1.96218048775
1.03702526618,-1.97570111075
1.03507418429,-1.96565958959
1.03657425067,-1.983817339
1.03625389125,-1.97971033892
1.0355607257,-1.983349415
1.03587629359,-1.97184551514
1.03602293406,-1.97025556397
1.03238981873,-1.97148007684
1.03507565224,-1.97764666374
1.03649393556,-1.97223720141
1.03437600645,-1.97696273222
1.03315577411,-1.97597197932
1.03577169555,-1.98666064373
1.03497131168,-1.96812757058
1.03636109706,-1.98195555551
1.03575759817,-1.98524301205
1.03290289904,-1.96663344591
1.03446996685,-1.96517832132
1.03738138715,-1.9837881611
1.03508755552,-1.97684231055
1.03479149186,-1.9750738621
1.03545285885,-1.98071886141
1.03534404755,-1.96815839526
1.03264192261,-1.97616607098
1.03659334747,-1.99186327803
1.03540677071,-1.9905540359
1.0342472217,-1.97646333205
1.03471383961,-1.97913895804
1.0365802656,-1.98061624813
1.03342983822,-1.96415378219
1.035759697,-1.99034932852
1.03505739485,-1.9698520677
1.03456211044,-1.97739346489
1.03666109629,-1.97752020652
1.03507375166,-1.9638581574
1.0328243008,-1.97729943937
1.03532502459,-1.98475127817
1.03659761666,-1.96275386194
1.03567705603,-1.99499329163
1.0335525231,-1.98198001044
1.03612674101,-1.97806631675
1.03384227174,-1.97016640786
1.03614133858,-1.96672827419
1.03557240136,-1.97728974777
1.03313309856,-1.98590738182
1.03381657381,-1.9797037333
1.03660282241,-1.96639725938
1.0349396494,-1.97048237812
1.03471989877,-1.99381209188
1.03531260201,-1.96887110389
1.03498075621,-1.99709976606
1.03385209702,-1.9733557361
1.03532750714,-1.98609293886
1.03347048645,-1.98836375387
1.03315528373,-1.98079964387
1.03579621705,-1.97917756861
1.03579280668,-1.98444931924
1.03185436619,-1.98921247964
1.03388842564,-1.97925566521
1.03317183752,-1.97400738193
1.03415925812,-2.00163987738
1.03546087143,-1.97485499081
1.03387691713,-1.97193731575
1.03140335562,-1.98028995952
1.0339326336,-1.96717588636
1.03469220114,-1.95903937177
1.03330559786,-1.97713418667
1.03321536245,-1.98924024271
1.03370005676,-1.97881691835
1.03257701097,-1.96293309927
1.03733116192,0.56904986112
1.03451760887,-2.00046690826
1.03189756857,-1.70353636181
1.03284597996,-1.73516196351
1.03573915952,-1.8274457987
1.03359399613,-1.91166237321
1.033605863,-1.98133470453
1.03401734154,-1.97432617084
1.03516768448,-5.36201929964
1.03428899983,-2.50464251903
1.03664306227,-2.2959633517
1.03314258033,-2.10715061876
1.0329567353,-2.02017816638
1.03515842727,-1.98313030328
1.03386653019,-1.94616933945
1.03243020502,-1.94340443938
1.03437820824,-1.95032329603
1.03262403758,-1.90235976716
1.03236639906,-1.93781850326
1.03428386054,-1.93906320286
1.03477087608,-1.94718225472
1.0318999799,-1.95276660189
1.03402957313,-1.94790742052
1.03501249058,-1.95518700642
1.03303852263,-1.94432264915
1.03354058638,-1.93465515281
1.03539103383,-1.95066276159
1.0343345254,-1.93947152711
1.03569262291,-1.93984549431
1.03441160409,-1.93713416851
1.03378775974,-1.96401991755
1.0348932091,-1.95140787526
1.03761681623,-1.95004824471
1.03335774584,-1.93881078324
1.03444480917,-1.96542001791
1.03602456013,-1.94569796761
1.03503630073,-1.96689901187
1.03430064259,-1.95493150448
1.0357646825,-1.95416482453
1.03403134761,-1.94930280947
1.03521792747,-1.94061778504
1.03554740409,-1.94594508449
1.03485545946,-1.95283720675
1.03529813129,-1.95670125163
1.03673525986,-1.94311670667
1.03472301426,-1.93403103952
1.03500800159,-1.97510171726
1.03587234123,-1.94322480418
1.03557633635,-1.96227053967
1.03336214076,-1.95528695753
1.03700235865,-1.95380530182
1.03649534707,-1.93467449502
1.0347922114,-1.95993368497
1.03508078542,-1.96633484283
1.03580967984,-1.97025150627
1.03403636561,-1.96114775475
1.03565460686,-1.97203568877
1.03390193773,-1.96815376472
1.0324959361,-1.96667214677
1.03483179819,-1.95824579997
1.03513899097,-1.95838688786
1.03395080187,-1.99266436588
1.03552520679,-1.97415052803
1.03560548829,-1.95351060799
1.03471727635,-1.9686424481
1.03319822861,-1.96827800663
1.03683586108,-1.96655478984
1.03369775639,-1.96552110354
1.03606997093,-1.96539496186
1.03626034341,-1.96794151623
1.03512629677,-1.96487257298
1.034439892,-1.96844261579
1.03636642667,-1.96590838454
1.03514594985,-1.96602075866
1.03590729838,-1.96979638011
1.03691276467,-1.9611348533
1.03471067476,-1.97561749412
1.0336667075,-1.96329870918
1.03727522143,-1.96524594326
1.03643068496,-1.95553702943
1.03475436565,-1.96388104485
1.03510783739,-1.96320011297
1.03499064941,-1.95513823821
1.0343559623,-1.96019912184
1.03726355975,-1.95200117982
1.03551783434,-1.95651523962
1.03354920908,-1.9607156238
1.03491716601,-1.96035049379
1.03645173286,-1.94308691794
1.03425728601,-1.96574762154
1.03552696502,-1.96135271813
1.03472614928,-1.96891082218
1.03406075972,-1.95966002553
1.03583778623,-1.94508096779
1.03542149875,-1.96092615213
1.0330340073,-1.94045267875
1.02335572337,-1.37842848843
1.03382150879,-1.79448957539
1.03286789972,-1.70848914077
1.03196962886,-1.71638679436
1.03359945468,-1.69952649642
1.03192578017,-1.71896712027
1.03402943103,-1.73674158679
1.03387673827,-1.72715702383
1.03274539259,-1.71512939042
1.03179295622,-1.70444174812
1.03523817867,-1.7067224454
1.03447611689,-1.7337555442
1.03408570761,-1.71422684373
1.03433554482,-1.72775314701
1.0339561877,-1.71539492641
1.03313651818,-1.72921341982
1.03581571817,-1.70195963355
1.03272194639,-1.72655636467
1.03187573524,-1.71676370401
1.03475936405,-1.70729824951
1.03533012683,-1.70687432094
1.03176609859,-1.72671886448
1.03236078603,-1.69975795178
1.03245902859,-1.70740421138
1.03290922755,-1.71197974297
1.0336746623,-1.71939313463
1.03280073285,-1.71668010563
1.03036820679,-1.71625413192
1.03428287963,-1.74015568532
1.0335060867,-1.74578136068
1.03228751182,-1.71723995184
1.03274413119,-1.72947861411
1.03462204645,-1.7345282449
1.03265470103,-1.71907069945
1.03417887078,-1.72775904872
1.03384816896,-1.72620945073
1.03255563076,-1.73138567555
1.03211366529,-1.73682859305
1.0346747309,-1.72244489047
1.03287146997,-1.72975825305
1.03206819232,-1.73986348641
1.03325008424,-1.73148192076
1.03246121457,-1.73396289348
1.03404594464,-1.72809528571
1.03513066316,-1.72049725937
1.0312862542,-1.7136935637
1.03229282128,-1.71853778862
1.03402350071,-1.72461318886
1.03418216621,-1.69366746933
1.0324943446,-1.72593006646
1.03389099126,-1.70583056136
1.03344891869,-1.72239845991
1.03321598118,-1.72514497983
1.03307647112,-1.71952918118
1.03408951592,-1.70910181553
1.03144560399,-1.71661382743
1.03382693331,-1.72346696209
1.03340572822,-1.73859288853
1.03146656392,-1.7103788866
1.03291450519,-1.72282211188
1.0332962041,-1.71929397613
1.03126266055,-1.71717554128
1.03414445544,-1.73726777786
1.03414984352,-1.7188071468
1.03194177241,-1.72711188875
1.03140597941,-1.72152069363
1.03516574578,-1.72517643036
1.03291187528,-1.7414303002
1.03280104604,-1.72545673605
1.03330961843,-1.72610029285
1.03259246261,-1.71091582528
1.03329768832,-1.72427015763
1.03524608693,-1.73843697024
1.03220152872,-1.74939025679
1.03205900876,-1.72567681495
1.03490166601,-1.71984587446
1.03495519456,-1.724496057
1.0323017092,-1.72694447458
1.03323918914,-1.71365700063
1.03222043822,-1.72657904039
1.03270427318,-1.71694854151
1.03432227916,-1.725823176
1.0327268671,-1.73859500174
1.03043346541,-1.72625581282
1.03388537193,-1.71929300706
1.03423252928,-1.735848452
1.03109456999,-1.71546579042
1.031439129,-1.73519448112
1.03212725397,-1.72485190419
1.03176021026,-1.74121122148
1.03410344704,-1.72154071691
1.03260875574,-1.73187207495
1.03026184518,-1.72526685783
1.03088273541,-1.71942372202
1.03355169278,-1.71736554386
1.03206772129,-1.72470998854
1.03206169141,-1.74844701185
1.03268503989,-1.74068419039
1.03138066946,-1.71426296556
1.03276702455,-1.73511953477
1.03495234782,-1.72117898274
1.0322562206,-1.7266323007
1.03306043308,-1.72315643457
1.03449697903,-1.70266277523
1.0344423557,-1.73671488989
1.03306570159,-1.74592588161
1.03429755762,-1.71520853815
1.03265646977,-1.71895107138
1.03360669144,-1.72638379672
1.03383554013,-1.73143046635
1.03194425886,-1.72006410487
1.0300365893,-1.71809102674
1.03462864589,-1.72610866594
1.03365249368,-1.74729607673
1.03195606105,-1.73095428067
1.03244611055,-1.73092278254
1.03243142901,-1.72967871558
1.03074187277,-1.72028736894
1.03402536866,-1.73777206231
1.03279992235,-1.72133823137
1.03176230679,-1.72179255206
1.03319836438,-1.71132200582
1.03401867438,-1.70658106104
1.03209310149,-1.72675610672
1.03410659762,-1.71824172528
1.0343134034,-1.72818956456
1.03450680465,-1.7239632091
1.0345195896,-1.71817206157
1.03551142202,-1.71272280229
1.0311689279,-1.70989420899
1.03317161362,-1.7322013287
1.03416868176,-1.72439997465
1.03308883317,-1.71721181539
1.03229201992,-1.72092603251
1.0326347072,-1.71260302637
1.03236284365,-1.72083144817
1.03370195088,-1.72705909347
1.03321080129,-1.73909929561
1.0324349206,-1.7221985529
1.03252225374,-1.72251115826
1.03487881412,-1.71355410529
1.03275230485,-1.72594866397
1.03213479352,-1.9715713038
1.03274883454,-1.37334679706
1.03386675098,-1.55094953488
1.03090471993,-1.66235846638
1.03406358873,-1.69515315351
1.03315173033,-1.74786461102
1.03299497535,-1.78108835309
1.03319881167,-1.7817319704
1.03606601715,-2.96810128693
1.03185038826,-1.85604518349
1.03259968749,-1.61706383212
1.03147841948,-1.6260427099
1.03046815,-1.66449101367
1.0329569308,-1.68395588847
1.03299029895,-1.69452346277
1.02920495831,-1.69520442099
1.03106154579,-1.69961149771
1.03181663485,-1.66573104887
1.03225296394,-1.68343768862
1.03115570757,-1.73231520091
1.03374442491,-1.71776260384
1.03089507647,-1.69805773235
1.03181011401,-1.70065353109
1.03195569876,-1.7045451926
1.03079137837,-1.69653536539
1.03119485318,-1.72147708239
1.03406398466,-1.71923834862
1.03224518933,-1.70283651716
1.03174515615,-1.70571722522
1.03345331895,-1.70034456766
1.03217949342,-1.70385501134
1.03191096267,-1.72350694307
1.03364884009,-1.68591657676
1.03097453151,-1.72149243401
1.03012458421,-1.70651868992
1.03245994899,-1.71042603588
1.03398647934,-1.71885075611
1.03119888088,-1.72098811794
1.03224611329,-1.72209470452
1.03086101386,-1.72850820534
1.03084491416,-1.72212293467
1.03270859989,-1.71082536315
1.0328117382,-1.71930532941
1.03033434006,-1.7320031908
1.03170036987,-1.71171608853
1.03113305595,-1.70691625842
1.0325602099,-1.72247338196
1.03186196675,-1.7266362353
1.03223557673,-1.71460891362
1.03186312052,-1.73446031357
1.03281213,-1.71205828411
1.03263364457,-1.70629282231
1.03046063372,-1.7216463
1.03078557007,-1.72158887849
1.03379944891,-1.70947607599
1.03242210106,-1.73236460966
1.03240911201,-1.71115513522
1.03207749561,-1.71489576195
1.03171493666,-1.7150389929
1.03203825349,-1.70947149642
1.0343042072,-1.71667976428
1.03087420845,-1.70095083251
1.0309629242,-1.72098118199
1.03256079804,-1.73285309413
1.03327341377,-1.71603843239
1.03055357279,-1.71561093775
1.03287059006,-1.72086660005
1.03100696685,-1.72471686894
1.0317276431,-1.73329964558
1.03321169918,-1.71505873628
1.03280930723,-1.72070820285
1.0298923754,-1.71681725839
1.03239457569,-1.70819390796
1.03366580175,-1.70932071958
1.03245041508,-1.72796836842
1.03214441782,-1.71904652869
1.03281129773,-1.71912822722
1.032075676,-1.72203059529
1.03473360449,-1.72128828029
1.03303715692,-1.7099564193
1.03204023324,-1.73596790873
1.0319369512,-1.7033923745
1.03545136586,-1.72069682363
1.03152350371,-1.72587272226
1.03289633534,-1.72084913682
1.03337501641,-1.71549802618
1.03336295683,-1.71751472234
1.03253201863,-1.71996545734
1.03380458151,-1.70719185241
1.03181960848,-1.71845885192
1.03217358552,-1.71867618151
1.03476795276,-1.71981365795
1.03362104962,-1.71657133539
1.03260232744,-1.71291523538
1.03379812141,-1.71305446767
1.03216645029,-1.72062555813
1.03365158572,-1.71932481403
1.03466330897,-1.71917325822
1.03412425217,-1.70870585969
1.03022619887,-1.73114231254
1.03421567597,-1.70327856447
1.0344052313,-1.70403065407
1.03305731762,-1.70353902714
1.03162333532,-1.71875069822
1.03259714508,-1.70816930878
1.03116001466,-1.71357739928
1.03312741038,-1.73011693102
1.03169519994,-1.71557452306
1.03057059264,-1.71548632705
1.03237489416,-1.72961976949
1.03320753084,-1.71164770002
1.03078156012,-1.71963435906
1.03169152886,-1.7131404026
1.03211898328,-1.71098507386
1.03224387439,-1.7295952796
1.0307410161,-1.72921040214
1.03380129898,-1.71181386419
1.03034369773,-1.71527701061
1.03135659329,-1.72853662867
1.0325150332,-1.71782895134
1.0319024237,-1.70346833599
1.03154410927,-1.70489598655
1.03314182644,-1.7089278522
1.03105783334,-1.72263538751
1.03191226559,-1.70481764088
1.03376485947,-1.71550569585
1.03264750637,-1.72681555422
1.03057740637,-1.73641373738
1.0329732441,-1.71090023463
1.03217646528,-1.71298803331
1.0310186131,-1.71383197838
1.03133918632,-1.70302302379
1.03111453793,-1.70779310882
1.03058812249,-1.72992149019
1.03287073696,-1.72361533011
1.03161421511,-1.73191914898
1.02937635055,-1.72542086333
1.03110100505,-1.71303553596
1.03266564928,-1.72057496671
1.03066526518,-1.70174187698
1.0315815441,-1.72105028105
1.02986018546,-1.72970134588
1.03023497364,-1.71753628466
1.03167066396,-1.71646981585
1.0329113503,-1.70752740844
1.02941727227,-1.73269644454
1.03057228407,-1.7150741536
1.03167733475,-1.72028024776
1.03168021274,-1.72251108558
1.03144357269,-1.72728962296
1.03224480023,-1.73088873562
1.03038432793,-1.71545175045
1.03130390684,-1.7121037899
1.03282311804,-1.72484032006
1.03190759113,-1.72516172185
1.03023321565,-1.72642315765
1.03389861125,-1.71811985385
1.03315450393,-1.72068690486
1.03144003863,-1.7144338073
1.03238732045,-1.72212524571
1.03173178,-1.73001142614
1.03184443611,-1.7341751732
1.03870387454,0.759764245205
1.03275772889,-1.79227097262
1.03019154601,-1.44630857196
1.03217312479,-1.4735581845
1.03415675081,-1.55643819077
1.03135776146,-1.64635872551
1.03240494352,-1.71386760277
1.03163763311,-1.75296071182
1.03201642327,-4.49426566549
1.03379947712,-2.19901134135
1.03304277737,-2.00729771006
1.03116602462,-1.89151157961
1.03291147203,-1.8086589207
1.03246934921,-1.76950179841
1.03270240517,-1.72786615342
1.03211629338,-1.70804769313
1.03362990448,-1.69895633931
1.03189095553,-1.77537967575
1.03320965153,-1.66658193675
1.03404866567,-1.69782415615
1.0314613872,-1.67390835202
1.03141674249,-1.68847729064
1.03418658992,-1.69392602224
1.03325856786,-1.71222448156
1.03351928968,-1.72568267487
1.0321911042,-1.7012328819
1.03211506241,-1.70687558859
1.03259391086,-1.70274114821
1.03400009157,-1.71092531581
1.03167676341,-1.68450733247
1.03116467517,-1.72014870861
1.03263751655,-1.70813144637
1.03315561153,-1.70887863865
1.02973710174,-1.70034444492
1.03261772646,-1.70827008401
1.0319564652,-1.70381084892
1.03163577828,-1.73047760761
1.03104174534,-1.71991822285
1.03183146342,-1.71326555751
1.03058577022,-1.70483576039
1.0315862019,-1.70934657152
1.03186907546,-1.72382222364
1.03095107762,-1.7168923968
1.03214606508,-1.71452613974
1.03221117747,-1.69251249081
1.02985518456,-1.714060316
1.03234002797,-1.70893267367
1.03291121979,-1.71403815646
1.03162711148,-1.70349026652
1.02981725199,-1.71498308516
1.03307909018,-1.72206716544
1.03111300613,-1.72213516681
1.03204140551,-1.71478292399
1.03318758478,-1.71217275542
1.03143287824,-1.70975999832
1.03162166284,-1.72751230773
1.03320501873,-1.70663099168
1.03143957229,-1.7080314831
1.03186500291,-1.7143038727
1.03420775221,-1.73154235
1.03269969294,-1.7033510856
1.03093257517,-1.7141380154
1.0330287759,-1.71134663189
1.03081637005,-1.70376687059
1.03209154673,-1.74255005231
1.03342981868,-1.70867829603
1.03286966858,-1.71618651208
1.02932873161,-1.70536447943
1.03236494496,-1.71101527659
1.03297395604,-1.71581722701
1.03235375218,-1.73023197468
1.03215965903,-1.70222522743
1.03189490319,-1.71003067976
1.03031119724,-1.72210855565
1.03342770459,-1.73403865781
1.03237647472,-1.70806226702
1.03085808292,-1.72023468491
1.03040536734,-1.72817159926
1.03231001355,-1.72303024447
1.03132738139,-1.72818016593
1.03120619366,-1.71024329907
1.03174339491,-1.70760032565
1.03132934471,-1.72620514153
1.03187286669,-1.72583380349
1.03388472777,-1.69836660559
1.03043794797,-1.74114754696
1.0310010927,-1.71841489111
1.03287484918,-1.73516279227
1.03282731605,-1.72007566559
1.03241928475,-1.731325427
1.03261434967,-1.72065833255
1.03083967807,-1.74193561466
1.03168788629,-1.71279534568
1.03305659146,-1.71822089565
1.03176035756,-1.72553279873
1.03003826806,-1.733449332
1.00382576735,-1.35261373004
1.01191394528,-1.72905957601
1.01062312364,-1.65372124064
1.01204411949,-1.66361524415
1.0116659199,-1.65202255199
1.0104870127,-1.66470615727
1.01249953472,-1.66534073098
1.01225889525,-1.67715732212
1.00919421474,-1.65473540348
1.00878369377,-1.54695189483
1.01213485564,-1.59923756193
1.01082510536,-1.60338023492
1.01184133488,-1.59988750416
1.01070797445,-1.61272666944
1.01081744772,-1.62257299719
1.01275029186,-1.63294761193
1.01406989631,-1.62131821502
1.0099218318,-1.64588762621
1.01028304247,-1.61231908214
1.01284109537,-1.62097536916
1.01221488126,-1.61374547376
1.01128736219,-1.61527655884
1.01230354533,-1.6172979477
1.01175793005,-1.62693918307
1.01341562639,-1.63054241563
1.0143341309,-1.61731846189
1.01292157689,-1.62255593777
1.01297654012,-1.63155235782
1.01629303093,-1.64359705622
1.01498872038,-1.63905726066
1.01408362457,-1.60772149141
1.01415826841,-1.63487643822
1.01476613792,-1.62253861112
1.01254544927,-1.62590295211
1.0156265324,-1.63507697267
1.01492885743,-1.62692522296
1.0120426864,-1.6190666132
1.01299396098,-1.6372619399
1.01423317581,-1.62289599864
1.01237252184,-1.61631132928
1.01365809524,-1.62141494142
1.01252076296,-1.625644078
1.0123215336,-1.6302865771
1.01409675068,-1.63351468751
1.01419494915,-1.61368829112
1.01174609578,-1.60521642282
1.01442935745,-1.61190364733
1.01483109455,-1.61612150592
1.01532075978,-1.620174138
1.01333977285,-1.63596359986
1.01588600409,-1.60436068387
1.0134883509,-1.60646503971
1.01566063254,-1.62187209744
1.01497672499,-1.61679819107
1.01306132467,-1.60823292769
1.01295123079,-1.62994008902
1.01410898786,-1.60286212345
1.01331844667,-1.61928212415
1.01350805802,-1.60524479659
1.01338228277,-1.61570094553
1.01165076448,-1.62905963825
1.01112579058,-1.61214064681
1.01343011741,-1.62175034517
1.01234449004,-1.62268191618
1.01111183433,-1.6072306636
1.01216354275,-1.60834538539
1.01361431531,-1.61793726246
1.012033068,-1.61896784333
1.01356327196,-1.62426391626
1.01311822361,-1.6103445857
1.01277304202,-1.60903859649
1.01499282062,-1.6100579595
1.0161464956,-1.61292865683
1.012270245,-1.61931160162
1.01439052468,-1.61949003025
1.0150244394,-1.61986271185
1.01496388169,-1.63019282715
1.01388652974,-1.61718118819
1.01443032061,-1.61257844057
1.01301024161,-1.62942358883
1.01530903367,-1.62746208006
1.01513858604,-1.61226282901
1.01306764491,-1.62242388504
1.01208123402,-1.63231580668
1.0149948809,-1.61237409649
1.01428665599,-1.5984918098
1.01498752553,-1.60416800265
1.01488692618,-1.61138024591
1.01371173804,-1.61779519567
1.01347867403,-1.62428496429
1.01674520204,-1.61357706777
1.01452189882,-1.61180196296
1.0141608405,-1.61190419883
1.01528161041,-1.62923528769
1.01499957281,-1.59439376049
1.01410069563,-1.59957804561
1.01536976533,-1.60240650494
1.01262152002,-1.60592479887
1.01276488042,-1.61812991606
1.01504819183,-1.6063412443
1.0144787701,-1.61577193481
1.01004891084,-1.60199385643
1.01159642733,-1.59597928201
1.01246943383,-1.61304116048
1.01221841813,-1.60970824659
1.01198840767,-1.61517092586
1.01137285194,-1.60783747479
1.01014933468,-1.62080495804
1.01282066257,-1.60673572624
1.01226487204,-1.606580098
1.01144389115,-1.61276840335
1.0109802981,-1.60183803757
1.01392288847,-1.59254493143
1.01148514533,-1.60367722528
1.01174700562,-1.60757949426
1.01258481205,-1.61410845818
1.01247370651,-1.608105533
1.01269487391,-1.61406224368
1.01373727767,-1.62352441089
1.01198342566,-1.61701429544
1.01178224126,-1.61545648438
1.01301029904,-1.6071340841
1.01308219799,-1.61318092686
1.01287155966,-1.62661943855
1.01321586295,-1.61708116841
1.01089868149,-1.60142115462
1.0123198868,-1.60597560285
1.01349007532,-1.62840598633
1.01302787971,-1.60882770838
1.01032383996,-1.61575510836
1.01284942873,-1.59836679353
1.01197520329,-1.60936302091
1.0117183176,-1.6009082174
1.01184209551,-1.61787299329
1.01246208339,-1.59408293239
1.01147065522,-1.60486401836
1.01250780534,-1.61971149699
1.01142468524,-1.61454711849
1.01074105057,-1.59537215271
1.01261622364,-1.6048144719
1.01324616332,-1.60242825122
1.01078249067,-1.60181664561
1.01210277061,-1.96591477335
1.01220533951,-1.20576283754
1.01172620221,-1.43037205725
1.01113729072,-1.55112778499
1.01482201967,-1.61383812818
1.01177538205,-1.62993018676
1.01252362462,-1.66308333268
1.01183807851,-1.66383168469
1.01276472259,-2.53095544009
1.01303372933,-1.94527927431
1.01388394466,-1.53356659768
1.01204036566,-1.49238436377
1.0126339661,-1.51031489257
1.01361848408,-1.52336970127
1.0122137352,-1.54704090332
1.01038428412,-1.5619491539
1.01363343115,-1.55261265475
1.01203211887,-1.51145175499
1.01265084913,-1.57478558359
1.01261655951,-1.58506229392
1.01216037932,-1.58208685292
1.01129145274,-1.5976713595
1.01418614846,-1.58974332664
1.0131594952,-1.58444452699
1.01094530764,-1.58580209071
1.01189969829,-1.57815488968
1.01272513039,-1.59055017803
1.01249008028,-1.57976233657
1.01373988827,-1.5927864515
1.012252381,-1.59288220572
1.01091741335,-1.58948936059
1.01237203785,-1.59780800943
1.01379084024,-1.57810432358
1.0121138442,-1.60049365714
1.01264726649,-1.61629411529
1.01243073717,-1.58074592667
1.0122434574,-1.60183952633
1.01312279304,-1.59896171661
1.01396864951,-1.59740914074
1.01205164316,-1.59687733144
1.01330819144,-1.60803922092
1.01436642039,-1.57495292164
1.01320554788,-1.60240707709
1.01163723689,-1.58783923099
1.01353920793,-1.59810945408
1.0128983599,-1.5827381495
1.01369521351,-1.6027123806
1.01348483251,-1.5877454115
1.01181911433,-1.59219241234
1.0113475346,-1.60558684537
1.01538125074,-1.61542699216
1.01301211202,-1.56900889171
1.01158334571,-1.59191128526
1.01333187114,-1.60008962081
1.01377154009,-1.58660541966
1.01192080459,-1.60019982861
1.01304171541,-1.59815235295
1.0126628042,-1.59162582541
1.01225790642,-1.59739894263
1.01360654435,-1.58856882924
1.0140362414,-1.59608453845
1.01127576038,-1.59816610948
1.01237259096,-1.61133822577
1.01273716587,-1.60114592295
1.01352380068,-1.58905279281
1.01261365358,-1.58611229444
1.01393164765,-1.59727875488
1.01123799123,-1.60512208482
1.01345669137,-1.58973708237
1.01513826714,-1.59754553981
1.01263324033,-1.59491657356
1.01169251417,-1.58687117724
1.01407518797,-1.58133084919
1.01360691562,-1.60061673226
1.01376412999,-1.58041930493
1.01343376366,-1.59078264069
1.01304530562,-1.57415269822
1.01347780562,-1.59396143379
1.0158507325,-1.5996244376
1.01265664133,-1.59698344894
1.01263612145,-1.59358222018
1.01401328847,-1.60084404771
1.01486744407,-1.57662565204
1.01268296011,-1.60259294999
1.01355343708,-1.58081153023
1.01349174026,-1.59979500882
1.01213211728,-1.60467661308
1.01381352025,-1.58382691157
1.01469737308,-1.5768889536
1.01141364697,-1.600758179
1.01260950254,-1.59663813294
1.01301233839,-1.59796223534
1.01200703743,-1.59619174267
1.01369515144,-1.58453524072
1.01379090393,-1.58309462785
1.01125439566,-1.59558232221
1.01305751018,-1.59366778114
1.01455954204,-1.59127813216
1.01260324996,-1.59503114679
1.01158836737,-1.60831238576
1.01441337564,-1.58666391678
1.01226711899,-1.59262956053
1.01388536775,-1.59318831981
1.01324146743,-1.59051446164
1.01220450598,-1.57796865041
1.0132386075,-1.58534902457
1.01503549461,-1.58601056329
1.01281767825,-1.59163651903
1.01303033957,-1.59682582299
1.01463786239,-1.60559033141
1.01347477164,-1.58613069523
1.01303480285,-1.59027629978
1.0143996298,-1.58650213665
1.01247252376,-1.58559203618
1.011689185,-1.58954582242
1.01415782775,-1.60240755086
1.01446512583,-1.58189884904
1.01246537984,-1.60284444499
1.0131604349,-1.59956938488
1.0131552759,-1.59016545406
1.01357930017,-1.58610463071
1.01351585375,-1.60131423525
1.01326961714,-1.58651047207
1.01213082346,-1.608602272
1.01478865226,-1.58613417432
1.01405917352,-1.59701734532
1.01343200959,-1.60425701394
1.01204655611,-1.60534879025
1.01411221334,-1.57643925649
1.01323763264,-1.60227285473
1.01381628169,-1.58651245065
1.01347775797,-1.60095658142
1.01172424768,-1.58541156527
1.01337734087,-1.6030952516
1.01581147324,-1.57028107226
1.01393390734,-1.59274746234
1.01354548892,-1.59056356921
1.01345931159,-1.57399531617
1.01537459348,-1.5874397409
1.0156296396,-1.59875750205
1.01751640884,-1.58883545598
1.01376567433,-1.59711939071
1.01427940042,-1.60476687868
1.01580715875,-1.59436351477
1.01571731416,-1.58749846478
1.0139986484,-1.58961457312
1.01598962826,-1.5857329171
1.01459575428,-1.60100529052
1.01438053117,-1.57595617002
1.01496566191,-1.59825652773
1.01412394947,-1.58069269672
1.01266165808,-1.60669020001
1.01539742414,-1.5901673809
1.0153050033,-1.58016496166
1.01384691096,-1.58877434777
1.01276113912,-1.58803259911
1.01326186341,-1.58464735702
1.01457042642,-1.59638813186
1.01609052863,-1.60080732256
1.01495847034,-1.59222250839
1.01389466855,-1.58933496103
1.01510769175,-1.58778476382
1.02185253263,0.947106590639
1.01397695638,-1.60295740918
1.01434405133,-1.28566670615
1.01626589098,-1.32150495416
1.014998321,-1.41326125472
1.01468384515,-1.51983830251
1.01524602847,-1.57734476428
1.01379465103,-1.62319354425
1.01556217594,-4.55360637749
1.01667690122,-2.17253942141
1.01434372806,-1.89742541922
1.01294521859,-1.75224883385
1.01551882502,-1.67158183245
1.01381756422,-1.63194050309
1.01449598361,-1.57504772465
1.01447915994,-1.57387372913
1.0138658297,-1.57801566714
1.012803777,-1.57517557041
1.01504878698,-1.55774403982
1.01509666664,-1.57958213079
1.0134279842,-1.56659004317
1.01357669709,-1.57183671767
1.01452966202,-1.57506280983
1.01295072454,-1.57143214029
1.01407940694,-1.57330521596
1.01275304099,-1.56671650393
1.01292716334,-1.57546574701
1.01446828247,-1.5736120655
1.01434138849,-1.58136165346
1.01187872037,-1.57323701316
1.01350418169,-1.58678056852
1.01375057819,-1.58585743113
1.0144293344,-1.5922657533
1.01396369019,-1.57963216443
1.01469199845,-1.57962971006
1.01307325907,-1.59084017569
1.01362144278,-1.57704755149
1.01427133386,-1.57797525143
1.01386698071,-1.57492079688
1.01361217924,-1.57584712801
1.01505137737,-1.58746641548
1.01318835207,-1.58664351069
1.01385121123,-1.55992958493
1.01462558396,-1.56626048212
1.01481648893,-1.57529784487
1.01233528972,-1.56926585321
1.01550060512,-1.58898199794
1.01380054157,-1.59029934644
1.01278705543,-1.57686813565
1.01424017597,-1.59792453059
1.01509160731,-1.59211967957
1.01302182866,-1.58162048512
1.01376345835,-1.58637879222
1.01374853435,-1.58142368851
1.01248134007,-1.57860152092
1.01457805316,-1.57916963596
1.01534651265,-1.60060261551
1.01210087517,-1.60677586192
1.01408256681,-1.59200798364
1.01364695644,-1.62297019694
1.01422485416,-1.59095672616
1.01427566861,-1.5818072701
1.014961148,-1.59260337712
1.01261084371,-1.59698759405
1.01424060263,-1.58798164072
1.01623666615,-1.61599001025
1.01427987568,-1.5975157545
1.01420450571,-1.59347547332
1.01585661147,-1.59139098493
1.01464311053,-1.60584823446
1.01543551601,-1.59412641508
1.01594835621,-1.59808093498
1.0153271701,-1.58833086475
1.01435964527,-1.59251554933
1.01762614382,-1.59457138331
1.01543845714,-1.59169396506
1.01460187349,-1.59690608696
1.01466832728,-1.60380402509
1.01458549859,-1.59491673812
1.01424080594,-1.60384451389
1.01637254246,-1.60143251844
1.01470962949,-1.59247300975
1.01280807555,-1.59796926949
1.01602637633,-1.60946827516
1.01636060081,-1.60027716874
1.01321260733,-1.59669033582
1.01422459994,-1.61966054368
1.01463031695,-1.61149197231
1.01513838839,-1.58788907862
1.01449554794,-1.58141883321
1.01465160631,-1.60415924523
1.01301195358,-1.5928098531
1.01632519827,-1.59854432208
1.01542052848,-1.594934613
1.01369854897,-1.6013047592
1.01336673962,-1.60200464031
1.01006380097,-1.46711124491
1.01707421719,-1.96970864925
1.01852908564,-1.86596148527
1.01799673316,-1.86483535167
1.01688059392,-1.90588763465
1.01680629045,-1.8888387894
1.01902269705,-1.88400330388
1.01744109447,-1.91302924295
1.01722779883,-1.904650821
1.01836365596,-1.99736443613
1.018675796,-1.9455512184
1.01891089896,-1.98388716291
1.01985878701,-1.95620440167
1.01724393003,-1.96796791935
1.01776454948,-1.94158350544
1.01890359041,-1.95145412461
1.01934268556,-1.96348267584
1.01621711828,-1.96521114279
1.01801299908,-1.95682546351
1.01895700667,-1.97154889341
1.01773716804,-1.96856782793
1.01727504652,-1.9778275423
1.01687534114,-1.97155989502
1.01639699681,-1.96150396952
1.01813618139,-1.97381197739
1.01845115856,-1.96979201255
1.016646192,-1.96059842091
1.01644942592,-1.96749127938
1.01792632024,-1.96981721054
1.01586808962,-1.97562319351
1.01875869053,-1.98249153488
1.01838195383,-1.97297278038
1.01689683507,-1.96433336021
1.01643917447,-1.96635421275
1.01858903933,-1.98242818562
1.01692155421,-1.98005172732
1.01724024587,-1.97765632777
1.0180721176,-1.97208952333
1.01789267539,-1.9900089662
1.01763739538,-1.98222122202
1.01825338434,-1.97336882801
1.01674819058,-1.97433989606
1.01740712277,-1.98119624468
1.01903664096,-1.96609775855
1.01867608679,-1.99701869971
1.01631545981,-1.98813861799
1.01791309441,-1.98286796606
1.01666931339,-1.97764554118
1.01759049652,-1.96551309461
1.01902715877,-1.99082309921
1.01703630451,-1.98089835305
1.01530720231,-1.9813629391
1.01784286653,-1.98397468914
1.01767689504,-1.969758124
1.01678759149,-2.00341195196
1.01651156314,-1.98886196385
1.01684394375,-1.97412908081
1.01660934348,-1.97647197632
1.01845678233,-1.99036085234
1.01720870614,-1.9911796891
1.01674400006,-1.97816893214
1.01827802009,-1.98572305718
1.02060634861,-1.98662274345
1.01914443631,-1.97707777032
1.01900940879,-1.99686343595
1.0191591582,-1.99433632635
1.01946219083,-1.98182328614
1.02068252928,-1.98348045699
1.02085168598,-1.98099662449
1.01851582352,-1.97770256156
1.01992804327,-1.99412808754
1.02224329763,-1.99027289785
1.02237460419,-1.99015108461
1.01866801087,-1.98411059241
1.02050193635,-1.98943184802
1.01902690562,-1.95856821948
1.02139990027,-2.00603505363
1.02124184015,-1.9661688031
1.01930335547,-2.00357631588
1.01803869788,-1.98378041345
1.02168146816,-2.0064112678
1.02068366277,-1.98990326757
1.01946796868,-1.96853835501
1.02138059248,-2.00093406097
1.02191250446,-1.99420527705
1.02103450913,-1.98599191536
1.02269827583,-1.99389185784
1.02041873699,-1.98089758229
1.01972994285,-1.969627608
1.0204745919,-1.99261965292
1.02162107053,-1.9806214835
1.01871910111,-1.99983434177
1.01936879111,-2.00749302812
1.01744659088,-1.98530679953
1.01859125934,-1.99233146135
1.01968312067,-1.98391787346
1.02069655,-1.99487020805
1.01666475611,-1.98584322875
1.01849395508,-1.98051220681
1.02078186429,-1.99640920202
1.0191627962,-1.98885508513
1.01809491904,-1.98621982256
1.02047456271,-1.99432579424
1.01914255966,-1.99801305435
1.02046046929,-1.97841250903
1.02043241896,-1.99987547946
1.02004972762,-1.99805184421
1.02110006433,-1.99061864214
1.0233784585,-2.0029327079
1.01982928004,-2.0075621088
1.01953946707,-2.02294448765
1.01992309674,-1.99136826234
1.02051670777,-2.00308391833
1.01841486548,-1.99373756245
1.01994903832,-1.99608147772
1.01862438372,-2.00757407983
1.0169778396,-1.98569486501
1.01781980158,-1.9862984585
1.01892639502,-2.00319144705
1.01699897032,-1.99500434149
1.01925998895,-2.00340190935
1.01817143271,-1.98235797959
1.0175833734,-2.00968800427
1.01978371125,-1.99036440158
1.0198515739,-1.99350181634
1.01746010715,-2.00947471977
1.01976365808,-1.9968406288
1.01984266279,-1.98695469576
1.01887697956,-1.9952335701
1.01797616729,-1.99967700895
1.01950465433,-1.98573133192
1.01848727152,-1.99623650304
1.01975280245,-2.00622185856
1.01856377454,-1.97705746225
1.01652926594,-1.98588825808
1.01640609209,-1.98481488286
1.0188612483,-1.99055275685
1.01745566287,-2.00672254989
1.01760031245,-1.97335975304
1.01757930703,-1.99053229887
1.01711151872,-2.00543877566
1.01669137536,-2.00056969196
1.0182968185,-2.26396268872
1.01654419748,-1.59742148086
1.01644479593,-1.8103390284
1.01767601887,-1.91708966902
1.01685727762,-1.95915181887
1.01637138699,-2.00130703888
1.0177343458,-2.04381666794
1.01783498335,-2.04237333407
1.01751345294,-3.10458974605
1.01798734369,-2.23400733
1.01856444681,-1.85845612843
1.01654538887,-1.86813461169
1.01985456714,-1.94681317184
1.01897143572,-1.97030211225
1.01927910968,-1.96653563578
1.01778321854,-1.97637393397
1.01925223794,-2.00483787588
1.01834111174,-1.99877159703
1.02008372881,-1.97007789962
1.01948578633,-1.97736144474
1.01789882034,-1.98639478247
1.0177086663,-1.98602356171
1.02034896339,-1.98687235454
1.0186464341,-1.99614483666
1.01828074523,-1.97350059357
1.01865939663,-1.99627993382
1.01920339928,-2.00421085398
1.01901720959,-2.00253991146
1.02102817629,-1.99719082951
1.01851587232,-1.97507755
1.0187250615,-1.98600539735
1.02076043162,-2.0132921755
1.02020929487,-2.01140396727
1.01776762241,-1.9862242657
1.02047213651,-1.99535142272
1.01949301442,-1.99135217097
1.01846100061,-1.98048774954
1.02055025743,-1.99257286371
1.01971247288,-1.98319988358
1.01651998866,-1.98943440733
1.01871565778,-1.98855776612
1.01912839851,-1.98257449168
1.01803328776,-1.98904898964
1.01639587102,-1.98562972888
1.01699628083,-1.99621790314
1.01624703662,-2.01605354812
1.01882263488,-2.00665728886
1.01714207074,-1.98229944795
1.01643221663,-1.98755418185
1.01766933485,-2.00098389577
1.02009271125,-2.00655266735
1.01713583241,-1.98874110896
1.01696812799,-1.9878266555
1.0184145214,-1.99559394193
1.0189520168,-1.98517096451
1.01928707524,-1.98029542559
1.01975924094,-1.98899994218
1.0178957418,-1.99972169151
1.01882397425,-1.99226162171
1.02003548766,-1.99141836679
1.01915681739,-1.99451363614
1.01811477795,-2.00026831566
1.01905204587,-1.9894132295
1.01805537426,-1.99588129412
1.01835475353,-1.98382860206
1.01976365164,-1.99979212448
1.01872971233,-1.98532928637
1.01560162344,-1.98863570192
1.01973709276,-1.99730819322
1.01899873625,-1.98354043782
1.0178254269,-1.99879688252
1.01732061028,-1.98549011272
1.01878495888,-1.98324890525
1.01828004907,-1.99070777803
1.01990548073,-1.99056127613
1.01749764267,-1.99825011671
1.01706450551,-1.9914217819
1.01922837971,-1.99516466665
1.02045693958,-1.99707835227
1.01748472655,-1.98342490209
1.01783372727,-1.99091015007
1.01823030394,-1.99551029603
1.0186155591,-1.99222908644
1.01824175422,-2.00256246268
1.01953977986,-1.97677755597
1.01663874142,-1.99023962429
1.01774032575,-1.99266187981
1.01801237733,-2.00552712115
1.01738158562,-1.99241264947
1.01722241394,-1.99190627639
1.01864091832,-2.00194187796
1.0173750779,-1.98595504579
1.01762575394,-1.98757993236
1.01882822071,-1.99635176133
1.01771702892,-1.9920919937
1.01696264126,-2.0021984886
1.01963063053,-2.01790297346
1.01739120777,-1.9742338937
1.01688263679,-1.98878569605
1.01806560878,-1.98075428581
1.01761845639,-1.98244497654
1.0173348154,-1.99306693118
1.01934723829,-1.99692811873
1.01740802114,-1.98775839403
1.01635080947,-1.98849863753
1.01755575134,-2.00133446308
1.01948782185,-1.98797005998
1.01716799625,-2.00293784247
1.01779215873,-1.98536203537
1.01692686873,-1.99201971323
1.01683990128,-1.98970878706
1.01781508521,-1.99946369591
1.01850316406,-1.99595575353
1.01650517927,-2.00188212693
1.017024435,-1.97633919838
1.01925768995,-2.00621284176
1.01789517645,-1.99524081715
1.01795952677,-1.98828962048
1.01815147237,-1.98935904458
1.01826198864,-2.00872186147
1.020117067,-1.99552655085
1.01945019205,-1.98912328103
1.01822588996,-2.00071393754
1.01667171381,-1.99917492493
1.02068064994,-1.99811091826
1.01914431004,-1.99103737216
1.01986527295,-2.00461071385
1.01828065092,-1.99931272749
1.01715655176,-1.98475242391
1.01855165578,-1.98359426706
1.02101787152,-1.99487630421
1.01865466826,-1.98916934104
1.01632730158,-1.98861754009
1.01877892286,-1.98715951922
1.01960646835,-1.99515313877
1.01741593851,-1.97839115525
1.01822875294,-2.0099524572
1.01747531846,-1.98813676783
1.01840751939,-2.00823788117
1.01837324196,-1.98967738614
1.01817830584,-1.99726379662
1.01565371906,-2.00505040834
1.01930530838,-1.99721921136
1.01860009177,-2.01019898966
1.01816446324,-2.00735891926
1.01730646144,-1.99093920626
1.01861405979,-1.99392672859
1.0168199243,-1.98758109814
1.01931397605,-2.0126328894
1.01980114503,-2.00385547402
1.01707543184,-2.00779266683
1.01688282478,-1.98358653717
1.01897089232,-1.99695040903
1.0178917287,-1.98755817192
1.01859943369,-1.98499647543
1.01823614803,-2.00163799268
1.01818161689,-1.98977479153
1.01854936271,-2.00583528519
1.019491526,-2.0010171127
1.01700526901,-1.99736502662
1.01740312227,-1.98713631256
1.01940284058,-1.99565113204
1.02346015174,0.763086919936
1.01671458288,-2.04826252688
1.01766795758,-1.70954865015
1.01835215039,-1.72907776845
1.0176193037,-1.82922079784
1.01886218944,-1.90850281657
1.01898353089,-1.99325750281
1.01620273359,-2.02280537383
1.01956044356,-4.94887978641
1.01792942394,-2.4077649711
1.01785765541,-2.30112378
1.0192941012,-2.15435061511
1.0192526564,-2.09718968996
1.01803712471,-2.03901480317
1.019518321,-1.99868365941
1.01977350119,-1.98428787632
1.01848840886,-1.99081721759
1.01846000715,-1.98286301726
1.02018651738,-1.98579561844
1.01790585587,-1.96900280757
1.01849188493,-1.96731783336
1.018941175,-1.96408860314
1.01750930354,-1.96446802211
1.01879335938,-1.96725951989
1.02074687949,-1.96149464251
1.01790601767,-1.97458902747
1.01845144034,-1.97777008126
1.02015037125,-1.98407767982
1.01964339528,-1.97570231843
1.01845554658,-1.99122573706
1.02049551035,-1.98691434862
1.01845038724,-1.98799083417
1.01781277856,-1.97390634535
1.02026700862,-1.9646258318
1.0193607138,-1.98202674448
1.01832826081,-2.00844703067
1.01986763238,-1.99411924894
1.01915685895,-1.97528668661
1.01777612777,-1.97338390284
1.01903668683,-1.99218851556
1.02032745399,-1.9764465027
1.01816468981,-1.98202154667
1.02069842813,-1.99611663326
1.01828972371,-1.96775659535
1.01801817529,-1.99166043206
1.0187953049,-1.99878299434
1.02031703276,-1.97369668933
1.01927885164,-1.99840402231
1.01874149882,-1.98398877395
1.01949156059,-1.98669019804
1.01824787827,-1.96982413487
1.02049204036,-1.97405089062
1.02183910106,-1.9917663236
1.01948094783,-1.99160696715
1.01979847875,-1.98540624855
1.02128536971,-1.97399958759
1.02132081303,-1.98246324065
1.01911985433,-1.98793086652
1.02101427454,-1.9837060382
1.01903899512,-2.00032551829
1.02027902499,-1.99258384356
1.02174894061,-1.98413409482
1.01952496826,-1.98731325809
1.01820817965,-1.99311355412
1.02168096341,-1.99475649296
1.02091499886,-2.00553564305
1.01926888808,-1.98484742932
1.01985575477,-1.98403827037
1.02015962572,-2.00488464924
1.01864918881,-1.99546663305
1.02037315787,-1.98412184747
1.02021957977,-1.9951426431
1.01826677843,-1.99473927627
1.01904516749,-1.99219460571
1.02042770218,-1.99958779161
1.01914036964,-2.01160204549
1.02002929439,-2.00702729124
1.01825635697,-1.98172810545
1.01872557129,-2.00913885497
1.01983284821,-1.98830635765
1.02078889898,-1.99676607493
1.01674245723,-1.99847685732
1.01791018406,-1.99972247841
1.02046705472,-1.99001770136
1.01844553056,-1.99259363579
1.01765556517,-1.99535499741
1.01779664349,-2.00043564909
1.01686728079,-1.98640776923
1.01985641116,-1.99945440275
1.01842908841,-1.98690056997
1.01701255367,-1.99951719974
1.01766593532,-2.00370601002
1.01999500013,-1.99861866693
1.018524986,-1.9932139099
1.01813029518,-1.99640909679
1.01854441908,-2.00812283928
1.01799382787,-1.50413258418
1.02507295622,-1.94430477953
1.02735345982,-2.04384682285
1.02597864374,-1.9177978874
1.02496996768,-1.94552014682
1.02576901222,-1.93744416474
1.02635297942,-1.94308234943
1.02516159355,-1.97157098488
1.0255951412,-1.9454732967
1.02390738075,-2.02473307514
1.02417740326,-2.03331530092
1.02700061009,-2.06194535434
1.02590403183,-2.03828581665
1.02362644819,-2.04209304302
1.0260425513,-2.0623345143
1.02699105869,-2.0445313494
1.02571723391,-2.05877457974
1.02427526984,-2.06495665547
1.0258615841,-2.05628960439
1.02434361203,-2.06746073407
1.0265894448,-2.0666124847
1.02712314238,-2.07200213835
1.02598153244,-2.06963048888
1.02504898662,-2.08124015347
1.02787039854,-2.08579493091
1.02625962409,-2.06602755586
1.02670013238,-2.06768418767
1.02686209229,-2.06468287347
1.02695193855,-2.06958198511
1.0258576116,-2.07688378772
1.0280653869,-2.07597497175
1.02660559759,-2.08423367598
1.02483547544,-2.07173883589
1.0270918541,-2.09177348494
1.02638070665,-2.06491993154
1.02557232301,-2.08092212685
1.02576638157,-2.06775579114
1.02577861794,-2.0886814923
1.02465496589,-2.07645864693
1.02638424363,-2.07367157449
1.02620602086,-2.08061700262
1.02363293214,-2.0696467892
1.02576367738,-2.0820401709
1.02588600071,-2.07996430772
1.02538690446,-2.08725824586
1.02549972518,-2.06515657281
1.02531153217,-2.06885119314
1.02554608254,-2.08766132193
1.02638387715,-2.08155508361
1.0271524945,-2.06476480219
1.02466543818,-2.09469268327
1.02560509755,-2.08429949683
1.02791240476,-2.08255333392
1.02633384794,-2.08779030238
1.02639471542,-2.09175460535
1.02599717869,-2.08022645561
1.0263435435,-2.09103005078
1.02601624985,-2.0838178308
1.0284239503,-2.0998462385
1.02550168594,-2.09910458981
1.02452041367,-2.09519885816
1.02653659376,-2.09207853281
1.02647458238,-2.08151262867
1.02608875377,-2.09628751254
1.02667791207,-2.09328813593
1.02471759018,-2.08099305361
1.0239517029,-2.07955615196
1.02723093824,-2.09592007327
1.02703936102,-2.10804004537
1.02341287306,-2.08064285729
1.02475828423,-2.08154126336
1.02527973623,-2.0985534173
1.0253157608,-2.09177204027
1.02559237933,-2.09088328199
1.02497964488,-2.08942511981
1.02347994305,-2.0851283866
1.02690100922,-2.08206080062
1.02593818744,-2.10449158521
1.02427951166,-2.08353338037
1.02514465282,-2.08348659054
1.02753861298,-2.08597679247
1.02492003777,-2.09394957425
1.02555449995,-2.11348018089
1.02641688748,-2.09429259118
1.02482115801,-2.09692448212
1.02624946618,-2.08752175195
1.02762299982,-2.09665952811
1.02563390664,-2.10458255576
1.0249478122,-2.09895121786
1.02605381398,-2.08948997431
1.02615615821,-2.07179506475
1.02639340258,-2.09290811538
1.02739521465,-2.09989253352
1.0251166784,-2.08808767193
1.02516977873,-2.09318572549
1.02676708459,-2.08671666637
1.02663461181,-2.09165754411
1.02427194568,-2.08735345732
1.02731462707,-2.09515752435
1.02756726508,-2.07706950358
1.02609914457,-2.0945694829
1.02579740547,-2.07425565661
1.02643396452,-2.08556182376
1.02593490732,-2.07987573145
1.02893640933,-2.06895551407
1.02688693876,-2.09675469299
1.02553993994,-2.08780394996
1.02747362431,-2.08987748192
1.02817398868,-2.09662618432
1.02542415355,-2.09258475023
1.02656009964,-2.07885640143
1.0270436399,-2.0778448796
1.02600044491,-2.07507041572
1.02630445662,-2.08166321819
1.0289031587,-2.10408855614
1.02585323669,-2.09089977143
1.02652053978,-2.08950263528
1.02764903592,-2.07927428138
1.02577081836,-2.085335873
1.02646867812,-2.09685366165
1.02807218383,-2.08093486017
1.02653750549,-2.09418835575
1.02761500116,-2.09290065969
1.02879368767,-2.09739745963
1.02708543533,-2.09727010462
1.02597265702,-2.11483225593
1.02822861033,-2.09254272084
1.02711432645,-2.10067425092
1.0263968438,-2.08736948074
1.02803735661,-2.10350862476
1.02553697203,-2.08811558439
1.02432611058,-2.05630875556
1.02674661918,-2.11191792303
1.02553867352,-2.08541887009
1.02493983009,-2.10274278902
1.02549094606,-2.07765344335
1.02577463389,-2.10226080082
1.02365858566,-2.10319043845
1.02593153459,-2.08004971786
1.0245384473,-2.09553057724
1.02454432083,-2.08890097007
1.02609581903,-2.1009740358
1.02511337289,-2.80468713545
1.02355088406,-1.72774527399
1.02420729505,-1.94952865612
1.02636500091,-2.04010515465
1.02476588578,-2.08111693846
1.02531729495,-2.11670599584
1.02612376965,-2.14689620279
1.02390343948,-2.14231597332
1.02693927988,-2.70000284852
1.02703532201,-2.27239952816
1.02548376653,-1.93304393239
1.02398654173,-1.95688016538
1.02680410096,-2.03039248055
1.02627502288,-2.06221801668
1.02594893732,-2.06115073294
1.02639172542,-2.08236405129
1.02445483866,-2.08643707196
1.0241241137,-2.09092506783
1.02743023299,-2.08405136428
1.02571962075,-2.07576919496
1.02365481054,-2.06884383891
1.02597509957,-2.09200876413
1.02653073438,-2.05952006959
1.02499016342,-2.08049893645
1.02495207405,-2.0958068407
1.02426475988,-2.0985612837
1.02462012976,-2.08728946226
1.02497328711,-2.09569948817
1.02617823083,-2.09093195968
1.02338391875,-2.10139498269
1.02493667471,-2.0887408548
1.02514687687,-2.09809988532
1.02506147612,-2.08990917362
1.02534364627,-2.0976764018
1.02563294747,-2.08150900185
1.02301323779,-2.08508799815
1.02553509814,-2.09355328129
1.02686103335,-2.08233070625
1.02476328929,-2.09439435808
1.02467885501,-2.08774075485
1.02657119447,-2.09519922767
1.0262878554,-2.08502373103
1.02628605553,-2.09165252049
1.02535144715,-2.0884333011
1.02473341929,-2.09027054833
1.026742793,-2.0869193787
1.02769100416,-2.10115764226
1.02432602177,-2.09288510846
1.0247400485,-2.09802852946
1.0270949348,-2.0952306147
1.02664728361,-2.08674445617
1.02479776187,-2.0909325969
1.02564114141,-2.06714145087
1.0253458421,-2.08829462399
1.02588275977,-2.09621337204
1.02635706053,-2.07809297595
1.02704890684,-2.08984925342
1.02457527848,-2.09503690971
1.02609892357,-2.08632158771
1.02601711159,-2.09590676442
1.02538775048,-2.0702636074
1.02744056221,-2.10554476228
1.027109944,-2.08991821375
1.02536480409,-2.11018756262
1.02818249077,-2.08278133047
1.02855706476,-2.08300143959
1.02497357962,-2.08968018298
1.02541075893,-2.07937420425
1.02895473035,-2.07295863574
1.0274303125,-2.08072476801
1.02777633243,-2.08244713421
1.02627484216,-2.07007891296
1.02580945744,-2.0911609778
1.02687734473,-2.09280527837
1.02813696354,-2.08342849914
1.02693364018,-2.09172914083
1.0267604585,-2.07318008729
1.02810687851,-2.09625062489
1.02694024122,-2.08868279849
1.02626195483,-2.09601973629
1.02756856261,-2.07774100275
1.02592123356,-2.09340306639
1.02648891218,-2.09061678686
1.02789189405,-2.08508970393
1.02625259195,-2.10017849835
1.02596995477,-2.10196031447
1.0275326897,-2.07764458823
1.02697535345,-2.09298743175
1.02588491414,-2.08306641192
1.02615624332,-2.08976787666
1.02659799346,-2.09210804093
1.02437049064,-2.0896137183
1.02685686459,-2.09698557356
1.02580764534,-2.09438675581
1.02375087075,-2.07127856057
1.02416305172,-2.0831995755
1.02633238936,-2.08488779282
1.02515623656,-2.10109779577
1.02529061891,-2.07105708618
1.02570066707,-2.09898150203
1.02347868906,-2.08264156504
1.0252335094,-2.09726621256
1.02796342936,-2.08278951232
1.02579569397,-2.09705901158
1.02616698899,-2.06620876583
1.02818584311,-2.1038336868
1.02868468425,-2.09795279136
1.02815158073,-2.11343559364
1.02866004704,-2.08669162296
1.02652485391,-2.08746635022
1.02806114773,-2.08870607946
1.03051817704,-2.09278564828
1.02657739491,-2.08381754743
1.02515772046,-2.09348726562
1.02732882066,-2.08971017239
1.02737789926,-2.09410354988
1.02641151731,-2.07355247373
1.02740281706,-2.08968189631
1.02637558611,-2.08346901703
1.0239180051,-2.08964081791
1.02720383158,-2.08229738416
1.02781209578,-2.10350475683
1.02569498748,-2.09311356693
1.02555412983,-2.09034566075
1.02513329723,-2.08991961336
1.02649872139,-2.08871011807
1.02735132869,-2.08646813339
1.02614781082,-2.10004491756
1.02452005706,-2.08087877262
1.02666465312,-2.07391540909
1.02885383401,-2.11313696452
1.0243791138,-2.08615924862
1.02501817783,-2.08494642651
1.02737728705,-2.10631181559
1.02629094213,-2.0814990738
1.02470298424,-2.09203666526
1.02446485568,-2.0767992998
1.02312513399,-2.10611266641
1.02414536963,-2.09328808799
1.02516585616,-2.10039689852
1.02412887438,-2.0980014972
1.0229770883,-2.09982454594
1.02489813165,-2.09350382362
1.02328074893,-2.10505129204
1.0231579401,-2.10828383185
1.02411956374,-2.0987593113
1.02441763187,-2.08647305505
1.02216533494,-2.09469119878
1.02475126758,-2.08987288242
1.02384466563,-2.09667978541
1.02227397178,-2.09485760179
1.02326729573,-2.08340130712
1.02464950215,-2.08390646761
1.02191584486,-2.09062001302
1.02346530315,-2.09087044984
1.02141878672,-2.09489243331
1.02168785979,-2.09006591386
1.02404013445,-2.11344636708
1.02475106181,-2.0897500405
1.02175405643,-2.11152922424
1.02306677526,-2.08883354013
1.02556074657,-2.1055480411
1.02852262532,0.672347655401
1.0235469348,-2.15718517138
1.02580543613,-1.84506660755
1.0236121701,-1.85636539441
1.02520617413,-1.9425858147
1.02578449584,-2.03868191788
1.02436978397,-2.0887384078
1.02462914621,-2.11559741687
1.02695616205,-5.13157186124
1.02329709356,-2.48121388506
1.02444950553,-2.34650394758
1.02550578938,-2.20414081513
1.02451406117,-2.15174557604
1.02366250156,-2.12083922543
1.02600888431,-2.07746299334
1.02403614025,-2.08428502831
1.02256693851,-2.07568841905
1.02421351038,-2.0553428222
1.02428419532,-2.08035201728
1.02432678845,-2.08747732092
1.02501631299,-2.06167496776
1.02470156256,-2.08374464699
1.0230602994,-2.07913580806
1.02474706886,-2.08472943655
1.02602586879,-2.09778685696
1.02311971618,-2.0721227805
1.02525269339,-2.06235456967
1.02412338055,-2.08040384998
1.02263476468,-2.07531381206
1.02316394717,-2.08904200175
1.02357028572,-2.08499068522
1.02252490614,-2.08444169718
1.02229576969,-2.08927690626
1.02386419989,-2.08205762364
1.02025123655,-2.0823822306
1.02112899928,-2.09282254923
1.02365225181,-2.08450144858
1.02205901525,-2.07516494267
1.0234796525,-2.08339295488
1.02251781314,-2.08857446214
1.02167654885,-2.09358842508
1.02119791383,-2.07879890775
1.02488206797,-2.08763885345
1.02249948456,-2.07912186923
1.02163958113,-2.07734304733
1.02233091168,-2.08146547211
1.02217548734,-2.07278934754
1.02148284485,-2.07917437727
1.02340980948,-2.06602567163
1.02110830463,-2.07369010192
1.02019903109,-2.07844166134
1.02291182408,-2.08865831144
1.02404935997,-2.09336001515
1.02006684396,-2.07844222964
1.02192159192,-2.0961182496
1.02280658753,-2.10313715162
1.02220467761,-2.08809225508
1.02160555396,-2.07778377774
1.02136607154,-2.08489683967
1.0200905857,-2.10120609561
1.02407342354,-2.10761568728
1.02339122836,-2.10155747772
1.0217880862,-2.08036981854
1.02180519437,-2.08637502945
1.02392223821,-2.09499744534
1.02212254575,-2.09806852381
1.02431225533,-2.10430874399
1.02329413791,-2.09382676156
1.02211296579,-2.10047713529
1.0225701703,-2.11716203433
1.02434854534,-2.10463314364
1.02212154861,-2.09663801647
1.02195059875,-2.087987789
1.02359920442,-2.09925281445
1.02302953864,-2.10159740619
1.02412293372,-2.09697909037
1.02445200702,-2.09322530769
1.02127590091,-2.09135805989
1.02189546375,-2.09470136716
1.0248298268,-2.10412290976
1.02436732687,-2.09673350479
1.02111654247,-2.08902532795
1.02389364254,-2.11100365637
1.02416957199,-2.10376903794
1.02396262057,-2.11641898581
1.02395676241,-2.09461809356
1.02288797638,-2.09961838888
1.02212786956,-2.10410589326
1.0244698298,-2.08811016661
1.02344845245,-2.10911617076
1.02135759437,-2.10117245168
1.0228238035,-2.08082977069
1.02382407024,-2.10275791581
1.02100965211,-2.09666570244
1.02274892555,-2.10164460486
1.02377952347,-2.10194691173
1.01523168767,-1.42252499422
1.02632164174,-2.019177181
1.02740086269,-1.92764095772
1.02459811524,-1.92091657181
1.02492553206,-1.93693831317
1.02596818774,-1.94176943905
1.02567875136,-1.93587805548
1.0267469687,-1.97640309249
1.02693308434,-1.94655822139
1.02437201177,-2.09265878469
1.02532671596,-2.06910774287
1.02712530146,-2.06865485596
1.02569014159,-2.04645584883
1.02467629534,-2.060993328
1.02612204474,-2.06062300101
1.02490862427,-2.06659638764
1.02463692601,-2.07516217182
1.02613770003,-2.08839926296
1.02476914929,-2.07267932252
1.02421998276,-2.06529997369
1.026457653,-2.07188962509
1.02586320304,-2.09129696047
1.02385435785,-2.0812035252
1.02467296476,-2.07303472349
1.02638068684,-2.08188627157
1.02375116547,-2.08161979365
1.02605561981,-2.08229059611
1.02484186217,-2.08198103862
1.02480932937,-2.0945619535
1.02406363956,-2.09062205384
1.02563105383,-2.09270502022
1.02369727632,-2.09316770774
1.02329496873,-2.08300444998
1.024620155,-2.09250882073
1.02392318951,-2.10853297926
1.02439774504,-2.08396404724
1.0256100661,-2.08657177459
1.02200936328,-2.08664637053
1.0242645013,-2.10007779264
1.02655719696,-2.11325863116
1.02498756743,-2.08477071421
1.02386067833,-2.09900232951
1.02595312565,-2.10115054781
1.02503226642,-2.09845560056
1.02482633627,-2.0898111211
1.02581212706,-2.090576181
1.02315746952,-2.09686461864
1.02337029333,-2.07576817998
1.02748068682,-2.0813094228
1.02589449108,-2.09656539665
1.02339228984,-2.10370823962
1.02421550319,-2.0824281765
1.02578080181,-2.1007605594
1.02399861764,-2.11054482429
1.02585032052,-2.10502619819
1.02414817498,-2.09957334119
1.02299367952,-2.09230811243
1.0241574761,-2.08959896875
1.02516241171,-2.10839518434
1.0231976092,-2.0905995762
1.02342663186,-2.09646495505
1.02368473974,-2.10828243693
1.02345227664,-2.09737729415
1.02548198978,-2.10977231741
1.02598359089,-2.11551761665
1.02320079577,-2.10176155025
1.02462788707,-2.09581125437
1.02759690908,-2.08576217088
1.02510213415,-2.09746066196
1.02360020384,-2.09308113535
1.02654991757,-2.1017873504
1.02532117701,-2.10916877046
1.02657461069,-2.09907412468
1.02651675396,-2.10246283782
1.02369070431,-2.0982742469
1.02426692989,-2.10690662152
1.02803529267,-2.11145571672
1.02548107262,-2.09246360199
1.02389212525,-2.09342602894
1.02600126482,-2.1061930978
1.02620289974,-2.12483319153
1.02434454199,-2.09832732034
1.02626742486,-2.09679192287
1.0254654655,-2.10000748831
1.02466657828,-2.11075383357
1.02546488193,-2.10840391243
1.0267970125,-2.12894767574
1.02423773868,-2.10815643238
1.02586449731,-2.12538534049
1.02611794064,-2.09230689071
1.02518624377,-2.09690111717
1.02658016992,-2.1018580718
1.02687554717,-2.10352105013
1.02457879164,-2.10455867825
1.02662024528,-2.0979102071
1.02778795241,-2.10809551784
1.02525376996,-2.1048451545
1.02381000188,-2.08476442361
1.02678021106,-2.10751378615
1.02429800541,-2.07889888291
1.02648998689,-2.12012670832
1.02664697572,-2.1175506826
1.02418072442,-2.09789989409
1.0249828687,-2.10797280646
1.02733022129,-2.10859134123
1.02516685123,-2.08870897979
1.02554275842,-2.09012783405
1.0279372717,-2.10888391254
1.02626977487,-2.0953950464
1.02498578978,-2.11523677044
1.02645778918,-2.1142513517
1.02533451405,-2.09916558537
1.02455525923,-2.10398839817
1.02679845734,-2.09854534009
1.02690364745,-2.1184341366
1.02471261956,-2.08926498185
1.02640415833,-2.10775545663
1.02517295983,-2.1071926273
1.02474124901,-2.11695464933
1.02656268219,-2.12266073705
1.02721274617,-2.11353163424
1.02398957315,-2.10817967744
1.02673754532,-2.11015660452
1.02588147841,-2.10180532172
1.02484833103,-2.09623290551
1.02588950562,-2.11318328073
1.02554099701,-2.09578874436
1.02556545177,-2.10747849832
1.02621040917,-2.10682644833
1.02680590362,-2.09764081243
1.0241422168,-2.09347749075
1.02579011051,-2.10250337449
1.02763797236,-2.10230790823
1.02477333445,-2.10012422304
1.02567571581,-2.11519173205
1.02669109712,-2.10535099737
1.02743920531,-2.10472540833
1.02638944816,-2.10116436409
1.02770619291,-2.10764694883
1.02519086984,-2.11284137557
1.02538317429,-2.10217457895
1.0285292566,-2.11512273017
1.02595364778,-2.90353941803
1.02544688772,-1.7203514902
1.02627524468,-1.92836655284
1.02645263469,-2.06162896304
1.02572769705,-2.10356966791
1.02809396102,-2.15404390933
1.02751393615,-2.16979646907
1.02422604682,-2.1581732231
1.0277780807,-2.74612560334
1.0277953511,-2.32864601271
1.02609555934,-1.98181830149
1.02566770221,-1.99750130079
1.02588169355,-2.05087094197
1.02541446108,-2.07024892482
1.02818755097,-2.0885428536
1.02584090168,-2.09007267867
1.02461994937,-2.10035513812
1.02586477577,-2.0754943896
1.02813111078,-2.06979023558
1.02613089582,-2.11014458975
1.02618397678,-2.11198241013
1.02735574118,-2.10987723042
1.02697986841,-2.08809975001
1.0270957754,-2.11474564057
1.02775553692,-2.1146052465
1.02574063505,-2.1175721772
1.02672448809,-2.10834447202
1.02833131819,-2.10855464513
1.02690006084,-2.1003982171
1.02648950293,-2.11958880822
1.0276876925,-2.10968861919
1.02645945782,-2.11137051988
1.0263814963,-2.11710061244
1.02812385479,-2.10316370698
1.02614714327,-2.10811850846
1.02459905776,-2.08565553381
1.02827256658,-2.10199767326
1.02805355763,-2.10896451215
1.02575612285,-2.1210713825
1.02597748345,-2.10850657869
1.02691788165,-2.10436164844
1.02702316385,-2.0925578357
1.02804811621,-2.09912302646
1.02577623418,-2.11061070381
1.02485990997,-2.11223083393
1.02860351378,-2.11639437766
1.02829725739,-2.12670946382
1.02588878823,-2.11727950233
1.02651965736,-2.10565424807
1.02835079901,-2.11250186909
1.0271666275,-2.11000566752
1.02778201816,-2.11026349949
1.02876990301,-2.1091276827
1.02570638822,-2.11215050554
1.02748591164,-2.12266492912
1.02892242444,-2.1218720583
1.02634798143,-2.10854824956
1.02602588491,-2.10125913011
1.02870345922,-2.11522958256
1.02787581573,-2.11513496892
1.02802789377,-2.10820726809
1.03087391076,-2.09419366226
1.02671581932,-2.09676640475
1.02638337127,-2.09816257074
1.02850530988,-2.10825484975
1.02839257953,-2.10611941694
1.02722423236,-2.10587406192
1.02877877121,-2.10721426956
1.02695257784,-2.11834180918
1.02653765734,-2.09334053689
1.02850572527,-2.12371095864
1.02771380549,-2.11277495516
1.02606099913,-2.10810617847
1.02835364408,-2.10037906204
1.02838017045,-2.10342400926
1.0253016144,-2.10457457697
1.02756159477,-2.11724573686
1.0264342421,-2.10398366773
1.02656856902,-2.10577744993
1.02781988256,-2.10463133449
1.02706908848,-2.11766912012
1.02712240967,-2.13574782023
1.02847225674,-2.12996921353
1.03016989517,-2.11786342904
1.0271102577,-2.11580598273
1.0269296489,-2.11571064057
1.02941958947,-2.12335482612
1.02735517864,-2.11589016805
1.02904657792,-2.10293565544
1.03009625174,-2.11212622578
1.02847034613,-2.12738558787
1.02670848244,-2.11364980636
1.02982679221,-2.106913035
1.02813006097,-2.08968400069
1.02811798519,-2.12161703895
1.02919149063,-2.12386012133
1.02824785877,-2.11773846506
1.02824462804,-2.11770933033
1.03035991903,-2.10140614226
1.02794895756,-2.12866162594
1.02614911156,-2.11130969238
1.03041582783,-2.11805818785
1.03157222312,-2.1108247842
1.02720655161,-2.10991018161
1.02808282364,-2.11849204229
1.02883789254,-2.1330316462
1.02910161383,-2.10307265786
1.02981787991,-2.10329518618
1.0287804329,-2.1254956839
1.02636355407,-2.10450138994
1.02936450904,-2.1191231291
1.03001600351,-2.11113581775
1.02814695529,-2.1096434234
1.0284157648,-2.11034683399
1.029373285,-2.12208363305
1.02694720603,-2.11306403522
1.02870271121,-2.1209493419
1.03070985331,-2.11166238456
1.02749760051,-2.08989901409
1.0280279304,-2.11473563215
1.02967435072,-2.10869449144
1.02914553848,-2.10097025536
1.02845029917,-2.11726147129
1.02943216351,-2.13238277162
1.02908475868,-2.12401650373
1.03002258587,-2.11978730178
1.03069109312,-2.11341098862
1.02765929496,-2.11194927054
1.0273853003,-2.12490590728
1.030157368,-2.12090612036
1.03006031023,-2.09525934045
1.02843865083,-2.11803092298
1.02796183771,-2.1138607708
1.0279385752,-2.10851641977
1.02843082997,-2.10879534181
1.02850381588,-2.12840927882
1.02825634911,-2.10884094714
1.02667227065,-2.10381819372
1.02853124242,-2.11706647335
1.02852049198,-2.11363511931
1.02608079469,-2.11669159919
1.02726296957,-2.11292552646
1.02867966386,-2.10309859788
1.02807686459,-2.10721279641
1.02899770259,-2.112738106
1.03018724881,-2.11259780055
1.02910609551,-2.0893054715
1.03115601943,-2.11528188533
1.03448614467,-2.11673708919
1.03237147565,-2.11675498406
1.03360831681,-2.12203944754
1.03415661174,-2.10582358671
1.03568901798,-2.12462839998
1.03601892244,-2.1140553487
1.03779097091,-2.12276174888
1.03670061265,-2.12315472411
1.03705248943,-2.12285028822
1.03841523478,-2.10701768462
1.03955656642,-2.11979292352
1.03920438819,-2.12828637526
1.04194824115,-2.11455381193
1.04401928114,-2.12647858777
1.04851611925,0.843296978515
1.04700017725,-2.20587341194
1.04882440837,-1.8431109422
1.05057366586,-1.82446433047
1.05693457715,-1.93190847166
1.05999108206,-2.04731131906
1.06162259205,-2.09273256124
1.06495842079,-2.12302594646
1.07037040204,-5.34930981412
1.07138472642,-2.50917960091
1.07790319002,-2.39022022702
1.08153896029,-2.26200317473
1.08317706763,-2.21688005517
1.08734633464,-2.14408479677
1.09088137036,-2.09980269525
1.09202640789,-2.08700496339
1.09331970903,-2.07348874852
1.09749260225,-2.14814027018
1.09623393475,-2.08628470766
1.09848067769,-2.0798134476
1.10215289057,-2.08909849378
1.10052253088,-2.08622160663
1.10264172972,-2.10441465559
1.10378860332,-2.10676459155
1.10390891652,-2.09760368333
1.10141324506,-2.08957395552
1.10486291419,-2.10349995844
1.10405017638,-2.09087587592
1.10393410149,-2.09652760639
1.10467821351,-2.09601580512
1.1003029636,-2.09965275662
1.09902777342,-2.10563396965
1.10138686687,-2.09470407003
1.09936149622,-2.09683693187
1.09426807399,-2.10191776246
1.09459616217,-2.0962074373
1.09098618931,-2.1116467329
1.08612182296,-2.12154897666
1.08589600106,-2.10879318774
1.0822159999,-2.0965955717
1.07751184273,-2.10165050351
1.07523651758,-2.08887830545
1.07203592869,-2.11300384945
1.06757882637,-2.11705908334
1.06415733256,-2.09430937311
1.06008577977,-2.08911560463
1.05621545333,-2.10027877702
1.05523716434,-2.09207057537
1.05332709839,-2.10378536109
1.04692468484,-2.10382862475
1.04458793725,-2.10871388534
1.04458686719,-2.10083779556
1.04230469807,-2.11493800918
1.03974152484,-2.10490442637
1.03870596103,-2.1016457959
1.03655384704,-2.12556061359
1.03687797084,-2.11266000789
1.03568096247,-2.11130881305
1.03153897201,-2.10605267713
1.03113558164,-2.11334552861
1.0329119219,-2.10885388822
1.03071223784,-2.10986508441
1.02875523086,-2.11785018213
1.02945184721,-2.10309950687
1.02962969029,-2.12877266995
1.02766616001,-2.09931447513
1.02923702802,-2.09463385441
1.02860104294,-2.11696096708
1.02752020762,-2.10931250489
1.02938833994,-2.09266789646
1.03141556772,-2.10182602723
1.02844893479,-2.11098878535
1.02931556465,-2.11284183293
1.02886422954,-2.11647009923
1.02855627367,-2.11185542032
1.03202592348,-2.10786729565
1.03149805014,-2.08052020146
1.02900970513,-2.11845391045
1.03022881894,-2.09927796233
1.0322167409,-2.10942317129
1.03100290298,-2.10003476989
1.02954116247,-2.11662957185
1.03143564091,-2.1061806166
1.03071981121,-2.11183826783
1.03082955229,-2.10537416912
1.03076721917,-2.11473063956
1.02853187211,-2.11176901002
1.02855982777,-2.11485041215
1.03176470397,-2.10618512871
1.02963550494,-2.08913514651
1.02872357901,-2.09281870014
1.03216325678,-2.1042794819
1.03002905458,-2.09620609805
1.03100797062,-2.10850754744
1.0315957701,-2.11220340128
1.02978893463,-2.08480461592
1.00258642453,-1.42230048199
1.01426053079,-2.1305177579
1.01352139794,-1.98696810943
1.01233231364,-1.90011590119
1.0133521073,-1.92120249752
1.0125962463,-1.93858624279
1.01136348773,-1.9229266392
1.01349712993,-1.96340617533
1.01423280033,-1.92326025442
1.01279097245,-2.28801375387
1.01328843358,-2.21350990006
1.01367374864,-2.23313833758
1.01217816877,-2.2275636778
1.01318696517,-2.22469152384
1.0139363071,-2.24266007877
1.01416291466,-2.23374629736
1.01363618692,-2.23622798774
1.01474586032,-2.23489648097
1.0125085344,-2.23718822301
1.01301808828,-2.24047559491
1.01540217957,-2.23988780088
1.01494247215,-2.25571641716
1.01422656615,-2.24354975867
1.01452099242,-2.25192997671
1.01500542088,-2.24153644151
1.01437100111,-2.24781058678
1.01617762767,-2.2351661085
1.01439520646,-2.23955036038
1.01411543982,-2.26596646964
1.01573454116,-2.25549005838
1.01526225967,-2.24070193429
1.01439788473,-2.24842383069
1.015431613,-2.22978481299
1.01448630283,-2.24725033892
1.01447293123,-2.253795646
1.017465037,-2.27408231601
1.01623064186,-2.26116742666
1.013105529,-2.25493473868
1.01630509513,-2.26017427777
1.01750924727,-2.26327197054
1.0152397862,-2.25732010393
1.01451038068,-2.25928890435
1.01466719944,-2.25469490235
1.01471453115,-2.25662894384
1.01724264486,-2.27099906294
1.01721138896,-2.2581753097
1.01437884934,-2.26631471741
1.01504087801,-2.2593023183
1.01817468673,-2.275608154
1.01540223234,-2.26007795768
1.01607478024,-2.26722451785
1.0167796183,-2.25710456883
1.01624996598,-2.25353936914
1.0165563668,-2.25673923412
1.0175476088,-2.25201273791
1.01517502882,-2.25398122646
1.01631341658,-2.26825573163
1.01850798225,-2.27219255846
1.01734152035,-2.2687773538
1.0175573549,-2.26716733426
1.01788692332,-2.26165068984
1.01677754464,-2.27545712307
1.01679830742,-2.25445785179
1.01891159803,-2.25604578833
1.01784460981,-2.26980834279
1.01468526784,-2.26383192563
1.01803159209,-2.26810431083
1.01932854608,-2.27628939996
1.01701609285,-2.2614901748
1.01683795964,-2.24430203295
1.0167117838,-2.28098607828
1.01561481355,-2.25041917113
1.01751647628,-2.26205091692
1.01683345809,-2.26463298926
1.01489265563,-2.25879617289
1.01808650938,-2.27422359268
1.01758094467,-2.264323796
1.01548198023,-2.26151975885
1.0160551469,-2.25916363535
1.0180481885,-2.2714335856
1.01774295991,-2.27544683559
1.01709636647,-2.27299408484
1.01811147777,-2.27151789727
1.01616281885,-2.27489493703
1.0173788277,-2.25108882308
1.01815950689,-2.26624389886
1.01767572213,-2.26955510962
1.01676680051,-2.25601636573
1.01748747691,-2.25826975778
1.01726073883,-2.27320066575
1.01740514036,-2.27921938107
1.01905586059,-2.27258127611
1.01743680959,-2.26936635317
1.01603410045,-2.27257549167
1.01753093767,-2.26219961741
1.017538246,-2.27968724053
1.01630522047,-2.27528390805
1.01840760971,-2.24874551543
1.01755180474,-2.24921071955
1.0160219419,-2.27072197254
1.01746158079,-2.27633729953
1.01683661574,-2.27664906627
1.01545987302,-2.26850122617
1.01724606695,-2.27214804566
1.01917113736,-2.26785003207
1.01613353917,-2.26931901578
1.01681635461,-2.259989263
1.0161455676,-2.26928415838
1.01572736112,-2.27594698868
1.01750258389,-2.27298234996
1.01773403161,-2.25747704727
1.01667465051,-2.261971562
1.01676668872,-2.28200146967
1.01820110631,-2.27034953891
1.01758312225,-2.26562613242
1.01729451546,-2.25542131994
1.02039571202,-2.25769838849
1.01820017908,-2.28100321663
1.01979718656,-2.25893022714
1.02113906257,-2.26325598435
1.02086669644,-2.25804090787
1.02021273507,-2.28639592359
1.02238406286,-2.27602559338
1.0207720415,-2.2721450739
1.01939987911,-2.25091560357
1.02255844539,-2.2675574307
1.02067435178,-2.27896530262
1.02019007428,-2.26328097274
1.02210703521,-2.25024796734
1.02008974007,-2.27070595423
1.01799824344,-2.26938732293
1.02123626388,-2.26650257175
1.02333353642,-2.26895686591
1.02071400534,-2.25283564359
1.02103773864,-2.27187295385
1.0211452217,-2.26155322398
1.019816822,-2.24218326798
1.02184413171,-2.26913544902
1.02120403835,-2.26746389466
1.02127419164,-2.27480946315
1.02136317151,-2.2788178054
1.02261103444,-2.26646303426
1.02172049744,-2.65472276357
1.02115818475,-1.92843600247
1.02139421834,-2.07806122611
1.02094208169,-2.22501529591
1.02187666788,-2.2641311483
1.02321844303,-2.31254926542
1.02075963946,-2.31288779973
1.01977431682,-2.32330256564
1.02156299888,-3.57372077115
1.02055457022,-2.46676537926
1.02097218481,-2.13091791619
1.02117306616,-2.17196653769
1.01975903108,-2.20110181894
1.02155069383,-2.24997411208
1.02287001977,-2.23417530103
1.02032625917,-2.24684602812
1.01785866844,-2.26470715749
1.02019002555,-2.21944096488
1.02210817969,-2.21675445339
1.01913132723,-2.2476750329
1.02080835676,-2.27808502349
1.02018932953,-2.25301223832
1.01909521368,-2.27089771684
1.01949840068,-2.26587332528
1.01986800455,-2.2575091245
1.01729135723,-2.27792237951
1.01941815793,-2.28815092315
1.02052893503,-2.28310036594
1.01830314546,-2.25489291738
1.0182760838,-2.24479695669
1.01886120412,-2.27884524381
1.01777005413,-2.28167387784
1.02026856348,-2.26607061568
1.02130686656,-2.24994535319
1.01892314009,-2.26453296819
1.01835042592,-2.26905752627
1.0203174678,-2.25393275353
1.01868423797,-2.25803101986
1.0187436993,-2.25579063091
1.02072263168,-2.27061745788
1.02016691138,-2.26845077067
1.02099073232,-2.26807315237
1.02308631438,-2.25834629766
1.02032369624,-2.29397986457
1.01905747403,-2.26367695657
1.0231575637,-2.26541158721
1.02222646133,-2.2778148363
1.02022657884,-2.26183346356
1.02140682815,-2.26643749515
1.02061734613,-2.27653661029
1.01939442982,-2.26553858665
1.02112496271,-2.27240169058
1.01992970911,-2.2723236863
1.01779966423,-2.26203802334
1.02061702379,-2.25835790706
1.02161225332,-2.28117626237
1.01992142028,-2.26802670185
1.02029272016,-2.25688343648
1.02003803195,-2.25804144476
1.01908369869,-2.28448351587
1.02115769342,-2.25506089516
1.02125137914,-2.25771787604
1.02104223664,-2.29194472847
1.02168444887,-2.26601425026
1.02177680214,-2.27227082279
1.02090631195,-2.25853505301
1.01979170815,-2.27985236653
1.02186516615,-2.25858574989
1.02036490537,-2.27890599306
1.02251705893,-2.2625504445
1.02355515438,-2.27111772092
1.01954687756,-2.23956521973
1.02021377292,-2.25445112754
1.02197785905,-2.26500029932
1.02191041687,-2.26360272027
1.02162959057,-2.26101247155
1.02281348839,-2.27457040912
1.02149665727,-2.2766009993
1.02100839496,-2.28184857579
1.02231395033,-2.25752659742
1.02054895557,-2.27448451969
1.01933744131,-2.26740574933
1.02299532288,-2.27428999338
1.0230204362,-2.27591683768
1.02111763763,-2.28031898379
1.0219292055,-2.26032995793
1.02193362068,-2.27991322629
1.02013196144,-2.27770138268
1.02221180703,-2.28767887038
1.02220309764,-2.26583799076
1.02117773506,-2.28116431386
1.02099447504,-2.28929713328
1.02216288542,-2.27728357601
1.02059500078,-2.27358528545
1.02119664463,-2.2605958455
1.02027683317,-2.28008170356
1.02045759922,-2.27559042532
1.02339239273,-2.30570336568
1.02521604963,-2.27029225456
1.01953088872,-2.26735978525
1.02014336075,-2.26092426168
1.02172392771,-2.2574425439
1.02219274634,-2.27624375452
1.02177926914,-2.25848926692
1.02263408143,-2.27139280043
1.02090256178,-2.25397623271
1.02053955136,-2.25831904821
1.02214330708,-2.26880417693
1.01979911672,-2.2553785716
1.02070257461,-2.27844944683
1.02312637726,-2.27170866934
1.02219816442,-2.27359069025
1.02117137754,-2.26589879181
1.02196761035,-2.28899140057
1.02148031684,-2.26584262065
1.02051309139,-2.27071485327
1.02260946752,-2.27622308198
1.02295118394,-2.28748343646
1.02108859058,-2.27799606923
1.02102045931,-2.28707789389
1.02213043131,-2.28664567468
1.02149896742,-2.2691529638
1.02143415378,-2.26463821683
1.02021114441,-2.28285846295
1.01984254501,-2.28025003035
1.02381720273,-2.29295254503
1.02302342621,-2.27421782355
1.01996397176,-2.2789246349
1.02076616058,-2.27020110318
1.02242335196,-2.28401148011
1.02075391692,-2.24847574413
1.01994957107,-2.27231098188
1.02230486087,-2.26724551717
1.02189447913,-2.27678685693
1.0227278736,-2.26605251508
1.02227988404,-2.26601988062
1.02041066637,-2.27837817374
1.01999844431,-2.26729206928
1.02263945667,-2.27091048305
1.02250056999,-2.26938976376
1.02177934479,-2.2796632713
1.02307882414,-2.27865018319
1.02281094786,-2.27476936348
1.02184526408,-2.28276459668
1.02193666437,-2.2758325321
1.02098373904,-2.27565861582
1.02014909017,-2.2385549305
1.02323053811,-2.28170874537
1.02286202801,-2.2697053581
1.02198746737,-2.27428720059
1.02204706134,-2.28253672597
1.02214350374,-2.27413103272
1.02235924835,-2.29649188106
1.0235447619,-2.28146468021
1.02466783114,-2.28581999107
1.02287096837,-2.27873408848
1.02451266382,-2.29313882434
1.02401324189,-2.27687140541
1.02243987477,-2.28897910019
1.02269004071,-2.28218259254
1.02381860168,-2.2861316339
1.02302687136,-2.30191834669
1.02911642947,0.843498975798
1.0257284374,-2.44813479752
1.02462674261,-1.99741426574
1.02432076488,-2.01481907137
1.02808528801,-2.0988496403
1.02705495452,-2.19604995514
1.02920341474,-2.27523590569
1.03040053422,-2.30029354833
1.03169545678,-5.82596749867
1.02771641939,-2.52858274899
1.03200195428,-2.56004638315
1.03119342651,-2.44376660253
1.0285655678,-2.35129617256
1.03203303483,-2.32192205415
1.03048774927,-2.26627620775
1.02901443096,-2.24456659684
1.03054656185,-2.25113286335
1.02919484131,-2.35477748252
1.02766168824,-2.23313285344
1.02905473664,-2.21678664562
1.02964072133,-2.23845192197
1.02569133605,-2.24895148219
1.02723706596,-2.23310020058
1.02895716561,-2.24805668303
1.02863321758,-2.25371198289
1.02776917597,-2.22718881757
1.02660641081,-2.24162320568
1.02642850711,-2.2466020864
1.02909413779,-2.23136011233
1.02998891411,-2.25375394102
1.0276581332,-2.24992428078
1.02750382869,-2.25783408283
1.02928955421,-2.25325199036
1.02661042111,-2.25954363032
1.02689970666,-2.24402702101
1.02688652876,-2.24882976125
1.02430031095,-2.25491112372
1.02536990629,-2.25580404048
1.02541203076,-2.24409014452
1.02302235885,-2.27067559049
1.02114304303,-2.26046101371
1.02302761017,-2.24213864874
1.0227299581,-2.25098017349
1.02283889129,-2.24582563493
1.02287489839,-2.24713990562
1.02102471681,-2.26215496678
1.02076357919,-2.2561908074
1.02308631678,-2.26448380613
1.02241977874,-2.2495420494
1.01944883077,-2.26681510345
1.02171059568,-2.2562481552
1.02195547029,-2.27523437774
1.02128950449,-2.26522027479
1.02080127713,-2.2630188073
1.02096996147,-2.26054199606
1.02144105117,-2.26420230691
1.02330818183,-2.28155288542
1.02337367642,-2.28089957314
1.02035840969,-2.25883711696
1.02282023534,-2.28093470483
1.0234439574,-2.25112592487
1.02176452721,-2.28858306085
1.02134264425,-2.25815900179
1.02226602972,-2.27548219219
1.02057655838,-2.27199965246
1.02182446037,-2.2740865681
1.02401859804,-2.27535019173
1.02041621295,-2.27691541112
1.02117829327,-2.27379877203
1.02313240828,-2.27159686814
1.02240201042,-2.27582414565
1.02191183441,-2.27080338552
1.02414757947,-2.28012561602
1.02208374508,-2.28672323247
1.02313903362,-2.28098668213
1.02478011162,-2.26247570534
1.02264482877,-2.25238055117
1.02135395197,-2.28438411602
1.02340146566,-2.28879734585
1.02378256825,-2.27642680749
1.02355155277,-2.28508737783
1.02342045188,-2.28913627517
1.02223293211,-2.27385136241
1.02120486811,-2.28391097058
1.02352744631,-2.27961128707
1.02229879585,-2.27245250917
1.0196445039,-2.28318784085
1.02137653161,-2.2760252415
1.0220409383,-2.27098416472
1.02058701641,-2.28187465941
1.02147209639,-2.25499107829
1.02031879224,-2.27008310575
1.01891325265,-2.2653762947
1.02150575947,-2.27259230203
1.0226445008,-2.27143737451
1.02225862128,-2.27602291571
1.01847807705,-1.62526560253
1.02817986941,-2.05644127686
1.02510382749,-2.2125700721
1.02556889486,-2.08981913949
1.02772146951,-2.05740201719
1.02679988009,-2.03651939501
1.0272800985,-2.02138955313
1.02833621514,-2.05562861615
1.02676448425,-2.04440647153
1.02601665157,-2.06302168272
1.02764458113,-2.11847046061
1.02819232221,-2.09844236709
1.02789942222,-2.11960905324
1.02892311069,-2.11377783522
1.02651946465,-2.12529506636
1.02678089343,-2.12292844095
1.02909696628,-2.1151761469
1.02784166112,-2.11384227698
1.02666485017,-2.12846474712
1.02983377411,-2.11218119052
1.03046716791,-2.11955957911
1.02868233438,-2.13372458655
1.02860572,-2.09607650402
1.02968539146,-2.12863345221
1.02745990979,-2.12317006454
1.02995151574,-2.13453944735
1.02962962401,-2.11063274718
1.02828948558,-2.11554194881
1.02856424783,-2.11748040085
1.02940443094,-2.10777713117
1.0287651218,-2.12821357819
1.02842960439,-2.10820051743
1.02928705537,-2.11388379657
1.02728264837,-2.12917615933
1.02972554033,-2.11011672632
1.0321976725,-2.10625916274
1.03034611346,-2.12361512621
1.02665916399,-2.11858108808
1.02891599077,-2.13670912024
1.02912542293,-2.1227097501
1.02947899213,-2.10015816088
1.03077435272,-2.11275209198
1.02933172677,-2.1331254715
1.02921325391,-2.09506427536
1.03134161903,-2.11254795976
1.02846314133,-2.12472467931
1.02759194276,-2.12484604288
1.02885926433,-2.12258991059
1.03067158289,-2.13857619016
1.02798204491,-2.12298972451
1.02933845871,-2.13270059731
1.02719590965,-2.12121393305
1.02629189919,-2.13100338237
1.02740237823,-2.11233097206
1.02965673857,-2.14640080747
1.02765019738,-2.14068704845
1.02904895516,-2.13484226076
1.02953968607,-2.13755988009
1.028457781,-2.11007912177
1.03042448266,-2.10156858155
1.02871725166,-2.11591304332
1.02647245452,-2.11629276342
1.02916129651,-2.11055960626
1.03175769184,-2.11882726017
1.02942075374,-2.11407198894
1.02850122991,-2.13685877756
1.02992350092,-2.116295939
1.02914234734,-2.13052093809
1.02862153364,-2.13806174114
1.03065096932,-2.1182570315
1.03066014964,-2.13803704725
1.03088080576,-2.11427251611
1.03149814652,-2.10459519827
1.02963592673,-2.1213072572
1.02872087703,-2.12260934469
1.03201312375,-2.12515206953
1.03172245765,-2.1199867218
1.03326470364,-2.13641155568
1.03289060615,-2.11820114982
1.03084021094,-2.14446765052
1.02976420051,-2.10376906589
1.03185724426,-2.12103826279
1.03093922887,-2.10857448518
1.03115075175,-2.11844516261
1.03241459548,-2.10379848468
1.03219032421,-2.13032981999
1.03048167951,-2.11749163463
1.03001993978,-2.10281104648
1.02981866156,-2.12195924968
1.02916545972,-2.11952466808
1.03171784286,-2.12276956935
1.03184990578,-2.11584280296
1.03023659602,-2.12835854396
1.03026596409,-2.10700298954
1.03055732288,-2.11317014992
1.02989672689,-2.10881520806
1.03056571051,-2.11283230832
1.03176820218,-2.10975934723
1.03109083068,-2.1224504052
1.03199508956,-2.11699074255
1.03353169563,-2.1243146566
1.03083529,-2.10548336693
1.0296635885,-2.12321634356
1.03006068684,-2.10962202623
1.03143059546,-2.10565645313
1.03115198726,-2.08710595249
1.03267963481,-2.10966973039
1.03089533256,-2.1212286278
1.03063431166,-2.11944478197
1.03028759531,-2.11165330706
1.02910128375,-2.11564592656
1.02844072565,-2.10613576085
1.03315715002,-2.11916491056
1.03125076528,-2.12030263555
1.03069092676,-2.12065981286
1.03060871326,-2.11158302666
1.03042279064,-2.12634614063
1.02783017287,-2.12050154941
1.03187269914,-2.13084005152
1.0317515282,-2.09896720628
1.03043691771,-2.12669330749
1.0300965495,-2.10162219296
1.03005689244,-2.10128840748
1.03029289221,-2.09681713368
1.03080218042,-2.09996674122
1.02963549054,-2.10396532446
1.02913663526,-2.11465523638
1.03101083144,-2.10102798161
1.03383214238,-2.11554596581
1.03053013562,-2.11676230711
1.0304335938,-2.11404374885
1.03098421771,-2.10344446752
1.03104226655,-2.13443117396
1.03131042579,-2.10742712441
1.0323950415,-2.11993381257
1.03187760595,-2.12923026879
1.03281663501,-2.13485913716
1.03333918934,-2.1290787054
1.03124102665,-2.12528732807
1.03122664201,-2.10352211635
1.03305186701,-2.13041066075
1.03325276939,-2.11309846974
1.03302116007,-2.7249905491
1.03407129499,-1.83468998153
1.03268411079,-1.96546978477
1.02972115706,-2.05106675382
1.03378271503,-2.09394579066
1.03373915639,-2.13599098575
1.03163599865,-2.16398858497
1.03216300838,-2.17096690939
1.03431066535,-3.12978020295
1.0311799523,-2.05033568423
1.03248068962,-1.96484225233
1.03168540214,-1.98434770972
1.03059846019,-2.05322669044
1.03414602675,-2.04843701917
1.03524396079,-2.08157813093
1.0333067944,-2.07755629959
1.03260788047,-2.11175961975
1.0350957724,-2.09117738684
1.03458430385,-2.0992160315
1.0337780879,-2.1159161821
1.03578680819,-2.11535169275
1.03448517685,-2.10410853594
1.03595707919,-2.10146603715
1.03681444423,-2.09733829865
1.03404390907,-2.10640482512
1.03322241482,-2.10883281635
1.03459359435,-2.11524955689
1.03464879398,-2.11968583761
1.03526463153,-2.1160232958
1.03624494633,-2.10546298248
1.0337802291,-2.13406890672
1.03281554553,-2.10502312586
1.03427014951,-2.10519487974
1.03398761549,-2.0962950336
1.03239125471,-2.09739632472
1.0335189563,-2.10093557043
1.03584983635,-2.11202572692
1.0338077647,-2.10495123779
1.03483633787,-2.11858294244
1.03326103124,-2.0945842552
1.03219496303,-2.11865524046
1.0343773509,-2.09560997996
1.0356675518,-2.10448678061
1.03306349637,-2.12069304502
1.0341797563,-2.12282046724
1.03439618118,-2.10268893314
1.03320118824,-2.10885740891
1.03290105407,-2.09978639709
1.03308062938,-2.10220133075
1.03276302972,-2.12376341584
1.03354258417,-2.11468010749
1.03499001087,-2.09356079143
1.03182986462,-2.09612337251
1.03270609761,-2.07485134486
1.03428263932,-2.08759206551
1.03225518103,-2.08686433811
1.0333509639,-2.0953658878
1.03424836035,-2.08840725368
1.03374206453,-2.1123059341
1.03444054779,-2.07322748154
1.03504958537,-2.09554336926
1.03381526224,-2.10093573528
1.03229900864,-2.08775152566
1.03444864361,-2.08051010706
1.0332645155,-2.09095428121
1.03429332132,-2.08965720302
1.03617480749,-2.09850334612
1.03318695495,-2.09121062807
1.03118175724,-2.10265647025
1.03475353114,-2.0794486427
1.03466323955,-2.08486558494
1.03186206427,-2.07166530261
1.03317290129,-2.10835080458
1.03492470579,-2.10724611425
1.03359067486,-2.08574524706
1.03353228182,-2.08632942406
1.03242505446,-2.08442134161
1.03136528164,-2.09674163423
1.03373587252,-2.09359711695
1.03489374895,-2.09048330205
1.03372703985,-2.09783626849
1.03331282493,-2.08947020607
1.03441413845,-2.08401527633
1.03268172234,-2.08900897869
1.03398715066,-2.07455040478
1.03455406688,-2.08976409975
1.03289942875,-2.11396588603
1.03436170329,-2.10511278774
1.03594381182,-2.1082026364
1.03441729129,-2.09900784434
1.03233642089,-2.08012647763
1.03335460499,-2.10486612638
1.03379862369,-2.11937144299
1.03587694166,-2.09874126553
1.0370527958,-2.08876546945
1.03360024804,-2.11202374606
1.03269364131,-2.10197176567
1.0343721245,-2.08316801958
1.03565645667,-2.12359279976
1.03230391365,-2.10003807789
1.03558673597,-2.10676487816
1.03564350745,-2.10759459523
1.03642912493,-2.0999391148
1.03502634581,-2.09560317401
1.0351360782,-2.11543185065
1.0346442151,-2.12421333353
1.03741557921,-2.10115220053
1.03821656498,-2.09229124316
1.03711998711,-2.10765415349
1.03808313208,-2.11097784642
1.03776305705,-2.12327658266
1.0361439361,-2.08169645035
1.03732583972,-2.10126657923
1.0373551506,-2.11496814849
1.03610453635,-2.11780523018
1.03623978964,-2.11190684382
1.03861787389,-2.10316857304
1.0366316415,-2.09506019838
1.03599531453,-2.10740606188
1.03679424265,-2.09625790259
1.03600645874,-2.11102442098
1.03714685791,-2.09755026638
1.03848639247,-2.10499168925
1.03721926295,-2.11491393459
1.03792009818,-2.10539408146
1.03976359527,-2.09277402087
1.03694152294,-2.10979357715
1.035719222,-2.08773838237
1.03749779428,-2.11458498886
1.03796068984,-2.11237981324
1.03843552462,-2.09423056607
1.03880893869,-2.08739562777
1.0369284345,-2.1116333622
1.03530964503,-2.10510435145
1.03630177366,-2.11337605663
1.03569062455,-2.0970072832
1.03483508762,-2.13047167462
1.03542656457,-2.08882007031
1.0363540737,-2.11339553773
1.03429196562,-2.11008102286
1.03490865678,-2.0964034591
1.03492339984,-2.10263610173
1.03452371095,-2.10213282863
1.03727056099,-2.09021489383
1.03738644065,-2.10273193646
1.03735260192,-2.09614446083
1.03681592478,-2.11357720228
1.03747146852,-2.10439866418
1.03584899777,-2.09718662577
1.03698916264,-2.09893409757
1.0384888581,-2.11495551096
1.03715327391,-2.11980726136
1.03661041865,-2.10984686786
1.03911563606,-2.10406906178
1.03677449975,-2.10710847764
1.03618491417,-2.10786259692
1.03642180792,-2.10007723033
1.03662861279,-2.11764673174
1.03806915121,-2.11648404101
1.03943854342,-2.106326284
1.0383293328,-2.10583860766
1.03608134085,-2.10677798579
1.04450529901,1.25437325344
1.03717177035,-2.36174868127
1.03649405616,-1.87080927892
1.03885873037,-1.86966719473
1.0408344189,-1.96171865768
1.03767491029,-2.03180448719
1.03831814771,-2.08830684561
1.03847598711,-2.12902291336
1.03574318551,-5.74086347758
1.03593776132,-2.25577588631
1.0373871965,-2.29378902163
1.03666305988,-2.30299830915
1.03679156959,-2.22341455965
1.03530789393,-2.15585007086
1.03481043778,-2.12064339706
1.03478993291,-2.09770112332
1.03683464465,-2.11957335617
1.03073750313,-1.95992079284
1.03560730358,-2.06684382032
1.03776589485,-2.09652436793
1.03642348547,-2.13020552776
1.0354456805,-2.13442157625
1.03552085805,-2.13771959845
1.03503047636,-2.13060450757
1.03638783491,-2.13161550582
1.03841119237,-2.12236087788
1.03613261287,-2.11915299569
1.03603918014,-2.13714747847
1.03858754097,-2.11843047408
1.03541083054,-2.11970685449
1.03413195077,-2.1311650206
1.03696167025,-2.1426601702
1.03757007468,-2.14840802711
1.03571726815,-2.14773656942
1.03778461859,-2.1348817975
1.03575861325,-2.12125521258
1.03318650106,-2.13304880598
1.03529460528,-2.13051471603
1.03690603237,-2.14344221583
1.03617522807,-2.13442083965
1.03713932932,-2.15894965829
1.03752637106,-2.13485545442
1.03640762083,-2.14202824358
1.03896417365,-2.14506455502
1.03732870971,-2.1299184608
1.0357927511,-2.14589038311
1.03828177826,-2.14298145443
1.04104180514,-2.1350838148
1.03886755003,-2.15779639093
1.03651645872,-2.1419885634
1.0375649909,-2.14867840025
1.0364615566,-2.1313265031
1.0386345868,-2.15690889237
1.03907038237,-2.15768936631
1.03731522913,-2.13379214403
1.03941261895,-2.15506770363
1.04043520456,-2.14195657525
1.03845894246,-2.1287247139
1.03575930287,-2.13196367633
1.03813262136,-2.12493040405
1.03860888378,-2.13495228648
1.03853104716,-2.1207940034
1.04009313107,-2.12317261344
1.03869153795,-2.14240840626
1.03641874072,-2.12927123973
1.03753767522,-2.11561915178
1.03835172156,-2.15144324405
1.03689725356,-2.13269412441
1.03853319122,-2.13149486945
1.03880778899,-2.14035135429
1.03804112006,-2.14465142971
1.03744899171,-2.13332588439
1.0353681088,-2.11407968167
1.03407940662,-2.13471605904
1.03793801063,-2.14366000994
1.03733845996,-2.12627162528
1.03665921172,-2.15812207298
1.03532019784,-2.11969027922
1.03538889684,-2.13293790686
1.03534962017,-2.14338513901
1.03599543761,-2.1270352916
1.03672179899,-2.15262139845
1.03632363494,-2.15748531134
1.03742986437,-2.13022775505
1.03922794445,-2.1288164906
1.03640981192,-2.1484822868
1.03681823302,-2.13729128324
1.03757467595,-2.13568924074
1.0377257242,-2.14129065777
1.03734153922,-2.15360089792
1.03880072021,-2.13257613212
1.03792414829,-2.14700151138
1.03716005091,-2.16129960475
1.03892106035,-2.15191063726
1.03667354455,-2.13117628144
1.03732402242,-2.15756964331
1.04605222219,-1.4283833851
1.05565852826,-1.87152245258
1.05288104445,-2.05647539101
1.05409151619,-1.96891113238
1.05536458248,-1.93589130684
1.05516324942,-1.93596294589
1.05259345772,-1.93598968339
1.05447833859,-1.95869555466
1.05381930525,-1.95221822367
1.05525518637,-2.01375328832
1.05461851512,-1.96742717557
1.05394964322,-1.98210375411
1.05213641791,-1.95794378084
1.05463015689,-1.96982860795
1.0548199534,-1.96970235437
1.05245258711,-1.96844657582
1.05272642183,-1.96539350028
1.05386319402,-1.96750494202
1.05318769687,-1.97378818308
1.05294019514,-1.96065732489
1.05229900099,-1.95994942458
1.05266556148,-1.97353752528
1.05178799157,-1.95965455831
1.05481718867,-1.96217793392
1.05241687005,-1.97014452784
1.05287435494,-1.96362762356
1.0548370365,-1.95966453041
1.05380008705,-1.95521389336
1.054188372,-1.96806225958
1.05649212088,-1.96009317322
1.05381699239,-1.9623759108
1.0522357423,-1.97440569686
1.05425826217,-1.96838948793
1.05416355071,-1.95855115087
1.05127992792,-1.96724053676
1.05387429363,-1.95391373872
1.05135341882,-1.96500097214
1.05230272393,-1.95251661085
1.05415074392,-1.96702065139
1.05213808612,-1.96191984267
1.05061972645,-1.96384099815
1.05437854778,-1.98018425236
1.0525589369,-1.95315953434
1.05017925691,-1.95336255825
1.05186892462,-1.95979128783
1.05314954426,-1.9712342888
1.05254979895,-1.97183224542
1.0536042908,-1.95920999812
1.05192714056,-1.96775396132
1.05133846265,-1.97108403552
1.05255915513,-1.9728156885
1.05505788095,-1.96291798353
1.0523378409,-1.98230206811
1.05314431612,-1.94168489659
1.05308973122,-1.96359524099
1.05110660774,-1.95474180321
1.0531703125,-1.9628836106
1.05437488078,-1.95869593556
1.05062389347,-1.96041120557
1.05076964453,-1.93943707623
1.05214599911,-1.9478617485
1.05289628557,-1.98312739675
1.05081297265,-1.9611799672
1.05226354803,-1.95928067411
1.05109210449,-1.97405393969
1.0529328578,-1.95449793887
1.05356099914,-1.94984897789
1.0508637859,-1.95664845233
1.05058167171,-1.95102763182
1.05477489066,-1.95763209486
1.05317052975,-1.96877671285
1.05196629399,-1.96227669434
1.05240141296,-1.95413940186
1.05239246607,-1.95469109353
1.05151089101,-1.96646349578
1.0534522223,-1.95006997051
1.05135147455,-1.94854008622
1.05104982525,-1.93911375113
1.05119126955,-1.9516047387
1.05288192202,-1.94626514037
1.05116140413,-1.95566994725
1.05177763429,-1.94828913044
1.05098829156,-1.94091423824
1.05211226197,-1.94581472464
1.0529638211,-1.96247158237
1.05279570969,-1.94391590266
1.04943153002,-1.95251765511
1.05163377614,-1.94978300122
1.05423222826,-1.95000109986
1.05309460264,-1.96013430812
1.05227269491,-1.96010184986
1.05332162973,-1.95551563704
1.05285078712,-1.95263733567
1.05490511484,-1.94255955681
1.05606258448,-1.94969215442
1.05410519962,-1.95624200943
1.05313589536,-1.95920948882
1.05739767234,-1.95593178699
1.05478749533,-1.94321849474
1.05488091501,-1.96230312153
1.05468136643,-1.94884041921
1.0559008906,-1.94381780175
1.05404652396,-1.95177658331
1.05658561827,-1.95056049659
1.05326452832,-1.94943653752
1.05308166499,-1.95143143899
1.0553023125,-1.94765701898
1.055895664,-1.93393256217
1.05253332055,-1.9444803116
1.05451024891,-1.95159127425
1.05459503686,-1.9426747072
1.05447834423,-1.94788344573
1.05518688424,-1.93987159216
1.05641739462,-1.95482680322
1.05282978673,-1.97033120109
1.05544288548,-1.93917947501
1.05505477829,-1.94311359759
1.05546422685,-1.93927538893
1.05490681641,-1.96490712972
1.0561542947,-1.94567270886
1.05389421827,-1.93670783401
1.05589777641,-1.95003371168
1.05678268864,-1.94965966372
1.05534235773,-1.95188877032
1.05556114688,-1.94923248097
1.05731754969,-1.94260432706
1.05612471029,-1.94512059506
1.05371422511,-1.92890059215
1.05529375236,-1.93407212703
1.05537554992,-1.94225545262
1.05492702084,-1.94428062538
1.05751968934,-1.94282768829
1.05402070771,-1.95737594091
1.05566867072,-1.95334196668
1.05726951176,-1.95512076414
1.05771411693,-1.93834816546
1.0551651216,-1.94714092626
1.05695308617,-1.95763342958
1.05634047489,-1.96255189591
1.05597167942,-1.93782177537
1.05768792467,-1.95538852825
1.05838781523,-1.95541369724
1.05397914559,-2.99123932487
1.05624481985,-1.71448934255
1.05648552038,-1.82588967963
1.05623376156,-1.88254740228
1.0552088838,-1.9182293944
1.05692281543,-1.95412130701
1.05490445034,-1.98426978289
1.05759970866,-1.97684096638
1.05825085568,-2.54912985952
1.0530798906,-1.92728029136
1.05607273005,-1.76984570726
1.05860100305,-1.82989074262
1.05665036966,-1.8826034972
1.05549177458,-1.89303846107
1.0552556957,-1.90514413501
1.05633250023,-1.91690845259
1.05641854426,-1.9283090747
1.05923897558,-1.94051727335
1.05491648602,-1.94343245036
1.0552870685,-1.9554802163
1.05680371688,-1.93649670369
1.0581444777,-1.94056667953
1.05563199707,-1.94066943479
1.05775768671,-1.93973541899
1.05604400047,-1.94486495888
1.0561628635,-1.92979951497
1.05785595314,-1.93391703685
1.05730760519,-1.93756031607
1.05428513851,-1.93775205078
1.05635015833,-1.92833631275
1.05703690093,-1.94373004926
1.05557696244,-1.93242875652
1.05517944594,-1.93719028551
1.05551032619,-1.92502947076
1.05496531627,-1.93329859816
1.05740623764,-1.92395882068
1.05666261553,-1.94298323142
1.05398237697,-1.92069870807
1.05539335932,-1.94908579982
1.05693358119,-1.92099765609
1.0552491752,-1.92829329327
1.05600354503,-1.9329067308
1.05524596916,-1.92522385797
1.0554857587,-1.94096813617
1.05695320295,-1.94591940385
1.05737943479,-1.9467017222
1.05539293953,-1.93863785339
1.05715879852,-1.94684952376
1.05730769914,-1.93896848956
1.05723891847,-1.92916621114
1.05534890394,-1.92910752846
1.05791651375,-1.93245358597
1.05716437543,-1.93265778562
1.05677044294,-1.94072595605
1.05686502837,-1.94748387919
1.05599390452,-1.94243749277
1.05488582874,-1.95122234658
1.05786863465,-1.92532783841
1.05730574941,-1.96471235961
1.05588794096,-1.93126610784
1.05593632284,-1.94977205302
1.05731108926,-1.93180506408
1.05561278219,-1.94481697185
1.05800590722,-1.94653464774
1.05705790138,-1.94508676146
1.05548449835,-1.92872746978
1.05642879734,-1.95065323345
1.05730952182,-1.94061408846
1.05575706833,-1.93619830512
1.05622372297,-1.93231591616
1.05640009026,-1.94497131882
1.05604877441,-1.93088790172
1.05531142925,-1.94582428335
1.05801724941,-1.94393446841
1.0542663813,-1.9384680224
1.0565944846,-1.93871902688
1.05784741497,-1.94631498651
1.05788620935,-1.92510344672
1.05653088541,-1.92609095942
1.05921891383,-1.95419468251
1.05800887453,-1.92756400179
1.05785741732,-1.9402227969
1.05994935158,-1.95065020645
1.05867272913,-1.94254933062
1.05671653085,-1.94189176459
1.05918042321,-1.94528030614
1.05776976387,-1.95047113399
1.05860266908,-1.95558147639
1.05916347374,-1.93506244962
1.05851833837,-1.93854744736
1.0567781624,-1.95563005689
1.0594425172,-1.94422578703
1.05743620952,-1.93486066244
1.05564306735,-1.92988517635
1.0572522184,-1.92066514514
1.05868591366,-1.94591538033
1.05533829536,-1.94157861477
1.05704343033,-1.93495563541
1.05658109288,-1.96017795666
1.05787021254,-1.93887345982
1.05850126936,-1.95653080958
1.05867866823,-1.95313858247
1.05459864642,-1.93918851698
1.05743499683,-1.95044587175
1.05836987904,-1.94036734007
1.05743993619,-1.93395376541
1.05687383806,-1.96217446255
1.05826460114,-1.93327940999
1.0561771362,-1.94248779481
1.05790997564,-1.94326475914
1.05854630018,-1.95639769004
1.0568005848,-1.93910488709
1.05568279334,-1.96343733399
1.05774635482,-1.95458324913
1.05606917715,-1.94203638046
1.05744796717,-1.94129202936
1.0571285387,-1.9460301788
1.05647021451,-1.9601794321
1.05691222413,-1.9549659252
1.0596037362,-1.95107737755
1.05696545391,-1.95212689534
1.05599383433,-1.94898811962
1.05752889656,-1.94501521969
1.05883120238,-1.95541585714
1.05630224262,-1.93819189882
1.05768322267,-1.96729085139
1.05597323991,-1.93215421835
1.05641225912,-1.94568062266
1.05705463681,-1.93050588147
1.0573267305,-1.94726049184
1.05457316384,-1.94301532344
1.05705970582,-1.93961538441
1.05833110463,-1.95325003584
1.05717421514,-1.94049574413
1.0563510154,-1.957762827
1.05704013811,-1.92774628739
1.05612503292,-1.94750171363
1.05794956109,-1.95410029871
1.05822344348,-1.94901236419
1.05607970284,-1.95584840341
1.05620345354,-1.92629656722
1.05854710271,-1.93083457341
1.05772774654,-1.93370337437
1.05679142048,-1.93061841606
1.05714115189,-1.94540723746
1.05702542869,-1.94115549801
1.05694895278,-1.93465900909
1.06061841749,-1.95700259898
1.05652875919,-1.93628946275
1.05646756629,-1.93876135666
1.05888666763,-1.94895432012
1.05819904862,-1.94652278891
1.05628992164,-1.93680831306
1.05830689342,-1.92021189778
1.05774649463,-1.93747594473
1.05806896862,-1.95669349793
1.05931118697,-1.95699957705
1.05874599798,-1.93122689686
1.05601847754,-1.93997006322
1.05895138927,-1.93910699374
1.05899218769,-1.93219672771
1.05706812427,-1.93732057769
1.06182860387,1.58344062238
1.05709773708,-2.20115001847
1.05589957084,-1.71660962873
1.05883778673,-1.68177183504
1.05673751554,-1.77839059511
1.05483744403,-1.84296037849
1.05567125254,-1.9216833627
1.05784538863,-1.94170216573
1.05696267228,-5.93602908803
1.05659024783,-2.1466526581
1.05885896994,-2.12393101661
1.05873425008,-2.09601519293
1.05968990107,-2.04601330824
1.06227935832,-1.98624107128
1.06073404433,-1.94925627571
1.0624844094,-1.9320004125
1.06460052337,-1.96437986933
1.06423970103,-1.82064275326
1.06258266828,-1.92027220195
1.06611675376,-1.96169619887
1.06351542717,-1.96074469446
1.06528577511,-1.9658343364
1.06577029817,-1.9509430829
1.06371464209,-1.95394541206
1.06190381944,-1.96228591728
1.06515214098,-1.98140011157
1.06373046617,-1.93999971829
1.06225583188,-1.94765897826
1.06214385315,-1.95563318638
1.06288246266,-1.94682091717
1.06148908868,-1.94934780882
1.06434614751,-1.9616176683
1.06314880466,-1.98631890047
1.06334509025,-1.96982874281
1.06312417582,-1.96946702583
1.0657953974,-1.96161686336
1.06345605222,-1.96850472499
1.06494385496,-1.94687375153
1.06515794246,-1.97283254636
1.06378452706,-1.95911629054
1.06593281459,-1.97764282669
1.06700376527,-1.96863947857
1.0641713168,-1.98691675764
1.06373904698,-1.96585357604
1.06432446211,-1.97911698594
1.06529722655,-1.97822348869
1.06137198645,-1.97073747817
1.06153512979,-1.96452296877
1.05924029648,-1.96470104213
1.06148105386,-1.96138497939
1.06289534001,-1.97007742572
1.06110095585,-1.97020453602
1.05831306708,-1.95333051207
1.06186228372,-1.94632605809
1.06219149618,-1.96103945118
1.06076959833,-1.95008054581
1.06102111187,-1.97021274195
1.06022895243,-1.95528672615
1.0591070146,-1.95275901521
1.0609026393,-1.94900533755
1.06032390764,-1.9616430201
1.05893957166,-1.93838923833
1.05991736138,-1.95636784472
1.05993864772,-1.94864697289
1.0597642135,-1.95949944776
1.06000627989,-1.94786632524
1.05947104836,-1.95825000393
1.05981251451,-1.96159391074
1.06127628515,-1.94856509266
1.06237241167,-1.9765510531
1.05869057776,-1.9475864205
1.05988364778,-1.94591562828
1.06184196001,-1.97213551733
1.06313618515,-1.97590534007
1.06162500117,-1.959354192
1.06118681319,-1.96345491223
1.06066189529,-1.96314233744
1.06195812281,-1.96458675419
1.06293189373,-1.95250447072
1.06166404254,-1.9718345936
1.06077652251,-1.96505267622
1.06319078198,-1.9585317107
1.06125431303,-1.96391134253
1.06076698889,-1.94289729043
1.06091733185,-1.97076360429
1.06189073242,-1.9482190467
1.0610713589,-1.95445860678
1.06347080054,-1.9645734909
1.06126613771,-1.99053759844
1.06026878502,-1.95176691488
1.06212488443,-1.95221035084
1.0627435676,-1.9684123809
1.06138439809,-1.97445830687
1.0619761567,-1.97364540844
1.06138705261,-1.97328259271
1.06181461965,-1.9755444535
1.04045998719,-1.26523336726
1.04928160633,-1.76302928667
1.0472576005,-1.75883479599
1.04738070255,-1.73063395495
1.04814621024,-1.72027178451
1.0477599749,-1.70722899619
1.0476582306,-1.72043751119
1.04867893423,-1.7266277883
1.04734865753,-1.70934546818
1.04850643246,-1.72805636707
1.04923723671,-1.73439700591
1.04858499069,-1.74072735813
1.04831750869,-1.71664182973
1.05061378743,-1.72947672138
1.0496860115,-1.74548124655
1.04965196128,-1.73901788889
1.04934286161,-1.71213733544
1.04897871551,-1.74826380688
1.0485463876,-1.73681867244
1.05120758578,-1.73535925346
1.04902456917,-1.72929131829
1.04937440549,-1.74568130941
1.04979993498,-1.70876956003
1.04987596237,-1.74340713633
1.04894436901,-1.72824311538
1.05154838246,-1.73454599763
1.04990826695,-1.70400671115
1.04908613482,-1.74158790457
1.04953612994,-1.73088348169
1.05113154571,-1.72107496985
1.04749416118,-1.70554851314
1.04952752513,-1.73306779536
1.04939010287,-1.7320523299
1.05006829298,-1.72634032824
1.04824942184,-1.70470883699
1.05025592493,-1.72400780668
1.04824528833,-1.73862399516
1.05153330144,-1.71561269246
1.05138646067,-1.70987318324
1.04795663609,-1.72386352714
1.04878599637,-1.73031806979
1.05177749466,-1.72396177267
1.05123008875,-1.71626354756
1.05101947576,-1.71865706084
1.05004434178,-1.70699716272
1.04971277958,-1.72358382449
1.05071668995,-1.7304200892
1.05243622238,-1.71774894357
1.0497116204,-1.72196079422
1.05068415547,-1.74444179457
1.05041176364,-1.70983983429
1.05106192076,-1.72416320241
1.05139843448,-1.73392924488
1.05191540389,-1.70013059747
1.04951019294,-1.70210436909
1.05050944354,-1.73751234319
1.05205103891,-1.69219464127
1.05150776535,-1.71795203239
1.04807363505,-1.71137078347
1.0497334569,-1.71599105649
1.0508643202,-1.71292044525
1.05020201373,-1.71003794566
1.04971944621,-1.68812277707
1.04941351362,-1.7035458998
1.04790697073,-1.70916025767
1.05173317598,-1.70676362835
1.05147815006,-1.70176478335
1.04821158201,-1.69694550596
1.04862374906,-1.6982362418
1.05068325207,-1.70318643277
1.04980105957,-1.7000283747
1.05001646522,-1.68674332262
1.05021196756,-1.71615529221
1.05044680414,-1.70285743285
1.05184975304,-1.70216499928
1.05238750416,-1.69456853507
1.05023616463,-1.70790081284
1.05084237498,-1.71200183565
1.05280351693,-1.69498638989
1.05323902434,-1.68439524058
1.05193175015,-1.72246466754
1.05295186274,-1.70073961477
1.05156915241,-1.69022906699
1.05428540098,-1.69284281851
1.05537564812,-1.69409914747
1.0548506836,-1.69496891511
1.05243208949,-1.69376984549
1.05586040471,-1.69687481908
1.05445089391,-1.70645015033
1.05492849087,-1.68761047544
1.05466133704,-1.69374380343
1.0547345701,-1.69639032214
1.05374402354,-1.69746334008
1.0555871035,-1.67255360388
1.05546212742,-1.68847086512
1.0532418368,-1.69176497599
1.05376012586,-1.70228331159
1.05617116301,-1.69141482713
1.05434356949,-1.69001141432
1.05510822789,-1.70413126194
1.05340485754,-1.68716208372
1.05475526751,-1.68024978856
1.05574173468,-1.68413428221
1.05653610542,-1.68474442105
1.05379805148,-1.68610154662
1.05475165655,-1.68016915043
1.05671879504,-1.68547050255
1.0564273644,-1.68231442675
1.05608134894,-1.68053071058
1.05660384977,-1.6747395585
1.05456378203,-1.66724568014
1.05534573715,-1.6726207316
1.05619091985,-1.69293469697
1.05563539461,-1.6928786659
1.05409072455,-1.69385987097
1.05601904978,-1.66492125124
1.05337950518,-1.68636690693
1.0546146111,-1.69087002917
1.05550829313,-1.69207344351
1.05376449614,-1.69602530738
1.05416478023,-1.68995325145
1.05675005984,-1.68130790388
1.05579165984,-1.67582257683
1.05302045916,-1.67885644822
1.05328322603,-1.67165980479
1.05586449877,-1.68012438358
1.05473464568,-1.68716258101
1.05526267615,-1.68622770297
1.0529299925,-1.67015885242
1.05394265436,-1.68303564784
1.05514637107,-1.68495675862
1.05570231103,-1.68268341136
1.05390981141,-1.68650793873
1.05452088697,-1.68120396195
1.05553051767,-1.68339339347
1.05475399763,-1.67743455064
1.05522442357,-1.69369343374
1.0570964985,-1.6732849191
1.05415444969,-1.68187910774
1.05633933753,-1.6673255234
1.05776711699,-1.68465479434
1.05783141356,-1.69009175231
1.05438956469,-3.38701947783
1.05811039154,-1.47854003349
1.05616738583,-1.55488120796
1.05833358871,-1.63528984593
1.05673205227,-1.66042008436
1.05575566194,-1.72256506671
1.05672203102,-1.72068315614
1.06027766756,-1.74263182271
1.06014006699,-1.70275287456
1.05643952442,-1.75726406705
1.05654973125,-1.42801579211
1.05821435528,-1.48899430375
1.05819733862,-1.5754452993
1.0584080937,-1.61322751239
1.05669114029,-1.63638417068
1.05700092441,-1.64517256371
1.05767280422,-1.63766374535
1.05847549424,-1.66942329854
1.05578913595,-1.65766826752
1.05844518861,-1.66314962147
1.05848586176,-1.6672639442
1.05851167016,-1.66745016615
1.05837728503,-1.65272823282
1.05850839276,-1.65860906968
1.0565232333,-1.65351285821
1.05883928013,-1.63121366577
1.05977599605,-1.65745797907
1.05900396743,-1.66675719066
1.05789151812,-1.66363932322
1.05918130125,-1.64637859661
1.059630295,-1.65788342284
1.06071840176,-1.66014384218
1.06002064969,-1.65389258575
1.05843755876,-1.65365886155
1.05895763249,-1.67903538675
1.06223329997,-1.66493218855
1.05907955398,-1.66422131797
1.05927730642,-1.65171976865
1.06064959818,-1.65616665414
1.06055308637,-1.66485511716
1.05959329283,-1.66161505257
1.06133794432,-1.66686012071
1.05981206471,-1.65439587445
1.06078656414,-1.66651595421
1.06106118041,-1.64692735063
1.06061851694,-1.65027689043
1.05866997742,-1.67948951797
1.0612101007,-1.66580391684
1.0605951315,-1.64062015738
1.0608431271,-1.67145119887
1.05947313829,-1.65750706629
1.06034806916,-1.65660825132
1.05908565423,-1.64996514385
1.06135739403,-1.66901682093
1.0606363983,-1.65746148188
1.06029415347,-1.65489760188
1.05994745505,-1.65310366798
1.0615200428,-1.66031385767
1.06015205021,-1.65552217379
1.06185703358,-1.65410957596
1.06158832699,-1.65177103674
1.06158973083,-1.66227731391
1.06164768847,-1.65801751143
1.06330088029,-1.66632558295
1.06154540171,-1.66301171469
1.06161857922,-1.67237527356
1.06231165381,-1.66192640321
1.06342553096,-1.65472743679
1.06237888934,-1.64677236782
1.0637136198,-1.65165914275
1.06272822954,-1.65435263258
1.0640999497,-1.65741973627
1.06687628354,-1.65212862888
1.0660319672,-1.65882770651
1.06443299248,-1.66568077223
1.06733355166,-1.65107611375
1.06691547032,-1.64395263683
1.06674607395,-1.65657501419
1.06594622034,-1.65142172297
1.06747559569,-1.6555148201
1.06501654976,-1.66028472967
1.06602824024,-1.66748073668
1.06568889679,-1.66004895909
1.06590392778,-1.66080972064
1.06502063001,-1.64237974762
1.06710019049,-1.65558100781
1.06494852756,-1.66099425621
1.06577115071,-1.65657244644
1.06590885296,-1.63878687135
1.06410379577,-1.6469363768
1.06752071449,-1.65718020354
1.0691178307,-1.64303725467
1.0665332805,-1.66485423571
1.06711638639,-1.65686550486
1.06821099082,-1.68282247538
1.06959943921,-1.66452583507
1.06902589094,-1.65682475554
1.06995142022,-1.65223208365
1.06713263215,-1.66139172867
1.06805038179,-1.64568265981
1.06981096321,-1.66212434321
1.06939754671,-1.64911682512
1.06657428425,-1.64982122332
1.06873402114,-1.65309534181
1.0680572119,-1.65932631131
1.06644560272,-1.65757070024
1.06745674654,-1.64916142802
1.06591847448,-1.64394542614
1.06415409138,-1.66161166487
1.06704559795,-1.64939448158
1.06636350696,-1.65589862905
1.0650851129,-1.65233279518
1.06460360918,-1.65051852033
1.06607738574,-1.64892074939
1.06509627626,-1.65760050718
1.06751807892,-1.65445755041
1.0662941099,-1.65789824127
1.06520046192,-1.65668945774
1.06768549812,-1.6570813585
1.06862506157,-1.64782575339
1.06521484875,-1.66059386991
1.06515428833,-1.64297470339
1.06709395451,-1.66711333872
1.06719664614,-1.64801282128
1.06824264975,-1.65903357356
1.06756370643,-1.64201063531
1.06594743818,-1.65779311245
1.0688036505,-1.64974275059
1.06932434158,-1.63797181828
1.06924428682,-1.65989590485
1.06665800534,-1.65916053735
1.07021020014,-1.64065053338
1.06956370428,-1.6682107009
1.06923159611,-1.65752430167
1.06846646904,-1.65335109387
1.06859417958,-1.63828797304
1.06786812874,-1.65242304288
1.07199023181,-1.64447074864
1.07044999515,-1.65471445249
1.06838521998,-1.65880250015
1.06833248809,-1.6410900163
1.07118031087,-1.64284231221
1.06893706332,-1.67075908479
1.07087241628,-1.64916807114
1.06944212247,-1.65177828367
1.06918388105,-1.64784810738
1.06997868008,-1.65755948024
1.07211683975,-1.64559446989
1.06920090583,-1.65560435862
1.06988632044,-1.65503048325
1.07039507161,-1.634771237
1.07135403992,-1.63695221075
1.070624167,-1.64256893856
1.07046967546,-1.66024213491
1.06937320099,-1.65906887772
1.07212783774,-1.6449287877
1.07342960891,-1.65058021696
1.07213708477,-1.67446279105
1.0706215743,-1.65156763859
1.07347057806,-1.65206938876
1.07249284308,-1.66958885194
1.07314793313,-1.63823771253
1.08322803328,2.90374713579
1.07305683667,-1.98501113051
1.07074439277,-1.34726051763
1.07379759143,-1.36465339119
1.07195584199,-1.45965633697
1.07271374381,-1.57772113633
1.07452054678,-1.65551089746
1.07347582542,-1.71549573057
1.07282259804,-6.23578759063
1.07434516745,-2.00879404866
1.07338638664,-1.85277180528
1.0726074194,-1.81607452213
1.07385325016,-1.74403562379
1.07534910351,-1.69938530337
1.07198538214,-1.67272295836
1.07328433963,-1.67171611448
1.0736998742,-1.65224831002
1.07447862056,-1.68584814133
1.07351287987,-1.63208808701
1.07350741936,-1.65393507423
1.07142917045,-1.65529977169
1.07501332731,-1.63681051675
1.07525689551,-1.65146542941
1.07326474499,-1.65465823916
1.07309828665,-1.65375108918
1.07659205014,-1.64566124345
1.07431191727,-1.63732145281
1.0766637684,-1.64911879737
1.07513079375,-1.65590209049
1.07523441973,-1.65427516459
1.07470099543,-1.6564566426
1.07783920147,-1.64111606894
1.07525837454,-1.66844760361
1.07626476149,-1.65696810869
1.0767384258,-1.64955745523
1.07681447238,-1.66669503103
1.07789608167,-1.66075743272
1.07800404121,-1.66368547089
1.07538281014,-1.6420612533
1.07598570676,-1.65884696547
1.07805009876,-1.6631148663
1.07822404582,-1.64553849897
1.0761588258,-1.66640172174
1.07602697371,-1.66575138297
1.07611993675,-1.65775370974
1.07772134677,-1.65897931208
1.07795306329,-1.66939207516
1.07686621878,-1.65613708072
1.07531147553,-1.66240108607
1.07804656876,-1.65319871452
1.07780332906,-1.64128875421
1.07658054953,-1.67100687429
1.07762486506,-1.65619510619
1.07906642982,-1.65844853767
1.07745510141,-1.65375368068
1.0786659993,-1.64297515829
1.07800504817,-1.66278018398
1.07775111981,-1.65476177527
1.07853753748,-1.64355350742
1.08037102396,-1.64679179146
1.0777870426,-1.63038538015
1.07882221691,-1.65258484861
1.07919571604,-1.64809781963
1.08018092804,-1.64845363192
1.08001417051,-1.65822117514
1.08112204447,-1.64537892048
1.07810831878,-1.66375416782
1.07958766649,-1.66430103112
1.08059997983,-1.64733790229
1.08035431334,-1.64800805059
1.07906719027,-1.64977186895
1.08134651872,-1.65071152961
1.07964914677,-1.65187055409
1.07998261767,-1.65784672927
1.08084093433,-1.64952682799
1.08123034958,-1.65651353185
1.07931618725,-1.6456941465
1.08306789325,-1.65495937088
1.08077538283,-1.64548115422
1.08041012203,-1.68018559723
1.07984577177,-1.65554911137
1.08217623997,-1.65527612911
1.08122540566,-1.65250230885
1.0818307723,-1.63717145787
1.08062124219,-1.64859441485
1.08075637109,-1.65294232154
1.0820682967,-1.65934255876
1.08317780296,-1.6494658788
1.08083716633,-1.66392146719
1.08238040973,-1.66090912014
1.08327818663,-1.64170337032
1.08266196949,-1.6662865229
1.08288095748,-1.65612420587
1.08369608239,-1.6521202437
1.08218531651,-1.65290485921
1.08366324362,-1.65593928084
1.08731537324,-1.37237054177
1.095942533,-1.75651490563
1.09523509089,-1.74159385249
1.09632068072,-1.70054672588
1.09501570848,-1.68397241883
1.09718515025,-1.68207605297
1.0974280971,-1.69467700988
1.09555391503,-1.70217656236
1.09516875314,-1.69370771651
1.09695244254,-1.55358210781
1.09774700334,-1.59952940937
1.09627415116,-1.61777431577
1.09568266605,-1.58576794188
1.09678499003,-1.59370999046
1.09506197488,-1.60604107125
1.09721372235,-1.60288495141
1.09551029194,-1.59910642211
1.09653464981,-1.60794261862
1.09560350069,-1.59902777758
1.09709307195,-1.58899795455
1.09480148276,-1.61279472172
1.09680079201,-1.59612311818
1.09748751387,-1.58632787275
1.09614465211,-1.60264793575
1.09738063715,-1.59894088114
1.0986741221,-1.58481617816
1.09656123329,-1.61386885525
1.09813301809,-1.58654590861
1.09871207946,-1.60162362724
1.09861036918,-1.56485614946
1.09557140593,-1.57594094647
1.09832112449,-1.58739870078
1.09783622739,-1.59022217573
1.0995010698,-1.56554346624
1.09938533456,-1.58498749311
1.09704951937,-1.58776936231
1.09682276188,-1.58332455051
1.10058611333,-1.56402520923
1.1006101097,-1.58662866103
1.09830600612,-1.58572299508
1.0993885718,-1.58605836734
1.10014633332,-1.5789960083
1.09893951556,-1.57222905157
1.101524604,-1.5795548237
1.09948913878,-1.58272916217
1.09988528533,-1.57176343841
1.10051784369,-1.57482074691
1.10200885718,-1.56860262764
1.10021335539,-1.57809691489
1.10122658774,-1.56531225419
1.10112875045,-1.561718875
1.10139331366,-1.59017445615
1.1032581229,-1.59558239484
1.10294244168,-1.58722022622
1.09959919374,-1.57565360231
1.1020036407,-1.55094149651
1.10481457612,-1.56903925073
1.10438427622,-1.56435803298
1.10177476185,-1.55720057394
1.10377312581,-1.54716672641
1.1038523278,-1.55974955039
1.10581955117,-1.55895735045
1.10585252808,-1.56345749861
1.10480265449,-1.56828338836
1.10392016305,-1.56483918109
1.10822711422,-1.54046228188
1.10561822839,-1.56530449707
1.10466752919,-1.55814885575
1.10526847217,-1.5454351106
1.1064561056,-1.55044079247
1.1065957019,-1.55056725257
1.10807704825,-1.56000318302
1.10588231664,-1.55481423047
1.10613742143,-1.54329752194
1.10874220882,-1.53935891023
1.10999507831,-1.54211759421
1.10749766519,-1.57044011722
1.10883249334,-1.54997352769
1.10911609722,-1.55543796995
1.10920987552,-1.54420661404
1.10976748422,-1.56732353678
1.11001487524,-1.5375318389
1.1079130416,-1.55456879483
1.11090141036,-1.53460831292
1.11022057263,-1.54873285882
1.11053201847,-1.55624418098
1.11001438935,-1.53521396608
1.1125021239,-1.53892801141
1.11243624573,-1.55674565545
1.11517075435,-1.56097769049
1.11494823901,-1.54094928366
1.11468369231,-1.54538348844
1.11523887549,-1.52730172816
1.11851959778,-1.53349440926
1.11721348988,-1.55160434302
1.11584455798,-1.5249525514
1.1156804273,-1.5276130847
1.11685903998,-1.54238938303
1.11567842327,-1.54479031262
1.11715176208,-1.53370321196
1.11460326394,-1.52648164127
1.11564408953,-1.54175405061
1.11761691219,-1.52065207889
1.11632272028,-1.53507991849
1.11485817413,-1.54062627472
1.11734522657,-1.53985557147
1.11648315536,-1.52136414707
1.11500398616,-1.53706877411
1.11596600015,-1.53922617096
1.11653128298,-1.52130172183
1.1143290134,-1.54088359837
1.11788388703,-1.53642886394
1.11615831509,-1.53850929817
1.11673218638,-1.53853222999
1.11641340003,-1.53574055384
1.11757639716,-1.53746142249
1.11533969648,-1.53548221826
1.11863271231,-1.53848809398
1.11743959475,-1.53709695697
1.11337813513,-1.54217779958
1.11449491692,-1.53810651395
1.11598459077,-1.52175103894
1.11398705004,-1.55042271124
1.114647397,-1.54695269739
1.11296623956,-1.54476181537
1.1133958735,-1.52717532323
1.11322258464,-1.53780330953
1.11425100129,-1.52697069012
1.11174697702,-1.529824305
1.11335444133,-1.54449636616
1.11457721518,-1.5277106808
1.11335458863,-1.54866149731
1.11274434438,-1.52530158363
1.11389176102,-1.52999109558
1.11443190825,-1.5281858621
1.11450022766,-1.53349876754
1.11556852775,-1.54707172665
1.1134300918,-1.55032225558
1.11097334838,-1.51751853683
1.11473847897,-1.51943383499
1.11521786639,-1.54879680771
1.11485434115,-1.54253839022
1.11177442941,-4.24675916099
1.1120707884,-1.2998772076
1.11220601523,-1.36543849423
1.11579186823,-1.45931697334
1.11471031984,-1.54469971637
1.11204022431,-1.58248284901
1.11333936261,-1.60305558805
1.1147284673,-1.62577393092
1.11437955421,-0.896906833673
1.11226759448,-1.50904502253
1.11403685785,-1.26654401149
1.11433829145,-1.34626813198
1.1142418316,-1.43248482951
1.11415791649,-1.47020341121
1.11226036559,-1.4990395619
1.113746098,-1.4942644116
1.11507844418,-1.50484727999
1.11451169936,-1.5262853993
1.11240920689,-1.51874896535
1.11513671175,-1.5063883876
1.11328707429,-1.51967508871
1.11571840619,-1.52580330551
1.1148398579,-1.49231067498
1.11357340835,-1.49698809157
1.11280987625,-1.51886131529
1.11667560157,-1.51557758221
1.11489708676,-1.52881561649
1.11421515008,-1.52021372463
1.11493503838,-1.50118871146
1.11510653259,-1.51130156197
1.11339181791,-1.52029281443
1.11600271509,-1.51311739506
1.11406450724,-1.50345037689
1.11378436371,-1.51085966166
1.11534521177,-1.52971759214
1.11582534082,-1.50856311968
1.11322160688,-1.51975898864
1.11401940416,-1.5254663771
1.11394751217,-1.52184743252
1.11460225738,-1.52221355148
1.11515457809,-1.50906319904
1.1146492382,-1.50742676918
1.11256588588,-1.5239101042
1.11506352024,-1.51976003878
1.11647404198,-1.5246674276
1.11470758139,-1.51045311142
1.11498527744,-1.52519660463
1.1161482408,-1.5176870126
1.11522942609,-1.51182858419
1.11541146356,-1.50422895926
1.11588658368,-1.50684197856
1.11461683588,-1.50891661603
1.11538948089,-1.50375915546
1.1178621658,-1.52416880479
1.11469017085,-1.5128640361
1.11615151711,-1.50105745425
1.11693430197,-1.49110363294
1.11646397876,-1.51283535218
1.11600422271,-1.50103859588
1.11884229211,-1.49398212421
1.11680216858,-1.50698752185
1.11596118016,-1.51106396322
1.1165265291,-1.51754639478
1.11796383485,-1.52186640912
1.11640761288,-1.4995962141
1.11646856825,-1.50867442539
1.1147132773,-1.51283006178
1.1157896281,-1.50119109407
1.11637771207,-1.50126851157
1.11628261089,-1.50073302027
1.11497548848,-1.51456416927
1.1172117935,-1.48633726691
1.11763414542,-1.50890023656
1.11539571255,-1.50543492935
1.11640014381,-1.5039473348
1.11841991234,-1.48987298215
1.11836693318,-1.51605944851
1.11951384679,-1.5066513579
1.11751782202,-1.50402937623
1.11901926906,-1.49693073206
1.11749689538,-1.51267965215
1.12059698182,-1.49794914704
1.11901274852,-1.52579137921
1.11924678643,-1.51237647915
1.11834215067,-1.48755388816
1.1178914625,-1.50026309754
1.11937381242,-1.52253617012
1.12087039182,-1.49467813756
1.11763357082,-1.49560741081
1.11611769381,-1.50331380978
1.11849134321,-1.49600730151
1.11980661987,-1.50370114129
1.11728297091,-1.49397762755
1.11772903993,-1.50956278392
1.11672005661,-1.50521145675
1.11743097649,-1.52605710364
1.11827026946,-1.49831539834
1.11936571522,-1.4708743413
1.11589225062,-1.51996024591
1.11924934632,-1.50341830194
1.1195699909,-1.51926613803
1.11847154825,-1.50427777155
1.11762097988,-1.4990263612
1.11809665011,-1.4822862366
1.11700792675,-1.49494016232
1.11903883676,-1.52130633294
1.11873703893,-1.50178862428
1.11710204704,-1.49917837455
1.11701033476,-1.48918474498
1.12029087696,-1.51040688314
1.11879062073,-1.50790171375
1.11916738489,-1.50729460194
1.11811138157,-1.4932852137
1.11833377861,-1.49789787196
1.11935511419,-1.52729872358
1.12205514412,-1.49850985292
1.11780058325,-1.4961764535
1.11836621304,-1.49732607734
1.12158567283,-1.50919326586
1.12063149274,-1.49672849491
1.11920223752,-1.50013312788
1.11997776737,-1.50990321126
1.1194768144,-1.51546184571
1.11958314275,-1.49861781549
1.12159705567,-1.51341843788
1.11991413326,-1.52044143034
1.11757977951,-1.5134505518
1.12150567486,-1.50357433532
1.12116050595,-1.50017036249
1.12022197795,-1.51039066178
1.1185964988,-1.50310160459
1.12050185283,-1.50691702142
1.12052494252,-1.496938478
1.12214455217,-1.51377404644
1.12067416466,-1.51365785597
1.11958374658,-1.48444593139
1.12167744054,-1.50020781863
1.12246027254,-1.4930009938
1.12064384557,-1.51043754735
1.12138004272,-1.51382491968
1.12024001566,-1.49197994025
1.1216380986,-1.50028032011
1.12151308245,-1.49532202844
1.12330952279,-1.4955574306
1.11982622696,-1.49267079398
1.12066671807,-1.48508168404
1.12272305631,-1.49402144598
1.12300317733,-1.51518139417
1.12136937947,-1.50045891896
1.12179225745,-1.49444765819
1.12112108912,-1.47704800664
1.12192976094,-1.50409603812
1.12413555477,-1.47977383898
1.12136035137,-1.49412784773
1.1199152191,-1.51153254751
1.12345956172,-1.49751206383
1.1218125465,-1.49682062213
1.12158666388,-1.49693921418
1.12080330717,-1.49623899651
1.1227053308,-1.49010210535
1.12040141314,-1.49511871403
1.12340613877,-1.53819796769
1.13110250974,3.30425552197
1.12152586364,-2.18099970544
1.12109853591,-1.41277926369
1.12381977022,-1.31795068546
1.12090692385,-1.34937669143
1.12196248479,-1.4138009492
1.12209577903,-1.48114796104
1.12090825951,-1.54630762924
1.12278528789,-7.35180110579
1.12465893943,-1.75223795518
1.12117203129,-1.77335737773
1.12257896992,-1.64370985944
1.12252680355,-1.58679611407
1.12365469027,-1.52838553353
1.12147045427,-1.47588470485
1.12209650719,-1.47603210441
1.12051205609,-1.48889986916
1.12273444344,-1.41597873473
1.12342535354,-1.48470218864
1.12112748012,-1.49617812774
1.12026866796,-1.48148844941
1.12363246037,-1.48559288676
1.12249663023,-1.49138809787
1.12102053306,-1.47830412556
1.12178029271,-1.50414966961
1.12233305504,-1.48923200079
1.12079838215,-1.49433653888
1.12365522897,-1.4942488641
1.11953972257,-1.49777435289
1.1194513413,-1.50937271598
1.1205388534,-1.50246846238
1.12136803054,-1.49360004613
1.11969850403,-1.49469264903
1.11935461358,-1.49185486744
1.11852017596,-1.49776126742
1.11801147335,-1.49610384512
1.1203143207,-1.5016275043
1.11964876604,-1.50813670324
1.11670453214,-1.50094545127
1.11726800115,-1.51562337618
1.11824816145,-1.50150996602
1.11813908971,-1.50494562831
1.11798554221,-1.52133676781
1.11781408633,-1.50194246351
1.11750644958,-1.50994819939
1.11871882233,-1.50572213114
1.11940811687,-1.51412484685
1.1164091794,-1.52217120672
1.11546646532,-1.50616467684
1.11913392839,-1.50346660158
1.11776644088,-1.5182643573
1.11630329797,-1.50558851574
1.11650641609,-1.4952846198
1.11623263676,-1.51779706954
1.11578018198,-1.50081053455
1.11887917599,-1.51494342225
1.11556400025,-1.51543782128
1.11445959483,-1.53173516653
1.11588232509,-1.50502978304
1.11696513775,-1.52307343399
1.11370721075,-1.52179172163
1.11611054906,-1.51329146554
1.11462650909,-1.50806990201
1.1141396064,-1.53464560203
1.11430226276,-1.48909120855
1.1146507203,-1.51647088241
1.11302367816,-1.51796063382
1.11485161189,-1.50778255851
1.11425070619,-1.51533051796
1.11356136087,-1.52800080242
1.11341252921,-1.52203846568
1.11421058171,-1.50874441271
1.11345920844,-1.52418543808
1.11577726566,-1.52146756375
1.11491515262,-1.50304062913
1.11395424272,-1.52895723405
1.11363135195,-1.51591571096
1.11649831685,-1.5173884605
1.11394897748,-1.51258575341
1.11442978693,-1.5280390495
1.1145450217,-1.53671631686
1.11404794894,-1.53125094128
1.11333062298,-1.5375645902
1.11505635764,-1.52933704433
1.11226030621,-1.54593560733
1.11355247429,-1.53565757917
1.11546171523,-1.54201718099
1.11417326796,-1.54000780557
1.11274568431,-1.54805924249
1.1157237205,-1.54710616081
1.11302288358,-1.5361117714
1.11327742597,-1.53228569313
1.11456847546,-1.55878732073
1.1144316703,-1.54476622038
1.11273591998,-1.5545617617
1.11448397877,-1.52568808112
1.0943253092,-1.44953642411
1.10308020228,-1.80003670106
1.10278367293,-1.76337744307
1.10312398646,-1.74293660265
1.10094798354,-1.72329803754
1.10470908558,-1.74749510548
1.10401649124,-1.75301030946
1.10103836565,-1.75683579822
1.10165231348,-1.75771865116
1.10467900341,-1.74542671332
1.10235447159,-1.69984829021
1.10385728,-1.69465146547
1.10256001543,-1.69000121754
1.10269566982,-1.6733999099
1.10283295221,-1.70960159287
1.10378193454,-1.72328977234
1.10129746372,-1.72092500383
1.1022969961,-1.72849504187
1.1046479941,-1.72653420407
1.10363885765,-1.73108550787
1.10271808055,-1.7303529007
1.1037296774,-1.7388754355
1.10306745859,-1.73797190734
1.10225351446,-1.73005703251
1.10538570099,-1.73211933054
1.10411408774,-1.74336890231
1.10111654305,-1.73441040408
1.10366366756,-1.73605787713
1.10377065665,-1.74721428779
1.10418581287,-1.75833051497
1.10209631429,-1.75754005189
1.10291455312,-1.76082956466
1.10201474569,-1.75338880094
1.10515213422,-1.74468274262
1.10510782679,-1.7777728349
1.10316507832,-1.76113165992
1.10335350404,-1.75114471912
1.10609868496,-1.76199233004
1.10485090747,-1.78131902807
1.10528613473,-1.75217468167
1.10499122194,-1.75114574688
1.1046954845,-1.76653891547
1.10623456429,-1.76744758859
1.10783492346,-1.75885523408
1.10430403262,-1.77451095788
1.10658147638,-1.77701261307
1.10731393256,-1.77328814979
1.10823533143,-1.78585735582
1.10602294119,-1.76147647609
1.10745312636,-1.76177349645
1.10513906022,-1.77502675214
1.10655912134,-1.76850210828
1.10865680418,-1.77040446152
1.10769708569,-1.77565260551
1.10613420205,-1.7782498585
1.10958993086,-1.77865642391
1.10845008909,-1.79239142968
1.10813837176,-1.77641806365
1.10688283225,-1.78044853569
1.10709863659,-1.79194861209
1.10642164575,-1.78520479403
1.10980742337,-1.79255068936
1.10657514906,-1.78872720309
1.10573567109,-1.7871538307
1.1058513919,-1.80212046663
1.10904541593,-1.80043388635
1.10721960746,-1.79276151639
1.10718714117,-1.78261389405
1.10607349415,-1.78410898449
1.10706412218,-1.79416853925
1.10736837864,-1.80204346492
1.10863124824,-1.81989154305
1.10463966542,-1.79287195992
1.10724797193,-1.78787081384
1.10887596952,-1.81215738013
1.108093553,-1.79612812888
1.10670703384,-1.78911418821
1.10867029091,-1.8203761676
1.10669985756,-1.81578569162
1.10809027367,-1.81746411457
1.10806714833,-1.81789621893
1.10682698773,-1.80387434615
1.10610781028,-1.80483509183
1.10854504497,-1.80613724427
1.10717607875,-1.79446771899
1.10743445311,-1.79557811642
1.10731575998,-1.80558641694
1.10638687413,-1.81541730571
1.10580792065,-1.81863060771
1.10907900191,-1.80231438557
1.10610815271,-1.81739689747
1.10602321879,-1.80176819672
1.10497566985,-1.7931813908
1.10744654867,-1.79823903166
1.10450304875,-1.81080226799
1.10553372593,-1.79611229248
1.1048089777,-1.82234728942
1.10585936573,-1.82346760385
1.10479070779,-1.80742625846
1.10529119827,-1.80765494721
1.10278912059,-1.79502954587
1.10531580795,-1.79897039775
1.10568921808,-1.82720839557
1.10386597066,-1.81372405757
1.10386846078,-1.81605476429
1.10576961413,-1.81660357539
1.10330560837,-1.82728617386
1.10488887548,-1.81488443187
1.10502924765,-1.82680387147
1.10355782435,-1.81304546298
1.10251395842,-1.84281242682
1.10469091475,-1.81857905496
1.10254542791,-1.79491831308
1.10350084225,-1.81659051775
1.10360211828,-1.83474449524
1.10229232433,-1.82723977862
1.10203455256,-1.84233656485
1.10482108083,-1.80134735778
1.10146883359,-1.81090669457
1.10087677218,-1.82127191669
1.10227601217,-1.84139446675
1.10267784406,-1.82106103909
1.10059498336,-1.82547812206
1.10154856152,-1.8170495094
1.09942076395,-1.83529779084
1.10024379653,-1.81454123666
1.10176182548,-1.81321330825
1.10097425575,-1.83634709805
1.09820805275,-1.82079367555
1.10085304135,-1.8283564953
1.10166404305,-1.82255525712
1.10058976133,-1.82395906679
1.10017757976,-1.81344928785
1.09935522563,-1.80928527067
1.09807907013,-1.84593646111
1.10046663688,-1.83410173823
1.10149272409,-1.82822194107
1.10048031663,-1.83683024331
1.09920135976,-1.84364723091
1.1001947039,-1.81546039398
1.0992192926,-1.81412585988
1.10095953472,-1.8204512258
1.10027355592,-5.29843058097
1.09981062603,-1.93526236289
1.10012124366,-1.78719151165
1.10400186574,-1.78040163864
1.09867722159,-1.81329916914
1.09874845184,-1.86882708877
1.10080237281,-1.88295700678
1.1007811013,-1.8735888624
1.10176290945,-0.792452651666
1.10045339936,-1.65136030324
1.09744177802,-1.54123665589
1.09819396866,-1.65334022744
1.10085389154,-1.72901231571
1.10033008589,-1.76404759319
1.09633015095,-1.80005716994
1.09982244738,-1.81008742898
1.09843969034,-1.81169030136
1.09887788101,-1.84081769526
1.09821826524,-1.82817858165
1.0984391196,-1.81080715266
1.09778499188,-1.81745518555
1.09905025051,-1.81663006823
1.09818074605,-1.82334932781
1.09718098872,-1.83025739107
1.09875274027,-1.84625159813
1.10075847985,-1.83679134502
1.09779697068,-1.83970331374
1.09902884438,-1.83731541978
1.09785277151,-1.81967114534
1.09831043885,-1.83464078542
1.09918989403,-1.82190734536
1.10120416927,-1.81000624031
1.09744207843,-1.83008649523
1.09713103559,-1.83078709281
1.09936734866,-1.83049920228
1.09962018173,-1.82043030148
1.09760494802,-1.81845926261
1.09960946832,-1.81787329662
1.09741031781,-1.83017963943
1.09826939983,-1.8292184652
1.10017171429,-1.82366519087
1.09816723626,-1.82622675307
1.09694542155,-1.84140359778
1.10124814118,-1.8218937464
1.09927176994,-1.83419376059
1.09850662305,-1.85533458325
1.09769279918,-1.82599754218
1.09878591612,-1.83494786605
1.09668586559,-1.83669094753
1.09956012248,-1.82352532263
1.09892864171,-1.84987677362
1.09724816762,-1.84307448553
1.09794580352,-1.84557176129
1.0977054928,-1.83971856386
1.09677591904,-1.83211121986
1.0988001926,-1.80732692216
1.09795848382,-1.83815670457
1.09648018604,-1.82572008368
1.09858147978,-1.85245306105
1.10081168627,-1.83124434463
1.09769244381,-1.83435668167
1.09906498479,-1.83273287907
1.09895201334,-1.84462531195
1.09862307726,-1.82764526556
1.09880365263,-1.83374548094
1.09999269391,-1.85602641575
1.09797091194,-1.83405531575
1.10024351603,-1.85277984081
1.10055429347,-1.84668176356
1.09754045829,-1.8367234929
1.09739898055,-1.8407852361
1.10043126542,-1.83713882988
1.10047131602,-1.82928795655
1.09900982368,-1.84072782549
1.09900614453,-1.83755539163
1.09891725054,-1.85850219035
1.09739705413,-1.84355814484
1.10057434218,-1.82878534191
1.09936072766,-1.85468703404
1.09812085874,-1.84666321063
1.09747086716,-1.8411898634
1.09852903845,-1.83082397934
1.09805088787,-1.84188021715
1.10034534051,-1.84548189218
1.09902576874,-1.85557423474
1.09727879083,-1.82946929342
1.09972589657,-1.84145338985
1.10086439894,-1.8496201944
1.09746131281,-1.84671631396
1.09762051012,-1.82380649132
1.09994085609,-1.84819365521
1.09934149442,-1.83435233142
1.09954834219,-1.83508238827
1.10014838001,-1.8347614507
1.09777927556,-1.84576760669
1.10124394014,-1.84906028417
1.10083126028,-1.84026192425
1.09995634898,-1.83416963566
1.09800423076,-1.8578894847
1.10099723733,-1.85543580956
1.10015912309,-1.83651554784
1.10057185757,-1.8367097177
1.09993612669,-1.84118542553
1.09918853705,-1.84393199825
1.09860359607,-1.8357359537
1.10251437752,-1.84699473196
1.09983652234,-1.84863213055
1.09873955428,-1.83512857833
1.09987846589,-1.85062755103
1.10206219118,-1.85615636969
1.09879766267,-1.84179269359
1.10079233973,-1.84351245437
1.09882780621,-1.85775275215
1.09912240466,-1.83348266487
1.10178311378,-1.85198386346
1.10139008075,-1.85430906981
1.09861130767,-1.85988266251
1.10039936982,-1.86717029675
1.1007559537,-1.85926453429
1.10084723538,-1.84130928718
1.10039726959,-1.8465281435
1.10150760226,-1.85650614183
1.09868106162,-1.86005072324
1.10208922951,-1.87212546587
1.10171022814,-1.83494704131
1.09985017484,-1.85247077033
1.09906569066,-1.84869052708
1.10257704325,-1.83893869977
1.10109391212,-1.86726977885
1.10148825684,-1.84377398195
1.10090489259,-1.84736315241
1.10056961788,-1.85482323594
1.10084976422,-1.85193060762
1.10218210122,-1.84367458097
1.09956465166,-1.85410231357
1.10004232583,-1.86991961601
1.10153683412,-1.86862793566
1.10137906638,-1.85503229746
1.09947898657,-1.85730772629
1.10228069481,-1.86425202182
1.09911525666,-1.87434143747
1.09965861215,-1.84196825963
1.09964910774,-1.85407016876
1.10087519878,-1.84085813274
1.09754286076,-1.85924813438
1.09853324537,-1.86633097297
1.09773570868,-1.86424813439
1.0982037044,-1.85128214745
1.09826451313,-1.85304389278
1.09855360071,-1.85251761227
1.09669837599,-1.87016337247
1.09906715749,-1.86305357503
1.09894057679,-1.85336283751
1.09558101776,-1.85628333948
1.09618218404,-1.85433411317
1.10127335714,-1.85612301093
1.09797476434,-1.86676241104
1.09934641073,-1.85586355635
1.0973732793,-1.85887320751
1.09799758082,-1.85351411991
1.09720268266,-1.86102508274
1.09980314432,-1.84869759733
1.10567489545,2.81020990479
1.09702341607,-2.38149606541
1.09811110815,-1.74965319813
1.09693253163,-1.572840584
1.09672910663,-1.65457251827
1.09817051258,-1.74234849038
1.09539087349,-1.81380114657
1.09592843668,-1.85948611536
1.09833051073,-8.2089551706
1.09670349939,-1.78193842021
1.09325045249,-1.89984384214
1.09543493487,-1.97657770332
1.09517745606,-1.91635986137
1.09556757375,-1.88983652691
1.09482419091,-1.84067773616
1.09376809194,-1.84095208744
1.09321681258,-1.83652921097
1.0973470196,-1.93367873985
1.09743168862,-1.84029996422
1.09356033629,-1.85594946588
1.09435814758,-1.84961168154
1.09674367367,-1.84042973594
1.09424162265,-1.84624752572
1.0961750829,-1.84958856324
1.09452163368,-1.84148761841
1.0931930645,-1.83381719671
1.09367937264,-1.84759968713
1.09626017872,-1.85143516221
1.09293534541,-1.83274817127
1.0942525892,-1.85095489161
1.09361853917,-1.84596049863
1.09306641335,-1.85477008201
1.09335059892,-1.86896479493
1.09445969176,-1.83859235107
1.09209006146,-1.85831518293
1.0933261457,-1.85438104875
1.09450596122,-1.85041793823
1.09289559797,-1.84376787332
1.09061122615,-1.85879693251
1.09405254102,-1.85449635916
1.09391401207,-1.85636093316
1.09388267318,-1.86425140459
1.09362420442,-1.8563169825
1.09251647899,-1.83880489577
1.09088320522,-1.84380114773
1.09459037714,-1.84146637211
1.09362412727,-1.8542900327
1.09145020776,-1.82940184432
1.09080744918,-1.84823692552
1.09306773537,-1.84399868382
1.09120277838,-1.8384843035
1.09309863045,-1.86372544522
1.0910604811,-1.84227231522
1.09164551589,-1.83671285891
1.09194509242,-1.85515168896
1.09471591877,-1.8370259019
1.09098797746,-1.8565304051
1.09287353333,-1.85150428207
1.09453808739,-1.84444628813
1.09392883809,-1.82864340309
1.09352533067,-1.8510284445
1.0947005165,-1.8301326776
1.09297475612,-1.85441059113
1.09413612068,-1.83999941372
1.09558224477,-1.84081823749
1.09397759726,-1.85136392418
1.09198408017,-1.83453356149
1.09484324286,-1.86237834896
1.09275370194,-1.83149949847
1.09471934115,-1.86609456346
1.09508040101,-1.83271966171
1.09361468212,-1.85674852801
1.09232495,-1.84153062326
1.09647858107,-1.83646751657
1.09414602803,-1.83997577465
1.09210454549,-1.85793353861
1.09408140527,-1.85192328264
1.09552112114,-1.84169281116
1.09275449919,-1.84371380415
1.09408222347,-1.85991816897
1.0926136094,-1.84268117368
1.09243251874,-1.83837659919
1.09387896086,-1.84163162974
1.09556458589,-1.8632217753
1.09175452434,-1.83919309015
1.09416466729,-1.85144635526
1.09451623859,-1.855955308
1.09268259342,-1.83796846406
1.09321047941,-1.83261088428
1.09651582647,-1.84621198098
1.09147148853,-1.82611551494
1.09410864957,-1.82935415209
1.09398513509,-1.83075973396
1.09371930095,-1.83021064492
1.09307547561,-1.85438309417
1.09517859742,-1.84485989466
1.10462244648,-1.47675732825
1.11431255976,-1.86869020003
1.1143719865,-1.76333681647
1.11322736666,-1.82028540509
1.11369740979,-1.83072785855
1.11686060098,-1.83472256038
1.1140107464,-1.84579765781
1.11320073612,-1.86820693282
1.11531000836,-1.88184614776
1.11634630895,-1.81034598419
1.11385459073,-1.81318351608
1.11511497903,-1.79731506006
1.11220636624,-1.79875476547
1.1130772707,-1.79959496796
1.11486673575,-1.81177004055
1.1155259764,-1.8142946798
1.11321009333,-1.82688771712
1.11385320868,-1.82458651354
1.11475231785,-1.82742273791
1.11460935675,-1.81647943055
1.11702346376,-1.84422557868
1.11606640992,-1.82425126997
1.11252798618,-1.83988439434
1.11511601315,-1.84779115431
1.11651395464,-1.84339191406
1.115307209,-1.83225011703
1.1138050594,-1.85072306553
1.11535676707,-1.84316069435
1.11418498346,-1.85523288253
1.11644691084,-1.85739184114
1.11581929945,-1.85839568988
1.11461454194,-1.87009797137
1.11446541682,-1.83337660402
1.11901279099,-1.8613966362
1.11643245654,-1.85985423548
1.11592372704,-1.83669032856
1.11822057968,-1.8487395908
1.11914979154,-1.84672179636
1.11807385122,-1.88306768028
1.12076628554,-1.87856412452
1.11724743665,-1.86747378336
1.1179280949,-1.85666577804
1.11944006814,-1.87271078778
1.11999156965,-1.88264787429
1.11616412833,-1.87895357834
1.11863141712,-1.88551305807
1.11852070821,-1.90078057155
1.11738664477,-1.89470517697
1.11738644198,-1.90065367186
1.11606632176,-1.87465345499
1.11357318728,-1.89393947488
1.116768955,-1.88566182078
1.11658084363,-1.90566886908
1.11408299906,-1.89150451033
1.11460168836,-1.89264550279
1.11653017639,-1.90717426524
1.115295241,-1.90338095749
1.11769820385,-1.90088235594
1.1173138171,-1.90551309971
1.1157964534,-1.88268838061
1.11685615015,-1.89599832483
1.11804528693,-1.87387363003
1.11534961481,-1.88420947727
1.11537618931,-1.89115225317
1.11664138047,-1.909911156
1.11573551454,-1.89339829216
1.11503001462,-1.89233348378
1.11666796329,-1.9095759012
1.11282312368,-1.90060482971
1.11443810442,-1.90202465602
1.11674745157,-1.93421895279
1.11484438228,-1.90967930938
1.11141341993,-1.90923013038
1.11553639211,-1.89855061596
1.11412499651,-1.92038345244
1.11447273814,-1.90182973595
1.11322150726,-1.89597696205
1.1131618393,-1.90013026373
1.11077652679,-1.90582683881
1.11340367532,-1.91095327307
1.1137177999,-1.92855520464
1.11228153669,-1.9066345443
1.1131169623,-1.90434236069
1.1133910562,-1.89877442684
1.11118665111,-1.91321449021
1.11456672377,-1.91703623226
1.11369575947,-1.90790989536
1.11199077367,-1.91855742039
1.11278509786,-1.91507139082
1.11590685151,-1.90557448506
1.11191674941,-1.91424867127
1.11364645372,-1.91515869024
1.1138306767,-1.9382798783
1.11466969076,-1.8996295972
1.1135527229,-1.9144194241
1.1148881953,-1.91680919499
1.11276662784,-1.9203821192
1.11436229186,-1.91886549111
1.11597155133,-1.91882698468
1.11429396759,-1.91197376812
1.1133146566,-1.89978405551
1.1157248941,-1.89748567566
1.11510523638,-1.93338218235
1.11480784553,-1.90437776165
1.11579939346,-1.9091608875
1.11589839249,-1.92242269214
1.11266755466,-1.91413799121
1.1159148283,-1.90994285728
1.11549090775,-1.91993903498
1.1141077158,-1.90507561113
1.11431960422,-1.90415808763
1.11596921618,-1.91629052015
1.1146812478,-1.91625629379
1.11658090357,-1.93184282505
1.11599981147,-1.91837738743
1.11480808881,-1.91955844283
1.11645449532,-1.91718313488
1.11849085783,-1.90296379639
1.11404386948,-1.91481463529
1.11455992103,-1.92235495744
1.11513882544,-1.92230028793
1.11681214858,-1.91795104787
1.1172988153,-1.92298203308
1.11757222844,-1.93131726702
1.11296899286,-1.92443037819
1.11600733549,-1.91570848614
1.11769347318,-1.91719959074
1.11652114411,-1.91624343872
1.11546343946,-1.90320709027
1.11804749093,-1.92144355778
1.11664716552,-1.94045663522
1.11665646748,-1.92719908143
1.11797700586,-1.9247821913
1.11710077948,-1.91796471294
1.1165938004,-1.92728651444
1.1198715445,-1.90383065035
1.11806076344,-1.92641954908
1.11586200861,-1.90965886651
1.11688997944,-1.90660465462
1.11817193409,-1.90679232206
1.11649961724,-1.90298849094
1.1198738436,-1.92285485771
1.11630983432,-5.04340916251
1.11618665868,-1.95393897161
1.118155372,-1.89476350165
1.11981981629,-1.88533006453
1.11717670921,-1.92393660248
1.11692263428,-1.95183896762
1.11687591373,-1.9729010834
1.11708037077,-1.96661255851
1.12363996409,0.486101266868
1.11901432251,-1.8256358927
1.11628427325,-1.67838199895
1.11883065003,-1.73753368687
1.11930164859,-1.78883879676
1.11843376812,-1.84509784763
1.11715391594,-1.84766189013
1.1207565557,-1.88109661468
1.1191077749,-1.8897532417
1.11974202684,-1.95586586639
1.11974460909,-1.91617106075
1.11811404851,-1.90734136694
1.1175899893,-1.89898940479
1.12119124316,-1.89453748582
1.11876453091,-1.91362177785
1.11872316837,-1.91352539052
1.11940320247,-1.9312979959
1.1201066056,-1.91072768868
1.11832561748,-1.91179261412
1.12138213149,-1.90969084796
1.11933199013,-1.92573963131
1.11789911767,-1.92277158498
1.11879163661,-1.91323717079
1.12078513039,-1.90394659445
1.11713036656,-1.93926587973
1.11849674824,-1.90684398986
1.1185323226,-1.9215203694
1.1182563179,-1.93183204174
1.11759843533,-1.92343027084
1.11881875837,-1.93045213525
1.11516290856,-1.90168881375
1.11936741885,-1.92870170126
1.11914247505,-1.93239932796
1.11653564934,-1.91647196588
1.11616047494,-1.91887419114
1.11996047593,-1.92440078744
1.11685639791,-1.94295377618
1.11947255575,-1.92220318305
1.11937299107,-1.92303644801
1.11760576005,-1.91458356279
1.11712359309,-1.92831480974
1.12101171042,-1.92794744012
1.11829069244,-1.90617299513
1.11885698545,-1.92603886485
1.12002905366,-1.91891453935
1.11864383969,-1.92441362393
1.11811882589,-1.92412935625
1.12162498559,-1.92941573176
1.11842644664,-1.9093823023
1.11836289132,-1.91008623656
1.12049725046,-1.92815440805
1.1201550909,-1.91154440543
1.11678654616,-1.9273911785
1.11902086417,-1.91604903725
1.11887937826,-1.92388375374
1.11952884586,-1.91126485478
1.11941677866,-1.91720736341
1.11790513175,-1.90501977744
1.11625693448,-1.90879576818
1.12049624808,-1.93812859463
1.12137185705,-1.9098017018
1.11954539539,-1.91569092077
1.11852895679,-1.92195020554
1.1191293921,-1.92513039363
1.11792211993,-1.92155995669
1.12028081911,-1.9298978997
1.11959792854,-1.93572974789
1.11810289588,-1.91818898148
1.11852823299,-1.92704950169
1.121223998,-1.92613102394
1.11937085026,-1.93858242954
1.11981003434,-1.92823935819
1.11980256199,-1.93451754586
1.11999862381,-1.93094844527
1.11909343573,-1.9302108837
1.12200813672,-1.92585416871
1.11799457013,-1.9314985088
1.11827659697,-1.91755951822
1.1206770992,-1.93212033437
1.12060969481,-1.95168766711
1.11821737696,-1.9185622497
1.11990994946,-1.9172306157
1.11865948851,-1.93150691633
1.12068520351,-1.93635539494
1.12015749687,-1.92366572909
1.11887098439,-1.91791680136
1.11654032423,-1.93529395108
1.12035087894,-1.93724863077
1.1204743165,-1.9358288759
1.11841391356,-1.91549579967
1.11861430963,-1.92872584603
1.11938530439,-1.93564082024
1.11950373966,-1.93720917074
1.11985429866,-1.92349337137
1.11900837347,-1.92603322042
1.11778932041,-1.92899504862
1.11968820382,-1.92866682921
1.12248226331,-1.92362478947
1.11862021561,-1.95406545725
1.11951950598,-1.93291315914
1.12021690857,-1.94782166985
1.12088535249,-1.92632106488
1.12068535468,-1.93085462072
1.12276297951,-1.93193617639
1.11955836086,-1.92510119166
1.12055334892,-1.93934543052
1.1231446122,-1.94423464421
1.1223613323,-1.9289318505
1.11969987176,-1.93642626205
1.12287562386,-1.92084053135
1.12136921165,-1.934258331
1.12254610159,-1.94025022333
1.12410446212,-1.93132906243
1.12193928465,-1.91816061918
1.12057919261,-1.93859383007
1.12541982506,-1.95091584738
1.12325599776,-1.93813729009
1.12199552988,-1.93143969063
1.12209947065,-1.92308739001
1.12390052199,-1.92827360163
1.12257965176,-1.95149521997
1.12335467905,-1.93782057764
1.1222085083,-1.93567177586
1.12084389328,-1.9333429164
1.12315646615,-1.9515167712
1.1246236809,-1.93361476469
1.12148120681,-1.93613705461
1.12422591491,-1.92563196468
1.12356679267,-1.93875032752
1.12256469224,-1.93037650865
1.12379733299,-1.97340020394
1.12681735149,-1.92879491292
1.12306005448,-1.93968746764
1.12527145179,-1.93358506519
1.1250567982,-1.9322494693
1.12545693353,-1.94173714426
1.12365372934,-1.93922596286
1.1250129719,-1.92750187112
1.12492947246,-1.94155931544
1.12545362936,-1.93507195561
1.12657213784,-1.95989356354
1.12416726042,-1.92068423402
1.12424298162,-1.93151448022
1.12802660868,-1.95450204746
1.12715414366,-1.95405775591
1.12506888347,-1.94614922699
1.12616197332,-1.93584966392
1.12660345263,-1.95340564602
1.12497269362,-1.9337496349
1.12771109687,-1.93815243646
1.12599520963,-1.95071585717
1.12481963399,-1.93708515904
1.1262287594,-1.9465768367
1.12807892146,-1.94133904132
1.13570842969,3.04727951315
1.12752208519,-2.60295576479
1.12701029282,-1.91813588786
1.12733405148,-1.70831545425
1.1281876007,-1.76348220537
1.12992144595,-1.83595057585
1.12525443552,-1.9016827743
1.12916503073,-1.94572063835
1.12986629134,-7.89696488673
1.1298831379,-1.94882691644
1.1280830428,-2.00315712654
1.12984753606,-2.03748923545
1.130228501,-2.01298191545
1.1326659779,-1.97720386235
1.13350815579,-1.95128892082
1.13026705366,-1.92598769236
1.13018499931,-1.9697088214
1.13580880874,-2.07312689424
1.13355398046,-1.92619685626
1.13315191543,-1.93429917703
1.13301441123,-1.93725646668
1.13421540673,-1.92702278291
1.13346705389,-1.95891250363
1.13717823145,-1.95977003418
1.13415517135,-1.94062547398
1.13431187493,-1.92309525091
1.13674288534,-1.93220992604
1.1382175298,-1.94472934322
1.13427081561,-1.9431936308
1.13643298342,-1.95827259964
1.1364780195,-1.96705483328
1.13726702397,-1.93334241787
1.13832284808,-1.94241792266
1.13881818315,-1.93684850715
1.1368187878,-1.97446031845
1.1394728967,-1.95540743395
1.14078505648,-1.95040706549
1.14115811274,-1.95587466148
1.14019045484,-1.93379426703
1.14232201438,-1.95535763588
1.14055674956,-1.96189233687
1.14349648614,-1.95248402364
1.14490769453,-1.94232387457
1.14367227868,-1.96089974578
1.14402040876,-1.95016197153
1.14599736116,-1.94340289416
1.14571835348,-1.956565746
1.14476772505,-1.95547940275
1.14613871912,-1.94241747801
1.1476662824,-1.95549425343
1.14637511843,-1.94206310304
1.14864461473,-1.9445480036
1.14627445543,-1.95256298388
1.1480821573,-1.93087085099
1.15171661651,-1.96557659651
1.15154608573,-1.94316406699
1.14827531539,-1.93883265862
1.15252104066,-1.94427955186
1.15239019225,-1.95376059954
1.15265072141,-1.94637414138
1.15327561086,-1.93895276232
1.15542829158,-1.94731933697
1.15254531849,-1.94929002793
1.15509382625,-1.9477072481
1.15578477169,-1.94674303109
1.15618204383,-1.94413026097
1.15570334015,-1.94760614371
1.16072464917,-1.93684782087
1.15620081917,-1.94817226231
1.15975138328,-1.95307576625
1.16005462159,-1.96635996515
1.15821595186,-1.93394814197
1.15987687422,-1.93388071363
1.16459585425,-1.95388719021
1.1623238879,-1.9569162462
1.16314030547,-1.95295130017
1.16411865909,-1.9358229938
1.16562115181,-1.94526843573
1.16551287117,-1.94350983583
1.16928709269,-1.94323125463
1.1674909633,-1.95291681052
1.16766392491,-1.9506853222
1.17062758786,-1.96217532956
1.17086675427,-1.95736315405
1.16912987688,-1.92374981254
1.17401018259,-1.94109460513
1.17217401861,-1.93678816292
1.17332660486,-1.95702927105
1.17501964911,-1.94000447687
1.17531957285,-1.95189105922
1.17316160538,-1.94255981469
1.17739482036,-1.95836216159
1.1773618812,-1.95968199824
1.17669366429,-1.95644310296
1.17878985557,-1.96962092495
1.17928257122,-1.97404384162
