1.15020153603,-4.03849279737
1.16871659992,-5.48991967776
1.17417986868,-5.52425834409
1.17421736029,-5.75020209643
1.17293904848,-5.51029280613
1.1728197325,-5.47685593117
1.17474201773,-5.0401704566
1.17245447839,-5.33416786212
1.17579890653,-5.21749550239
1.17659681834,-4.50955083469
1.1746966926,-4.21531932903
1.17774391763,-4.3441077645
1.17871384882,-4.11071749515
1.17551082728,-4.17081721548
1.17564098147,-4.03148367719
1.17522518385,-4.07702384211
1.1741802513,-4.09081783662
1.17494888578,-4.12581797394
1.17604396052,-4.13101332593
1.17189998979,-4.03239591861
1.17454446997,-4.16366594913
1.17494217131,-4.07898965221
1.17333390926,-4.02861877492
1.17349982641,-4.1152107809
1.17422729527,-4.08187025947
1.17039825989,-3.92799330814
1.17472665577,-4.06317998108
1.17555964898,-4.00036922531
1.17249561928,-3.99853620841
1.1707226996,-4.01270724304
1.17508250228,-4.01290124316
1.17177415599,-3.91703912657
1.16990890413,-3.96820430335
1.17084724232,-3.89621413365
1.16998556464,-3.94023844745
1.16958977753,-3.93427153228
1.17066406434,-3.97088288442
1.16550519971,-3.77770673427
1.16496984628,-3.83987161765
1.16810750762,-3.86443321677
1.16841827999,-3.86148332423
1.16614102399,-3.88308422763
1.16833975303,-3.89282071941
1.16609942151,-3.76919531562
1.1672958754,-3.76474017813
1.17006057199,-3.86578087821
1.16913205616,-3.79399854372
1.16936790528,-3.85094396803
1.17119211996,-3.78000952581
1.17405291856,-3.84423378328
1.17108344613,-3.76868718308
1.16985747935,-3.73701897066
1.17224827637,-3.77722681558
1.17127566611,-3.75791732876
1.17329518403,-3.70174294899
1.1718797641,-3.63083805699
1.17171521267,-3.72166281437
1.17106756441,-3.76169133708
1.17613142182,-3.7272819683
1.1718071518,-3.69815747943
1.1729533714,-3.77912387381
1.17439896661,-3.77102170323
1.17534559362,-3.79973765748
1.1736944335,-3.73511444492
1.17850877371,-3.73734951421
1.17279964519,-3.58967325019
1.17174634086,-3.69127611705
1.17689834792,-3.7113223858
1.17853380127,-3.70893292446
1.17581633207,-3.69138503261
1.17701319268,-3.64148155417
1.17758140232,-3.5950342917
1.17855872953,-3.69020322799
1.17892782885,-3.72407921142
1.17882775559,-3.69413402596
1.17682723132,-3.69234220031
1.18020167886,-3.7148154568
1.17900578496,-3.70494181346
1.17673269165,-3.65883732622
1.17571617087,-3.65102843939
1.17681827547,-3.61610248468
1.1731348257,-3.65937230357
1.17590974906,-3.63230126277
1.17688813231,-3.63803883837
1.17508718772,-3.69947613902
1.17368897275,-3.60236780949
1.17599840062,-3.6059923152
1.17307934966,-3.60669896144
1.17457544992,-3.58341680271
1.17246038074,-3.59479745303
1.17155291029,-3.53938422926
1.17256539284,-3.56349883213
1.17452571171,-3.61056650082
1.17176958815,-3.59662632633
1.17022061575,-3.46105802761
1.17292712316,-3.5391058204
1.17446028481,-3.54119232617
1.17006019729,-3.59688708044
1.17240258337,-3.50489126378
1.17049430121,-3.52607114246
1.17030510346,-3.63110110587
1.17067211096,-3.68756568844
1.16852975215,-3.51162778674
1.16602011381,-3.56991547926
1.17008791651,-3.59182915752
1.16947232173,-3.67372463294
1.16684163349,-3.48209733328
1.16788490299,-3.64167291451
1.16780534448,-3.63303716104
1.16500596427,-3.50714707484
1.16873950248,-3.51083116191
1.16936611963,-3.50755855606
1.1650761802,-3.47747391815
1.16579443393,-3.51227767514
1.16944442513,-3.47334855819
1.16636568013,-3.54289834579
1.1661932522,-3.51708536162
1.16463717353,-3.58624681787
1.16507805051,-3.58311802621
1.16851196055,-3.56797685432
1.16922969163,-3.58716498957
1.16565713233,-3.54336930245
1.16703755273,-3.54083507577
1.16882550688,-3.55597698073
1.16906444141,-3.59524460521
1.16605456221,-3.55477363348
1.1673071737,-3.45334232885
1.16726761294,-3.45304538186
1.16744601914,-3.53822386655
1.16781473395,-3.51269060913
1.16615187741,-3.43446991027
1.1614950292,-3.48664120051
1.16646250874,-3.59987113158
1.16622579972,-3.48803003053
1.16627238309,-3.5950687153
1.1643166945,-3.47097967273
1.16638560387,-3.52411346256
1.16484107997,-3.51754134113
1.16675014826,-3.45306632859
1.16522365383,-3.51451198572
1.16423636125,-3.47553991396
1.16632443072,-3.56515565221
1.29882699622,-105.895014921
1.16586899733,-7.95556961552
1.16461525901,-4.85766152721
1.16486529168,-4.21469752138
1.16503014996,-3.93906365113
1.16435539416,-3.7349914944
1.16608392609,-3.74452941384
1.16081543948,-3.65389281076
1.45310541859,31.5872599231
1.16478320616,-0.0900103809055
1.16531716344,-1.78549860526
1.16156103643,-2.74048286846
1.16180244808,-2.99203371058
1.16074740165,-3.16409240795
1.16166852718,-3.29249640941
1.16243358657,-3.27154745463
1.16054665317,-3.2855390327
1.16241693422,-3.32375457634
1.16054183701,-2.65478720664
1.16322763102,-3.2910473092
1.16377734441,-3.41665082508
1.16719955858,-3.41664730987
1.16786545822,-3.47717225489
1.16488670243,-3.44021968545
1.16455333432,-3.37947940077
1.16335926989,-3.36978813458
1.16210947114,-3.38667157283
1.16069917844,-3.32821861164
1.16237731041,-3.39954825024
1.16021652898,-3.37140779811
1.16189718218,-3.48938548332
1.15840218285,-3.5018462936
1.15829312154,-3.40483921406
1.15957905017,-3.46171524156
1.16181312886,-3.42720710255
1.15776185047,-3.40517119374
1.15878509081,-3.44444595538
1.16139560527,-3.38606170602
1.16004225306,-3.42774426069
1.15999639167,-3.44956300206
1.16121072451,-3.3348746428
1.1588615603,-3.36376386646
1.16027250194,-3.37539248221
1.16145235406,-3.38057583097
1.16161562866,-3.40008970699
1.16045516833,-3.32309281465
1.16188303767,-3.31268347709
1.15774869418,-3.37360816395
1.15573422828,-3.31178292116
1.15839827403,-3.38668615329
1.15675858638,-3.39854947272
1.15279291691,-3.29707156072
1.15539929141,-3.348851396
1.15147804489,-3.25723435729
1.15044547576,-3.35972642909
1.15182514831,-3.33058411967
1.15456541903,-3.38224881413
1.15249440524,-3.3780611192
1.15210841256,-3.34760953885
1.14844680684,-3.24469710158
1.14980207477,-3.24334286138
1.15251260414,-3.41601313137
1.15287549605,-3.35294519624
1.14920509838,-3.29842173752
1.15228466061,-3.39484597529
1.15293160893,-3.33272497458
1.15414946189,-3.38881308302
1.1516205489,-3.31578508834
1.15204231353,-3.29459879341
1.14985305456,-3.36483747218
1.15319859676,-3.40697356299
1.15402342755,-3.35429308519
1.15155586547,-3.27309438898
1.15087765984,-3.41500896291
1.15355498296,-3.33983726806
1.15235094223,-3.38535645227
1.15317331554,-3.34532917789
1.15296529715,-3.27455931623
1.15127879323,-3.30736905134
1.15223223541,-3.34318143788
1.15477642723,-3.26431233397
1.15114951592,-3.25550395961
1.1495727489,-3.33484854764
1.15179407192,-3.31952151288
1.15310093427,-3.34062440594
1.14985416882,-3.30747219717
1.15173750378,-3.351138167
1.15062386648,-3.28395648289
1.15127516392,-3.36038687446
1.15206942097,-3.37281671615
1.14998805603,-3.31667881059
1.1472452402,-3.33787697392
1.15270152989,-3.42902841588
1.15190704193,-3.3681838613
1.15157791307,-3.31223463738
1.15020766673,-3.37678843396
1.1491513511,-3.32701234756
1.14875379485,-3.37918616186
1.15140585009,-3.37831317377
1.15062886006,-3.32874222256
1.1484632878,-3.36722541904
1.14909831464,-3.40378405345
1.15166794415,-3.35039330133
1.1492349524,-3.35605529935
1.14864514975,-3.36045848984
1.14978037628,-3.42397438517
1.14854798391,-3.35394655093
1.14884268144,-3.44377111762
1.15103466751,-3.30377488867
1.1469883902,-3.30106370316
1.14808086942,-3.4282925361
1.14983505321,-3.34639882451
1.14802564497,-3.33148004938
1.14663161514,-3.32758609701
1.1486297925,-3.34718228846
1.14776819089,-3.34240748404
1.14770347393,-3.23182919311
1.14921184561,-3.33239744895
1.14857809623,-3.35886835241
1.14383533139,-3.37904804347
1.14783444062,-3.36119833244
1.14793106784,-3.29038221236
1.14881464982,-3.36378894946
1.14608573762,-3.32988635045
1.14652155649,-3.31370226927
1.1443315945,-3.29823628661
1.14779445663,-3.36901267682
1.14507817414,-3.3378119332
1.14576369922,-3.32506872011
1.14579212798,-3.29445299447
1.14986501012,-3.33685986955
1.14584740548,-3.32684770754
1.14585062165,-3.28865776766
1.14642308414,-3.3548920987
1.14637879745,-3.30607344124
1.14632349047,-3.43151070921
1.14734348417,-3.31901745228
1.14294994044,-3.20729941852
1.14431492324,-3.30621807926
1.14500864383,-3.30742063098
1.14388396964,-3.25536314153
1.1436784941,-3.28567515339
1.14544616955,-3.3375919403
1.1430605728,-3.34025501106
1.14462465272,-3.34395062143
1.14541370048,-3.31797645934
1.14432450527,-3.26690763394
1.14073103257,-3.2568299824
1.14486879278,-3.30316450058
1.14515610206,-3.30458848242
1.14449558476,-3.30850153606
1.14315105139,-3.31321596728
1.14312230168,-3.29482292288
1.14200859656,-3.34353926179
1.14360494117,-3.36191515292
1.14136866322,-3.30423731237
1.13836623294,-3.21899355997
1.14245836926,-3.31113799503
1.1438601341,-3.38002385129
1.140488366,-3.31717082649
1.14053882791,-3.3030328578
1.14094183839,-3.35077704103
1.47105648742,37.6538197021
1.14125543816,-13.4850721802
1.14548233429,-5.4976344168
1.13859275319,-3.86449398611
1.13917006835,-3.4499939977
1.14145975783,-3.39471245854
1.14206041947,-3.4531011704
1.14111140409,-3.49415966526
1.24344829682,-84.7705387266
1.15542942729,2.10108286116
1.13789387451,-1.22600893733
1.14886732744,-2.96411311644
1.14478299428,-3.16870220268
1.1409208172,-3.22588812994
1.14405761526,-3.19713512377
1.14223769552,-3.18431677606
1.14145602639,-3.20170332322
1.14047975132,-3.28200416353
1.13558108686,-2.57362778933
1.13577014308,-2.77932643654
1.1405150775,-3.12325791799
1.1365901341,-3.20067739702
1.13584077251,-3.28930730387
1.13894397057,-3.26520190317
1.14108699403,-3.27066900978
1.13902277518,-3.32048572927
1.14098638325,-3.35225758267
1.13565958122,-3.03661066985
1.1372382587,-3.22105152341
1.13940835818,-3.29443721004
1.14092663279,-3.24598115574
1.13802476217,-3.26330686978
1.13964773396,-3.31693387885
1.14049222578,-3.31966040297
1.13870039848,-3.20743589878
1.13750325512,-3.33302920415
1.13884811872,-3.32186589821
1.13582151655,-3.32070911082
1.13877358579,-3.33934802024
1.13670980148,-3.2816589493
1.13647905415,-3.24766513085
1.13371177453,-3.3162325564
1.13659209288,-3.3241368273
1.13450075665,-3.27779186624
1.13504835299,-3.31419932363
1.13465519373,-3.25748502963
1.13349860625,-3.21606426257
1.13381916511,-3.28160931912
1.13510066914,-3.2159500179
1.13200312948,-3.1837144261
1.13185903962,-3.31514273019
1.13280633601,-3.26245640633
1.13225876715,-3.2988447043
1.13087558091,-3.34812823928
1.13153291862,-3.20920730106
1.13180588106,-3.28190344009
1.13136625699,-3.31756436101
1.12963174898,-3.24585963375
1.1292710567,-3.21525599899
1.12650674592,-3.16540767488
1.13024093637,-3.26641045024
1.12962849541,-3.20414416073
1.12955971378,-3.21239676495
1.12887846391,-3.22172640905
1.13029212578,-3.20278180521
1.12642973544,-3.25438356325
1.12905838554,-3.21379209839
1.13010574713,-3.17800706655
1.13011442866,-3.34476573322
1.12874524264,-3.28560843563
1.12951339137,-3.23359369837
1.12920382896,-3.2505627671
1.12947202365,-3.24220127953
1.12955555363,-3.2843404782
1.12782448451,-3.16728952631
1.12948645686,-3.29624803225
1.13032832942,-3.2501731299
1.12758781703,-3.21099179217
1.12674049426,-3.20189592908
1.12995666532,-3.31417399667
1.12985056232,-3.21973368849
1.12770102025,-3.29104743129
1.12954445544,-3.18061636173
1.12864094005,-3.23611694944
1.12856683018,-3.22955486397
1.12926004402,-3.21964324204
1.12823238406,-3.21374747946
1.12575369426,-3.31002465771
1.12853691114,-3.24523605177
1.12958409215,-3.28090781808
1.13089474677,-3.25431801058
1.13143351618,-3.29045136619
1.12882743014,-3.23826987916
1.12679298525,-3.27732210552
1.12919554857,-3.24963572974
1.13101696722,-3.27598328147
1.11741332753,-3.8651570655
1.13717469532,-5.62499885418
1.14167098345,-5.96235846327
1.13922210125,-6.12617487865
1.13979194381,-5.98478362142
1.13853966053,-5.8715353587
1.13824532811,-5.59030026975
1.13948519144,-5.8277980261
1.14317651825,-5.6908204027
1.14364766348,-5.46950348573
1.1445448993,-5.41882443818
1.14647530672,-5.44833772563
1.14896911311,-5.31993120251
1.14733846616,-5.29996204621
1.14925669269,-5.28291430149
1.14621329484,-5.25564607411
1.14790952943,-5.34857487309
1.14942218664,-5.30057675972
1.14751650072,-5.27688484454
1.14300738922,-5.24895922042
1.14664514597,-5.31460576261
1.14553429498,-5.29629009148
1.145342329,-5.2783522666
1.14560437618,-5.23482231508
1.14677993251,-5.30551655024
1.1433587761,-5.20284668295
1.14655507595,-5.19213703116
1.14562482291,-5.28256800092
1.14200142512,-5.18752848429
1.14462134124,-5.26077909452
1.14860635104,-5.21905988274
1.14944214827,-5.30959514873
1.14641592842,-5.18106864982
1.14778657029,-5.17606375859
1.14671507832,-5.20312956796
1.14691471704,-5.21481853022
1.14999679244,-5.18574559978
1.14725732687,-5.1197816566
1.14907754386,-5.18307576695
1.14832431118,-5.12002041469
1.14660432077,-5.1538637352
1.14484468534,-5.11721836449
1.14637621346,-5.17755720243
1.14374313061,-5.15541102642
1.14446148286,-5.11410777888
1.14611381973,-5.150537652
1.14306377495,-5.09369716179
1.14163419028,-5.14738700262
1.14634674473,-5.06247746584
1.14472502659,-5.03345261425
1.14381840657,-5.09984581829
1.14477959816,-5.05472262079
1.14624224937,-5.08840787532
1.14392536415,-5.12885040132
1.1464764785,-5.05846836972
1.14478101476,-5.01889391318
1.14106295291,-4.98073883533
1.14418518374,-5.00069242812
1.14699257092,-5.03377290947
1.14536700646,-5.0164927257
1.14663390022,-5.06142895499
1.14498618259,-5.02311563747
1.14328306496,-5.01085630073
1.14395584569,-5.01211023655
1.14786793861,-5.02558671685
1.14321313097,-4.99659775545
1.14611111923,-5.0405781937
1.14699827875,-5.02547688327
1.14641192567,-5.06179402442
1.14364292836,-5.04360576819
1.14481300564,-5.01908371073
1.14222286928,-4.97126428962
1.14728583281,-5.05275820408
1.14716773542,-5.0525516238
1.14432024072,-4.94707683934
1.14397575567,-4.98096074942
1.14731661241,-5.0793429464
1.14416363482,-5.04799495484
1.14449466326,-4.94441259425
1.14676151863,-4.99178095862
1.14494797453,-4.94089118956
1.14334634618,-4.95932508039
1.1470024944,-4.95969997691
1.14519682943,-4.94768350497
1.1433697982,-4.95497674649
1.14381667683,-4.96709431869
1.1470034441,-4.98134623461
1.14596824707,-4.95597010736
1.14770343539,-4.90862738294
1.14545071891,-4.91125680133
1.14637140559,-4.9176039723
1.14916940598,-4.90351349369
1.15038984687,-4.90217730054
1.14845684341,-5.00496462633
1.15061380262,-4.92174158729
1.15249578197,-4.9460376867
1.15202496011,-4.86708305636
1.14970092943,-4.95817215603
1.1496759266,-4.86293476661
1.14800289022,-4.90080483532
1.1520715307,-4.93323824499
1.15269124327,-5.03509031267
1.15024044838,-4.90385645465
1.14918586132,-4.96152716576
1.15016369649,-4.95372791774
1.14972729703,-4.97130750884
1.15234388737,-4.96353738929
1.15264923547,-5.05126361409
1.15021719307,-4.97280163023
1.15033841067,-4.95872050919
1.15415866036,-4.97575335778
1.15105283669,-4.8511514927
1.14913762763,-4.92246306043
1.152449167,-4.95100008545
1.15208124547,-4.84626126083
1.15286400044,-4.97115645489
1.15504774303,-4.99417244873
1.1514942836,-4.92013540961
1.15147449166,-4.91611876375
1.15291453788,-4.90879473352
1.15332552582,-4.95253670096
1.14811564998,-4.8815378033
1.15075073233,-4.97871359758
1.14950566886,-4.95136525231
1.1492644228,-4.92221243642
1.14867041059,-4.92182219743
1.14733124552,-4.8950994509
1.14556336994,-4.85828374971
1.14901697499,-4.94234470266
1.14970325364,-4.84579796291
1.14905459463,-4.90452169331
1.14748782786,-4.87340692632
1.15047199915,-4.99053994623
1.14848194564,-4.89952414459
1.14807153963,-4.88075790519
1.14903419243,-4.91998015599
1.14888272069,-4.90571208763
1.14918474684,-4.84627117546
1.15155710036,-4.88885485257
1.14780083009,-4.847900401
1.14953651313,-4.93894147245
1.14986078618,-4.906145751
1.14933467239,-16.1195704004
1.14920181865,-4.74251795809
1.15303474185,-4.47414495305
1.15004448372,-4.59351278945
1.15018152881,-4.7570762366
1.1492344688,-4.78516123301
1.15221547457,-4.97443235113
1.14673389644,-4.97697785295
1.15434216662,-0.66745936434
1.14852899705,-5.31608030855
1.1497066677,-4.22736022715
1.14905641115,-4.28646702074
1.14935071361,-4.4891279236
1.14680337615,-4.5679117276
1.14972422922,-4.71178718842
1.14938998496,-4.7794067339
1.14778312925,-4.74559607517
1.14638572998,-4.2666344925
1.14924136586,-4.39285006873
1.14998910856,-4.80371417637
1.15101167355,-4.75708652122
1.15148769739,-4.85197064207
1.14959907038,-4.83361393814
1.14961177234,-4.74521162484
1.15220915878,-4.83906999527
1.14893063439,-4.75446830714
1.14898863602,-4.70903363732
1.15002066316,-4.75438933372
1.14761760874,-4.76687918406
1.14837623601,-4.75935417499
1.14880588307,-4.776309342
1.14630784927,-4.8456633196
1.14514424917,-4.74519104985
1.14733021733,-4.83646256794
1.14802462407,-4.82764032831
1.14235023508,-4.75192440926
1.1470536806,-4.81587379286
1.1468007052,-4.76851033868
1.14527689027,-4.77455898371
1.14531903135,-4.77957784429
1.14668708888,-4.80785773434
1.14464581984,-4.7646399797
1.14788993388,-4.83164173195
1.14708207402,-4.79308911034
1.14407776278,-4.80636377095
1.14623554381,-4.83239551096
1.14845372663,-4.81702153036
1.14795399274,-4.79041738328
1.14883669877,-4.75307123161
1.14846871424,-4.83339208682
1.14591845941,-4.80055503189
1.14637498974,-4.76925710059
1.14944707882,-4.72629429648
1.14615851377,-4.73104709841
1.14880969691,-4.74186670666
1.14782527545,-4.7579677039
1.14935371683,-4.79224916521
1.1497877737,-4.80040584839
1.1501629017,-4.66127002774
1.14658524693,-4.69021015104
1.14933701094,-4.68368960153
1.15230424951,-4.78388959396
1.15096993301,-4.81180182978
1.14812817582,-4.77016647031
1.15118832165,-4.78876956307
1.14897308586,-4.74091401119
1.15102514838,-4.78669589982
1.15131410955,-4.75835883377
1.14899442174,-4.70185110483
1.1479412082,-4.74919654687
1.15362599149,-4.83725024127
1.15163387473,-4.8192966143
1.14967006739,-4.78061498263
1.14978658588,-4.73223947297
1.15282361392,-4.83435656446
1.15140848727,-4.81437880445
1.1535990032,-4.78619602301
1.14999126175,-4.70877646842
1.15112508173,-4.81966417014
1.15108199994,-4.76549277181
1.15290423962,-4.84794772011
1.15050327927,-4.77166654859
1.15022017087,-4.77629716784
1.15236454648,-4.78021452856
1.15249145542,-4.7233544391
1.15163727403,-4.76326443888
1.15250227119,-4.85523284648
1.14981607129,-4.83720850623
1.15250378814,-4.74907057701
1.15370995629,-4.82004446252
1.15448990652,-4.78894299047
1.15125467444,-4.7708020915
1.15498475371,-4.78032843639
1.15405736278,-4.82319366454
1.1543969395,-4.83271225364
1.15480996323,-4.80838163753
1.15363277849,-4.81366649494
1.15294637369,-4.79253111111
1.15727656645,-4.80851611724
1.15512465007,-4.85442794327
1.15191512816,-4.75512094885
1.15304132968,-4.81577800509
1.15586245856,-4.77641418221
1.15270735439,-4.77634401518
1.15438303911,-4.82608081403
1.1546273332,-4.79505378256
1.15462466992,-4.77006375751
1.15448542263,-4.76025734675
1.15306039676,-4.75229607755
1.15177252348,-4.83006136839
1.15399490664,-4.80600818901
1.1544490023,-4.73549235431
1.15333927903,-4.79197169183
1.15546432124,-4.86123558178
1.15637849263,-4.80344111223
1.14995411374,-4.70892493743
1.15334149051,-4.77214540842
1.15418274768,-4.71432231281
1.15409045846,-4.80526158345
1.15389240627,-4.85173139468
1.15565399788,-4.80500616742
1.15339117903,-4.7521136028
1.15290083462,-4.78928216563
1.15370794361,-4.75829975974
1.15181552726,-4.67133863217
1.15264750477,-4.70844454371
1.15725487159,-4.81903357846
1.15284402139,-4.72618960508
1.15208841445,-4.75750603948
1.15169956994,-4.80131242943
1.1537585722,-4.74473658829
1.15181301355,-4.79008258624
1.15515473732,-4.73898735734
1.15447816347,-4.76092852814
1.15505005929,-4.81810503651
1.15772812126,-4.82185281371
1.15864271654,-4.77619471411
1.15811277858,-4.78370457423
1.15928323434,-4.72577880991
1.15924114174,-4.73078625883
1.16162678089,-4.8127062374
1.16124313203,-4.81113321809
1.15990663561,-4.79008712898
1.1562951276,-4.80815263581
1.15953587514,-4.83128908529
1.15913338982,-4.78595090466
1.157438296,-4.76336100322
1.15512067351,-4.79340164075
1.15991946219,-4.69440555699
1.15756649845,-4.77433952673
1.15948417246,-4.85600487826
1.15726813369,-4.77408771901
1.15692069216,-4.75311308066
1.15968391365,-4.83557044215
1.1635283568,-4.86121445194
1.16070058952,-4.7871277819
1.16093489104,-4.7779376737
1.16217864825,-4.79000107248
1.16228035885,-4.80089094239
1.1618044728,-4.8017754823
1.16404772572,-4.80364048625
1.16262583052,-4.84709833883
1.25084495735,9.47104431267
1.16310378405,-7.1276715241
1.16026995754,-3.96167754376
1.15505726533,-3.58413509826
1.15598410212,-3.94861701609
1.15663594973,-4.30801688786
1.15708561705,-4.54575494033
1.15601784515,-4.81956488591
1.15313914782,-27.649770381
1.14846875287,-3.88007838224
1.15331807734,-5.45051580985
1.1583231168,-5.71538152501
1.15546348305,-5.33367752949
1.15657389508,-5.11662937479
1.15770868618,-4.87030007872
1.15733655095,-4.90232068682
1.15766737892,-4.85713221089
1.15758324805,-5.10352551275
1.15255848225,-4.46585058267
1.15299805319,-4.48805884049
1.15909549457,-4.82415942262
1.15455967449,-4.67306318726
1.15649683826,-4.78267692527
1.15577097975,-4.77345600052
1.15599459213,-4.77132161461
1.15621395169,-4.8485507949
1.15755355405,-4.84913369173
1.15399309957,-4.59946257067
1.15670008053,-4.71808747618
1.15755243356,-4.73610818685
1.15523890886,-4.7290825398
1.1520708633,-4.72107594239
1.15677330221,-4.85091817549
1.15586619884,-4.7682706861
1.15752682215,-4.75823678453
1.15746655193,-4.80519787085
1.15671102445,-4.77275327716
1.15519605943,-4.83272766151
1.15634883286,-4.78436289856
1.1553846571,-4.84383488096
1.15568565551,-4.80369925406
1.15551073269,-4.75286679832
1.15572843883,-4.75030086986
1.15536073243,-4.80229722037
1.15708735261,-4.80135156257
1.15355264822,-4.7587067857
1.15324947703,-4.74526169959
1.15549634037,-4.75414944655
1.15715844451,-4.77953885658
1.15304132716,-4.74266690528
1.15497998413,-4.72299338722
1.15541323699,-4.704476456
1.15405876174,-4.70230178227
1.15484214784,-4.74705550934
1.15490715211,-4.68175265553
1.15426983747,-4.81697802823
1.1541546363,-4.72251893292
1.1551243957,-4.77486738451
1.15498440429,-4.77593259088
1.15515060746,-4.71524705288
1.1560320374,-4.77987116852
1.15383137803,-4.79649911703
1.15427985049,-4.73180024083
1.15626064306,-4.84039297683
1.15606650032,-4.69594364008
1.15211452686,-4.72705878261
1.15430608077,-4.74936614386
1.15304488084,-4.71352913793
1.15381995037,-4.78705093502
1.15415190944,-4.75074603912
1.15663555179,-4.80043941356
1.15423418754,-4.72436099346
1.155178973,-4.73623934044
1.15344283698,-4.72412794758
1.1517254939,-4.71718843197
1.15539066282,-4.73887317403
1.15609129686,-4.76567716758
1.15245435889,-4.73960824485
1.15410735943,-4.7696938406
1.15556140983,-4.76127337741
1.15606144262,-4.72141779465
1.1559248055,-4.78858658861
1.1573320508,-4.78088763731
1.15288949767,-4.74165211055
1.15599678073,-4.80506841699
1.15704429752,-4.73517790422
1.15581383314,-4.76674175154
1.15477123386,-4.73610954686
1.157917787,-4.78527871637
1.15570495451,-4.78684720521
1.15671022074,-4.76159549987
1.15865710123,-4.79009213217
1.15541836249,-4.69071246334
1.15527609233,-4.74678429309
1.15853229173,-4.76979213828
1.15754560939,-4.7666368776
1.11869313649,-3.5357696553
1.14035762019,-4.63616624565
1.14262411884,-4.60235548301
1.14100255488,-4.70014308003
1.14333138181,-4.59688571291
1.14057660197,-4.61494989643
1.13919367154,-4.37166469464
1.14148804993,-4.55603372399
1.14340387796,-4.39523119945
1.14033102253,-4.77236192391
1.1427092094,-4.65563656242
1.14169444954,-4.63708753939
1.14386401081,-4.51545314664
1.1434352817,-4.51417890421
1.14378326875,-4.55183675022
1.14174218648,-4.56360864996
1.14339785272,-4.53330290052
1.14543083027,-4.55398854876
1.14240422083,-4.4486009693
1.14009210103,-4.3784929846
1.14598401433,-4.46641293979
1.14423487875,-4.5152096289
1.14439627833,-4.40078450724
1.14308651321,-4.4606267072
1.14281350697,-4.42852100778
1.14237436685,-4.35832525542
1.14621678913,-4.51261332615
1.14478440715,-4.39751572915
1.14454027615,-4.51254972437
1.14346371996,-4.40933302448
1.14388262862,-4.36707622038
1.14277316934,-4.35908948696
1.1452866556,-4.3793447219
1.14349079806,-4.42402993344
1.1434032997,-4.33541762836
1.14427041091,-4.35589566332
1.14482029097,-4.39899354484
1.14057505597,-4.31035019651
1.14236832696,-4.30462655596
1.14356581183,-4.35061065715
1.14363644654,-4.3663556871
1.14383904016,-4.3736051655
1.14138920203,-4.25927825248
1.14122288203,-4.32490621977
1.14412073589,-4.32395469798
1.1427169644,-4.2434352138
1.14093977873,-4.21449154318
1.14099072857,-4.29619212271
1.14624211508,-4.25837243988
1.14250758759,-4.32748729547
1.14418845031,-4.25335867833
1.14445632409,-4.2677036919
1.14350048292,-4.22380801676
1.14296161159,-4.26120140938
1.14527298185,-4.25310007277
1.14393964741,-4.27476076678
1.14571655852,-4.30174238912
1.14582201934,-4.23161080727
1.14462330384,-4.20855121777
1.14436702172,-4.24434913366
1.14617313454,-4.22670495609
1.14353646964,-4.19929856801
1.14475336109,-4.18545989436
1.14635769445,-4.25003830192
1.14748327253,-4.20518227394
1.14303571057,-4.3151865375
1.14514825166,-4.22633879453
1.1439115578,-4.17383625657
1.14499194701,-4.23309310394
1.14611160392,-4.20839953802
1.14446775562,-4.16820411189
1.14236487895,-4.19867379726
1.14521748817,-4.17806332122
1.14455121907,-4.20500459748
1.14380563057,-4.20888348428
1.14378704643,-4.1994437241
1.14537897532,-4.10349531246
1.14502836076,-4.26801921411
1.14788606451,-4.15406443242
1.14568131931,-4.15874574096
1.14305688248,-4.15800075745
1.14350292275,-4.08086887076
1.14798104364,-4.16573637451
1.14494016076,-4.19569119331
1.14655446483,-4.18210401225
1.14512674257,-4.13272139553
1.14591750187,-4.13051295303
1.14667476166,-4.18324246732
1.14756730269,-4.1863854617
1.14441491586,-4.15414855497
1.14724341476,-4.07451492048
1.15024969723,-4.14258541938
1.15123578711,-4.20799050698
1.14682059427,-4.05961847698
1.14735380143,-4.11731714267
1.14660428545,-4.08795525523
1.14867647728,-4.12312181708
1.14918634373,-4.12831748816
1.14802131865,-4.19233892087
1.14530744429,-4.13958289647
1.1495711753,-4.11415090543
1.14746395603,-4.14008441704
1.14594120792,-4.10233644543
1.14555532672,-4.11689025902
1.14722925614,-4.12877646797
1.14717352284,-4.11618721774
1.14990661378,-4.11127857379
1.14650004806,-4.11937842545
1.14407223176,-4.11134512083
1.14603353042,-4.15892804942
1.1483200314,-4.0625368882
1.14733954798,-4.13675744847
1.14782967669,-4.08374234458
1.14988803919,-4.09836803157
1.15005517382,-4.07699024716
1.15282721452,-4.07474232649
1.15499147872,-4.13481877981
1.15196149801,-4.15678935696
1.15300864751,-4.11069607191
1.1540141392,-4.10647911326
1.15467210057,-4.1088180375
1.15197001553,-4.13402426883
1.15166067223,-4.07246002585
1.14919880576,-4.0546591798
1.14982004282,-4.0701622829
1.14826280219,-4.04455257097
1.14811323101,-4.01909675878
1.14800133947,-4.01093357863
1.15201313493,-4.06711067137
1.14851313417,-4.08994870859
1.14582545131,-4.0294431667
1.14696093472,-4.01837300211
1.15059459853,-4.07636395564
1.1484454039,-4.09030923548
1.15183475992,-4.10691328685
1.15062369355,-4.12057644198
1.14966879334,-4.15348858477
1.14924268379,-4.08262286611
1.14919277293,-4.05203472561
1.1483536579,-4.10838505646
1.1516580596,-4.06312523655
1.15075478643,-4.02964328532
1.1487623519,-16.65219607
1.14882198752,-4.04684738906
1.14825670921,-3.45025188158
1.14353825637,-3.61795086628
1.14455635584,-3.7884398041
1.14472366309,-4.00417289742
1.14400802371,-4.12302592652
1.14227387183,-4.16601922915
1.15171529537,-0.470923637767
1.14259932399,-5.19074016295
1.14415980234,-3.50603818988
1.14323474187,-3.45227982313
1.14142044128,-3.48842054216
1.14314632413,-3.68809773652
1.14451080094,-3.78827959114
1.14377456831,-3.96732566182
1.14321344712,-3.90007604332
1.14215754204,-3.85839264307
1.14391346488,-3.96885661521
1.14030522714,-3.88225440889
1.14600212322,-3.92510572827
1.14295254759,-3.92413465635
1.14320221435,-3.94614349867
1.14184553756,-3.8943660844
1.14178745357,-3.89134941537
1.14000648412,-3.98377369138
1.14101277258,-3.89244076948
1.14184832527,-3.93479220418
1.14139711869,-3.85258966392
1.14342151268,-3.96356261927
1.14160759315,-3.90975684124
1.13913875247,-3.88605168266
1.14149973167,-3.86609980333
1.14367623488,-3.99427701876
1.14264506377,-3.97765685791
1.14089521399,-3.95027243275
1.1440662225,-3.94560945206
1.14219528307,-3.89293849706
1.14483274012,-3.94910174907
1.14360357099,-3.96281570694
1.14083148946,-3.90870841309
1.14109916674,-3.89039565426
1.14499121604,-3.97781895327
1.14223647995,-3.88714165663
1.14388283572,-3.93663109251
1.14312574017,-3.94553242915
1.14105921654,-3.94958643331
1.14137254434,-3.9231165446
1.14466902379,-3.87299695508
1.14343228634,-3.9923205082
1.14205886185,-3.97063359588
1.14389527166,-3.91941564876
1.14343336143,-3.93487382907
1.14072994952,-3.91657199699
1.14331222732,-3.93029781707
1.14325812695,-3.98746347246
1.143892348,-3.9005242644
1.14667651732,-3.99734334122
1.14605753063,-4.00096000685
1.14270455846,-3.95781651487
1.14486334309,-3.93167179151
1.14627924578,-3.9580760526
1.14593529058,-3.92411465813
1.14560122558,-3.95591707612
1.14588127743,-3.91615236629
1.145392717,-3.93310357984
1.14656789532,-3.98758077526
1.14660134175,-3.97552087682
1.14422005402,-3.96072160693
1.1465918707,-4.02819952709
1.14899020122,-3.94351095588
1.14549445615,-3.95437204607
1.1458377159,-3.95566322959
1.14537000118,-4.06246237663
1.14671739844,-3.93329287146
1.1467009363,-3.93419923106
1.14886129756,-3.96875227687
1.14432243101,-3.92173540939
1.14541710231,-3.92348334198
1.14649476928,-3.92523867463
1.14682797981,-4.00977858597
1.14260090525,-3.96011702421
1.14478729842,-3.95150816578
1.14181772957,-3.90412902697
1.14233124857,-3.94600042183
1.14424618907,-3.9403307937
1.14216870524,-3.92716650869
1.13938471029,-3.93640327093
1.14232421695,-3.91560329517
1.14230354122,-4.01347135352
1.14006982018,-3.89397762125
1.13940722436,-3.95626851436
1.14078985023,-3.93145575187
1.14033523458,-3.89586760404
1.14289410847,-3.91494323929
1.13976047574,-3.88109948283
1.13974200205,-3.88600598276
1.14025043065,-3.91241985866
1.14419129825,-3.90614625685
1.1404999194,-3.91724126864
1.14103415365,-3.94727756252
1.14265852974,-3.90735463239
1.14270884625,-3.926410796
1.14259849321,-3.96028159858
1.14116550952,-3.84553961431
1.13970207892,-3.88938885806
1.14030744152,-3.88286117119
1.14072406848,-3.85541204915
1.1393037786,-3.86680161383
1.1396185757,-3.87763122868
1.14226079153,-3.9641646239
1.13876699807,-3.90596894975
1.13930400814,-3.8838385592
1.14066209757,-3.88187583096
1.14101580759,-3.90684385153
1.1379636768,-3.87554778991
1.14336289316,-3.92667356929
1.14224877085,-3.91391791241
1.13881571384,-3.87896035735
1.13809439246,-3.92523707445
1.14012616602,-3.91841773052
1.13889917817,-3.99709506972
1.14035153468,-3.84557106861
1.14055435209,-3.97882990386
1.13593954451,-3.82751265324
1.13833057922,-3.95297470492
1.13804575156,-3.91134565782
1.13673721629,-3.93415711914
1.13852088279,-3.91079047033
1.13741399764,-3.85751579414
1.13878007078,-3.88900716791
1.13859870862,-3.92237559749
1.13982735862,-3.93593038623
1.1368389733,-3.95737016097
1.13951264324,-4.00674052373
1.13915938922,-3.93737300145
1.13965286027,-3.90340448205
1.13959507562,-3.88537932411
1.14038138717,-3.88851599703
1.1378877304,-3.92262474362
1.14022427818,-3.85103079947
1.14105019595,-3.96576310307
1.1378479122,-3.9109173873
1.13639126146,-3.87736225528
1.14199736365,-3.89085721778
1.13927002972,-3.90595121306
1.13761633083,-3.94368758829
1.13603819894,-3.91870074481
1.13671963539,-3.8727866809
1.13543789641,-3.9004652074
1.14008375009,-3.92211570733
1.13754907939,-3.85745823845
1.13453636646,-3.84353048116
1.1361957546,-3.9030865712
1.13642911752,-3.9540505251
1.13319348925,-3.82648719513
1.13565517041,-3.86361732918
1.13439478296,-3.91702610053
1.13669776459,-3.98561277043
1.13792436995,-3.94987214335
1.1360227537,-3.91113387187
1.13254785245,-3.86197126548
1.20438117389,7.05679325037
1.13634203327,-6.4214357132
1.13597441349,-3.53080258668
1.1362390768,-2.94045902317
1.13642686656,-2.90310040308
1.1326350528,-3.19363549539
1.13670385994,-3.57885828623
1.13701666404,-3.78350824206
1.1353656812,-27.9502203916
1.13423434149,-3.39361468337
1.13604191204,-4.62517111408
1.13660839247,-4.58670826746
1.13420573095,-4.2537467987
1.1342224006,-4.10545473676
1.13418855028,-3.94713686424
1.13294171821,-3.91907326375
1.13909250064,-4.03170357927
1.13559716442,-3.95576044764
1.13283780779,-3.8089626812
1.13724563078,-3.9764980277
1.13684658681,-3.95725537907
1.1321657726,-3.89060426513
1.13357935738,-3.88874947348
1.13479694454,-3.88515715552
1.13430952405,-3.87951186601
1.13639922856,-3.87515363019
1.13507565654,-3.903507426
1.13187495191,-3.84005189957
1.13457131672,-3.8233338437
1.13306850537,-3.81145444875
1.13268695687,-3.79266947918
1.13425588868,-3.9046901489
1.13617358143,-3.8607987447
1.13293524886,-3.88693009551
1.13551661046,-3.89024895823
1.13457630883,-3.87717043132
1.13353136474,-3.86799084749
1.13422997431,-3.9132427273
1.13474799318,-3.82231285725
1.13372083798,-3.88459234371
1.1354377991,-3.9035413678
1.13398793512,-3.85417052368
1.13262696143,-3.80692830747
1.13404399089,-3.84102352199
1.13617133744,-3.85725605389
1.13168934456,-3.89061609161
1.13299166221,-3.78368278792
1.13388680561,-3.85310693321
1.13495987969,-3.83459922336
1.13057470165,-3.85566348898
1.134614398,-3.85287340038
1.13321279733,-3.89968488599
1.13488821845,-3.84192722974
1.13717634384,-3.91048864734
1.13977461564,-3.87618423378
1.14006091968,-3.86943744381
1.14299903216,-3.89398034407
1.14402262719,-3.91760284781
1.14347604144,-3.86161461073
1.14447145437,-3.91593697866
1.14517787575,-3.9126621413
1.14363127483,-3.88209542726
1.14590313955,-3.86775056914
1.14217801251,-3.83779012271
1.14174392335,-3.94653258315
1.13889742605,-3.88858517434
1.14123519584,-3.84593077923
1.13809518564,-3.93105660401
1.13936266166,-3.84173367808
1.13836501847,-3.87885873913
1.13749090132,-3.84835536988
1.1402807883,-3.95495209374
1.14231090631,-3.85905132198
1.13765117102,-3.87181834819
1.13845484575,-3.82133165525
1.14249781567,-3.90231886126
1.14277944065,-3.92315446028
1.14175806726,-3.90679981773
1.14349839302,-3.97379451827
1.14239590109,-3.9853294055
1.14205689209,-3.88410153466
1.1447666307,-3.94307593319
1.14272934188,-3.83222751813
1.13816506646,-3.9051678946
1.1381371702,-3.86294322994
1.13631823774,-3.91807058127
1.13257232501,-3.89875628549
1.13090290918,-3.88023790318
1.13057013348,-3.8595585675
1.12959699095,-3.87647078908
1.13205798962,-3.89470400837
1.12949588822,-3.89083122035
1.12670183719,-3.90470584524
1.12597323334,-3.91349071571
1.12681226022,-3.85748548997
1.1272106908,-3.94828944086
1.11365023192,-3.68324255756
1.13327655269,-4.63689371611
1.13204237298,-4.28740078992
1.13331664288,-4.80802999826
1.13545257779,-4.7279969758
1.13101368901,-4.59165182424
1.13335055754,-4.50813609506
1.13575402684,-4.63455972541
1.13483268228,-4.49413961053
1.13216187452,-4.28227445571
1.13267831156,-4.18563531683
1.1316631117,-4.21389938406
1.13292794923,-4.01447050842
1.13460272591,-4.06914889064
1.13300019765,-4.11886857099
1.13021497705,-4.01039284625
1.13565952806,-4.13455579553
1.13269336486,-4.04231305556
1.13224118044,-4.09044224917
1.13168314081,-4.03394605217
1.13311423187,-4.01702136096
1.13171498335,-4.08999477922
1.13420417833,-4.04950335341
1.13302572764,-4.09274133399
1.13120350514,-3.9285559078
1.13081727968,-4.09285136823
1.13163201762,-3.99889097151
1.13062546577,-4.0317362054
1.13134501167,-3.98470675617
1.12982068541,-3.94859926383
1.13184810448,-3.9687734331
1.13196399532,-3.97475280325
1.13288767201,-3.96240299019
1.12708851247,-3.96095701924
1.13110574372,-3.98277994573
1.13319438943,-3.97821416657
1.13276326107,-3.94869007299
1.13110540727,-3.95772432675
1.13132899887,-3.90992200133
1.13030998784,-3.95957835268
1.13196837621,-3.88586642408
1.13305307887,-3.94007893514
1.13196453828,-3.91276178441
1.1306639314,-3.87148563226
1.13469890055,-3.92163417962
1.13208868284,-3.96103741913
1.13092967234,-3.94741502749
1.13154199028,-3.97838268834
1.13249638531,-3.98469786218
1.12911340628,-3.84367987939
1.13277889644,-3.90736097003
1.13135187188,-3.88988189268
1.13048716812,-3.87894110222
1.13103803332,-3.89719617588
1.13036498796,-3.83261049841
1.13052673937,-3.8712860514
1.12996078439,-3.85084567797
1.12904907123,-3.82624056859
1.12928811818,-3.89525204472
1.1326674478,-3.86611891982
1.1321059366,-3.81918323084
1.1278737174,-3.87984345863
1.12955617832,-3.80602247343
1.13105442234,-3.85272112221
1.1299309425,-3.78252954764
1.12979092805,-3.81630724359
1.1317496608,-3.81508875725
1.12929930415,-3.84457538135
1.13139429175,-3.7704424471
1.13120459205,-3.79897626617
1.12856026776,-3.81147499005
1.12816350436,-3.80799167843
1.13268849613,-3.83427253478
1.12919521134,-3.80914800302
1.13070711984,-3.80096858661
1.1306005535,-3.75424853693
1.12896908176,-3.79863238808
1.1288484875,-3.77387728619
1.1316935128,-3.79004010806
1.12926191402,-3.81854803859
1.12849849663,-3.73266025067
1.13005723423,-3.81259961318
1.13098872617,-3.82595017391
1.12868079376,-3.78473729951
1.12869871509,-3.81724851854
1.12677504579,-3.73531300455
1.12840130396,-3.7441233443
1.13049129826,-3.77452529359
1.131337146,-3.79798436545
1.12647438195,-3.73642037034
1.12759038886,-3.74853888569
1.12659274227,-3.71326946784
1.12712430913,-3.69057911789
1.12777999094,-3.70465827034
1.12858318888,-3.72994115835
1.12758420968,-3.72350029837
1.12979085043,-3.80951955929
1.13011276144,-3.70858623853
1.12555453103,-3.7162159556
1.12618310313,-3.76450899899
1.1303963672,-3.75117996651
1.12809346522,-3.75643971721
1.12793056869,-3.71408102524
1.12863891506,-3.74781711313
1.12694622641,-3.74182012855
1.12753288044,-3.74608259528
1.12973830207,-3.74721479163
1.12863517809,-3.76999943108
1.12693096626,-3.70616623066
1.12892469832,-3.70200047867
1.1296944745,-3.70000832647
1.12773444917,-3.75758701809
1.12864556672,-3.68177309307
1.12737603403,-3.69264661769
1.1281620171,-3.73130476516
1.13130971797,-3.78128592598
1.1297277737,-3.75796755433
1.12768243958,-3.79196075679
1.12903846027,-3.72632212679
1.12892735792,-3.70463361637
1.12604384672,-3.70232744354
1.12629975138,-3.74499923198
1.12710293447,-3.73926221642
1.12643193603,-3.63025463909
1.13059975485,-3.78048429097
1.12791562093,-3.68560058905
1.12558321226,-3.74637765276
1.12529699278,-3.75958432441
1.12956675037,-3.71317633641
1.12619146022,-3.72436787841
1.12777272266,-3.67105526759
1.12983368924,-3.75296695537
1.1286733654,-3.72526388917
1.12603648007,-3.66389051947
1.12803794184,-3.68823252395
1.12698538602,-3.74776268065
1.12840474808,-3.72450490002
1.12866079366,-3.71715553779
1.12724189324,-3.65518085896
1.12742192385,-3.74791534414
1.12677405212,-3.7039003842
1.12508905102,-3.74746301896
1.12471299754,-13.6159059698
1.12735658697,-1.87488301954
1.12730195268,-2.40862907178
1.1235341544,-3.01108926007
1.12728823311,-3.56770399173
1.12416192735,-3.68931781764
1.12543036422,-3.97186403351
1.12528801739,-3.98925114349
1.14269092692,1.28633786536
1.12381276631,-4.37384667841
1.12909112565,-3.13522523036
1.12801027611,-3.18660503068
1.12524197674,-3.18138753768
1.12773696429,-3.45324961423
1.12912476065,-3.5350892338
1.12755448461,-3.6189929284
1.13326249088,-3.62707316346
1.13408121606,-3.7239145193
1.13129443096,-3.59667549919
1.13046363173,-3.59268111019
1.1335887368,-3.65355058134
1.13009376229,-3.64097912211
1.13354122884,-3.71406979242
1.13302533167,-3.6637741982
1.13190491304,-3.57253385899
1.1305972171,-3.65617666245
1.13026344357,-3.57644138208
1.12741006178,-3.57735253172
1.13046804066,-3.64404167809
1.13295259905,-3.65646605584
1.13198288036,-3.6215926279
1.12817653864,-3.66545832505
1.13084825971,-3.6994412892
1.13090366365,-3.69606018008
1.13043316668,-3.63189705716
1.12989395668,-3.54027965614
1.13073634923,-3.63625273466
1.12951628024,-3.65328606529
1.13381145362,-3.68039494021
1.13276077135,-3.66359285453
1.12862560543,-3.63750311401
1.129760255,-3.5846852537
1.13068581808,-3.67702711847
1.12718906055,-3.56889569782
1.12827056845,-3.59982668975
1.12586432526,-3.62220963759
1.12467821596,-3.61992117171
1.12563092617,-3.60709614317
1.12569958851,-3.5852806077
1.12287847815,-3.6293767604
1.12237477791,-3.6203253783
1.12516013337,-3.63997481897
1.12372602034,-3.64723800864
1.12382696909,-3.54179648709
1.12515684141,-3.61238538943
1.12225281252,-3.60750074349
1.12352505088,-3.61522946088
1.12500778253,-3.63574720657
1.12385408345,-3.64179638976
1.1231081289,-3.62750509935
1.12497477053,-3.57944707572
1.12524849611,-3.68435161208
1.12420367253,-3.61617299287
1.12309361436,-3.61986990356
1.12160636167,-3.59243316843
1.12259565645,-3.61489385343
1.12613485693,-3.55972587379
1.12158565236,-3.60722080499
1.12068018804,-3.54889417663
1.12278262008,-3.56925676578
1.12452936042,-3.65465628426
1.12113860783,-3.60005435042
1.12246654891,-3.55188132645
1.12049668692,-3.5810586861
1.12141146503,-3.58020578143
1.12304020604,-3.65723586449
1.12247846614,-3.62721171579
1.11933697274,-3.52320426108
1.12259668207,-3.59051950131
1.12178298919,-3.59809413251
1.12075978568,-3.58248301643
1.11962453521,-3.56548884697
1.12256921061,-3.54625201631
1.11991572597,-3.56521229515
1.12203144297,-3.61934563292
1.12240150332,-3.52896563964
1.11987637283,-3.57914253413
1.11955660812,-3.57336479814
1.12186872544,-3.51794420279
1.12153892831,-3.58954414589
1.12253058955,-3.63080838189
1.12096863294,-3.59548386097
1.12101332621,-3.6262608942
1.12122042206,-3.58240460258
1.12385212238,-3.57976350906
1.12115270225,-3.62428482387
1.12057071517,-3.58788191886
1.12173388981,-3.63041549088
1.12199830626,-3.60103566854
1.11978605425,-3.67794760842
1.1215267178,-3.5784642825
1.1208681045,-3.65044487218
1.12081792407,-3.59204885878
1.12152279863,-3.58451773108
1.12127564845,-3.58516969825
1.11934393731,-3.58815134485
1.1205557523,-3.55635655247
1.12090758413,-3.59264876815
1.11826443552,-3.54261298713
1.11945906439,-3.57637995764
1.12076841928,-3.56259475457
1.11846584923,-3.59263249261
1.12108870879,-3.53738590832
1.12279465188,-3.5957508363
1.11931719383,-3.63067507242
1.11801599418,-3.62588881094
1.12116465547,-3.56095454602
1.11931489887,-3.49076898813
1.12121089141,-3.61915430238
1.12060559489,-3.55153657715
1.1187085156,-3.53763145208
1.11983228009,-3.52885965907
1.12212361968,-3.55599298656
1.11915692271,-3.63637568583
1.11897247728,-3.50773519086
1.1210070642,-3.52401319669
1.122176462,-3.60578967014
1.12029196984,-3.51490337128
1.12043532702,-3.61233144236
1.11628436822,-3.44014438426
1.11928829393,-3.58757470094
1.12292076127,-3.58882487502
1.11995114765,-3.50123135964
1.1173689946,-3.56868362944
1.1195256943,-3.56731960507
1.11869795052,-3.57844836619
1.11775036976,-3.55081801177
1.1180343226,-3.53582612154
1.11802758189,-3.60207963745
1.11600168095,-3.60901130014
1.1204104578,-3.49501432289
1.11994881702,-3.56802937212
1.11767627478,-3.63447125987
1.11665514055,-3.63771717243
1.1177937462,-3.54331437351
1.11673541061,-3.58831809736
1.11751081935,-3.62390032173
1.11799010445,-3.56084715161
1.11652083883,-3.49675001078
1.11771042872,-3.64960597787
1.11767292957,-3.47552940282
1.11463767842,-3.52934421829
1.11514906072,-3.4727923772
1.11587536452,-3.58273375688
1.11935809391,-3.66435850885
1.11745941077,-3.57405197676
1.11771164016,-3.52720502499
1.11398913033,-3.63692254028
1.11520910572,-3.59387598414
1.1169533493,-3.57875980299
1.11538353897,-3.62391055703
1.1128684142,-3.5724283706
1.17463192593,6.25896052004
1.11629669911,-5.59510543496
1.11465680243,-3.16668412106
1.11681962568,-2.57943341941
1.11621812363,-2.65998507938
1.1153920432,-3.02470850598
1.12051878008,-3.21873420864
1.12093880639,-3.48864056581
1.1177187993,-23.5502589715
1.11777078194,-5.00648625803
1.11646717226,-5.22297238503
1.11572489086,-4.61776439607
1.11698287673,-4.05047738637
1.11663647993,-3.70830019585
1.11704545635,-3.51618132988
1.11633658545,-3.43702681857
1.11859219855,-3.47322248303
1.11413621399,-3.52011032622
1.11391245169,-3.39959723892
1.11691171018,-3.5027257606
1.11685973086,-3.47682189803
1.11660126355,-3.47548749502
1.11709867957,-3.46947437048
1.1146942618,-3.52924657118
1.1158717868,-3.47686719932
1.11752734008,-3.50253768976
1.1161212459,-3.52742194693
1.11648828293,-3.51042041903
1.11852952034,-3.43823881695
1.11789013202,-3.48934411738
1.1172214298,-3.52004049484
1.11679134468,-3.51893265506
1.11623905198,-3.52414162364
1.11321086293,-3.49053638042
1.11766969019,-3.46504283965
1.11551398637,-3.48562764276
1.11167924974,-3.42683534853
1.11175509573,-3.47307654743
1.11214504898,-3.51153415987
1.10940165639,-3.48522854459
1.11118197853,-3.49275099799
1.11086595092,-3.51524219971
1.11013539453,-3.5688789911
1.11254191486,-3.5197060751
1.11253884687,-3.52457463691
1.10652697227,-3.48505882252
1.10943499707,-3.50299128403
1.10836198332,-3.49422363021
1.10878371064,-3.45994768425
1.10922506773,-3.49375857915
1.11155312019,-3.47043463966
1.10821047867,-3.44529366033
1.10877068236,-3.42317143984
1.10963334545,-3.54557876308
1.10652917145,-3.49430672271
1.10830861754,-3.55396319029
1.11088383472,-3.54691843136
1.10957854765,-3.50815232909
1.10962750483,-3.484889971
1.10865932848,-3.5522959382
1.10578269201,-3.49378936462
1.10652708361,-3.47426764476
1.1119808805,-3.52301608708
1.10926558679,-3.54466762512
1.10775103598,-3.5221317613
1.10791684105,-3.55188394142
1.1075592803,-3.58633213773
1.10494811781,-3.47408157745
1.10824744671,-3.45935605991
1.10797156622,-3.52543048661
1.10583683476,-3.48476698885
1.10999298092,-3.49403946851
1.11211879073,-3.49577897885
1.10793139654,-3.57670686258
1.10823026836,-3.47723639921
1.10832966548,-3.53072395554
1.10935239632,-3.52894932184
1.10959840415,-3.55414751113
1.10981661463,-3.52283266039
1.10848672181,-3.51344823821
1.10906942411,-3.49478713575
1.11020477129,-3.59657317143
1.10802762412,-3.53277303522
1.10575101041,-3.46231730095
1.10808786444,-3.46121658562
1.10848875361,-3.54163305855
1.11018638268,-3.54238745155
1.1076455409,-3.59787760322
1.10661432338,-3.54052058716
1.10688920558,-3.59709779453
1.11067653226,-3.58131990232
1.1077375389,-3.55695219563
1.10885896888,-3.6468179991
1.11011848601,-3.54625582485
1.10914567166,-3.5491493551
1.10696313812,-3.53526654809
1.0838966626,-3.92367131194
1.10272966719,-4.50286295335
1.10298439033,-4.42475659577
1.10789418998,-4.58456808049
1.10652092054,-4.45739423943
1.10161595884,-4.49922155398
1.10129603081,-4.5966400478
1.10184687439,-4.60719126944
1.1014502463,-4.52503486983
1.10166929822,-5.02323522642
1.10143622436,-4.91704376678
1.09974973547,-5.00730266986
1.10321849886,-4.82862697753
1.10106134525,-4.92926943203
1.09939748663,-4.98382979492
1.10021208874,-4.94328686076
1.10292237314,-4.95183338812
1.10040182446,-4.96885498221
1.10214537253,-5.00296429833
1.10207347849,-4.95653301038
1.1006076564,-4.99254295789
1.10092897591,-5.00251884781
1.10252339089,-4.97508106997
1.09929128066,-4.87827791307
1.1006492731,-4.95474657787
1.10114668337,-4.95653206476
1.10192774676,-4.9894014915
1.10081661725,-5.03001548634
1.10164392921,-4.92557692229
1.09748673399,-4.90351043326
1.09920668551,-4.94681907257
1.10177521338,-4.97291423219
1.10233315702,-5.01623704064
1.09832186253,-4.98215006969
1.10115694913,-4.95785009196
1.10066414819,-5.03454285374
1.09799836776,-4.96603235172
1.09886033312,-4.96958616919
1.09917044389,-5.00123081756
1.09844351251,-4.96508689919
1.10019750142,-4.99932157446
1.0999434728,-4.92824606657
1.09833456967,-4.99659915339
1.09889151033,-4.96026399511
1.09904225877,-4.92344421674
1.09733414804,-4.91333488756
1.10009441168,-5.00149040091
1.0990485915,-4.96225460439
1.09906497438,-4.98717769387
1.09852042622,-4.93717325541
1.10065535078,-4.92248241261
1.09699401585,-4.96989452745
1.09870119906,-4.97060356429
1.09862050294,-4.95900103268
1.0980964111,-4.9582516167
1.09972454745,-4.96544284611
1.10053449181,-4.93545986134
1.09548234779,-4.90263413218
1.09832051392,-4.9276478812
1.10105748023,-4.90962036047
1.09948710794,-4.98674811964
1.09724058783,-4.93211584527
1.10004467443,-4.92666196575
1.09981401881,-4.96043097756
1.09828076646,-4.97662764931
1.09885842849,-4.95093083611
1.09679200465,-4.9532817529
1.096072886,-5.00749138055
1.10015252582,-4.96672835427
1.09960861091,-4.93225809202
1.0973485298,-4.93864120698
1.0986332723,-5.00495817748
1.09916468699,-4.96602143389
1.0965003823,-4.9097554706
1.09904925277,-4.95920135418
1.0950449425,-4.91831050283
1.09671349981,-4.92704370117
1.09779049788,-4.95600848467
1.10032894792,-4.92195111994
1.09699114442,-4.86956765485
1.09694239879,-4.99590934486
1.09761740826,-4.92307865746
1.09663640502,-4.92991535224
1.09922193131,-5.00555730924
1.09932306988,-4.97216752501
1.0962952306,-4.91182587817
1.09827382878,-4.95116760605
1.09994556353,-4.92906763227
1.09819624223,-4.89961554735
1.09595514163,-4.90449316138
1.09887348915,-4.93036909262
1.0980169876,-4.94597513444
1.09886997748,-4.85186033688
1.09809821611,-4.92219039762
1.09577828833,-4.93340527453
1.09394759034,-4.9048617423
1.09902164449,-4.89066391665
1.09836967758,-4.89534582183
1.09697874027,-4.963066747
1.09732592396,-4.89170020465
1.09894447378,-4.98073640193
1.09533467553,-4.90096361174
1.09720201809,-4.92249534226
1.09716611135,-4.98839264401
1.09579764155,-4.86312651363
1.09738264994,-4.9099943928
1.09797009739,-4.84852310594
1.09562410123,-4.93176872489
1.09653400133,-4.90164417275
1.09551590661,-4.89659358007
1.09607771024,-4.89369504133
1.0965438905,-4.98521836929
1.09756338739,-4.93776641905
1.09624924807,-5.02599017576
1.09697368838,-4.92205226897
1.09838140594,-4.94007805872
1.09524113295,-4.88185053341
1.0943626343,-4.97984874381
1.09633181725,-4.87315067666
1.09553338349,-4.91907745681
1.09715009603,-4.93577434888
1.0987169402,-4.9313614025
1.09566000417,-4.9543252363
1.0946091618,-4.90047645519
1.09752365837,-4.90953741589
1.09504206201,-4.92089598376
1.09397675787,-4.90350773619
1.09840606191,-4.94948896772
1.09836732095,-4.92398582862
1.09306372828,-4.93018884916
1.09612418345,-4.94606431953
1.09476079769,-4.97709300631
1.09304774388,-4.9074151913
1.09393204901,-4.8632865732
1.09739892733,-4.97345171013
1.09402647844,-4.90572615471
1.0946044078,-4.93487328957
1.09296290967,-4.96991184037
1.09319358142,-4.89846942021
1.09596131203,-4.96863422552
1.09696958188,-4.91904369289
1.093949456,-4.91373957677
1.09791868979,-11.8484134612
1.09853017752,-3.39729455572
1.09674258969,-3.84842168256
1.09607920698,-4.355798937
1.0974157618,-4.72068364016
1.09558893662,-4.92337588441
1.09849476535,-5.02241055844
1.09812267117,-5.07404693098
1.09699277139,-2.17788736412
1.09510412408,-7.91501388196
1.09592363831,-5.0555315078
1.09314465164,-4.40544238387
1.09354613329,-4.33684304716
1.09740296644,-4.48485586192
1.09806188939,-4.5268389552
1.09372200313,-4.56862392713
1.09718944865,-4.70740530617
1.09295137508,-4.80647900951
1.09352878393,-4.91312808472
1.09570690134,-4.83438931483
1.09872771916,-4.82775372337
1.09526965731,-4.8636654532
1.0965027561,-4.78097095787
1.09444423072,-4.83442731834
1.09504212864,-4.89264294977
1.09590500756,-4.83878957147
1.09720923445,-4.88107850941
1.09437819544,-4.82502611052
1.09863439353,-4.89268773638
1.09521305125,-4.85853558161
1.09442774045,-4.93134208192
1.09306943335,-4.87591965271
1.09241371361,-4.82210920964
1.09189377851,-4.87100140294
1.09395075173,-4.86454551858
1.09360397901,-4.85040930553
1.08995479261,-4.88762012821
1.09058219876,-4.84429968368
1.09397983553,-4.87004690646
1.09170986475,-4.85792425538
1.09159568322,-4.90297337189
1.09290294276,-4.90544124912
1.09479404265,-4.89106595254
1.09314954001,-4.86346854694
1.09398806381,-4.83187164914
1.09017176999,-4.85761835912
1.09142888077,-4.90174177533
1.09288877842,-4.92660170527
1.09268589741,-4.91102903606
1.09285177489,-4.91269437106
1.09446141982,-4.94587002552
1.0918514959,-4.84479989364
1.0908211845,-4.88969089932
1.09097171014,-4.87874530363
1.09067866636,-4.87981481711
1.08854876101,-4.8477147635
1.09277850303,-4.89900761745
1.09455414787,-4.89639586277
1.09130471137,-4.95293382961
1.09000612292,-4.88340973934
1.09045939923,-4.90109651162
1.09057188991,-4.87247870536
1.09461290232,-4.96115463631
1.09169179996,-4.88217905175
1.09154337642,-4.89367507501
1.09380334672,-4.93229355475
1.09414430571,-4.90206661446
1.08889950605,-4.87628952703
1.09144884376,-4.9814481773
1.09203522402,-4.93645654749
1.09189553108,-4.8565416853
1.09153053354,-4.84463326037
1.09194145284,-4.96603686739
1.08927552659,-4.92291051703
1.08955167825,-4.87054166302
1.09138776606,-4.88773380756
1.0908297106,-4.8764025206
1.08981331762,-4.89291613968
1.09229651235,-4.838073379
1.09055380587,-4.90347045603
1.09051726523,-4.82938919373
1.09073181465,-4.91768719762
1.08992355591,-4.92058769412
1.08681597296,-4.89288503519
1.09402583139,-4.93768927026
1.09185541541,-4.87778138966
1.09121501849,-4.89070501104
1.0884293846,-4.88522477631
1.08774265616,-4.85203083547
1.08666626992,-4.90397019919
1.08897180782,-4.81511907596
1.08874617271,-4.9579868464
1.08827341569,-4.97652552987
1.08958440619,-4.89388185749
1.08948162558,-4.92400477891
1.08469216234,-4.86508687394
1.08569035115,-4.87136258758
1.08775169445,-4.94045393351
1.0886795228,-4.90440311491
1.0880910955,-4.90705665301
1.08937601072,-4.88891179041
1.08526019092,-4.90992620408
1.08657896075,-4.88937688229
1.0877611494,-4.89835305537
1.08615076208,-4.86416006863
1.08622730645,-4.84658660372
1.08859707621,-4.86050109084
1.08737727107,-4.83412204991
1.08748784004,-4.8483362543
1.08861025866,-4.81553535109
1.08731474833,-4.8899190624
1.0845371634,-4.83645857545
1.08915873695,-4.855515053
1.08880688012,-4.88977242698
1.0873731459,-4.87671303528
1.08787417362,-4.88186921746
1.0857888747,-4.87311640067
1.08615414465,-4.91811497169
1.08820682646,-4.93040308852
1.08689128869,-4.91977631712
1.08601193384,-4.85277612186
1.08814718236,-4.86884459251
1.09086858844,-4.94831327288
1.08471465401,-4.80296521149
1.08541442104,-4.8285908109
1.08621993909,-4.83594990065
1.08888891472,-4.88835496117
1.09043170812,-4.80549132616
1.09263362758,-5.01705552836
1.09012680396,-4.91654277727
1.09353528036,-4.90211721853
1.09828820337,-5.00269253291
1.09623193686,-4.89822052455
1.09754677926,-4.95877657626
1.09958948524,-4.89958947493
1.09745043826,-4.89779884113
1.10019805212,-4.93293641891
1.10237679074,-4.9721023451
1.10055667992,-4.89133986585
1.09832843744,-4.95623109077
1.10126378725,-4.85614023817
1.09936449866,-4.98846542235
1.09861864849,-4.95982139089
1.09848107009,-4.92468792303
1.09865754075,-4.95569151165
1.09803096317,-4.89702183908
1.09895929193,-4.88478598449
1.09565134343,-4.84698613064
1.09573892087,-4.91648980177
1.09897431701,-5.00051487105
1.10193536262,-4.95945920891
1.09899687707,-4.90722541438
1.09893689017,-4.84793250471
1.09736891042,-4.89694601189
1.09781761684,-4.87677080763
1.09765712426,-4.85498701917
1.09832791465,-4.88743774454
1.09458825866,-4.93594957708
1.09830402531,-4.90418081009
1.09616145664,-4.911161854
1.09302053786,-4.91985620683
1.09120231514,-4.85615802688
1.14162534259,4.4528714914
1.08849338872,-6.52083596891
1.08775133279,-4.20479113183
1.08887819864,-3.59741029632
1.08648306914,-3.80447498791
1.08557401588,-4.19457619309
1.08676802762,-4.46146581116
1.08433531268,-4.62945137433
1.0866214904,-20.1585632019
1.08766303053,-6.78986671007
1.08795099727,-6.44171204328
1.08631015532,-5.64233619898
1.08750157705,-5.39587205548
1.08465020987,-5.13704894814
1.08599122392,-5.03301942821
1.08660267185,-4.90514642774
1.08702954673,-4.8794317059
1.08381238193,-4.90537313304
1.08828144878,-4.98021102038
1.08626381213,-4.87017498615
1.08568443735,-4.9015980686
1.08600476867,-4.95110277058
1.08392233556,-4.81953303
1.0828888159,-4.79635798639
1.08770454381,-4.86378768634
1.08691018487,-4.84966837009
1.08518609153,-4.93196110429
1.08594092869,-4.90564575902
1.08595807098,-4.85626904969
1.08188218736,-4.8806616246
1.0843788427,-4.84572433091
1.08743900586,-4.888197067
1.08585225214,-4.86048473309
1.08329883898,-4.80382825858
1.08614425737,-4.82053402051
1.08339774326,-4.81868269574
1.08477951345,-4.89672581152
1.08587909135,-4.94500012065
1.08440416183,-4.9116196206
1.08462188262,-4.83459359265
1.08709258984,-4.84101396761
1.08281537785,-4.87716239514
1.08505603974,-4.8419041783
1.08590852843,-4.89338154526
1.08583363776,-4.92336249448
1.08347599939,-4.81753817167
1.08631448375,-4.88616723616
1.08479514895,-4.86021436326
1.08528769113,-4.92310341177
1.08540153803,-4.88526576981
1.08174963107,-4.7896751994
1.08080106588,-4.86746364697
1.08606182672,-4.86456891522
1.08483249292,-4.84810815036
1.08391913908,-4.8336845992
1.08373388107,-4.8879637027
1.08336747698,-4.88508908621
1.07975893889,-4.80448576273
1.08387733822,-4.81983000295
1.0826679694,-4.86979565702
1.08278002685,-4.92605705722
1.08303237744,-4.92918825582
1.08524043267,-4.87571189674
1.08150719232,-4.85146314317
1.08119390524,-4.86049515829
1.08135765863,-4.86118997133
1.08097968094,-4.86623494072
1.08142321338,-4.85954235376
1.08428912278,-4.91201435912
1.07989055677,-4.83663960466
1.07989908348,-4.80467577427
1.08187735195,-4.88014422624
1.08327543786,-4.93034187106
1.08097278097,-4.90969276755
1.08204389604,-4.89606853673
1.08080218975,-4.89264887965
1.08432259879,-4.94968516889
1.08314905735,-4.91561056074
1.08064008771,-4.90805998517
1.0784287409,-4.8698094276
1.08356923812,-4.92881100769
1.08251618026,-4.89768781218
1.08097100821,-4.87121840148
1.08314597012,-4.94147719511
1.08091819096,-4.88329006324
1.07949478112,-4.9259001554
1.08125813428,-4.87096109825
1.07905811365,-4.84341497247
1.07904131916,-4.87827067233
1.08164045004,-4.89176458507
1.0831739718,-4.91867316359
1.07924162586,-4.80018241816
1.08013266037,-4.84709892317
1.07925250725,-4.88306987278
1.0787508138,-4.8611139533
1.08184225289,-4.86495453902
1.05350869056,-4.05901355962
1.07322157015,-4.90776340335
1.07571693615,-3.98927734176
1.07506777277,-4.7043019009
1.0748719012,-4.7180272236
1.07618560609,-4.71516880074
1.07776552258,-4.78364346621
1.07539207465,-4.80044084204
1.07609132662,-4.69104905038
1.07463556647,-5.22415153261
1.07490627067,-5.26782946527
1.07524429063,-5.18454405703
1.076012559,-5.07093759425
1.07191806442,-5.17054964425
1.0755467939,-5.24005291229
1.07674890225,-5.22116655674
1.07396338023,-5.14508580119
1.07266726507,-5.18143834677
1.07501672792,-5.20202422278
1.0728348041,-5.13202651879
1.07534734341,-5.0932902409
1.07481995,-5.14617879794
1.07386492629,-5.20049226846
1.0742902152,-5.16474538221
1.0771754884,-5.13199639693
1.07300648055,-5.14027758846
1.07445794725,-5.1366474489
1.07460882852,-5.24665783581
1.07529436649,-5.18417167355
1.07326508697,-5.2323785906
1.07656015534,-5.22290497259
1.07242748822,-5.24930825823
1.0718168955,-5.22713571799
1.07356672815,-5.20111567147
1.07294577044,-5.21585064969
1.06957005538,-5.1373611661
1.07192487862,-5.18047462813
1.07123572777,-5.224027313
1.0720723983,-5.25149797811
1.07090866674,-5.21367601574
1.07172208438,-5.22187664084
1.06883666894,-5.24542227988
1.07284997275,-5.22492035103
1.07047661045,-5.25580973026
1.06958559116,-5.20683362765
1.06869565675,-5.19851116056
1.07041903176,-5.23691979438
1.06997448637,-5.22206369288
1.07185483657,-5.22339467667
1.07011717976,-5.27429828966
1.06910929172,-5.19692526391
1.0707780909,-5.25201899055
1.07271431086,-5.22512404455
1.06993583909,-5.25911635129
1.07084863665,-5.2184964015
1.07125227175,-5.21744975856
1.07277318054,-5.2062603939
1.07106443824,-5.17593030055
1.07281714629,-5.16637952281
1.07132656466,-5.24129489885
1.07211979482,-5.22005973237
1.07293267223,-5.21619152997
1.07319888441,-5.29469966976
1.06959686233,-5.23862957456
1.07329609599,-5.22136123852
1.07352113159,-5.268360918
1.07253050863,-5.22353333639
1.07241387465,-5.21336876725
1.07186646513,-5.17208529398
1.07052551454,-5.30051783637
1.07504151251,-5.2633707279
1.07355306342,-5.18857448084
1.0732371505,-5.27047527804
1.07278775822,-5.28320339044
1.07278918624,-5.18305345679
1.07336141507,-5.18069274484
1.07597375866,-5.24574313723
1.07377635725,-5.20738228261
1.07428968169,-5.24665161173
1.07495449136,-5.16627974272
1.07803154172,-5.2453941178
1.07452773638,-5.24673904841
1.07577459189,-5.20734053965
1.07709440735,-5.22658299443
1.07674804079,-5.24545682276
1.0751447174,-5.23516497522
1.07563701157,-5.28278831632
1.07300750382,-5.18914576278
1.07600697579,-5.24541709076
1.07529146532,-5.20971953391
1.07468314684,-5.23296138137
1.07247985508,-5.2388980042
1.07595127061,-5.24125917327
1.07213669152,-5.23917380085
1.07420943844,-5.24631982322
1.07528034421,-5.26637388208
1.0745552443,-5.3594111273
1.07131624408,-5.28080244007
1.0744911615,-5.23691480128
1.07363311083,-5.21569891665
1.07253402165,-5.22170501497
1.07163462578,-5.24298515861
1.07299796114,-5.236987326
1.07118040648,-5.21770687771
1.07244644661,-5.18627685592
1.06961650382,-5.15819138246
1.06935606167,-5.25538305248
1.07136953045,-5.20022475378
1.07260516157,-5.23187049425
1.06795335504,-5.17145321841
1.06972657495,-5.19211333337
1.06993092801,-5.23469512551
1.06944269956,-5.24447759199
1.06981977951,-5.27210770972
1.07033367112,-5.18726310691
1.06698064425,-5.23021131042
1.06978061383,-5.23751634604
1.07036421903,-5.2192395135
1.07203140766,-5.33572540963
1.06780188219,-5.21500401287
1.07042720442,-5.21872543535
1.06843840922,-5.18025228146
1.07186749748,-5.26980119802
1.07174203706,-5.23027384215
1.07035941404,-5.26956112231
1.06835423058,-5.23536859813
1.07105617167,-5.19853166105
1.07042456499,-5.25374794837
1.06996637076,-5.23615243363
1.0700303242,-5.22958657552
1.07062065527,-5.24476526198
1.07083221789,-5.26333134392
1.07203927669,-5.24312759677
1.06907243806,-5.24537743983
1.06869410777,-5.24302174456
1.07011182114,-5.24727235309
1.07179046114,-5.27098802251
1.06835472151,-5.16173470209
1.07082778459,-5.24433571165
1.06836692419,-5.23625521448
1.07026255683,-5.21321675745
1.06979559143,-5.25006217419
1.07053469744,-9.59215717138
1.06761998866,-3.84802398675
1.06896279864,-4.31673328743
1.07137835071,-4.79363825909
1.06958304242,-5.00406458107
1.06800854877,-5.19662906959
1.07121522538,-5.3303276977
1.06784890638,-5.3300573628
1.07124805908,-6.4261989836
1.06988565627,-6.92945311156
1.07098217682,-4.92028429374
1.06769028504,-4.60852160668
1.07213616216,-4.73818127479
1.06818642714,-4.964375652
1.06869401918,-5.06916749164
1.06925198904,-5.13577759259
1.06867554651,-5.16341335531
1.07046650654,-5.59235032775
1.07172078288,-5.44604132326
1.06774698847,-5.2672559861
1.06756239941,-5.24699756971
1.06981010163,-5.24254356041
1.07040398975,-5.25482381418
1.06748223788,-5.20111731137
1.06922294442,-5.18883953803
1.06874414031,-5.2615198981
1.06959539606,-5.2800560134
1.06846329603,-5.27049531576
1.06946039532,-5.3032806946
1.06708741214,-5.1857365237
1.07170762442,-5.28085568512
1.06887437151,-5.21372873148
1.06890585513,-5.21501139647
1.06921690146,-5.22699939848
1.07183685615,-5.24779604798
1.06946789982,-5.20712899819
1.07238873926,-5.26558506786
1.07292855516,-5.27990534301
1.07077806151,-5.20167276308
1.0703188981,-5.24290679843
1.07246733954,-5.21627696682
1.07086321119,-5.22501822712
1.07219766937,-5.28890856865
1.06988244682,-5.22723168333
1.0699899219,-5.25460292126
1.07096990753,-5.26609811052
1.07317474677,-5.24064776042
1.06906202137,-5.20238039095
1.06959384184,-5.26237961167
1.0707014219,-5.26376618122
1.07030309723,-5.29810627876
1.06767458287,-5.26282425343
1.07077492294,-5.20997246352
1.07095814714,-5.2288926804
1.0709429742,-5.31327534413
1.06819448676,-5.28411508387
1.06962111064,-5.1834581601
1.06782288967,-5.25355644378
1.07094358749,-5.2212522792
1.06986775272,-5.29278616952
1.06812681323,-5.19280780837
1.06720835862,-5.20458069353
1.06797767097,-5.22142479102
1.06527253049,-5.19936590991
1.06853877276,-5.18396652917
1.06773056786,-5.19896207878
1.06533360678,-5.20149251724
1.06539867685,-5.24921576
1.06916854992,-5.24699560561
1.06551122763,-5.31403136089
1.0666919413,-5.1868283801
1.06535168252,-5.22543726397
1.06642987841,-5.15685944315
1.06681387824,-5.22784428655
1.07043376963,-5.28998144673
1.06592329413,-5.2364831623
1.06834004011,-5.25469082645
1.06974493373,-5.22557752768
1.06898185185,-5.19956853755
1.06788995467,-5.19488750715
1.07053206024,-5.25842237722
1.06990646615,-5.28664417854
1.06933900716,-5.25977995163
1.07050534723,-5.23616270678
1.06910698014,-5.21300775368
1.06671854586,-5.2614023693
1.07057672418,-5.25437137092
1.0687082157,-5.22487269506
1.06780376132,-5.26904520064
1.06715239584,-5.26967231042
1.06915151161,-5.22357559641
1.06639982107,-5.21958470405
1.06999120132,-5.24873667811
1.06643919431,-5.26677608384
1.06563729056,-5.20808428174
1.06739345778,-5.19185575754
1.07020769889,-5.29571467936
1.06785043956,-5.21824384645
1.0676079301,-5.21935773137
1.06830931503,-5.27646134377
1.06836933275,-5.18532093255
1.06883547002,-5.19559971774
1.06984181748,-5.23198753578
1.06673371938,-5.17230877528
1.06940445543,-5.22412324897
1.06981078422,-5.19570069833
1.07027195825,-5.25178678224
1.0663814167,-5.25538077623
1.06885255267,-5.26144295719
1.06805874505,-5.29054120267
1.06884727744,-5.29611761518
1.06699873319,-5.19561275748
1.06609475013,-5.22973188003
1.06419921213,-5.24650820608
1.06858407114,-5.25434705546
1.06738245721,-5.24994957168
1.064484589,-5.21364107195
1.06601136639,-5.23830881017
1.06658449099,-5.17314818286
1.06488487316,-5.17766587592
1.06849144949,-5.27109178713
1.0655743989,-5.28226482834
1.06494345243,-5.22238175009
1.0666783718,-5.28135180377
1.06757931581,-5.29621360364
1.06469464154,-5.2411345447
1.066079084,-5.21674665314
1.06545815942,-5.25542973121
1.06563749832,-5.22632506308
1.06644651187,-5.15198036107
1.06837928969,-5.2119812279
1.06291890213,-5.19665984643
1.06677313445,-5.18893224081
1.06768289043,-5.20560177658
1.06773908984,-5.22309779976
1.06467533305,-5.16340759342
1.0676994949,-5.24941598271
1.06697535208,-5.26779732739
1.06787856585,-5.18330777217
1.06756029198,-5.22384031073
1.06710348228,-5.23123992939
1.06712623951,-5.25319445583
1.07046350409,-5.27316447459
1.06687061665,-5.21475504338
1.06606418089,-5.20617414512
1.06743910952,-5.21390074451
1.06719616624,-5.22058589497
1.06430857825,-5.14817715457
1.06861706687,-5.23646461244
1.06551703938,-5.23888970467
1.06562198331,-5.31742952318
1.06397262287,-5.17117465072
1.0672713924,-5.20725301721
1.0651459525,-5.26276858461
1.06628107236,-5.25399327303
1.06498430536,-5.16602696822
1.06550497045,-5.22351627508
1.06779583869,-5.20506867421
1.0666083825,-5.17776906856
1.06448147398,-5.23302778056
1.06686550526,-5.24908824471
1.06823382177,-5.26854884493
1.10529536745,3.49123830387
1.06580237859,-6.41382400689
1.0678653952,-4.54964935087
1.06671242357,-4.09144407616
1.06796039139,-4.314332482
1.06647346907,-4.68665571359
1.06441052816,-4.88951901986
1.06495420235,-5.06395838182
1.07360053476,-19.0053757738
1.06625695508,-6.67096452243
1.06799424447,-6.77828713506
1.06541463185,-5.90864967893
1.06611689527,-5.64981771485
1.06624057728,-5.48280455996
1.0685196016,-5.34853254952
1.06646993358,-5.24342399172
1.06415292624,-5.20213158583
1.06801085545,-5.50686669926
1.06755358129,-5.40571382391
1.06598625007,-5.38958930521
1.06832061004,-5.27812088933
1.06609312694,-5.21745652154
1.06629504633,-5.19228956968
1.06597158458,-5.20237781589
1.06634821417,-5.2285472256
1.06278526713,-5.22533990594
1.06631846584,-5.25382054785
1.06678959444,-5.27905197239
1.06592471323,-5.27817160378
1.06529874294,-5.27446456667
1.06484971226,-5.19567053795
1.06469433666,-5.1310277178
1.06806670229,-5.20598058902
1.06788164964,-5.25636775539
1.06451288415,-5.16067151162
1.06609775391,-5.27581438572
1.068197231,-5.19359619667
1.06728117019,-5.29312395248
1.0667628238,-5.21509058958
1.06659554998,-5.18422496295
1.06742590816,-5.22306702192
1.06689151008,-5.23644405511
1.06941047416,-5.23638011924
1.06498439199,-5.24426376801
1.06648310344,-5.14782148432
1.06768660418,-5.20679333981
1.06564643919,-5.20989124404
1.06371215685,-5.18265189963
1.06649169862,-5.21300645129
1.0656826674,-5.22539312196
1.06491262379,-5.18751300093
1.06694803531,-5.2163274175
1.06633031492,-5.21680808473
1.06225491015,-5.19789454104
1.06694894795,-5.24853251826
1.06714511553,-5.30929275457
1.06486550976,-5.16625073262
1.06516415151,-5.23932512576
1.0658828001,-5.18833495973
1.0650239716,-5.2506518711
1.06652222883,-5.22644724419
1.06499011776,-5.20584570324
1.06506336635,-5.19542508867
1.06478138624,-5.25713509603
1.06715670263,-5.24794574498
1.06248371526,-5.22994948648
1.06602207052,-5.2703014663
1.06501869119,-5.17331584287
1.0643771526,-5.20274732211
1.06555225443,-5.22838353227
1.06629379463,-5.24998028256
1.06431880004,-5.16594887398
1.06574229867,-5.23058314598
1.06617699953,-5.23608944329
1.06560734958,-5.21264469694
1.06386576847,-5.24896381892
1.0670447925,-5.22455961252
1.06175613106,-5.17574661928
1.06450621516,-5.21327001824
1.06534085052,-5.17553619045
1.06482892497,-5.1800440419
1.06209590371,-5.26414440522
1.06461219594,-5.21066488421
1.06396421305,-5.21385222459
1.06380226017,-5.25062649863
1.06321974366,-5.16142234504
1.06597447343,-5.20270969352
1.06315673189,-5.25110208561
1.06540087448,-5.2629019247
1.06257819104,-5.25587738052
1.0625735055,-5.17546402596
1.06592781594,-5.26470407116
1.06718035173,-5.20444449061
1.06422643026,-5.26088334758
1.06467035548,-5.22122849074
1.06576290503,-5.27741713911
1.04962435057,-3.90963859465
1.07188751749,-4.96208607064
1.07248446563,-5.3053008951
1.06798300996,-5.19639814709
1.06950775938,-5.12520498686
1.06953188818,-5.20565081459
1.0692195515,-5.26391651706
1.06853729768,-5.27901571806
1.07068326313,-5.23411302386
1.06882710121,-5.74270724635
1.07181391943,-5.76965440181
1.07281730823,-5.74247262305
1.07034040324,-5.64640030238
1.06949084186,-5.68115543905
1.07277819755,-5.68273720459
1.07176253489,-5.77582492048
1.07133939112,-5.80498959644
1.06925965774,-5.65544596921
1.07095562283,-5.63552645521
1.07018443683,-5.62644000037
1.07296921523,-5.73757262052
1.07109772248,-5.67190454103
1.06893803864,-5.7253605733
1.0694560823,-5.7326665385
1.07252803461,-5.73827936655
1.06847031779,-5.63720220515
1.06914996444,-5.68559319556
1.06827614834,-5.70706067472
1.06970207073,-5.81650405222
1.07007694941,-5.74518043827
1.07100897782,-5.67603461195
1.06835382606,-5.7161307317
1.0687821973,-5.73541968229
1.07095599935,-5.74098662786
1.07041067847,-5.76871542809
1.06993445635,-5.76418608472
1.07092908082,-5.70657845787
1.06877517044,-5.68187187306
1.07182271242,-5.76251493581
1.07147540143,-5.75473193616
1.07009245133,-5.74183557251
1.06916821132,-5.72157051996
1.07262892189,-5.79582197366
1.06965128186,-5.64894196051
1.07048656581,-5.75331935143
1.06954948504,-5.73572886446
1.06969556341,-5.77208757083
1.06943719215,-5.7267278263
1.07193372379,-5.75102618907
1.06895851032,-5.7629876154
1.06820965254,-5.75611904015
1.07008983111,-5.70429484159
1.07157413921,-5.76552770472
1.06830135784,-5.7309524369
1.07065252497,-5.74108823703
1.07002802755,-5.74166325346
1.07035748926,-5.73742361399
1.07052187023,-5.72579677238
1.06965812098,-5.76115161035
1.06799535408,-5.75619056678
1.07037626371,-5.732445818
1.07006508175,-5.72201557548
1.06934476855,-5.6857596757
1.06902271637,-5.78126888913
1.07008914616,-5.80944592054
1.06665917106,-5.69412613449
1.06938802578,-5.70385104081
1.07028414061,-5.7496641599
1.0685930547,-5.71454501657
1.06816498879,-5.76510444299
1.07054161535,-5.71968397535
1.06787321243,-5.71075759589
1.06957112318,-5.65991145804
1.06918643878,-5.76261770442
1.07004901019,-5.7537185339
1.06997520553,-5.77484066804
1.07186490093,-5.69434103121
1.06876373189,-5.8065524274
1.06833436312,-5.77770303898
1.06959672015,-5.72013710394
1.07096207569,-5.75476371009
1.06742139492,-5.73767858169
1.07014889818,-5.73909425376
1.0693314917,-5.73573357999
1.06882238467,-5.75814754694
1.06889520103,-5.71888685088
1.06908420491,-5.74898092704
1.06609487324,-5.68300314387
1.06903276054,-5.75285434854
1.06796469032,-5.69309530001
1.06877724309,-5.75134765812
1.06986078018,-5.78770913652
1.06918356629,-5.73909366894
1.06657676547,-5.66190252628
1.07073642314,-5.80642515681
1.07031000035,-5.71895503093
1.068680916,-5.73943196673
1.06699110983,-5.68844226182
1.07216551255,-5.77337765094
1.06843691503,-5.72961399689
1.06950826602,-5.776037722
1.06803961037,-5.69246735931
1.06902539961,-5.75972300335
1.06949618155,-5.71383570109
1.072982059,-5.78158554346
1.06723682242,-5.71740607907
1.06803194091,-5.71343977524
1.06991361264,-5.71132736945
1.06953681771,-5.72850163661
1.06944648993,-5.79606916315
1.06808431834,-5.76484551062
1.06685311372,-5.73619773831
1.06715640234,-5.71984631468
1.07020246246,-5.73340849439
1.0691989418,-5.70493525688
1.06596098449,-5.76717942679
1.06849019805,-5.70342510494
1.06826022446,-5.75720391701
1.06829802134,-5.76625172195
1.06741771423,-5.66061815664
1.06841886845,-5.69353691042
1.06717076622,-5.75231624579
1.07050311447,-5.73257076209
1.06726989629,-5.74209235042
1.06617617825,-5.73834700642
1.067534007,-5.76918253361
1.07029193225,-5.80817076982
1.06766611652,-5.72017481874
1.06782075309,-5.63112021396
1.06808021659,-5.72962378101
1.06745798462,-5.77589408044
1.06901685468,-5.78059314481
1.0716438465,-5.83481528086
1.06721412535,-5.7218757313
1.06831944362,-5.81286223504
1.06952574967,-5.75872670413
1.06974462108,-5.73578161898
1.06780267588,-5.76987225469
1.06983390868,-5.71557329984
1.06808545789,-5.73632214145
1.06956680872,-5.73913468028
1.07023549579,-5.80471621244
1.06856020898,-8.63646307719
1.06691802613,-4.10694107603
1.07113775354,-4.85317417585
1.06836218217,-5.22933009631
1.06724163012,-5.59867399443
1.06739980217,-5.72272346463
1.0686295649,-5.83559472191
1.06640141441,-5.91621280798
1.06983142262,-9.18754925518
1.06884406109,-7.85832734748
1.06468391368,-5.20397628983
1.06611639728,-5.19083254552
1.06722036069,-5.40718885874
1.0652183379,-5.55635108123
1.06833204653,-5.60933214918
1.06566808533,-5.67559708749
1.06649520075,-5.71609627285
1.0674819332,-5.62170813058
1.07008675413,-5.72073186112
1.0668561441,-5.75798262458
1.06975981373,-5.83126772117
1.07058828445,-5.83773409623
1.06923130044,-5.7626638275
1.06825337151,-5.77449533348
1.07132139396,-5.88018081065
1.0687807712,-5.83690824664
1.07078867352,-5.86313898568
1.0703563173,-5.86948558035
1.06827628178,-5.7822670736
1.06734427026,-5.77364271766
1.06993486362,-5.79051408822
1.06700443463,-5.83910203465
1.0684135745,-5.92688002416
1.06975517281,-5.78181334799
1.06926053973,-5.73589865127
1.06669990825,-5.74376831776
1.07171105933,-5.85165466719
1.07019607969,-5.73146646473
1.07078381753,-5.80837934225
1.07059364845,-5.75910471479
1.07427953108,-5.84659488815
1.07289255906,-5.8106478721
1.07710648965,-5.85201826487
1.07563812309,-5.7541352425
1.07882680326,-5.91736154204
1.0803504771,-5.84003680352
1.07904499246,-5.84537396222
1.07575133726,-5.75803493325
1.07868670336,-5.83332446959
1.0782752968,-5.75411730701
1.07764518467,-5.88218852107
1.07526238031,-5.84582813157
1.07597139724,-5.80771731772
1.07277814372,-5.71894779995
1.07519138437,-5.80461636665
1.07534120412,-5.79895303561
1.07402504757,-5.74898607505
1.07285442031,-5.77409257154
1.07557792007,-5.75194418745
1.07532544198,-5.8294515185
1.07680904262,-5.80362042132
1.07641472879,-5.76737123994
1.07634947999,-5.84211769132
1.0755172661,-5.82456143409
1.08030226948,-5.84078168838
1.07678283801,-5.77231837479
1.07573755511,-5.7444771525
1.07666789157,-5.72531824873
1.07821864439,-5.84233400087
1.07524077649,-5.79277746128
1.074770253,-5.73234031157
1.07202775427,-5.77476368425
1.07070971751,-5.74732959258
1.06978336342,-5.70824520404
1.07039267381,-5.75827085528
1.06535480648,-5.73180138889
1.06720452545,-5.72692512037
1.06626612398,-5.72976272284
1.06648559856,-5.75699740176
1.06616501237,-5.72799630285
1.06645053487,-5.68606826151
1.06589571639,-5.75848961598
1.06833336354,-5.80982989016
1.06733077241,-5.6773364215
1.06677425318,-5.7384752098
1.06748483539,-5.80953712644
1.06955925449,-5.71845089869
1.06823279496,-5.8093019845
1.06826715807,-5.74037076063
1.06665079305,-5.72084666805
1.06757593181,-5.74277075354
1.0681083411,-5.72292938443
1.0718806749,-5.82485628606
1.06812071756,-5.72243669428
1.06726227189,-5.73394555488
1.0684690229,-5.75291492559
1.0690254689,-5.81744942684
1.06688745447,-5.69422803867
1.06898769582,-5.73234640509
1.06623991313,-5.70620785495
1.06747061484,-5.74029464543
1.06928012347,-5.75297382382
1.06989856535,-5.71354133055
1.06576634004,-5.67741403714
1.06834942095,-5.73466286356
1.06704876386,-5.66359280956
1.06805920017,-5.75884954688
1.06777458734,-5.79086684701
1.06660944598,-5.73071618336
1.06586368313,-5.74772403801
1.06966374712,-5.82454376824
1.06759050582,-5.77587752802
1.06506528591,-5.6989563936
1.06631655757,-5.72080946649
1.07032507123,-5.7920739911
1.06713481387,-5.785882185
1.0679384998,-5.69961387413
1.06642958905,-5.71041605733
1.0683465777,-5.78031718113
1.0680548819,-5.83430749508
1.07027455449,-5.80692230417
1.06749534764,-5.73871570725
1.06780574417,-5.70200245444
1.06885229854,-5.73283258861
1.06890574578,-5.77606726719
1.06891688378,-5.7542969369
1.071781115,-5.80310411536
1.06799937786,-5.74155971789
1.0709307189,-5.81169042723
1.07133202467,-5.72810405816
1.07063386025,-5.73323867747
1.06790213304,-5.73777308561
1.0710089238,-5.74782108995
1.06983872387,-5.68923549643
1.06945624367,-5.71605348169
1.06786417952,-5.67425265616
1.07028682005,-5.75765573366
1.06771999079,-5.73938119307
1.07135738341,-5.77493345048
1.06891318134,-5.78367505738
1.06709291961,-5.77037410935
1.06950446824,-5.78318764574
1.0712357245,-5.76674345981
1.06787164337,-5.74517408477
1.07061823771,-5.71872203126
1.06993511128,-5.74308233078
1.06890530092,-5.73521978739
1.06938000193,-5.7659786984
1.07344695192,-5.75114596371
1.06946222803,-5.76762280677
1.07044840403,-5.74243202349
1.07084619319,-5.76179421278
1.07051248734,-5.71365116985
1.06992075813,-5.72733258577
1.07167958647,-5.82435990278
1.06853731004,-5.76871401716
1.07154230644,-5.76449754552
1.07197526356,-5.79035403231
1.07032456802,-5.86770838866
1.06671427818,-5.72391848378
1.07039838653,-5.85897539248
1.06920246122,-5.81155981901
1.10680165008,3.29554430823
1.06970963543,-5.71705897749
1.06792805921,-4.11837610639
1.06692696782,-4.30927865781
1.0720611042,-4.85589737766
1.06948647408,-5.34834119217
1.068035949,-5.60821360574
1.0690787528,-5.85500238422
1.07547765439,-19.3567142706
1.07072926892,-7.88854691352
1.07196383193,-7.25507298409
1.06837029163,-6.44840690354
1.06914606025,-6.25504161643
1.07052194234,-5.99739508164
1.07111626078,-5.91613505826
1.06845388752,-5.81368717803
1.06863430079,-5.77155902227
1.0710355754,-5.95649194463
1.07032947022,-5.81673299806
1.06890065351,-5.75797804881
1.0699398531,-5.73091203572
1.06723648654,-5.73775662138
1.07085656594,-5.7566030882
1.07134038107,-5.79003304502
1.07133948648,-5.78250918348
1.06907751742,-5.73730145917
1.07170459515,-5.77830810429
1.07023081052,-5.80532661206
1.07063013989,-5.79649382448
1.07100295595,-5.79905395991
1.07012366204,-5.83019870507
1.06804003184,-5.71912334497
1.07303241875,-5.75893113854
1.06938719407,-5.77541944864
1.06799731996,-5.72547642592
1.0710044349,-5.7770736141
1.07155658993,-5.76799760065
1.06800182475,-5.74697002572
1.06966712148,-5.74286840326
1.06820100517,-5.78567474083
1.06941799876,-5.85017198726
1.0693607379,-5.71955754451
1.07075928131,-5.85878335985
1.06556311172,-5.68881046825
1.06945460664,-5.80198548271
1.06944596918,-5.7548923047
1.06939674527,-5.71656461289
1.06951703246,-5.72907690198
1.07119902164,-5.75957226086
1.06765522345,-5.7451532191
1.06999682983,-5.74324928411
1.07123686678,-5.77183556
1.07047507655,-5.80651325716
1.06951085663,-5.7643163816
1.07264237315,-5.87043506217
1.07016222897,-5.84525169527
1.07046582088,-5.77698709124
1.07080712186,-5.81329722272
1.06976982309,-5.75723369346
1.06964415631,-5.71546503732
1.07457095368,-5.90083859878
1.06948030009,-5.76934407716
1.06897375957,-5.77825700825
1.06977154636,-5.68740659341
1.07146099482,-5.82356242899
1.06864935733,-5.83651840174
1.07267063645,-5.83407147127
1.06940667047,-5.74608286111
1.06932242622,-5.79196761283
1.06906192495,-5.76523514265
1.07217442512,-5.88621330052
1.06803198664,-5.7619455495
1.07045649665,-5.81868619759
1.0681942862,-5.75022979481
1.06915257723,-5.83906955562
1.07036909465,-5.73741174075
1.07038781254,-5.75803570032
1.06783346416,-5.68102728623
1.07073499325,-5.74617459957
1.07078258266,-5.78818848788
1.06917557803,-5.78331448931
1.0684467014,-5.78234195272
1.07177671486,-5.79261800926
1.07027995098,-5.79513872054
1.07158094415,-5.84960223599
1.06949477415,-5.77943681918
1.06826853778,-5.74868727376
1.06931049332,-5.76746436263
1.07247663607,-5.77214294271
1.06987632427,-5.73362485928
1.06993959605,-5.72348730247
1.0697568808,-5.77556144314
1.07159471988,-5.86454322059
1.06881635402,-5.72255648473
1.07086810796,-5.71004425308
1.06990111952,-5.81047185823
1.05466757059,-3.72599719567
1.07485619047,-4.62017451834
1.07504277622,-4.64961163678
1.07173352949,-4.87495443638
1.0751271317,-4.79406799
1.07338589485,-4.78810420065
1.07395790338,-5.06723607886
1.07348728075,-4.94299498592
1.07416637308,-4.94059874208
1.07224902547,-5.8429103194
1.07566983271,-5.81356819345
1.07389683507,-5.78968549825
1.073689742,-5.70772301965
1.07338316672,-5.74527862822
1.07537502549,-5.78365681301
1.07375505,-5.78952111758
1.07491024232,-5.77232253477
1.0729069355,-5.74942425968
1.07100689856,-5.66857083927
1.07262061936,-5.71676974999
1.07627492265,-5.6492609036
1.07290798871,-5.74687764263
1.07359644461,-5.72685964639
1.07391409796,-5.72483435924
1.07522624011,-5.75129255726
1.07335429507,-5.71023648579
1.07509508133,-5.82608666846
1.07322845764,-5.82212021855
1.07551020047,-5.81457035808
1.07721189464,-5.84300234092
1.07405052374,-5.73449804142
1.07158192363,-5.7387396697
1.07577529371,-5.77721802673
1.07454103291,-5.8560213279
1.07495631375,-5.83485717132
1.0746750124,-5.77013887736
1.07503782411,-5.79205138886
1.07368743748,-5.81801961379
1.07621023276,-5.8431424387
1.0746173848,-5.76716981707
1.07296235441,-5.73391657219
1.07312938442,-5.76728343333
1.07462061969,-5.75090665822
1.0727200018,-5.84062284704
1.07546617092,-5.79010582388
1.07304566748,-5.76161159642
1.07336182599,-5.79507300896
1.07426218051,-5.78084437209
1.07784614374,-5.85710494744
1.0701442305,-5.72522574175
1.07441346742,-5.89691046241
1.07561721387,-5.83029217776
1.07510609972,-5.77160880201
1.07517420322,-5.84983600119
1.07453740652,-5.80919199612
1.07247901135,-5.79364738739
1.0760605895,-5.83174892563
1.07673062433,-5.78920848042
1.07521166616,-5.84390486365
1.07570299119,-5.82946170963
1.07739583403,-5.81188460978
1.07418849041,-5.81967897133
1.07493457245,-5.8340630092
1.0763352279,-5.84192691972
1.07636614565,-5.82717922581
1.07419068069,-5.89731314284
1.07681593952,-5.8358310265
1.07401921507,-5.75154065954
1.07349342326,-5.7843898128
1.07231294595,-5.78650813886
1.07659753081,-5.8279118564
1.07294330002,-5.78146525973
1.07527925379,-5.84458951394
1.07277929122,-5.7735857748
1.07264459389,-5.7818586268
1.07557533592,-5.83118562172
1.07721955441,-5.85226289538
1.07293137149,-5.8069604364
1.07534449788,-5.83886920087
1.07612108315,-5.83945833938
1.07634039308,-5.8732065824
1.07516860855,-5.85437764209
1.07742932812,-5.82655793592
1.0731189376,-5.82196012975
1.07745536139,-5.84402287286
1.07662128358,-5.74404180888
1.07510556444,-5.8177299356
1.07406479364,-5.75118066426
1.0768966416,-5.79144678063
1.07458614941,-5.8000513887
1.0760063623,-5.80052270486
1.07616497243,-5.79402476556
1.07455428349,-5.74964240841
1.07400838292,-5.7480008489
1.07797517723,-5.77496536066
1.07517598816,-5.78198734457
1.07344298122,-5.77455045498
1.07420448148,-5.69970722917
1.07641690573,-5.84448728922
1.07423868292,-5.77395720831
1.07656138168,-5.79034299432
1.07319138242,-5.81490078459
1.0740403279,-5.85481396434
1.07553002434,-5.77720645288
1.07584238914,-5.72461337609
1.07299049493,-5.76944576633
1.07477209634,-5.80584406639
1.07488395102,-5.79361094489
1.07508166853,-5.80411164077
1.07524293414,-5.82458057095
1.07520663574,-5.77802533897
1.07396605487,-5.79031811023
1.07575149527,-5.74927751881
1.07738376328,-5.82117099541
1.07523664122,-5.80142412689
1.07415255751,-5.72990306984
1.07798631816,-5.82750181774
1.07623557153,-5.77303997209
1.07713949725,-5.81718447013
1.07662352544,-5.85362437576
1.07590820658,-5.83107710091
1.07505131937,-5.79776446898
1.07979288766,-5.77622307997
1.07729656961,-5.83724806226
1.07587784518,-5.74773075557
1.07616762917,-5.82434817103
1.07532681099,-5.73385694292
1.07557118007,-5.7657068494
1.07849634539,-5.73770680357
1.07612361253,-5.78028590181
1.07671208589,-5.86803279555
1.07781518364,-5.79556784148
1.08022567845,-5.87464409314
1.07392927406,-5.77640106774
1.07788099128,-5.85302376905
1.07864873907,-5.87279615414
1.07800806277,-5.81767874512
1.07582098616,-5.80071724525
1.07428411868,-5.76698099982
1.07526454209,-5.82700449305
1.07796575846,-5.82621085505
1.07674761507,-5.82500552955
1.07571913625,-9.65624116149
1.07587444892,-3.79190515489
1.07929316005,-4.65125208833
1.0767411867,-5.23751757641
1.07962660503,-5.72368736005
1.08051227962,-5.99914740538
1.08016805669,-6.06537885842
1.07977485488,-6.1600227642
1.08392084969,-9.12809504911
1.08175771625,-8.17392602171
1.08020323222,-5.3766240099
1.07961651876,-5.26019212557
1.07911233934,-5.49895217529
1.07671875403,-5.6255466717
1.07935737333,-5.72360625882
1.07668710617,-5.79146465208
1.07731338166,-5.80916180064
1.0781533123,-5.69566325549
1.07927584251,-5.79091935352
1.07585416551,-5.89991488788
1.07953847087,-5.95750049981
1.0795475776,-5.97985595566
1.07940624896,-5.91639018314
1.07881496681,-5.89990658387
1.08059515762,-5.88512582957
1.07792245976,-5.99445668115
1.08023565263,-5.9439254621
1.07994975169,-6.01066148256
1.07852979944,-5.95129168727
1.08004600747,-5.89383070867
1.0797084858,-5.89453291476
1.0762375709,-5.88337550753
1.07810319769,-5.95985503127
1.07600799203,-5.86259692064
1.07546510068,-5.85087115229
1.07449714114,-5.85129766768
1.07665438899,-5.9076561877
1.07230955234,-5.8692826408
1.07385232777,-5.84000435188
1.07457766127,-5.90327748467
1.07527279508,-5.93099147473
1.07338646278,-5.83536402979
1.07641601696,-5.84684087861
1.07275857954,-5.81094002386
1.0748191422,-5.86048802157
1.07660543239,-5.83742728825
1.07766356293,-5.91925960018
1.07328181169,-5.86126931958
1.07520284318,-5.80959477721
1.07422553798,-5.87574754382
1.07481555167,-5.88615083048
1.0744490128,-5.80018726445
1.0753377911,-5.85375765853
1.07260421199,-5.77013493942
1.07517202165,-5.69233462959
1.07451290544,-5.83289387611
1.0734640107,-5.77075827885
1.07294390384,-5.79404861164
1.07413448718,-5.73763791514
1.07215911818,-5.72349445442
1.07629098364,-5.76967362462
1.0732093413,-5.80641422382
1.07175095786,-5.73629709186
1.07362675122,-5.7672766167
1.07551483713,-5.79181233586
1.07370992088,-5.77428562624
1.07340866894,-5.74098994591
1.07462907067,-5.74414372159
1.07413761258,-5.77583823235
1.07398573693,-5.74123354313
1.07590645181,-5.72583771449
1.07195967467,-5.74524601134
1.07448683232,-5.77280472134
1.07633237832,-5.84032718543
1.07709916214,-5.92229507303
1.07399890653,-5.86751366339
1.07605024059,-5.83420475062
1.07530943154,-5.83666205192
1.07595885912,-5.83043133683
1.07419562561,-5.77624496995
1.07369125311,-5.69789890779
1.07348324567,-5.84421559118
1.07816355654,-5.75492577579
1.07559883142,-5.78450425685
1.07218814891,-5.73153008298
1.07392470095,-5.70586846723
1.0757648742,-5.83211567666
1.0737345251,-5.84881063
1.07495203181,-5.70213822591
1.07376159874,-5.810736528
1.07264995515,-5.75694652072
1.07501590761,-5.81155550546
1.07617465033,-5.89259091492
1.07231742003,-5.76604267319
1.0738643523,-5.71030293936
1.07468618659,-5.80896004923
1.07415668448,-5.82631276904
1.07502987476,-5.79918756749
1.07568257094,-5.7542727552
1.07061994285,-5.68677416081
1.0750690756,-5.76417894364
1.07579732528,-5.78322540113
1.07435538813,-5.69767245244
1.07375432793,-5.76402925429
1.07693322157,-5.67403494212
1.07658415182,-5.76296072016
1.07877431321,-5.82485337073
1.07929978626,-5.91433806589
1.0780984122,-5.78411570767
1.07941602065,-5.84419106369
1.08200072357,-5.80205855046
1.07860610328,-5.751657708
1.07911312142,-5.82792843156
1.0790914389,-5.75618204512
1.07940623211,-5.80209255072
1.07566058708,-5.7484976933
1.07948100623,-5.78766649009
1.0766370955,-5.71658610065
1.0765758808,-5.73274301066
1.07561937041,-5.77747306804
1.07834379494,-5.81986084913
1.07529628466,-5.76716602728
1.07706809254,-5.70150129835
1.07655557268,-5.76640204451
1.07773050412,-5.83727336649
1.07855255142,-5.83416982664
1.07811429097,-5.80671147814
1.07494398592,-5.76624734594
1.07798077522,-5.76597122184
1.07836983754,-5.76557451604
1.07784912832,-5.76511957577
1.0752740653,-5.74965687388
1.07873102361,-5.78382526141
1.07584767606,-5.7182979959
1.07686322509,-5.71218810753
1.0751830338,-5.72379911753
1.07293102874,-5.73760884826
1.07198731711,-5.71285794661
1.07579189524,-5.76010382955
1.07450441738,-5.86378430996
1.07321234687,-5.73848716068
1.07275897676,-5.72928170349
1.07361362134,-5.73143721054
1.07422416075,-5.86903540369
1.07534544491,-5.72566142593
1.07290568,-5.70913400061
1.07333545945,-5.70445330849
1.07584105617,-5.71407081986
1.07577129565,-5.68863727744
1.07223502607,-5.73040131878
1.07408258586,-5.7411600859
1.07400887562,-5.72252323413
1.07449069187,-5.7525088754
1.0743456443,-5.74217238065
1.07428627927,-5.88133652001
1.07085848591,-5.77016886757
1.07351603334,-5.76704048576
1.07395267867,-5.83339202602
1.07314284713,-5.81266215133
1.07209829238,-5.75572032543
1.07455757685,-5.844696905
1.07374388108,-5.88764616307
1.10610249295,2.22449614226
1.07480699765,-6.58062340398
1.07329035389,-4.83177621215
1.07381009432,-4.71009051072
1.07768601949,-5.02663112312
1.0737113855,-5.35290024409
1.07539368552,-5.64636700591
1.0750750673,-5.84030833332
1.08118252059,-21.5045764363
1.07567877204,-8.36010162595
1.07731833153,-7.5936355807
1.07290514087,-6.56537692743
1.07345442598,-6.19711972837
1.07558175294,-5.97073258954
1.07368895165,-5.68634243603
1.07136240436,-5.66152207597
1.07390178724,-5.61344306069
1.07427918753,-6.09728181005
1.07283726088,-5.6285268176
1.07383330903,-5.70655548957
1.07437956251,-5.69708343669
1.07090247153,-5.65092590733
1.07381951482,-5.65608645894
1.07329742005,-5.65165867044
1.07213788431,-5.71034528587
1.07289256203,-5.78587655147
1.07487813661,-5.83545940672
1.07221514851,-5.8053221475
1.07462353136,-5.79374147395
1.0725307869,-5.72684476814
1.07141051813,-5.67537245775
1.07161248011,-5.62320415819
1.07648772678,-5.77148985265
1.07123060334,-5.65834839965
1.07297683814,-5.71356795573
1.0728312238,-5.7373888694
1.07422203338,-5.78204130756
1.07152300438,-5.70386177082
1.07460279971,-5.80710493816
1.07178424951,-5.6790658582
1.07429158068,-5.7755944005
1.0728110979,-5.69827338123
1.07406169883,-5.72639795358
1.0719816115,-5.66487431197
1.07472186776,-5.71305056607
1.07172113173,-5.67738940889
1.07268714813,-5.69639098971
1.07297870876,-5.69459488229
1.07426518566,-5.74866874749
1.07016194022,-5.67478842982
1.07546294268,-5.73421567459
1.07364205189,-5.75938491343
1.07251611694,-5.62528681783
1.07144059822,-5.66128217124
1.07388098726,-5.77810185657
1.07210194423,-5.79377426956
1.07415713346,-5.75467040075
1.07190778363,-5.80503451336
1.07191399333,-5.87499434444
1.07165870617,-5.67431404234
1.0745492974,-5.79234326947
1.07135017691,-5.78826995607
1.07254129486,-5.75442827975
1.07321336218,-5.73316448516
1.07257006291,-5.79138191647
1.07138860087,-5.7841743308
1.07419609412,-5.76080011967
1.07131984574,-5.74089182493
1.07298249631,-5.71982461205
1.0736359686,-5.83454682762
1.0723621513,-5.7928130566
1.07204202144,-5.74019847297
1.07471727748,-5.77597972518
1.07213982954,-5.71779765407
1.07364628495,-5.7536120064
1.07400367172,-5.72733843776
1.07156775721,-5.65310992761
1.07090980286,-5.76579872732
1.07441371321,-5.75282536554
1.0735911405,-5.71668074253
1.07180681033,-5.70996745308
1.07159550725,-5.73324585368
1.07255368103,-5.80217670232
1.07048622789,-5.68031825539
1.07463188201,-5.7916871809
1.07234306557,-5.72752732166
1.07070946754,-5.69680619338
1.07151028898,-5.72704157982
1.07340301775,-5.70732825533
1.07104750833,-5.71446484176
1.07281935091,-5.73520082021
1.07167767175,-5.73468496647
1.07227959025,-5.8012755522
1.07347139522,-5.77359009046
1.07424311161,-5.76566027403
1.07044369609,-5.65261685303
1.05131397133,-3.73023002566
1.07346929863,-4.89982963396
1.07264865071,-4.54778922288
1.07115205839,-5.08530103477
1.07387675476,-5.05757103211
1.07073899234,-5.03211362113
1.07358785214,-4.88242218708
1.07173762925,-4.90797167896
1.07232075593,-5.01133824868
1.07677481653,-4.57184361093
1.08002379274,-4.58628297386
1.07691626311,-4.57507007079
1.0789399882,-4.58756936899
1.07810493503,-4.55613973552
1.07833003899,-4.52749554839
1.07542981301,-4.51409826545
1.08131327232,-4.65630426012
1.07674539205,-4.58902140776
1.07608114448,-4.56518409474
1.08030688525,-4.68191827914
1.08154119731,-4.67894978922
1.07553678533,-4.61131162767
1.07799911891,-4.59157483807
1.07766860261,-4.65466542992
1.07798411865,-4.65484181081
1.07807038491,-4.63054380032
1.07757451972,-4.65132664357
1.07413813449,-4.58436435757
1.07931178758,-4.64125597564
1.07927623227,-4.74211235894
1.07773972175,-4.63572599887
1.07722228074,-4.6207060705
1.07891677602,-4.63771746672
1.07689219984,-4.64948274305
1.0797228617,-4.65646796659
1.07771608505,-4.57065751597
1.0768256872,-4.57295968482
1.07635111837,-4.62371852368
1.08124503513,-4.69394510283
1.07765858184,-4.64831581257
1.07743993563,-4.60051247993
1.07917219565,-4.72974399895
1.07830839404,-4.62499084134
1.07940402515,-4.64836765935
1.08154298269,-4.68108236188
1.07651409221,-4.70106295996
1.07856105444,-4.69751048797
1.07941450164,-4.58257918968
1.08034355879,-4.6585775757
1.07649644122,-4.6462760448
1.0795780812,-4.62823877646
1.07789682339,-4.62357790405
1.07863941892,-4.54132912342
1.07737014658,-4.54041824132
1.07950342381,-4.60405992611
1.07611149313,-4.6634472095
1.07885849409,-4.57095383114
1.07856065077,-4.65374337001
1.07643849323,-4.61623882778
1.07878630228,-4.60047477301
1.07850313394,-4.5589654675
1.07589451586,-4.57097495926
1.07939477092,-4.61441063394
1.07824749514,-4.66078504674
1.07741377768,-4.58832135555
1.07492560814,-4.51501943759
1.08064406462,-4.57927624024
1.07749507899,-4.61123302366
1.07817178744,-4.59931056506
1.0766137332,-4.51046856404
1.07733000356,-4.51066151845
1.07666399483,-4.5317017477
1.08006933721,-4.60327458656
1.07701205422,-4.59480465206
1.07731671166,-4.48454832088
1.07998905771,-4.57078578333
1.07971944485,-4.52743224128
1.07607624512,-4.54881692408
1.07896308388,-4.57691567372
1.07661177348,-4.56539446322
1.07796350669,-4.56709446918
1.07942825137,-4.58252256813
1.07908130957,-4.56097629057
1.07530613745,-4.53609766757
1.07925225072,-4.55728606752
1.07973504564,-4.58148075844
1.07702428907,-4.54398619521
1.07696440696,-4.57866124416
1.07816212301,-4.55382656869
1.07665967912,-4.53208007241
1.08108119503,-4.64914395854
1.07758659313,-4.55039748809
1.07673751913,-4.54699672089
1.0768823251,-4.56300565223
1.08061744063,-4.54288557068
1.07832548842,-4.58914650773
1.07858011089,-4.55486900391
1.07828187424,-4.53203926089
1.07765208435,-4.53383203879
1.07786066236,-4.54488809043
1.08073282671,-4.62206530456
1.07723981317,-4.58984742554
1.07902726543,-4.57788960019
1.08137824227,-4.5859219285
1.08025042959,-4.52107379842
1.0781628749,-4.58935285398
1.0806603834,-4.55205585367
1.07776022493,-4.44934146884
1.08003763909,-4.52423474961
1.08147928522,-4.61751935767
1.07865306814,-4.57399072575
1.07573873269,-4.47515607203
1.0816512005,-4.56413799062
1.07991871625,-4.55956001475
1.0785621844,-4.52304755191
1.07855339819,-4.545380575
1.07973299551,-4.50181410401
1.07702584819,-4.52143854924
1.08148335267,-4.53547579841
1.07928441258,-4.54569705084
1.07787486561,-4.47174275166
1.0788108241,-4.53463576442
1.08075092849,-4.50191048753
1.07732011914,-4.51620650856
1.07978927259,-4.5284937043
1.07791575102,-4.43273675908
1.07951281519,-4.47297950026
1.0783996109,-4.48988029102
1.08071004737,-4.53667460686
1.07607634304,-4.52098281187
1.07928537795,-4.50547782276
1.07954216026,-4.41099273662
1.08025414417,-4.49189784363
1.07861368386,-4.54860387919
1.08034858772,-4.52340011544
1.07949152704,-4.51559481664
1.08005323052,-4.52021059111
1.07984022094,-4.50321879675
1.07894672577,-4.48689848929
1.07895188359,-4.50981358537
1.08195613242,-4.51141251603
1.07851537529,-4.46970435291
1.07957176584,-4.8251913875
1.07917976279,-2.78260690426
1.0802569725,-3.5717792422
1.07737129178,-4.10379661443
1.08152755378,-4.42441284587
1.07937124904,-4.57471713214
1.07907965726,-4.67418065194
1.07988484799,-4.75035340237
1.0841019232,-11.1968360553
1.07780449381,-5.5628168211
1.0792618533,-3.48740728634
1.07847368979,-3.68607941141
1.07806473195,-4.00485034693
1.08039945931,-4.25520009145
1.08064787623,-4.30210258594
1.07726677407,-4.39572814049
1.08021317127,-4.48104181474
1.0760465058,-3.88725132306
1.08028670621,-4.58704534325
1.07719912357,-4.29620086342
1.08188856846,-4.43017813231
1.0783601237,-4.43123835044
1.08019933983,-4.50723733775
1.07976911001,-4.48255036455
1.07958314348,-4.50822346323
1.08053961787,-4.44712075848
1.0823401992,-4.36708576025
1.08020209957,-4.39391686643
1.08083953341,-4.44070586848
1.08228870384,-4.42869570759
1.0812135755,-4.40074315186
1.08034174789,-4.39984725734
1.08404784315,-4.41603098828
1.07951596446,-4.38900205889
1.07952493546,-4.44219889631
1.07991990275,-4.45787878588
1.08355921497,-4.41580543513
1.07975166698,-4.45649145088
1.08048028341,-4.46531220528
1.07864921765,-4.45359964575
1.0789680298,-4.375067472
1.08126430648,-4.50556044904
1.08109108435,-4.44373296208
1.07886926329,-4.48958654255
1.08090883954,-4.55114895109
1.07998225427,-4.52419357335
1.08115244409,-4.50664506985
1.07970640206,-4.50680167036
1.08084189763,-4.51227888402
1.07990784182,-4.50058192216
1.08142331736,-4.48449826754
1.08149833892,-4.53852381157
1.0801529318,-4.53420700299
1.08021050903,-4.58209495585
1.08368157012,-4.56537719527
1.08223663004,-4.61281650065
1.08466639041,-4.63099742898
1.08294396397,-4.57228724437
1.08294521721,-4.57827667532
1.08240726143,-4.53925405211
1.08599125803,-4.60812704591
1.08070877135,-4.5101139257
1.08192498511,-4.64749093708
1.08400107223,-4.64846383926
1.08436060557,-4.60918293109
1.08017472026,-4.55190905566
1.08254131235,-4.55455939136
1.08087529778,-4.56461398705
1.08240695578,-4.55823861385
1.0836278157,-4.59025156176
1.08303681711,-4.61190117023
1.07837115774,-4.5279186082
1.08271546285,-4.52063561985
1.08293677785,-4.54621789279
1.08178178809,-4.54608351018
1.08161997921,-4.50724374892
1.08306659879,-4.58019561909
1.08094927395,-4.52498652698
1.0843235773,-4.64069406321
1.08246382532,-4.58827716217
1.08079308918,-4.561180776
1.08165871626,-4.61995186697
1.08631761173,-4.71807314648
1.08063928189,-4.54680560717
1.08216243093,-4.62537930362
1.08156850626,-4.53877288783
1.08170307763,-4.66961072805
1.08094546664,-4.62956974139
1.08223018923,-4.61811838475
1.07841026201,-4.5112124453
1.08024603388,-4.61541031746
1.08317472863,-4.62841492827
1.08174679727,-4.56600739065
1.0805897163,-4.52164586761
1.08216585978,-4.59075135122
1.07949193689,-4.58997186174
1.08153446104,-4.54252611157
1.08200365312,-4.64317637152
1.08172136607,-4.61531781661
1.07712932212,-4.47889347462
1.08192385093,-4.56046953013
1.08152456556,-4.59019781343
1.08087583499,-4.59771156536
1.07888918682,-4.57655367034
1.0806667672,-4.60954865161
1.07899789825,-4.55027019133
1.08135197304,-4.53869855781
1.0799686236,-4.57820758922
1.0789020962,-4.54492473536
1.08049895547,-4.58667176278
1.08130619989,-4.60886521504
1.07899819197,-4.58290045199
1.0813670894,-4.60814330507
1.08096263186,-4.56415400146
1.08052043879,-4.60471326351
1.07973886263,-4.60226847522
1.08359286498,-4.60229330889
1.07835678917,-4.52216984978
1.08027645686,-4.60921535441
1.08145662683,-4.62910200675
1.08178139706,-4.62337518843
1.08074318764,-4.55655297535
1.08290838436,-4.56662917505
1.08007426548,-4.57381963509
1.08196841609,-4.54367228492
1.08312830254,-4.59164420412
1.08257366299,-4.60040013598
1.07918793456,-4.56209493934
1.08371548589,-4.62341659198
1.08230168436,-4.63500067202
1.08110514187,-4.5839770679
1.08119790762,-4.56201475892
1.0815802744,-4.65869403209
1.07904593744,-4.53960135593
1.08320350026,-4.55221289174
1.08039387215,-4.51782127445
1.07958389054,-4.58318060811
1.08071653151,-4.61604523728
1.08277625366,-4.60763648725
1.07998152212,-4.55723919536
1.08248706808,-4.59978762763
1.07827706363,-4.53686434769
1.079786072,-4.49295242669
1.08172373173,-4.56365567208
1.08348362266,-4.62412808927
1.07908145025,-4.60645939252
1.0797046653,-4.54595102401
1.08156545408,-4.5578917883
1.082504937,-4.59553112147
1.08088174193,-4.61737621559
1.08250491513,-4.56494666441
1.07917209477,-4.52791198833
1.08132468167,-4.54813313137
1.08325591569,-4.57975902326
1.08266171257,-4.53528206018
1.07917007663,-4.48841381095
1.0849933797,-4.50662269149
1.08159736664,-4.48073702213
1.08186161345,-4.47634589622
1.08182646396,-4.48410284491
1.08187928794,-4.46051949104
1.08125532667,-4.40838435216
1.12350622544,4.03212863688
1.08161108059,-5.56997302607
1.08082975224,-3.36727236125
1.08162654436,-3.22839536442
1.08415147581,-3.65029160042
1.08019683509,-4.02013972828
1.08278925447,-4.402553628
1.08115781191,-4.48807926668
1.08317869162,-18.2584559332
1.07714740918,-5.95804238894
1.08587875018,-6.33184204607
1.07890522266,-5.1447154296
1.08234702612,-4.82335742787
1.08165284371,-4.62434756195
1.08212729409,-4.49221091041
1.08199710056,-4.52332504178
1.08448877625,-4.55359847614
1.07403750313,-3.35474861524
1.08435110476,-4.89363681874
1.08407229768,-4.65729067868
1.08189860756,-4.53404607974
1.08189810745,-4.58642680571
1.08515506694,-4.54671452663
1.08398623448,-4.55386998468
1.0840291262,-4.56771356631
1.08369009923,-4.61493055025
1.08311359833,-4.59369798801
1.08328452231,-4.52430672496
1.08576363636,-4.59630640693
1.08258764093,-4.53972507401
1.0819393846,-4.51302803195
1.08319547056,-4.51310129104
1.08440440916,-4.56090151991
1.08024028756,-4.54574502997
1.0839958116,-4.56070803845
1.08241958478,-4.55975314715
1.08252567765,-4.58208034475
1.08240108132,-4.58883779246
1.08326993163,-4.60035391687
1.08043060875,-4.52055728384
1.08434965028,-4.61486062321
1.08216531072,-4.5948273518
1.08193659587,-4.54041642304
1.08272907716,-4.58610365757
1.08318284422,-4.54415419445
1.07982746702,-4.60653233806
1.08320857214,-4.54512902909
1.08332091726,-4.61516206688
1.08304222362,-4.61309949021
1.07972907044,-4.62463937907
1.08326678006,-4.50992449069
1.08077612367,-4.58703407808
1.0822352795,-4.60628896606
1.08259830438,-4.50245484928
1.08124315949,-4.44713301845
1.08061266846,-4.46677375249
1.08405756946,-4.57737580119
1.08176659643,-4.49048856344
1.08163004045,-4.48863737574
1.08524521089,-4.55267400878
1.08363114394,-4.50310318192
1.08017543057,-4.4834412778
1.08364446976,-4.58173602019
1.0811153992,-4.44090241932
1.08170455039,-4.49544045278
1.08238537871,-4.49131464591
1.08249677275,-4.45320356858
1.07930927588,-4.5043386386
1.08320369783,-4.44948074616
1.08227260188,-4.4428597913
1.08209224294,-4.49070107961
1.08319960525,-4.55386740681
1.08317197151,-4.48538507531
1.07879719611,-4.41934797771
1.08426545888,-4.48331812964
1.0824653004,-4.5446866223
1.08195792904,-4.48328297796
1.07995244569,-4.47954778326
1.08293578019,-4.53218104257
1.08159442009,-4.48749816629
1.08164507827,-4.54352564948
1.08321263854,-4.52800828333
1.08177163034,-4.51691391148
1.08260072231,-4.51653202766
1.08417291958,-4.49698302509
1.08087679069,-4.47283696364
1.08219423239,-4.50581509438
1.08368878203,-4.48541103497
1.0841667132,-4.5036161542
1.0831381153,-4.51683821331
1.08429595081,-4.45113204042
1.08159122278,-4.44405316075
1.08461844624,-4.50054820994
1.08594240668,-4.51255874665
1.08497609695,-4.40873618221
1.08347223608,-4.46483001882
1.0709899019,-3.6129898678
1.09223928849,-5.25392635184
1.09031796812,-5.17960522346
1.09176853419,-5.36249445226
1.09230260309,-5.49820486267
1.09053918824,-5.54205102025
1.09310933444,-5.28130537263
1.09191095024,-5.30871582486
1.0897829153,-5.28023299371
1.0933001455,-5.4271335949
1.09595602363,-5.55258526614
1.09323214861,-5.4656130768
1.09634052174,-5.45761004218
1.09512074673,-5.42916889947
1.09677703918,-5.47989059469
1.09776515734,-5.50090165646
1.10194019908,-5.57588335051
1.09585857097,-5.44444196316
1.09895382337,-5.50074686523
1.10258371216,-5.59824103503
1.10231651598,-5.47671053478
1.10136929005,-5.52117484637
1.1030838124,-5.5501269275
1.1006131907,-5.51987921648
1.1028149408,-5.50297651399
1.10293416492,-5.54467529058
1.10109603505,-5.48007544955
1.10061034392,-5.53215820152
1.10544773674,-5.57113245079
1.10340918641,-5.5278549962
1.10436708028,-5.60823531103
1.10303405693,-5.53596540386
1.10541892218,-5.50421959095
1.1034466231,-5.52309821144
1.10685451971,-5.53570137807
1.10514859366,-5.51190200536
1.10320729942,-5.55362875879
1.10420045145,-5.52725725137
1.10608569574,-5.51354904012
1.10346751861,-5.51585867317
1.10508346878,-5.53843482207
1.10380557484,-5.57672443719
1.10428786936,-5.52089092301
1.10539787834,-5.533977003
1.10627014,-5.50695137253
1.10123277764,-5.49395759379
1.1032902451,-5.48388397266
1.10410128723,-5.5318688373
1.10286149166,-5.4967752749
1.09890383902,-5.45275444319
1.10352804426,-5.50369696441
1.09902928688,-5.47962629194
1.10066100269,-5.40832144948
1.09979202705,-5.4847809696
1.09817930465,-5.45674009833
1.0965297025,-5.40694839593
1.09886145969,-5.53335074516
1.09798632963,-5.52226964281
1.09725528538,-5.45029500408
1.09584383489,-5.49402059486
1.09238802236,-5.40898322202
1.09171104713,-5.40386556966
1.093877383,-5.38177023464
1.09237909659,-5.42894016693
1.09024967577,-5.32117922942
1.09166576166,-5.42254158034
1.09379991947,-5.44103390801
1.09147219483,-5.43095332446
1.09323782108,-5.40386030679
1.09133356838,-5.37809172493
1.09103917057,-5.30694890963
1.09319595485,-5.42381176759
1.09391636683,-5.3823099871
1.08874074803,-5.35458317667
1.09236651213,-5.43627870912
1.09195778915,-5.34150305433
1.09383682142,-5.45906869896
1.091257716,-5.38646537209
1.0927252271,-5.3565973434
1.09152879166,-5.34698817491
1.09433408927,-5.39754218711
1.09444439121,-5.452975236
1.09114058073,-5.26471672636
1.09082096754,-5.44199580947
1.09522324046,-5.42121315116
1.09338576606,-5.3941174454
1.09462913199,-5.42914018517
1.09277737339,-5.41749539241
1.09282091929,-5.42789678507
1.09148687107,-5.39353281132
1.09618562305,-5.46354599684
1.09221257761,-5.3743684918
1.09256649516,-5.40697865354
1.09389964149,-5.43274233278
1.09586302911,-5.45078560422
1.09234716442,-5.32923171732
1.09454988243,-5.47232999172
1.09131456259,-5.39489030678
1.09192810536,-5.38251641119
1.09371773802,-5.36475610594
1.09466591673,-5.35309165223
1.09003915286,-5.3444558256
1.09220454776,-5.44762312509
1.09314875333,-5.35549152849
1.09337248251,-5.34325432686
1.09272828545,-5.40435149479
1.09263370954,-5.36453589613
1.09064283607,-5.37039331697
1.09386381168,-5.36655584654
1.0926655451,-5.41814389163
1.09274404122,-5.43769066405
1.09100658229,-5.33450885748
1.09545116808,-5.38673039391
1.09078191092,-5.27562180227
1.09214046197,-5.32347679667
1.09258603704,-5.37079420501
1.09295157994,-5.36075907706
1.09264603271,-5.30609258378
1.09392450621,-5.36679165787
1.09258101529,-5.35836797413
1.09212754624,-5.30212477648
1.09276665829,-5.313729439
1.0933578984,-5.382590102
1.09226202743,-5.33049456134
1.09328411565,-5.3600346462
1.08897578339,-5.25411104555
1.09302009222,-5.30771980669
1.09254921318,-5.33007157545
1.09303855182,-5.33121963824
1.08958330774,-5.30703698502
1.09426294783,-5.36946846924
1.09220644711,-5.32370053517
1.09242357855,-5.38491114077
1.09105212794,-5.29213866345
1.09288061272,-5.29468209877
1.09095596569,-5.31872272861
1.09176965621,-5.33005398371
1.09070257643,-5.28974803528
1.08988268347,-5.2941112036
1.09129765137,-5.34209570475
1.09298885522,-5.33179559501
1.09099037064,-5.33479145092
1.09264349596,-7.84421989722
1.0905604262,-3.44091556589
1.09099370901,-4.37758684314
1.08932178516,-4.87903636824
1.09285232654,-5.20496449551
1.09084811382,-5.44755731003
1.09212174917,-5.52049968445
1.09025690746,-5.43001334809
1.09309569107,-7.42673868702
1.0933412657,-7.45198199705
1.09070499275,-4.79539786112
1.09044120327,-4.71270272434
1.09416207534,-4.9683774901
1.09484196454,-5.01239614085
1.09479856483,-5.16943069212
1.09204063991,-5.11262870452
1.0967233383,-5.22850041662
1.0930544796,-4.97093436899
1.09680401684,-5.49192282138
1.09359049308,-5.07626990229
1.0943535953,-5.14617044409
1.09238954371,-5.18051888642
1.09634420258,-5.29300467637
1.09462426941,-5.19414016904
1.09156941344,-5.31883965407
1.09309705789,-5.25598441908
1.09422096347,-5.1837337919
1.09286936826,-5.19876335015
1.09401179166,-5.20003867765
1.09209191344,-5.21115066236
1.09154323566,-5.15854687375
1.09236085404,-5.13345628502
1.09572027289,-5.27645836475
1.09216435903,-5.18635255829
1.09448632202,-5.26755745567
1.09372748993,-5.31932647846
1.09323584743,-5.26983278426
1.09370735951,-5.22928934259
1.09527785528,-5.2515239971
1.09124800426,-5.21104496278
1.09472464756,-5.21452471472
1.09478395868,-5.28625749563
1.09378516729,-5.37598872427
1.09057837379,-5.262859919
1.09292562707,-5.32784588582
1.09092857616,-5.25400360184
1.09213410088,-5.28733134093
1.0910981089,-5.27395087272
1.08956277594,-5.26590627834
1.08747424654,-5.25677357574
1.09211432289,-5.2339564132
1.09058632128,-5.34710045477
1.08775747793,-5.22517706664
1.08991257163,-5.38968281332
1.0910084667,-5.34382414767
1.08865297033,-5.35410768407
1.09028188359,-5.33815826181
1.08920674657,-5.34645894124
1.08916931706,-5.33993687561
1.08985639034,-5.34979122562
1.09130058964,-5.39441548973
1.08752983546,-5.31245607543
1.0898646587,-5.38255472118
1.0897939497,-5.3552604411
1.09122479486,-5.33147287582
1.0900680449,-5.33542919605
1.09101561102,-5.31771363601
1.08781339638,-5.3010979127
1.0914928792,-5.38590764754
1.09180750788,-5.29687005978
1.09053015292,-5.38501652067
1.08784681995,-5.35009640702
1.09204977571,-5.41203199257
1.08990400291,-5.32426158007
1.09052889142,-5.29051719628
1.08975125992,-5.32239892427
1.09013191535,-5.38482388269
1.09041082718,-5.3527787153
1.09300889481,-5.38288325043
1.08909993158,-5.38766253246
1.08967622238,-5.35114096449
1.09138868305,-5.38658211932
1.09337801474,-5.35827558203
1.08969509839,-5.42617804279
1.09169210928,-5.32107616632
1.09079365686,-5.35263915055
1.0889222495,-5.38338854083
1.0914167024,-5.37977562761
1.0931672212,-5.44175187986
1.08885363614,-5.3233503757
1.09036203204,-5.35291121985
1.08977746017,-5.31779491394
1.0898020465,-5.30422614467
1.09174114488,-5.30458553817
1.09155928329,-5.33572179421
1.08857653088,-5.28275254371
1.09095618573,-5.3153284462
1.09238523363,-5.3813973348
1.09050358161,-5.38333863612
1.08911121965,-5.35335968168
1.09300350011,-5.367199265
1.09038103042,-5.31909275047
1.09165352077,-5.33801012557
1.09096353626,-5.40499491626
1.09024045409,-5.41428763045
1.0914093414,-5.38744263097
1.09333109135,-5.27603046067
1.08986465708,-5.35815119502
1.09073825892,-5.38800826117
1.09244481384,-5.35528904804
1.09140464944,-5.40940840556
1.09025599939,-5.37034103356
1.0921662104,-5.42605123688
1.08911826199,-5.33541281825
1.09007480093,-5.33407769849
1.09141497252,-5.37024990929
1.09238760031,-5.34270843215
1.08892345752,-5.36205911993
1.09051833375,-5.39662647889
1.08976950819,-5.36512295186
1.08981545335,-5.31458536187
1.09006351036,-5.33495740399
1.09065269135,-5.33842686503
1.0871429142,-5.2625137415
1.0917501684,-5.34428306387
1.08998413545,-5.33870973376
1.09013220163,-5.37383708744
1.08857334748,-5.3754077609
1.09011157259,-5.28469250012
1.09009502048,-5.34423560167
1.09156959829,-5.28505806476
1.0888398926,-5.30467211036
1.08798517881,-5.3367689431
1.08936305343,-5.36585697614
1.0937250968,-5.43442845127
1.08922059394,-5.31235236836
1.0908779631,-5.34764458707
1.09039115617,-5.36771843921
1.09179860381,-5.36022902574
1.09004744106,-5.35053863257
1.09410953527,-5.43231020565
1.0886635675,-5.37683083458
1.08910554542,-5.32036680899
1.09048752592,-5.32575333875
1.09041527798,-5.36822301872
1.08747911987,-5.28634675874
1.09103250906,-5.33875806099
1.09013618685,-5.36297928853
1.09035802516,-5.40194934264
1.09041940185,-5.32109973966
1.09028114415,-5.32269404084
1.08777824935,-5.3279697116
1.09205477088,-5.38529514497
1.09063447146,-5.33303039216
1.08892598564,-5.20950507998
1.08686220183,-5.27596341835
1.08872505225,-5.26090885093
1.08887970345,-5.27012709857
1.09150206832,-5.29245620181
1.08992720475,-5.3327762469
1.08896820214,-5.25557404755
1.08970008652,-5.23478416557
1.12277971972,2.50279864904
1.08755056374,-5.59941581775
1.08990101985,-4.14576052441
1.09178592827,-4.07562364669
1.092275895,-4.59243055889
1.08972044683,-4.8735590586
1.09196248027,-5.15286693964
1.0898988951,-5.26920059247
1.0917726743,-17.1835435583
1.08796300205,-6.89674781396
1.09282615325,-6.92332378947
1.08812046847,-5.90578005701
1.09146472615,-5.55547210632
1.0897820996,-5.42493341803
1.09115831074,-5.24500404164
1.09168239354,-5.31707621063
1.09015293209,-5.30711070319
1.085724648,-4.85086664152
1.09416083295,-5.59374768452
1.09294059226,-5.43213398817
1.09078197463,-5.29373925288
1.08922970527,-5.33579254328
1.09205150045,-5.3570417667
1.09058571706,-5.30943721146
1.09134572097,-5.30896468272
1.08981836849,-5.29917428396
1.09005677042,-5.30217074357
1.09163678032,-5.31751093076
1.09158673186,-5.35936676824
1.08764867074,-5.27755591077
1.09107347246,-5.34005154466
1.09100147852,-5.32954549751
1.09151994081,-5.30397187027
1.09015998705,-5.30678843789
1.09158306139,-5.32185694653
1.08854010298,-5.29102299294
1.09043628719,-5.36845133381
1.09042927322,-5.32572806054
1.09019772151,-5.34247363099
1.08931956385,-5.30257537747
1.09154923854,-5.352386778
1.08934744485,-5.26332891751
1.09131618527,-5.34601336298
1.09190715968,-5.36905141081
1.09102805432,-5.33015474129
1.08795196614,-5.32725740035
1.09195111455,-5.37440506228
1.08967975175,-5.3260874261
1.08887995652,-5.36449714242
1.08966897524,-5.31951162709
1.08991843885,-5.28321699906
1.08835474807,-5.33639767845
1.09049342407,-5.3754754301
1.08781330141,-5.2228527307
1.08898007152,-5.25933497735
1.09011952525,-5.27407609731
1.09138828757,-5.35059468077
1.08651462713,-5.19080409461
1.09004372058,-5.32493496491
1.08892975572,-5.32168180848
1.09039859928,-5.30766610595
1.0896265551,-5.33054669316
1.09071979276,-5.25863841686
1.08689704618,-5.26174033494
1.08888899623,-5.24505028646
1.09139795963,-5.36821571976
1.08808512779,-5.29165046547
1.08747112956,-5.23055292233
1.09016287381,-5.27859313724
1.0883544832,-5.32391068751
1.09014771696,-5.27080532856
1.08932829378,-5.27140729795
1.08958598192,-5.30109675134
1.08762683761,-5.23752332231
1.09119435878,-5.22468554691
1.08979330093,-5.35600737682
1.08877033398,-5.33868583385
1.08861894231,-5.22374474196
1.08849124541,-5.21542701909
1.08863825684,-5.25875326169
1.09091545438,-5.32129596553
1.08858201201,-5.35032889707
1.08745204836,-5.27980764175
1.09009873662,-5.34383445423
1.0894941107,-5.29749664016
1.08635801897,-5.22459967914
1.0892984531,-5.33029056599
1.08839535195,-5.25271087982
1.08982652417,-5.3576157659
1.08861853045,-5.26279509831
1.08775396648,-5.2227964086
1.08686185678,-5.26257260948
1.09075247858,-5.28428244119
1.08981352565,-5.29812778625
1.08943369068,-5.27261438136
1.08846442881,-5.25432881896
1.06257385953,-3.55207420454
1.08285288788,-4.7163945051
1.08415672514,-4.23241290987
1.08287874975,-4.40996375477
1.08257653692,-4.40876289272
1.0816340013,-4.31414239193
1.08498228786,-4.41049481967
1.08220121938,-4.34795060286
1.08250288948,-4.36139612018
1.08182586062,-4.26880158746
1.08191561333,-4.17987810853
1.08169100751,-4.31648545078
1.08331141297,-4.15720832311
1.08036613692,-4.19898556229
1.08133473809,-4.1127175329
1.08244240225,-4.20719345898
1.08324293082,-4.1818791088
1.07996593798,-4.21111818483
1.0833069656,-4.20752855617
1.08232779347,-4.2446577171
1.08265203556,-4.19305194909
1.08117258938,-4.2340783246
1.08176364908,-4.26242592148
1.0803415101,-4.22905169852
1.08309729573,-4.28426167543
1.08195276111,-4.23495000893
1.08068028166,-4.20133574792
1.07979897764,-4.22583974264
1.08158315218,-4.2131344161
1.07851417855,-4.22804675788
1.08119644455,-4.17212658392
1.08135352465,-4.21781046866
1.08005267897,-4.16536541042
1.08002233177,-4.19485920259
1.08440202757,-4.20717495852
1.08101923408,-4.19991472909
1.08262884843,-4.19983275163
1.08251380188,-4.20130654944
1.08331127755,-4.2094057206
1.08201155431,-4.21707731941
1.08497859212,-4.1937633144
1.0824998946,-4.2175163982
1.08407176906,-4.2013875864
1.08736979307,-4.26657853345
1.08738889242,-4.26145752285
1.08589604589,-4.25698596659
1.09055905609,-4.32696097676
1.08904771185,-4.21750580746
1.08930245428,-4.24032330108
1.08901870048,-4.24111495514
1.08697843444,-4.19228095369
1.08631213213,-4.23910282569
1.08888834518,-4.22443181261
1.08797331689,-4.21839767651
1.08635426837,-4.16159808164
1.08645579991,-4.27789219157
1.08747451213,-4.21591137308
1.08759250896,-4.29973567021
1.09107241307,-4.21686847975
1.08919552295,-4.20223042894
1.08776098456,-4.19526169706
1.08911552668,-4.24941525425
1.09107002771,-4.23374327929
1.08776023201,-4.19136490619
1.08779399621,-4.14863690965
1.08753208082,-4.24215048648
1.08781832284,-4.16084267175
1.08718464416,-4.17054236741
1.0874799719,-4.16318010697
1.08473108279,-4.16639057979
1.08708495233,-4.20322718943
1.08854550637,-4.18818741727
1.0879289545,-4.22181339855
1.08234002475,-4.20662844186
1.08411067092,-4.18623577476
1.0822036198,-4.18869826907
1.08349433369,-4.15338900118
1.0817696801,-4.20070123628
1.08018100048,-4.22139842066
1.07904569137,-4.12965631923
1.08369972619,-4.17177035229
1.08292817396,-4.16446666712
1.08516870339,-4.19789276441
1.08520819969,-4.11693900126
1.08684748327,-4.15092310376
1.08544728331,-4.17288349851
1.08809370493,-4.14940813212
1.0860947163,-4.19907576966
1.08618187628,-4.17730531003
1.08484219122,-4.13267401111
1.08585577627,-4.1379245668
1.08215195725,-4.16785452677
1.0839460729,-4.17656711221
1.08223349066,-4.13958572369
1.08356488593,-4.08923351047
1.08311382436,-4.17116649238
1.08528949862,-4.18932852974
1.07953168824,-4.12475394916
1.08304603083,-4.14220915283
1.08552646066,-4.18101364551
1.08439224629,-4.13041794527
1.08254347321,-4.13674595181
1.08496117654,-4.17101592317
1.0840821111,-4.16325861367
1.08731129324,-4.149198459
1.08601184403,-4.18749058143
1.08476250711,-4.04600253014
1.08688345657,-4.14204994222
1.09031657424,-4.2128378284
1.08586313039,-4.12552557012
1.0845618407,-4.08000109244
1.08508523426,-4.18742744187
1.08553042433,-4.14051652425
1.08172850739,-4.08720998126
1.08236943847,-4.1193187403
1.08001317007,-4.12436306175
1.07925800779,-4.15140303229
1.07929034816,-4.156238567
1.07996668426,-4.18643656613
1.07662334563,-4.1209837227
1.07924229106,-4.08479476399
1.07791429494,-4.13252991768
1.07726411112,-4.12176051731
1.08069947348,-4.17880112449
1.08095692442,-4.18387002863
1.0777503312,-4.11673897279
1.08178598121,-4.14665179245
1.08015981841,-4.12022796897
1.07987056761,-4.13861535746
1.07854686982,-4.14416027275
1.08206383731,-4.16335933735
1.07952128892,-4.16089615158
1.08170744745,-4.12890746264
1.08087550571,-4.18871875456
1.07908120803,-4.0631968705
1.07852015935,-4.07035955642
1.082482161,-4.09819123699
1.08121713103,-4.17361651366
1.08191339505,-4.07067223219
1.08118206288,-4.10264857278
1.08153911785,-4.08644147784
1.08028419351,-4.13057656215
1.08337093225,-4.75619024714
1.07992461272,-2.44414131156
1.08080845685,-3.27320802188
1.08042250482,-3.69872118261
1.08087724522,-3.95048069832
1.079069589,-4.1200049498
1.08132232284,-4.3348015509
1.08020941781,-4.30420589781
1.08109461991,-9.41064977562
1.07908854678,-5.11439267101
1.08043995485,-3.53697115302
1.07730368254,-3.62501975218
1.08115639289,-3.84753060063
1.07913326317,-3.9621264239
1.07852637296,-3.98086246851
1.07580586096,-4.02820524579
1.07836886732,-4.0489703404
1.07754962747,-4.06009615547
1.07887702999,-4.06960012281
1.079288442,-4.09996351308
1.07783969556,-4.08103195502
1.07647834826,-4.04845977747
1.07969137919,-4.07679606259
1.0781569507,-4.05990801889
1.07892454752,-4.06674303392
1.07754864293,-4.06965651454
1.0791710501,-4.08995659626
1.07829580648,-4.0902679755
1.08061017111,-4.05140124219
1.07725095481,-4.14654426352
1.07701634055,-4.06244973437
1.07919320664,-4.09459127763
1.07863967293,-4.0737481545
1.07590624586,-4.10572050132
1.07871675343,-4.106046966
1.07704337974,-4.03853621754
1.07735155565,-4.03516494312
1.07909261523,-4.03917669786
1.07889022615,-4.09294290514
1.07475492355,-4.01917887255
1.07782296685,-4.09466233755
1.07938604155,-4.11379162123
1.07815998101,-4.07085499238
1.07596229116,-4.09005289432
1.07802525851,-4.09423091609
1.0765037826,-4.10739010758
1.08007295219,-4.07164835102
1.07773416289,-4.06692024979
1.07680144709,-4.09406822585
1.07789400134,-4.1274731255
1.08115812445,-4.05003314914
1.07778006898,-4.10265036241
1.0769133756,-4.04950940473
1.07714429845,-4.1199403493
1.07933996508,-4.10412870159
1.07885663258,-4.13030372686
1.07987554266,-4.10781456083
1.07784323964,-4.12452646166
1.07781908463,-3.99586297666
1.07891620368,-4.01998580806
1.07939534269,-4.09692808707
1.07730594426,-4.11551434437
1.0793854309,-4.08238602241
1.07792908517,-4.12735322388
1.07918713717,-4.10715423637
1.08005130861,-4.14573926636
1.07922468353,-4.11120073525
1.07584879981,-4.11676412792
1.07967077684,-4.08216699744
1.07864403867,-4.14319489769
1.0785093679,-4.0739870894
1.07737371176,-4.10525790923
1.07853249325,-4.0677718853
1.07754025117,-4.13073339003
1.07904468346,-4.11386156511
1.07614878755,-4.10127182516
1.07593491561,-4.0841670697
1.07788641813,-4.14943376163
1.08112395181,-4.17391251089
1.07615103611,-4.12094973088
1.07747663065,-4.11495900342
1.07814960558,-4.15282686661
1.07825270228,-4.0640145329
1.07793437719,-4.12665493544
1.08162974863,-4.1817480709
1.07843717019,-4.1637802349
1.07836176886,-4.08688055237
1.07847117461,-4.03148208392
1.07913820973,-4.16687742382
1.07852841811,-4.10520226312
1.08089985915,-4.14592906974
1.07873493373,-4.13097763166
1.08048319096,-4.10236191473
1.08060270288,-4.11105189099
1.08022977113,-4.15216668531
1.07787870425,-4.07972329797
1.0818550097,-4.10701926296
1.07887626137,-4.13805287045
1.07906951012,-4.13083302171
1.08016557766,-4.06210037036
1.08025206332,-4.10339497133
1.07919528186,-4.13025830051
1.08244136173,-4.07385942579
1.08119245138,-4.14699079231
1.08092730928,-4.12143309065
1.08206980358,-4.07005731786
1.08505869302,-4.10106018405
1.0814983768,-4.11184411329
1.08323068772,-4.08174184393
1.08239726075,-4.12714456745
1.08291750464,-4.08851964686
1.08378702776,-4.11829089088
1.08455788499,-4.11077883826
1.08174341249,-4.12117758136
1.083447988,-4.09389431432
1.08430675557,-4.12239425914
1.08397226678,-4.14462605726
1.08301795207,-4.18450973306
1.08442346145,-4.09097898261
1.08417573376,-4.0874768989
1.08705906757,-4.09504114637
1.08553304912,-4.05311594024
1.08490707965,-4.14376804487
1.08280081293,-4.10738664249
1.08867027511,-4.16484779441
1.08563356074,-4.10088669406
1.08825224926,-4.10907108805
1.08624868405,-4.14402789001
1.08486113395,-4.06027910326
1.08656120289,-4.15765760321
1.09049299437,-4.16473795491
1.08601556849,-4.09103533549
1.08496309217,-4.13321117388
1.0857943876,-4.16844253487
1.08721434088,-4.06972355185
1.08444436666,-4.1921847415
1.08545283922,-4.10678867785
1.08411699376,-4.12637938347
1.08536309734,-4.14142925361
1.08471011849,-4.11660317407
1.08475826737,-4.08787040396
1.08277547141,-4.16606499495
1.08623535093,-4.07143241994
1.08470095533,-4.11738945039
1.08513595033,-4.08826245028
1.08340091287,-4.0987672796
1.08529073702,-4.07147604832
1.08383501677,-4.15973107292
1.0863042077,-4.10510818147
1.08575434985,-4.07207140272
1.08465178088,-4.11109877402
1.08316558035,-4.10906924999
1.08630332323,-4.13014414406
1.08535449,-4.11117722516
1.08591124308,-4.15772023857
1.08481598238,-4.15609387835
1.08500413137,-4.06202005068
1.08446170686,-4.08631522205
1.0862919352,-4.06538917857
1.08231458572,-4.10830632626
1.08408750721,-4.11484640652
1.08547384512,-4.14025710399
1.1161342599,3.21296767974
1.08206471068,-4.36855550234
1.08396507877,-2.99124593102
1.08425063017,-3.04708171565
1.08297450204,-3.34825295485
1.08398909525,-3.66928829216
1.08419136637,-3.9371571417
1.08095249643,-4.09715220049
1.08510093048,-15.5230419039
1.08021428612,-5.94991338953
1.08452606328,-5.5938548393
1.08407887539,-4.78501037319
1.08454524144,-4.53186291045
1.08173053071,-4.28095621112
1.0846202999,-4.15383968714
1.08402402746,-4.09849798638
1.08310488314,-4.11493665719
1.08268495139,-4.21879923799
1.08489926557,-4.19483746201
1.08264804891,-4.10233376102
1.08455705501,-4.1395643619
1.08377780375,-4.13078360177
1.08326079605,-4.08678285439
1.08374131648,-4.13431684481
1.0854252387,-4.05704811175
1.08286622574,-4.1415264822
1.08438874192,-4.13432434749
1.08440508768,-4.08180241468
1.08519039918,-4.07619608658
1.08230777097,-4.06607347212
1.08520228175,-4.11272127487
1.0816949243,-4.07746152414
1.08306325619,-4.08073733228
1.08561331579,-4.13324974958
1.0849987864,-4.12077460554
1.08112666039,-4.12089266647
1.08313236032,-4.11168422897
1.08256759005,-4.09875457034
1.08090394291,-4.06053764373
1.08206919908,-4.11813002297
1.08395484423,-4.07463849338
1.07984174668,-4.14752461235
1.08277035831,-4.06181327378
1.08082869931,-4.05531209416
1.08093106567,-4.09887773213
1.08065810407,-4.0935771436
1.08339273771,-4.04912786514
1.08165480847,-4.12227092106
1.08164023995,-4.08812579016
1.08057327903,-4.06222865524
1.08070313713,-4.06705907866
1.08195451815,-4.09496649781
1.0839814403,-4.08010242153
1.07992608909,-4.07575682363
1.08077040603,-3.97868804867
1.0824604092,-4.03766620834
1.08337026162,-4.1628739801
1.08068045139,-4.09122555559
1.08380247602,-4.15662387742
1.07896149217,-4.15432300165
1.0819282076,-4.14583812552
1.08274169162,-4.0492659722
1.08165126265,-4.07953124374
1.08017818068,-4.08161739761
1.08350557177,-4.16211237586
1.08189709083,-4.04752646385
1.07977318484,-4.00144820481
1.08016225601,-4.12749543178
1.08235674612,-4.1371284499
1.07968373759,-4.02573580625
1.08273814855,-4.12717519168
1.08262898904,-4.12810969593
1.0806345905,-4.14046765065
1.08040068002,-4.08934415793
1.08280284512,-4.12813436613
1.08066005515,-4.07861873987
1.08268881286,-4.12470056566
1.07961199316,-4.15035576797
1.08166698733,-4.17555460054
1.08281505788,-4.08857242829
1.08302420818,-4.12145780254
1.07944057641,-4.11573607533
1.08225195567,-4.10226470998
1.08390120559,-4.03083623879
1.08312119088,-4.15608621436
1.08108057876,-4.06478059839
1.08180660453,-4.09266630287
1.08095166869,-4.10872541026
1.08482664915,-4.16451888386
1.08313803817,-4.07332728622
1.08196924394,-4.11163261486
1.08170759881,-4.17593612117
1.08491125264,-4.08531201775
1.08196760161,-4.08144439773
1.08234692746,-4.04465208481
1.08167541076,-4.02664022807
1.05622354034,-3.61808922506
1.07602107014,-4.64609678799
1.07923052852,-4.57769547248
1.07810280423,-4.68496768579
1.07589962362,-4.59855087763
1.07761896824,-4.58720272446
1.07808503205,-4.59933310299
1.07682531933,-4.67806735065
1.07726312511,-4.62644111265
1.07300726454,-3.91214698557
1.07553861784,-4.06997044693
1.07734117277,-4.01449362556
1.0763030891,-4.00165178493
1.07265840697,-3.98176565465
1.07698523584,-4.00008364036
1.07742339482,-4.00396983026
1.07624195475,-4.01700612641
1.0736892157,-3.97361437901
1.07665659688,-4.01593021194
1.0747419198,-4.04879162991
1.07625682609,-3.96515750537
1.0779317825,-4.02764682316
1.07611754127,-4.01152979265
1.07570220559,-4.0745826361
1.0796665479,-4.06396158407
1.07681578485,-4.04474678505
1.07795295777,-4.01943913936
1.07730916254,-3.97332950865
1.07716671893,-3.94285806592
1.07641903552,-3.98500383599
1.08004045136,-4.04351703915
1.07681562262,-4.03653716334
1.07596736479,-3.98913185643
1.07730619347,-4.02176539695
1.07795483261,-4.06473787437
1.07636309356,-3.96962075532
1.07782130722,-3.96925384168
1.07662974032,-4.01312298751
1.0769033368,-4.04586959162
1.07673040254,-3.97392239088
1.07825443553,-3.93721884031
1.07547139928,-4.04004540085
1.07817982304,-3.96281080521
1.07819149606,-4.01684028637
1.07764319799,-3.99182590139
1.07809899362,-4.01574147255
1.07850983854,-4.03703843393
1.07711800766,-4.00225607274
1.07895642313,-3.93754667917
1.07907379449,-4.03613162453
1.07777987362,-4.04090062026
1.07811597494,-4.01891044809
1.08041289583,-3.94406693207
1.07807111752,-3.92263474929
1.07866823631,-3.96813433668
1.07915935655,-3.98506597137
1.07894391787,-3.93672764476
1.07939500892,-3.98627722743
1.08289781383,-4.00959822445
1.07877346615,-3.98639562865
1.07797949372,-3.95610124804
1.07973592853,-3.9603177876
1.08093035559,-3.96962033892
1.07931597095,-3.98442762488
1.07970871138,-3.98195265347
1.07882903049,-4.00767239476
1.0792299062,-3.9705426006
1.08100328033,-3.98477469217
1.08071243212,-3.94221988835
1.07667638342,-3.96841858075
1.07897871747,-3.96530345547
1.07943172017,-3.91566091717
1.08218773195,-3.99530348376
1.08279440201,-4.07840876364
1.08348290212,-3.99937854807
1.08270315303,-3.96777006915
1.09147588323,-3.99174190253
1.09027672916,-4.04730883246
1.08999920702,-3.91821920797
1.0908048646,-3.95323889064
1.09373770163,-3.93135338245
1.08978816066,-3.98523479437
1.0919482338,-4.07602586888
1.09086215888,-3.94628241779
1.08986457557,-3.99679739729
1.08915941666,-3.93799763465
1.09186133457,-4.00432620507
1.08757706127,-3.99712524956
1.08702186837,-3.96248978783
1.08820086829,-3.9366463632
1.09000314427,-3.99577694229
1.08890411593,-3.93628436064
1.09170214061,-4.01166541876
1.08903724441,-3.97207482627
1.09046315928,-3.97271037894
1.0919194971,-3.96951586079
1.09371034918,-4.00324205398
1.09006245754,-3.96828054603
1.09521775101,-3.96549287277
1.09400351544,-4.01042773234
1.09363264316,-3.96285248703
1.09209117922,-3.94923369091
1.09243047217,-3.96728327214
1.0902964813,-3.93128382174
1.09278416221,-3.97309562382
1.08730555906,-4.01250051595
1.0858889418,-3.95711962266
1.08625942568,-3.92106430499
1.08628619475,-3.95715656756
1.08040252285,-3.91249508306
1.08383479799,-3.96222777013
1.083583969,-4.01982073263
1.0829458901,-3.97147847322
1.08403757439,-3.98352955495
1.08630102968,-3.932362084
1.08304951688,-3.93372362237
1.08400936716,-3.87244049701
1.08526966518,-3.94572343046
1.08393612802,-3.89075919751
1.084699141,-3.91224604738
1.08660591569,-3.91683921418
1.08348610372,-3.90617663441
1.08597372627,-4.02243074869
1.08638531752,-3.92259685805
1.08411312053,-3.89898265596
1.08304829,-3.99497534659
1.08610868762,-3.98742045172
1.0842261072,-3.95606109229
1.08422321016,-3.93985752692
1.08514575062,-3.93337389542
1.0834923542,-3.98072267224
1.0823073066,-3.9392523282
1.08416046839,-3.91341114236
1.08354045986,-3.93078666165
1.08384912883,-3.96343672805
1.08376424747,-3.94197020258
1.08480504094,-3.89761768519
1.08123032634,-3.90127879944
1.08492121657,-3.96892293351
1.0819872963,-3.91184595726
1.08237571273,-3.89798307973
1.08479903768,-3.90965950647
1.08474672605,-6.27893508842
1.08158900294,-2.26117964617
1.08220101395,-3.15060149655
1.08495349818,-3.61378782308
1.08316254996,-3.80333346174
1.08280025253,-4.0007365965
1.0852870801,-4.11306614557
1.08129325677,-4.08121530476
1.08613165664,-7.50079356224
1.0842308454,-4.85103462253
1.08356598731,-3.23581949503
1.08143221773,-3.40120065751
1.08508100432,-3.54863553008
1.08359429058,-3.73832022663
1.08552691456,-3.84911783079
1.08424537905,-3.82158361403
1.0822718746,-3.8219027477
1.0807503906,-3.69790761885
1.08526354274,-3.90256770895
1.08257845752,-3.86887075961
1.08134929932,-3.87274465066
1.08289561836,-3.86441730939
1.08380085568,-3.79858683949
1.08110100119,-3.86171633346
1.08270086229,-3.87909345172
1.08075332413,-3.90675637714
1.08224663159,-3.85595896471
1.08256725971,-3.92714159243
1.08364042964,-3.90768367827
1.08009376871,-3.94161264178
1.08224902024,-3.88316180334
1.08160891383,-3.85272360082
1.08217417635,-3.8895721274
1.08269756382,-3.93415044977
1.0832421524,-3.89577407048
1.08005006456,-3.89446516404
1.08310982298,-3.81680801752
1.08397038655,-3.95140671143
1.08173487499,-3.87394193372
1.08068474828,-3.91029570732
1.08454180056,-3.91081931547
1.08327039149,-3.82582150225
1.08395700796,-3.9211429438
1.08165155299,-3.87366804208
1.08148212106,-3.87635317037
1.08271326122,-3.90345165832
1.08484060327,-3.9101303778
1.08133553251,-3.90796438722
1.08138806034,-3.89368305712
1.0833799305,-3.86532043674
1.08376053154,-3.85739669664
1.08091710972,-3.93258787408
1.0824954704,-3.9089071224
1.08143722858,-3.85872157219
1.08206170415,-3.89126733892
1.08303818808,-3.88313953261
1.08407736409,-3.91926427745
1.08091277208,-3.93885285738
1.08236299623,-3.91390472076
1.08146897187,-3.88608917819
1.08093615183,-3.88016334538
1.08163093071,-3.86117879574
1.08242502355,-3.91358471199
1.07975699033,-3.92201776938
1.0829488137,-3.84995727119
1.08238890747,-3.87789852287
1.07982102243,-3.86672942343
1.07974336655,-3.91313872136
1.08426681306,-3.93274885897
1.08169538944,-3.89447622471
1.08289717971,-3.91841367502
1.08032287914,-3.89385682598
1.08150822882,-3.88227743974
1.08103380271,-3.94991074093
1.08408517862,-3.92653603911
1.08280003208,-3.94564489091
1.08368951095,-3.9445737013
1.08395245547,-3.93019713084
1.08342546405,-3.89438576161
1.08148178526,-3.91349809686
1.08381959475,-3.87093358346
1.0809331029,-3.88690738559
1.08342713247,-3.87693035173
1.08412863288,-3.83652639041
1.08273899945,-3.84709107446
1.08174995984,-3.89178360729
1.08353969559,-3.92100738262
1.08214593395,-3.93204296647
1.08296408713,-3.90341998917
1.08238256338,-3.85052709283
1.08319557032,-3.84805589467
1.08098774323,-3.92291858985
1.08494366317,-3.93506619195
1.08183881966,-3.83206945937
1.08061110333,-3.90492040517
1.08169938869,-3.92286771888
1.08512803088,-3.92958511607
1.08238718803,-3.93708208488
1.08353156493,-3.84567175695
1.08337579531,-3.90208528297
1.08136922271,-3.87269039263
1.08278739822,-3.89481700989
1.08631191665,-3.97022327661
1.08208960423,-3.9065705942
1.08344634106,-3.87911021744
1.08379640998,-3.88574909118
1.08528628094,-3.90545309574
1.08282069217,-3.90081977846
1.08339522407,-3.87784579504
1.08084933247,-3.93525860226
1.08416168621,-3.89225178276
1.08583667315,-3.88740347397
1.0832244372,-3.89734929591
1.08072772674,-3.9232903664
1.08296404931,-3.88309413764
1.08233488593,-3.91329264678
1.08182623766,-3.85290576243
1.08350467895,-3.88408478918
1.08223321929,-3.83683115589
1.07974466242,-3.80840042509
1.08497122105,-3.90470796913
1.08371961552,-3.88081804545
1.08177674023,-3.8740307795
1.08190470915,-3.9111469613
1.08275340807,-3.86930853882
1.08151435904,-3.83423390205
1.08354079561,-3.89954180148
1.08334901697,-4.02038080374
1.08177818123,-3.93082280249
1.08202397586,-3.89235261453
1.0857591354,-3.90519761298
1.08067032709,-3.90650405366
1.08257690677,-3.89992115554
1.08357046883,-3.85720150426
1.08388552707,-3.87664207802
1.08267722846,-3.85334574684
1.08319057308,-3.87736710604
1.08137875759,-3.84209267165
1.08314254766,-3.8148716377
1.08434315532,-3.910837746
1.08387659143,-3.90815471911
1.08228006903,-3.92977523101
1.08361680804,-3.83105014742
1.08145904685,-3.89332579868
1.08436680715,-3.9059091968
1.08362085648,-3.83183177157
1.08334749465,-3.87152901061
1.08143888597,-3.90262615117
1.08409810038,-3.82886596425
1.08307626523,-3.91374640187
1.08206920956,-3.88391958705
1.08255709067,-3.85672684587
1.08536854587,-3.89490965461
1.08185007902,-3.82569116017
1.08381438226,-3.82395153279
1.08202022061,-3.95901047914
1.08175460331,-3.90600355937
1.08308295109,-3.94284358311
1.0852860059,-3.9514432026
1.08189598079,-3.90972205857
1.08309919103,-3.91711781474
1.08507842628,-3.87541152841
1.11367244116,3.56548891816
1.08128202078,-4.19906636998
1.0840384802,-2.79458388483
1.0805176243,-2.803185461
1.0831028217,-3.24868495763
1.0828304483,-3.48469151231
1.08221933135,-3.79151906272
1.08227025124,-3.95590686195
1.08513385476,-15.2609330498
1.08081575589,-5.94902997301
1.08480533091,-5.3104165989
1.08329942682,-4.46205339406
1.082496466,-4.18336783092
1.08089727729,-3.96250861746
1.08525408387,-3.86395216741
1.08228461164,-3.8728723883
1.08099919214,-3.92713133841
1.08299221797,-3.92805348015
1.08306391843,-4.08588975673
1.08139913389,-3.91783391111
1.08389037093,-3.85061699853
1.08093767021,-3.7531718094
1.08062715098,-3.8243608211
1.08246316814,-3.90160474115
1.08470115329,-3.83958275963
1.0804728128,-3.86028372616
1.08335394616,-3.89175924104
1.08221088622,-3.93009097289
1.08107471349,-3.8492067058
1.08160881977,-3.91163488529
1.08217498306,-3.80679864677
1.08105340483,-3.85185984643
1.08274512105,-3.85419938167
1.08301032022,-3.81842840615
1.08107689875,-3.89233969879
1.08049260505,-3.89164448522
1.08325594929,-3.87129489992
1.08191344806,-3.87672596178
1.08347944618,-3.80791998895
1.08259054382,-3.91614036935
1.08193091144,-3.84621877449
1.08010099569,-3.80970385791
1.08575568723,-3.84989274787
1.08245991329,-3.86287624798
1.08303576285,-3.88560215828
1.08266898508,-3.82253521919
1.08316211464,-3.96330018054
1.08155159601,-3.88559304873
1.08505784012,-3.90688014096
1.08110579553,-3.84638764637
1.08000612686,-3.88962753495
1.08322560715,-3.81734076611
1.08526951807,-3.91239410452
1.0800544091,-3.81701201591
1.08386394372,-3.91564509861
1.08352050429,-3.92933508784
1.08286808342,-3.91510157604
1.08050892662,-3.8706742803
1.08205815786,-3.90965019711
1.07991007654,-3.87619088566
1.08459823536,-3.92588846183
1.08372731377,-3.93138779995
1.08244340749,-3.87978994078
1.08122042163,-3.86183086088
1.08439406044,-3.91403012185
1.08207138056,-3.93992133492
1.08400984405,-3.88604074602
1.08268387367,-3.9013829659
1.08266096427,-3.92542697922
1.08285670977,-3.97540351957
1.08345255825,-3.83182085466
1.0814632009,-3.89193489676
1.08259683085,-3.86535028447
1.08234127115,-3.85059965435
1.08282287999,-3.86146575068
1.08321859076,-3.85506542383
1.08327945928,-3.88011001957
1.0798591649,-3.9490330287
1.08221786301,-3.93421930525
1.08400961335,-3.95897723454
1.08343878599,-3.86545347184
1.0794589051,-3.85412008397
1.08306314566,-3.83874025411
1.08216253006,-3.87740549565
1.0831463908,-4.00760862439
1.08196543275,-3.89948537947
1.08279375376,-3.95022140263
1.0816947873,-3.93966529839
1.08271742395,-3.85984103184
1.08202405654,-3.8578711794
1.08070565006,-3.96842563797
1.08195210681,-3.95071183395
1.0828450687,-3.87908697899
1.0801534109,-3.94168066818
1.08212523692,-3.82677062009
1.08137698363,-3.83083620162
1.06226002032,-3.95674402425
1.08415918853,-5.07264173766
1.08543372683,-4.59933797529
1.08110938704,-4.51556095678
1.08376237735,-4.60969118534
1.08312479728,-4.55398927815
1.08428125188,-4.56619143077
1.08489266751,-4.69339448641
1.08445423924,-4.56110136537
1.08101520216,-4.36381915408
1.08455493261,-4.43227541621
1.08687389083,-4.45082085095
1.08591707647,-4.40772915829
1.08462631563,-4.41749940752
1.08817348074,-4.53392212797
1.08646531919,-4.41970396056
1.08509452353,-4.49963675081
1.08630106179,-4.4449800227
1.08510006313,-4.41759292209
1.08477872844,-4.52183306054
1.08727852844,-4.4759946158
1.08487148038,-4.41494675165
1.08317651134,-4.4601698359
1.08248719767,-4.41730187836
1.08534631281,-4.4589934784
1.08178956537,-4.45735931225
1.08551081091,-4.51301685304
1.08361483971,-4.47372327462
1.08414425075,-4.522381085
1.0837885384,-4.48001310843
1.08522264028,-4.38727203246
1.08421472289,-4.52670839157
1.08412553129,-4.41869803836
1.08671621595,-4.46845616758
1.08675596449,-4.45086555562
1.08651869124,-4.47977662697
1.08811537344,-4.48990270908
1.08361959398,-4.44285760546
1.08769083064,-4.55022348044
1.08756986058,-4.47726331085
1.08532901012,-4.45684336218
1.08269617251,-4.52764483026
1.08602370045,-4.49948374441
1.08301826078,-4.46769611701
1.08342263341,-4.4668453619
1.0824815684,-4.37507284566
1.08065764125,-4.42277636893
1.08110566641,-4.40977251394
1.08534667725,-4.44594606196
1.08317305143,-4.42954666533
1.08068468978,-4.4453532217
1.08212607234,-4.47120917306
1.0832367301,-4.44435583063
1.08076243631,-4.41763182801
1.08441543548,-4.44850067146
1.08187664052,-4.49826481921
1.08191881833,-4.4885330593
1.08236635062,-4.48325679848
1.08266450903,-4.44677949954
1.0803211475,-4.38246118191
1.08073242041,-4.48239424872
1.079932679,-4.47071642334
1.08051216542,-4.47265182766
1.08182732141,-4.4837683201
1.08259302589,-4.57527997969
1.07781320622,-4.48170692084
1.08099362203,-4.41898087793
1.08242687598,-4.52444066584
1.08051245528,-4.48083183457
1.07915116134,-4.45591525927
1.08213414339,-4.50100521667
1.07927995278,-4.46354718211
1.08166750355,-4.43615836478
1.07976866142,-4.41296926548
1.0787596042,-4.44793989623
1.07926211601,-4.46913824382
1.08340585582,-4.51985505495
1.0811818854,-4.47412964204
1.07932588656,-4.4844242578
1.08106509179,-4.42431226995
1.08136027625,-4.48146162491
1.07891435428,-4.50883977937
1.08162691269,-4.48458458987
1.08106604075,-4.47489179966
1.08051373212,-4.46676303857
1.08096088135,-4.47222369868
1.08295262544,-4.48494713051
1.0789155978,-4.47213461938
1.079387068,-4.47510918432
1.07996018981,-4.49651225635
1.08014102655,-4.4834380089
1.08206872687,-4.46179697893
1.08147022692,-4.51322160717
1.07825667321,-4.46439576107
1.0814438442,-4.46092671321
1.08174211466,-4.44191480096
1.07924154285,-4.48037334421
1.07844843928,-4.47729999425
1.08169382274,-4.45246212525
1.07898219183,-4.47697391822
1.08077446916,-4.49867598716
1.08052526375,-4.52782264928
1.07842538784,-4.4613994123
1.07875016223,-4.44610810959
1.08276428056,-4.51769409637
1.07803199794,-4.42084127537
1.07935158085,-4.47216376482
1.08126593963,-4.47192071389
1.08023446457,-4.47576834255
1.07711190035,-4.48038834262
1.08026617724,-4.48805837531
1.07843454111,-4.4375396699
1.07745954856,-4.45396636458
1.08005615056,-4.49469728243
1.08011511549,-4.49651129523
1.07688417177,-4.44187176847
1.0790092896,-4.43616199836
1.07772122001,-4.44642616989
1.07815824019,-4.44160769774
1.07912855034,-4.53785068802
1.07999444326,-4.44436534017
1.07585107178,-4.46641479317
1.07986223716,-4.50384930041
1.078662396,-4.47964908293
1.07800808131,-4.438588885
1.07793542496,-4.41109604604
1.07794733066,-4.50605524213
1.07789524373,-4.48621620319
1.07731757446,-4.42379818613
1.07788387689,-4.44494461379
1.07536723392,-4.42005497523
1.07736026685,-4.45322805665
1.07878192745,-4.45456198511
1.07490911456,-4.43325207143
1.07737763363,-4.46968501434
1.07768969618,-4.49152922419
1.07941870685,-4.52367811505
1.07687035069,-4.48562903959
1.07907170345,-4.45660320201
1.07581420161,-4.48021510843
1.077302093,-4.44991105539
1.07871755133,-4.4829105649
1.07671458456,-5.29878073114
1.07552516683,-2.97623019303
1.0776027452,-3.70083462808
1.07673184261,-4.06372368516
1.07730675146,-4.40313805749
1.07745758125,-4.52013330601
1.07875711593,-4.64241338389
1.07490049563,-4.66164260128
1.08010430582,-9.85636216322
1.07810502941,-5.32690461007
1.07653877492,-3.78654581163
1.07648450091,-3.9584513683
1.07604960178,-4.15271289211
1.07560059494,-4.3331103197
1.08014402394,-4.36767019307
1.07472819355,-4.36790153926
1.07548893728,-4.43940184978
1.07726998834,-4.31426545946
1.0797707341,-4.59582826919
1.07570072944,-4.39035060938
1.0765713828,-4.43543787699
1.07717882859,-4.39438001233
1.07789657097,-4.42316663835
1.07675119457,-4.37989822947
1.07839452879,-4.43825155022
1.07626770217,-4.45486868928
1.07671357087,-4.40465784882
1.07880086087,-4.45921082858
1.07752380379,-4.42332327648
1.0756360816,-4.45980015718
1.07916713799,-4.47498474135
1.07680060288,-4.51465193576
1.07661011889,-4.40678273672
1.07779173558,-4.49452405053
1.0756805324,-4.43137174262
1.07375222983,-4.37945178237
1.07768969334,-4.44439506191
1.0763872993,-4.40438896123
1.0737795081,-4.35342721925
1.07458987313,-4.44961479268
1.0754346999,-4.43300824195
1.07590137954,-4.41732619174
1.07528893661,-4.36592232396
1.07259246575,-4.39362989041
1.07356540501,-4.39605634896
1.07687110758,-4.44599724258
1.07692013459,-4.41349755516
1.07398881077,-4.47199598163
1.07544628069,-4.44894200349
1.0749946319,-4.35063111268
1.07429161869,-4.360046686
1.07370979808,-4.38202560597
1.0764267365,-4.46083329509
1.07313063523,-4.3906387
1.07516444276,-4.33539476024
1.07543523268,-4.41972929035
1.07438788908,-4.40412703231
1.07325947497,-4.41804071893
1.07760357991,-4.4263926618
1.07675422106,-4.41163731376
1.07790654654,-4.39108729939
1.08062621894,-4.43826615581
1.07749300542,-4.39463527702
1.07769030262,-4.429068638
1.08077232955,-4.42193656572
1.07874677535,-4.41990541088
1.07856493045,-4.39613024805
1.0785487316,-4.38674452007
1.07763185816,-4.39572660683
1.07571789353,-4.40015737451
1.07802078199,-4.42974271884
1.0756649515,-4.38231702287
1.07530675973,-4.40147063096
1.07669014974,-4.39540714947
1.07856025079,-4.41948332311
1.07427577611,-4.39921360443
1.07791513003,-4.36655942004
1.07640636773,-4.44329522932
1.07666057738,-4.43006593327
1.07736413369,-4.34682338791
1.07730479413,-4.35379637946
1.07651768752,-4.44226935847
1.0786345837,-4.42862864621
1.08008480166,-4.45894925255
1.07737499581,-4.32668194105
1.07622136932,-4.42795522869
1.0793359148,-4.41533984505
1.07610728142,-4.38039970554
1.0778883626,-4.34992655745
1.0773194325,-4.36138203971
1.07619660713,-4.42257327967
1.07262946074,-4.37512736568
1.07708698074,-4.42269276629
1.07511582892,-4.41557635897
1.07400893875,-4.37724918221
1.0749303812,-4.44512445397
1.07368922239,-4.32794170779
1.07333750807,-4.33753771153
1.07608802921,-4.45016808556
1.07291489636,-4.40954631809
1.07247665087,-4.33863523455
1.07580157469,-4.41993191319
1.0773698656,-4.41344871351
1.07339411826,-4.41734982606
1.07387848886,-4.38873617246
1.0733336217,-4.42789022338
1.07456825039,-4.3851507311
1.07455515285,-4.41451550036
1.07374860686,-4.39654991578
1.07150069135,-4.34341689382
1.07520747507,-4.47080882389
1.0738527291,-4.39407476479
1.07335163185,-4.34009720076
1.07248768711,-4.37435677312
1.07395091371,-4.37743778221
1.07200742348,-4.401242815
1.07385645745,-4.42740129765
1.07558890008,-4.39533852991
1.07266115828,-4.29939599994
1.07252014369,-4.39435312313
1.07510349081,-4.37869380188
1.07442495005,-4.38033957473
1.07375048996,-4.39269207429
1.07418042165,-4.3964734959
1.07462824485,-4.35981458642
1.0742658167,-4.3541447492
1.07534226641,-4.39086540827
1.07211109875,-4.33683519953
1.0719499518,-4.36281907502
1.07459384813,-4.3686123722
1.07694034757,-4.39195630621
1.07497865645,-4.46599259512
1.07466093025,-4.35864979856
1.07353032486,-4.35823725059
1.07315840663,-4.40752101508
1.07434689097,-4.4383074183
1.07415704822,-4.36977807214
1.07218152682,-4.3684610212
1.0755620755,-4.43948744867
1.07384447581,-4.3064135509
1.07278289461,-4.44179293297
1.07323663115,-4.35160850456
1.07578196498,-4.37886895292
1.07369799998,-4.44135270076
1.07457820608,-4.45736544177
1.07553864683,-4.41118190795
1.0729883473,-4.36429049353
1.07285324756,-4.33520010181
1.07660218286,-4.37271597158
1.07361713769,-4.42518140475
1.07481201828,-4.33828951828
1.07331809158,-4.33222207456
1.0762926222,-4.45126396852
1.07500226877,-4.49071413966
1.07664543655,-4.40536410309
1.07377797784,-4.38325029337
1.07562628346,-4.46024255834
1.07504195672,-4.4575260289
1.07641251703,-4.41861819767
1.07340103163,-4.41958282797
1.07596892824,-4.41557743717
1.07493800631,-4.41244030888
1.1007706535,2.66819193132
1.0743053708,-4.76616771259
1.07486847311,-3.35649574063
1.07346651711,-3.37303203393
1.07652053126,-3.65584808677
1.07489138557,-4.03513169841
1.07412859318,-4.23928154749
1.07338955117,-4.40930302365
1.07561592253,-15.3557198782
1.07383423385,-6.46831640371
1.07689506425,-5.62821981992
1.07540833155,-4.99848810143
1.07309352902,-4.66543570166
1.07350600691,-4.47594573995
1.07611064571,-4.3325996713
1.07418685608,-4.3659709121
1.07423186518,-4.34314134239
1.07627434447,-4.47966278031
1.0757608867,-4.55251595335
1.07428282332,-4.43683516025
1.07680626279,-4.41200673798
1.07376953205,-4.42304814359
1.07626340193,-4.42214108936
1.07503052705,-4.37120405633
1.07540866269,-4.33345514812
1.07319143482,-4.40200251268
1.07663397181,-4.29953800539
1.07483469595,-4.33940884099
1.07679628755,-4.34948525011
1.07571079147,-4.37696264552
1.07370263795,-4.36395560295
1.07341363339,-4.42185685242
1.07638945254,-4.31135903627
1.07621281816,-4.35650455092
1.07371750511,-4.35980256736
1.07527774179,-4.33084348205
1.073630519,-4.34106517785
1.07198326961,-4.38248063798
1.07569338866,-4.36239619756
1.0748080341,-4.41450920058
1.07330055283,-4.42801368931
1.07447451955,-4.38676571028
1.07384376242,-4.30211985933
1.07250496161,-4.29573578336
1.07558546995,-4.37820720013
1.07330096897,-4.32729983683
1.0738847886,-4.4097608206
1.07613622323,-4.3831317341
1.07737750042,-4.29734329164
1.07403171452,-4.36902181783
1.07388737075,-4.30329983916
1.07691434517,-4.44725117306
1.07615235799,-4.36479810543
1.07546798342,-4.44624946177
1.07675031873,-4.40906913942
1.07590105847,-4.40827589577
1.0774596226,-4.44360487459
1.07719127087,-4.44614411234
1.07541775266,-4.41895647024
1.0748290795,-4.37829158236
1.07822311226,-4.37581899946
1.07511140311,-4.42133727988
1.07632367554,-4.39490263643
1.07695740158,-4.39784706969
1.07700298712,-4.41324659965
1.07473736641,-4.41820234588
1.0771513126,-4.38110553093
1.07452338014,-4.3823002136
1.07498321977,-4.39456513036
1.0763786324,-4.41039675175
1.07793548241,-4.36937310139
1.07501735438,-4.412870654
1.07675973837,-4.38656375543
1.07532459103,-4.3656129124
1.07493433877,-4.40015965788
1.07772745532,-4.41353468704
1.07649021148,-4.37118336672
1.07331859227,-4.42670117198
1.076195262,-4.46847955892
1.07673016763,-4.34792144921
1.07468090317,-4.41022064813
1.07274167937,-4.3665491397
1.07617915004,-4.44177477098
1.0741585477,-4.37230884302
1.07715046111,-4.45822758203
1.07559819722,-4.45327283368
1.07379809013,-4.44513966393
1.07338917257,-4.40954990422
1.07611836191,-4.4030272949
1.07408052635,-4.43348428711
1.07474699735,-4.5003542309
1.07615945588,-4.40616694937
1.07398354527,-4.30352985437
1.07530410451,-4.45563290635
1.07559892849,-4.37309445984
1.0736933537,-4.41149852629
1.04719395396,-3.96231080134
1.07264746516,-5.27878445408
1.07187897025,-4.84933865114
1.07027395275,-4.97038766288
1.07146872929,-4.92739826359
1.07105333785,-5.0180077456
1.06946060914,-4.9432181528
1.07144532552,-4.98840577991
1.07219513706,-4.87563666629
1.06841788717,-4.6634367766
1.07096659811,-4.69070746764
1.07055533148,-4.71565010097
1.06859259574,-4.6594537864
1.06867755434,-4.62913243576
1.06961562956,-4.6805618959
1.06886018804,-4.67335837383
1.06964462184,-4.68214749869
1.07089518425,-4.7447666386
1.06902963562,-4.70791847983
1.0678482041,-4.73361431581
1.07102529854,-4.76022903572
1.0691584197,-4.67698831187
1.06925708059,-4.66324626048
1.06900370562,-4.70727838963
1.06996390034,-4.73620132173
1.07038054128,-4.74852967077
1.07212981109,-4.6872646398
1.06844459374,-4.73282908906
1.06963087824,-4.67948261893
1.07112866582,-4.68237474224
1.07081146831,-4.68356550625
1.06918086359,-4.76216116916
1.07107135483,-4.70695923932
1.06857031441,-4.70956023447
1.06885101206,-4.69116302695
1.07137672646,-4.72607693478
1.0709973132,-4.72054032536
1.06649675585,-4.70486959336
1.07021018913,-4.67988642673
1.07129559376,-4.74189083095
1.06944313738,-4.74368513313
1.06783367659,-4.72897498675
1.06902324601,-4.7604917877
1.06836129633,-4.66678086511
1.0712574942,-4.67037147462
1.06999949322,-4.67914731217
1.06797035108,-4.66890583626
1.0678031308,-4.72611699859
1.07216515334,-4.68433473985
1.06943495453,-4.7333664497
1.0698562592,-4.67109748387
1.07002770487,-4.70764089298
1.07010982502,-4.72388103138
1.07002657489,-4.67516450986
1.07201664617,-4.77776084543
1.06824058753,-4.68105701981
1.06971483746,-4.68799576535
1.07110632005,-4.70951901321
1.07006988793,-4.68135833805
1.07019604623,-4.65275557761
1.07103005291,-4.69051628476
1.06875147311,-4.71236816218
1.06926045354,-4.69608755096
1.07113723109,-4.6822990645
1.06963908113,-4.66995843968
1.06692596836,-4.67254576332
1.07120128812,-4.75309875433
1.07173207802,-4.75992357774
1.06876019191,-4.64746007718
1.06857136253,-4.66572954983
1.06938961994,-4.75679706821
1.0670232789,-4.65929615987
1.0700096592,-4.67466964855
1.0696009694,-4.71529762714
1.06766494298,-4.68623041599
1.07014367776,-4.68493791932
1.07105553491,-4.74427525666
1.06801902294,-4.75400956105
1.06947914706,-4.70171686318
1.07117817322,-4.75914003341
1.07024305708,-4.73031035763
1.06904824949,-4.7443743294
1.07075390591,-4.75187076652
1.06782459513,-4.70357123541
1.06955032062,-4.73172537693
1.07031504618,-4.72602405746
1.06966572526,-4.65830743169
1.06939578043,-4.74102305007
1.07042942876,-4.66089924991
1.06934871118,-4.68171102873
1.07081987645,-4.73373767514
1.0715190358,-4.70331518851
1.07042437067,-4.75083929207
1.06846536132,-4.71553495694
1.07186359515,-4.76539875267
1.07183604485,-4.73329692635
1.07106491312,-4.69007261664
1.07269728702,-4.68370307061
1.07304085044,-4.66753652838
1.07049875621,-4.73344356967
1.07312348929,-4.71107429947
1.07198666233,-4.71405977175
1.07029156811,-4.70617327281
1.07172068143,-4.73418818343
1.07396704704,-4.72240811792
1.06935001814,-4.70889587043
1.07048328719,-4.6868557237
1.06964265293,-4.6897069234
1.06978456048,-4.73436922034
1.07098510441,-4.67476105369
1.07149618131,-4.67935135314
1.0700403126,-4.73895834708
1.07034234215,-4.71624507862
1.07073465373,-4.68689426533
1.07126053746,-4.71092305169
1.0701027402,-4.63302006132
1.07344829025,-4.73022487237
1.06899956998,-4.65360845232
1.07167641259,-4.6536370194
1.07246372726,-4.76833878665
1.0725220199,-4.72252012746
1.07069393315,-4.73969365204
1.07421702651,-4.76976577148
1.07032532672,-4.65108150501
1.07132892807,-4.74489545494
1.07278060221,-4.70974426578
1.07010666128,-4.66335050739
1.06904427892,-4.63822739623
1.07271313397,-4.69024913863
1.06976361708,-4.73830969081
1.06709304093,-4.67590626981
1.0696806789,-4.61875955629
1.07245906831,-4.64979099548
1.06926244142,-4.67622698183
1.06959510656,-4.69172311255
1.06979715552,-4.74351567544
1.06862438495,-4.70146437738
1.06861340011,-4.64141480814
1.06883826511,-4.70220565844
1.06839751617,-4.65664001546
1.06928565667,-4.71176546735
1.06892271642,-4.67404128941
1.06944767036,-4.92425056539
1.06850233302,-3.02597645927
1.06972990121,-3.79885617154
1.06809060745,-4.30276889226
1.07073125582,-4.59067000975
1.07127059823,-4.84601053516
1.06886263114,-4.82535050468
1.06950945842,-4.89745602095
1.07244167224,-11.5220374709
1.0702108092,-5.68419128772
1.07016809151,-3.99843878589
1.07085608635,-4.20410807746
1.06978080307,-4.3636449355
1.07076491238,-4.52313513848
1.07345139948,-4.57221559797
1.06870125328,-4.55670350761
1.06865100811,-4.6204298322
1.07069739547,-4.53964506496
1.07326283947,-4.77329270509
1.06776500302,-4.54396429522
1.07138931046,-4.61274082085
1.06943027484,-4.608134865
1.06959081903,-4.62173827981
1.0690397683,-4.5788361456
1.07056174941,-4.6756228787
1.0674572973,-4.67810920233
1.06997967737,-4.63025675582
1.07048135236,-4.63020932521
1.07044951236,-4.69976565566
1.069683135,-4.67566059998
1.07025707718,-4.66925844952
1.06820070978,-4.71005578054
1.0712475243,-4.76462887425
1.07203178838,-4.69671740539
1.06981986596,-4.59116929079
1.06837240802,-4.61035426354
1.07271512563,-4.70549177828
1.06872754608,-4.64625435558
1.0701475689,-4.65539777541
1.07039759873,-4.67572281479
1.07016551606,-4.68305862891
1.06992461812,-4.58048243784
1.07316693459,-4.6359750142
1.06905211159,-4.68324368291
1.06965190747,-4.65995995544
1.07290728428,-4.64640533185
1.07227003936,-4.60881518082
1.06910303877,-4.64412145138
1.07152711581,-4.61116125176
1.0701094354,-4.55497986647
1.0698801578,-4.65599974449
1.07070334006,-4.66818702467
1.07027772779,-4.66011968933
1.06685448265,-4.60002973276
1.07063840627,-4.53523418166
1.07097913706,-4.57838063104
1.07010261876,-4.62374729057
1.07006706073,-4.57840551406
1.06974645648,-4.60600051361
1.06820886434,-4.59942744238
1.07091771568,-4.6007483205
1.07003103244,-4.6023412609
1.07089054527,-4.66120308008
1.07101109699,-4.64626087691
1.07071332959,-4.57129204115
1.07044216595,-4.64692101918
1.06872593899,-4.54449490845
1.07087867839,-4.61144260729
1.06960313517,-4.61025128845
1.0718033109,-4.57614327209
1.07337880359,-4.57455258516
1.06857889872,-4.57823134047
1.07020637126,-4.55692488572
1.07152237536,-4.51759462116
1.07232101047,-4.68966240447
1.07190362752,-4.64028127172
1.07396747172,-4.65332151562
1.07173922797,-4.62366364008
1.07048467738,-4.55368710888
1.0726013458,-4.60585266881
1.07062962883,-4.64177606922
1.06877085015,-4.58915868442
1.07393358125,-4.6042622211
1.07220325215,-4.61754290775
1.07123992274,-4.59977420317
1.07154043384,-4.60434595191
1.07140383741,-4.60915958805
1.06866403045,-4.59146215598
1.0715145264,-4.5772679331
1.07098848055,-4.62913802685
1.07091160997,-4.6021384116
1.07045080054,-4.62938355612
1.07111396626,-4.56257484371
1.07022945012,-4.60724883929
1.07088977556,-4.60200861227
1.06908118093,-4.63115083919
1.07004251898,-4.58879153148
1.07227892596,-4.6748257894
1.07446237789,-4.60265720344
1.06713921942,-4.49746517648
1.06961097072,-4.5659818541
1.07066338024,-4.63154581691
1.07136774887,-4.60480451338
1.07083583004,-4.56214672262
1.07292684685,-4.62255885347
1.07015977848,-4.56408954831
1.06943501877,-4.54792511588
1.0709589574,-4.59110717036
1.06981336989,-4.5928002935
1.06971099134,-4.66604369747
1.0727900359,-4.56685675539
1.07163381978,-4.69322643517
1.07045056785,-4.59522739438
1.07062941574,-4.59200865835
1.07006358406,-4.53776362749
1.06852826522,-4.53814127901
1.07180426313,-4.62382515985
1.07108592336,-4.60058229055
1.07142257553,-4.66931722669
1.07014381671,-4.57253846337
1.07126857705,-4.59801252376
1.07052744521,-4.64156558599
1.07051028715,-4.65694494578
1.06814789337,-4.65148358832
1.06831394217,-4.59488312968
1.07365699302,-4.67718637843
1.07167252829,-4.61930699691
1.06901532858,-4.66520509605
1.06971335764,-4.609142534
1.0710239283,-4.61779251801
1.06932457528,-4.58577397611
1.06873447336,-4.57200212478
1.0723579484,-4.60339914639
1.07019784733,-4.61941391879
1.07197152221,-4.6206502563
1.07089948156,-4.59447200923
1.06837163372,-4.56165680682
1.06858715682,-4.62477855506
1.07233181124,-4.61659114693
1.07198722474,-4.60601220314
1.07144603741,-4.66212370514
1.07217033234,-4.60540611272
1.07162638383,-4.59067870646
1.06966866426,-4.57738822741
1.07068064585,-4.57450422375
1.06993933098,-4.54894975609
1.06966574438,-4.66815908646
1.07211225133,-4.63291813046
1.0720230054,-4.64494356309
1.06985516268,-4.57064548412
1.07056058625,-4.61639169478
1.06975822848,-4.53645517403
1.06937211861,-4.56809194848
1.06959134558,-4.60808383483
1.07129161271,-4.60563097236
1.06885363229,-4.63464201506
1.07135328433,-4.70494754636
1.07030795955,-4.66120165474
1.06910635582,-4.63101202534
1.06967791652,-4.61494176319
1.07039140712,-4.60579437078
1.06980135876,-4.67731467321
1.10070147255,2.95850970328
1.07200320374,-4.85051457832
1.0705668742,-3.39719844616
1.06871172782,-3.47402281871
1.07288250115,-3.88147647687
1.06928959433,-4.25941893607
1.07240099229,-4.56353488106
1.0723306017,-4.76220774559
1.07412240301,-16.3705521152
1.06782313126,-6.64356294139
1.0717861124,-6.02353076471
1.07036738142,-5.20377911914
1.0685837928,-4.83979954864
1.07170264942,-4.67792506128
1.07192397889,-4.58113025729
1.06989775946,-4.54136147329
1.07163847911,-4.51656503511
1.07095589757,-4.82144134372
1.07201934694,-4.82696755449
1.07284790752,-4.72001327157
1.07381213857,-4.63472270948
1.06882577543,-4.53979357184
1.07118999418,-4.55568171878
1.07278111732,-4.60939250229
1.07221394458,-4.54790457963
1.07181151965,-4.5976966709
1.07009311297,-4.56711022147
1.06797800397,-4.58549712623
1.07290189494,-4.57747642963
1.07195513263,-4.59780499068
1.07033555184,-4.64407134688
1.07015358342,-4.55576085024
1.07239682521,-4.54028942768
1.06906565865,-4.51108483311
1.07240612747,-4.6047189872
1.07260922583,-4.57911647014
1.07079443458,-4.57781525057
1.07147874639,-4.63304881063
1.07385725407,-4.59822344186
1.07011590581,-4.61022385586
1.06945549594,-4.54548537673
1.07216085419,-4.60461022914
1.07259711851,-4.55513610536
1.07180653062,-4.55932124915
1.07188945352,-4.60196933246
1.06976485149,-4.58162906922
1.07021208431,-4.61206818873
1.07273326219,-4.65384151949
1.07197317882,-4.57766101545
1.068793277,-4.56410931199
1.07147290108,-4.63141225355
1.07023888511,-4.59938226146
1.07157433328,-4.58955893012
1.07036781571,-4.60586450865
1.07072925641,-4.68009176399
1.0706945528,-4.68279495686
1.07245476868,-4.57864796533
1.07153232083,-4.68468712897
1.06838349638,-4.59819107671
1.07069458669,-4.58638040384
1.07229428409,-4.57942887785
1.06912811474,-4.61048413244
1.07146560902,-4.62232442606
1.07118028779,-4.61290989409
1.0701609729,-4.60001270898
1.07148110397,-4.65781747584
1.0734069507,-4.64510445604
1.06861742485,-4.61022272268
1.07045711237,-4.65087240251
1.07177177836,-4.60442343874
1.07293354905,-4.71577129538
1.07050739673,-4.64481818678
1.07263368497,-4.58020005395
1.06990581168,-4.57621737313
1.0718574656,-4.59459932342
1.07191132269,-4.54497374362
1.07177301877,-4.61670740191
1.06925464893,-4.70213860274
1.07168041611,-4.62399395159
1.07190792441,-4.59841016923
1.07183804904,-4.64161473682
1.07086277633,-4.59234441436
1.07117673849,-4.68795647514
1.06999332557,-4.65492519168
1.07347596843,-4.69536369692
1.07063632232,-4.67116315455
1.06820142574,-4.6272987133
1.0716786045,-4.6942350151
1.0717359696,-4.65258978644
1.06965179489,-4.62718918199
1.07185121752,-4.57840210403
1.06989639292,-4.63378681237
1.06929252013,-4.65670870817
1.07072860077,-4.64437422606
1.07179437025,-4.65115620751
1.070535075,-4.65569771336
1.05036690612,-3.73403554437
1.07255575141,-5.06403771
1.06977392902,-4.40932552853
1.0697661615,-4.74941046805
1.07255936301,-4.81727562599
1.07018611585,-4.85464279074
1.07208313991,-4.90144712811
1.07230300894,-4.87183143498
1.0711384521,-4.90101555487
1.0698418494,-5.13161969468
1.07268117979,-5.24369039869
1.07248185994,-5.13414441283
1.07153322314,-5.08813260392
1.0723699254,-5.17132181214
1.07108040714,-5.19594569229
1.06978664959,-5.18314154203
1.07288514651,-5.21082529489
1.07103515981,-5.17407581198
1.06950308373,-5.26025241863
1.07211705534,-5.2247620702
1.07360170716,-5.21573360241
1.0705826845,-5.16947569657
1.07116164116,-5.17936607319
1.07114093308,-5.21569574683
1.07012376284,-5.22692438434
1.07093340832,-5.11778429862
1.07261134903,-5.22824606008
1.07082195842,-5.26861750553
1.07151118927,-5.26503385732
1.07188085607,-5.20677071628
1.07145604104,-5.22988891975
1.0697484685,-5.20831325091
1.07260006248,-5.2933322695
1.06859834356,-5.20469347806
1.07213370671,-5.24174790391
1.07456863025,-5.20956900312
1.07188049411,-5.21569241319
1.06772253297,-5.21704978251
1.07116837442,-5.24464078949
1.07159403582,-5.31811054404
1.07247254875,-5.25725257368
1.07271693231,-5.22878259625
1.07240446778,-5.2936664154
1.07245404062,-5.2002049388
1.07397959536,-5.23432382979
1.07124644369,-5.22687168279
1.07093212208,-5.29517186453
1.07262636133,-5.25765307969
1.07395319886,-5.22374770516
1.07110865173,-5.24285813998
1.07399105286,-5.20355923799
1.07065250928,-5.25086813629
1.07018735356,-5.2394889781
1.07110230834,-5.23651625883
1.07315450397,-5.25863066247
1.07031606161,-5.21033138772
1.07367308106,-5.2810434319
1.0722613054,-5.29915416101
1.07238829454,-5.30045632014
1.07344314867,-5.29213839658
1.07086890663,-5.29789866371
1.06897486612,-5.26592220387
1.07306908022,-5.23591895801
1.07580405275,-5.27500530092
1.07295419188,-5.2428479838
1.07097414011,-5.22126980967
1.07330025151,-5.31852057311
1.07164227404,-5.22491845334
1.07196388434,-5.27079573133
1.07385067029,-5.30561842641
1.07354317487,-5.21879550866
1.07330449081,-5.25525069761
1.07434878452,-5.26494042495
1.07093031411,-5.2368003432
1.07039570583,-5.26120474895
1.07301593952,-5.30109831278
1.07318777558,-5.29112629024
1.07382038799,-5.24828276517
1.07384099991,-5.28074768597
1.07194056069,-5.24562530244
1.07137675519,-5.27963056575
1.07238725781,-5.25415740475
1.07179775286,-5.23215945987
1.07127610344,-5.20038358632
1.07611400133,-5.38658413159
1.07306783337,-5.2507150768
1.07225269405,-5.30954296102
1.07159756891,-5.28833178418
1.07060298665,-5.22481649786
1.07018780432,-5.22910100376
1.07336142766,-5.25616516581
1.07400527578,-5.28750249191
1.0716665226,-5.23129989973
1.07175204669,-5.26367077837
1.07151106348,-5.25500070355
1.07117191136,-5.24266995186
1.07168148779,-5.24355964276
1.07257697621,-5.26429288869
1.07238592744,-5.33072002305
1.07224870752,-5.29851426246
1.07502401601,-5.30344870393
1.0711481032,-5.30755531197
1.06993695068,-5.2035212975
1.07083514915,-5.28764427647
1.07297332036,-5.33391194871
1.07484883851,-5.33014620956
1.0768223324,-5.28719649816
1.07223036889,-5.3168169246
1.07277897401,-5.21245760572
1.07243158764,-5.27942996389
1.07054183609,-5.24485627595
1.07080770197,-5.283801077
1.07641833425,-5.30737884537
1.0732743517,-5.27080578999
1.07214047864,-5.23087842105
1.072152717,-5.22997181794
1.07151041808,-5.24721196047
1.06884734683,-5.2543007323
1.07368409847,-5.31718302195
1.07376793007,-5.31863123676
1.07229940636,-5.28840093935
1.07298569346,-5.31505889182
1.07273866381,-5.27888600215
1.0722249305,-5.24328306952
1.0740206971,-5.27991627604
1.07381742664,-5.25363692298
1.07458190376,-5.30271763818
1.07548036442,-5.28630947201
1.07956517045,-5.28468965719
1.07470899704,-5.28754340046
1.07489621789,-5.2832227335
1.07550038234,-5.3020039206
1.07641413526,-5.33870485386
1.07634100911,-5.32100719181
1.07630914845,-5.31484101856
1.0751818909,-5.28437165894
1.0747401592,-5.24608562848
1.0737287219,-5.24312607146
1.07214408287,-5.29031433868
1.07256105081,-5.20909733232
1.07501915026,-5.23340665958
1.07536148425,-5.22277856645
1.07570457914,-5.12908032262
1.0762631615,-3.56528655247
1.07379567906,-4.36900383591
1.07017836693,-4.84452756684
1.07612688816,-5.15380381112
1.07563411795,-5.33633185994
1.07486918033,-5.4380272304
1.07468749548,-5.49032043837
1.0768631655,-12.4505370035
1.07221730654,-5.98901478989
1.07224586648,-4.44075412248
1.0733817828,-4.72613563738
1.07220238712,-4.95906737681
1.07548184996,-5.11757211115
1.07469915636,-5.15625600881
1.07152228607,-5.18952598067
1.06951987292,-5.17382719323
1.07185862556,-5.13712012488
1.07300930634,-5.29238731194
1.07032288955,-5.2286084682
1.07380011969,-5.21878814361
1.07239676344,-5.19683949333
1.07461250442,-5.23532707692
1.07436137808,-5.22855254128
1.07368744253,-5.21699198124
1.07377428965,-5.3177967525
1.07650850185,-5.25874119836
1.07607798074,-5.34665838536
1.07788510249,-5.26954290167
1.07844708303,-5.28654959529
1.07545376484,-5.29197828128
1.07454269977,-5.23698366916
1.07707359492,-5.31895258294
1.07632316422,-5.26348831809
1.07520028423,-5.31671173557
1.07515672494,-5.26886270781
1.0768331467,-5.29268327803
1.07342349119,-5.25330230589
1.07673321635,-5.29401515072
1.07474510831,-5.30045321188
1.07412138587,-5.28063587887
1.07659878166,-5.29136434393
1.07783797144,-5.28636972032
1.07467832379,-5.29998080073
1.07553430074,-5.27147210705
1.0762539186,-5.27576476542
1.0764404015,-5.29040506506
1.07619659622,-5.26965617401
1.07654171454,-5.23370426429
1.07519495054,-5.27636799658
1.07657844513,-5.28237402386
1.07752030968,-5.32921664522
1.07574628134,-5.26027564478
1.0761169192,-5.24474477274
1.07694862199,-5.26519223606
1.07419362956,-5.21466635726
1.07544115306,-5.19997457893
1.07315823957,-5.18204920114
1.07347689506,-5.21478415132
1.07368437747,-5.23446385183
1.0754842011,-5.29907261836
1.07427838462,-5.29678083904
1.07252971047,-5.26875888421
1.07447948812,-5.22846593521
1.07280870269,-5.19026939696
1.07321035107,-5.15930572843
1.07552616063,-5.19208874665
1.07283060315,-5.20567603753
1.07202158427,-5.25560953331
1.07474716656,-5.20493071561
1.07402765772,-5.17158227386
1.0713850211,-5.17077911524
1.07281592922,-5.19958528333
1.07490717021,-5.2097708478
1.07399248632,-5.26017072509
1.07388578936,-5.19179290436
1.07247851497,-5.2069911997
1.07107610135,-5.23389484987
1.07385741842,-5.18753449924
1.07522596392,-5.2287913397
1.07392483291,-5.24256200221
1.07366862514,-5.26304600116
1.07512722858,-5.21187825078
1.07352602923,-5.28259866658
1.07355363768,-5.11766352209
1.07313613174,-5.20718319139
1.07246169144,-5.21840523549
1.0740398948,-5.22303562146
1.07550603909,-5.25605457295
1.07328973962,-5.24308347614
1.07273144514,-5.25453081347
1.07289074238,-5.28682005853
1.07295588664,-5.22631973298
1.07414957024,-5.22155655867
1.07701375796,-5.24390860846
1.07189811033,-5.19437856096
1.0725369853,-5.26408999681
1.0742924148,-5.24336097593
1.07583874815,-5.26100440287
1.0713017051,-5.23482754812
1.07439505593,-5.23512438734
1.07461918678,-5.26871668528
1.07433298565,-5.21687280641
1.07347678503,-5.25041155319
1.07231050928,-5.24432642989
1.07155408882,-5.21094053746
1.07407788043,-5.19716879216
1.07487845321,-5.2548773813
1.07329535709,-5.23233839764
1.07447919391,-5.24753710779
1.07410451551,-5.2262089952
1.0721731237,-5.18256649529
1.07382989589,-5.21515400417
1.07286488006,-5.26412226591
1.07198184392,-5.20316809954
1.07193129435,-5.18892347373
1.07587801524,-5.22632585668
1.07262365695,-5.22225936964
1.07380290582,-5.25310782999
1.07281311638,-5.21213855966
1.07266302891,-5.21324502331
1.07402080197,-5.25048816921
1.07564017381,-5.21862777756
1.07301539468,-5.26419712767
1.0739092872,-5.21529736674
1.07670721707,-5.2517903403
1.0721411522,-5.18019247768
1.07143208538,-5.23849566325
1.07384294788,-5.21075841388
1.07345855604,-5.22645074009
1.07516591245,-5.22267032508
1.07433777293,-5.23709999197
1.07327909585,-5.23957555733
1.07091069508,-5.21455749063
1.07366652232,-5.25136858596
1.07249805033,-5.18099332321
1.07238620036,-5.22573380833
1.07304077493,-5.23563280521
1.07418525854,-5.22046690248
1.07272271882,-5.24320959315
1.07279145757,-5.18801029863
1.07176520564,-5.20480614074
1.07133426026,-5.22996645872
1.07341292656,-5.22906475732
1.07455567065,-5.21173421687
1.07293715214,-5.15933852496
1.07247184635,-5.16483924526
1.07167829836,-5.18517868255
1.0720210872,-5.21000004101
1.07269852561,-5.22059885529
1.07485730003,-5.22396110526
1.07298024306,-5.22186330238
1.07424501378,-5.24266678591
1.07538459104,-5.31436421316
1.07308402693,-5.20896405894
1.07144224712,-5.16884153519
1.07414480069,-5.30735618267
1.07221299319,-5.24714884809
1.07582644441,-5.28923241593
1.07445410896,-5.22230262046
1.07454714621,-5.34411425523
1.07095776196,-5.32871819001
1.10060500032,2.29640903946
1.07196571381,-5.52162052538
1.07150836551,-4.02017624833
1.07309864015,-4.12271096649
1.07501504254,-4.49316100452
1.07186335127,-4.92222643313
1.07152144691,-5.12393345499
1.0706263415,-5.25482157771
1.07351814707,-16.9875332763
1.06865940948,-7.08139848851
1.0750476039,-6.63750039271
1.0709290001,-5.72569098301
1.07192277724,-5.5123154986
1.07074983316,-5.36375714612
1.07192848732,-5.23623546799
1.07165660075,-5.19014376909
1.0737772473,-5.1646632739
1.06918846169,-5.11009758227
1.07469102999,-5.35610305693
1.07420051344,-5.20573599817
1.07208685231,-5.14949618491
1.07088443707,-5.18369249542
1.07093607349,-5.18501582816
1.0713422614,-5.19177734819
1.07356527928,-5.22809683149
1.0749974381,-5.27657068801
1.07189623278,-5.15987170136
1.07144597178,-5.20912306684
1.07438620832,-5.22129961025
1.06984423006,-5.13053505327
1.06878160356,-5.10559294053
1.07328313672,-5.25676026409
1.07499474778,-5.23022915515
1.07014007417,-5.15135224466
1.07304414257,-5.20878318042
1.07011162216,-5.15028058779
1.06769965969,-5.16744008803
1.0700159648,-5.15778838342
1.07158481428,-5.16306373865
1.07181599966,-5.27201845081
1.07174193394,-5.22794190712
1.07107822605,-5.20901407752
1.06963497936,-5.18040199373
1.07095496321,-5.19961128224
1.06843192896,-5.16995298888
1.06777984008,-5.17951043361
1.0711396776,-5.20692777904
1.07281029508,-5.21705773504
1.06910773359,-5.17903265263
1.0669762825,-5.19260865793
1.06889187239,-5.15489419468
1.06900762262,-5.22890724517
1.07382267659,-5.23594342388
1.07527921348,-5.28324261644
1.07500229668,-5.23540610603
1.07882162698,-5.26653176088
1.08265383236,-5.33161108438
1.08101504493,-5.25599684075
1.08145420195,-5.1851851138
1.08486155603,-5.22026710601
1.08681009031,-5.3367004167
1.08437971356,-5.25452908008
1.08538316499,-5.26514727686
1.08318944569,-5.32217025755
1.07887548601,-5.28507898295
1.07943899629,-5.25669974939
1.07977627966,-5.23997163313
1.0762928957,-5.22218478268
1.07833281532,-5.28051629044
1.0773043453,-5.27518414589
1.07664935825,-5.27062111763
1.07632374463,-5.30531281926
1.07532595939,-5.20560093382
1.07586796649,-5.22807796137
1.08172998549,-5.2911547683
1.08020283834,-5.2539765337
1.08116253072,-5.29311626547
1.08045175352,-5.21473670364
1.08267569881,-5.2654627138
1.08232203387,-5.28874112898
1.08421014143,-5.24326305014
1.08305961858,-5.21822088114
1.08410716447,-5.33799630506
1.08277689938,-5.30583559333
1.08322169382,-5.28265967474
1.07567588182,-5.22592894205
1.07552727601,-5.25383785757
1.07473457226,-5.22296606519
1.07390064647,-5.23401723621
1.07133979049,-5.21661601717
1.07214082597,-5.24453813755
1.06821766833,-5.22723698698
1.06756056146,-5.2004954824
1.0689844529,-5.20970145464
1.06825556952,-5.2499916114
1.06835811362,-5.21899673186
1.04538470418,-3.62057640101
1.06321388431,-4.97207189573
1.06431574328,-3.83230268975
1.06466595633,-4.3228914517
1.06370314427,-4.47761384248
1.06527016975,-4.45551458669
1.06670271264,-4.63207261574
1.06289452917,-4.46774766755
1.06435676968,-4.52975444907
1.06508023819,-4.70017711199
1.06511194155,-4.74050784552
1.06524635761,-4.5766435205
1.0661247737,-4.63031624837
1.0631613525,-4.72603159878
1.06558595416,-4.69408700952
1.06706851123,-4.71400701188
1.06452065254,-4.73093687124
1.06351183327,-4.66147670792
1.06572506773,-4.76614251118
1.06633785768,-4.85733946722
1.06724083371,-4.79984338305
1.0672123619,-4.84990174717
1.06661809223,-4.9097256736
1.06686329952,-4.80003501646
1.07012905813,-4.83823660648
1.06617308276,-4.75867618855
1.06610293628,-4.78476440604
1.06740251273,-4.86008478307
1.06763960196,-4.86432454922
1.06744174378,-4.86714360037
1.0679071805,-4.86782961467
1.06635577641,-4.88767115251
1.06511248803,-4.85477805751
1.0670363691,-4.78445934529
1.06727974328,-4.87676185996
1.06431093512,-4.88376742031
1.06612045319,-4.83377343888
1.06633809634,-4.89091916246
1.06623561606,-4.86234165133
1.0660596495,-4.85863651075
1.06695250183,-4.88524404822
1.06472907426,-4.89639520806
1.06897810264,-4.9079373581
1.06732727256,-4.92734688329
1.06692756452,-4.93533339978
1.06531012429,-4.86193594808
1.06702426292,-4.93229312287
1.06852622695,-4.90717493268
1.06823006631,-4.85178758153
1.0675753086,-4.91683111007
1.06586503868,-4.81379630165
1.06839513739,-4.92974093447
1.06987077685,-4.85491817272
1.06705412349,-4.86524814197
1.06811181727,-4.93522443432
1.0694277452,-4.89699573688
1.07141487372,-4.93437872815
1.068037329,-4.88567966122
1.06931150564,-4.88685699721
1.0675741048,-4.8724285497
1.06902628932,-4.92250899672
1.07044212326,-4.98090535707
1.06857700656,-4.90899048708
1.06686720755,-4.89412679933
1.06925772076,-4.86404526323
1.0705128974,-5.03493057838
1.06847911234,-4.89946240568
1.06964024567,-4.97849300889
1.06885635512,-4.91438907279
1.06586499239,-4.87036943691
1.07015277073,-4.94598162254
1.06978749742,-4.96416874489
1.06815625494,-4.93682837938
1.06723598199,-4.87546955933
1.06760555232,-4.94043069939
1.06711389048,-4.90295060248
1.06961139083,-4.8661225965
1.06835809837,-4.97269693624
1.06777940867,-4.94013802076
1.06899173134,-4.98127927615
1.07002308706,-4.86717138792
1.06631648125,-4.85203654336
1.06854584599,-4.94815801837
1.06979017577,-4.92387404103
1.06935364397,-4.98964511628
1.06790688379,-4.88834769015
1.06811925586,-4.89670341365
1.06737179992,-4.93790545652
1.06949999983,-4.9575311391
1.06917449202,-4.91975256115
1.06803367561,-4.93903175536
1.06785768532,-4.89129064006
1.06987513302,-4.97336546982
1.06662785029,-4.91206122104
1.06814208157,-4.99176733682
1.06811737126,-4.90344316341
1.06707529859,-4.92091419624
1.06545956351,-4.86269445289
1.06959175008,-4.95522048449
1.06939769887,-5.01856155923
1.06695853777,-4.93893173298
1.06673459895,-4.96713658533
1.06769773622,-4.91000223619
1.06665683607,-4.95429508542
1.06910622635,-4.98298764022
1.06688221121,-4.95933793864
1.06601296353,-4.98139937519
1.0676153241,-4.91826729135
1.06847218802,-4.889922228
1.06562476628,-4.89375656633
1.06623631002,-4.88839561735
1.06678947767,-4.88583547472
1.06740098757,-4.86649774788
1.06876420149,-4.90514686405
1.06870296315,-4.90149748715
1.06518531373,-4.88558188986
1.06796681285,-4.89755911066
1.0693707635,-4.94086985105
1.06942204447,-4.97832977589
1.06765043407,-4.97680684302
1.06942631034,-4.94043449618
1.06765851828,-4.88939029638
1.07002367848,-5.01556157239
1.07009539045,-4.95602405049
1.06843662039,-4.93763559669
1.06737207516,-4.90391855115
1.06924887829,-4.97796781345
1.06977880191,-4.9754890129
1.06804145613,-4.9323733499
1.06812462765,-4.95452765422
1.06822616634,-4.90913885206
1.06884804219,-4.89369206428
1.0699730086,-4.94555656571
1.06777924815,-4.94376520133
1.06662150527,-4.93654258605
1.06801168648,-4.90682292056
1.07009975833,-4.90826534591
1.06865522833,-4.97584631943
1.06958686482,-4.93521353387
1.06741318168,-4.9025304783
1.06756553856,-4.88813289332
1.06814142974,-4.87507159792
1.06881256388,-4.29974777909
1.06707895807,-3.34373410558
1.06723717889,-4.06791372331
1.0690489606,-4.49570504882
1.06778964533,-4.84407380062
1.0665947179,-4.99833185915
1.06892516412,-5.1100508023
1.06731962537,-5.13644833582
1.07013416208,-12.2000782022
1.06439343234,-5.30660828295
1.06639313582,-4.12807671592
1.06670986593,-4.38499825222
1.07055136135,-4.63153391873
1.06813711728,-4.76874198096
1.06828537357,-4.8933591952
1.06825762722,-4.85147197949
1.06825393954,-4.88158183992
1.06798793466,-4.78951650674
1.07208956701,-5.23602544913
1.06798283258,-4.93489033114
1.06584715691,-4.76326035623
1.06949299302,-4.89776460382
1.06893002852,-4.83798215254
1.06677928975,-4.84854056762
1.06917239214,-4.94824652394
1.06920264302,-4.92421283307
1.06799422902,-4.82220768961
1.067341151,-4.89720310219
1.06886359568,-4.98623244128
1.06773932401,-4.93340505509
1.07073762787,-4.91421350263
1.0689649488,-4.95173079585
1.06786331647,-4.94667917334
1.06817565741,-4.92471805543
1.06996989155,-4.95877905676
1.06787057549,-4.93920434679
1.07013926768,-4.9178182417
1.07167803165,-4.96611136012
1.06900652349,-4.90333835262
1.0683168885,-4.93994918393
1.07024921769,-4.97013976941
1.06946798024,-5.00698786197
1.07050457673,-4.92280389102
1.06904260528,-4.89541108316
1.06938566065,-4.98882925815
1.0700617319,-4.89862136073
1.0710208649,-4.84059450994
1.06867805676,-4.89995030563
1.06791721852,-4.85768880006
1.06906529939,-4.94914567863
1.06900324351,-4.89050123541
1.06721917157,-4.92500121394
1.06947094355,-4.92593898905
1.07112783459,-4.94062700326
1.06952218747,-4.96623028475
1.06721216276,-4.85210710139
1.06887697565,-4.93658546165
1.06700986679,-4.90318298437
1.0703621136,-4.95008496956
1.07031184282,-4.94231205397
1.06850809862,-4.92438890288
1.06813508373,-4.8494467941
1.06833809518,-4.83374493061
1.06620066384,-4.85059812953
1.0690678749,-4.88440452511
1.06948967006,-4.91512980555
1.06751554076,-4.83421712961
1.06815595535,-4.91301817873
1.07051560636,-4.82682168064
1.06849465995,-4.86191286203
1.06862616853,-4.89947214351
1.06796902052,-4.8822987129
1.06734659244,-4.89647650924
1.06823705122,-4.83391293593
1.07099821591,-4.87874608736
1.06765182629,-4.89381517324
1.06863363223,-4.93547685709
1.07026771588,-4.91158264664
1.06991104521,-4.94943112084
1.06653747454,-4.83719359945
1.06851240578,-4.85753909465
1.06886301518,-4.8802043734
1.06830147744,-4.86491179964
1.06936200809,-4.92099670449
1.0671819066,-4.87548611006
1.06675304867,-4.96399470171
1.06931665634,-4.83536452953
1.06857428553,-4.90465892505
1.06729831391,-4.8617936075
1.06682526594,-4.87410851327
1.06900772298,-4.94384758007
1.06594488285,-4.88529456797
1.06889001675,-4.89829728446
1.06632996759,-4.85734895848
1.06505528678,-4.79831013526
1.06794303332,-4.99114566211
1.06935228105,-4.9194124304
1.06787475897,-4.92869150941
1.06634261452,-4.96362908658
1.06725117299,-4.88042701763
1.06679620234,-4.94229077076
1.06772107225,-4.92548555909
1.06835033024,-4.91683513909
1.06596405828,-4.96449661819
1.06651853232,-4.88758184045
1.06793596787,-4.82984600442
1.06884002752,-4.90867477115
1.06573919505,-4.85301951143
1.06808222545,-4.90753700258
1.06812912977,-4.9640244188
1.06823270983,-4.98583575659
1.06859588267,-4.91200499441
1.06728769248,-4.86454930804
1.06599171864,-4.88398301993
1.07132235261,-4.91510899903
1.06759629452,-4.8462698773
1.06630579362,-4.89903350521
1.06830579106,-4.9032222336
1.06823884874,-4.89981173481
1.0681650631,-5.01011237498
1.06925407415,-4.87614025494
1.06692623049,-4.8806688095
1.06661300278,-4.83885180356
1.06741693266,-4.96351518193
1.06805646463,-4.8999810957
1.06660042795,-4.91982242968
1.06787415748,-4.94164281699
1.06729529863,-4.98302034108
1.06716880966,-4.91154080584
1.06823019912,-4.93749713832
1.07007904007,-4.90036850635
1.06587669545,-4.9106730312
1.06820910277,-4.84356322403
1.07067714065,-4.94347987876
1.06983237053,-4.95753451085
1.06778157748,-4.82909050198
1.06872721387,-4.82273874944
1.06960906235,-4.93503507377
1.07030452763,-4.88783410245
1.06963029611,-4.84787407108
1.06764381241,-4.85098774771
1.06834855975,-4.84825042068
1.07088603294,-4.94637263647
1.0687887767,-4.92826782282
1.06655119586,-4.95763077954
1.0694714341,-4.92451558638
1.06873520121,-4.87305828799
1.0678352466,-4.86565347548
1.07118028997,-4.94877481921
1.0684031113,-4.84284231098
1.06649892499,-4.89301576909
1.06634237782,-4.80798847092
1.07021389723,-4.9298914074
1.06930086785,-4.99963876209
1.06899463843,-4.90070634037
1.0671233006,-4.90419507175
1.06761266045,-4.93628833642
1.06985930967,-4.96204792073
1.06903864803,-4.8839704462
1.06626343018,-4.86594451978
1.0690842548,-4.98207497835
1.07051908952,-5.03213767894
1.09948092345,2.69650180177
1.06708603083,-5.1411799119
1.06815796667,-3.58763928951
1.06805434316,-3.75817125227
1.06997876614,-4.11133626975
1.07010973293,-4.58592427898
1.06697133288,-4.82410013255
1.06809974163,-5.07844490972
1.07332845476,-17.1677819338
1.06164482264,-6.0491373714
1.07000326457,-6.32438574383
1.06661931148,-5.31166452167
1.06750005176,-5.18194919795
1.06942094587,-5.05665206082
1.06955121024,-4.89777346856
1.0678366916,-4.86593034324
1.06530094134,-4.85024388442
1.06521836571,-4.69175671179
1.07051182789,-5.31248991545
1.06787080414,-5.06177034174
1.06843182955,-4.90066983371
1.0679319592,-4.89670103262
1.0678719272,-4.8583498979
1.06796684288,-4.84109580767
1.06925229886,-4.85888659091
1.0656914121,-4.86348807588
1.06894256715,-4.91064563814
1.07047669034,-4.94213005649
1.06910269493,-4.89360034146
1.06889928183,-4.84262950754
1.06930790056,-4.866586641
1.06955457565,-4.91391124728
1.07115319421,-4.91062031226
1.07149557646,-4.93966676518
1.06891593438,-4.85681382148
1.06866493015,-4.78652069427
1.07183558832,-4.85779237429
1.07048128307,-4.90521231733
1.06921657013,-4.83748260165
1.06974282536,-4.90613516188
1.06947948802,-4.87178042955
1.0699882469,-4.93261046251
1.07155731796,-4.82667496722
1.06808744055,-4.81558444356
1.06986074706,-4.91157682409
1.07146971065,-4.87267626135
1.06907344993,-4.85677203364
1.06834273304,-4.85376948488
1.07027040655,-4.79810814087
1.07134684907,-4.90014525905
1.06978629971,-4.83281504714
1.07322525303,-4.93402922421
1.07306314895,-4.87850060597
1.06923933835,-4.93613354821
1.07147716163,-4.86407460666
1.07123818772,-4.86218605765
1.06900972932,-4.93570207172
1.06865794048,-4.89191713466
1.06890626191,-4.93494305822
1.06746038834,-4.92865323984
1.0686514764,-4.89086342375
1.06657478808,-4.9154084074
1.06679891404,-4.90747330506
1.06819004649,-4.93649394874
1.07024795977,-4.87776556678
1.06745242146,-4.9640220702
1.06864404968,-4.91956669746
1.06852939965,-4.88138278525
1.0683641373,-4.91206105096
1.06960306841,-4.93121239054
1.06999776349,-4.90811655579
1.06931401802,-4.92017684841
1.06911981711,-4.91941218144
1.06971712846,-4.88239583098
1.06908868635,-4.90603344902
1.06976334919,-4.98668488114
1.07146743227,-4.97639586649
1.06766225049,-4.87337984429
1.06941112575,-5.00865455909
1.06970860939,-4.89538211177
1.06909337463,-4.89721848976
1.06619620144,-4.93378992626
1.06919195583,-4.92607393155
1.06901638157,-4.94901135022
1.06701066567,-4.95599055314
1.06641923488,-4.90081035431
1.06963271113,-5.03533771689
1.06757943881,-4.95025055051
1.07029633931,-4.94454994895
1.06708584135,-4.99422056355
1.06643263292,-4.94211517303
1.06834178315,-4.89030116235
1.0689431396,-4.97276254431
1.0663053986,-4.89154015704
1.06821364167,-4.96408934323
1.06926151268,-4.96213374782
1.0422816821,-3.92783428194
1.06456153443,-5.14271611598
1.06573008164,-5.41686936071
1.06243495466,-5.07092394433
1.06337580317,-5.143060905
1.06506931658,-5.18021493406
1.06584129847,-5.46449958442
1.06440838062,-5.50383588531
1.06590681195,-5.46844778777
1.06635335195,-4.63807401209
1.06958831973,-4.74576200108
1.07209125487,-4.71375156384
1.0690444866,-4.57323090139
1.06670993144,-4.60012028574
1.07012936763,-4.68585222916
1.06932602942,-4.62797131244
1.06858559923,-4.69246575201
1.06876799633,-4.74897101226
1.06861657303,-4.80070454761
1.06872258215,-4.76506159305
1.07068935014,-4.77930959324
1.0693363721,-4.7380942499
1.06724437331,-4.79624462893
1.06967254497,-4.83714013692
1.07225814105,-4.83902281297
1.06923237107,-4.81716741644
1.06945655771,-4.82217338753
1.06793158495,-4.80934288341
1.06851945244,-4.79412763943
1.06959570031,-4.8203574806
1.06940477372,-4.77189389067
1.06850157756,-4.88367556487
1.06881916269,-4.86392986058
1.07110428888,-4.84073289921
1.06954520378,-4.88865230322
1.06842214175,-4.83656183768
1.06914805491,-4.873544783
1.0673521803,-4.80344913307
1.06895126054,-4.82924489276
1.07154905081,-4.93636920163
1.06982428409,-4.90662861611
1.06772957177,-4.84445163998
1.07068954119,-4.85088489874
1.06923691635,-4.91058533842
1.069258145,-4.87156310578
1.06921249864,-4.91753670393
1.0678496884,-4.8140447656
1.06928140399,-4.85408045056
1.07156025001,-4.93815673302
1.06833269164,-4.87047294153
1.06761002945,-4.88758821343
1.07039507444,-4.89690127119
1.07165804393,-4.93947475592
1.06785809909,-4.93395566301
1.06940614672,-4.94119465359
1.06883444708,-4.93428682052
1.06930263965,-4.89516446349
1.06957029415,-4.86425725715
1.06900896763,-4.97556405262
1.06725803075,-4.88548224887
1.06968564802,-4.95768431965
1.06876889956,-4.88075505818
1.06782606461,-4.89013981919
1.06813090252,-4.89647147472
1.06882563843,-4.84679345138
1.0674924474,-4.89457406769
1.06891335223,-4.91759302632
1.07067107779,-4.89520837994
1.06955341326,-4.93172880214
1.06854461506,-4.98078137156
1.07090080361,-4.98115469381
1.06757722218,-4.81664166018
1.07012298059,-4.98869479551
1.07040761367,-4.9624923736
1.06989384964,-4.9853118222
1.07029432306,-4.93739960658
1.07181368301,-4.89824928606
1.06821890848,-4.92451539634
1.0674142984,-4.97848400503
1.07101858182,-4.96548700491
1.07089764405,-4.92946912461
1.06719223893,-4.95591616602
1.06952375297,-4.92198526655
1.06929186854,-4.92356787661
1.06803491018,-4.89629239039
1.06892388618,-4.96402800933
1.06923980898,-4.9076335182
1.06680999088,-4.9266625242
1.06916567564,-4.96252086685
1.06813636512,-4.98336677905
1.06865200655,-4.8935466912
1.07014912968,-4.9486078618
1.06931225233,-5.01488200436
1.0661284757,-4.98549190819
1.0694822455,-5.0227853986
1.06990423784,-4.95803191696
1.06790691832,-4.91852147377
1.06754781962,-4.87731063405
1.07081414155,-4.95918599868
1.06806937292,-4.98560407249
1.0680108875,-4.93457347086
1.0687553582,-4.92694546917
1.06761322898,-4.98291221419
1.07038232648,-4.95634458918
1.07276604786,-4.94717462367
1.06871011093,-4.90704518601
1.06819787469,-4.93967654424
1.07169691521,-4.96844880614
1.07174738122,-5.03163858462
1.07032201137,-4.91073370001
1.07061614958,-5.03398414372
1.06966523807,-5.01855003784
1.0688103931,-5.00249246221
1.07171625195,-4.94326403858
1.07017474336,-4.92837531194
1.0677164925,-4.94636811462
1.07026918511,-4.97502162992
1.06883731554,-4.92201369146
1.06910574827,-5.02095390969
1.06912506877,-4.99047234
1.06963998831,-4.97532330503
1.06873598096,-5.00519385228
1.07127512891,-4.89745660691
1.06839334208,-4.93135271922
1.06750693297,-4.9788854003
1.06928000177,-4.96539198613
1.07100859798,-4.96640824153
1.06984317453,-4.9948658969
1.0694564327,-4.9725482313
1.06992169314,-4.98099656753
1.06809266858,-4.92270806049
1.07070536216,-4.98379547302
1.07196400919,-4.93141271894
1.06872426272,-4.96024031348
1.06859482751,-4.97104154514
1.06969621662,-4.9341661214
1.07032980895,-4.96751986743
1.06870700678,-4.99740918768
1.070076755,-4.92027738355
1.06855652843,-5.04819091332
1.06853192455,-4.98034585446
1.06907092251,-4.94143127278
1.06762725117,-5.19183461089
1.06726334149,-3.45804682343
1.07146300846,-4.29183847247
1.06948459508,-4.72165018753
1.06716524908,-4.8782884049
1.06827351447,-5.01666385884
1.06884703803,-5.13444466323
1.06669469812,-5.14212508881
1.07177705983,-11.7354368967
1.06930222364,-5.49435105422
1.06632792174,-4.22065710873
1.0675573417,-4.3783758376
1.06857652294,-4.70006726365
1.067072023,-4.79697043954
1.06930382576,-4.82409814069
1.06791118201,-4.87501961157
1.06799422716,-4.94818241509
1.06430789189,-4.03440289384
1.07032501845,-4.89786441328
1.06554787175,-4.78968537144
1.06789815242,-4.84190914241
1.0704437342,-4.84964011356
1.06908484147,-4.91161064667
1.06740993856,-4.90996853235
1.06984727304,-4.94260353152
1.06700286753,-4.86290387292
1.06881175742,-4.69663769754
1.06912833764,-4.78562096298
1.06892685136,-4.88011296734
1.06831419599,-4.92928844504
1.06972769114,-4.86290465878
1.06843320249,-4.84041976987
1.06794174829,-4.83914742262
1.07010818706,-4.93974906273
1.06954830354,-4.98577476296
1.06702190005,-4.93799069794
1.07075712604,-4.99476417225
1.06951474246,-4.88066309463
1.06925815001,-4.90378479158
1.06852711578,-4.84685201237
1.06953848424,-4.83362412239
1.06800605891,-4.90953630429
1.06973623761,-4.95782053338
1.06799529202,-4.98476080401
1.06773964058,-4.90105075923
1.07002927907,-4.93685409344
1.06913402427,-4.94339992106
1.06617677754,-4.93515479414
1.06865647566,-4.97482818315
1.06948741543,-5.00321729131
1.0685753836,-4.99940134361
1.06747033405,-4.99378531501
1.0690521716,-4.95118628467
1.06718949381,-5.0412131943
1.07079411736,-5.0675309179
1.070718688,-5.05877669524
1.06944450253,-5.10179963979
1.06710042119,-4.95592148079
1.07174229189,-5.14635536739
1.06965272306,-5.03567592887
1.06985559314,-5.00622990025
1.0707102967,-5.03183644131
1.06810802786,-5.01068915255
1.06867267045,-5.07132021005
1.07185431225,-5.13659206163
1.06914182309,-5.02861454196
1.06735562757,-5.09936068265
1.06933944088,-5.04762893951
1.07034107456,-5.0902696366
1.06862810077,-5.10085580868
1.06874135513,-5.05395625126
1.06727449667,-5.06556921579
1.06703281306,-5.0475935207
1.06942552645,-5.03334764052
1.07057637934,-5.07308072428
1.06641168188,-5.0148277792
1.06877425574,-5.09822648473
1.06829235081,-5.03435552703
1.06791213949,-5.09021103862
1.06662116211,-5.02153538173
1.06819052632,-5.06173972386
1.06680584699,-4.99707291372
1.06876106501,-5.06461960063
1.06972931228,-5.13862232252
1.06851791975,-5.12208603748
1.06709309267,-5.07919978837
1.07082293694,-5.13236199151
1.06907470027,-5.09990494297
1.06946477616,-5.07084468437
1.06834759394,-5.0706380456
1.06895610897,-5.16158564564
1.06969946573,-5.07288454197
1.07243072399,-5.05286894016
1.06888062114,-5.05221501237
1.06837388073,-5.09213329327
1.06966143406,-5.03726807132
1.06952223692,-5.06769852865
1.06798569601,-4.98133040635
1.07029318207,-5.05833501047
1.06805590805,-5.0573997499
1.06776125121,-5.07665041959
1.0703393461,-5.01895057657
1.06972585837,-5.10463524188
1.0671296412,-5.13360540784
1.06857724235,-5.09820091551
1.06868256455,-5.11437727486
1.06834206141,-5.04139547555
1.0686355359,-5.13745430805
1.0664361929,-5.09429308817
1.06580776571,-5.01013900736
1.06902062583,-5.04818550256
1.06805065596,-5.11082601301
1.06525764605,-5.06567537453
1.06752323135,-5.08646276289
1.07000464237,-5.0240200399
1.06657562503,-5.07131614681
1.06866226748,-5.11071298413
1.06749271203,-5.0731719333
1.06794040763,-4.98310488118
1.06875430309,-5.07858242612
1.07223707783,-5.13421237398
1.07030888399,-5.03835771374
1.07073040001,-5.029493387
1.07198305378,-5.02858669065
1.07215986749,-5.10390660778
1.07342720733,-5.04813597929
1.07619871522,-5.08295284586
1.07355670378,-5.03414475596
1.07339800119,-5.11212356807
1.07460250885,-5.11100124976
1.0740881935,-5.16137107746
1.06933161888,-5.0842767433
1.07315272353,-5.10432585176
1.07246007194,-5.16648599549
1.07162848867,-5.11811496056
1.0705657519,-5.11879018589
1.07099829321,-5.08210916894
1.07034475167,-5.0771210029
1.07329116605,-5.10695017006
1.07178846213,-5.06085135694
1.06974777754,-5.0496496322
1.07224301037,-5.15949866525
1.07456435439,-5.10703302156
1.0724661893,-5.04143652379
1.07413369292,-5.16801719771
1.0742650866,-5.08555685625
1.07239702539,-5.05699176321
1.07433682247,-5.18128704092
1.07699578071,-5.16012093479
1.07278140648,-5.09808107796
1.07381961785,-5.12256174216
1.07268132628,-5.0746827985
1.07279065631,-5.15197909633
1.07054283498,-5.09370428731
1.07141591606,-5.08653727981
1.06831381023,-4.97938613493
1.06984385964,-4.99794677481
1.07136744594,-5.03223311603
1.06851195497,-5.06087779032
1.06524681569,-5.01169335561
1.06780790581,-4.98263869081
1.06774406692,-4.96833037619
1.10036901734,4.2805170932
1.06810430191,-4.41166800098
1.06607479235,-3.29994515295
1.06400143653,-3.74028490765
1.06957880415,-4.42055999744
1.06809752815,-4.79404873647
1.06484671386,-5.04832709697
1.06666255072,-5.08664363415
1.07215281285,-17.859939363
1.06840228428,-6.96276282715
1.06735100511,-6.07232744706
1.06591143387,-5.50025227203
1.064718754,-5.22306555343
1.06676364285,-5.03892473488
1.06813361309,-5.06717415999
1.06575574932,-5.00357815217
1.06652943138,-5.08975385043
1.06616790535,-4.40350336346
1.06603834194,-4.80381856528
1.06640029017,-5.02275031716
1.0689640209,-5.14949650125
1.06633296493,-5.08054167507
1.06787274416,-5.06241470485
1.06909698452,-4.98065006137
1.06918380491,-5.03837020322
1.06779504474,-5.07557962998
1.06960514455,-5.01290205974
1.06764987679,-4.95267394196
1.06937237397,-4.99174404275
1.07068161332,-5.13492451097
1.06779916243,-5.09537374616
1.0669641167,-5.07561501698
1.07232604322,-5.13848737864
1.06876333054,-5.05904743916
1.06702490139,-5.14093487238
1.06878714558,-5.08378004877
1.07038843242,-5.07621306443
1.06640560227,-5.05696997451
1.06828578201,-5.08798212107
1.06761031091,-5.10925214767
1.06786182341,-5.05164721167
1.06916707081,-5.17944318865
1.06908306005,-5.12740032302
1.0671498788,-5.17798271935
1.06795926947,-5.09950147773
1.06878978459,-5.07468151755
1.0692029644,-5.18432414852
1.06945260267,-5.1425458474
1.07102148259,-5.1434744065
1.06667986252,-5.13542864914
1.06946199272,-5.1487847322
1.06996583793,-5.04068358045
1.0689413272,-5.10500810102
1.06871546144,-5.05815662434
1.07012927599,-5.04891890734
1.06682190065,-5.05469016731
1.06880171977,-5.07642804955
1.06812610353,-5.04913403388
1.06576328644,-5.03340681571
1.067505139,-5.08943529553
1.07040562737,-5.02724843539
1.06800015932,-5.10896022703
1.06630225386,-5.01099860409
1.06784134965,-5.03924268988
1.06854044858,-5.12591477081
1.06589437331,-5.04311894936
1.06906330563,-5.07765238746
1.06748009,-5.03201143623
1.06665026053,-4.99087213369
1.06735963159,-5.01556710291
1.06912115341,-5.00677847372
1.06632057331,-5.05328918184
1.06830714893,-5.06981363855
1.06672659987,-5.07688387974
1.06594078235,-5.08465752746
1.06808405364,-5.06112144161
1.06774621171,-5.07588221822
1.06587885715,-4.94763080425
1.0681058285,-5.0135846748
1.06751982613,-4.97309726061
1.06638462684,-5.00783213914
1.06516716592,-4.97100554942
1.06811582788,-4.98652457605
1.06679775367,-4.95091713913
1.06806164615,-4.99785739266
1.06816538989,-5.08787137821
1.06573415905,-4.96419426885
1.066096995,-4.98828675519
1.06981018931,-5.02838486479
1.06834371865,-5.08514837043
1.06787673507,-5.1236085661
1.06834637761,-5.01718445638
1.06913095789,-5.08377172149
1.06756785809,-5.07782900407
1.06927966313,-5.07386878273
1.06880029998,-5.10463414773
1.0586553284,-3.63123425925
1.08569135224,-5.39859399452
1.08593227724,-5.63853426171
1.08201442305,-5.25042741281
1.08433919671,-5.34861805456
1.08402722224,-5.46644699873
1.08412489404,-5.55249500021
1.0841186277,-5.62891257283
1.08365212948,-5.54481948863
1.08392270412,-5.59358756692
1.08765655318,-5.6600355349
1.08724548629,-5.69832990402
1.08616951282,-5.61583146048
1.08442966282,-5.54229966232
1.08650102758,-5.61554078344
1.08648999987,-5.6007527828
1.08771745247,-5.68377815759
1.08646359272,-5.68948360022
1.08472878115,-5.67989796146
1.0855392675,-5.67213005781
1.09047156684,-5.74617698842
1.08640708512,-5.69363767352
1.08665639185,-5.72662307445
1.08735534333,-5.71723831971
1.08829823118,-5.77475353278
1.08730654433,-5.74947396533
1.08805977226,-5.71158585117
1.08634366468,-5.74033003438
1.08768973839,-5.79155423351
1.08999011394,-5.74592175898
1.08676904331,-5.75494834799
1.08451100536,-5.7607696868
1.08736166206,-5.75588459617
1.08636226355,-5.80019345974
1.08541786989,-5.72323319852
1.08834427866,-5.79614981344
1.08602485643,-5.77505498091
1.08485933875,-5.74097466492
1.08673083328,-5.8206128524
1.0871845558,-5.78515409901
1.08550293667,-5.83587586961
1.08535069348,-5.76805766309
1.08664757031,-5.81946826163
1.08573261887,-5.77994148062
1.08801188058,-5.77304413857
1.08561134416,-5.74125338361
1.08566425124,-5.79727721584
1.08672416712,-5.82954433849
1.08946079502,-5.83255003581
1.08516565816,-5.828629917
1.08647455904,-5.81165315602
1.0885385689,-5.83606804461
1.08882942878,-5.87043094442
1.08809594671,-5.86269171584
1.08685014562,-5.82636803847
1.08445521767,-5.7779953634
1.08746944772,-5.79681257529
1.08719250917,-5.75819508357
1.08748805743,-5.86682426042
1.08590283794,-5.80829814087
1.0885415883,-5.8645797626
1.08548430972,-5.80330944186
1.0857029452,-5.82588931433
1.08699683902,-5.81058678341
1.08757397943,-5.87211668757
1.08528302279,-5.80576648699
1.08849641938,-5.81680171683
1.08715856274,-5.81052580793
1.08572836718,-5.89719510706
1.08621104453,-5.84107742763
1.0881491462,-5.77646200899
1.08639478724,-5.83069060457
1.08729026699,-5.81252350303
1.08741640243,-5.89187426829
1.08667997226,-5.87254339582
1.08827126191,-5.84291417103
1.0898334006,-5.87405893334
1.08579213173,-5.90800612085
1.08653453869,-5.86892048811
1.0890222677,-5.88349212943
1.08702472755,-5.82347030037
1.08619919653,-5.88239588005
1.08887057438,-5.87695456767
1.08463515103,-5.79039581351
1.08705949318,-5.80235002396
1.08930542858,-5.91176811987
1.08761334865,-5.83075642453
1.08718959761,-5.82513492907
1.09042231355,-5.89873341593
1.08988174172,-5.9081044827
1.09040615313,-5.81473693378
1.09182364854,-5.90227066808
1.08890704941,-5.88473147893
1.08938425039,-5.87760137618
1.09256891524,-5.85878834897
1.08978217024,-5.86987165766
1.08724544592,-5.86623466052
1.08847608198,-5.84565150043
1.08920731036,-5.90192893934
1.08786134961,-5.8037566154
1.08999626127,-5.85389912355
1.0858335885,-5.79779414767
1.08487642105,-5.87501730317
1.0864750457,-5.74707464884
1.08837590621,-5.85723355786
1.08597887576,-5.86186096993
1.08771277041,-5.82357165994
1.08805278996,-5.86803038193
1.08764131599,-5.86186252248
1.08871911623,-5.87211623913
1.08932350574,-5.86419254248
1.08882946384,-5.91068966117
1.09157364655,-5.916071154
1.09361231659,-5.92723464344
1.09156460779,-5.91078874838
1.0899823893,-5.88551355673
1.09217543154,-5.86431045263
1.08980700723,-5.87763523566
1.09133402433,-5.9334891609
1.09012859118,-5.87209535208
1.0878608433,-5.94141464094
1.08668666144,-5.90409357768
1.09112824488,-5.89847318735
1.0876456538,-5.86678733179
1.08601843392,-5.84067805666
1.08632536641,-5.86926820924
1.08653145752,-5.93708392776
1.08715833038,-5.89057467565
1.08926956932,-5.89868162785
1.08718530905,-5.83750932827
1.08655224025,-5.90979921286
1.08892263907,-5.85976998414
1.08876149133,-5.81220561293
1.08479245362,-5.82190002882
1.08803591154,-5.88072267262
1.08829624081,-5.7933808128
1.08782818741,-5.88992361615
1.0868000075,-5.88037677565
1.08588754468,-5.8998005808
1.08542637203,-5.89696193345
1.08697694909,-5.82898782577
1.08627806008,-5.84073927013
1.08368859398,-7.77507853538
1.08356397017,-3.91299838618
1.08770104426,-4.92764609443
1.08493008796,-5.59216013149
1.08578995194,-5.86892557256
1.08744931932,-6.04275466752
1.08649157378,-6.13519749462
1.08652518759,-6.17965231324
1.08921333238,-10.8797429837
1.08727273105,-6.72899997101
1.08579844113,-5.17845132293
1.08697616248,-5.3383141484
1.08679502693,-5.65635420908
1.08550784495,-5.7356985771
1.08796572079,-5.79937091576
1.08596775929,-5.93175354627
1.08620123009,-5.9525352533
1.08590540901,-5.50256179923
1.08781861192,-5.89140613275
1.08381860123,-5.82478574656
1.08612644547,-5.87291946541
1.08662052705,-5.88212131767
1.08570745877,-5.8846020448
1.0855286454,-5.82187288684
1.08811687148,-5.90042473038
1.08482535623,-5.83955512104
1.08647904976,-5.80787939387
1.08674427067,-5.73105228683
1.08486906385,-5.81996492259
1.08694986973,-5.81917323281
1.08724733599,-5.77745972702
1.08476724115,-5.80682568448
1.08641851427,-5.76615175786
1.08661573768,-5.90434829401
1.08644077976,-5.95482990896
1.08546240334,-5.80103017765
1.08832479386,-5.85509971189
1.083667529,-5.84614145793
1.0868941575,-5.86301540305
1.08630842243,-5.83115467123
1.08686048842,-5.8673746153
1.08627365281,-5.83876477126
1.08717352686,-5.85544381713
1.08562137913,-5.82972957743
1.08642289039,-5.88929850303
1.08887336369,-5.84878154348
1.08833562602,-5.88165003439
1.08538354938,-5.86611357359
1.0871714855,-5.92834211654
1.08682755559,-5.86425413844
1.08707204591,-5.99039707323
1.08770213442,-5.983631881
1.08760002568,-5.90515726624
1.0842894845,-5.92344248909
1.08755266484,-5.96717994642
1.08711183237,-5.97035562396
1.08489889242,-5.96705517958
1.08487121465,-5.88534339956
1.08641775846,-5.9570947947
1.08581945298,-5.92550369748
1.08777041964,-5.90105025383
1.08619065259,-5.94682569575
1.085654756,-5.92401954648
1.08753265791,-5.90417600334
1.09017428421,-5.95064698566
1.09026008033,-6.00151332614
1.09018000217,-5.97767241849
1.09300148826,-6.06278142525
1.092585729,-6.0029365028
1.09282485207,-5.97111395295
1.09334177834,-5.92872678029
1.08942680754,-5.9552946279
1.0914026276,-6.06796115681
1.09326323807,-5.95138784875
1.09242838701,-5.96881977445
1.08886243602,-5.9368957085
1.09163758928,-5.96738092716
1.09054099433,-5.93063766508
1.0908362475,-5.97848329555
1.09079734402,-5.98376344974
1.08874599912,-5.92375426667
1.08962457254,-5.95056018209
1.09437458268,-5.96425162764
1.09200194377,-5.96646589278
1.08873057323,-5.89625555447
1.09068434112,-5.95317019067
1.09289068821,-5.98643955191
1.0915926423,-6.03770348269
1.09349101696,-6.05576204212
1.09212179835,-5.97964556533
1.09063961108,-6.03600373299
1.09223690376,-5.97121757782
1.09178687709,-6.01661428838
1.08851853503,-5.93337278932
1.08968616135,-5.94546695811
1.08835516065,-5.9287639081
1.08698483916,-5.94206924848
1.08838567519,-6.0404881183
1.08745645635,-5.95590357134
1.08351761193,-5.95410967145
1.08642166392,-6.00280277305
1.087557788,-5.92115844865
1.08516457098,-5.94444401911
1.08434459226,-5.92421236257
1.0871134544,-5.9846090968
1.08623438942,-5.99448749876
1.086793733,-5.92105077024
1.08681767752,-5.96833831483
1.08418549238,-5.98046825822
1.08545766699,-5.9389330699
1.08912171189,-6.01142319296
1.08647346457,-5.99149426305
1.08569858715,-5.99840938316
1.08633062261,-5.94031703183
1.08620919344,-5.91674044445
1.08391475215,-5.95442030826
1.08815663566,-6.01902320788
1.08634160635,-5.95813171915
1.08549110385,-5.89677834921
1.08595825396,-5.97671902528
1.08766209684,-6.02679511632
1.08475375115,-5.88493391612
1.08680425158,-5.92599540478
1.08652489322,-5.9304140455
1.08561148568,-5.92021409805
1.08773730258,-5.89206585253
1.08766446862,-6.01597089398
1.08375805575,-5.90414756073
1.08686119774,-5.92410551868
1.08775720192,-5.98169780955
1.08749926684,-5.97594230271
1.08500302208,-5.95502254915
1.08777220148,-6.02300345968
1.0858636032,-5.96896805164
1.08801474128,-6.02442066085
1.08632767961,-5.90058118924
1.08456458248,-5.95861965801
1.08540179438,-5.96229899659
1.08884354059,-6.03165254487
1.08717627071,-5.9778429376
1.08586117979,-5.96870767011
1.0866240369,-5.96439242699
1.08674464972,-5.995513617
1.08568319117,-5.97627997891
1.08732446609,-5.99685886878
1.08468642063,-5.92673730817
1.0840070503,-5.93170623723
1.08750319808,-5.98255542117
1.08723120909,-6.01707974101
1.08351229895,-5.97914388143
1.08524768625,-5.97384408933
1.08512930278,-5.95998653182
1.08499290061,-5.98585858038
1.08711418618,-5.9452024092
1.08504972238,-5.84509829976
1.08263658419,-5.81873420954
1.08470149586,-5.92784660644
1.0854783211,-5.93028954736
1.08412338907,-5.96594125061
1.08438447205,-5.91749649107
1.08576698335,-5.9621549467
1.08369739656,-5.82035473009
1.10903698817,2.31659517469
1.08566666479,-6.02245419203
1.08407312594,-4.96003189099
1.083977489,-4.89193834814
1.08744952444,-5.35538995248
1.08489556298,-5.655487698
1.08531200448,-5.92394804597
1.08517928157,-5.92347390698
1.0881275278,-20.3902534194
1.08504520124,-7.90405897323
1.08749486214,-7.20377055107
1.08454800837,-6.47203811142
1.08317090532,-6.01683410232
1.08628017329,-5.93385384229
1.08546720027,-5.87998559535
1.0839705368,-5.85775162234
1.08527047453,-5.88207611965
1.08287724091,-5.3789522265
1.08260682079,-5.66333757117
1.0850713871,-5.79216940187
1.08676789853,-5.9096633444
1.08286529031,-5.85097453577
1.08605390395,-5.91347166401
1.08639891695,-5.87210866669
1.08550337249,-5.89181667869
1.08667064382,-5.90748367269
1.08884932111,-5.86475024647
1.08724560075,-5.87694955077
1.08881929722,-5.88049873772
1.08827355344,-5.85355506562
1.08719055165,-5.90648776986
1.08808741713,-5.89892991565
1.09191585844,-5.97668028322
1.08757233244,-5.93887579333
1.08816933997,-5.96286705159
1.0887694342,-5.92653970899
1.0879316271,-5.93664275108
1.08644052598,-5.93577283809
1.08843936819,-5.93654254368
1.08672207617,-5.92484334573
1.08831571076,-5.97507964587
1.08887674549,-5.96956011668
1.08850912522,-5.96775737404
1.0884192456,-5.96374774065
1.0893647409,-5.87498147695
1.08782784587,-5.8935186785
1.08844671248,-5.96648563732
1.08981752782,-5.9979831619
1.08941001824,-5.99522464164
1.08776074387,-5.89508253286
1.09147816153,-5.99555688034
1.09063496289,-5.90496611135
1.08814627884,-5.90851644673
1.08852228657,-5.92318578286
1.0884446015,-5.92542247175
1.08739898296,-5.87558197985
1.08800875408,-5.89047437569
1.08545246819,-5.86045233087
1.08388971127,-5.90890388678
1.08571144633,-5.83426219644
1.0868600756,-5.89339718992
1.08516043541,-5.86749404589
1.08805028166,-5.92361900885
1.08882362148,-5.96745212728
1.08731673745,-5.94868815777
1.08533239498,-5.90830451678
1.08962513876,-5.93277709873
1.08575633718,-5.89069763666
1.08820814137,-5.91912560029
1.0877615355,-5.91423705883
1.08647870687,-5.88558907976
1.08585853871,-5.84980280752
1.08887606883,-6.02445720227
1.08703877471,-5.9185289434
1.08859165463,-5.98897279169
1.09008725578,-5.92508940727
1.08800658972,-5.90717501117
1.08764721268,-5.84105607234
1.09140813744,-5.81490264931
1.09221351336,-5.82224662933
1.09000870138,-5.89287306762
1.09031440564,-5.87265468954
1.0901800684,-5.84331013555
1.08931231875,-5.8601392912
1.09314836964,-5.83498753773
1.09080203856,-5.87050756768
1.08801930638,-5.84283089507
1.08999990831,-5.84436651075
1.09055321179,-5.88265036678
1.0881479967,-5.91110723026
1.08937010989,-5.84358026165
1.0879915146,-5.8038485798
1.08787656078,-5.80176267889
1.0890439521,-5.80345911791
1.08931501713,-5.8863469198
1.08604160493,-5.81661668691
1.06290547648,-3.70686139133
1.08391409253,-4.60525785689
1.08316666828,-4.24816557808
1.08217183923,-4.3080494421
1.08390615721,-4.24064518734
1.08251655295,-4.26398085085
1.08377224042,-4.24198044621
1.0842068461,-4.28459726725
1.08367763112,-4.34131120758
1.08119121237,-4.23181611189
1.08293321496,-4.14906949844
1.08145597098,-4.26223978775
1.08020536543,-4.12733011109
1.08020085871,-4.18276881534
1.07973432721,-4.18461523809
1.07859231744,-4.23793050854
1.08147885287,-4.26810642812
1.07740400358,-4.24501791548
1.07638799112,-4.15978972646
1.07902073869,-4.15015052325
1.0802129352,-4.08926632924
1.07674984725,-4.18022462771
1.07719562391,-4.10073063332
1.07717844622,-4.1420137076
1.07749893692,-4.11345410529
1.07934209813,-4.22706792245
1.07782402889,-4.18262269853
1.07549240773,-4.17010960558
1.07932333407,-4.16485203278
1.07831592173,-4.15991097895
1.078110392,-4.15365643337
1.07811423794,-4.19171373979
1.07981697048,-4.1653512863
1.07847642956,-4.17303447958
1.07943969737,-4.17261380258
1.07993133523,-4.21252548583
1.07841152009,-4.17603773367
1.07731467777,-4.17323132014
1.08070507935,-4.14263498262
1.0777359461,-4.14347089202
1.07722415209,-4.19671815634
1.07860806826,-4.18081738802
1.07718099073,-4.13492658386
1.07923950589,-4.21329308066
1.0805098907,-4.13271888227
1.07638657539,-4.16447437529
1.07827593258,-4.18184553036
1.07979159074,-4.18927001922
1.08109274579,-4.27096916461
1.07739430623,-4.21496924563
1.07999570223,-4.2140155941
1.07891585426,-4.18430371974
1.07891493842,-4.18884346071
1.07973586386,-4.21954789829
1.08046996234,-4.19738796904
1.07725650624,-4.22470871282
1.07927882146,-4.13748436631
1.07856109575,-4.1731320731
1.07750241091,-4.18420894488
1.07897663106,-4.24793130977
1.0791860593,-4.21322308495
1.07713079063,-4.20282661237
1.07972549849,-4.19733160615
1.07963625061,-4.19888488737
1.07829670832,-4.24601427489
1.07734945713,-4.22740944873
1.08084610127,-4.13604061032
1.07918827519,-4.21563642174
1.07878152337,-4.18548809427
1.07917647794,-4.25292748472
1.07831457982,-4.18725528682
1.08017677646,-4.2340020711
1.08100607851,-4.2221573358
1.07787879866,-4.16928372279
1.07834405581,-4.21208440094
1.08074855499,-4.1940039757
1.08025383843,-4.16324323616
1.0778819805,-4.19709128396
1.07936244925,-4.22761649502
1.07842891318,-4.24606554819
1.07856251178,-4.19123326424
1.0798684088,-4.21718387248
1.07856165385,-4.22361615205
1.07602766622,-4.14029724144
1.07976641951,-4.19175049221
1.07961884851,-4.18398442058
1.07725610046,-4.2359992941
1.07703310681,-4.18594627797
1.07865295175,-4.23922793189
1.07776443641,-4.23378491232
1.07991441366,-4.13486400443
1.07831687431,-4.185465949
1.07595460654,-4.20727361745
1.07689406848,-4.19452566414
1.07908214823,-4.19181369776
1.07787517641,-4.20735448878
1.07698241198,-4.15527638322
1.07842474743,-4.22788783856
1.07675395287,-4.17936503731
1.07837203164,-4.23813682642
1.0818483348,-4.2432190453
1.07838826102,-4.2105895089
1.07970424716,-4.20080366666
1.08187045455,-4.22422760304
1.08196613816,-4.26811182508
1.07957867618,-4.25051351547
1.0818445894,-4.24972169901
1.07953479423,-4.25515393703
1.07948156841,-4.17808548373
1.08083646279,-4.23649442832
1.07785971415,-4.18529491384
1.07549411056,-4.15376557558
1.08111581767,-4.19240017039
1.08007398176,-4.27204390473
1.07763638005,-4.16941409137
1.07847103555,-4.22096274358
1.07864511059,-4.19713961147
1.07668174003,-4.19394233618
1.08012698387,-4.15495958329
1.07916540182,-4.19253291148
1.07869292452,-4.24895927073
1.0802193499,-4.18267947434
1.08149023807,-4.15674230222
1.07998301506,-4.2052607293
1.08191627505,-4.18978004198
1.08302545644,-4.24816858007
1.08342016238,-4.20978244929
1.08276044256,-4.19466345562
1.08349742066,-4.19711957434
1.07884441861,-4.18965042655
1.08043981319,-4.19700280382
1.08179032442,-4.27764336641
1.08062028257,-4.17920166296
1.0796548976,-4.1922678366
1.07883185279,-4.19273300944
1.07838818876,-4.16717619346
1.0798295803,-4.16852025402
1.07964293373,-4.2337710395
1.07893240869,-4.19155448111
1.07881175628,-4.21825505634
1.08116470292,-4.20078963352
1.07929758905,-4.2190465024
1.07879484326,-5.31473263076
1.07991549469,-2.82820679969
1.08018607778,-3.50433510282
1.07770502573,-3.93405002118
1.08127912564,-4.14504130232
1.08069843575,-4.30349334936
1.07988210154,-4.3835095193
1.07986535373,-4.43445319927
1.08330734487,-9.11646823386
1.07797561838,-4.62358703685
1.07807858835,-3.6816680784
1.07747354588,-3.79157662744
1.0765083684,-4.02895290616
1.07793495506,-4.05718339553
1.07848818331,-4.11710596845
1.07365226535,-4.06181497919
1.07654266396,-4.14955914446
1.0755951257,-3.99795489858
1.07742554423,-4.17238868874
1.07596183974,-4.17179848642
1.07888878098,-4.14000527273
1.07581550823,-4.13902592091
1.07707136138,-4.14668040668
1.07723559503,-4.15757235463
1.07644234699,-4.12225253785
1.07565982419,-4.12132038122
1.07944254625,-4.14928836441
1.07804564872,-4.14554738029
1.07694519723,-4.16906502635
1.07907582578,-4.19779116314
1.07782812223,-4.14018308219
1.07648342854,-4.13709142555
1.07974387376,-4.13818023565
1.07698783187,-4.20192643487
1.07668867746,-4.23020014655
1.07826744238,-4.24821585056
1.07910338066,-4.1038887733
1.07633468735,-4.16661028976
1.07680161393,-4.16777588229
1.07586765494,-4.15314246973
1.07563502564,-4.15615600373
1.07827772839,-4.23015548997
1.07774891873,-4.16119963571
1.07531283655,-4.19431618962
1.07721188927,-4.17345838347
1.07714327493,-4.2147703501
1.07719421461,-4.0930221164
1.07692436805,-4.14567879219
1.07780955356,-4.17017344049
1.07757248302,-4.15908650689
1.07835570563,-4.18119758634
1.0779319969,-4.07985863928
1.07624475182,-4.20252223689
1.07697275097,-4.18677051189
1.07960708103,-4.21978993348
1.07817174352,-4.18626604943
1.07822866649,-4.22977428141
1.07751600662,-4.14692772663
1.07686432122,-4.1505273988
1.07737441143,-4.20012066625
1.07998797021,-4.21257321237
1.07689811063,-4.22685957547
1.07610125042,-4.20474297437
1.07828981616,-4.17405912987
1.07895305849,-4.20253168561
1.07612494394,-4.20156492121
1.0774823548,-4.15971749407
1.07709392153,-4.23116519025
1.07713533402,-4.13523191849
1.07910973677,-4.1893715006
1.07837025814,-4.13483902909
1.0749286936,-4.12809532094
1.07792583824,-4.26728499423
1.07798622446,-4.12381025391
1.07791388124,-4.28322737678
1.0764628938,-4.19492424268
1.07665541296,-4.14794543045
1.0762885383,-4.22216708157
1.07885140128,-4.2330574417
1.07782037666,-4.24000908447
1.07567641338,-4.15767997172
1.07692458177,-4.26560030552
1.08015661404,-4.25081285568
1.07606701,-4.21104032089
1.07784293097,-4.23530564966
1.07852326708,-4.29949268242
1.07780755629,-4.20200025115
1.07699817746,-4.21935808135
1.07799355061,-4.19377518313
1.07606661438,-4.15439001139
1.07616521405,-4.17358017724
1.0789311425,-4.14321336891
1.07861422253,-4.23704186494
1.07680856031,-4.2062170239
1.07804318234,-4.24063361215
1.07620510061,-4.20379435146
1.0781960136,-4.15065829302
1.07864551104,-4.19501289371
1.07841142292,-4.1952817334
1.07430329067,-4.1756709429
1.07832610416,-4.19050082906
1.07920007716,-4.21252184427
1.07835417721,-4.24259181682
1.07639115902,-4.19649282145
1.07747752279,-4.13808089901
1.07613738641,-4.21259417048
1.07864763136,-4.17145425516
1.07790225269,-4.20380065757
1.07676755986,-4.21842485466
1.07778468783,-4.19403050091
1.07924357306,-4.22364092286
1.07732395476,-4.26423980712
1.07719924518,-4.17313915266
1.07784507262,-4.19289667596
1.07801847334,-4.26444216513
1.07605769402,-4.21320429021
1.08058748085,-4.23566301657
1.07632952085,-4.1609407275
1.07809295584,-4.24743288257
1.07892999836,-4.23901231649
1.07797684467,-4.17725673801
1.07772665398,-4.20240418784
1.07924457675,-4.16626387779
1.0766004114,-4.17714171252
1.07777244554,-4.21369069291
1.08006230155,-4.23464756158
1.07900257261,-4.17888030991
1.07635111488,-4.15266426265
1.07846069448,-4.17755831865
1.07859963074,-4.20831852384
1.07767352069,-4.23633508948
1.07758823434,-4.14923507847
1.07587013474,-4.11851367827
1.07622510567,-4.21999916208
1.07907640317,-4.23655980583
1.07690842859,-4.16158016638
1.0742335244,-4.06319832839
1.07624779651,-4.16548190178
1.07748164839,-4.1593945316
1.0771691779,-4.26831666274
1.0770866864,-4.24383901258
1.07503856671,-4.22691549533
1.07572057335,-4.22967103608
1.07690115019,-4.12782264781
1.07903380854,-4.24099428872
1.07548661485,-4.2170957233
1.07571475726,-4.25032632923
1.07802294079,-4.23979318009
1.07762861624,-4.23208553843
1.07648268941,-4.15253271113
1.07814268164,-4.19857365685
1.07579224368,-4.22345643904
1.07608331214,-4.11233769422
1.07911807996,-4.23004080033
1.07797679207,-4.20499591941
1.07612042837,-4.22421013096
1.07981632715,-4.23553828332
1.07961935651,-4.24053564222
1.07757399635,-4.17710975142
1.07844348926,-4.22362965463
1.07713884231,-4.19206792802
1.07846680759,-4.21428563337
1.11146550245,3.17328503568
1.07914142068,-4.48671177906
1.07651388824,-3.0095954846
1.07827580441,-3.19892412617
1.08119984768,-3.59564335959
1.07807669254,-3.90693414767
1.07883089115,-4.11877664374
1.07888721003,-4.35848602028
1.07921483849,-15.8996031935
1.08050274923,-6.08720730911
1.07991900822,-5.283890289
1.07677454872,-4.82147164214
1.07932196588,-4.60313802127
1.07912808366,-4.34809570739
1.07927688718,-4.18366816925
1.07907160944,-4.1809512377
1.0806099292,-4.19398196852
1.07986640887,-4.35716426062
1.08055057512,-4.18708758855
1.08100394545,-4.18438737337
1.07875048323,-4.1945994795
1.07760009559,-4.06450570717
1.0816205526,-4.14856826312
1.0802751387,-4.20355319375
1.07974092671,-4.15336472461
1.07832565789,-4.15298063236
1.07835151085,-4.12390282785
1.07916429849,-4.1544413468
1.08100891254,-4.14963082759
1.07833522443,-4.16024302966
1.07714499169,-4.19915403995
1.07847476249,-4.21621123465
1.07876785182,-4.17765715266
1.07526386101,-4.15821011117
1.07778021879,-4.16040926952
1.0768958461,-4.19109063524
1.07689304046,-4.17500316363
1.07588480263,-4.16376947632
1.07662338422,-4.18872858094
1.07581529949,-4.21869267323
1.07719385523,-4.14564495284
1.07738592235,-4.18111948588
1.07634893242,-4.24553700494
1.07771419485,-4.23000167629
1.07813853807,-4.2330471038
1.07484803456,-4.18598369501
1.07750467697,-4.15137598801
1.07777097258,-4.14905856892
1.07760211084,-4.24105166314
1.07476810105,-4.18023774222
1.07874279853,-4.17751161389
1.07566913693,-4.11450492097
1.07747632303,-4.18316074914
1.07834434484,-4.17662081682
1.07642201413,-4.14947642491
1.07673393799,-4.17194190746
1.07844933526,-4.10768492343
1.07720454766,-4.16275107144
1.07648399229,-4.16014667763
1.08063888546,-4.24862543757
1.0778530201,-4.1282072642
1.07631769154,-4.18025195377
1.07805313307,-4.13808291632
1.07683303124,-4.19112182332
1.07838548202,-4.33763239875
1.07904258107,-4.22398996746
1.07866090326,-4.24815058764
1.07484653558,-4.22063962681
1.07844519558,-4.1857254355
1.07877441731,-4.20520124048
1.07776991489,-4.19266685012
1.07804620008,-4.17991409525
1.07808116994,-4.22414710859
1.07595266988,-4.26382028608
1.07899964243,-4.20263624258
1.07820296244,-4.20809957817
1.07681284366,-4.13845664348
1.07561361107,-4.18598097163
1.07803751868,-4.25143189012
1.07730728537,-4.2574267236
1.07731374979,-4.25493860365
1.07790345296,-4.20035725337
1.07619188188,-4.16758430477
1.0773742048,-4.2520972705
1.08056922187,-4.29638664907
1.07593756889,-4.2487464171
1.07626156718,-4.20379694628
1.0785556408,-4.18652339168
1.07875601041,-4.24382201987
1.07800959408,-4.23719774463
1.07802889884,-4.18301505309
1.07649778363,-4.24052281914
1.07749697072,-4.22096240841
1.0787500616,-4.18957494015
1.0780351958,-4.24344082218
1.0762446985,-4.24005127851
1.04084369712,-3.63356354282
1.06008341303,-4.37527542794
1.05809637327,-4.07785055843
1.06020032606,-4.11016959874
1.05967169327,-4.10251899465
1.0578965157,-4.04621547338
1.05969914258,-4.06896928025
1.06041387762,-4.19050706541
1.05786728048,-4.2442934028
1.05403933052,-3.47250127788
1.05734320199,-3.46381315118
1.05533050627,-3.47580658387
1.05590663152,-3.39691728546
1.0552591957,-3.41073771205
1.05497703457,-3.42803202548
1.05638455077,-3.44675799788
1.0578765765,-3.43500095423
1.05393333008,-3.51068379547
1.05365621214,-3.44195970601
1.05728092999,-3.45059113044
1.05592033017,-3.44546173619
1.0551161208,-3.41995520115
1.05664257868,-3.4334758344
1.05596662203,-3.38256819633
1.05779501749,-3.40963824689
1.06027720611,-3.48128518541
1.05876353398,-3.45466041821
1.05876920028,-3.39614838147
1.06313513435,-3.43124965731
1.06230290865,-3.42351500586
1.06115578593,-3.40240293959
1.06096115199,-3.4457754536
1.06147347711,-3.46590525327
1.05891869804,-3.45073504869
1.06252136994,-3.50569955951
1.06070898791,-3.41479332946
1.05829710676,-3.40882779927
1.05943095068,-3.49171202991
1.05991536651,-3.41187823049
1.0584774184,-3.46779641926
1.05898746016,-3.38958576273
1.05756338873,-3.42951916422
1.05726469836,-3.38319701385
1.06019510244,-3.4318021672
1.06106246185,-3.45666066443
1.05866343497,-3.41119299662
1.06114089749,-3.43844560106
1.0615905773,-3.4420360401
1.06194884868,-3.4713492018
1.05977859924,-3.43062171353
1.06385441055,-3.44943761429
1.0609624788,-3.46557249845
1.06205751493,-3.44272300691
1.06132436922,-3.4383615407
1.05941004506,-3.48102931997
1.05896710541,-3.44228872634
1.05942894858,-3.41457616113
1.05829336362,-3.40010990583
1.05881454463,-3.46910799751
1.05787490711,-3.41868071762
1.0543878347,-3.41328785604
1.05506670163,-3.41537480138
1.05788469543,-3.45524969249
1.05648887936,-3.45010898949
1.0558259362,-3.52067433286
1.0560210691,-3.45391890247
1.05755911617,-3.4743629165
1.05538793625,-3.43240865625
1.05648647469,-3.3956063616
1.05574528826,-3.45898445945
1.05608820404,-3.50311475193
1.05681247481,-3.40811705268
1.05756898411,-3.45656487341
1.05303482414,-3.42521040497
1.05610301596,-3.49657354393
1.05676273494,-3.5085495465
1.05669033803,-3.43257722567
1.05595358293,-3.45785965108
1.05690426231,-3.44891798246
1.05529398652,-3.44491660646
1.05814662624,-3.42460606559
1.05782155674,-3.49437201506
1.05584823956,-3.44315737488
1.05467356552,-3.44031760601
1.05814834301,-3.49504017269
1.05717614032,-3.42964394537
1.05746970556,-3.44325121699
1.05763216127,-3.48791400752
1.05583828218,-3.43645807196
1.05503238798,-3.36699201191
1.05856270746,-3.41563891762
1.0566518063,-3.45872360778
1.05578531363,-3.41496245899
1.05785445066,-3.43662629053
1.05779641396,-3.42673070453
1.05660960853,-3.42973955277
1.05878872135,-3.49577612223
1.05530154424,-3.42426162845
1.05577925714,-3.46610667148
1.0587207039,-3.43404659005
1.0581798532,-3.43434896689
1.05508423427,-3.49216809178
1.05651166766,-3.48749869093
1.05685062902,-3.41906522663
1.05691601321,-3.4159877601
1.05686622257,-3.45125468311
1.05577365926,-3.43505313841
1.05455940039,-3.43267273584
1.05731978465,-3.4558125565
1.05653263973,-3.4605917343
1.05524392318,-3.37951962951
1.05494500639,-3.41573616912
1.05879604246,-3.46880914658
1.05597783042,-3.39062150876
1.05639496904,-3.42721733105
1.0562771901,-3.43126436173
1.0571509619,-3.41682576334
1.05692234668,-3.41547427051
1.05871228809,-3.47865640247
1.05708520901,-3.53237806571
1.0571002131,-3.4625873552
1.05685992674,-3.37709388992
1.05749778949,-3.42357938079
1.05732256283,-3.45841429783
1.05703291718,-3.39513045443
1.05474379367,-3.40537275146
1.05668633914,-3.41897058363
1.0574811076,-3.44189750511
1.05794678363,-3.44837120064
1.0543542878,-3.42262407821
1.05755895112,-3.41207836052
1.05633600218,-3.42587795209
1.0555186919,-3.4274157093
1.05663366311,-3.50128783621
1.05713803435,-3.44075030225
1.05507542407,-3.3480073472
1.05728058419,-3.47878888118
1.05525996717,-3.41114037772
1.05459170375,-3.40903449301
1.05596862096,-3.37769234535
1.05728787312,-3.39344822585
1.05522258501,-3.44520112961
1.05769888256,-5.08225842478
1.05671116125,-1.72843806804
1.05608751392,-2.74366030395
1.05542464854,-3.13623086203
1.05871766867,-3.42143672468
1.056930057,-3.61679315977
1.05741597196,-3.67367399898
1.05678545753,-3.67545746428
1.05810563045,-7.16401387585
1.0578702585,-4.79770360831
1.05842803363,-3.0859026404
1.05603941591,-2.8850108599
1.05725165075,-3.05916508774
1.05857781957,-3.16942711147
1.05699557937,-3.17527251338
1.0549475438,-3.2547153607
1.05813913796,-3.28021926262
1.05525851686,-3.02765485714
1.05817085964,-3.33669165817
1.05783897702,-3.30304185221
1.05626414381,-3.29953902518
1.05675721732,-3.38194698016
1.05854479678,-3.31507650073
1.05769309741,-3.29997595482
1.05573245563,-3.36608901892
1.05595376501,-3.32729048031
1.05685582118,-3.33479310414
1.05695252777,-3.31663193238
1.05742614544,-3.32481389352
1.05613646552,-3.39348619584
1.05561885274,-3.3100305537
1.05602819803,-3.3011847563
1.05825080706,-3.36278397582
1.05632825841,-3.34536157364
1.05686318805,-3.40150997631
1.05690975028,-3.34374535671
1.05622316149,-3.36718011685
1.05706111213,-3.35306901069
1.05841673426,-3.39426078298
1.05580383334,-3.39745413969
1.0571236204,-3.31448072089
1.05936137804,-3.48759939691
1.05707059196,-3.42319147205
1.0567112799,-3.37764940837
1.05826813969,-3.40942573655
1.05653979453,-3.39688748675
1.05764526276,-3.31586019581
1.05856412859,-3.40298973833
1.0561006057,-3.35737177289
1.05599172804,-3.40848048935
1.05963177811,-3.39665386501
1.05756109431,-3.31042880776
1.0556342364,-3.38847294738
1.05734286248,-3.39215005502
1.05848846263,-3.39646750736
1.05598044004,-3.44439032302
1.05665406872,-3.33602477638
1.0572249993,-3.4392903052
1.05653721103,-3.40588511616
1.05762214776,-3.43531221747
1.05761077469,-3.35065128468
1.05554605118,-3.42985505266
1.05614849475,-3.3853005669
1.05719158506,-3.42022958946
1.05734116395,-3.36963825676
1.05691397727,-3.36232602242
1.05816652722,-3.45396328043
1.05544688279,-3.37059142412
1.05752299637,-3.34921116362
1.05945090345,-3.47536164908
1.05587765892,-3.33135541873
1.05577954689,-3.4130490115
1.05853963614,-3.41337168325
1.05730285782,-3.45351519903
1.05746425165,-3.36791312922
1.05738659571,-3.41877810429
1.05736481043,-3.44301699763
1.05678000871,-3.38263351625
1.05903713593,-3.37953959026
1.05586048442,-3.34949694487
1.05622068689,-3.39136749282
1.05721138428,-3.38554016407
1.05867608429,-3.37618614941
1.05615229452,-3.30671019321
1.05847133944,-3.36158595464
1.05733580221,-3.40635481576
1.05572523919,-3.34165914369
1.05732995523,-3.36224286237
1.05899562915,-3.33303554981
1.05482903435,-3.34471597926
1.05539511499,-3.32740529064
1.05722678655,-3.38526326783
1.0556602664,-3.39646795396
1.05823841002,-3.44025539506
1.05756174154,-3.36215815108
1.05556989843,-3.32893963955
1.057382046,-3.34932550415
1.0584890006,-3.38546756369
1.05637986711,-3.33372826312
1.05580075333,-3.42618636
1.05883846713,-3.34637769267
1.05687608182,-3.40191546007
1.05820935037,-3.35085866218
1.05774178715,-3.39776026642
1.05639701637,-3.41306147738
1.05813942856,-3.4300202724
1.05915507468,-3.31926302807
1.05749479328,-3.40390724689
1.05714589466,-3.35852453896
1.05929673554,-3.43163922276
1.05785122154,-3.44790674212
1.05710967233,-3.37874521055
1.05852762458,-3.36628173066
1.05699770692,-3.42676922381
1.05597672557,-3.41315363386
1.05838677333,-3.41642628483
1.05922596898,-3.39810292554
1.05729184793,-3.44644180753
1.05785647412,-3.38525632033
1.05773469705,-3.42827288633
1.05853281904,-3.34758888941
1.05852499885,-3.41664049995
1.0585937113,-3.39191585634
1.05627945744,-3.40675194292
1.05973153582,-3.41251378133
1.0583059112,-3.41958247734
1.0582630306,-3.45381406524
1.05592091372,-3.3350607761
1.05822500464,-3.3576986122
1.05716975053,-3.34092181176
1.05853251266,-3.3992322002
1.05760875574,-3.40547713153
1.05656932404,-3.42188270922
1.05769215025,-3.4136104747
1.06057006211,-3.36810172099
1.05838111624,-3.40751371963
1.05879007981,-3.35024961001
1.05904559106,-3.40509956598
1.06074923941,-3.38548783705
1.06152784204,-3.40225883775
1.06402352365,-3.41553386099
1.05868990868,-3.36933117823
1.06045128654,-3.48319322833
1.06153106346,-3.39226760084
1.06252623427,-3.39824265972
1.05958632103,-3.37012496379
1.06261627158,-3.46378577492
1.06030316854,-3.4776642934
1.05923922931,-3.34055149227
1.05908565772,-3.41129209656
1.05914814861,-3.34600048442
1.05748266715,-3.39402157842
1.06028588025,-3.35025714526
1.06008697721,-3.39288905099
1.05822396669,-3.38316753804
1.05705547809,-3.39010583262
1.0579520242,-3.44777650752
1.05978478023,-3.48781602737
1.0609329575,-3.44694609953
1.05970626591,-3.38274177588
1.05846059822,-3.43487617635
1.06017818546,-3.43395029856
1.09341540282,4.0653197895
1.05870480357,-3.5061888705
1.05845454067,-2.09892579138
1.06088580846,-2.3526158323
1.05886239799,-2.71068276336
1.05828604736,-3.09915510619
1.05904408178,-3.31564995006
1.05679856505,-3.49197417464
1.06385845858,-16.283906937
1.06145682937,-5.83660747519
1.05751752411,-4.61221408194
1.05600128126,-4.00124266933
1.05853232991,-3.6961804903
1.05783456067,-3.54880432055
1.05869181991,-3.34212677941
1.0580174464,-3.35678638474
1.05730749455,-3.33151528693
1.05649424961,-3.42639501851
1.05923511203,-3.39960243683
1.05952299241,-3.43296729662
1.05724528864,-3.42052432431
1.05692184257,-3.3568659863
1.0581190982,-3.36015698315
1.0568785815,-3.39024902491
1.05745274112,-3.33355157896
1.05684015302,-3.38552955832
1.05667677116,-3.34082598754
1.05960735467,-3.43677582631
1.05765261509,-3.3255206961
1.05488913372,-3.33460493927
1.05745259849,-3.39438529926
1.0575666693,-3.36565109435
1.05822171706,-3.41363399126
1.05796077545,-3.42531260658
1.05860736129,-3.34612259324
1.05602812472,-3.34168897599
1.05754308672,-3.32561408747
1.0581506144,-3.39623034088
1.05758460595,-3.34816962244
1.0577087334,-3.37800910137
1.05892741374,-3.35991835633
1.0578120638,-3.43807116176
1.0586320765,-3.44136633578
1.05846333848,-3.34577441488
1.05883696211,-3.42778119163
1.0562177358,-3.34453802091
1.05991054305,-3.38872866258
1.05749681367,-3.41259931856
1.05628482579,-3.32925561666
1.05796361674,-3.38563816141
1.05889116416,-3.37597617082
1.05614947159,-3.2960744459
1.05717000028,-3.34855225493
1.05780349993,-3.43303526625
1.05632543103,-3.375691345
1.05930367662,-3.36692028658
1.05960785334,-3.41230663524
1.05586577447,-3.29058092044
1.05871088624,-3.44596630102
1.05768095834,-3.40459214958
1.05898700027,-3.39735166909
1.05846731072,-3.43212355081
1.05890928231,-3.35878739702
1.05754286298,-3.49266767276
1.05870820707,-3.42956615964
1.05957552498,-3.38243798408
1.05774175353,-3.43973784448
1.05688700384,-3.4647827841
1.05962016484,-3.42348796982
1.05790605899,-3.40761819304
1.05944502309,-3.43455901962
1.05866017783,-3.39456513599
1.05917547799,-3.43138532776
1.05781237864,-3.42350536035
1.06104577889,-3.40681579364
1.05909542152,-3.38687409987
1.0585354696,-3.46299842744
1.05876338645,-3.45958790542
1.05834509103,-3.41908457025
1.05782183909,-3.42032862398
1.06023590937,-3.41302256697
1.05767257093,-3.36453731016
1.05689959509,-3.46927515711
1.05958476853,-3.44293191744
1.06061697426,-3.42791676511
1.05696917289,-3.45727648862
1.05777619384,-3.44057533465
1.0574065203,-3.45734121145
1.05783229122,-3.41957804446
1.0583256051,-3.44950490769
1.05758399614,-3.44280638035
1.05600488661,-3.42763585405
1.05953086969,-3.43525081266
1.05899937935,-3.46283197097
1.05679074568,-3.42541835759
1.05755375606,-3.47589898444
1.04400262763,-3.95063311223
1.06398723543,-5.22525912955
1.06599546281,-4.82829374125
1.06519923377,-4.86583975944
1.0637603049,-4.94204440181
1.06447378173,-4.94763457257
1.06644491681,-4.88202077707
1.06458775863,-5.0123673445
1.06417373752,-5.0191881039
1.06475242445,-5.07035023381
1.06672234882,-5.05895012662
1.06543511676,-5.05070919005
1.06745926148,-5.03303709163
1.06361022871,-4.94178721745
1.06510941297,-5.06883920595
1.06581810701,-4.99530952171
1.06611660703,-5.02420692393
1.06241754608,-5.0008096794
1.06425222695,-4.9766286609
1.06527889136,-5.07341710925
1.06398881524,-5.04988187344
1.06329066888,-4.98302627569
1.06275631256,-5.02102595171
1.06333741111,-5.0528734715
1.0652880666,-5.04275398471
1.06465960695,-5.02826078354
1.06321142249,-5.04855924236
1.06306734068,-5.048886988
1.06463360844,-5.08059997916
1.06152358425,-5.01794137465
1.06454378837,-5.01197777436
1.0643791247,-5.05111924457
1.06270299614,-5.01448079989
1.06237209505,-5.03101531392
1.06540896071,-5.10039371154
1.06284620622,-5.0700882352
1.06384898197,-5.08423094526
1.06462234975,-5.03683558954
1.06389348927,-5.01235087955
1.0647942581,-5.17249213679
1.06412278965,-5.06427850314
1.06275805432,-5.08517321893
1.06415337823,-5.09389445507
1.06638644595,-5.14919616454
1.06528799138,-5.08405889658
1.06306660454,-5.08007617051
1.06537720173,-5.11131276738
1.06413238614,-5.12530798163
1.06450880945,-5.0764877548
1.06604897549,-5.14112669887
1.06385838537,-5.11152763637
1.06229241324,-5.07580764683
1.06424533688,-5.05657715083
1.06444255118,-5.08380009499
1.06316521246,-5.09893390266
1.06339770492,-5.11128308711
1.06451686027,-5.0915058521
1.06381445639,-5.15817792801
1.06631750226,-5.14464342428
1.06539761909,-5.1281543883
1.06504372157,-5.0920704928
1.06720624816,-5.10013957342
1.07099094618,-5.19373918423
1.06922572145,-5.10882795471
1.06910233698,-5.08088178903
1.06946497117,-5.14905279633
1.06893174163,-5.10843727555
1.07056440692,-5.19268129965
1.07080339302,-5.17750660087
1.06809929456,-5.11451703909
1.06812133787,-5.12319575419
1.07028703748,-5.15542589761
1.06977641094,-5.13939696889
1.06560510548,-5.11517886546
1.06775865527,-5.11598477188
1.06663631331,-5.11101017064
1.06890582936,-5.11494703404
1.06869172483,-5.11074091501
1.06703361494,-5.12280623274
1.06592353442,-5.07799649245
1.06980203288,-5.18059485924
1.06792541452,-5.05497517468
1.0680552883,-5.17800561375
1.06828909828,-5.11311243157
1.069354489,-5.14372182624
1.06823925092,-5.12192117464
1.07021214952,-5.15524577315
1.0681667532,-5.17985808923
1.06610393224,-5.1257955663
1.06678937273,-5.09916380972
1.06775640481,-5.13719399855
1.06369924305,-5.10470578163
1.06434481132,-5.11147821979
1.06299019387,-5.15881072943
1.06349435817,-5.16955384989
1.06437580456,-5.08116685899
1.06513353061,-5.12958741661
1.06109033779,-5.1115478964
1.06308055895,-5.1036206804
1.06667134542,-5.15022971929
1.06525828147,-5.13598434063
1.06453139534,-5.17159330941
1.06718149559,-5.11155434614
1.06481805388,-5.07326541109
1.0667944263,-5.10039414943
1.06659862318,-5.15787251679
1.06545384562,-5.12558011151
1.06684193986,-5.10959406116
1.06912518605,-5.1868480387
1.06577446132,-5.1777883593
1.06467817335,-5.13848262864
1.06529861478,-5.14537120541
1.06652090645,-5.15514007328
1.06503326455,-5.12217379216
1.06623263416,-5.12431668232
1.06474302318,-5.13215821818
1.06408501282,-5.09392324449
1.06522634413,-5.1405586633
1.06549861345,-5.13923139254
1.06402495374,-5.11627273209
1.06614716973,-5.11268298634
1.06551320833,-5.10003318308
1.0644591893,-5.14316511668
1.06668183448,-5.18317645491
1.06764128511,-5.18032475069
1.06414837795,-5.11924519923
1.06608993944,-5.11564977601
1.06583716477,-5.09530540233
1.06544645574,-5.10246845314
1.06339012194,-5.04553348349
1.06541845325,-5.17158653405
1.063477267,-5.05082809983
1.06550447261,-5.14473743699
1.06461910716,-5.12244919661
1.06302816298,-5.12219245288
1.06231741858,-5.10163677457
1.06499386293,-5.13394179322
1.06332611772,-5.05981317005
1.06450286732,-5.12607040384
1.06387324366,-5.09350834636
1.0641791331,-5.0555037571
1.06323185561,-5.13516877193
1.06553798344,-6.45268132649
1.06319529078,-3.60308345007
1.06311680025,-4.37842648884
1.06371752156,-4.80847968204
1.06342811483,-5.05110450885
1.06288723545,-5.15697843849
1.06491459308,-5.33271529487
1.06559913686,-5.35479850966
1.06501497356,-9.70036938386
1.06606808199,-5.98790591923
1.06739897219,-4.72899329273
1.06531893569,-4.74434975354
1.06831241885,-4.87918608317
1.06759719229,-5.06503864182
1.06754090365,-5.04686847288
1.06509785309,-5.04663459395
1.06694932212,-5.06981750237
1.06770483309,-5.20093600888
1.06783702999,-5.07982806875
1.06795948421,-5.19056442759
1.06561179353,-5.10065798017
1.06513217664,-5.10368995811
1.06733588246,-5.0781263825
1.06602892408,-5.10551637916
1.06647983284,-5.09528794768
1.06642317368,-5.18686303652
1.06713011342,-5.12868438199
1.06605961103,-5.09733445136
1.0682163068,-5.1344264533
1.06631084604,-5.09164235364
1.06684358289,-5.13616837753
1.06919733492,-5.15086859422
1.06812251618,-5.10473451653
1.06596818852,-5.13602096807
1.06908238595,-5.20322146364
1.06805488289,-5.20909030525
1.06652640097,-5.16238420749
1.06817049595,-5.1516968391
1.06712297421,-5.17636391379
1.06330749113,-5.15361225209
1.06612684282,-5.19118521538
1.06588266448,-5.09575011681
1.06511830734,-5.16088018265
1.06212111371,-5.10789585176
1.06273677826,-5.14785522146
1.06197211026,-5.15570378657
1.06504810347,-5.10004145199
1.06372661652,-5.13979778741
1.06262578951,-5.15778290629
1.06470931922,-5.19195592344
1.06610878121,-5.15793364953
1.06332668683,-5.07146414444
1.06397757872,-5.15636121297
1.06446809818,-5.0908093518
1.0661856763,-5.14077544864
1.06608770746,-5.12143389821
1.06754906331,-5.15978666713
1.06483061413,-5.0785968801
1.06546637887,-5.06758774203
1.06646569053,-5.08928506222
1.06596450103,-5.1521585083
1.06475094683,-5.10289600972
1.06653389904,-5.19460920282
1.06534305535,-5.17086723292
1.06524472489,-5.07619406274
1.06656347177,-5.15955672162
1.06573531077,-5.13823660675
1.06316418557,-5.15626365243
1.06742486432,-5.16260984368
1.06567845973,-5.11077020455
1.06455867223,-5.10644688226
1.06426448549,-5.08933688931
1.06638587932,-5.15893545103
1.06550415144,-5.15881377592
1.0667582266,-5.16272898608
1.06514074116,-5.15303933203
1.06461557878,-5.12945327048
1.06646003313,-5.11147735133
1.06791165612,-5.12455830819
1.06538290046,-5.15521672855
1.06579082843,-5.1721344513
1.06568722814,-5.16760609857
1.06578332295,-5.10818507064
1.06487819574,-5.09390410225
1.06719630464,-5.15539437306
1.06359316645,-5.09570650836
1.06440380934,-5.11896311906
1.0644802227,-5.1285273018
1.06382736882,-5.16348415043
1.06395248656,-5.152976514
1.06493740253,-5.12510943535
1.06287911624,-5.05151824439
1.06462508468,-5.17029824184
1.06524787174,-5.10784486024
1.06394892323,-5.13844821269
1.06240746872,-5.05586019753
1.06652467811,-5.19792617654
1.06375743495,-5.151112638
1.06369266803,-5.11068048362
1.06449334739,-5.10312314697
1.0635714845,-5.10459816833
1.06312483019,-5.15917179253
1.06552726353,-5.11427222226
1.06308465728,-5.0560714484
1.06195727593,-5.06516407648
1.0639135843,-5.16441957468
1.06579877564,-5.16618913874
1.06232035831,-5.09382595906
1.06429249596,-5.17011551238
1.06370545797,-5.17569810119
1.06261698722,-5.10940013767
1.06343732174,-5.10150736804
1.06518113404,-5.1773701592
1.06314004491,-5.25445948845
1.06313036698,-5.13347776173
1.06547969203,-5.15923936794
1.06423443181,-5.15303341408
1.06428926317,-5.14182096728
1.06368067664,-5.11062452137
1.06417807376,-5.15326557826
1.06692283282,-5.25267805051
1.06541742728,-5.15011304315
1.06367351898,-5.15561814811
1.06281724095,-5.09581062187
1.06615260346,-5.09872123982
1.06493444492,-5.19244046759
1.06571240248,-5.14520130159
1.06459208723,-5.06748275427
1.06332251794,-5.07154462304
1.0645544673,-5.11380087118
1.06752164082,-5.1353116927
1.06616930238,-5.17878358854
1.06244233955,-5.09130751716
1.06544266251,-5.07659213345
1.06669371479,-5.19905684123
1.06404694909,-5.15870643663
1.06463467961,-5.10600000019
1.0639575295,-5.17899416441
1.06517754972,-5.18986872222
1.06463405144,-5.19955727357
1.06512915885,-5.20230424046
1.06142689575,-5.11351643534
1.0655097221,-5.15015800041
1.06419801682,-5.13603031542
1.06442259572,-5.16964522749
1.06328579211,-5.13950388791
1.06533645741,-5.13456686754
1.06411196918,-5.12911465023
1.06597665062,-5.14137393312
1.06621008558,-5.14591536717
1.0637119751,-5.10019148626
1.06348216989,-5.15782208545
1.06567794458,-5.18689199773
1.06445471527,-5.09791097749
1.06521119752,-5.12431104845
1.06471556527,-5.1427779074
1.06411354259,-5.17454019612
1.06489624074,-5.14264495368
1.06590180421,-5.17033690185
1.06329717964,-5.14081142941
1.06411684159,-5.15407268182
1.0655801311,-5.16689520871
1.09731966931,3.07895668169
1.0633907195,-5.35841892332
1.06478958335,-4.03076557185
1.06474455753,-4.0939213213
1.06396632468,-4.51807407365
1.06560003144,-4.8343889129
1.06556719582,-5.06651745008
1.06291900367,-5.24627598681
1.0709675757,-18.0816737068
1.06544996303,-7.13717089815
1.0656829933,-6.40872174661
1.06712170479,-5.88214143139
1.06710251101,-5.65426744144
1.06656075802,-5.3535758516
1.06771517,-5.22696451356
1.06812765726,-5.1162589053
1.0670001347,-5.15576729815
1.0673440357,-5.19854235006
1.0672859723,-4.93071592495
1.06542699819,-5.02051002591
1.0666923556,-5.10853649018
1.06688084134,-5.08446858843
1.06499013573,-5.12784607748
1.06635564489,-5.09971882042
1.06897870552,-5.09764311488
1.06538239259,-5.08454588556
1.06620037938,-5.15191451587
1.06770572698,-5.12442440674
1.06803707334,-5.15101420165
1.06614156895,-5.11197065232
1.06836329073,-5.12194866223
1.06634892952,-5.1179664104
1.06550522942,-5.08776320789
1.06911784677,-5.09401667908
1.06830185155,-5.09299178866
1.06581408563,-5.12358523537
1.06724389075,-5.10058269457
1.06716336365,-5.14273073982
1.06568675451,-5.1439748595
1.06639332178,-5.10434051082
1.06722975922,-5.10760750612
1.06414253378,-5.09244249154
1.06722705503,-5.10894008472
1.06496919246,-5.11583756114
1.06451417408,-5.12996310834
1.06403608168,-5.09030303697
1.06656065385,-5.14718267258
1.06536949106,-5.1230853547
1.06620623454,-5.11852582297
1.06613994894,-5.06771729301
1.06542047548,-5.15901396647
1.0677281799,-5.09636748839
1.06929911137,-5.1476747655
1.06830953218,-5.16918402639
1.0682140165,-5.1548943286
1.07013450092,-5.11869793076
1.07023234016,-5.14866568159
1.06662190315,-5.06836352851
1.06961189734,-5.15530789428
1.06650122515,-5.17804140088
1.06741003553,-5.17326067518
1.06915327799,-5.17117108705
1.06600803199,-5.09187357871
1.06494508335,-5.16236642337
1.06806784891,-5.17075275554
1.06690579891,-5.1149118692
1.06524118871,-5.14472669579
1.06607037677,-5.14353895394
1.06663088895,-5.14425040011
1.06537283254,-5.15677343897
1.06745003082,-5.13725176388
1.06777124835,-5.14233021997
1.06516249042,-5.16776346485
1.06684657561,-5.12884915104
1.06767111691,-5.12448464737
1.06683562231,-5.15491992392
1.06777932338,-5.16148778697
1.06634490454,-5.18330391399
1.06614938937,-5.1086068183
1.06761699978,-5.14750042354
1.06825108829,-5.12149450778
1.06312485992,-5.07834436132
1.06472156908,-5.17325593838
1.06800591941,-5.19879311676
1.06499328846,-5.11759185884
1.06487840166,-5.15907664416
1.06469772161,-5.20666253957
1.0633172625,-5.10366244861
1.06573205706,-5.16781253514
1.06522564505,-5.15212605875
1.06265668067,-5.07719070529
1.06440660537,-5.15143139544
1.06680745602,-5.13191460152
1.06559450706,-5.15486813236
1.06497382187,-5.14427198895
1.06521219358,-5.1914728737
1.05613826021,-4.41518751861
1.0751303406,-5.4569461233
1.07790631159,-5.91603361419
1.07627417126,-5.39112350494
1.07446453127,-5.43983342454
1.07559934453,-5.4867155004
1.07688032589,-5.50244503796
1.07554162181,-5.5983212493
1.07589424701,-5.54341520247
1.07009242155,-5.3713745757
1.07063942791,-5.34052188823
1.07352953807,-5.43203197023
1.0713646182,-5.26642329135
1.06971946166,-5.30252118463
1.07109134386,-5.31492524723
1.07286302016,-5.36197363722
1.07219238602,-5.43617948082
1.07049004344,-5.40987129762
1.0718722692,-5.35473204737
1.07031871126,-5.40959532721
1.07251446461,-5.40592897203
1.0737853526,-5.47873188471
1.07186578607,-5.34679662969
1.07085922979,-5.45348247752
1.07419007087,-5.44937373224
1.07238664737,-5.43502236976
1.07174263737,-5.40551775699
1.07330375682,-5.42008180688
1.07240154863,-5.35803921557
1.07259658899,-5.51184013359
1.07401742217,-5.41476009822
1.07284096258,-5.43724215171
1.0703708246,-5.39502548898
1.07260898348,-5.43329428161
1.07236589743,-5.42179558276
1.0715054189,-5.46580646832
1.07207600611,-5.48741645631
1.0724551156,-5.46308278093
1.07134895322,-5.47362854323
1.07238632709,-5.45405249766
1.07242115266,-5.5014171137
1.06922201793,-5.4577306464
1.07134442609,-5.46006567835
1.07254807592,-5.52741779881
1.07164622228,-5.45907100596
1.07143027121,-5.42777492746
1.0713658346,-5.44341066671
1.07084430227,-5.49710402438
1.07189164311,-5.49666379607
1.07257638866,-5.44399606074
1.07031000882,-5.48340744759
1.07195335405,-5.50149480622
1.07397563847,-5.53215632636
1.07090851457,-5.42550580136
1.07224289515,-5.54272570454
1.07164726698,-5.48620283932
1.07136263298,-5.5078298403
1.0718198344,-5.53258478067
1.07359705764,-5.48820189671
1.07045325137,-5.44391483011
1.06992311341,-5.51496262204
1.0716821026,-5.53331967849
1.07192523156,-5.4958357031
1.07134759017,-5.4571460954
1.07248084771,-5.54598347578
1.07047897224,-5.50083627008
1.07005546165,-5.5509296109
1.07194714641,-5.48305350528
1.07217261992,-5.49473939124
1.06886773471,-5.48523418625
1.07069821704,-5.55287483382
1.07156135207,-5.56348767485
1.07111694085,-5.51127438643
1.07202604837,-5.55063709905
1.07028148166,-5.52442389591
1.06868981529,-5.49274470317
1.07335556468,-5.53933338828
1.07117132752,-5.49349469515
1.07028826216,-5.5478471991
1.07121359833,-5.51929578544
1.07323958024,-5.57401086166
1.07016739323,-5.50766890662
1.07073699626,-5.52351029442
1.07213342444,-5.50577816553
1.07056554012,-5.52141750004
1.07168404183,-5.52813441357
1.07342783823,-5.52690862409
1.07144596732,-5.52130360483
1.06969749595,-5.51344121388
1.07206987076,-5.50966474687
1.07297681141,-5.60586244076
1.07283864554,-5.57326785732
1.07335002535,-5.50097303523
1.0711269772,-5.54525756426
1.0714351062,-5.52755395759
1.07336440985,-5.54296678474
1.07191863191,-5.52452062248
1.06976762173,-5.512241704
1.07332793241,-5.58023867814
1.07335239627,-5.52316698549
1.07126318636,-5.52378166068
1.070585765,-5.48833437033
1.07127618127,-5.55736203757
1.06999186111,-5.55603375893
1.07336386196,-5.58624109307
1.07065622556,-5.52121832758
1.06986422654,-5.54386224651
1.07224971426,-5.54031509112
1.07297756313,-5.55589634924
1.0694030871,-5.44204928244
1.07108823798,-5.50971591697
1.0717092939,-5.52808480624
1.07074935511,-5.55467130769
1.07104562267,-5.51816053822
1.07346631495,-5.53199232036
1.07002144862,-5.43576452284
1.07141594575,-5.52688619605
1.07212526335,-5.45183673457
1.07084637133,-5.6175059093
1.07112527873,-5.56310062282
1.0732541397,-5.59626219974
1.06961516697,-5.47778446301
1.07144780568,-5.48942383411
1.07304178335,-5.53988707465
1.07127190762,-5.55571656615
1.06961893081,-5.5787387137
1.07221552041,-5.60747524848
1.07086866846,-5.60263270311
1.07014758377,-5.56647363762
1.07222999498,-5.57405188725
1.06988089682,-5.51941081786
1.06926281452,-5.49418758454
1.07056782137,-5.44833005065
1.07084846847,-5.54795902571
1.06998927625,-5.51775554668
1.07096091786,-5.4811832565
1.07118292036,-5.51133381659
1.06882718515,-5.53538043178
1.07107130192,-5.49486466316
1.06927946719,-5.54694679801
1.06919540832,-5.5436413684
1.07136045536,-5.52889797035
1.07078877746,-8.50942698323
1.06924428195,-4.20104853063
1.06934987184,-4.91810572064
1.07191532251,-5.31813797299
1.06981704625,-5.47388246594
1.07095788806,-5.67618453019
1.07146778692,-5.71816179343
1.0690084945,-5.73907536275
1.07189900352,-8.15867510032
1.07242611179,-6.31540780811
1.07018391285,-4.89778135372
1.06909293154,-4.96494426215
1.07280796912,-5.33167639761
1.07213152499,-5.53572558707
1.0714079194,-5.38495946476
1.07140735819,-5.44915329753
1.06936093276,-5.47163886713
1.06882885829,-5.46046346802
1.07265467236,-5.49909634048
1.06994898014,-5.40768736085
1.06913251134,-5.44106287299
1.07167742668,-5.5318421438
1.07244039871,-5.54577965185
1.07081229,-5.47737796123
1.07071820076,-5.54865773383
1.06959841805,-5.55049047721
1.06933893597,-5.52434491855
1.07071627127,-5.5452502112
1.07128804467,-5.52113886794
1.06824689496,-5.52529940488
1.07013094117,-5.53554788978
1.07027022696,-5.54247924372
1.0706122722,-5.57711228022
1.07003107246,-5.47741967886
1.07164293563,-5.53590404008
1.06800796919,-5.54378449813
1.07029717137,-5.49474642338
1.07205241905,-5.51649309786
1.06892110873,-5.49250751168
1.06958817782,-5.52696831879
1.07241189627,-5.5518864943
1.07170585212,-5.57619412191
1.07092653286,-5.57862988995
1.07021774424,-5.55556889753
1.06929264503,-5.48882909572
1.07041864575,-5.44361719157
1.07211519933,-5.53104566305
1.06842735252,-5.47017917246
1.06946168619,-5.49197515778
1.07239750821,-5.54620584262
1.0715438984,-5.56642256732
1.06893881837,-5.49581548881
1.07021248504,-5.50093191358
1.06947835806,-5.50968355481
1.06914587453,-5.46911562963
1.07114975127,-5.46603769042
1.07120923794,-5.45703921637
1.06889633367,-5.53100509068
1.07073942457,-5.51884664898
1.06982397338,-5.46000416151
1.06942781436,-5.51206068921
1.07175901598,-5.51015742609
1.07246339502,-5.49162175335
1.06992979844,-5.53366343343
1.07406452543,-5.48764652544
1.07375738645,-5.45954227701
1.06950349348,-5.46002107209
1.07068172329,-5.53301008455
1.07434053908,-5.4850877982
1.07244812183,-5.50534282568
1.0730129167,-5.52439505834
1.07149206542,-5.56670501533
1.07046223922,-5.44756459626
1.07060421531,-5.44589021886
1.07285140711,-5.50515779571
1.07185071231,-5.49444422718
1.07200404326,-5.5070995661
1.07282127405,-5.52563550944
1.07221079757,-5.54279181289
1.07091024249,-5.49327742007
1.07233403948,-5.51367957017
1.07082724165,-5.53325455113
1.0719807129,-5.47422050597
1.07371869514,-5.53344872195
1.07182040016,-5.49468384214
1.07135000487,-5.50553672573
1.07300188826,-5.52337540054
1.0721325995,-5.50080155337
1.07099488023,-5.49707575134
1.07202215662,-5.56684215751
1.07205474704,-5.47763413945
1.06938489046,-5.52229502994
1.07137255266,-5.46624866516
1.07028378368,-5.5685706064
1.06810903976,-5.49899013424
1.06866292326,-5.49671907135
1.0697734713,-5.44851521945
1.06959683941,-5.53467548314
1.07012269536,-5.46258130639
1.06916195101,-5.45078925598
1.0681308568,-5.52761297062
1.06870037827,-5.53910578055
1.07084915183,-5.46379718739
1.06866687933,-5.47289890009
1.06891687994,-5.48132591623
1.07062367807,-5.54562921376
1.07069199086,-5.52765390771
1.0697744495,-5.54357110479
1.07123128316,-5.55525106782
1.06803093576,-5.52809147417
1.07087793524,-5.53311870323
1.07270312679,-5.55414184494
1.06912167488,-5.50278194992
1.06787197746,-5.49248036008
1.06921549261,-5.50544229353
1.07066144236,-5.57639423376
1.06991530315,-5.51595612963
1.07128005549,-5.56567682367
1.06935806307,-5.48376743238
1.06724747067,-5.48507377684
1.07080955619,-5.5090380251
1.07096565842,-5.52390671087
1.06888738031,-5.55450090812
1.06886921264,-5.5288348319
1.06787686815,-5.49547721939
1.06897646338,-5.50214721435
1.06900434774,-5.47489473103
1.06823793533,-5.49468114276
1.06611618323,-5.51712210997
1.06809069878,-5.55474850778
1.07099467735,-5.51945924704
1.06665175267,-5.50349990782
1.0673983154,-5.44516613996
1.07065371178,-5.61302435601
1.06925947319,-5.50975424329
1.06848458221,-5.48872937902
1.06899598121,-5.47304859412
1.06743190798,-5.4967241894
1.06939534121,-5.56038882278
1.07044368461,-5.57346683638
1.06893771766,-5.48939755701
1.06817263471,-5.53929872675
1.06975470499,-5.51878599759
1.06823497418,-5.52138811353
1.06935494482,-5.58589411062
1.07033429579,-5.56685041528
1.07026478538,-5.55224205565
1.06679824735,-5.48111128324
1.06958823575,-5.47721252044
1.0690321697,-5.50661644831
1.06690594467,-5.4534011373
1.06875457867,-5.56036577106
1.07041576932,-5.51698413048
1.06752825628,-5.54907316084
1.06989822814,-5.58580157746
1.06740326608,-5.54466559325
1.06643600292,-5.52170376366
1.06938986005,-5.61847417291
1.07018277887,-5.5264000704
1.06697277582,-5.56685158734
1.06769795142,-5.56215036155
1.06970879089,-5.57994355711
1.09755515134,3.08440478216
1.06726568342,-5.84408597744
1.06921283694,-4.52520643591
1.06686433662,-4.61346416207
1.06876892658,-4.94554405703
1.06923335207,-5.2861382693
1.06847615166,-5.52570456662
1.06838848048,-5.64842103679
1.07501562033,-18.7521207558
1.06696224217,-7.25177325887
1.06831063468,-6.40874577356
1.07122521356,-6.21083920819
1.06939863561,-5.83976358459
1.06862300271,-5.70392521114
1.07134746226,-5.55951002586
1.06771946337,-5.43439320141
1.06678163091,-5.49335772925
1.0707913082,-5.65138272626
1.06840687288,-5.42698289054
1.06735225536,-5.40816357263
1.06943079186,-5.48801077741
1.06853626722,-5.44687338654
1.06639740851,-5.40149137146
1.06795056587,-5.47082718409
1.06998907759,-5.48354413756
1.06673815389,-5.4217578751
1.06868110667,-5.41369597574
1.06850415765,-5.52390189661
1.06679956699,-5.47593919724
1.06729862078,-5.41059909069
1.06836431361,-5.47652430724
1.06740122068,-5.4700707161
1.06701129942,-5.41441191839
1.069713646,-5.45370144729
1.06626783022,-5.43011555327
1.06679606215,-5.49717478074
1.06852086956,-5.45730670207
1.0678522785,-5.52769928494
1.07010295482,-5.5455039851
1.06846779266,-5.50723858498
1.06721451341,-5.48557387191
1.06670277355,-5.4339683817
1.0707899834,-5.54901750905
1.06752677743,-5.4726876694
1.06789638416,-5.48801610577
1.06780562831,-5.51145549434
1.06768458964,-5.46337749271
1.06725368964,-5.49272316374
1.06961881241,-5.47068584128
1.06643354844,-5.4511353174
1.06524339403,-5.47844554041
1.06792882355,-5.46352468675
1.07006642754,-5.53746594365
1.06574079527,-5.54542532994
1.06724233216,-5.5004310262
1.06877337108,-5.56598909659
1.06722633232,-5.48574786492
1.06615328505,-5.5489722762
1.06645269306,-5.48886762854
1.06464791681,-5.51601671866
1.06813243589,-5.49415788575
1.06756173793,-5.52570998237
1.06641177498,-5.5214905593
1.06626268066,-5.51425437068
1.06865193709,-5.59439252271
1.06724263941,-5.55876460433
1.06902856509,-5.50245620193
1.06852046858,-5.52611984662
1.06691468741,-5.51707138522
1.06787037875,-5.50849430855
1.06966276625,-5.50692424291
1.06754182583,-5.54092947579
1.06755186339,-5.58389406719
1.06830376922,-5.5459632688
1.06770605596,-5.47823758747
1.07006006716,-5.51418084487
1.06997608412,-5.59083816087
1.06635022318,-5.4842597554
1.06728728083,-5.54829686469
1.06978507471,-5.54804775181
1.06930470909,-5.56839371486
1.06559798045,-5.45394081116
1.06949483403,-5.52356022428
1.06924560469,-5.52794445022
1.06799504391,-5.45823167206
1.06891497868,-5.55576947559
1.06777259354,-5.54703009484
1.06723245614,-5.57236907791
1.06976684408,-5.50586443961
1.06838153125,-5.534613507
1.06686046453,-5.59710410913
1.06794882086,-5.52593106938
1.06952630074,-5.61399744942
1.06651119327,-5.58436772897
1.06822206495,-5.55250817935
1.06843622227,-5.5782243188
1.05184144224,-3.93967442381
1.07366971767,-5.49709008565
1.07473913347,-5.11302457717
1.07146033865,-5.04237150718
1.0724576988,-5.12875007176
1.07330607009,-5.1731914796
1.07337519183,-5.05563175205
1.07459584612,-5.32662594517
1.07373298446,-5.10920498271
1.06961127523,-5.40106126483
1.07131757916,-5.32762029919
1.07339576928,-5.38749876865
1.07208553749,-5.34913199444
1.07104590962,-5.30378240554
1.07196884902,-5.35366734758
1.07057218632,-5.28293481055
1.07018622165,-5.38430124045
1.07222670413,-5.40328803992
1.07073325076,-5.3273012342
1.06997825682,-5.3611904215
1.07260654494,-5.37541721229
1.07238009348,-5.37501048294
1.06919629947,-5.3282268533
1.06977232016,-5.42163926314
1.07261663025,-5.41431257012
1.06950931687,-5.36683864319
1.071679362,-5.3713165604
1.07129678651,-5.40265048111
1.07127021411,-5.38248873748
1.07000387773,-5.414192729
1.07171395015,-5.40105264895
1.06989026501,-5.33094265776
1.06867852919,-5.32969437931
1.07078382621,-5.38816368313
1.0704499333,-5.45061779227
1.07166709528,-5.36055421702
1.07186680149,-5.42275293806
1.06848341535,-5.4130650424
1.07063793724,-5.39214216234
1.07335214303,-5.4236279538
1.07147356985,-5.41926563488
1.0707704393,-5.44708633961
1.07321933968,-5.4198818762
1.07160774436,-5.42109034055
1.07126457726,-5.40882462499
1.07253199947,-5.43479159604
1.06905699604,-5.36409267323
1.06918491912,-5.38495229773
1.07455926229,-5.49744012166
1.07362507595,-5.50485150067
1.069947279,-5.41752441586
1.07084102852,-5.43995092499
1.07165969775,-5.41775132306
1.07021352145,-5.40096875704
1.07253519177,-5.50474067443
1.07058161796,-5.418078382
1.07031188847,-5.42267460135
1.07111576762,-5.44386632757
1.07177269092,-5.45420847423
1.07031890018,-5.45576136416
1.07016968183,-5.47775727533
1.07015406011,-5.4344345997
1.07014425736,-5.44574982766
1.07179261473,-5.41057152262
1.07184037371,-5.38421190782
1.06880098932,-5.44648462162
1.07086653449,-5.44957630163
1.07344977232,-5.45921776905
1.0709272239,-5.47937328067
1.06918358852,-5.39311858915
1.0726685967,-5.46400794893
1.0704794705,-5.4676030093
1.07257015676,-5.49325108683
1.07216360615,-5.44912771088
1.06977609851,-5.49171673168
1.0700090694,-5.48231874706
1.07363201735,-5.4359493797
1.07231691957,-5.49564930184
1.07063899758,-5.477577493
1.07182543844,-5.46383897063
1.07179884712,-5.4796277302
1.0697221059,-5.3930303358
1.07211218953,-5.49330642232
1.07170994626,-5.44616825282
1.07044499729,-5.45634715621
1.07112241128,-5.47371214462
1.07250111783,-5.4960051904
1.0699957044,-5.48290660154
1.07090840303,-5.46560439127
1.07158715654,-5.50768048049
1.07139149168,-5.52293532572
1.07225206006,-5.42433842455
1.0729004416,-5.5336494139
1.07008497229,-5.45542348335
1.07350544308,-5.51425329554
1.07391584792,-5.45487760325
1.07135496455,-5.47843168326
1.07039613382,-5.47398505329
1.07418046856,-5.48751946902
1.07181406924,-5.45880731392
1.07315992087,-5.425346954
1.07304299397,-5.46640449899
1.07110463056,-5.47331214935
1.0720694139,-5.49531741294
1.07552936568,-5.55204535695
1.07286798136,-5.49026495583
1.07364856157,-5.49450594672
1.07551216698,-5.50755621357
1.07405856781,-5.47520105632
1.07290195256,-5.50422445209
1.07427907374,-5.49762991151
1.07367983546,-5.50157567392
1.07227908484,-5.46918415681
1.07460609533,-5.50443395916
1.07508283119,-5.52312989813
1.07288655814,-5.47580154848
1.07377003591,-5.51801021079
1.07317438144,-5.47183527819
1.07305470503,-5.50711477426
1.07426064969,-5.44477375939
1.07453007332,-5.51509789714
1.07199123798,-5.46350590955
1.07431344625,-5.44203401101
1.07362226848,-5.47600070772
1.07305415576,-5.50516672639
1.07411569776,-5.48303666564
1.07410979653,-5.57144625578
1.07311155401,-5.45473751195
1.07442446512,-5.50176280257
1.07505193713,-5.48776862567
1.07265137847,-5.50604272269
1.07415559075,-5.51371330604
1.07541011006,-5.48790614969
1.07253836526,-5.47870075128
1.07400727215,-5.51350560441
1.07483627306,-5.48861359959
1.0754694016,-5.44352085279
1.07340023085,-5.44981902976
1.07603534782,-5.54915235273
1.07366577487,-5.59067924788
1.07365253092,-5.47955836809
1.07535778802,-5.45592269368
1.07377560722,-7.7540492196
1.07276849963,-4.07484448605
1.07339828165,-4.73606899787
1.07445544686,-5.22286373392
1.0737191563,-5.42573690747
1.07510453509,-5.61975338869
1.0756313993,-5.74299095233
1.07285015729,-5.75403738246
1.07619328414,-9.8156910173
1.07646745742,-6.48342404311
1.07399372808,-5.02076321978
1.07441496737,-5.09100960682
1.07420446612,-5.26668147206
1.07408386501,-5.47206902067
1.07576653086,-5.34331497011
1.07339092941,-5.41856866251
1.07309805292,-5.52096555409
1.07412092698,-5.44008647409
1.07712840802,-5.46625986851
1.07416209887,-5.44141895011
1.07438213472,-5.49464788742
1.07560906893,-5.51043154662
1.07535100171,-5.51250843532
1.07537413617,-5.48303366446
1.07641643061,-5.53139209581
1.07366014608,-5.47171110777
1.07544395544,-5.60388165085
1.07683856042,-5.48843389039
1.07586699101,-5.55799664204
1.07444866169,-5.51668635842
1.07642194682,-5.50265326752
1.0751540856,-5.52603352772
1.07553377072,-5.54395782068
1.07617300645,-5.48466727912
1.07480680879,-5.48014945207
1.07380811724,-5.52798003528
1.0773112984,-5.60882883332
1.07685553751,-5.50695093411
1.07433674704,-5.52877231416
1.0746999042,-5.55449994274
1.07513330253,-5.52050570882
1.07554344355,-5.44710228521
1.07624840825,-5.54090623621
1.07411305609,-5.49802690836
1.07343240762,-5.53488580397
1.07705324363,-5.48561054224
1.07642995502,-5.55775700853
1.07351816425,-5.52516840119
1.07493497908,-5.55511363181
1.07599581525,-5.51181048167
1.07491029431,-5.54281668275
1.07494950618,-5.48328593888
1.07664619388,-5.5242467326
1.07353949865,-5.47625821479
1.07510244556,-5.56981580562
1.07689844673,-5.52532884894
1.07452373824,-5.49000279726
1.07393487059,-5.50458107519
1.07631105845,-5.50527851581
1.07588894215,-5.47760798661
1.07616344058,-5.48723620043
1.08102257956,-5.57683921369
1.07583493587,-5.48733204406
1.07437314661,-5.50193524502
1.07724704591,-5.56116855441
1.07785990148,-5.55632899214
1.07583749501,-5.5093770498
1.07810569533,-5.61712936572
1.07577734882,-5.52484491656
1.07558703506,-5.55042081573
1.07716710708,-5.51553348538
1.07662863183,-5.5574694044
1.07505578868,-5.54582381682
1.07772082251,-5.55220776169
1.07673604014,-5.52356020865
1.07360933707,-5.48991904187
1.07650109293,-5.52773568652
1.07477912209,-5.56047398442
1.07515556743,-5.49736676594
1.07691864558,-5.56457881546
1.07637658533,-5.54325182636
1.07567150988,-5.51419657622
1.07696076994,-5.55009637146
1.0788991991,-5.53868274102
1.07566925177,-5.55920106976
1.07555438128,-5.48689138429
1.07786088799,-5.51737000754
1.0759435425,-5.54084056978
1.07770187771,-5.51521261023
1.07886908718,-5.52997542168
1.07666522261,-5.50038987699
1.07470926771,-5.51892549666
1.07787853292,-5.51930205484
1.07636887382,-5.57663829809
1.07664016349,-5.5217533588
1.07768207234,-5.53184756365
1.07649091117,-5.50791827321
1.0758053816,-5.504369455
1.07877234429,-5.50386663311
1.07529498132,-5.48173351935
1.07461910612,-5.50827586841
1.07912887034,-5.61446445478
1.08012526688,-5.57879163845
1.07535510456,-5.53806001032
1.07636334607,-5.56903426777
1.07627370064,-5.55224359816
1.07746175264,-5.57104064658
1.07781426538,-5.48681596518
1.07568689367,-5.51882025315
1.07522772611,-5.5524452766
1.07769186788,-5.51652402531
1.07690151988,-5.51749432529
1.07652325315,-5.54817362213
1.0759719946,-5.50976201161
1.07792058586,-5.56486115121
1.07499054884,-5.48811846561
1.07692244062,-5.50073019283
1.07989101322,-5.56119994411
1.07589221539,-5.49232391287
1.07517663626,-5.40213617136
1.07859531021,-5.58854392508
1.07823637185,-5.48544631619
1.07642582629,-5.53337877321
1.07771882483,-5.54456215284
1.07785338585,-5.52948208312
1.0775226893,-5.47182953272
1.07834656612,-5.48679941031
1.0756183954,-5.55224926833
1.075254243,-5.54137384565
1.07816438298,-5.56732494663
1.07834449655,-5.54909385178
1.07701665974,-5.5456457032
1.07646544438,-5.55557599677
1.07599648144,-5.52766509269
1.07660280208,-5.54605542326
1.07668189433,-5.50992482896
1.07582026316,-5.46907500941
1.07432361217,-5.44135599136
1.07774917279,-5.5202992848
1.07677499277,-5.55513132131
1.07435398961,-5.56812855144
1.07570043912,-5.54704856247
1.07708879544,-5.51490905481
1.07568338767,-5.49544552062
1.07605255271,-5.48077284394
1.07713756773,-5.50788405769
1.07514343419,-5.48104806958
1.07517657861,-5.50427600743
1.07779368248,-5.51635180599
1.07514636216,-5.55990301869
1.07587477122,-5.4801333906
1.076126764,-5.58630894322
1.07702357656,-5.59762163869
1.07643337941,-5.59555271392
1.07700223779,-5.56166455703
1.07512341155,-5.46970274707
1.07623558482,-5.5507528794
1.07678938699,-5.64554484246
1.07761068376,-5.56030986682
1.07523546773,-5.55712685013
1.07624946211,-5.50629445125
1.07579197883,-5.49379397714
1.10931407578,3.32658639383
1.07572276703,-6.24140211937
1.07533991988,-4.47852659061
1.07415122903,-4.46412780447
1.07727441686,-4.81436476693
1.07621344935,-5.26517252464
1.07465289519,-5.5310632146
1.07457114337,-5.65980616135
1.0793650094,-19.5523778462
1.07245316519,-7.09303424793
1.07627020725,-6.74874635376
1.07714312659,-6.32132501348
1.07374535925,-5.90230874944
1.07426700443,-5.62588015409
1.07626659787,-5.54870001606
1.07522375342,-5.46848846181
1.07427427772,-5.40853575094
1.07982169517,-5.72931849578
1.07246427423,-5.10161501244
1.07477676248,-5.39595886922
1.07683002773,-5.4940795932
1.0743587161,-5.41583424662
1.07619166808,-5.52390454303
1.07631864189,-5.49950435522
1.07629125511,-5.46970737206
1.07392810897,-5.49412188357
1.07691589465,-5.45602270969
1.07569738193,-5.49244666892
1.07690592977,-5.52246619599
1.07806624631,-5.49672521382
1.07402732082,-5.53076807107
1.0732079577,-5.44404249382
1.07845161168,-5.5840994854
1.07761300101,-5.51387816862
1.07484920664,-5.53593042029
1.07732242693,-5.5463548322
1.07580053004,-5.5446651602
1.07392198479,-5.52337982299
1.07727331712,-5.57219587437
1.07616106938,-5.53742551006
1.07508982725,-5.49531014857
1.07625099309,-5.55875901447
1.07525785362,-5.50685135448
1.07447453834,-5.46004363079
1.07560228575,-5.5382952044
1.07548222441,-5.5554393412
1.07309806558,-5.4259783197
1.07615512621,-5.48419956175
1.0767132761,-5.48598688775
1.07355130778,-5.51213209742
1.07418724056,-5.53012677201
1.07764669985,-5.60246462139
1.07803562261,-5.53457073918
1.07771863454,-5.50777475427
1.07958831063,-5.55019492675
1.07982056764,-5.55825516257
1.08197654133,-5.56450421822
1.08206407326,-5.50336695445
1.07839679623,-5.52267880574
1.07956845647,-5.5301124881
1.08227215326,-5.57180045467
1.07930248685,-5.54219892555
1.07843376153,-5.563332962
1.07966291795,-5.60621375882
1.07983947629,-5.52631201653
1.07778169409,-5.58309530176
1.07998103649,-5.5289742923
1.07783526397,-5.51943877734
1.07696695207,-5.48725403302
1.07922018307,-5.52833654074
1.08085805313,-5.5563875223
1.07745428499,-5.52377777459
1.08003442055,-5.61791267041
1.07833704776,-5.45967422558
1.07853602761,-5.60879941555
1.08198470308,-5.51039087254
1.08310609146,-5.61351521688
1.0784739389,-5.50618892129
1.08038644409,-5.50878278922
1.08364024814,-5.56819231485
1.0817444204,-5.54887774437
1.07925834573,-5.54132593485
1.08133646187,-5.54676638656
1.07950656495,-5.4754186143
1.07958765552,-5.52201460249
1.07971758507,-5.59574628637
1.07714249192,-5.57979895024
1.07654193671,-5.55956658132
1.07903082247,-5.52004959793
1.07726695398,-5.59918704967
1.07672404211,-5.55643573553
1.08098701538,-5.58765621302
1.07752809649,-5.53692186462
1.07921979231,-5.53385288199
1.07887215171,-5.52415588504
1.07695757658,-5.5453690352
1.03740309825,-3.74347218652
1.06156420745,-5.84346378021
1.06172112744,-5.3808407531
1.05988111596,-4.98567765917
1.06086435614,-5.07232634536
1.06081231087,-5.14075329771
1.05874613642,-5.0107311135
1.06144409608,-5.29112309185
1.06141478185,-4.97476201701
1.0544066222,-5.62403114298
1.05621777094,-5.46773514176
1.05572007391,-5.48426183712
1.05395746343,-5.32953595387
1.05467132552,-5.35645027799
1.05585029023,-5.47567699186
1.05628175011,-5.43925157997
1.05535848468,-5.47987945188
1.05724041822,-5.49051705755
1.05448234104,-5.43813729254
1.05604004019,-5.56674444369
1.05771409621,-5.47810374506
1.05711842206,-5.52547254012
1.05732561628,-5.56892065841
1.05663052603,-5.53553983211
1.05653329151,-5.5228981045
1.05648490038,-5.50282844332
1.05850305148,-5.47623376413
1.05716837858,-5.52667020574
1.05609070401,-5.54794686695
1.05809773417,-5.55174699681
1.05813700876,-5.50366265503
1.05737759731,-5.5292491043
1.05771327203,-5.5136964232
1.05746854808,-5.63252694629
1.0563509484,-5.51370627744
1.05947427839,-5.52714883411
1.0585702209,-5.55790218536
1.05473225248,-5.42360610074
1.05911166656,-5.52975319207
1.0601487755,-5.61521594355
1.05670008555,-5.57409995121
1.05666239336,-5.56852020416
1.05714857435,-5.60150595755
1.05671019448,-5.62742918815
1.05919450957,-5.5456379852
1.0596085396,-5.60183648951
1.0568883597,-5.59165098822
1.05743287395,-5.57088249754
1.05946653269,-5.55487292144
1.05698489398,-5.59512571864
1.05758882882,-5.463274274
1.058737505,-5.55158223453
1.05867323476,-5.58684619917
1.0592204733,-5.56461395504
1.05956848794,-5.53444238329
1.05684813388,-5.54715597558
1.05800390532,-5.5404198961
1.06070002713,-5.58821427412
1.05932268794,-5.61058816347
1.05976358189,-5.6204952607
1.06039435693,-5.64566131353
1.05862867623,-5.60105145853
1.05815001132,-5.55769197576
1.0610240016,-5.62899649876
1.05855811886,-5.52310499311
1.05604922644,-5.55980078929
1.05963597592,-5.52249938175
1.06108788873,-5.5809793601
1.0586995177,-5.55771336656
1.05817549195,-5.56322820868
1.05853187188,-5.64172979746
1.05769606018,-5.58185929162
1.059833355,-5.65589427537
1.05864369039,-5.60096723307
1.0563554865,-5.54426769506
1.06006226355,-5.62121768451
1.05934454824,-5.55937686743
1.056999118,-5.54737957727
1.05796148012,-5.52487734481
1.05986901406,-5.58724269695
1.06057119873,-5.62056854795
1.05911521411,-5.59091003794
1.06045093694,-5.653606961
1.05777160418,-5.52330611994
1.0586518256,-5.55493429975
1.06032694246,-5.62789629193
1.06013599511,-5.62604964451
1.05911255205,-5.58284912118
1.06018720939,-5.63116496083
1.05843264811,-5.58016857074
1.05902158496,-5.5862710059
1.06114556215,-5.61283139661
1.05898912477,-5.5951839832
1.05778372106,-5.5875962212
1.05968223952,-5.5328998172
1.05822404489,-5.57130173987
1.05726724681,-5.55930009455
1.06033390433,-5.56564464889
1.05941467262,-5.604126769
1.05734913499,-5.64904081757
1.05897575987,-5.58715676002
1.05920760902,-5.59618531651
1.05704112731,-5.56175481135
1.05829131093,-5.54438343974
1.06082197032,-5.60881662317
1.05746111739,-5.55033203757
1.05862725781,-5.5950166179
1.05750798093,-5.62891036173
1.05674699083,-5.59300467645
1.05876469796,-5.60706380373
1.05962666439,-5.63921990761
1.05828004149,-5.626864729
1.05766440796,-5.52358009867
1.05997254688,-5.67223381486
1.06007614978,-5.63398214308
1.05987980882,-5.61671901583
1.06307663302,-5.61132150469
1.06108543586,-5.59528712571
1.06320077094,-5.60632265694
1.06477566017,-5.62271679659
1.06526351283,-5.5958621806
1.06479592225,-5.62631925576
1.06701876783,-5.60309861352
1.06448348831,-5.66048604945
1.06414804816,-5.67190850368
1.06627188072,-5.63276859689
1.0637592505,-5.63026772585
1.06310884712,-5.52792518076
1.06552795137,-5.61561898982
1.0634359595,-5.6284344333
1.06102399668,-5.68013753907
1.06488360172,-5.62264926274
1.06624563207,-5.56629614703
1.06461185525,-5.61140597525
1.06421825552,-5.58287236817
1.06572213009,-5.6209249455
1.06468725966,-5.59969462534
1.06619324999,-5.61469499405
1.06590510787,-5.70315897478
1.06496903954,-5.52075099252
1.06543749572,-5.6072470227
1.0674209747,-5.63114539417
1.06634659195,-7.30760580665
1.06651852804,-4.33855036982
1.06675171805,-4.90621417132
1.06501079197,-5.33133218012
1.06546583731,-5.52495747003
1.06618114506,-5.64593527251
1.06281124818,-5.76226283258
1.06422184263,-5.92411381644
1.06495502832,-11.0860921082
1.06612557164,-6.83630246892
1.06406669716,-5.17469875058
1.06350462087,-5.17099961678
1.06193679392,-5.40324299979
1.0638241854,-5.51470038348
1.06620730143,-5.4961172631
1.0633821258,-5.58373899055
1.06091847741,-5.5792683645
1.06426161301,-5.6316794492
1.06575415746,-5.52299905245
1.06222828121,-5.59684517585
1.06390127791,-5.56810601154
1.06381261649,-5.59016696668
1.06124417539,-5.54825361093
1.06210728844,-5.62025643268
1.06274406549,-5.65186224779
1.05978603978,-5.65361932414
1.06192240475,-5.66646805111
1.06288889849,-5.59553583775
1.06076753476,-5.5981463403
1.0615633709,-5.72412661753
1.06104245513,-5.59068135646
1.05943906281,-5.62443544773
1.06301882807,-5.7072577845
1.06308066245,-5.629539773
1.0615354826,-5.5966659059
1.06165987884,-5.63175012238
1.06343248916,-5.69344426601
1.06118971962,-5.64328978153
1.06170221651,-5.6304855771
1.06338383258,-5.62143887349
1.06316209832,-5.66856555001
1.06249011908,-5.65152074284
1.06536995335,-5.62343415733
1.06099985165,-5.56644233336
1.06010969297,-5.62808914002
1.06454182144,-5.61726340313
1.06300132288,-5.60356822955
1.06099425872,-5.54078344942
1.06370964258,-5.69886753628
1.0624323701,-5.62341571701
1.06069361482,-5.58049921686
1.06267098018,-5.63166680282
1.06162180495,-5.63013720898
1.05963953048,-5.59750902103
1.06228668674,-5.54686443867
1.06378642524,-5.61051010804
1.06064107157,-5.54213166325
1.06230642023,-5.6058229929
1.06177331058,-5.59218553651
1.06046306862,-5.61471583604
1.06271225384,-5.62386422075
1.06199996872,-5.57106974749
1.06183920165,-5.56529016221
1.06358672766,-5.62970926206
1.06313818563,-5.59406634245
1.0626485886,-5.6043356887
1.06073577523,-5.61088760975
1.06317366347,-5.61509890252
1.06039432504,-5.54491342162
1.06402901261,-5.61174816862
1.06474543625,-5.5628966461
1.06126483151,-5.59670439149
1.06198268857,-5.57240336198
1.06368216323,-5.66856932888
1.06343773157,-5.57097322298
1.06282029209,-5.60778212095
1.06523317429,-5.62026476764
1.06299965365,-5.57107752439
1.06188142143,-5.59659524733
1.06483350731,-5.68294909682
1.0622409916,-5.60649722305
1.06044667263,-5.60137081495
1.06441407408,-5.61081316214
1.0650420338,-5.60035803596
1.06307964238,-5.64140868107
1.06383332671,-5.57520810277
1.06247098436,-5.53460708733
1.0608870732,-5.56061305716
1.06450852591,-5.67374881286
1.06445038654,-5.67979459403
1.06318711574,-5.63672743256
1.0614181463,-5.58287170083
1.06347359612,-5.59777483989
1.06241010211,-5.65650486547
1.06315911885,-5.65679775439
1.06171843639,-5.65003741523
1.06195627149,-5.64289085787
1.06550134706,-5.67377851172
1.06739345219,-5.68661125728
1.0606063307,-5.65735869246
1.06089000921,-5.59025946195
1.0635564939,-5.66460845309
1.06259367991,-5.58486073272
1.06398328776,-5.62703651584
1.06463188254,-5.61556939435
1.06242493049,-5.57678652712
1.06166819591,-5.59404810381
1.06326965774,-5.58653952598
1.06183143317,-5.63055566804
1.06176632664,-5.59023445852
1.06424088853,-5.56743429957
1.06414736222,-5.5536389583
1.06240684503,-5.59053288851
1.06301083972,-5.5469283788
1.06247649812,-5.61802195471
1.06113187952,-5.54782974711
1.06395091618,-5.62624925459
1.06310660654,-5.58330011433
1.06319344876,-5.59935469659
1.06271825759,-5.603215598
1.06316410093,-5.55464158003
1.06295823962,-5.65064118901
1.0615464464,-5.58207535317
1.06115145621,-5.59101589291
1.06043651295,-5.57537321049
1.06518122417,-5.57771734869
1.06506697431,-5.6888680462
1.06172105384,-5.5916785575
1.06166415136,-5.58421865663
1.06326680493,-5.63212031063
1.0618573595,-5.58763544897
1.06212245713,-5.61277118912
1.06405618668,-5.61313643535
1.06343296525,-5.60264199316
1.06490552259,-5.69749905723
1.0640980356,-5.59915409296
1.06068519905,-5.59809975538
1.06031243113,-5.65113430781
1.06418311949,-5.66557961315
1.0644801001,-5.64537992933
1.06291941678,-5.62424323608
1.06465557138,-5.66109524895
1.06309985403,-5.61549355743
1.0617625583,-5.62739948978
1.06186086467,-5.63264722509
1.06080111922,-5.62436216583
1.06009124355,-5.55633417722
1.06384674202,-5.68811760324
1.06303242285,-5.65705238014
1.06246274455,-5.63112132668
1.06213497825,-5.57616478863
1.06273877213,-5.63265505584
1.06410836329,-5.68018281355
1.06516981237,-5.61905345213
1.06812445501,-5.70768901577
1.06578659118,-5.62399256555
1.06663367926,-5.58815530317
1.06590713883,-5.7386880979
1.06419363812,-5.6724099158
1.06481955066,-5.72064200704
1.06550885092,-5.72426272012
1.06532009121,-5.69784547517
1.10352728625,3.53507679211
1.06813751998,-6.45124895704
1.06745745135,-4.52921089312
1.06784755736,-4.55311596057
1.07313897749,-4.95381795924
1.07210500859,-5.31917564087
1.07577451593,-5.60976993188
1.07797823996,-5.84592452017
1.08328733479,-21.0566138555
1.07451434031,-6.86436178916
1.0812435169,-6.94642653935
1.0808031872,-6.41304331878
1.07829276842,-5.9723482958
1.08198212394,-5.79826470693
1.08094647177,-5.73433094621
1.07815701344,-5.54358587754
1.0794022484,-5.58107891606
1.08647271481,-6.43860533698
1.07319954991,-5.12897668675
1.0773353713,-5.53125102897
1.07848134644,-5.64120291124
1.07359336624,-5.60054168108
1.07480549017,-5.63036007376
1.07544894736,-5.58439942754
1.07568421629,-5.64067651075
1.07491653416,-5.60839654154
1.07311271082,-5.52301683928
1.07367062861,-5.6180952895
1.0772535241,-5.56665549594
1.07758103849,-5.58015541244
1.07411661237,-5.5662557353
1.07449851473,-5.63683014113
1.07663161765,-5.661448654
1.07273298391,-5.57074399611
1.07347817485,-5.62994718944
1.07231485273,-5.66889290572
1.06834847335,-5.60031518914
1.06843741831,-5.64800189484
1.06840766841,-5.64918278338
1.06482207648,-5.59799752028
1.06256082341,-5.62135073638
1.06382926676,-5.6622729327
1.06295263975,-5.5508648117
1.06271930751,-5.606699981
1.06235310653,-5.58952854724
1.06013042949,-5.59671650438
1.06003979771,-5.61840252613
1.062244161,-5.54618664837
1.06215625968,-5.63259373597
1.05968964231,-5.60394939005
1.06063059218,-5.57682572452
1.06109723873,-5.57949060022
1.06022141028,-5.50570408881
1.0610324624,-5.6440350851
1.06082557209,-5.6256802344
1.06271139383,-5.65739705504
1.06370045515,-5.64718861738
1.06392258615,-5.69438312007
1.06149691663,-5.64585180155
1.06392194111,-5.60723971924
1.06433948645,-5.61542905426
1.0625720844,-5.63065171638
1.06295997304,-5.61203364086
1.06359697894,-5.63538667634
1.06203982169,-5.65938270695
1.06233929432,-5.69250487564
1.06404307451,-5.59243239051
1.0604823143,-5.65191456869
1.06085904745,-5.5519088243
1.0641452081,-5.584808115
1.06393921769,-5.65457953334
1.06372988428,-5.70232226928
1.06524045848,-5.61839443933
1.06292004641,-5.66592669447
1.06425597127,-5.59406142887
1.06706813551,-5.63855828352
1.06533718758,-5.66079862369
1.06442810043,-5.72787861632
1.06604076287,-5.67329053301
1.0661050921,-5.67961019577
1.06538235821,-5.63283831295
1.06489412943,-5.66588095835
1.06423525172,-5.62001376038
1.06354506886,-5.69170412389
1.06625458011,-5.69451663992
1.06439793373,-5.69703647141
1.05990679212,-5.62926881353
1.06281958854,-5.68359823214
1.06305802709,-5.60149864861
1.06100532851,-5.68356128579
1.06327483719,-5.6288796651
1.0607663349,-5.57563034049
1.05992680468,-5.61643229845
1.06262512757,-5.6508288534
1.06365841548,-5.56030170795
1.06303525741,-5.61859776683
1.05532686103,-4.80385223679
1.07645842665,-5.74013868238
1.07345598058,-6.39928502372
1.07426913002,-5.92044750767
1.0767171222,-5.82202088081
1.07430039001,-5.6512330901
1.07539989623,-5.64723502919
1.07595217271,-5.7555694045
1.07454712887,-5.72458070432
1.07362374302,-5.16226777355
1.07329914865,-5.17349806712
1.07458386216,-5.16604451008
1.07458903241,-5.23572605019
1.07524201334,-5.1861017635
1.07330509036,-5.28543132607
1.07351593491,-5.1915544259
1.07567512308,-5.20924096824
1.07487818006,-5.20063055552
1.07474387486,-5.37577417056
1.07764598907,-5.3031864915
1.07896324124,-5.3924067136
1.07674813948,-5.28219828878
1.07748251729,-5.36574474776
1.07781148881,-5.18577576059
1.07515728076,-5.29038930124
1.07835997532,-5.22396588617
1.07841235875,-5.29759411588
1.07646786921,-5.18062237772
1.07739049823,-5.26342569886
1.07739038742,-5.2180932704
1.07771197404,-5.36897539429
1.07705091654,-5.27424843609
1.07744876332,-5.2491365569
1.07464698086,-5.18781288375
1.07761567919,-5.29370702834
1.08170052287,-5.25470140813
1.07934127009,-5.31465216197
1.0749568741,-5.25134261091
1.07693430858,-5.25899293636
1.07799616471,-5.24438516424
1.07833233888,-5.23516846458
1.0794191731,-5.27427623845
1.0778999159,-5.22182864653
1.07855357802,-5.21927577868
1.07938179129,-5.23136292549
1.077331486,-5.24349116439
1.07651947482,-5.24172149165
1.07801892713,-5.27454594725
1.07848972384,-5.24794225334
1.07581448104,-5.15548955223
1.07784461744,-5.28541460542
1.07474980659,-5.21669413809
1.07446897551,-5.30959332141
1.07550688836,-5.27837904201
1.07739718409,-5.25992206505
1.07501881759,-5.19571661453
1.07803375026,-5.27187008155
1.07800621404,-5.23931577232
1.07755569815,-5.2315430753
1.07942100404,-5.26541978816
1.07726819893,-5.23821743386
1.07520933123,-5.2305228241
1.0781409518,-5.25368864807
1.08213893617,-5.32112036731
1.07947360066,-5.2511143849
1.07778772009,-5.26795171047
1.07876666543,-5.21186337858
1.07878614246,-5.26905026559
1.07743973176,-5.30409687488
1.07961284978,-5.22406206244
1.07980587259,-5.24438084894
1.08061650267,-5.21098048596
1.08052779904,-5.15413405502
1.07862241495,-5.22319822818
1.07856143463,-5.26257402883
1.08081143076,-5.21411484722
1.08186140359,-5.22651116595
1.08503028064,-5.30389792789
1.08415583097,-5.28528861373
1.08141628838,-5.19260490429
1.08066228467,-5.2169528717
1.0822046776,-5.22892579883
1.08084432978,-5.18437255323
1.08219344809,-5.14040862419
1.08463110674,-5.22860478256
1.08338871181,-5.30275491657
1.08115564994,-5.28137762751
1.07941216958,-5.17534617611
1.07858647417,-5.20150179167
1.07847391159,-5.18646453878
1.08117503567,-5.23029364452
1.08205058896,-5.21181163693
1.08027712107,-5.25026951067
1.078914782,-5.12052981915
1.07985034328,-5.22592318813
1.07853910178,-5.16023760737
1.0797812349,-5.22695123949
1.08125926574,-5.12174703161
1.08109940773,-5.18926782046
1.08135615976,-5.12770115762
1.08391267114,-5.24886208374
1.08060583521,-5.20030504907
1.07832507541,-5.23077400485
1.07847958719,-5.25052049558
1.0805306078,-5.22695574613
1.08109454352,-5.25804733982
1.08196242735,-5.25469565806
1.07909911917,-5.21883209462
1.07834903725,-5.25652012789
1.07764877838,-5.15323287275
1.07615893042,-5.21471474925
1.0760044156,-5.13367715185
1.08251685597,-5.29058622621
1.07853528191,-5.12374580713
1.07904150991,-5.25606700287
1.07868648564,-5.25821030161
1.07797678832,-5.28214499803
1.07432192882,-5.16234866461
1.0799327231,-5.25023875575
1.07990980218,-5.170372591
1.0786745403,-5.24067416415
1.07836684882,-5.21905393649
1.0771082626,-5.19650430046
1.07681565183,-5.15196467053
1.07824228836,-5.29786360438
1.07734378336,-5.17501256063
1.07688374846,-5.20568249089
1.07798530464,-5.21685785677
1.0817588525,-5.21977412636
1.07747542939,-5.20669911288
1.07714218954,-5.27049914777
1.07842259037,-5.24620893839
1.07932527042,-5.32575506415
1.07921912532,-5.19672990987
1.08027687197,-5.28580202897
1.07876098397,-5.192036323
1.08077813772,-5.2560889115
1.0805242712,-5.24808520578
1.07816108582,-5.20166254126
1.07869527708,-5.1707196906
1.08265326358,-5.30721500016
1.08303039768,-5.26622866542
1.08109400134,-7.89939793341
1.0836096553,-4.17202388405
1.07995290823,-4.5975808974
1.07850267684,-4.99696860837
1.08220920284,-5.21505867839
1.08259209075,-5.3256253699
1.07979680882,-5.44016149093
1.07960267386,-5.36618473576
1.08172279827,-9.30451511786
1.07361774596,-4.77754668435
1.08076926595,-4.76920569495
1.08101482787,-4.92878174885
1.0802622084,-5.13042320905
1.08369031476,-5.15128717505
1.08324666969,-5.05761937258
1.08127337951,-5.09594613944
1.07922201392,-5.04077334544
1.08534099194,-5.46032533074
1.08226643044,-4.9096881815
1.08245502304,-5.18695932148
1.08549789386,-5.26903080969
1.0836726075,-5.10711330542
1.08413158241,-5.11011950275
1.08390117854,-5.05530663783
1.0810545368,-4.92334221636
1.079965512,-4.88890054584
1.08313727566,-5.1429113129
1.08170615994,-4.98664051068
1.08229546645,-5.02490490783
1.08301380647,-5.10113246233
1.07896212804,-5.06192521209
1.07848932984,-5.09637540708
1.08067101001,-5.15009334676
1.08105142798,-5.07817745455
1.07955637611,-5.12856842031
1.08130974647,-5.17241129401
1.08210887266,-5.09428215735
1.07931004408,-5.06555647309
1.08169925123,-5.145796781
1.08085080912,-5.11040433698
1.07893930512,-5.07606823327
1.08197958191,-5.05337097898
1.08369014497,-5.0718162928
1.07925220655,-4.92669213794
1.07990535298,-5.00448520802
1.08130010696,-5.0113998711
1.08012165656,-4.97260466013
1.08043600503,-4.95404950538
1.07993001074,-5.00345802346
1.08008139126,-5.07144876391
1.07916737932,-4.92457086284
1.0809688896,-5.01305892275
1.0780719107,-5.05781782153
1.07936364158,-5.04212226646
1.08151036451,-5.09021706219
1.07954180521,-5.08422660512
1.08109618862,-5.21514019846
1.08104706352,-5.25666658415
1.07998348823,-5.17396625328
1.08156769369,-5.16892133251
1.0829110174,-5.25635062885
1.08195479669,-5.18812940649
1.07930396724,-5.11086396561
1.08238122326,-5.1476001695
1.07938582701,-5.1435305224
1.08034835065,-5.13091265624
1.0832814968,-5.2229300552
1.08075182158,-5.18210228311
1.07827509424,-5.12589747865
1.08260038526,-5.20625065042
1.08208858124,-5.18280558188
1.07874862229,-5.19791912785
1.0801127214,-5.17622365503
1.08191699018,-5.12953724092
1.0807675335,-5.16543357877
1.08109850029,-5.14774123597
1.07986417836,-5.119224315
1.07867473356,-5.16538353327
1.08062780662,-5.16309981603
1.08093075231,-5.13874794691
1.08184488425,-5.25674736762
1.07976360927,-5.10173596876
1.08106785338,-5.13595373849
1.07935931558,-5.08744928239
1.08093643062,-5.15559505686
1.08091479513,-5.19285943494
1.07810028515,-5.13372673039
1.08051673462,-5.11250275793
1.0822628676,-5.21305382775
1.08034365327,-5.08753296311
1.07910570629,-5.14748540543
1.07958492585,-5.20941675164
1.07956662459,-5.23059722175
1.08140088073,-5.1547150948
1.08364810252,-5.1853631077
1.07875369859,-5.08575256254
1.07924260742,-5.19946345195
1.08068495017,-5.11848044284
1.08072880715,-5.11453230122
1.07795183076,-5.21430939059
1.08125918008,-5.15514738197
1.0825239144,-5.18509341471
1.0840032618,-5.19288421136
1.08200785558,-5.1060398389
1.08231317168,-5.12074217329
1.08247681058,-5.12760605119
1.08611988156,-5.21060997579
1.08756952304,-5.13176148516
1.08680105163,-5.20415142865
1.08670194759,-5.14454993694
1.08637359209,-5.15975921426
1.08511946979,-5.1336554284
1.08487082895,-5.11507393927
1.08413607222,-5.14076216727
1.08264243192,-5.13028367098
1.08318101029,-5.21303181699
1.0855309153,-5.13684007624
1.08316889153,-5.09590575443
1.08253910566,-5.23794031314
1.08370511202,-5.17351624221
1.08261397711,-5.16350146791
1.08430556222,-5.19972899125
1.08574123845,-5.19532325753
1.08397646981,-5.09012861143
1.08564105264,-5.18399510901
1.08824468497,-5.10754298907
1.08437121049,-5.26235467913
1.08382455844,-5.11775505761
1.08533897061,-5.16236491143
1.08591775004,-5.15885916644
1.08705345108,-5.15842638365
1.08758013919,-5.2033973843
1.08502919622,-5.19301994755
1.08216596203,-5.15404125036
1.08296260584,-5.16475944969
1.08185235101,-5.20586282185
1.08096076349,-5.19169180883
1.08112668555,-5.15700106955
1.08144762791,-5.19068633468
1.07976890449,-5.10533232766
1.08048672554,-5.22071811905
1.0802062153,-5.13139998543
1.08098422772,-5.17601814146
1.08502461999,-5.16173540286
1.08567337134,-5.24055830357
1.08650198064,-5.19284933753
1.08488178479,-5.15465113667
1.08465067173,-5.13121130826
1.0845963248,-5.18650029147
1.08626043393,-5.26751049448
1.08629699294,-5.21489214834
1.08574717949,-5.29406946056
1.08506506649,-5.23271465623
1.08705081303,-5.19256400614
1.08360041893,-5.16025123129
1.08319171302,-5.09377184633
1.0836699482,-5.11763078449
1.08395085206,-5.13709752025
1.08648933875,-5.18193546433
1.08785723138,-5.19589620567
1.08619489422,-5.16095288027
1.08402179897,-5.19529548167
1.12838909541,4.73984198598
1.08564680136,-6.25953040956
1.08519516289,-4.15686094106
1.08782312625,-4.10906627912
1.08978990238,-4.48718925305
1.08610146749,-4.80888753779
1.08727208594,-5.10619298526
1.08586185881,-5.22817982172
1.08703519873,-20.7184242855
1.08577196445,-6.71143465176
1.08552870935,-5.96014732506
1.0861252867,-6.0567092404
1.0850615679,-5.72246174866
1.08155974227,-5.42825132606
1.08042860884,-5.24001420722
1.08036732572,-5.10746876453
1.08192561894,-5.09994038912
1.07828082633,-4.91203045679
1.08211392777,-4.6559768031
1.08222718585,-4.8724834271
1.08114820628,-5.01888182604
1.08017411516,-5.06659595965
1.08014224991,-5.15289430067
1.0808945894,-5.19028454153
1.08236409556,-5.10294980609
1.08406332099,-5.12352640265
1.08262780155,-5.19433799493
1.08097519351,-5.12439689286
1.08357140416,-5.15026867125
1.08029624837,-5.16882693571
1.08007202801,-5.20289960289
1.08347042237,-5.20274003663
1.08330239301,-5.1127000725
1.08067704169,-5.1758809265
1.08237023793,-5.20051539667
1.08077441848,-5.18176743952
1.07840557076,-5.15357490379
1.08164554813,-5.17563178682
1.08243497875,-5.15821106003
1.08234425199,-5.15524255592
1.08189672643,-5.16446541923
1.08174665616,-5.1491925202
1.08034767379,-5.16834769113
1.08186652922,-5.16609459922
1.08062571093,-5.1489396078
1.08003728585,-5.12259117785
1.08275983759,-5.20845920949
1.08496583434,-5.1512724574
1.08207974114,-5.19380917684
1.080163619,-5.17439314376
1.08163285002,-5.25286763634
1.08104124449,-5.1385256178
1.08423525622,-5.23236545458
1.08499687044,-5.28929020103
1.08213202932,-5.20686228115
1.08455546691,-5.24402551079
1.08451134293,-5.17241462398
1.08321409469,-5.2419392978
1.08138872398,-5.22650130271
1.0834440343,-5.20309579929
1.08480854434,-5.23360144432
1.08306867907,-5.18064250829
1.08488151734,-5.21719788231
1.08246153363,-5.2280300041
1.07986512875,-5.2200662303
1.0817129011,-5.17779332028
1.08297335634,-5.28469693141
1.08172222799,-5.19206342461
1.08255743541,-5.19924806875
1.08227028409,-5.21891242536
1.08194226179,-5.25703356073
1.08217941088,-5.21304660691
1.0811886816,-5.23120521094
1.08107316153,-5.18419735652
1.08533707923,-5.20442403592
1.08460886879,-5.22999555068
1.08250697579,-5.24240171031
1.08229076589,-5.27935109391
1.08226848397,-5.18929627522
1.08240549711,-5.21974251737
1.08320823438,-5.19465974863
1.08206329033,-5.20632492408
1.08226334678,-5.19507737087
1.08285914437,-5.24471322823
1.08424938937,-5.23031088569
1.08012360567,-5.22723413235
1.08151933511,-5.1832705202
1.08372963621,-5.20230662175
1.08368877442,-5.2219040515
1.08344808139,-5.19844080222
1.08500237816,-5.23374268042
1.0834800867,-5.19515851672
1.08423349384,-5.26971007371
1.08707794982,-5.24839886285
1.08652372022,-5.23965398819
1.08694514291,-5.22220033848
1.08655441358,-4.19560818462
1.11041120496,-5.50128855061
1.10734639203,-6.17627700463
1.10825731129,-5.79794081821
1.10991134729,-5.71659287436
1.10900195779,-5.66262468573
1.10594049223,-5.74100588419
1.10794081286,-5.84029588486
1.10590031242,-5.74310176227
1.10728889092,-5.54667622971
1.10644258069,-5.59596016622
1.10527274717,-5.61596919881
1.10321810197,-5.48645626752
1.10566169206,-5.54899699349
1.1055988901,-5.58581244695
1.10321497166,-5.59584385613
1.10399186405,-5.60785443973
1.10543467879,-5.5603362269
1.10547008384,-5.60424285017
1.10512489084,-5.59756310547
1.10478846023,-5.60322424994
1.10565427825,-5.60182264387
1.10572906374,-5.57789447302
1.10890511124,-5.59426915916
1.10695367912,-5.65077121051
1.10659837498,-5.60245014621
1.10874039638,-5.60335150341
1.10722474315,-5.54662495196
1.10710157959,-5.47501010376
1.11002765346,-5.588176458
1.10639580918,-5.57124095587
1.10429828085,-5.59848943328
1.10634176695,-5.53697003102
1.10636286389,-5.56468397618
1.10354611763,-5.60368638409
1.10630947887,-5.58220713604
1.10233477005,-5.60061037268
1.10367993877,-5.52929239454
1.10657463723,-5.5993041988
1.1035925051,-5.50731046181
1.10197279629,-5.52521340505
1.10505066191,-5.51994700668
1.10388243326,-5.53682654014
1.10211512897,-5.55706485074
1.10338163145,-5.53010783334
1.10529761449,-5.55921258337
1.10470023191,-5.53543486389
1.10575949531,-5.58588570581
1.10383837856,-5.56525059043
1.10324132205,-5.49230981839
1.1030560047,-5.4561631417
1.10657116666,-5.5130767596
1.10367627235,-5.47374823982
1.10564022435,-5.55525832537
1.10426095956,-5.5614450313
1.1021372133,-5.52163530752
1.10335796364,-5.45561766048
1.10443729793,-5.4877466849
1.10182204725,-5.53679530123
1.10242858461,-5.56456674867
1.10265313705,-5.52847928306
1.10327323877,-5.52651345702
1.10082121572,-5.49289967419
1.103164554,-5.53049490546
1.1015740504,-5.55416583757
1.1036205144,-5.52536321328
1.10454944348,-5.51870976836
1.1007766902,-5.47484828225
1.10050979506,-5.48834565583
1.10511793528,-5.50156929001
1.10275867581,-5.49431567251
1.10204958044,-5.47317998927
1.10201866323,-5.4920295209
1.10223095325,-5.48981453848
1.10151090573,-5.51758767557
1.10313362595,-5.43056044032
1.10131722913,-5.49679122503
1.10049474814,-5.41589984427
1.10041580292,-5.40636255843
1.10319013618,-5.41954936542
1.10180145176,-5.50670413634
1.10239784072,-5.44003347946
1.10145853132,-5.50629836398
1.10304435408,-5.43588069229
1.10373635246,-5.4766852403
1.10317390282,-5.4182644973
1.09953828977,-5.47269108094
1.10210587683,-5.46155285005
1.10484751153,-5.43284293214
1.10378867953,-5.49727677315
1.10307471313,-5.43824186409
1.10480954202,-5.46475343743
1.10486823253,-5.53137806622
1.10693232769,-5.46904565295
1.10867097092,-5.55403828926
1.10695678759,-5.49822997645
1.10684227035,-5.51064549535
1.11060442759,-5.52238144503
1.10774580074,-5.47188625589
1.10800193368,-5.48928572506
1.10771006478,-5.55574657972
1.10994285725,-5.52436110154
1.1071281632,-5.43050251569
1.10937652903,-5.44541406502
1.10560060243,-5.47568539445
1.10665182506,-5.56462638114
1.10728265442,-5.47430793755
1.10880302051,-5.47602241099
1.10492414747,-5.53728291377
1.10676579986,-5.46738281646
1.10713355351,-5.49571820972
1.1076979419,-5.51330575211
1.10869963237,-5.55931345994
1.1092532054,-5.46563634915
1.1056580331,-5.4755401048
1.10887647296,-5.44597820054
1.10807606463,-5.49817158205
1.10919123904,-5.51303476742
1.107864682,-5.48235611012
1.10954773072,-5.44860951586
1.10777947538,-5.48974088773
1.10963583382,-5.53676932775
1.11010733423,-5.49140408107
1.10786524321,-5.4621079519
1.10759511626,-5.51566782432
1.10835918852,-5.48752036024
1.10734324064,-5.52848144016
1.10375676309,-5.47607387801
1.10452040613,-5.4361758119
1.10443035001,-5.46869799436
1.10386389468,-5.40432920615
1.10823414612,-5.53482154726
1.10399575953,-5.49926337914
1.10570255123,-5.45944918956
1.1076501113,-5.47985646341
1.10854399203,-5.52291595426
1.1062649697,-5.50609520461
1.10739913043,-5.42158280241
1.10728974308,-5.48121640895
1.10712453542,-5.44769565492
1.10919757453,-5.48727666936
1.11023877328,-5.55169839221
1.10493613198,-9.96035213923
1.10776219073,-4.58904134002
1.10696473803,-4.85911274679
1.10772352064,-5.23605637645
1.10608478843,-5.42176645415
1.1076297713,-5.48930702593
1.10499835882,-5.59847347847
1.10850659039,-5.70481684482
1.11026017243,-8.02727668146
1.10040159462,-5.2818426266
1.1080728638,-4.82892135797
1.1097950307,-4.98615615505
1.10892826127,-5.26401576468
1.10821623285,-5.36425999808
1.10782114158,-5.38627515043
1.10810809064,-5.32581387541
1.10771224744,-5.27563736765
1.11214766649,-5.56783552401
1.10706419542,-5.34213710335
1.1073799791,-5.44548234811
1.10924941742,-5.51696503599
1.11049783143,-5.41927335514
1.10742734058,-5.4634118313
1.10901816903,-5.37642772655
1.10745324913,-5.45093320193
1.10743008193,-5.36892263976
1.11065395605,-5.53450160674
1.10911747482,-5.46699580091
1.10572241887,-5.42389040638
1.1077835488,-5.51818846424
1.10818463167,-5.52092245064
1.1071132038,-5.44059906999
1.10716923945,-5.38432675707
1.1076531389,-5.44495737669
1.10609924718,-5.43221540318
1.10899981542,-5.42074617708
1.10793355726,-5.41185631137
1.10546541151,-5.40319586614
1.10632038962,-5.43999667885
1.10847861316,-5.41763920207
1.10697351829,-5.48768153538
1.10761885145,-5.46495732229
1.10663665597,-5.45889740346
1.10702502173,-5.46524622952
1.10859290337,-5.4494288953
1.10901725887,-5.46905794221
1.10671645541,-5.4325123456
1.1092630263,-5.5014751564
1.10899776204,-5.44344350314
1.11036906184,-5.51565012467
1.10732420407,-5.40084677877
1.10986981053,-5.52415497701
1.10894347534,-5.45017450825
1.10856938481,-5.47887677433
1.10873066237,-5.50899362814
1.10764800959,-5.4941744842
1.10703401447,-5.54291406682
1.11041158895,-5.52062702987
1.10724287684,-5.43585815698
1.10764657875,-5.50456559095
1.10765386847,-5.4968230389
1.10958938019,-5.50238595216
1.10772970513,-5.49690366894
1.10944591972,-5.48482945648
1.10857942334,-5.49415537635
1.10584577421,-5.38231713022
1.10724677769,-5.50157363504
1.10832241473,-5.46382979395
1.10675212991,-5.43403069013
1.10698980231,-5.46556665439
1.10748405907,-5.47349506289
1.107408504,-5.51933421552
1.10640577247,-5.52080816477
1.10932863547,-5.4941837594
1.10530042582,-5.41950458421
1.10768950518,-5.49833134341
1.10895861452,-5.5281087841
1.1090701967,-5.47575971396
1.10748315083,-5.4693549139
1.10973860732,-5.46258812977
1.10877033645,-5.51204679053
1.10889064524,-5.54674999532
1.11053026797,-5.50429729817
1.10998908945,-5.50754323854
1.10715167516,-5.48273003465
1.11042865393,-5.52471649679
1.10939166407,-5.52445993305
1.10975937339,-5.47770536014
1.11140786262,-5.52178821079
1.10966423345,-5.42141104207
1.10839218212,-5.52832797523
1.11077703587,-5.52410417779
1.10882239663,-5.4865351161
1.10648689877,-5.39273685403
1.10847265022,-5.40337816054
1.10972124904,-5.41998785969
1.10672153171,-5.4984337197
1.10889926173,-5.44635567082
1.10793659345,-5.48220915566
1.10869833859,-5.40338218543
1.11022033278,-5.45960219448
1.10944154375,-5.49476208908
1.10624262,-5.54025535625
1.10901346528,-5.50296898291
1.10935227102,-5.46333466425
1.10903033317,-5.45558783342
1.10730179038,-5.46137738732
1.10925598301,-5.48558829688
1.10713380053,-5.45474383748
1.109068136,-5.45544393784
1.10961890935,-5.42356309894
1.10864987689,-5.48776707299
1.10715536291,-5.4460056865
1.10956435431,-5.50325626428
1.10779172334,-5.50994650109
1.10912810166,-5.46518460904
1.10970674755,-5.5658740305
1.10823387854,-5.46621652339
1.10818784267,-5.4800015421
1.11159367219,-5.48695779198
1.10893753502,-5.49423538132
1.10812716389,-5.4603410723
1.11001335958,-5.49441169973
1.11077639362,-5.45536862909
1.10856222742,-5.49089842962
1.10905971343,-5.42328183825
1.1090787297,-5.56054436732
1.10823720879,-5.49070931525
1.10937652654,-5.48557599034
1.10896990808,-5.43039108743
1.10607829614,-5.42389457522
1.10857595083,-5.48177658476
1.10934862534,-5.45262688216
1.10818614835,-5.48487387673
1.1074941885,-5.45377827111
1.10917417021,-5.51791927634
1.10713367554,-5.48716245118
1.10882462111,-5.43501484752
1.10945433918,-5.48488541991
1.10706607725,-5.46154686366
1.10827348403,-5.48541935487
1.10985710475,-5.45144392386
1.10893903618,-5.48353194129
1.10816861357,-5.43171224293
1.1077502191,-5.44891761934
1.10839043759,-5.48031077774
1.10766331488,-5.49879893686
1.11176119339,-5.49678870084
1.10811258468,-5.49144871144
1.10845393727,-5.55625733974
1.11056799725,-5.51714543368
1.11094498808,-5.54355664575
1.10818087478,-5.51940845497
1.10974889586,-5.44354363116
1.10827150887,-5.4042888328
1.10944962331,-5.47240670453
1.11014576752,-5.44386727601
1.10994821819,-5.41537680442
1.10693426107,-5.43046947521
1.10921560971,-5.44205624748
1.1101283949,-5.37012197271
1.10778952938,-5.34366603233
1.1516729119,4.83728564131
1.1089528764,-6.67163547684
1.10797853923,-4.54979035027
1.10984038646,-4.35621930878
1.10729326505,-4.746459259
1.10579157324,-5.0611055568
1.10565399331,-5.26976378151
1.10874507419,-5.45642090361
1.10824985722,-22.2961377192
1.10703081626,-6.38472247352
1.11068810245,-6.29806877251
1.11168977388,-6.21568133384
1.11307937075,-5.98383291536
1.11704206431,-5.69433742705
1.11611753093,-5.56265978851
1.119025221,-5.49869376456
1.12138760537,-5.47721551647
1.12006091449,-5.0034892141
1.12077354162,-5.29540519236
1.12374661554,-5.46177781258
1.12135484485,-5.4973124051
1.12269546321,-5.52622699126
1.12338290919,-5.51639361403
1.12023679638,-5.51662450613
1.11641593663,-5.38757515638
1.11921853175,-5.42712231284
1.11827528166,-5.44128056805
1.11651379717,-5.37230018264
1.11648509279,-5.42965676891
1.11739172351,-5.50663499175
1.11641801098,-5.47484041917
1.11990505617,-5.46723252519
1.11800164017,-5.45937631861
1.11853371758,-5.46793145641
1.11869535312,-5.48658158965
1.12187789866,-5.44691399711
1.12057108589,-5.51672631726
1.12262312576,-5.50801505096
1.12339600215,-5.57142990146
1.1211384712,-5.48319856304
1.1229761537,-5.4927263958
1.12390229139,-5.50217307037
1.12174052501,-5.52211698172
1.11952551545,-5.51490787458
1.11879825162,-5.51038095671
1.11886897404,-5.49005961823
1.1144459329,-5.43765309721
1.11393590776,-5.45194962949
1.11163632775,-5.4651919238
1.11308931009,-5.49253355241
1.11381062304,-5.47997406218
1.11167719773,-5.47807781848
1.10828419968,-5.4720279585
1.11273101577,-5.51817267965
1.11214925851,-5.48527554034
1.11165324938,-5.51183152702
1.11094989213,-5.40457602425
1.11034420786,-5.4913769566
1.11024612545,-5.49561637788
1.11213619134,-5.51260268486
1.11064822279,-5.41573562597
1.10961864032,-5.47910047945
1.10983844451,-5.45418449015
1.1109636022,-5.49399693722
1.11053117015,-5.54686984385
1.1098292296,-5.44991891558
1.11013386374,-5.49901896851
1.11034344528,-5.51288272593
1.11186096291,-5.46365123913
1.11247386487,-5.48866734677
1.10978556718,-5.54317908429
1.11028348029,-5.44258278787
1.11156661915,-5.44251940558
1.11422015068,-5.5029207862
1.11181000328,-5.43528863788
1.11173546646,-5.46671495974
1.11124260807,-5.42155705155
1.11269761463,-5.5059809595
1.1140011523,-5.51094007268
1.1120018641,-5.4740650484
1.11159687628,-5.49336102638
1.11406372798,-5.4868142214
1.11289770803,-5.56838281745
1.11196505955,-5.51183416702
1.11242379201,-5.46825241287
1.11326158201,-5.50886017143
1.11237565904,-5.52631446867
1.11464384959,-5.46594073264
1.11298571787,-5.57187803651
1.11177177789,-5.46998959872
1.11375650778,-5.50639695883
1.11354940251,-5.45610399331
1.1131088817,-5.49167960712
1.1129574009,-5.527686358
1.1142344329,-5.55248962417
1.11307339055,-5.48293235407
1.07914397192,-3.49522607672
1.09750496285,-4.61577126359
1.09618497867,-4.6020166184
1.09706419831,-4.58145973951
1.097603934,-4.5310786893
1.09776281012,-4.51331384218
1.09682700426,-4.48592130923
1.09705536443,-4.45246201801
1.09609438012,-4.4188748383
1.09828114222,-4.65621919333
1.09829759718,-4.65746024209
1.09735431457,-4.66317761783
1.09838110093,-4.57273463989
1.09944020728,-4.59560682244
1.09908379611,-4.64711986368
1.09903717434,-4.65956907265
1.09896371536,-4.61233344624
1.09844099324,-4.71986246683
1.09772607221,-4.61161643281
1.10075908628,-4.59005879848
1.09875329107,-4.60498286887
1.09838383879,-4.59103505272
1.09920299926,-4.57460035353
1.09865075215,-4.58155077844
1.09790474878,-4.59693134313
1.10008564948,-4.53727402897
1.10027063771,-4.586230549
1.09834254505,-4.6159933987
1.09864302669,-4.51720056908
1.10092261315,-4.59794649374
1.09651054362,-4.50331542977
1.09804692552,-4.57704291182
1.09877001205,-4.55490632135
1.09931524755,-4.61897839237
1.09666203285,-4.51367176148
1.09921176111,-4.53890917138
1.09663700049,-4.52701926984
1.10109550788,-4.57852767972
1.10048570453,-4.50616713616
1.09724001365,-4.56565321499
1.09834130381,-4.52917393724
1.10110027352,-4.59768396751
1.1004437659,-4.52266660713
1.10071191336,-4.55018707555
1.09946879478,-4.55822692972
1.09842811765,-4.52043135279
1.09970065347,-4.48782343338
1.10134175261,-4.55167185487
1.09917604298,-4.54885906752
1.09910557182,-4.514069652
1.09950345369,-4.55234655057
1.10073562496,-4.55547431251
1.10000486457,-4.55509202038
1.1010608222,-4.55378102122
1.09905691225,-4.52509860358
1.09957479885,-4.5002846838
1.10094483208,-4.48991186433
1.09997354019,-4.52613663253
1.09653376531,-4.51618819253
1.09842845627,-4.55641231064
1.09940002604,-4.55058111063
1.09850858313,-4.5295200145
1.09797179993,-4.48358113762
1.09836124507,-4.54153613057
1.09590055744,-4.46590040228
1.09972888899,-4.49487456771
1.10041868504,-4.48042657828
1.0965476079,-4.43836975925
1.09735032235,-4.49446478423
1.09977955658,-4.58175953179
1.09816500513,-4.46416953245
1.09855532237,-4.48069444086
1.09940948714,-4.53859810542
1.09968909765,-4.52844573033
1.10158626176,-4.48959137868
1.10242686696,-4.46336696604
1.09963748408,-4.51116554892
1.10056080271,-4.47588868433
1.10230220936,-4.46449785698
1.1029569691,-4.47567508152
1.10064043158,-4.52214847031
1.10179029294,-4.56140655249
1.09974021624,-4.54190085481
1.10029926615,-4.48887937815
1.10159878759,-4.50550287159
1.10103112252,-4.5262548287
1.09795203248,-4.45899235986
1.10182493785,-4.4624949316
1.09954823224,-4.43493871368
1.09997799418,-4.48661173808
1.10045719014,-4.4723651275
1.10121336646,-4.54050061084
1.09979228504,-4.41463606995
1.10272669099,-4.51892126302
1.10244203499,-4.44011863134
1.09948788828,-4.48067256757
1.10027996785,-4.51243504616
1.10251107998,-4.48644731466
1.10107336993,-4.42721731113
1.10157750913,-4.46535438871
1.09870990342,-4.38840583705
1.10091853859,-4.51484052009
1.1021963667,-4.51222422219
1.10178638765,-4.46811426658
1.09779962415,-4.43714525454
1.10012743512,-4.51984247179
1.1003650767,-4.39794103785
1.10150112373,-4.4562435751
1.09985181836,-4.44334282626
1.10020340472,-4.43881826077
1.09870470984,-4.44311167145
1.09991562523,-4.46595638691
1.10091838269,-4.48318020847
1.10093329958,-4.48435626815
1.09908111358,-4.45616427165
1.10261108629,-4.49751432281
1.09935894314,-4.44684863392
1.10134859944,-4.49390581237
1.10232370085,-4.42242330644
1.10182753708,-4.5130345571
1.10172879883,-4.51088740872
1.10340417457,-4.42184448018
1.10350306313,-4.46114520081
1.09998919139,-4.42690016622
1.10049393818,-4.4640647585
1.10396277551,-4.50154955739
1.10193347893,-4.42968194706
1.10257705831,-4.42707664208
1.1003686319,-4.43503488636
1.10211520309,-4.52184308168
1.10197482756,-4.43496863303
1.10332221569,-4.52367423638
1.10051980966,-4.43187406118
1.10155994267,-4.44830033461
1.10374125428,-4.53436780075
1.10200858954,-4.47958562809
1.10184014837,-4.44095796152
1.10444653539,-4.49017787358
1.10153699644,-4.41223120937
1.10350346008,-4.43872229815
1.10544861854,-4.49055604479
1.10511570001,-4.48179322366
1.10204032837,-11.6632092464
1.1062082915,-3.73823763948
1.10379349264,-3.98652900712
1.10557813294,-4.28685241908
1.10389949488,-4.4079127793
1.10286263767,-4.5673910581
1.10395319375,-4.6513400981
1.10890632645,-4.74449934003
1.10819788875,-4.29663589892
1.10249309434,-4.72787639186
1.10492915412,-3.52988414741
1.10666981676,-3.84963084
1.10575291315,-4.13237945229
1.10578525557,-4.19504422774
1.10326067867,-4.27224561933
1.10403851034,-4.29437826696
1.10503203941,-4.29884396463
1.10537534283,-4.58052064613
1.10306495043,-4.32992447309
1.10553881687,-4.36268210382
1.10600144459,-4.37581916096
1.10604422047,-4.40634872045
1.10685138541,-4.41360079621
1.1057260064,-4.35983840513
1.10357602168,-4.31427400455
1.10666202333,-4.41488466205
1.10728594958,-4.36360685675
1.1056889735,-4.37682879542
1.10520591037,-4.34625681153
1.10687076741,-4.35814976238
1.10581093122,-4.37745432377
1.10869375958,-4.46792076466
1.10774682466,-4.35948742784
1.10657393624,-4.46577346243
1.10561395286,-4.4021159363
1.10964007813,-4.37901760746
1.10606418584,-4.38519924137
1.10743849474,-4.41905265094
1.10871601806,-4.40231594041
1.10801044576,-4.39610887529
1.10739505304,-4.41992532354
1.1091205823,-4.37477477823
1.10711367389,-4.38328270113
1.10878850726,-4.36573291185
1.10843969058,-4.3548056993
1.10872552217,-4.40320683868
1.10648950602,-4.4553991947
1.10930528196,-4.43325198193
1.10862524048,-4.38957043117
1.10830278051,-4.34142583867
1.10785358965,-4.45151351329
1.10787894113,-4.42378188913
1.10752717752,-4.42929065253
1.10970317487,-4.51536791225
1.10779363479,-4.38494811443
1.10843130934,-4.43362586418
1.10860157721,-4.39829789778
1.11016518663,-4.43413305281
1.10785327265,-4.39343527579
1.11081050555,-4.47701657717
1.11000107685,-4.46784224024
1.10962214195,-4.40439565509
1.11028590257,-4.38327502443
1.11124908086,-4.4634209685
1.10967968361,-4.40709405553
1.10881923053,-4.38857972197
1.11023969876,-4.46388776695
1.11165088918,-4.44964414245
1.11018422536,-4.40811430245
1.11216919447,-4.44740298916
1.1099463519,-4.47086487734
1.11009770581,-4.38046870221
1.11275314278,-4.43425300474
1.11083610016,-4.36732351545
1.10918036957,-4.33391014027
1.11152236574,-4.4119367578
1.11058119451,-4.40153157195
1.11083766978,-4.45958725659
1.10971187042,-4.43866499119
1.11172738431,-4.39437628146
1.10878715962,-4.4020575894
1.11051212337,-4.41371861928
1.11071119439,-4.36482287501
1.11100836232,-4.42987927483
1.1102915206,-4.38217027041
1.11290506371,-4.42992118172
1.11072676637,-4.3902329808
1.11183395312,-4.45240504022
1.11126283728,-4.34248208149
1.10994163028,-4.40465287703
1.11252068875,-4.38494942419
1.11496153676,-4.41569734932
1.11195767489,-4.42672466881
1.11181205166,-4.43884303099
1.1130039017,-4.39021298272
1.11363438299,-4.30405418388
1.113459534,-4.40827643361
1.11463597521,-4.34884484109
1.11122427149,-4.36397566826
1.11308530447,-4.4738648453
1.11489026577,-4.41954467126
1.11439527626,-4.38694026797
1.11174696686,-4.36954918428
1.11513950208,-4.40931010794
1.11510220158,-4.36045428827
1.11427961131,-4.49225730508
1.11601972306,-4.45916592025
1.11471701122,-4.44598726924
1.11184610679,-4.37275598942
1.1150208136,-4.40822256047
1.11487861162,-4.44707153078
1.11425618803,-4.43316054993
1.1137621452,-4.41507027015
1.11477524126,-4.43184743897
1.11401665454,-4.42621075183
1.11592138656,-4.45583502381
1.1147934452,-4.44571288809
1.11311716017,-4.42300508659
1.11592510294,-4.36113233768
1.11776016206,-4.44750978078
1.11320760983,-4.32741639409
1.1137909563,-4.43702867272
1.11600043923,-4.46242782859
1.11563635314,-4.46498590634
1.1170794831,-4.4049454501
1.11614421749,-4.39716503764
1.11496499907,-4.44695869645
1.11730708479,-4.34716878644
1.11749815001,-4.36649047601
1.11772439772,-4.47969498702
1.11534880949,-4.42865275484
1.11870326777,-4.40155904195
1.1179002616,-4.34041859619
1.11734789367,-4.40420716198
1.11627113244,-4.35322303041
1.11716074198,-4.42420438495
1.11624223719,-4.3776302217
1.12121972954,-4.42041216177
1.11993552395,-4.53551115935
1.11700787467,-4.37988501265
1.11726916148,-4.41201867923
1.12062985459,-4.42961159083
1.11764264354,-4.43292511924
1.11976467749,-4.42777019172
1.11781714949,-4.37043304768
1.11853618274,-4.48954310996
1.1186375916,-4.44376201299
1.12114316638,-4.42939279228
1.11731100885,-4.37894490231
1.1178191065,-4.36297454721
1.11894362683,-4.41836435018
1.12029520629,-4.42955651462
1.11915349559,-4.33070851283
1.11927172617,-4.42975279422
1.11885382915,-4.48030955936
1.12114714538,-4.41076154304
1.12232725612,-4.41430061509
1.1209027158,-4.46411342809
1.11950472541,-4.40050169298
1.12299504739,-4.47667663097
1.12147961016,-4.43360887122
1.12224875908,-4.41084167752
1.19604517064,7.70138361143
1.12185472167,-5.63397113861
1.12073697383,-3.30420658937
1.12378709266,-3.18841184516
1.12247141642,-3.69236323682
1.12195414378,-4.15664698438
1.12384478467,-4.41979777794
1.12238163744,-4.55407052464
1.12141013557,-23.5499853648
1.1231223836,-5.49653097857
1.12402211507,-5.46063203359
1.1225478428,-5.04277147641
1.12406950049,-4.85709629706
1.12512336266,-4.65375128429
1.12254724412,-4.57256232794
1.12316783786,-4.47392519823
1.12366088814,-4.51940243284
1.12497911142,-4.71135464004
1.12307081487,-4.29911591336
1.12346205844,-4.42858922941
1.12083631663,-4.37850411436
1.12547544883,-4.41863422958
1.12563116131,-4.44585433394
1.12338406582,-4.45373725161
1.12361489106,-4.46948315395
1.12699532086,-4.4530498945
1.12574134795,-4.41066424445
1.1272142606,-4.48814960962
1.12512041878,-4.42387893415
1.1243966994,-4.3829672427
1.12507123745,-4.44789051216
1.1286774464,-4.48964169166
1.12477450699,-4.40785979368
1.12602781951,-4.39455790919
1.12666645819,-4.38266212496
1.12614029405,-4.41478742438
1.12750185516,-4.47083285705
1.12765342131,-4.40930987979
1.12574198953,-4.38577808805
1.12533876865,-4.42745530291
1.12863971103,-4.47095679414
1.12854333663,-4.44987864833
1.12571332095,-4.42100882779
1.12614222659,-4.48362035173
1.12633540345,-4.49529672415
1.12746937226,-4.44545948059
1.12813709236,-4.45388725169
1.12739167662,-4.45122754344
1.12597632447,-4.46314192214
1.12947035582,-4.53997572022
1.12889047592,-4.47487533063
1.12677114516,-4.4720422466
1.12822718151,-4.5094723345
1.12985100214,-4.47487457707
1.12780389359,-4.45964564363
1.12998635606,-4.51094793344
1.12809252382,-4.46861320552
1.1281149952,-4.47677727317
1.12937422269,-4.49355997853
1.13099128633,-4.46310015297
1.12915165671,-4.49827206345
1.12956902729,-4.44088766288
1.13017948893,-4.49056039562
1.1309107081,-4.52560357059
1.13032019396,-4.51882662977
1.13212213167,-4.4576519122
1.12794003898,-4.46592297815
1.12956116016,-4.51107716063
1.13105675783,-4.53303471718
1.13127652472,-4.51278101987
1.12966212945,-4.46728143385
1.13180969553,-4.46837059481
1.13026419114,-4.50497075171
1.13028481436,-4.52038586317
1.13139691631,-4.49748204774
1.13184051948,-4.49666975186
1.13021249823,-4.47260561156
1.1347116097,-4.51115431096
1.1319134692,-4.54955070911
1.13127113545,-4.61773258066
1.1299242404,-4.50030493144
1.13298367234,-4.48766867843
1.13232586535,-4.56773573407
1.13305277898,-4.5113079422
1.13158059195,-4.50504098151
1.13162224713,-4.57415399893
1.13209042309,-4.51546585158
1.13392754924,-4.5166843866
1.13121100861,-4.52094947566
1.13313707411,-4.50675517276
1.1341268573,-4.58807569903
1.13342640849,-4.55670086906
1.13338767995,-4.54527771038
1.13430727193,-4.54946787226
1.13268759457,-4.55828109479
1.13458826015,-4.53791368571
1.12655414466,-4.01793501177
1.14882161328,-4.88982388919
1.14636516056,-4.72751410018
1.14857861965,-4.70444572049
1.14658059551,-4.62786043629
1.14881206411,-4.59120073625
1.14828328539,-4.55903053318
1.14761868449,-4.67367897371
1.14700355002,-4.6434836496
1.15035382725,-4.24721084022
1.1501634808,-4.31138612267
1.14776431063,-4.24388198511
1.14810701934,-4.21249993558
1.14822846083,-4.1910025437
1.14772008623,-4.26288295048
1.15000799929,-4.26212954798
1.14833550814,-4.24989613101
1.14907264494,-4.23743361545
1.14819252226,-4.2460921598
1.14958782331,-4.22311687695
1.14730890627,-4.21905602112
1.14987818469,-4.20826317582
1.15075570494,-4.16975346554
1.14798849535,-4.2386119455
1.15035431931,-4.22159708385
1.15079915594,-4.14430707672
1.14755281315,-4.15096656328
1.15109295466,-4.19578444636
1.1503930733,-4.14476251814
1.15060162129,-4.14228199472
1.14710964843,-4.12230650829
1.15062808134,-4.18543314072
1.14983605427,-4.15187803283
1.15149615833,-4.15780189549
1.15073572569,-4.13144998106
1.14855883008,-4.15074685622
1.1485149204,-4.1771035347
1.15265823241,-4.20015941277
1.15257472063,-4.13550885817
1.14947777105,-4.15410091698
1.15063222325,-4.19720566026
1.1505562298,-4.12894802724
1.14923150714,-4.10458424866
1.15187344905,-4.12524787082
1.14993013264,-4.1510586315
1.14998841138,-4.14744994398
1.14992936234,-4.11911460089
1.15088894796,-4.05564774958
1.1487382119,-4.13167857085
1.15020621816,-4.13527605349
1.14968445955,-4.0568757332
1.15034187172,-4.17986525105
1.15200755123,-4.13654197445
1.15181733657,-4.14587976642
1.148273201,-4.11686523193
1.14976880038,-4.10564015488
1.15379149132,-4.16952785435
1.15251561095,-4.09901719146
1.15073439758,-4.13103723136
1.15354163276,-4.20786724472
1.15202263327,-4.15616893335
1.15422844767,-4.1237187443
1.15373328071,-4.08339253525
1.15328836581,-4.1129178992
1.15233191876,-4.10858591323
1.15690673143,-4.07981038993
1.15362632253,-4.0857784191
1.15347238366,-4.17704576606
1.15322287182,-4.07494725066
1.15491166834,-4.08659362179
1.15508555291,-4.14331189724
1.15636071684,-4.11592573786
1.1535141819,-4.0837111033
1.15430996979,-4.04742813573
1.15610640774,-4.04804740569
1.15742658826,-4.02045413136
1.15441996658,-4.05274026288
1.15668205688,-4.08916999961
1.15695758715,-4.06504288899
1.15616249311,-4.07760074228
1.15829716865,-4.13890717192
1.15799773979,-4.09551589261
1.15654751907,-4.07743580786
1.1595872297,-4.06196655536
1.15748921875,-4.03729965125
1.15860135274,-4.08722406157
1.15713306401,-4.05466734182
1.15938102889,-4.07975851645
1.15789564747,-3.980391233
1.15997173322,-4.08320170792
1.15967354751,-4.0389000989
1.1587991562,-4.02467329668
1.15922702732,-4.02967958064
1.16272534932,-4.07836478688
1.16077051059,-3.99008445736
1.16072178245,-4.06966798726
1.15977913819,-4.04758471723
1.16091370551,-4.01052686762
1.16041860566,-4.0477393603
1.16370247683,-4.12851365684
1.15961150275,-4.0134728973
1.16249279242,-4.10805521715
1.16385505194,-4.0648882942
1.16319102936,-4.11026506699
1.16119970361,-4.10660428153
1.16437059508,-4.10631764758
1.16313550528,-4.02316588676
1.16185833882,-4.02540684493
1.16282305915,-4.00958919924
1.16395678631,-4.06010713488
1.16052804024,-4.0497818965
1.16453597769,-4.02866909933
1.16295650743,-4.0623435085
1.16400365904,-4.08923625671
1.16312000761,-4.04382117789
1.16448566226,-4.03516047319
1.16237056863,-3.99868540879
1.16674178463,-4.0784285131
1.16524655838,-4.05030369918
1.16232999728,-4.02381993756
1.16429518426,-4.07581098329
1.16695537437,-4.12144781119
1.16460009449,-3.98494543888
1.16604587258,-4.0047635692
1.16448298862,-4.00565827351
1.16604557453,-4.06686688292
1.16597503374,-3.94433057929
1.16747950875,-4.0758867211
1.16438773898,-4.02168236557
1.16657651627,-4.08478373695
1.16752933345,-4.07645173507
1.16592219503,-3.96793197426
1.16588496054,-4.04621913982
1.16709468225,-4.01383660475
1.16740344807,-3.9936415271
1.16790726976,-4.05958604723
1.16930122213,-4.05470505798
1.16591413474,-3.99919159558
1.16487727609,-4.0506305751
1.16809456462,-4.04953921677
1.16831683142,-4.05322311546
1.16843483743,-4.0487639476
1.1648361065,-15.4093522407
1.16557969554,-3.14001102143
1.16455240814,-3.36019085283
1.16864988364,-3.76905160412
1.1676635395,-4.0002881577
1.16483582052,-4.18614907333
1.16725796178,-4.34460714602
1.16775896981,-4.32710330835
1.1681028895,-1.12594205613
1.16168114479,-3.64189454415
1.166717853,-2.98385862084
1.16789574663,-3.3651694786
1.16805346956,-3.6821427411
1.16759733032,-3.82465230671
1.1649917552,-3.83559426368
1.16625116353,-3.8500108109
1.16779584194,-3.91563349596
1.16826187493,-4.20041002266
1.16557712098,-3.88621980996
1.16839395341,-3.94527091958
1.16605118295,-3.93939475105
1.16844352163,-3.93771937287
1.16755391715,-3.93494228159
1.16701685548,-3.94042748286
1.16422509089,-3.85116355113
1.16967238482,-3.97601512831
1.16732932813,-4.04380782528
1.16722277213,-3.99335164855
1.16789905036,-3.95344814832
1.16819653753,-3.98738992405
1.16602684522,-3.96077533904
1.16966150636,-4.0370485769
1.1676049286,-4.0327347919
1.16699420442,-4.03107522706
1.16853221484,-3.96358897955
1.16929847827,-4.044486883
1.16627277489,-4.01335292263
1.16678773902,-3.98312055268
1.167705659,-4.0499606422
1.16810874993,-4.02755268259
1.1690002924,-4.01692299712
1.16790510862,-4.00244724571
1.16555421165,-3.98614812316
1.16825385556,-4.01619658707
1.16837701912,-3.89291343909
1.16800640637,-3.99888310188
1.16848453626,-3.96771328508
1.16912382538,-3.97701534214
1.16762923572,-3.8903651302
1.16905153402,-4.03713958166
1.16934124331,-4.00286121211
1.16814845607,-3.9669309603
1.16834071412,-3.95960760374
1.17209648659,-3.9870138726
1.16838079476,-3.96788436231
1.17060306403,-3.98461354279
1.17178249983,-3.96411497699
1.17157118145,-3.99247602136
1.17072572143,-3.94269719163
1.17386080017,-4.02906077666
1.17121143575,-4.01390566493
1.16975560963,-3.97271923741
1.17063811307,-3.91344936713
1.1726107538,-4.03857150822
1.17064727209,-4.00704844896
1.17029712067,-4.01376694021
1.16807093386,-3.89359650783
1.17054140393,-4.01891589038
1.17128375684,-4.01834705619
1.17097190285,-3.97590447223
1.16996983301,-4.09313734538
1.17212763884,-3.97919091885
1.17208362776,-4.01906749811
1.17015859524,-4.03045147683
1.17142445097,-3.99910814111
1.173585663,-3.89736785853
1.17309683884,-3.94137956029
1.17566957831,-4.00221495494
1.17264528282,-4.0213554089
1.17448040037,-3.961876899
1.17161587954,-3.9398768993
1.17527537379,-3.95245248474
1.17355987771,-3.98071301762
1.17404431158,-4.00816314675
1.17261031752,-3.90224602657
1.17191014884,-3.98937848565
1.17338662133,-4.00288616432
1.17456646101,-3.94163289851
1.17036202055,-3.88241041363
1.16993332224,-4.02182163378
1.17178109553,-4.00603143589
1.17386659912,-4.00834213107
1.17031012761,-3.91027421016
1.17087567076,-3.97447074413
1.16915404992,-3.94163057415
1.17040398497,-3.98317467434
1.17051532477,-3.94171154993
1.17340401388,-4.03160904386
1.16870446089,-3.96478887757
1.17214285563,-3.95528360603
1.172532374,-3.94504381344
1.17232427125,-4.03928826422
1.17107672045,-3.99116926344
1.17170966806,-3.95512288629
1.17089926753,-3.92233518045
1.17226305787,-3.98671373791
1.17196316024,-3.96299384728
1.16941137958,-3.97841455
1.16958185545,-3.90038713981
1.17280924491,-3.97530579038
1.17100386614,-3.94965717231
1.1716037807,-4.00453939889
1.17057885523,-3.9714146862
1.17019104237,-4.02559569897
1.17113366599,-4.01171311137
1.17379078343,-3.94003433587
1.16981645295,-3.95531711059
1.16980272602,-3.91693531215
1.1728046145,-3.96899240046
1.17229075796,-3.94181694056
1.17055349125,-3.9556199935
1.17127476824,-3.98370852968
1.17035138119,-3.96490157698
1.17113600903,-3.96708002938
1.17334998582,-3.92589264638
1.1715521545,-3.99880604858
1.16829387801,-3.94330034639
1.17183052208,-3.91944481775
1.17290661939,-4.04475319498
1.17157216877,-4.06770409342
1.16989207996,-3.97773637824
1.17205816442,-4.00913358275
1.17177824745,-3.90309042362
1.17282837012,-3.93936067824
1.17141059527,-3.94505477343
1.16994283232,-3.87613421073
1.17227463673,-3.89643458901
1.17341033709,-3.9196201884
1.17044741122,-3.91676134621
1.1716600833,-3.9203925871
1.17201289565,-3.97363361814
1.17279803325,-3.92741810224
1.17230216824,-3.94825138564
1.17409963137,-3.95095939991
1.17032591264,-3.97293316997
1.17091921962,-3.94830808767
1.17366160743,-4.00604133852
1.17398356688,-3.96583181652
1.17215396564,-3.9503964608
1.17151778216,-3.9407555081
1.17129933806,-3.99565037158
1.17218808025,-3.96461501897
1.17420904987,-3.8693875228
1.17276309568,-3.98778182649
1.16982496181,-3.88034636769
1.17365241886,-3.98170886079
1.17238243781,-3.97363744081
1.17201561059,-3.98754898491
1.17078310311,-3.94173196874
1.17302041274,-4.00599438587
1.17037081089,-3.99063592801
1.17306550964,-3.90729891982
1.25177983438,8.84182728802
1.17131902257,-6.74089462739
1.17126577636,-3.6719401032
1.1725704785,-3.11583963102
1.17021650081,-3.29891399804
1.17132258176,-3.60380168767
1.17150178608,-3.90759232694
1.1708030441,-4.1091520802
1.17163019212,-28.2503216559
1.17574860766,-5.04804108567
1.17074782493,-4.97064205252
1.17279105592,-4.49035079442
1.17243986563,-4.26184192552
1.17382562169,-4.12507118677
1.17151276653,-3.89321306045
1.17202327682,-3.86155752778
1.17001155991,-3.79443183359
1.17035171643,-3.60435236888
1.17378682683,-3.76243402931
1.17129847595,-3.86751211271
1.170505032,-3.90390826756
1.17384237252,-3.87680308333
1.17263391213,-3.86180110887
1.17182480952,-3.83281178551
1.17181315741,-3.86386754094
1.17258174258,-3.87760516326
1.17132596061,-3.84509644859
1.1749735831,-3.88683644552
1.17078243198,-3.91093992025
1.17003151204,-3.91204041457
1.17098725088,-3.85034762163
1.17192306842,-3.8902233525
1.17128701812,-3.95634032082
1.17180716862,-3.90291530275
1.16995685713,-3.92761526348
1.17007177004,-3.93657720009
1.17192455021,-3.91240108193
1.1712933815,-3.92659079662
1.16796195823,-3.86491004287
1.16848978456,-3.93553344491
1.16978520896,-3.90948841099
1.16914766652,-3.91154150778
1.16967885379,-3.91482855717
1.1700848212,-3.94558037211
1.16881649533,-3.92563356176
1.1707339197,-3.89988420074
1.17264612275,-3.90056548973
1.16854964875,-3.91306818829
1.16720584151,-3.87061588654
1.17211032799,-3.96800230405
1.16971585958,-3.88338327256
1.16837178721,-3.93968071597
1.16971968141,-3.9100599505
1.16904696021,-3.91374923495
1.16910585833,-3.96641314329
1.17207420899,-3.89597252115
1.16845005627,-3.89535297354
1.16711933272,-4.00557903437
1.16920640761,-3.91615134578
1.17036608196,-4.00807734578
1.16691694424,-3.98150961607
1.16998144743,-3.93710385546
1.16762348106,-3.92791306344
1.16746109369,-4.01906032772
1.16725590789,-3.88862980543
1.1666627113,-3.95840425417
1.16511240623,-3.95719446108
1.16765665044,-3.96047832216
1.16733484754,-4.00102900052
1.16535130978,-3.97994446815
1.16598329307,-4.01614245869
1.16685069838,-3.97119959037
1.16575363164,-3.98336268022
1.16792582058,-3.99897330626
1.16794522104,-3.938711184
1.16727307015,-4.0184844266
1.1657398963,-3.96486036636
1.16931842959,-4.05664875832
1.16578880867,-3.94857078791
1.16665092204,-3.91588735303
1.16678284675,-3.96377793561
1.16557750425,-3.96822339242
1.16510975818,-4.00675759016
1.16632582414,-3.96528097951
1.16261717012,-3.89633024908
1.16467075467,-3.93668887938
1.16720476032,-4.02696294407
1.16519369857,-3.95464040802
1.16307020729,-3.94715737128
1.16694941264,-3.98572664894
1.16425465023,-4.04326458378
1.1642782253,-4.0193126265
1.16459786204,-3.99457140206
1.16608644105,-4.03376813931
1.16368218048,-4.04986063203
1.16678681147,-4.06496061991
1.13088719021,-4.27010791671
1.15387389057,-5.10600813933
1.15366534683,-5.07459602577
1.15479648029,-4.857545494
1.15225800878,-4.80931947251
1.1564091283,-4.91928258571
1.15527844561,-4.93187200222
1.15177819114,-4.99822899119
1.15288031654,-5.01991678683
1.15463632699,-4.96744804638
1.15356762827,-5.00132241443
1.15457819614,-5.01459990526
1.15356137765,-4.99906306134
1.15376686486,-4.97340888581
1.15385565414,-5.06838820811
1.15447574116,-5.13032746445
1.15179837502,-5.08738097899
1.15257117344,-5.04948628436
1.15543712685,-5.13537300738
1.15543045563,-5.11323070573
1.15303924363,-5.14422340614
1.15400249904,-5.05588756542
1.15428488524,-5.21152519832
1.15281585854,-5.15347926415
1.15554078913,-5.16783417368
1.15473580741,-5.16253840462
1.15232392176,-5.22426905418
1.1546203821,-5.19411515351
1.15450465507,-5.14269573035
1.15530839379,-5.19330868575
1.15276616227,-5.21038487013
1.15313565749,-5.16825131763
1.15395389853,-5.27472281107
1.15721406362,-5.27701993099
1.15634940939,-5.20919563783
1.15520111854,-5.2590888747
1.15534154085,-5.22468630631
1.15884877991,-5.26344856969
1.15784407383,-5.31834313879
1.15728263708,-5.22568298353
1.15806694702,-5.2340380594
1.15803952839,-5.22540023093
1.15990074875,-5.26005292055
1.16168720229,-5.31356542981
1.15845145354,-5.34562179358
1.16049091268,-5.30475942108
1.16141652701,-5.28170139091
1.1631656265,-5.31902567296
1.16115538737,-5.32477311495
1.16198094615,-5.36453571756
1.15917939188,-5.37066265778
1.16137850925,-5.37190075993
1.16411966071,-5.38308083083
1.16255377819,-5.37848237579
1.16104052839,-5.37205516046
1.16512048643,-5.38097915588
1.16335824485,-5.35587104251
1.16275564825,-5.35724887604
1.16150186964,-5.41100800047
1.16044653538,-5.30817200832
1.16048003539,-5.32367201507
1.16511266106,-5.36127888817
1.16131732396,-5.37695805299
1.16057758903,-5.43002602344
1.1598207077,-5.33222862617
1.16392357562,-5.40554758551
1.16132522727,-5.40074223122
1.16142624521,-5.41290356099
1.16034771997,-5.40102832094
1.16142524637,-5.40499711819
1.16170843619,-5.42586498221
1.1623751663,-5.36426964167
1.1581641733,-5.32724746641
1.16150385243,-5.38663396363
1.16276346902,-5.41916987162
1.16229007517,-5.38206929209
1.16135953679,-5.42332160437
1.16262481332,-5.34904699861
1.16133895435,-5.42463129847
1.16248256568,-5.40448449077
1.16216666449,-5.44517836875
1.16141305555,-5.42764510502
1.16008610885,-5.39810905313
1.16297641566,-5.41517844187
1.16110782189,-5.44497763808
1.16155979699,-5.37417202922
1.16178609318,-5.42690208317
1.16085541461,-5.39647744628
1.16016000694,-5.41996813429
1.16393080314,-5.46339316057
1.16110486459,-5.44832102924
1.16097835446,-5.45893390247
1.15978319296,-5.4579499196
1.1619709367,-5.46934139538
1.15799954398,-5.44542776472
1.15998996208,-5.40056115084
1.15799388756,-5.43653628355
1.16075185966,-5.48535434793
1.15918086385,-5.45979702445
1.16013229752,-5.51478785893
1.15688565822,-5.43605440219
1.1586625529,-5.4383404483
1.15950983474,-5.50644262628
1.1575143807,-5.46740089499
1.15748182108,-5.46277450328
1.1591590574,-5.4925499751
1.15637681191,-5.53241235495
1.15795598648,-5.5077116407
1.15713770449,-5.48360564511
1.15603534633,-5.4919347526
1.15407838475,-5.47283157334
1.15609632827,-5.44622749869
1.15475081574,-5.46557792921
1.15483406949,-5.39761844547
1.15454185151,-5.44831806539
1.15374564528,-5.45554241234
1.1528766481,-5.41887822779
1.15591612866,-5.45387437668
1.15189187242,-5.4173992304
1.15231720907,-5.49049634193
1.15232979081,-5.48048065778
1.15420598713,-5.43307280516
1.15189238625,-5.44968637143
1.15322374708,-5.46317592541
1.1499330415,-5.43933442538
1.15137578268,-5.47810153126
1.15265102094,-5.472483296
1.1517837755,-5.45128025433
1.14902587204,-5.4616707655
1.15218354917,-5.49003894705
1.1524462833,-5.46679878954
1.1519672272,-5.48868807804
1.15073094919,-5.46939189219
1.1498391625,-5.43975365471
1.14829999645,-5.50084405259
1.15083267998,-5.48370708116
1.15231737551,-5.5214640914
1.15061701569,-5.43606825152
1.14926118607,-5.48712244915
1.14950402158,-5.43585728285
1.1493434871,-5.54637838411
1.15119804369,-5.45516648778
1.14994758736,-19.998545934
1.15052291369,-5.96550862554
1.15070518021,-5.33455302807
1.1536961736,-5.18908958525
1.14815456852,-5.41823698405
1.14822425006,-5.54131831375
1.15032050269,-5.67510109987
1.15125017982,-5.74399516417
1.15368580078,-0.974568060238
1.15238452303,-5.0500815266
1.147337547,-4.40580550292
1.14904181102,-4.84691251223
1.1520251281,-5.17045957037
1.15187275462,-5.3064383324
1.14682129073,-5.33476378875
1.14997968031,-5.36263875711
1.14931353774,-5.41403252339
1.15099996724,-5.6296556551
1.14830922257,-5.44285676591
1.14902092648,-5.46952038586
1.14766195574,-5.47561197885
1.14934528981,-5.5378753181
1.14918678322,-5.49848474076
1.14753626394,-5.4442813629
1.14876727539,-5.46530769714
1.15107614489,-5.47620629186
1.14805450106,-5.40483708286
1.14996578849,-5.52221965601
1.14815608004,-5.45103075429
1.1488763712,-5.46225407061
1.14943761614,-5.44298194779
1.15193517107,-5.45823470277
1.14801450183,-5.40321247063
1.1473467361,-5.43197618524
1.15000383122,-5.44737089253
1.15084215277,-5.4606994276
1.14916935402,-5.52514512174
1.15082576138,-5.40646276125
1.14749085527,-5.39976139958
1.14924243472,-5.46727700767
1.15134030214,-5.49419541012
1.14878390018,-5.47757695796
1.14758184767,-5.48922756883
1.15264988033,-5.49315896791
1.15151444124,-5.54284954063
1.15013311833,-5.55217436345
1.14894014417,-5.49390864562
1.15040991319,-5.49242901429
1.14788473869,-5.47296707296
1.15163063833,-5.51936614395
1.14974055807,-5.44436593463
1.14898925796,-5.50144909089
1.14891971802,-5.50510390761
1.14842530963,-5.55768466835
1.14795181082,-5.56541724338
1.14957996693,-5.50631557448
1.14851152061,-5.52185405451
1.1474293676,-5.5197821628
1.1491209607,-5.49036538062
1.15299272825,-5.52495081755
1.14818512397,-5.49022804594
1.14931231338,-5.47993248251
1.14923107526,-5.49096469106
1.14933356934,-5.49930463048
1.15022153351,-5.54623045522
1.14964879661,-5.43511305293
1.14871964823,-5.49890761179
1.15002386857,-5.50670124684
1.15104392217,-5.54611180751
1.14768515121,-5.52788077276
1.14823317612,-5.55602170831
1.15114697334,-5.49901442335
1.15185366288,-5.55447461856
1.14979923144,-5.56880234551
1.14920946206,-5.53447488151
1.14883770015,-5.46417304794
1.14687820628,-5.53596711247
1.15076684013,-5.51726000724
1.14941334917,-5.49866283906
1.14835822929,-5.54202188744
1.14656391505,-5.47233530403
1.14835490291,-5.47021495785
1.14805496361,-5.54111692083
1.15033761444,-5.59918233586
1.1493995364,-5.60253016992
1.14814127281,-5.6310547524
1.14918848009,-5.51810543682
1.15207560831,-5.62584869303
1.14827552149,-5.62627997389
1.14706624992,-5.47001771196
1.14957857313,-5.56699638272
1.15009929378,-5.55008345576
1.1496161273,-5.56885654899
1.15057472036,-5.60463017743
1.14807640218,-5.5674662128
1.15211055171,-5.56153422645
1.15139550704,-5.59086566517
1.14948789432,-5.44505719047
1.14768028986,-5.53204800474
1.15125661441,-5.52182810847
1.15013503258,-5.49313656674
1.15137503865,-5.52683513741
1.14985032844,-5.4908593738
1.14957274778,-5.55757485654
1.14885929613,-5.48470543667
1.15317283995,-5.54800837152
1.15038296734,-5.55198437282
1.15048056389,-5.57764795718
1.15167561693,-5.5711023891
1.15423206322,-5.57929330628
1.15081142264,-5.56265307393
1.15260142875,-5.61974723857
1.15044783719,-5.49970604329
1.15232923257,-5.62557440548
1.15462946497,-5.63246819209
1.15439548208,-5.56432781808
1.15188568426,-5.5959323854
1.15389444736,-5.60730731089
1.15359839733,-5.55314458693
1.15334567066,-5.52546719328
1.15348948773,-5.58265414365
1.15458631492,-5.59270387198
1.15219320459,-5.53911763259
1.15547907563,-5.59273438258
1.15588441781,-5.60198224784
1.15253932845,-5.55071159745
1.15172876224,-5.54107901261
1.1552031388,-5.5536312504
1.15513127056,-5.5618519598
1.15489567729,-5.57632808885
1.15454850178,-5.52311373515
1.15411499582,-5.58812691477
1.15368400119,-5.56783167848
1.15584287494,-5.56763757219
1.15306767296,-5.5978513897
1.15259049481,-5.50198534721
1.15484441917,-5.58722152367
1.15505288742,-5.503478041
1.1531312522,-5.57170935924
1.15606680683,-5.58319356289
1.15332892653,-5.64219175067
1.15336238808,-5.6063261686
1.15423428781,-5.61508915413
1.15536797615,-5.61656939537
1.15168764301,-5.62352333028
1.15246129269,-5.62302101774
1.15178066014,-5.55845208047
1.15199760262,-5.59735223835
1.15236087861,-5.60952550502
1.15240791281,-5.54676807552
1.15065416788,-5.60697918752
1.15302844924,-5.56249900802
1.15354880648,-5.62506061582
1.15084516016,-5.63264281247
1.15149753955,-5.57598666036
1.15633905106,-5.59364923447
1.15218465107,-5.61242532834
1.15436283326,-5.5547648466
1.15288235771,-5.60755993009
1.15285288928,-5.55458454878
1.15360217449,-5.62967956107
1.15556726188,-5.55212971163
1.22260229154,7.35752634709
1.15285871737,-7.94091548556
1.15348865952,-5.12504525146
1.1525319598,-4.42326707814
1.15267284203,-4.80451417808
1.15408152017,-5.08167604396
1.15060473043,-5.39513847478
1.15176454286,-5.64143091535
1.15447036096,-32.40254216
1.15648468283,-5.47801412783
1.14854102535,-5.87693973463
1.15173982934,-6.10513631957
1.1518102592,-5.94981091295
1.15163592198,-5.77695604507
1.15018184635,-5.59953584445
1.14963927546,-5.54477627994
1.14867740823,-5.55989035058
1.15450752952,-6.08698491219
1.15236009002,-5.55821918275
1.14793338284,-5.53498009094
1.1484518626,-5.50684346008
1.15005093075,-5.42993335546
1.14816414099,-5.492850139
1.15041780136,-5.53895856305
1.14813989072,-5.47942764262
1.1477532635,-5.51093401872
1.14788836086,-5.49257761959
1.15037150404,-5.51060656464
1.1469174984,-5.55599317618
1.14836245229,-5.57701867841
1.14763213754,-5.59395149869
1.14586459231,-5.46965045099
1.14491747288,-5.48508635311
1.14702308912,-5.54157857595
1.14388620589,-5.51980651121
1.14553889269,-5.53413408709
1.14594818005,-5.52448583089
1.14498095072,-5.68341544009
1.14109918875,-5.54672744342
1.14462958297,-5.51831431382
1.14496925725,-5.56615313896
1.14490288185,-5.548100995
1.14443579332,-5.60281504533
1.1429205326,-5.50384575923
1.14134777778,-5.4972073195
1.14488629206,-5.52891402709
1.14498478686,-5.63615806863
1.14417019314,-5.62436999364
1.14217618351,-5.52476400207
1.14576278696,-5.62838481526
1.14326007939,-5.53601489244
1.14613754692,-5.56081514069
1.14325550502,-5.60455475516
1.14477084099,-5.58931035213
1.14548670064,-5.55102247384
1.14859146583,-5.5283812698
1.14373019479,-5.54918748915
1.1460903582,-5.52025425051
1.14730109251,-5.57045852217
1.14701399529,-5.54678854471
1.14716914266,-5.52757491845
1.14846921953,-5.57568495199
1.1462297052,-5.55618301302
1.14789820218,-5.5478327631
1.14908322293,-5.55164149272
1.14817457318,-5.59112367519
1.14570118637,-5.57515156424
1.14880661585,-5.51171785371
1.14776150088,-5.55116180484
1.14985828018,-5.60523131711
1.14955704945,-5.56370270924
1.14771706095,-5.57104482002
1.1464366043,-5.59265288426
1.15133099866,-5.58389346376
1.14929958635,-5.6049365832
1.14732981692,-5.59374726178
1.14851020056,-5.48867449598
1.1508240751,-5.5368506126
1.1479692971,-5.60229829473
1.14862336751,-5.47037829433
1.14799710076,-5.55877156097
1.14856204063,-5.54424294382
1.15023591512,-5.56856819168
1.15177354268,-5.62067215423
1.14852507705,-5.57401871993
1.15046577502,-5.55003676191
1.14940534841,-5.49104324099
1.14723399231,-5.51405792976
1.14934592277,-5.54573455068
1.15212478351,-5.53043981981
1.14800640221,-5.59626424367
1.14998946506,-5.57296037846
1.15020657863,-5.57075414351
1.14946756344,-5.55834348884
1.14824559123,-5.45512392686
1.15143832955,-5.54127501684
1.14870848603,-4.54024448793
1.17225382214,-5.46762302267
1.17279341169,-5.2262641
1.17212178786,-5.34491598101
1.17224929273,-5.36564862498
1.17468191824,-5.41869226355
1.17246025629,-5.41088468688
1.17167222757,-5.50225150456
1.17436929888,-5.60967875911
1.17375267726,-5.37071606334
1.17152005025,-5.41075504565
1.17333291641,-5.43647613288
1.17003518077,-5.36035952356
1.17114421896,-5.43417609436
1.17293532639,-5.48715282404
1.17331899185,-5.56540022522
1.17066543413,-5.57206592595
1.17073400542,-5.591808241
1.17036240468,-5.52926098275
1.16995448605,-5.49788982136
1.17199767227,-5.60494604443
1.17176951836,-5.54308228456
1.16744759099,-5.58316683786
1.17014046951,-5.57489515913
1.17263406751,-5.64179376441
1.17100320887,-5.65200462377
1.17001362178,-5.71032976717
1.17098590343,-5.65043682302
1.16947995401,-5.64011410597
1.1720200263,-5.66781905318
1.17087601232,-5.5857754579
1.16999674385,-5.69338867724
1.16949168018,-5.67596506712
1.17363505942,-5.66448233576
1.17049965482,-5.65015733718
1.17073657558,-5.7166758661
1.17221175955,-5.70590189771
1.1734657023,-5.75583220613
1.17081681214,-5.73866030429
1.17422572964,-5.67133237505
1.17040424197,-5.70485093908
1.17243714688,-5.63593712187
1.17356563165,-5.73409516758
1.17511833383,-5.73281543744
1.17210091361,-5.77188964614
1.17536542492,-5.77099601987
1.17448339042,-5.78001731966
1.17436528104,-5.78512289226
1.17383140515,-5.7579179243
1.17295309083,-5.78143781554
1.17098638804,-5.80871627637
1.17497135792,-5.75170746841
1.17331949762,-5.76860243391
1.17198087354,-5.91025735576
1.17121151974,-5.79949116269
1.1724666293,-5.79502560059
1.17004368165,-5.77483336698
1.17428271029,-5.88651837497
1.17243516592,-5.82640015783
1.17066974555,-5.84634158202
1.17167462019,-5.80961596756
1.17322575911,-5.81239830057
1.17089848456,-5.87166416733
1.17109819231,-5.74204621207
1.17244852708,-5.80194432371
1.17211491495,-5.83999413844
1.17145227617,-5.87928352456
1.17312045646,-5.86321192842
1.16982361451,-5.84911176066
1.17083492345,-5.81587889651
1.17441710626,-5.89997925757
1.17154084444,-5.79684986258
1.1678940873,-5.78074680605
1.17210695627,-5.83087811172
1.17078571182,-5.84377323852
1.17121513381,-5.8756072602
1.16831092282,-5.86475461183
1.16879458233,-5.81056205226
1.16494742598,-5.84381769826
1.16837057577,-5.86771302022
1.16927969908,-5.88133265771
1.16841337084,-5.84486365756
1.16894491494,-5.89098789534
1.16905362411,-5.80599044771
1.16577900006,-5.82447189263
1.16982362344,-5.863066609
1.16969202196,-5.90749060199
1.16831585108,-5.87573955502
1.16800152037,-5.83409960825
1.17162609915,-5.84326746264
1.16684700675,-5.86514651166
1.16895040636,-5.90319215851
1.16918808585,-5.88560478544
1.17090954467,-5.87667992902
1.16957122483,-5.91339813323
1.17120692725,-5.86523906041
1.16827631294,-5.83617394662
1.17157635833,-5.97106683212
1.17148769179,-5.86561157841
1.17107235287,-5.87874028351
1.17016391901,-5.96374315114
1.17189091961,-5.90949130314
1.1709539642,-5.9064856491
1.17193629531,-5.92627535098
1.17221466126,-5.97234464392
1.17236884284,-5.92575283654
1.16918831496,-5.91719653469
1.17395844359,-5.99537798932
1.17228621205,-5.90900684649
1.17109127697,-5.88117290405
1.17198533546,-5.98906655553
1.17360458216,-5.99000014216
1.17157946916,-5.9844607348
1.17384648478,-5.95382635085
1.17332021065,-5.93565621915
1.17242567719,-5.92978141942
1.1730025286,-5.90740234486
1.17591304927,-5.91900545483
1.17089801725,-5.94666372621
1.17045456599,-5.95028926742
1.17205220092,-5.95449404637
1.17292093025,-5.81658500854
1.17466358026,-6.02457545735
1.17517429057,-6.00229217985
1.16996855829,-5.91191072118
1.17327986955,-5.91476516521
1.17611784157,-6.00126146192
1.1730006265,-5.86690170507
1.1728349827,-5.92009374603
1.17629291085,-6.03968700199
1.17380309686,-5.87727136527
1.17427189058,-5.91724030821
1.17544135666,-5.98077487906
1.17503916223,-6.02840998781
1.17365439552,-5.98632442573
1.17657239638,-5.86514312507
1.17625089267,-6.00566913062
1.17300837828,-5.93597286258
1.17449749591,-5.92437608696
1.17630027668,-5.9487322321
1.17396703166,-5.93375281706
1.17747723049,-5.9123161743
1.172768467,-19.1329315943
1.17363550269,-6.06535651701
1.17609847965,-5.8126368059
1.17880247651,-5.79957517422
1.17550744844,-5.98088103805
1.17535997137,-6.05725112052
1.17605358801,-6.19286815939
1.17627609293,-6.18366444345
1.20271798205,2.18290860666
1.18075161892,-5.93106389194
1.17370951153,-4.93676535195
1.1786199898,-5.26211766004
1.17825691669,-5.49093954279
1.17702964352,-5.62708237073
1.17578353575,-5.66842949249
1.17949462311,-5.72032110227
1.17837573041,-5.85418411313
1.18071256489,-6.04542289746
1.17874229439,-5.81499864218
1.17689005274,-5.87499580959
1.17680565844,-5.89194694246
1.18044275793,-5.91472948276
1.17752043869,-5.86954452522
1.17731585862,-5.88240139355
1.1781642749,-5.91437131989
1.17899197486,-5.92483415804
1.17746545897,-5.92066687983
1.18094998267,-5.98733539625
1.17743968825,-5.94570685447
1.17679757633,-5.91775549902
1.17796300656,-5.94855007204
1.17866060847,-5.80859986512
1.17570562104,-5.99413808167
1.17772540661,-5.90042828165
1.17708391723,-5.95390018962
1.17625013458,-5.86682767666
1.1753050485,-5.86763301679
1.17685756208,-5.97928243891
1.17282302524,-5.90064224176
1.17776293879,-5.89980402532
1.17764340457,-5.98030609034
1.17401745389,-5.84555227105
1.17450158362,-5.90785940551
1.17854132591,-5.90098365064
1.17544879756,-6.0065723511
1.17734531054,-5.85750553571
1.17835325298,-6.00016901622
1.17667938584,-5.9427695169
1.17561122134,-5.90110422551
1.18031237271,-6.01303413607
1.17731183411,-5.98314421792
1.17749697341,-5.94022060431
1.17797439694,-5.97391750439
1.17753878436,-6.00897895247
1.17657308617,-5.96404508013
1.18056723749,-5.94106559895
1.17699184543,-5.99064100234
1.17743060409,-6.0301254122
1.17888817822,-6.01231251239
1.17899653448,-5.97081316723
1.17483201465,-5.98094905322
1.17698908724,-5.89628321749
1.17742698186,-5.95196614273
1.17802170569,-5.92713010386
1.17824242417,-6.0033410642
1.17674025742,-5.96254414891
1.17453374937,-5.9950587307
1.17778877214,-5.91419740487
1.18007426448,-5.99259983733
1.17890235265,-6.04561960101
1.17703059163,-5.99223388579
1.17731291401,-5.91930869259
1.17583111478,-6.00455872288
1.17858227284,-6.01292497437
1.17713622565,-6.06043941845
1.17630588673,-6.01837463722
1.17589526783,-5.99653781331
1.17886924322,-5.97848025329
1.17734643056,-5.98584613147
1.17650807691,-5.96811504992
1.17680358,-5.97705188859
1.17754449597,-6.03829412272
1.17543937432,-5.94674014475
1.18061936497,-6.08376298978
1.17562467578,-6.07520203369
1.17638034713,-6.03907202263
1.17807069395,-6.06816025846
1.17713895696,-6.04149310875
1.1754115182,-6.01064905221
1.17671490932,-5.8997910196
1.17543226514,-6.00527320884
1.17752055832,-6.00828975931
1.17768361047,-6.05198933437
1.17544995567,-5.99392987308
1.17254825641,-5.98764718998
1.17715570548,-6.04634687558
1.17655828517,-6.01836844902
1.17498498274,-5.95564800463
1.17387222341,-5.89113113601
1.17533755333,-5.99288777403
1.17405402005,-5.92828615307
1.17539575401,-5.92606542281
1.17263822217,-5.84894484563
1.17385267757,-6.01660516249
1.17508502103,-5.93002811957
1.17778422987,-5.92043559714
1.17306277461,-5.9351826585
1.17454866878,-5.95592541937
1.17588986551,-6.04735652183
1.17608095838,-5.90342502658
1.17601705262,-5.99376504633
1.1788054532,-6.03816668759
1.17442496074,-5.94546947478
1.17651069694,-6.0075964074
1.17764707804,-5.96295028552
1.17704768423,-5.97496287299
1.1747545694,-6.02125097419
1.17778222912,-5.93562509085
1.1778929694,-6.07606913979
1.17883209527,-6.03910547236
1.17943345202,-5.99528700495
1.17847542823,-6.07867529342
1.17567912535,-6.01591978017
1.18043285161,-6.01952047054
1.17864994995,-6.00833996556
1.17822134125,-6.00269992524
1.1779999058,-6.00051583586
1.17997524066,-6.00596817264
1.17905561704,-6.03996242059
1.17910697321,-6.00285250502
1.17728563795,-5.99350662617
1.17665570593,-5.99169355872
1.17976028791,-5.99884948111
1.18186689824,-6.03364465089
1.17764288791,-6.01925931031
1.1798795914,-5.99169811395
1.17866929435,-5.99979532136
1.17893249302,-6.04429165394
1.17940513648,-6.00623186026
1.18415193463,-6.05166205691
1.17861324972,-5.97923117562
1.18246141785,-6.01096206472
1.181688323,-6.03041197298
1.18106215637,-5.98343721869
1.18066349904,-6.05085502486
1.18174656063,-6.04253686131
1.18158406467,-6.09854909538
1.18288573125,-6.06403622604
1.18359406825,-6.09005663564
1.18063930555,-6.033107727
1.1807781677,-6.07372819845
1.18482656452,-6.1116526643
1.18415843446,-6.08230805133
1.18220362703,-6.04466373983
1.18394062947,-6.04731534701
1.18386723821,-6.09041189073
1.18175327474,-6.04553624273
1.18435679545,-6.09268755207
1.18253980841,-6.05097566599
1.18276115443,-6.10665779105
1.18424357245,-6.10438002438
1.18522911238,-6.09392451003
1.25905089857,8.10459528419
1.18477087183,-8.88583543965
1.18429414317,-5.93874158399
1.18470357871,-5.11492052495
1.18540898454,-5.32134773503
1.18744728328,-5.62834600881
1.18339131901,-5.92497774897
1.18706937709,-6.12851154196
1.18735215491,-31.1307950291
1.19225177559,-6.34634044639
1.18594305572,-6.42107466497
1.18730306719,-6.52218742343
1.18730173621,-6.38727048685
1.19078810095,-6.25225066845
1.19268862063,-6.1137281589
1.18895083553,-6.09306444789
1.18771955024,-6.11134671726
1.19734303836,-7.01779664779
1.19175568088,-6.06313121004
1.19193453709,-6.07843391794
1.19081077437,-6.02146396921
1.19278106454,-6.07366242591
1.19146490484,-6.07148663364
1.19444514838,-5.95067476713
1.19134905444,-6.08932391697
1.19206115312,-6.0714958948
1.19522561372,-6.11352824774
1.19639050261,-6.0964822195
1.19112963407,-6.01137611609
1.19375402183,-6.08111622785
1.19446835419,-6.12223940351
1.1961565068,-6.08510371672
1.19647907441,-6.10029814864
1.19705504194,-6.08502688573
1.19427721251,-6.05737520335
1.19783520884,-6.15878758358
1.19839841923,-6.12570751491
1.19965239278,-6.13628395654
1.19842869603,-6.14406248734
1.2000916694,-6.15399576974
1.19763926662,-6.07914793667
1.20162182215,-6.1252504455
1.20313858854,-6.14310886167
1.20200946787,-6.12308157016
1.20193232071,-6.09328293356
1.20464721853,-6.1608583875
1.20456186411,-6.1832778247
1.20308991933,-6.1777105184
1.20458552081,-6.12296916047
1.20644687473,-6.11434329337
1.2052147733,-6.10236215153
1.20927322676,-6.17906365135
1.20540548238,-6.15556203411
1.20756437108,-6.12301280086
1.21173655084,-6.26469177993
1.21161969432,-6.20111845826
1.20841264878,-6.16849128864
1.21244898758,-6.19577821129
1.21264185909,-6.20869386133
1.21394936383,-6.26212254458
1.21325250581,-6.17743710322
1.21618139934,-6.20187996757
1.21272763609,-6.24618120644
1.21560008492,-6.27087003535
1.21649358873,-6.19588496826
1.21631163102,-6.22193672645
1.21664902022,-6.28500426628
1.21977959698,-6.20082381142
1.21778186381,-6.31103900893
1.22060921031,-6.21078933122
1.22153753742,-6.29289371874
1.2194243206,-6.22893152521
1.22218703829,-6.24263070701
1.22761183292,-6.32770631659
1.22473540618,-6.30208078432
1.2257004475,-6.35784448422
1.22708784728,-6.40038553163
1.2266424928,-6.27514361219
1.2272647419,-6.27662894312
1.2315495523,-6.32353554327
1.22989180505,-6.3204594943
1.2295552034,-6.32708416219
1.2333928258,-6.36530427669
1.2331787016,-6.35474213385
1.23078400555,-6.34627420626
1.23619250391,-6.34507367444
1.23460246231,-6.27701751669
1.23532110338,-6.33135173446
1.23776678214,-6.43004849502
1.23836416333,-6.36069536958
1.2354730905,-6.38741629356
1.23884862255,-6.35392509999
1.23949027363,-6.39418212442
1.23943494979,-6.45228234473
1.24225164822,-6.39309222642
1.24131018884,-6.39040307876
