1.10656577518,-0.574434209859
1.10658920504,-0.795294641832
1.11105398737,-0.782208923356
1.11221382279,-0.868938761039
1.11046366442,-0.791659266685
1.10972491204,-0.773226426128
1.11183955212,-0.674633628544
1.10975071495,-0.748757269316
1.112503491,-0.700804766334
1.10781716112,-0.395872748203
1.10837193653,-0.401711312054
1.11038265905,-0.407215530935
1.11195198982,-0.367630209106
1.10890381333,-0.380678783315
1.10933811087,-0.358342952571
1.10903097854,-0.374950997719
1.10743174545,-0.362084192852
1.10795956643,-0.356742024396
1.10947413751,-0.380290537936
1.10573822678,-0.363589855251
1.10752001524,-0.362289291097
1.10846811117,-0.36482959574
1.10726724294,-0.365191576297
1.10593741034,-0.335766405745
1.10677572428,-0.331227060846
1.10501765198,-0.350051671703
1.10790169946,-0.345946063348
1.10832664864,-0.325038505558
1.10626899186,-0.344845960901
1.10449081675,-0.348086743289
1.10771687186,-0.3214547402
1.10624096274,-0.342455764808
1.1042893447,-0.352117387568
1.10470826186,-0.327120304661
1.10382465071,-0.336065476384
1.10334675781,-0.322496011532
1.103718617,-0.320601450902
1.10065968149,-0.327838883928
1.09876346136,-0.302208005474
1.10199599599,-0.313005812859
1.10340446306,-0.346737043639
1.10029656149,-0.321908300444
1.10179728735,-0.311995217606
1.10110740192,-0.323777864241
1.10220665211,-0.314449619872
1.10320456125,-0.286687716318
1.10327522172,-0.31089107738
1.10341150721,-0.313866701518
1.10545505548,-0.311089061769
1.10747986051,-0.301972943106
1.10499836881,-0.291817857853
1.10405461079,-0.293444893613
1.10665139061,-0.315113115077
1.10546425303,-0.305128701146
1.10735269116,-0.289725551919
1.1067674007,-0.291698268174
1.10592544832,-0.288999618713
1.10504632781,-0.300310802638
1.10956589273,-0.281511659306
1.10688464468,-0.309382472113
1.10688746837,-0.299197030406
1.10788289453,-0.292413911564
1.10870945555,-0.296582131098
1.10759644681,-0.293385088432
1.11166167192,-0.280315199608
1.1072382326,-0.270122987473
1.1057345706,-0.282570921749
1.11044155204,-0.282755750133
1.11237508415,-0.2950995549
1.10943677947,-0.280737144253
1.1107529323,-0.279080518392
1.11218702061,-0.28457459456
1.11235327503,-0.28852155314
1.11167896352,-0.259987504277
1.11189636363,-0.267230128932
1.11036436714,-0.281114635725
1.11337069679,-0.276370609333
1.11187128491,-0.264016623851
1.10982252264,-0.249240751206
1.10922339643,-0.266511611225
1.110402583,-0.258758356044
1.10671722868,-0.261868819062
1.10928729575,-0.251012462866
1.1104284229,-0.266903262789
1.10888207699,-0.289108442095
1.10775670265,-0.263575808948
1.1096050856,-0.256261331281
1.10706819717,-0.264053169374
1.10797620788,-0.242312386315
1.10683366272,-0.27079360228
1.10630509746,-0.269781703326
1.10651585778,-0.251451198472
1.10890982988,-0.27084566279
1.10579380025,-0.267533530475
1.1052738189,-0.263478151037
1.1068936898,-0.246760461392
1.10825191866,-0.249516192551
1.10409009473,-0.256126449207
1.1060853909,-0.2333766553
1.10489623117,-0.258494526974
1.10430626174,-0.25917610741
1.10425569856,-0.268086485786
1.10294047184,-0.25250071798
1.10009391496,-0.247748736942
1.1038946085,-0.241326530003
1.10263660043,-0.253248722664
1.10135112243,-0.240328865807
1.10161935428,-0.257369687062
1.10172646926,-0.259074090195
1.09976588812,-0.247922342894
1.10310151326,-0.245578289952
1.1038813024,-0.257670184223
1.10040883384,-0.266440663377
1.10057394303,-0.264217059971
1.1037392446,-0.239871912028
1.10077915476,-0.256930070398
1.10060205992,-0.244423447267
1.09938853979,-0.275796437645
1.09911068836,-0.252043876894
1.10242811308,-0.247830332529
1.10262156161,-0.24280355858
1.10003878941,-0.260745862671
1.10106519498,-0.243210634434
1.10249563479,-0.236062366399
1.10227924564,-0.232312857626
1.09973609175,-0.232840192716
1.10172017765,-0.238257178116
1.10130286503,-0.220585606379
1.10129336688,-0.235102842029
1.10111428619,-0.213652516718
1.10078807022,-0.230663333078
1.09614300346,-0.240504035825
1.09991947603,-0.236867652807
1.10072487907,-0.241995934968
1.10015200923,-0.251551147607
1.09868896953,-0.228822947295
1.10046567061,-0.248179887974
1.09884503549,-0.235725985685
1.10100521995,-0.230789872636
1.09954459603,-0.243235087163
1.09904286529,-0.246177729946
1.10025582159,-0.242302112204
1.1000272015,-19.9041958912
1.10070524193,-1.30024698392
1.09930696035,-0.574037202751
1.09933796376,-0.421998409844
1.09905886457,-0.336729996093
1.09862706406,-0.287626796577
1.10014657797,-0.29028742963
1.09608883329,-0.306477764021
1.1266756366,12.4201253746
1.09700106796,0.577812900636
1.09787510176,0.214127350602
1.09395267078,0.0033643098911
1.09535451753,-0.0978953170094
1.09513454247,-0.156699413765
1.09587624254,-0.182375132824
1.09667852162,-0.17644378472
1.09567569399,-0.203105194213
1.09417528725,-0.103270254055
1.09824273347,-0.142522551696
1.09821794711,-0.20426811052
1.09752767357,-0.205779353562
1.10104652773,-0.212476704604
1.10208370646,-0.231431746765
1.09905528582,-0.216544397919
1.09847485554,-0.201165727527
1.09824354585,-0.231488645966
1.0968507614,-0.223139681008
1.0960226872,-0.224880730815
1.09745400886,-0.236701477062
1.09462940995,-0.205822261725
1.09581498897,-0.222272622094
1.09258476164,-0.223616275019
1.09291006543,-0.21393738327
1.09393926322,-0.226791361024
1.09653377314,-0.234062474318
1.09259583038,-0.216800916021
1.09335611107,-0.224642968337
1.09643018688,-0.235111066316
1.09476543351,-0.226316057515
1.09396749709,-0.213397406993
1.09647556638,-0.22418966063
1.09404717211,-0.228904363039
1.09504271863,-0.220778910563
1.09666000672,-0.233437812784
1.09585027622,-0.203125150131
1.09521625704,-0.203898496642
1.09735893499,-0.219215579672
1.09357390782,-0.244341929925
1.09107804372,-0.209060612085
1.0928267723,-0.206351948654
1.09170542007,-0.221705098135
1.08896057878,-0.229741983318
1.09064152139,-0.222768769581
1.08789698565,-0.229597854215
1.08580025291,-0.215557263528
1.08749007614,-0.218151672574
1.08983856251,-0.218987722732
1.0877782453,-0.217690136695
1.08759519811,-0.225563432275
1.0850429541,-0.227655822488
1.08625249431,-0.228771891836
1.0873275154,-0.20969735507
1.08776945774,-0.206567084642
1.08464297537,-0.202696279536
1.0874396577,-0.216159990679
1.0882143044,-0.204938413298
1.08818796777,-0.185854429957
1.08712476018,-0.20935055936
1.08762924286,-0.216228417154
1.08530274976,-0.217111888749
1.0880176057,-0.21794246566
1.08901015748,-0.208751348323
1.08700842307,-0.207267086981
1.08608182505,-0.226421726223
1.08951385823,-0.23530975802
1.08762918212,-0.220950741848
1.0881988561,-0.210940729971
1.08822183347,-0.197806000184
1.08686609904,-0.203336129386
1.08768969458,-0.208502022749
1.09050828114,-0.216318126446
1.08664204043,-0.196096423602
1.08510697557,-0.214545681467
1.08698236829,-0.201488594402
1.08802481381,-0.200270365228
1.08528487942,-0.208139443165
1.08734173451,-0.225916030475
1.08666445794,-0.220830821568
1.0864103135,-0.208163771201
1.0865787062,-0.199417937537
1.08613923678,-0.23081249802
1.08345468797,-0.229285965308
1.08686172688,-0.197355822295
1.08718967626,-0.215369505343
1.08696218218,-0.202430869074
1.08514450657,-0.201774467492
1.08486175341,-0.216449141754
1.08410814038,-0.21583801004
1.08619176395,-0.199755782011
1.08552505802,-0.188167778134
1.08362418944,-0.203775831781
1.08373200335,-0.192771190043
1.08683843076,-0.217028634128
1.08411186138,-0.195874280708
1.08410811991,-0.212872094916
1.08442885342,-0.203720525887
1.08415064602,-0.220208788815
1.08341897041,-0.207238624851
1.08606869031,-0.195551865158
1.08275583724,-0.204623278386
1.0825854734,-0.204766990007
1.08543861348,-0.226980792212
1.08361940636,-0.220059040274
1.08218927617,-0.212136590575
1.08442154296,-0.223759495611
1.08311589567,-0.204288236549
1.08365893768,-0.20062529796
1.08435243729,-0.197640402963
1.08388195173,-0.209764135977
1.07921761226,-0.208643309063
1.08292247551,-0.195704506893
1.08371821517,-0.204728501635
1.08394561789,-0.20967177643
1.08165910201,-0.203851155117
1.08225543361,-0.210328553971
1.07982265136,-0.195285188285
1.08277131756,-0.199827572331
1.08068227103,-0.213940911578
1.08134937757,-0.206026217625
1.08177769345,-0.212550705743
1.08546854229,-0.212036341718
1.08140914568,-0.209063327857
1.08159292001,-0.198891514478
1.08218404843,-0.222659474157
1.08226887482,-0.206028799152
1.08121340071,-0.214437340218
1.083086115,-0.213014415876
1.07926465836,-0.194628441249
1.08056210662,-0.227600608044
1.08120808717,-0.226369857202
1.08034954252,-0.214686307362
1.07965629773,-0.212303457621
1.0806760989,-0.203064248095
1.07876579266,-0.214214294161
1.08025173666,-0.212060809811
1.08096522532,-0.206084487143
1.08070205318,-0.215947185816
1.07673437514,-0.197226527054
1.08037184489,-0.203099058427
1.08110666211,-0.216374852742
1.08008734289,-0.202911931243
1.07949803633,-0.222285182807
1.0790284659,-0.206928557459
1.07774427418,-0.211900306595
1.07906343977,-0.206620437895
1.07769097547,-0.221661249545
1.07523706538,-0.214517746144
1.07806541566,-0.204933760825
1.07895557211,-0.197804319645
1.07599067586,-0.19328304721
1.07666384072,-0.211081119572
1.07675409563,-0.214688582472
1.10427017387,14.2124514494
1.07790235414,-2.63281567599
1.08056667286,-0.711534337253
1.0741019132,-0.317512987179
1.07540699754,-0.24181243328
1.07720761208,-0.215833311469
1.0774364072,-0.221930245789
1.07616859726,-0.215353714723
1.0788546799,-16.2633022333
1.07723291979,1.39835869752
1.07809571435,0.137548385519
1.08105470021,-0.0162993538885
1.07856472443,-0.109385431016
1.07601678215,-0.155592941372
1.07863756069,-0.145834497263
1.07748391509,-0.15568595125
1.07715262015,-0.172872314864
1.07578725755,-0.158670317192
1.07415331627,-0.123218298892
1.07423679385,-0.155845330275
1.07706095245,-0.18531857138
1.07352920469,-0.199509857799
1.07231455783,-0.212605876432
1.07483343432,-0.191446110438
1.07666762334,-0.191893461721
1.07418199337,-0.175099540009
1.07607167741,-0.188840977422
1.07318966303,-0.185270712226
1.07363796511,-0.19300713974
1.07545956428,-0.201580382031
1.07680636944,-0.189780680195
1.07375033308,-0.184184214188
1.07514869927,-0.189767976608
1.0762314028,-0.204019596459
1.07488540414,-0.181058747346
1.07299200909,-0.187228912696
1.0748248256,-0.206432036919
1.07215037079,-0.210018657291
1.07424244011,-0.186924626505
1.07269526833,-0.197496111759
1.07239224787,-0.185785740783
1.07001837164,-0.203581251372
1.07226805567,-0.199456824487
1.07047105801,-0.190207897108
1.0710600174,-0.203491577972
1.07069212362,-0.187554865288
1.06992100158,-0.191949099803
1.06993760829,-0.194419068611
1.0715345591,-0.191311901206
1.06903894854,-0.198029050158
1.06798506229,-0.201785735257
1.06964466128,-0.209764421809
1.06933370931,-0.224975789825
1.06757080363,-0.224035769396
1.06840918086,-0.195734129437
1.06816266387,-0.197830225549
1.06807002358,-0.219122174756
1.06638227425,-0.199079922239
1.06688150926,-0.212628480638
1.06379960987,-0.193663421204
1.06719402632,-0.206360828706
1.06701654337,-0.208004467493
1.0659363798,-0.180572439452
1.06640249143,-0.221121835814
1.06746476158,-0.20365644143
1.06335249766,-0.205079108716
1.06570783298,-0.193061738861
1.06749454392,-0.214818840416
1.06643618481,-0.210422346944
1.06516569871,-0.199324802468
1.06658983089,-0.210137787506
1.06633103728,-0.214584353942
1.06593561756,-0.188013502755
1.06619321708,-0.203066042854
1.06548754439,-0.215069306243
1.06598816932,-0.199622540542
1.06715657322,-0.203780580407
1.06521507218,-0.21783338812
1.06437770234,-0.215867448895
1.06659622764,-0.212514894068
1.0667116614,-0.201831234838
1.06410674113,-0.204094514693
1.06697214888,-0.2079570592
1.06550138716,-0.189250472236
1.06564950857,-0.203370580813
1.0663584603,-0.204069621593
1.0656791336,-0.212220653091
1.06258368964,-0.207293982247
1.06617945483,-0.221776263342
1.0663894404,-0.211507813526
1.06738893504,-0.200985959724
1.06795231874,-0.207360041456
1.06630303996,-0.212979114535
1.06372290927,-0.207992908248
1.06611068266,-0.206369018229
1.06772087639,-0.202051417316
1.07678643789,-0.570322787838
1.07570988831,-0.805900385355
1.08021051184,-0.899519937201
1.07752180139,-0.920584528799
1.07763657978,-0.883188491756
1.07686544291,-0.862676929133
1.07611303068,-0.78542437981
1.07752055638,-0.841629691086
1.08144798441,-0.825458415539
1.07893738551,-0.703819924246
1.07943180996,-0.675702636575
1.08102838192,-0.674180003394
1.08349884871,-0.651777216176
1.08260156456,-0.659908671656
1.08436963139,-0.664981668233
1.08166403087,-0.659885917145
1.08239872609,-0.65295646624
1.08430740916,-0.649797235559
1.08280161587,-0.654080512903
1.07891531302,-0.667031146429
1.08099569686,-0.629935220031
1.08088627631,-0.661407453789
1.08038774427,-0.643796460805
1.08090985092,-0.644158760447
1.08149481949,-0.646918157189
1.07910718801,-0.648154385886
1.08138224292,-0.625388128493
1.0798823876,-0.626272826599
1.07821351443,-0.657001109449
1.07931549064,-0.630466971235
1.0828676273,-0.614160722459
1.08359725365,-0.635614682266
1.08159032401,-0.62802047199
1.08278303174,-0.62767189081
1.08171320012,-0.633474257057
1.08222678856,-0.639225746431
1.08489527581,-0.625444321958
1.08264403565,-0.61782963768
1.08420730152,-0.641083575473
1.08328319072,-0.612478954154
1.08176182535,-0.623607642748
1.07995156236,-0.612332460436
1.08094766236,-0.614918653745
1.07916863579,-0.626209669915
1.07990789998,-0.621621988864
1.08121288395,-0.619962105638
1.07807493234,-0.598819821488
1.07670075883,-0.612106493505
1.081509399,-0.603629358251
1.08065631703,-0.621553525536
1.07921910031,-0.614982220025
1.08030734423,-0.611437511297
1.08148423013,-0.610006669206
1.07911919705,-0.61511362389
1.08185279711,-0.611304038059
1.08049546189,-0.606949362836
1.07782695158,-0.626629489435
1.08010472219,-0.60736500451
1.08219578256,-0.600603500212
1.0807340845,-0.589620432593
1.08220597118,-0.616267777769
1.08068058762,-0.606309191769
1.07913718012,-0.605199770689
1.07924158254,-0.584513382485
1.08337884238,-0.604749920904
1.07917776945,-0.609775156496
1.08130181474,-0.60040078433
1.08178799409,-0.578579644819
1.08179654837,-0.612295191931
1.07884582918,-0.591634640054
1.07974169646,-0.581806689272
1.07866438114,-0.613135546105
1.08208600055,-0.594802977859
1.08222066698,-0.594833804799
1.08037649202,-0.592104201316
1.08010602692,-0.607508834417
1.08240815187,-0.602611560364
1.07915112214,-0.596583915949
1.08018632371,-0.580836417187
1.08206848929,-0.589144592885
1.08113767126,-0.600672965168
1.07924950905,-0.589335636905
1.08225264248,-0.577297886091
1.08109011915,-0.591971898914
1.07940675531,-0.598739909654
1.07924686653,-0.576661757694
1.08239953025,-0.593554646652
1.08170833567,-0.592518143366
1.08307992757,-0.570086828682
1.08128275614,-0.582229478144
1.08201034282,-0.577485064724
1.08439559973,-0.570474791345
1.08581860483,-0.575919688927
1.08306428297,-0.575344100965
1.08596867617,-0.580081563124
1.0878948551,-0.588381918507
1.08738283297,-0.564948627707
1.08501055922,-0.581010885302
1.08515984602,-0.565791382554
1.0835278806,-0.57517983086
1.08716817559,-0.57316105128
1.08717223786,-0.5786450848
1.08523487256,-0.565703531818
1.0842498749,-0.570086386229
1.08515431999,-0.569010500867
1.08455568211,-0.561743714227
1.08688551798,-0.564760200029
1.08633437877,-0.55751741188
1.08579544846,-0.595730995119
1.08540383359,-0.578710650071
1.08852568983,-0.561464898094
1.08644353554,-0.56710610767
1.08475864289,-0.579450010974
1.08712673439,-0.565616431814
1.08789498425,-0.577926376214
1.08714499036,-0.556849418373
1.08914944003,-0.571574966001
1.08675358986,-0.577102328051
1.08620718235,-0.55861094629
1.08711732119,-0.541395409429
1.08752399296,-0.549881796133
1.08334824889,-0.558767945195
1.08506869285,-0.556174995973
1.08399656031,-0.557927367183
1.08388937659,-0.549258022591
1.08330083024,-0.551078701594
1.08213880566,-0.557374011277
1.08102785686,-0.564404218443
1.08369866117,-0.563355544365
1.08471281131,-0.548670244823
1.08372206719,-0.547679861928
1.08230138945,-0.543753630352
1.08498313828,-0.567927296242
1.08355387932,-0.560375563998
1.08323854225,-0.5608680016
1.08368214684,-0.558873186222
1.08365486935,-0.547928179686
1.08413739759,-0.541092262932
1.08592382451,-0.543669244043
1.08308249139,-0.558789311246
1.0841686319,-0.560203246523
1.08496330304,-0.565224816356
1.08525125408,-3.23238378006
1.08477025243,-0.538200835976
1.0873703088,-0.439043577323
1.084931397,-0.478565946
1.08459118854,-0.50627452951
1.08491264528,-0.552382093027
1.08685650409,-0.576652229433
1.08200414696,-0.586827438967
1.08618486455,0.472691738892
1.08394762663,-0.663819704486
1.08348770402,-0.353835426993
1.08298505833,-0.371000735336
1.08311998085,-0.423627966304
1.08266627489,-0.50693608616
1.08439753187,-0.503522504111
1.0836633019,-0.507083595611
1.08334307891,-0.539259420829
1.08303436515,-0.440315064
1.08666707558,-0.502600623204
1.08485062698,-0.527892126724
1.08605746016,-0.523085999528
1.08604996215,-0.537202245648
1.08462782686,-0.53874133595
1.08480636114,-0.525189014709
1.08678603088,-0.533609990287
1.08449855762,-0.547712554384
1.08453286547,-0.530396988691
1.08528804533,-0.532831864202
1.08264929343,-0.527957518716
1.08379532294,-0.535045509627
1.0841651713,-0.537675895924
1.08126853332,-0.535041000756
1.08085398576,-0.538506810018
1.08237736436,-0.539107178779
1.08272205867,-0.527839971966
1.07830303204,-0.539219486572
1.08203243039,-0.539715754018
1.08238505937,-0.541386983189
1.08089617373,-0.539494883784
1.080577096,-0.529651636472
1.08209013686,-0.554195816822
1.08067597171,-0.549789857252
1.08299363677,-0.547424024988
1.08262255381,-0.546554571124
1.07974857875,-0.543272869899
1.08161647372,-0.548194947172
1.08346062854,-0.540240161539
1.08364682486,-0.552924604898
1.08437430829,-0.540614816407
1.08390698032,-0.554345479079
1.08167805639,-0.551217762365
1.08197755423,-0.539169872733
1.08526809693,-0.543105121711
1.08191545437,-0.532151185053
1.08446712938,-0.539174468606
1.08329663787,-0.536875676503
1.08433082539,-0.532457504374
1.08478760698,-0.538135041935
1.08559928777,-0.516431887322
1.0827088033,-0.539235527552
1.0849627237,-0.522114571102
1.08774760738,-0.550558337878
1.08628758775,-0.548489624161
1.08370714481,-0.548388435781
1.08628227454,-0.540536234576
1.08454970536,-0.539669126777
1.0863513943,-0.54617942082
1.08643463181,-0.52893008085
1.08501352893,-0.544025819324
1.08378131409,-0.542379895111
1.08820430478,-0.532782766655
1.08641950724,-0.537535918762
1.08477643379,-0.535346169832
1.08505125613,-0.531546314371
1.08726592709,-0.530884600933
1.08610763719,-0.529483193836
1.08855827464,-0.530979261806
1.08558468763,-0.527133375034
1.08552717564,-0.521234021266
1.08600027252,-0.525588794399
1.08709343646,-0.524028018869
1.08531811817,-0.524532627265
1.08519493366,-0.531825729663
1.08685250324,-0.521129961153
1.08765677515,-0.529129565799
1.08644768821,-0.527395123271
1.08735360156,-0.545401737703
1.08453523978,-0.539193821657
1.08761617617,-0.53253102362
1.08852689567,-0.540660140203
1.08930900083,-0.531450389636
1.08627044895,-0.530433834672
1.08956847988,-0.526094519909
1.08899628617,-0.546511977913
1.0888397634,-0.53424559208
1.08936757234,-0.533107678291
1.0885913025,-0.539749966633
1.08769181752,-0.530388417164
1.091081847,-0.509263056898
1.08896599222,-0.512406021317
1.08687005065,-0.521231730914
1.08743472332,-0.520810884673
1.09036053212,-0.524210670236
1.08750593793,-0.524735257218
1.08885747166,-0.534620260158
1.08951792817,-0.538931379125
1.08948608196,-0.531834856851
1.08879846798,-0.503264423781
1.08802005247,-0.526295006698
1.0872854658,-0.557668569717
1.08832471775,-0.520394510061
1.08959648973,-0.524892123005
1.08850564467,-0.54349422216
1.0897093512,-0.536313433536
1.09095109347,-0.536353560839
1.08575598792,-0.531651852573
1.08812021742,-0.533336726555
1.0891907779,-0.524550138655
1.0887269408,-0.532658513139
1.08850093279,-0.535833418473
1.09017754917,-0.527803940687
1.08772953934,-0.503152376963
1.08791569933,-0.532615396877
1.08851274572,-0.529475881922
1.08815235035,-0.55410488369
1.08764927004,-0.518359991506
1.09192262701,-0.536698786113
1.08773642827,-0.517385504672
1.08624902976,-0.502481533275
1.08656996248,-0.530621349095
1.08944900685,-0.546825613882
1.08695843208,-0.531815597108
1.08964267817,-0.507229151189
1.08976034197,-0.538349087613
1.08934920039,-0.526730880669
1.09173274201,-0.51448056586
1.09328880216,-0.524681946477
1.09238524674,-0.523228939036
1.09384639702,-0.51823823005
1.09412259313,-0.519521430477
1.0955997637,-0.518134522257
1.09538461261,-0.528105802569
1.0943818509,-0.527485031206
1.0905055378,-0.52123671812
1.09304974362,-0.504153331175
1.09287212541,-0.501467076993
1.09134024065,-0.501415219682
1.08930991094,-0.515609955709
1.09411430355,-0.496192287597
1.0918617169,-0.511436928929
1.09319375549,-0.522616427231
1.09173531074,-0.524093235089
1.09108309845,-0.504714530144
1.09289152454,-0.505472096077
1.09697003941,-0.525681220234
1.09470022851,-0.513695773128
1.0948308924,-0.505900259631
1.09603308257,-0.516084147008
1.09613785007,-0.516433290967
1.09465490239,-0.484333065583
1.0974483916,-0.505427895614
1.09560962998,-0.499500637595
1.104105311,4.71702753942
1.09692264998,-1.05792640631
1.09373241215,-0.29158885642
1.08843514088,-0.191090434568
1.08983587129,-0.293143181057
1.09022416379,-0.376328378038
1.09093996899,-0.440607430485
1.08997520471,-0.513342065761
1.08794451133,-5.91951105094
1.08570685251,-0.354465634448
1.09001929649,-0.74674068695
1.09072188,-0.692493082596
1.08953683418,-0.645787777114
1.09030558214,-0.583500721859
1.09178112767,-0.530186858312
1.09119541015,-0.525467585278
1.09178585876,-0.5233164504
1.09210247514,-0.585316563823
1.08838547765,-0.475123165702
1.08981217698,-0.510962803153
1.09310850371,-0.528057205145
1.08975589648,-0.512394195204
1.09065599316,-0.513629690444
1.09044612777,-0.525438926481
1.09061603644,-0.5268992972
1.08942330737,-0.496002715723
1.09172568699,-0.528386844129
1.08990749813,-0.508822914071
1.09159875711,-0.516269743762
1.09211538335,-0.515390842341
1.08955772845,-0.498484552211
1.08653493144,-0.500551652919
1.09038184404,-0.509391204616
1.0901900779,-0.514137435647
1.09212753355,-0.526414254085
1.09175288054,-0.514803859389
1.09078030093,-0.505863498602
1.08953786561,-0.52429699719
1.09055088983,-0.512281877002
1.0895110006,-0.525259016612
1.09016907771,-0.522906853329
1.09000691595,-0.504675902952
1.09015295891,-0.506888617656
1.08943612122,-0.507208296565
1.09159644221,-0.532739830998
1.08834167277,-0.520877302857
1.08811552676,-0.527698867518
1.08992010612,-0.507618600301
1.09140869661,-0.51903559541
1.08774961962,-0.505286342725
1.08948813569,-0.50250536216
1.08995343744,-0.505504642368
1.08954006374,-0.534557040436
1.08961541128,-0.517900553658
1.08986135182,-0.509359014622
1.08840771539,-0.522206516515
1.08892443264,-0.506234936948
1.0897788957,-0.523083038843
1.08975491662,-0.526320905463
1.0895951113,-0.502877299834
1.09025678971,-0.512571405585
1.08827544913,-0.517196941125
1.08826106509,-0.490217028736
1.09033708802,-0.523016861907
1.0911755878,-0.522447247182
1.08717523115,-0.523856785381
1.08891616105,-0.51587145306
1.08753864536,-0.507830983444
1.08820796851,-0.522887584859
1.08830491344,-0.496545611076
1.09085657475,-0.522368771306
1.08912286933,-0.514163026178
1.08939256391,-0.499409701935
1.08864867537,-0.524797301688
1.08687410955,-0.522096781452
1.09038032022,-0.528080135396
1.09023321036,-0.504980142683
1.08734723996,-0.519316759344
1.08908429233,-0.533404374078
1.09039171703,-0.526631399203
1.09057574331,-0.512880077969
1.08990479658,-0.509540930725
1.09163264111,-0.512158264892
1.08777808669,-0.523085351666
1.09057460328,-0.529841673011
1.09164779276,-0.519067085979
1.09001127902,-0.507425787648
1.08993563962,-0.528330063616
1.09180835367,-0.504823658225
1.09046554137,-0.534127924828
1.09075859399,-0.505749504728
1.09260511066,-0.513209793469
1.09046679712,-0.519359252797
1.08995871528,-0.513692727974
1.09270442509,-0.509118603124
1.09246507906,-0.536628992795
1.0772670121,-0.480101411516
1.08061395252,-0.624981001682
1.08228710658,-0.598247449474
1.08157599064,-0.655169152386
1.08319211575,-0.608359476982
1.08067846854,-0.620672464165
1.07992814846,-0.572836449573
1.08177387935,-0.60279157855
1.08341304396,-0.562799550199
1.07940553,-0.626271889105
1.08136445464,-0.578263121654
1.08088364734,-0.586174263438
1.08263447267,-0.557163916503
1.08227550189,-0.553207314986
1.08261270842,-0.565111075433
1.0805971116,-0.56402436973
1.08184432928,-0.539928985636
1.08365865547,-0.548403089448
1.08098997578,-0.529459997147
1.07943196114,-0.530032020891
1.08463424681,-0.53521528658
1.08272935544,-0.543732186457
1.08334056215,-0.529457023553
1.0816129481,-0.524289023523
1.08191845996,-0.545197665852
1.0814382239,-0.514601549422
1.08471477363,-0.544834337951
1.08390706503,-0.527306545198
1.08279806009,-0.529955952059
1.08267733687,-0.538208724709
1.0825387739,-0.509801139759
1.08202633895,-0.527562601047
1.08413280486,-0.516792968114
1.08199378081,-0.518427503674
1.08258561146,-0.521887550545
1.08320866033,-0.512350572614
1.08386772962,-0.538491516579
1.08007582331,-0.522442973226
1.08175666897,-0.519034012017
1.08293864238,-0.523768118944
1.0822093011,-0.507274966404
1.08246950061,-0.514918043597
1.0804539099,-0.49800839044
1.0802092022,-0.505900731424
1.08301942524,-0.50696569775
1.08216210055,-0.502034973011
1.08038036272,-0.496627749833
1.08023922432,-0.510947758951
1.08485471773,-0.48897747358
1.08128409358,-0.504183039405
1.08327074364,-0.501751411109
1.08355076541,-0.503230172132
1.08233907137,-0.483064473919
1.08190736813,-0.494872939968
1.08407934424,-0.48729992291
1.08345023879,-0.511584906195
1.08441750588,-0.500462069641
1.08494019064,-0.493797388419
1.08369036809,-0.48547054499
1.08316920411,-0.484749105356
1.084496836,-0.468003232192
1.08277981268,-0.486707451069
1.08389175992,-0.481362964059
1.08451292876,-0.472668220456
1.08631622108,-0.482156877584
1.08151401029,-0.489251312334
1.08388937131,-0.483737414078
1.0827721421,-0.470894666079
1.08392076894,-0.491105131796
1.08473229883,-0.477090714279
1.08331988103,-0.465495104939
1.08181988354,-0.497605281992
1.08422020354,-0.481360146039
1.08338034891,-0.475885924235
1.08273476631,-0.482781902479
1.08289516941,-0.486692030359
1.0849627202,-0.487361588402
1.08319261198,-0.473259445245
1.08648239633,-0.465663346202
1.08459106823,-0.470625112028
1.08201843526,-0.464088239542
1.08269919297,-0.45720573475
1.0864855192,-0.464818618129
1.08437300817,-0.496048053395
1.08537559417,-0.470119565413
1.08411757344,-0.471745418086
1.08528691607,-0.486331912895
1.08561469801,-0.486862232959
1.0860636572,-0.465023321112
1.08359896707,-0.479120087309
1.08664595128,-0.466701399113
1.08882128222,-0.45906724778
1.08951722996,-0.472065067884
1.08629462991,-0.467930444104
1.08669309317,-0.474318075804
1.08553314573,-0.456823818996
1.08746439671,-0.466794150202
1.08795722981,-0.461172503274
1.08676579508,-0.480362806808
1.08413021633,-0.464312353898
1.08760474241,-0.438963222771
1.08626115747,-0.457071467116
1.08482252818,-0.460523045391
1.08420910758,-0.453378504582
1.08602816422,-0.459434736801
1.08640747027,-0.47352179226
1.0885280621,-0.459367073568
1.08535691657,-0.460768776834
1.08343824077,-0.466736190745
1.08458746429,-0.461901618648
1.08718916631,-0.450768302228
1.08627478679,-0.473556736421
1.08687102829,-0.459420039283
1.0882817251,-0.447541348999
1.08892235624,-0.458982642365
1.09141120531,-0.452167996944
1.09305026572,-0.45172502034
1.09054119511,-0.460652827523
1.09111104958,-0.442178749833
1.09229009313,-0.448772315074
1.09262197076,-0.441495075097
1.08999882424,-0.447008948456
1.0902339548,-0.449614918681
1.08829007362,-0.456727188869
1.08877311272,-0.45972473631
1.08743859898,-0.450459627484
1.08683193112,-0.436387452452
1.08764720087,-0.462559761394
1.09076999971,-0.450134490455
1.08751576644,-0.461269672794
1.0849710698,-0.447996262356
1.08675005103,-0.470569633057
1.08873759061,-0.433612332644
1.08715625472,-0.45194047913
1.09068127427,-0.468244164067
1.08931816606,-0.464427389739
1.08782133443,-0.453682895227
1.08800186782,-0.455973249705
1.08778578651,-0.43449241448
1.0868471469,-0.446727904126
1.09086826851,-0.463679272025
1.08954052541,-0.444201695371
1.08870105719,-3.47121078221
1.08772913416,-0.449534563674
1.08730203656,-0.310351607292
1.08209368659,-0.324392559195
1.08365627045,-0.388228640627
1.08408260228,-0.445496928148
1.08367752652,-0.487541466511
1.08147044184,-0.469055959116
1.08527955938,0.478211980877
1.08180703333,-0.730450815214
1.08301652304,-0.313587192583
1.0821148721,-0.306154985773
1.08110351357,-0.337938719987
1.08300335859,-0.384539380191
1.08381701715,-0.39123337404
1.08199298343,-0.398655511776
1.08260941684,-0.424216711913
1.08241518615,-0.439576500962
1.08292494565,-0.420762356777
1.08026606266,-0.430322125086
1.08564976197,-0.435859754965
1.08244149193,-0.435009985838
1.08192709133,-0.418376555417
1.08146642835,-0.42067043548
1.08076848007,-0.410326407742
1.07899816242,-0.420568955741
1.08065681929,-0.428832781309
1.08102872695,-0.426222025148
1.08153363721,-0.434534401818
1.08231630754,-0.42218609777
1.08080278042,-0.413135793395
1.07866065265,-0.416050854496
1.08065072025,-0.394848883802
1.08251385714,-0.423971778688
1.08201011735,-0.441267125449
1.07979741664,-0.409333777803
1.08336159964,-0.428455563111
1.0817386735,-0.416790388386
1.08398484952,-0.426431596012
1.08268639941,-0.430095012162
1.081110991,-0.443982959663
1.08129885377,-0.43842183632
1.08410135857,-0.433724016565
1.08220512054,-0.436228437455
1.0823402207,-0.399062269707
1.08266790864,-0.440651744955
1.08076802244,-0.44586277237
1.08070852655,-0.422776050382
1.08441740541,-0.421188761283
1.08211277257,-0.417549276066
1.08147461422,-0.432909959946
1.08312332725,-0.424124853987
1.08205405353,-0.404696691037
1.08016300809,-0.427047567173
1.08265877464,-0.426642229017
1.08205981174,-0.425702571955
1.08303607315,-0.415155759549
1.08497464518,-0.411319115612
1.08429530074,-0.409329550915
1.08203409904,-0.431628557159
1.08398875954,-0.419663448931
1.08506248683,-0.417462181464
1.08558225914,-0.435103778315
1.08459997383,-0.425857365243
1.0849163398,-0.421686002096
1.08473554003,-0.430123292521
1.08568128211,-0.430092601216
1.08546003195,-0.427745091722
1.08361636923,-0.440011057548
1.08469901004,-0.41434866031
1.08829115174,-0.439584619257
1.08486129888,-0.431430101584
1.08466505344,-0.421315130995
1.08400386428,-0.433361904115
1.08583587122,-0.42251405508
1.08615532823,-0.437169395851
1.08735497201,-0.417806609593
1.08331099384,-0.409495394817
1.08488747208,-0.430490754306
1.08548586536,-0.417610088704
1.0849979301,-0.412350696159
1.08243993734,-0.44663542723
1.08409073954,-0.431981209894
1.08147965284,-0.426184450832
1.08142827931,-0.414161905413
1.08333887692,-0.423968208651
1.08130384526,-0.416752429389
1.07837841317,-0.407583361026
1.08116932038,-0.407129761619
1.08104581319,-0.421129651564
1.08012105374,-0.439789168197
1.07896267366,-0.436639339259
1.08014026428,-0.422246091759
1.08032739071,-0.440818111051
1.08229393937,-0.42174104404
1.07962785253,-0.419083064463
1.0790515833,-0.410225837605
1.08033906569,-0.439099268542
1.08394751195,-0.43082662392
1.08025468886,-0.438496931885
1.08055100931,-0.433495705408
1.08229350449,-0.427153953331
1.08197481402,-0.421324879206
1.08177108194,-0.429291344846
1.08052846163,-0.404173798576
1.07966277635,-0.436066683682
1.0801544642,-0.422180381766
1.08044733331,-0.418837758505
1.07912356988,-0.412293117839
1.07969045058,-0.434779491558
1.0818800843,-0.441362799646
1.07862339152,-0.430990452403
1.07875650651,-0.407407615448
1.08045047909,-0.419478867044
1.08084818391,-0.432761868823
1.07774036815,-0.420966723439
1.08209037102,-0.405266178999
1.08175724829,-0.421092914878
1.07901877907,-0.433017893097
1.07760706689,-0.426815732634
1.07961392595,-0.426178154916
1.07824482184,-0.432276523089
1.08058161762,-0.430509014257
1.07967077653,-0.422284849453
1.07622383891,-0.420050856981
1.07797770092,-0.430480055797
1.07801397924,-0.432959459068
1.0764174645,-0.431482992217
1.07868941405,-0.44318047355
1.07770135824,-0.424979314011
1.07830945896,-0.415305040047
1.07815176194,-0.422202986005
1.07936462586,-0.427251394153
1.07612311232,-0.421522323034
1.0783667885,-0.423464113284
1.07894829009,-0.434055715808
1.08002558172,-0.443315951317
1.07929768938,-0.41114981562
1.07995418087,-0.417459078375
1.07773890247,-0.428705397582
1.07990209413,-0.41451634259
1.08022727415,-0.426829456424
1.07780582541,-0.435271922579
1.07637643066,-0.428719844945
1.08129776785,-0.414164977753
1.07846042397,-0.407247786854
1.07730287226,-0.441873715978
1.07574515917,-0.426195968606
1.07664260527,-0.428242012432
1.07551938038,-0.431937065948
1.07951501944,-0.426665096419
1.07728266911,-0.412741309496
1.07435297986,-0.41265962596
1.0759740312,-0.430434205963
1.07615302774,-0.432231263553
1.07385436571,-0.432070962567
1.07525365769,-0.411142680351
1.0742308013,-0.418897052996
1.07602336969,-0.421222160338
1.07739976946,-0.430439738157
1.07514420183,-0.405533095832
1.07242741904,-0.418230585488
1.08226419428,3.67406488539
1.07646507181,-1.04825910455
1.07521451796,-0.319625945842
1.07539665379,-0.190628830619
1.07621798916,-0.202559133651
1.07329232392,-0.28337038871
1.07620020329,-0.337736257083
1.07635535743,-0.391088112276
1.07566699657,-6.15228035706
1.07444299148,-0.320173938789
1.077074945,-0.63826481938
1.0769692454,-0.607407313431
1.07455818653,-0.522677644203
1.07456220209,-0.485811269616
1.07434039741,-0.442991221428
1.07338390796,-0.442294938982
1.07815346855,-0.436167500949
1.07504153494,-0.419872658165
1.07347355402,-0.422738716795
1.07682322135,-0.431294214185
1.07636277775,-0.427187397628
1.07219713168,-0.425321722907
1.07336834676,-0.412902318118
1.07467048222,-0.41563169674
1.07495975671,-0.441706395168
1.07593350535,-0.403696601215
1.07468612846,-0.415834862744
1.0720492391,-0.415049139828
1.07474668988,-0.417030155748
1.0733836554,-0.412455203225
1.07317252517,-0.41201738216
1.0745086873,-0.435314044025
1.07632219061,-0.425874562966
1.07328487492,-0.434094353523
1.07550917807,-0.426286883646
1.07450886092,-0.420163398846
1.0735453855,-0.42247845459
1.07353157577,-0.403321495711
1.07521126375,-0.423139771797
1.07367265096,-0.418657450001
1.07530167991,-0.425055547855
1.0741388734,-0.420064398405
1.07317062873,-0.416600540494
1.07391904073,-0.404668114251
1.07598964832,-0.405467143254
1.0724122765,-0.451833330249
1.07355297577,-0.416038630981
1.07388541191,-0.41091238209
1.0754215469,-0.420156847586
1.07040853256,-0.403463063402
1.0740910569,-0.400299928023
1.07306558115,-0.42003067641
1.07559587876,-0.439126928327
1.07735140738,-0.438425184433
1.07995871942,-0.43222394586
1.07970992227,-0.420952996318
1.08259233573,-0.425461287198
1.08328822245,-0.421666983396
1.0827989751,-0.406724266932
1.08415401346,-0.425202888806
1.08447041934,-0.422165911928
1.08364029403,-0.437227808764
1.08514140854,-0.41307833297
1.08151186595,-0.399803363894
1.08105377237,-0.424322816656
1.07826220622,-0.40426917338
1.08104639818,-0.41948127771
1.07788065771,-0.432390839584
1.07944396557,-0.423663444792
1.07813357506,-0.42014425415
1.0771116209,-0.403690572022
1.07967618591,-0.431940267896
1.08208490383,-0.418570747794
1.07751965335,-0.414925303487
1.07857431632,-0.417824323419
1.08212864264,-0.426049896442
1.0818906408,-0.419962696398
1.08132912719,-0.423632753778
1.08304378859,-0.438484241239
1.0815839338,-0.434864798214
1.08166125603,-0.40892436119
1.08386751493,-0.422204182411
1.0824000331,-0.405438129831
1.07859429575,-0.445813941377
1.07827369612,-0.429131614116
1.07650690741,-0.44540924183
1.07298750679,-0.433104001791
1.07170372555,-0.436854778901
1.0708054095,-0.414043061398
1.0699462168,-0.420818890808
1.07262764989,-0.446207635454
1.07035749018,-0.444143839426
1.06787204484,-0.453098912131
1.06690308075,-0.440028707284
1.06800348943,-0.446196773073
1.06777113126,-0.444474716979
1.07138630443,-0.495715199166
1.07436210419,-0.645902153578
1.07293474405,-0.553200134014
1.0736402019,-0.664296269733
1.07547223119,-0.636328707719
1.07203151118,-0.630200568223
1.07351319788,-0.581407147333
1.07613345866,-0.629485380353
1.07545603532,-0.594968015936
1.07181727708,-0.510402935698
1.07406387958,-0.542724236141
1.07264972636,-0.53538063639
1.07488000238,-0.521882887277
1.07541320099,-0.498968806138
1.07407348536,-0.518644107362
1.07233229214,-0.521723183557
1.07618097021,-0.509065653306
1.07398377442,-0.508786508046
1.07353319667,-0.511365005168
1.07295430966,-0.506532459418
1.07392345148,-0.490083403615
1.07256344968,-0.509367094595
1.07529433384,-0.508759078815
1.07406858774,-0.517199353514
1.07312607558,-0.507009345215
1.0718275921,-0.514006283572
1.07251577587,-0.486957108146
1.07149643509,-0.488484471915
1.07313361796,-0.509687005921
1.07124632014,-0.48518811065
1.07258135189,-0.474173157768
1.07311437332,-0.484128379374
1.07400906256,-0.477836291181
1.06852662917,-0.488224034337
1.07249154352,-0.49232540764
1.07461094886,-0.495366034613
1.07404862197,-0.479717762843
1.07235429937,-0.482741630632
1.07308767635,-0.490691143691
1.07152729694,-0.47814861322
1.07401962689,-0.49090076641
1.07437350694,-0.484602736484
1.07333541501,-0.479354922514
1.07240095893,-0.467952509496
1.07535491736,-0.457081948415
1.07322802028,-0.485132423655
1.0719224811,-0.466869043329
1.07296316362,-0.494580136908
1.07355610213,-0.483040387909
1.07133811844,-0.483845809391
1.07412106217,-0.478764221046
1.07244598303,-0.461582287741
1.07222905609,-0.480387888736
1.07248162273,-0.47654709635
1.07178379669,-0.452838641951
1.072064102,-0.468543551231
1.07163367411,-0.461866903412
1.07050773488,-0.451361568389
1.07046237255,-0.46218051399
1.07393230306,-0.466058107952
1.07348816022,-0.448083501505
1.06938317047,-0.467177827051
1.07132595297,-0.464159011285
1.07250447949,-0.46704950706
1.07176910023,-0.464157102925
1.07144524264,-0.458519528741
1.07322985067,-0.454080650334
1.07102114538,-0.467792544621
1.07332182361,-0.458276884417
1.07308170822,-0.462449747979
1.06987297894,-0.445759632543
1.07012005929,-0.471708430136
1.073708579,-0.450901093575
1.07071774084,-0.454519187778
1.07260397855,-0.468586123462
1.07192544039,-0.441744216334
1.07083526197,-0.455093825757
1.07030890829,-0.444438791023
1.07301710628,-0.440418941882
1.07061386624,-0.451242896559
1.07056646738,-0.451465554998
1.07138576594,-0.444192546356
1.07244354723,-0.459316766641
1.07038720789,-0.457679135029
1.07039917884,-0.45925269287
1.06893553205,-0.457902666109
1.06982688993,-0.431965774954
1.07212132673,-0.447067406851
1.07255151456,-0.443379796179
1.06819534672,-0.439843374895
1.06948500817,-0.45215246528
1.0683397091,-0.437336815554
1.06921016986,-0.439598847156
1.06947695313,-0.428608595959
1.07072537256,-0.453853179919
1.06962071902,-0.448436704066
1.07104457474,-0.447840538259
1.07174795779,-0.4284476044
1.06738439325,-0.43592919192
1.06806384003,-0.448102388847
1.07207096591,-0.441962023885
1.07017049904,-0.462872394164
1.06978834148,-0.442626892614
1.07018155582,-0.438776707196
1.06870289601,-0.439278187932
1.06919867897,-0.436545154798
1.07132840594,-0.436397183116
1.07002661317,-0.440996367554
1.06916746568,-0.45418667695
1.07136397034,-0.457570786963
1.07156508563,-0.442817590148
1.06944247606,-0.439707876108
1.07098609453,-0.448176521347
1.0696673737,-0.450361232942
1.06985198699,-0.436603909642
1.07279759781,-0.451687958328
1.07129024897,-0.440046666921
1.06931360434,-0.453665838553
1.07098732451,-0.44826294975
1.07076005111,-0.436789124623
1.06739497659,-0.419423869061
1.06820983763,-0.446758172089
1.06879857238,-0.430671723808
1.06881127648,-0.433809997998
1.0719885007,-0.44915480403
1.06942429535,-0.415504901257
1.06751242162,-0.443755593027
1.06731951023,-0.455067771834
1.07106574632,-0.434266286846
1.06707658449,-0.405893957433
1.06932733861,-0.42173820849
1.07156654658,-0.443443472857
1.06985990439,-0.424936723257
1.06775376641,-0.420206647748
1.06995058054,-0.431887871513
1.06848573017,-0.436352271563
1.0696136855,-0.420313565623
1.07074186145,-0.445078552283
1.06935534322,-0.432428336881
1.06933897264,-0.453519405079
1.06857036261,-0.433285735312
1.06612314792,-0.418388663259
1.06705241295,-2.80240091562
1.06913113334,-0.033998703885
1.0694007173,-0.145503927067
1.06617646976,-0.286171830801
1.06857439911,-0.3855675976
1.06678271566,-0.451072762141
1.06691622997,-0.4816427326
1.0673407992,-0.51004026001
1.07031166393,1.07131136194
1.06666506216,-0.621418070792
1.06996951569,-0.269955039341
1.06816362542,-0.266535762882
1.06745124301,-0.316227273604
1.06951043899,-0.371953209563
1.07058452504,-0.379445986885
1.06878260106,-0.396722012837
1.07413774429,-0.395859235146
1.07509306802,-0.419174121308
1.07265070727,-0.39534499339
1.07242939829,-0.413918393896
1.07486908166,-0.41389301516
1.07198141457,-0.428348235379
1.07447506436,-0.418479378908
1.07429268645,-0.414575542024
1.07342488588,-0.399882585398
1.07227742246,-0.430013093654
1.07258553103,-0.423141581951
1.06997756665,-0.427986390972
1.0719881601,-0.418196050487
1.07419814407,-0.407378692031
1.07347856157,-0.41816249357
1.0697216536,-0.415632731136
1.07208867713,-0.418392191863
1.07237933274,-0.428733542198
1.07179658247,-0.406008072691
1.07184889942,-0.402143113913
1.07223233883,-0.41632631221
1.07103244231,-0.417022273619
1.07482688147,-0.413248886216
1.0737408157,-0.400626948703
1.07047555357,-0.422389580323
1.07171457938,-0.414853451249
1.072015777,-0.416469856743
1.06948054951,-0.416589718374
1.07014774878,-0.417692892548
1.06768711972,-0.415928070985
1.06687274857,-0.424605618683
1.06793194803,-0.422070596159
1.06814279852,-0.420547177659
1.0649418624,-0.418026357968
1.06444181071,-0.413004412237
1.06639751773,-0.397081550593
1.06563329843,-0.420091170903
1.06643591647,-0.413849118988
1.06719522434,-0.421395401479
1.06464159274,-0.425459043657
1.0657103361,-0.420742392241
1.06669438442,-0.410100717107
1.06574914151,-0.423325441935
1.0654756952,-0.43149212733
1.06737714761,-0.426089323494
1.06661004455,-0.41227797695
1.06632762773,-0.423340796399
1.06490359873,-0.410123674474
1.06391722015,-0.416660940566
1.06501683587,-0.422854348058
1.06829353441,-0.406699123461
1.06419931212,-0.423200024108
1.06375603256,-0.428689565983
1.06548331511,-0.423549933697
1.06598071827,-0.418228038798
1.06335961505,-0.414359203531
1.06475150663,-0.412378302657
1.06280977424,-0.413034990758
1.0637019259,-0.413903693494
1.06483558692,-0.41561453289
1.0643159632,-0.411282743858
1.06215889365,-0.407784654307
1.06472373986,-0.412028244929
1.0636363965,-0.406153497955
1.06309447542,-0.41475747693
1.06224811863,-0.419808430363
1.0648366973,-0.409713774126
1.06216213657,-0.407236295638
1.06390686761,-0.415461494157
1.06484580642,-0.407965455603
1.06252475606,-0.420618947808
1.06230887698,-0.42903903514
1.06439552154,-0.409317546347
1.06400092441,-0.420345348723
1.06469415695,-0.422259239214
1.06340076409,-0.417685420323
1.0630925549,-0.408548143576
1.06377094744,-0.421849269966
1.06609514946,-0.414330898614
1.06344935896,-0.421382739639
1.06309683541,-0.419077093675
1.0640282649,-0.424616330724
1.06412434293,-0.409275035746
1.06182794042,-0.430181139036
1.06387611693,-0.419884509467
1.06324421749,-0.436099588245
1.06307436366,-0.415514429226
1.06397465899,-0.420826119892
1.06374032681,-0.424410421409
1.06185565585,-0.417627448952
1.06309731884,-0.415529498768
1.06271871946,-0.403113881605
1.06128654661,-0.423585339866
1.06251356242,-0.431447622495
1.0632159657,-0.418370068942
1.06120404766,-0.424835940496
1.06361701554,-0.410599588717
1.06448710407,-0.401495715637
1.06192468217,-0.427495284692
1.06052500008,-0.43624632269
1.06349405056,-0.400709171251
1.06245253563,-0.412756090461
1.06359293485,-0.435694121831
1.06316915508,-0.409711031533
1.06148774528,-0.412398977552
1.06245331988,-0.409439482078
1.06463394086,-0.42060358718
1.06138507331,-0.426993588762
1.06213115538,-0.421171461412
1.06389094834,-0.411634551878
1.06428466701,-0.414163610819
1.06270039887,-0.401142792409
1.06228762267,-0.408549574156
1.06020341912,-0.428339223941
1.06143149042,-0.409397338609
1.06528113142,-0.419157092746
1.06266226292,-0.412194043711
1.06030627495,-0.425801525956
1.06242477682,-0.431178164421
1.06127000264,-0.419873349948
1.06080519132,-0.42318305075
1.0609224933,-0.419898339492
1.06056962301,-0.427087387872
1.05846825019,-0.422059045187
1.06339446989,-0.413657522458
1.06279722002,-0.428129947992
1.06004706135,-0.42081477227
1.05864602288,-0.413035385826
1.06043179485,-0.41047517569
1.05894184272,-0.401790213155
1.05968137081,-0.416128534797
1.06069323779,-0.420836933658
1.05944871383,-0.413631828774
1.0595694452,-0.407458838923
1.06089740198,-0.414285789492
1.05796925452,-0.420067838234
1.05832037997,-0.41873212444
1.05889022496,-0.422735047725
1.06158424399,-0.429967102248
1.06054442714,-0.438608723787
1.06040866667,-0.401741144404
1.05650993173,-0.420507001312
1.05763638301,-0.409464009572
1.05991732357,-0.422475833021
1.05759630018,-0.414927455093
1.05571603257,-0.4172784931
1.0666314287,3.17354340078
1.05904283702,-0.918575785885
1.05765012296,-0.326779336318
1.05958353848,-0.195818377754
1.05882188946,-0.206011925129
1.05799911141,-0.290095941229
1.06305109683,-0.334814016279
1.06331739017,-0.389410052427
1.06064997267,-5.18478922685
1.06021949646,-0.766752061413
1.06066397374,-0.873065285038
1.05847067891,-0.675375729019
1.05981974306,-0.53602148474
1.05941042578,-0.45224476806
1.05976714866,-0.407521762817
1.05950810138,-0.403362919544
1.06121133588,-0.398148797198
1.05679740961,-0.395412820701
1.05719559444,-0.393653494742
1.05974392872,-0.40794357396
1.05950147366,-0.398908925707
1.05914488029,-0.388594247405
1.05973941803,-0.394428386653
1.05744381846,-0.402481381273
1.05848629304,-0.393726669509
1.05985505152,-0.393422533935
1.0588214528,-0.405957741658
1.05927480947,-0.407956551242
1.06171733036,-0.404561896399
1.06106485922,-0.416211835491
1.05999449411,-0.40559404888
1.05958722662,-0.406858517809
1.05890202685,-0.399531058661
1.05639133285,-0.414383329956
1.06028572863,-0.390277675083
1.05900823826,-0.418450674121
1.05543469944,-0.410167257917
1.05529771733,-0.411483359318
1.05564893152,-0.421002230337
1.05270018119,-0.408450174724
1.05428462278,-0.404289222768
1.05403714454,-0.418697787296
1.05294976986,-0.415589506427
1.05580414036,-0.416906382251
1.05541067259,-0.41541191291
1.05031792523,-0.424142832572
1.05281433963,-0.424317975194
1.05181586587,-0.415060363434
1.05287014694,-0.422548096995
1.05286401001,-0.417585524642
1.05496940121,-0.410952913505
1.05185686335,-0.407617594927
1.05278957511,-0.416379690382
1.05257067266,-0.416722266011
1.05012873521,-0.413052775824
1.05183008322,-0.432768919903
1.05409204751,-0.424366296074
1.05357753032,-0.437493424589
1.05314259667,-0.411521580699
1.05195954286,-0.422921629172
1.04986970991,-0.433253539618
1.05028228962,-0.422564788389
1.05509615743,-0.417620772896
1.05239665672,-0.413843646493
1.05124058361,-0.425607017982
1.05133038702,-0.428645770892
1.05089618054,-0.429489201732
1.04914272117,-0.42341479047
1.05190074142,-0.413888397876
1.05114721571,-0.410456162774
1.05012555601,-0.433284052035
1.05361740569,-0.423055406116
1.05541045047,-0.410191206156
1.05117999303,-0.427429885818
1.05209109855,-0.421284942604
1.05176349608,-0.416450518335
1.05291470258,-0.429227581042
1.05316240376,-0.432374556378
1.05390280626,-0.441735772257
1.05239897428,-0.43482085568
1.05267047887,-0.415528478448
1.05299428555,-0.41229146116
1.05154816505,-0.420714678738
1.05070844334,-0.454167325183
1.05244735394,-0.435967260377
1.05219641532,-0.436265343907
1.05357277972,-0.425322139796
1.05115151561,-0.445614005665
1.05066303256,-0.44142371422
1.05049869662,-0.443041330962
1.0536108086,-0.426802924803
1.05161477509,-0.443143939635
1.05245761909,-0.451193143989
1.05384953367,-0.443952615452
1.05295838757,-0.435691161283
1.05072545066,-0.434145290813
1.04503018152,-0.624878099219
1.04675430722,-0.66716825017
1.04692069729,-0.642308737065
1.05085863965,-0.661910579465
1.05054659477,-0.660121247439
1.04566882289,-0.665487051449
1.04510310678,-0.684819870024
1.0456936375,-0.683974496233
1.04583385667,-0.682862867763
1.04559466875,-0.786647666883
1.0445039095,-0.72874865755
1.0421903015,-0.725189639716
1.04664337431,-0.732455014958
1.04410338744,-0.734705856548
1.04246281397,-0.740919022774
1.0431268139,-0.733063991896
1.04576151781,-0.731614459018
1.04373050046,-0.75639665923
1.04477029043,-0.738626418143
1.04477347639,-0.728143768773
1.0437381529,-0.744821362342
1.04299211068,-0.717401495399
1.0448802035,-0.719839917192
1.04295811825,-0.742185271179
1.04341877178,-0.729599145906
1.04431253405,-0.737752994276
1.04496039379,-0.751760474846
1.04358298956,-0.747857180866
1.04504821771,-0.743210814495
1.04128420782,-0.746412036064
1.04227777939,-0.736008215181
1.04489195095,-0.747423650422
1.04459941628,-0.724230298317
1.04085538657,-0.723327061131
1.04431038237,-0.741370738787
1.04326370184,-0.747205338272
1.04095273616,-0.733390316687
1.04163800637,-0.729817757208
1.04213671236,-0.742830335879
1.04164779019,-0.740903067868
1.04299410642,-0.746829291505
1.04308665438,-0.740953367033
1.04174548338,-0.764927129669
1.04196540055,-0.737635398426
1.04187914835,-0.719375757428
1.0405717337,-0.733431989829
1.04259522082,-0.734071574542
1.04193008866,-0.731208646156
1.04178827711,-0.734254864393
1.04171226695,-0.72950614551
1.04392458366,-0.735582611086
1.04015502168,-0.741271744024
1.04155669569,-0.73877149086
1.04169789096,-0.732532879283
1.04113350514,-0.738934017709
1.04274440585,-0.739025707676
1.04431506587,-0.757568001066
1.03950559748,-0.750239412175
1.0416524495,-0.733764225824
1.04497731162,-0.754106250138
1.0425394614,-0.750698936077
1.04096053688,-0.750983841219
1.0431930486,-0.73679099512
1.042635846,-0.729684049679
1.04130461677,-0.739300082819
1.04233900992,-0.746350103853
1.03970183925,-0.727393193451
1.03918053434,-0.74848094246
1.04313716677,-0.739111014337
1.04264567483,-0.726781541994
1.0403219871,-0.732572254407
1.04145802538,-0.743870129949
1.04193748552,-0.728336233923
1.04002908237,-0.733546252552
1.04212002338,-0.74014479805
1.03847453331,-0.738221329606
1.04039287748,-0.742190245427
1.04103049212,-0.739033036517
1.04358774555,-0.733322253921
1.04063769215,-0.737356561103
1.04010999382,-0.741454723793
1.04095090203,-0.738187433683
1.03989695441,-0.73197187672
1.042040178,-0.743158777689
1.04238239245,-0.737991886606
1.0395526696,-0.726910684239
1.04138862729,-0.736852528661
1.04286180067,-0.729861455197
1.04159141205,-0.734677927598
1.03942195915,-0.737409802492
1.04253377314,-0.750490320728
1.0411441261,-0.733045052042
1.04271802639,-0.733397744155
1.04149315122,-0.740620943026
1.03913915012,-0.741869498319
1.03782169543,-0.744190858052
1.04241073318,-0.730934949354
1.04207753149,-0.744187948624
1.04014270726,-0.740275740039
1.04103244461,-0.740547172923
1.04204139387,-0.744926002945
1.03938679355,-0.750130035016
1.04054706021,-0.738398234885
1.04067916337,-0.758152214333
1.03991643951,-0.746944854481
1.04072287242,-0.731699949745
1.04212741445,-0.74938198181
1.03902226691,-0.738495606936
1.04042491126,-0.748936246975
1.03944162785,-0.745386579574
1.03973675977,-0.73571787458
1.03958551853,-0.742393887861
1.0410586633,-0.742704126174
1.03909432523,-0.74388716968
1.04023630566,-0.735493314066
1.04139601005,-0.735557504173
1.03843162968,-0.716288745225
1.03772811131,-0.745991985763
1.04040686326,-0.746203083161
1.03909379606,-0.746284032606
1.04053383402,-0.742467863587
1.04212724905,-0.740566870512
1.03905371976,-0.749255286445
1.0382804691,-0.739160679784
1.04120001204,-0.749098168826
1.03830368366,-0.733904182848
1.03758233263,-0.738265934778
1.04152066,-0.738903887338
1.04212889892,-0.749998411979
1.03655684426,-0.737697410275
1.03905019798,-0.731800067934
1.03810468895,-0.746494017258
1.03679159629,-0.744124817334
1.03786014431,-0.73715862802
1.04016555874,-0.737110608262
1.03797688783,-0.749356199746
1.03786297084,-0.729560144403
1.03649939538,-0.750971020941
1.03720617348,-0.746481006558
1.03917244788,-0.741195176444
1.04045457409,-0.740675649886
1.03776267825,-0.745519081322
1.04133843506,-2.39192932027
1.04202586269,-0.385400019988
1.04049108722,-0.493212739566
1.03963999812,-0.60030607355
1.04047231492,-0.67759481755
1.03900049259,-0.733158197466
1.04113872438,-0.735703369045
1.04171907752,-0.782289420777
1.03979090111,-0.105317986619
1.03913808395,-1.46147627657
1.03996660165,-0.786592114017
1.03703212827,-0.622250914027
1.03715081564,-0.603537134598
1.04055565743,-0.618555815475
1.0412835678,-0.630543101209
1.03799704922,-0.679461529029
1.04019546936,-0.679806865612
1.0380117068,-0.759949589973
1.03634487745,-0.720983824103
1.03949332483,-0.732191624145
1.04153021192,-0.695046929373
1.03914518968,-0.739213473426
1.04032245298,-0.715081092846
1.03806971714,-0.722254683094
1.03813402937,-0.72049638916
1.04001071989,-0.740185284022
1.04050267631,-0.72587836794
1.03872237803,-0.739565007154
1.04205895982,-0.738414736172
1.03877140842,-0.724364197422
1.03741690862,-0.729210090018
1.03659634264,-0.727770541113
1.03642943085,-0.725779770075
1.0358353304,-0.736094701531
1.03762140865,-0.730471469233
1.0377210808,-0.741578510582
1.03374260593,-0.736361041404
1.03481903025,-0.737918800405
1.03768936977,-0.728528149781
1.03472006504,-0.695428606972
1.03502977186,-0.73061215162
1.0364413392,-0.737224583055
1.0387230817,-0.746311060802
1.03728446637,-0.738711770071
1.03825126533,-0.743778310292
1.03413505656,-0.731007369004
1.03484360283,-0.728090993789
1.03651621974,-0.735343977059
1.03658011718,-0.748807889455
1.03640250507,-0.735962787992
1.03796927527,-0.741351805801
1.03579428581,-0.729156318016
1.03459549189,-0.739634220179
1.03472641177,-0.738634794845
1.03418532048,-0.727154864357
1.03268600949,-0.731756812683
1.03644121362,-0.733622302638
1.03825783157,-0.739287945419
1.03460320465,-0.740753158583
1.03364202945,-0.724165832762
1.03394631172,-0.725045593419
1.03462069599,-0.741878848754
1.03792440662,-0.741684225998
1.0360175613,-0.751054362327
1.03523654677,-0.730993468644
1.03724031297,-0.737420504792
1.03802093202,-0.741056881989
1.0328083294,-0.740099248851
1.03438609829,-0.730101702721
1.0357479888,-0.74691983826
1.03587661584,-0.733289033934
1.03574679519,-0.741320216024
1.03589784499,-0.762454374193
1.03314612339,-0.74553785116
1.03328434113,-0.726433246504
1.03544996732,-0.74788086278
1.03507251607,-0.750713329017
1.03355857876,-0.743301141165
1.03663503682,-0.739043198469
1.03466513552,-0.747144755646
1.03491731344,-0.736351734872
1.03439911321,-0.739739533642
1.03371460872,-0.739211062475
1.03102409187,-0.738815021947
1.03730355368,-0.737518767544
1.03608889569,-0.751046193691
1.0353753949,-0.75042710758
1.03299666675,-0.758818969185
1.03220113532,-0.743211470538
1.03082487426,-0.747270166879
1.03276094103,-0.710460883745
1.0321753829,-0.734925799567
1.03177332328,-0.743435462002
1.03328440872,-0.733905276087
1.0334143422,-0.754808476058
1.02930040773,-0.748815640138
1.03008433664,-0.748267935394
1.03188536042,-0.754964820194
1.03251004343,-0.734665094164
1.03213741453,-0.744897425908
1.03377348836,-0.756486804611
1.02993005578,-0.76109038747
1.03075244634,-0.742112486749
1.03157079814,-0.736261655394
1.03056262468,-0.746817767386
1.0308582052,-0.746894499314
1.03316682419,-0.757090793702
1.03196079747,-0.747337516597
1.0322923429,-0.750139373496
1.03324362609,-0.744394191123
1.03176240064,-0.751955763846
1.02905282274,-0.742248273178
1.03329639265,-0.738010443915
1.03282122813,-0.743463419576
1.03154263318,-0.738027080238
1.03222577441,-0.7552968343
1.03059910307,-0.753970867547
1.0302687205,-0.746549776171
1.03165452506,-0.730958394558
1.03097530901,-0.747372575633
1.03023029106,-0.730652450983
1.03263229421,-0.754651805797
1.03434392859,-0.74070906582
1.02956228706,-0.743456507063
1.02997098845,-0.734371477621
1.03096902419,-0.75043583916
1.03309841531,-0.743259634995
1.03500989497,-0.740330231862
1.03635068299,-0.768467774731
1.03399642119,-0.747285823897
1.03789645121,-0.758147034014
1.04146081661,-0.752870072002
1.04009394807,-0.753899829824
1.0405921775,-0.744468418826
1.04354984812,-0.752948092011
1.04136998348,-0.754822372338
1.04380655036,-0.750536910799
1.04561729499,-0.754433724967
1.04461651072,-0.761018047675
1.04160457788,-0.74346518571
1.04464990007,-0.73150226396
1.04286433239,-0.763245398205
1.04207447371,-0.753939179751
1.04185246716,-0.741351327213
1.04231197952,-0.759811720481
1.0416290704,-0.740257417018
1.04293109326,-0.756268770368
1.04027076661,-0.762123320003
1.03925026529,-0.743300549389
1.04215146541,-0.753975400443
1.04497172218,-0.745385207699
1.0425776834,-0.744713094704
1.04318877748,-0.743409114496
1.04137573566,-0.753460106647
1.04133470572,-0.729635891346
1.04159543762,-0.734003579273
1.04200683013,-0.741860278894
1.03822566578,-0.745210649617
1.04187874984,-0.740357396622
1.04022746805,-0.759028611904
1.03710500637,-0.753695821981
1.03548932569,-0.74761803853
1.0427060873,2.57230577095
1.0331727217,-1.17225420494
1.03230256468,-0.587876452579
1.03380203071,-0.461405533013
1.03114783249,-0.498906170084
1.02974759753,-0.580067147551
1.03176474671,-0.66895164135
1.02974287149,-0.715025790563
1.03035645779,-4.38574518603
1.03051884048,-1.16150125236
1.03158363885,-1.1113525866
1.03130185684,-0.958428822257
1.03213070289,-0.888541564685
1.02944214472,-0.827330171634
1.02991855106,-0.775785576442
1.03132915326,-0.765347767968
1.03176314582,-0.763496747589
1.02908457795,-0.780054948881
1.0323382545,-0.771545610209
1.03058793227,-0.742936512229
1.03000980413,-0.749842061575
1.02960841725,-0.737289650673
1.02900885698,-0.752234787342
1.02802435955,-0.747657677301
1.03185262746,-0.740979664199
1.03139086934,-0.741617786948
1.02979328123,-0.769508654002
1.02993499078,-0.736609377921
1.0304175073,-0.738643866077
1.02690305613,-0.76382452047
1.02890980016,-0.740640347781
1.03152744448,-0.742404773792
1.02990648884,-0.731551773932
1.02826374848,-0.738741937281
1.03071318612,-0.73651717744
1.02801167365,-0.735029630668
1.02899547324,-0.743212972575
1.02972111179,-0.746714806724
1.028815516,-0.756122270157
1.02980100067,-0.758912304307
1.0315994664,-0.738058920135
1.02720407029,-0.741036697819
1.03009425175,-0.760915760644
1.03051178964,-0.75848811951
1.03015301316,-0.75798335561
1.0285041154,-0.749622139726
1.03042137483,-0.737267098349
1.02941751551,-0.745901544883
1.02910823984,-0.744407454851
1.02981442911,-0.746723290244
1.02695490828,-0.748334902745
1.02577590898,-0.760012074384
1.03047929167,-0.75102308032
1.02982428257,-0.761978362855
1.02892919256,-0.749600387141
1.02818050793,-0.753511109589
1.02815147974,-0.761669401983
1.02541631714,-0.763362276352
1.02907965477,-0.757282732685
1.02756632089,-0.756340404963
1.02746663056,-0.771234421146
1.02750158458,-0.765176206005
1.02974598062,-0.747232274167
1.02703957569,-0.77226665731
1.02674160126,-0.775856557546
1.02614167681,-0.754239724633
1.02615552807,-0.770441587818
1.02640226952,-0.759095555692
1.02900056251,-0.770668237671
1.02573453095,-0.784360025097
1.02545225498,-0.760553127954
1.02661082944,-0.758560169503
1.02827560789,-0.780884875126
1.02528327646,-0.749151838664
1.02707124824,-0.768077935571
1.02614182042,-0.782859952391
1.0287220827,-0.767593941763
1.02748863494,-0.752784831248
1.02529108372,-0.762543319594
1.02383208433,-0.770886019423
1.02825729471,-0.771605848705
1.02695994112,-0.752014688764
1.02586174938,-0.755967044745
1.02762057657,-0.769763472515
1.02637360438,-0.777432452669
1.02416102048,-0.764613329974
1.02631344648,-0.769243747138
1.02440538174,-0.769439541251
1.02400451509,-0.763664746396
1.02676643556,-0.775930022483
1.02800773882,-0.77138336357
1.02522036926,-0.777054639315
1.02582038484,-0.775510247163
1.02437202626,-0.766128353751
1.02385487606,-0.762769889964
1.02641745649,-0.748786843434
1.01624791182,-0.674740977745
1.01755439409,-0.73982774503
1.0196526628,-0.50921103902
1.01978720415,-0.705977339179
1.01920418472,-0.695849711956
1.02012588295,-0.6825404677
1.0216456818,-0.69693411658
1.01917649482,-0.700068738236
1.02036006576,-0.685770670059
1.01862420211,-0.794784773033
1.01946535558,-0.830335600405
1.02058029896,-0.832478306111
1.02144777714,-0.804053634831
1.01716138249,-0.822148950915
1.02024066016,-0.825638181108
1.02149268962,-0.821842800094
1.01938724177,-0.821852058426
1.01836795004,-0.841004652497
1.02030042228,-0.839484447014
1.01899772207,-0.847136874426
1.02142221117,-0.833232696978
1.02028591756,-0.822765974419
1.01896228462,-0.82430567734
1.01993176446,-0.836802789886
1.02262394746,-0.823110991302
1.01896177495,-0.844467988028
1.0199491971,-0.822358227099
1.01970588152,-0.842007234063
1.02063622782,-0.832586812004
1.01879794217,-0.849168045341
1.0213684323,-0.831743677529
1.01809951359,-0.851139588971
1.0171871679,-0.840704771467
1.01925759083,-0.844582515276
1.01823538881,-0.834041043153
1.01592584604,-0.846011396912
1.01729934852,-0.832655698855
1.01696390772,-0.850915213184
1.01726812786,-0.835847820172
1.01671214102,-0.849063402677
1.01685155223,-0.832328197988
1.01431237528,-0.848140720261
1.01811255996,-0.835355986253
1.01617918366,-0.851480156685
1.01538355321,-0.843258326426
1.01403809547,-0.827088287205
1.01604966044,-0.853743323367
1.01589309283,-0.85572527136
1.01754484209,-0.849319460876
1.01540426455,-0.841628292036
1.01524353486,-0.856224351459
1.01635420648,-0.848432521574
1.01838673171,-0.850306291806
1.01585760061,-0.866424886283
1.0157462796,-0.820488092751
1.01702719337,-0.847280682388
1.01850250337,-0.846374941725
1.01675301602,-0.834431100262
1.01856593898,-0.840045860989
1.0166084633,-0.839114625223
1.01762216137,-0.846323184815
1.01816718488,-0.827781174534
1.01803962514,-0.845545673643
1.01542482268,-0.851489602234
1.0191179689,-0.852531523749
1.01905161127,-0.853028715372
1.01781742568,-0.833605465772
1.01808066798,-0.842133302945
1.01778268917,-0.850455274122
1.01587387342,-0.859006172876
1.0201890224,-0.843479158242
1.01931032247,-0.847451237293
1.01836807351,-0.842058091352
1.01809295928,-0.849757694285
1.01877770173,-0.851644586817
1.01904728683,-0.838675821422
1.02152053092,-0.853781602691
1.01980222926,-0.858367204623
1.01982856106,-0.852204213523
1.02101411314,-0.85336367096
1.02335606057,-0.850273822916
1.02008870472,-0.850933011315
1.02123522156,-0.846461853023
1.02279824446,-0.857176831614
1.02237746187,-0.858046967413
1.02046131642,-0.844188642302
1.02113939475,-0.859306927481
1.01925257241,-0.85545763834
1.02144608781,-0.850362477849
1.0208445717,-0.840949389465
1.02060627654,-0.864603241125
1.01832648715,-0.856968523398
1.02136883092,-0.848729536215
1.01790078247,-0.858339326004
1.01980932581,-0.850478339419
1.02067270238,-0.852184910193
1.0198811505,-0.874132970556
1.01703661264,-0.864071211431
1.02017325936,-0.85282083096
1.01958425343,-0.859070858059
1.018862846,-0.865728749272
1.01725921217,-0.853712105462
1.0190252083,-0.86465202001
1.01714190826,-0.854026264883
1.01846214885,-0.846808717179
1.01599295995,-0.857557678489
1.01542540766,-0.867349608111
1.0168605081,-0.839945567558
1.01822244101,-0.850927908794
1.01440253116,-0.860115717429
1.01553644432,-0.848847916852
1.01601910107,-0.859702938114
1.01525230633,-0.856382321609
1.01545244961,-0.861530884495
1.01610756183,-0.84049143279
1.01289775109,-0.851482103664
1.0160382535,-0.870108979536
1.01640680959,-0.858899287398
1.01689386307,-0.846597842371
1.01423311978,-0.867485929293
1.01631731012,-0.856653089761
1.01500198847,-0.87157656552
1.01759110682,-0.864088024743
1.01736101219,-0.850255843328
1.01610196686,-0.861954864579
1.01452212634,-0.870077051818
1.01725331181,-0.85883634532
1.01612720467,-0.861403187996
1.01560273782,-0.847835946108
1.01604244822,-0.858365850596
1.01632198218,-0.852782772884
1.01664061491,-0.860519462383
1.01744505241,-0.843390182551
1.01479768922,-0.856046409392
1.01485626993,-0.870027625869
1.01600531008,-0.857683663144
1.01773945006,-0.865280014416
1.01489405086,-0.859167733329
1.01668914519,-0.859862318094
1.01486305529,-0.879948870925
1.0163696825,-0.857673765533
1.01576226563,-0.86671310279
1.01598479922,-1.87640726899
1.01387357989,-0.530061445817
1.01545258304,-0.64456719029
1.01696542368,-0.742180886115
1.0156516368,-0.804564279719
1.01454149018,-0.864685273381
1.01715457744,-0.881490212448
1.01402896094,-0.890229399234
1.01704904466,-1.13877507999
1.01610425467,-1.2688646179
1.01590626339,-0.752635408558
1.01372507008,-0.705931589977
1.01813472183,-0.742049575485
1.01426562334,-0.796020298473
1.01486493621,-0.824588699311
1.01495761467,-0.827877853242
1.01479104699,-0.848911379783
1.01590670726,-0.929559205537
1.01699864528,-0.901072077178
1.01339014286,-0.856643079446
1.01309022912,-0.84498429835
1.01520651092,-0.844691039005
1.01618425176,-0.859449151664
1.01362941022,-0.855354032204
1.01567680472,-0.863073841066
1.01502402079,-0.876688659461
1.01514106081,-0.85537788079
1.01440004837,-0.865775178374
1.01494455472,-0.85886939156
1.01340417583,-0.85645379012
1.0171747478,-0.856866421213
1.01504727464,-0.859291310995
1.01516169867,-0.860038888111
1.01524057276,-0.861952248039
1.01760728967,-0.856148912602
1.01594201988,-0.873160034668
1.01791404979,-0.857337453775
1.01803496307,-0.845497478135
1.01700710155,-0.859491818993
1.01621508587,-0.857924374069
1.01873981936,-0.867982333994
1.01669225227,-0.854881012444
1.01723442609,-0.845163138336
1.01621375509,-0.867004979469
1.01604731983,-0.868204447086
1.01670008133,-0.856406850215
1.0188601902,-0.854735952019
1.01541356574,-0.863194721514
1.01553716342,-0.864372539645
1.01616211419,-0.844949796331
1.01616134759,-0.869205215932
1.01317171541,-0.844143404414
1.01670411488,-0.855614874803
1.01720319682,-0.867922995601
1.0161450196,-0.857470487487
1.01435590801,-0.875657047217
1.01595630107,-0.857853511657
1.01347737422,-0.85746530907
1.01665862844,-0.85014476975
1.01549561625,-0.865739247352
1.01433029116,-0.857698660369
1.01360568577,-0.862541223553
1.01454122738,-0.876108971363
1.01238705072,-0.885358372236
1.01474014577,-0.853589222692
1.01438206787,-0.872160557067
1.01191230529,-0.864883295026
1.01173474659,-0.870871435425
1.01530878772,-0.865698091957
1.0116787471,-0.881205738889
1.0129573032,-0.859738868546
1.01182466591,-0.869544444989
1.01305826239,-0.866439646471
1.01312433765,-0.869940831002
1.0161438886,-0.864729499256
1.01234410007,-0.87255740763
1.01440680326,-0.865536121174
1.01605090183,-0.872092955038
1.01555823423,-0.871050205417
1.0145144626,-0.870149399806
1.01636656677,-0.86597772548
1.01569807355,-0.869270728445
1.0156532908,-0.880415074007
1.01612993788,-0.849103564195
1.01542943732,-0.863038846108
1.0129630399,-0.874115458937
1.01621803268,-0.859384316324
1.01464371956,-0.858240179942
1.01399843291,-0.871958186725
1.01275304025,-0.85560682085
1.01487607227,-0.849601210747
1.01255293568,-0.859147720244
1.01593828619,-0.863059818031
1.01254956635,-0.870020102772
1.01245283338,-0.881032226658
1.01376229269,-0.85774915894
1.0156190067,-0.858966091809
1.01424945912,-0.867516507322
1.01373834434,-0.862743092866
1.01423556873,-0.865836265094
1.01500392749,-0.873852276106
1.01567503118,-0.879109202448
1.01610695928,-0.876417180521
1.01350777961,-0.873097041674
1.01549526934,-0.859168281764
1.01587119562,-0.849778978497
1.01644148967,-0.870762106684
1.01252970159,-0.864777969545
1.01502038938,-0.867595925797
1.01395252295,-0.870313964512
1.01493842734,-0.883290440095
1.01356035247,-0.860097167257
1.01271913429,-0.87858944077
1.0107767718,-0.876551662569
1.01505271384,-0.882347136221
1.01355104835,-0.863114278955
1.01097756272,-0.862066785563
1.01215880016,-0.861027581959
1.01335636338,-0.869261894365
1.01165639055,-0.868468098824
1.01414364348,-0.855956893239
1.01138100954,-0.862782163837
1.0116532214,-0.880333323656
1.01320640645,-0.884679526226
1.01360422381,-0.873914320083
1.01102099057,-0.870007084589
1.01269104828,-0.874858626323
1.01189826202,-0.878754676476
1.01186019496,-0.86370378044
1.013220859,-0.861467664382
1.01480637156,-0.870568063868
1.0097264333,-0.872204029244
1.01332843209,-0.862277545146
1.01392019736,-0.857207594567
1.01389736738,-0.858573335024
1.01141104977,-0.865128528743
1.01360564798,-0.86199395317
1.0131005366,-0.872812899737
1.01470181093,-0.879269288903
1.01391715563,-0.864010679351
1.01370515986,-0.875659632792
1.01332368051,-0.877310592808
1.01600418112,-0.861270703206
1.01332034313,-0.871024942699
1.01273923556,-0.872476395589
1.01383466581,-0.870428085043
1.01350888684,-0.863628587247
1.01206525972,-0.889367805523
1.01498108942,-0.875222070998
1.0121257819,-0.872890971984
1.01117201647,-0.868622883322
1.01075879682,-0.865779238961
1.0135265424,-0.86138363888
1.01176187198,-0.891722825021
1.01284580586,-0.886226571779
1.01205600734,-0.881312657373
1.01204462706,-0.870775954457
1.01408484275,-0.860878814742
1.01331087509,-0.867299681744
1.01110925732,-0.875478677276
1.01304907,-0.870303778269
1.01433310628,-0.872123196982
1.01838218476,2.09230073818
1.01258907709,-1.16547691015
1.01376367115,-0.688808924597
1.01316557942,-0.591383210187
1.01437330974,-0.649018620589
1.01310144189,-0.746193375284
1.01143911876,-0.804606334257
1.01217224372,-0.850714902106
1.0152395458,-4.04694195768
1.01305577359,-1.22171363083
1.01271317242,-1.18433136565
1.01227773194,-1.05324599453
1.0124436053,-0.971254612057
1.01282615419,-0.935992686746
1.01517710914,-0.911153350458
1.01255276139,-0.862051683827
1.01103119744,-0.872548298868
1.01303941307,-0.89604606094
1.01357041669,-0.904647790704
1.01177059143,-0.888620570319
1.01379695457,-0.852812035148
1.01274698052,-0.875379374358
1.01294506013,-0.869013131909
1.01275754741,-0.873449220549
1.01256573466,-0.866383250599
1.00947801841,-0.872019746483
1.01266911139,-0.87054903738
1.0125621162,-0.860377607824
1.01248660628,-0.891022081264
1.01122809118,-0.865659961795
1.01159096629,-0.874144377116
1.01140759787,-0.851536239835
1.01389859411,-0.847674271439
1.01391148164,-0.870617281456
1.01143571883,-0.86494943608
1.01223102629,-0.876164040742
1.01433293545,-0.855865263887
1.01311279894,-0.865071949542
1.01332226454,-0.873345515594
1.01316234212,-0.860510919061
1.01355340232,-0.86512116582
1.01357859413,-0.8817008958
1.01510459403,-0.855732844674
1.01170635918,-0.878183386503
1.01319972319,-0.864341712734
1.01428483428,-0.876297095645
1.0122189405,-0.873925938085
1.01051732456,-0.871877942733
1.01244195442,-0.852534928256
1.01198337392,-0.862242458623
1.01145689924,-0.863718979834
1.01352041382,-0.870972173427
1.01319669507,-0.87950145308
1.00944845604,-0.889174207233
1.01353880772,-0.879175175562
1.01342444886,-0.887954513206
1.01157959346,-0.864896665404
1.01174805328,-0.881549614603
1.01249563449,-0.870982490136
1.01122503932,-0.870961770995
1.01357558154,-0.893700205355
1.01176700119,-0.88123798521
1.01219713635,-0.887320408091
1.01143114583,-0.883374075107
1.01339083228,-0.871737060857
1.00966744779,-0.893369764172
1.01242655655,-0.87867230872
1.01193359385,-0.873491663887
1.0115264123,-0.893368120686
1.0121717341,-0.873312236195
1.01296889308,-0.877471020755
1.0114930455,-0.881042512177
1.01291138186,-0.89547974592
1.01292130776,-0.885488936535
1.01233147496,-0.874678311742
1.01082281913,-0.891252936443
1.01388258375,-0.890738017365
1.00937271393,-0.892612246276
1.01140347039,-0.879722631776
1.01260955797,-0.88370045632
1.01204045984,-0.886178637131
1.00909536429,-0.900734382617
1.01216980472,-0.903216781622
1.01107795806,-0.889921276612
1.0107012734,-0.895721893055
1.01004541736,-0.869579037138
1.01292994186,-0.883067695935
1.01034175616,-0.899428976701
1.01213366711,-0.896362298708
1.00961592331,-0.893894137624
1.0100803344,-0.890739616695
1.01255452763,-0.879586973975
1.01450180946,-0.89867958887
1.01089719121,-0.888381996578
1.01170489177,-0.888249942501
1.01222203812,-0.883597660758
1.01181025064,-0.623216456232
1.01800280384,-0.821783252226
1.0187239633,-0.909234679213
1.01427076011,-0.87955551801
1.0155983168,-0.855391403025
1.01566549072,-0.876513717896
1.01589947941,-0.901241855425
1.01491498089,-0.898143261908
1.017515629,-0.907959824338
1.01474450295,-0.998297090072
1.01665073435,-0.971773825739
1.01820433244,-0.982973079278
1.01570594073,-0.953920479169
1.01478468128,-0.958239679718
1.01814468862,-0.967198619746
1.01671112022,-0.971757323679
1.01616854353,-0.980487556985
1.01506217516,-0.96646818513
1.01674852963,-0.973155604114
1.01625210905,-0.970493862337
1.01856851577,-0.985512606375
1.01693597661,-0.976003839645
1.01450086399,-0.981681155785
1.01497943252,-0.980709864498
1.01765934408,-0.979922324671
1.01430388143,-0.965033712649
1.0148195897,-0.971301413759
1.0136170321,-0.967373057821
1.01435986745,-0.973772846664
1.01540411122,-0.978458444856
1.01630132934,-0.962949078667
1.01427189944,-0.988347922407
1.01451094089,-0.989517766022
1.01675176985,-0.989631294957
1.01596942444,-0.990539842673
1.01546201189,-0.987143320998
1.01656408016,-0.983928607461
1.01439058358,-0.971065037066
1.01772181094,-1.00415365953
1.01696207038,-0.989568046061
1.0160833474,-0.995417615113
1.01510370526,-0.988205063941
1.01759586457,-0.982846667934
1.01556020008,-0.972405653369
1.01591405144,-0.985515756763
1.01475182239,-0.966637488641
1.01496149593,-0.980807770842
1.0149310217,-0.977491471722
1.01704430731,-0.977124415006
1.01424390275,-0.977935767918
1.01373421088,-0.985884381626
1.01571373337,-0.973397522098
1.01658665672,-0.973897237509
1.01336209164,-0.960090647548
1.01610555824,-0.984720605955
1.01564177285,-0.989898684768
1.01590007171,-0.982835815606
1.01618989495,-0.985999899602
1.0154492555,-1.00141300005
1.01378724624,-0.995987839612
1.01606174701,-0.98695958899
1.01558490081,-0.985604670793
1.01550699478,-0.994120622935
1.01426517349,-0.983388129349
1.01528870137,-0.994284847884
1.01295948225,-1.00111261452
1.0148762018,-0.983011620155
1.01598713723,-0.99766559195
1.01469155378,-0.996769246883
1.01341380511,-0.981226870315
1.01613318535,-0.982613630174
1.01401120488,-0.993671875077
1.01520351969,-0.967799433267
1.01487051226,-1.00012893276
1.01543278545,-0.979607006426
1.01546378315,-0.997836717628
1.01763367607,-0.984917568364
1.01468526786,-1.01760408559
1.01389645978,-1.00078768519
1.01533043991,-0.985056475516
1.01666527853,-0.994898935145
1.01332669181,-0.987823852432
1.01572284998,-0.981963518798
1.01521387834,-0.999108366836
1.0144402314,-0.994636694097
1.01496008706,-0.9932904548
1.01529462079,-1.01440803406
1.01283593429,-1.0090271626
1.01568618209,-1.02663935681
1.01409681889,-0.98695004627
1.0149150107,-1.00944917829
1.01568276018,-1.00833168266
1.01496066635,-0.994770939549
1.01325380939,-0.997214869569
1.01588121745,-0.983314120144
1.01594306331,-0.984257302239
1.01500351412,-1.00922126984
1.0131443472,-0.997781730628
1.01769262567,-0.993631378063
1.01469137688,-1.00721013626
1.01547920011,-1.01267284057
1.01466299617,-1.00964766355
1.01468332972,-0.996452120129
1.01543783272,-0.992874998303
1.01888788522,-1.00897905896
1.01361915632,-1.00381034291
1.01433292392,-1.01034214892
1.01581892564,-0.995183673805
1.01547632988,-0.996194998091
1.0148973487,-0.999804361667
1.01420459091,-1.01020826632
1.01278146864,-0.998273955495
1.01342315001,-1.00033364718
1.01591102638,-0.991589863604
1.01556690801,-1.00622942857
1.01179796628,-0.996146662379
1.01482868211,-0.999977414304
1.01371286683,-0.98720892548
1.01483643377,-1.02444082415
1.01400384981,-0.997330495866
1.01469905456,-0.998122389107
1.01336467063,-1.00476664983
1.01638213312,-0.997856979697
1.01335550178,-1.00531773369
1.01218682982,-1.00170568469
1.01373728,-1.01155625717
1.0155815544,-0.986991386529
1.01379124525,-0.994950376556
1.01409724554,-0.977672779101
1.01425297022,-1.00669348798
1.01327038776,-1.00493654518
1.01454544123,-0.993086141724
1.0172131837,-1.00515530225
1.01344553492,-1.00304727211
1.01387670171,-1.00247873367
1.01549545054,-1.00312622315
1.01516547753,-0.987117112244
1.01363982635,-0.998278682012
1.01597615323,-0.994067999155
1.0141984565,-1.0066793606
1.01573243256,-1.0024674471
1.01602087231,-1.0085668263
1.01422448098,-1.66113557935
1.01288402994,-0.593329021034
1.01647978983,-0.762436307554
1.01468707488,-0.881935585843
1.01327652186,-0.956859155191
1.01322997943,-0.993601499584
1.01473098644,-1.03246607475
1.01232203351,-1.03689300264
1.01571876662,-1.80995563523
1.01307112712,-1.43052572514
1.01186196767,-0.907018345252
1.01249266523,-0.873232457337
1.01308531645,-0.911595820941
1.01173697973,-0.961245111232
1.01443753657,-0.966647318566
1.0117815689,-0.982962507146
1.01243116027,-0.991135332236
1.01426647514,-0.997401808931
1.01593686434,-0.996642917273
1.01258022697,-0.991121810023
1.01527698078,-1.01190089655
1.01614018458,-1.01166502173
1.01470740324,-0.992106893138
1.01359603632,-0.984461952184
1.01624639204,-1.00142829645
1.01459252275,-1.01121832051
1.01615886141,-1.01335628476
1.01564590016,-1.0103410577
1.01441459427,-1.02442148319
1.01383447094,-1.01649876338
1.01606302421,-1.01131533757
1.01309739507,-1.029192803
1.01394741308,-1.03301577076
1.0152951743,-0.988025996889
1.01545098215,-1.00922712022
1.01288332429,-1.01118977864
1.01698782381,-1.00474608979
1.01591746537,-0.991524618775
1.0163171346,-1.00144532586
1.01666599441,-1.01202910158
1.0196242794,-1.00831363692
1.01839365245,-1.00343029422
1.02198271014,-0.996200872995
1.02167628693,-1.01343130989
1.02345179452,-1.00842074282
1.02563127604,-1.01412810535
1.02440573075,-1.00690933794
1.02162085275,-1.00762130048
1.02401289593,-1.01268641941
1.02381443418,-0.998141676659
1.02295611774,-1.02145038229
1.02041183325,-1.01092095799
1.02135325087,-1.0115006889
1.01839787056,-0.991064154096
1.02031140921,-0.994989786465
1.02065199821,-0.995774090772
1.019621676,-0.994179891929
1.01835469696,-0.999685022395
1.02124681745,-1.00220335791
1.02042733494,-1.00071256199
1.02124632143,-0.966263299612
1.02150690731,-0.984451159628
1.02077621878,-0.985062964357
1.02075458338,-1.00100075768
1.02467555471,-0.98355020999
1.02249064666,-1.00546853021
1.02142098444,-0.998524251498
1.02210669833,-0.985434571535
1.02341590648,-1.00421305956
1.02105786898,-1.01195851831
1.02067756308,-1.00415175231
1.01790433126,-1.00935036952
1.01662109334,-1.00178060786
1.01606730811,-0.998983798287
1.01617473631,-0.998911171671
1.01134677876,-0.997651583649
1.01342234009,-1.0060625963
1.01284429841,-1.01281839349
1.01250540414,-1.00173660332
1.0127764518,-1.01293185604
1.0129160652,-1.0042928584
1.01176343781,-0.997511930088
1.01424040074,-1.01184529551
1.01377604412,-0.997625294488
1.01290749172,-1.00112885575
1.01266377285,-0.986052617235
1.01573760904,-0.999134102425
1.01403663773,-1.00537668076
1.01457440411,-1.00273061714
1.01321276668,-1.01962303214
1.01402196893,-1.01759896965
1.01446199687,-1.00527840978
1.01759972256,-1.01498370021
1.01453956577,-1.00255475694
1.01353603577,-1.0083820715
1.0144750177,-0.997880060468
1.01500797881,-1.01703851888
1.0135213523,-1.00753113978
1.0151369224,-1.00000400202
1.01267303103,-1.00039293253
1.01378562694,-1.01165769747
1.01547342303,-1.01288602714
1.01624481994,-1.0054792432
1.01231831559,-0.998454793217
1.01449818825,-1.00684371405
1.01388893709,-0.99948263312
1.01435507782,-1.01868459011
1.01369990525,-1.00777097779
1.01252157977,-0.99642171528
1.0120905658,-1.00482425574
1.01548229827,-1.0126561949
1.01361686981,-1.00354035383
1.01186542852,-1.008019142
1.01236099712,-0.98988622429
1.01596449844,-1.00009386681
1.01286468459,-0.995946731372
1.01471871062,-1.01539629525
1.012932035,-1.00509249991
1.01367756485,-0.989221945563
1.01394395499,-1.01572600916
1.01611962398,-1.0115200363
1.01364119593,-1.00511233506
1.01424168195,-1.00535442669
1.01495520038,-1.00095390647
1.0149703604,-1.01085828634
1.01521754293,-1.00741259583
1.01717498436,-0.99833498829
1.01441961019,-1.01568250171
1.01633679276,-1.00072818588
1.01722328203,-0.993788685451
1.01659235065,-0.990007369313
1.01393839248,-1.00337841638
1.0169151137,-0.998134075358
1.01647771792,-1.00791444436
1.01614589867,-1.01070207827
1.01449999128,-1.00811775973
1.01640375766,-1.0102393516
1.01439178397,-1.02355827286
1.01713376489,-0.997746227589
1.01468937184,-0.999628494833
1.01351521212,-1.01805816183
1.01524268973,-1.00834863741
1.01734693618,-1.01333569331
1.01487790412,-1.03338708205
1.01715463056,-1.01981330346
1.0165647187,-1.02333825069
1.01533160456,-1.01880601461
1.01584768435,-1.02763652532
1.01962562615,-1.01533412318
1.01599839583,-1.03273601591
1.01676167146,-1.01469629413
1.01709633523,-1.02316520427
1.01693497424,-1.00845318858
1.01676425775,-1.03047822557
1.01776020021,-1.02579825582
1.0145712385,-1.00715081538
1.01804034549,-1.03180912448
1.01807153147,-1.02548273189
1.01592165888,-1.02358504446
1.0135256991,-1.02616700721
1.01622718919,-1.02927192563
1.01550645696,-1.03017854156
1.01899393499,2.0587697274
1.01574353324,-1.00200644546
1.01450070356,-0.621293579544
1.01319206704,-0.647477135316
1.01801464804,-0.787668886943
1.01581054481,-0.911378887307
1.01492944541,-0.996255084003
1.01535653292,-1.02983973583
1.01778394281,-4.1604335181
1.01549840683,-1.44842084772
1.01749245755,-1.33529145688
1.01511234902,-1.19464868586
1.01518928155,-1.12605403371
1.01712403927,-1.08075534358
1.01754762153,-1.06262488255
1.01437378806,-1.00745305963
1.01484551859,-1.01486217278
1.01630214046,-1.03407125109
1.01595059292,-1.01135887242
1.01475440782,-0.99908662451
1.01614246137,-1.00439241918
1.01357688919,-1.00436087828
1.01711220553,-1.01327336688
1.01714094938,-1.00970466331
1.01709323218,-1.00371433416
1.01501858328,-1.00122760302
1.01771097712,-1.00995579842
1.0159061006,-0.998018185609
1.01651997481,-1.00605318743
1.01672130136,-1.00538091309
1.01597843716,-1.01929054282
1.0147307759,-1.01372138766
1.01935162928,-1.01730657418
1.01565583688,-1.01857132721
1.01413128622,-0.999182193438
1.01698731258,-1.01071651279
1.01786392463,-1.01498859904
1.0146843709,-1.01719026589
1.01595002106,-1.01364767703
1.01374268449,-0.995922781478
1.01570344677,-1.03492128556
1.01576663661,-1.00829381624
1.01584681475,-1.00063776399
1.01263329435,-1.01373505579
1.01553937845,-1.01667016295
1.01572074976,-1.00829089764
1.01547907654,-0.992185387253
1.01594655772,-1.01180175473
1.01725326157,-1.01186765949
1.0141057058,-1.01014441609
1.01655250334,-1.02401536313
1.01757476185,-1.02370701006
1.01662641308,-1.01875706911
1.01588405485,-1.01596662531
1.01882036133,-1.03619056904
1.01603171133,-1.01696610929
1.01691565805,-1.02806642363
1.01702157394,-1.02414620119
1.01642168275,-1.02477807325
1.01630735647,-1.01575210715
1.02008341118,-1.0303500268
1.0159044626,-1.02155742388
1.015682697,-1.03247923615
1.01645735408,-1.0115076319
1.01735617661,-1.01948866973
1.01495084221,-1.03308899453
1.01830397979,-1.01634528002
1.01571634853,-1.0070696458
1.01566183744,-1.02854119914
1.01566590866,-1.02507607857
1.0176692652,-1.02359415378
1.01462669925,-1.02204585383
1.01682087304,-1.04175130069
1.01492558795,-1.02812937588
1.01493621454,-1.01133052932
1.01680151398,-1.0141920788
1.01661201964,-1.0146554994
1.01460784411,-1.00567514295
1.01720063973,-1.01738242995
1.016940221,-1.01698783152
1.01581797046,-1.02963432366
1.01492504701,-1.02080406366
1.01830504226,-1.03014766304
1.01647144296,-1.01796852632
1.01726927094,-1.02075996126
1.01572886957,-1.01529491202
1.01466379623,-1.01575182944
1.01552360107,-1.01821934526
1.01921593794,-1.03478356604
1.0165674945,-1.01882975445
1.01625112568,-1.00555267307
1.01650937141,-1.0360355881
1.0175423068,-1.02640590715
1.01565292786,-1.0254458669
1.01769681718,-1.02216877094
1.01522804592,-0.985889688084
1.01505894837,-0.563257155961
1.02078182661,-0.72544915365
1.02167425519,-0.748982197908
1.01825550582,-0.805654085499
1.02083539384,-0.76101494554
1.01966502856,-0.776342712643
1.02011419203,-0.843459062509
1.01992312634,-0.821421038407
1.02043892597,-0.818960987477
1.01844230776,-1.03664089632
1.02049686704,-0.975781525745
1.01940078455,-1.00100309596
1.01902822037,-0.965136571666
1.01896439301,-0.981287156109
1.02051006718,-0.975864883007
1.01961857903,-0.998231281755
1.02026599924,-0.977368252578
1.01893648847,-0.997271880955
1.01767530544,-1.00391930738
1.01876625222,-0.990078759726
1.02253334079,-0.982821227679
1.01882578106,-0.988538134677
1.01978307021,-1.00343987565
1.01982285666,-0.986827790121
1.02090581478,-0.981675016266
1.01918515236,-0.97834850749
1.02066858912,-1.00557833759
1.0187817624,-1.00327104518
1.02043070994,-0.976548703152
1.02240596565,-0.99639413554
1.02000217025,-0.994775842652
1.01774061645,-0.998647061387
1.0209767034,-0.981553652516
1.01978639291,-0.995819372481
1.02025407431,-0.996757945742
1.02077656156,-1.00831508919
1.02052212958,-0.994749287007
1.0188960426,-0.984461920572
1.02116496872,-0.988049845883
1.02073044221,-1.00324487233
1.01904136815,-0.992336563217
1.01939085303,-1.01126477538
1.02041918712,-0.991935913186
1.0183180868,-1.00894287486
1.0210819258,-0.993851782665
1.01893707662,-0.992091561675
1.0190443111,-0.995391669577
1.0196852925,-0.985964142209
1.02228001362,-0.976323648922
1.01679754179,-1.00729265504
1.01978015084,-1.01188701885
1.02108477254,-1.00164144061
1.02065317274,-0.984398947368
1.02078459913,-1.01030766346
1.02044944775,-1.00938090842
1.01840610052,-1.00515263342
1.02143062482,-1.00228212107
1.02240591644,-0.997438789884
1.02114393022,-1.02183937843
1.02161783105,-1.01443065917
1.02299794767,-1.00606931442
1.01977597089,-0.999327011277
1.02035213589,-0.995723799662
1.02142173355,-0.989353185875
1.02179645091,-0.994010237355
1.01941656595,-1.00282380317
1.02222856283,-1.00305653663
1.02065403277,-1.0218402584
1.01914378784,-0.991694397331
1.01883080099,-1.01990435716
1.02154867867,-0.98665262998
1.01895468578,-0.99773012722
1.02083343501,-1.00446429706
1.01902536722,-1.01388539642
1.01894499334,-1.02039306639
1.02153262621,-1.01908036419
1.02272584381,-1.01556669825
1.01881671662,-1.00726506607
1.02081540715,-1.00761148419
1.02219206196,-1.02690253106
1.02158308761,-1.00317262088
1.02075729405,-1.01246631071
1.02373524889,-1.03096847554
1.01943932506,-1.02930540934
1.0228852085,-1.00940148011
1.02299164319,-1.00929844212
1.02164721924,-1.03881068952
1.02047919977,-1.01368422217
1.02297388655,-1.01507530676
1.02089012806,-1.02183459399
1.02232822029,-1.02557263536
1.02219954309,-1.01058725331
1.02097497132,-1.01442724673
1.02016762715,-1.00368478981
1.02405579646,-1.01271274248
1.02162294403,-1.019000415
1.01981067497,-1.01570011574
1.02094034559,-1.01459761071
1.0221037974,-1.01745966685
1.02033048015,-1.00467694884
1.02266981828,-1.02050121459
1.0193594189,-1.02281357551
1.01994468792,-1.02750682665
1.02210625902,-1.03176608105
1.02313340069,-1.03129492881
1.01972159828,-1.02396471591
1.02155837705,-1.03286349039
1.02083510483,-1.00548551443
1.02106093365,-1.01697231334
1.02134240867,-1.02191654173
1.02192880384,-1.03646275327
1.0204066085,-1.02219172989
1.02208312537,-1.01512756031
1.02363296028,-1.03363717812
1.0214933374,-1.02663835496
1.02101393165,-1.02125912075
1.02368867139,-1.01392215145
1.02244291346,-1.01321212228
1.02358699341,-1.02823220428
1.02233698243,-1.02422585622
1.02234844632,-1.04564298123
1.02118857498,-1.0213152907
1.02591715974,-1.01818093448
1.02304293887,-1.02039339731
1.02249521655,-1.02288225609
1.02229875572,-1.02313743214
1.02226152692,-1.02746388328
1.02266155967,-1.04106112819
1.0247389071,-1.0134043678
1.02209185538,-1.000902959
1.02253419739,-1.03116549189
1.0239843019,-1.01781908257
1.02530002494,-1.00861351306
1.02031903655,-1.01468744948
1.02407095671,-1.02823617973
1.02425204806,-1.02454256029
1.02393631584,-1.01661554691
1.02189125856,-1.01152192782
1.02115701143,-1.03846721764
1.02126093606,-1.01661560138
1.02406398722,-1.02817009806
1.02280066552,-1.02316154691
1.02197439873,-1.93587066627
1.02161670699,-0.534267153223
1.02488653094,-0.733675840307
1.0231326625,-0.888111486113
1.02509012264,-0.981629866552
1.02589392242,-1.04691970334
1.02612661433,-1.08556951979
1.02546590844,-1.096738431
1.02906970279,-1.78195360395
1.02583264043,-1.4991043459
1.02597922822,-0.905842937507
1.02649820316,-0.916474433179
1.02532980287,-0.956545109483
1.02338004934,-0.992112544047
1.02547985862,-1.00578825823
1.0228974557,-1.01725174212
1.02353498062,-1.03012608137
1.02540880608,-1.03222884404
1.02517508983,-1.01203952607
1.0219148687,-1.04760365639
1.02512624721,-1.04496739231
1.02456282897,-1.02363880232
1.02488012124,-1.03261050223
1.02395384992,-1.00966437827
1.02632735468,-1.03326433044
1.02328786071,-1.04119532111
1.02623635979,-1.051795173
1.02518178716,-1.04357068416
1.02418409803,-1.04481628683
1.02573059261,-1.03429202064
1.02610830302,-1.05710947496
1.02203458012,-1.02954155994
1.02350658334,-1.03386914624
1.02210183473,-1.02834352705
1.0214837437,-1.02363168024
1.02054551217,-1.0243418711
1.02237120616,-1.03205603272
1.01807275782,-1.01503550233
1.0202978508,-1.03523284368
1.02013178976,-1.02209175208
1.02103810013,-1.03806051863
1.01942310209,-1.02376802176
1.02221334381,-1.01775018724
1.01904583908,-1.02715157129
1.02109710344,-1.030327993
1.02323260803,-1.04319522065
1.02326573653,-1.02751405681
1.01937539727,-1.02838233229
1.0221305608,-1.04205375742
1.0201181647,-1.02426675527
1.02080085814,-1.02911017396
1.02128464378,-1.03912059378
1.02182231728,-1.04048413513
1.01872962019,-1.01117998404
1.02169580167,-1.0049519676
1.02104912532,-1.03912884423
1.01972943684,-1.02086310533
1.01965814827,-1.03214129403
1.02081983768,-1.02837690607
1.01913551532,-1.03118765545
1.02253221073,-1.01688835732
1.01921184564,-1.01238289117
1.01834481078,-1.01515915355
1.02043302466,-1.03167851688
1.02203734163,-1.03054494759
1.02048648632,-1.0323631809
1.0202659621,-1.02269954721
1.02151858971,-1.0301590306
1.02072104388,-1.01754866491
1.02088681635,-1.02861715809
1.02252464046,-1.01168371286
1.01858028533,-1.01284757626
1.02118947509,-1.02557059396
1.02290781681,-1.04354254394
1.02253779598,-1.02594023056
1.02007016083,-1.02797030559
1.02227653979,-1.02573239013
1.02122917455,-1.0188947866
1.0217557817,-1.01035056614
1.02100335503,-1.03034463456
1.02043889609,-1.01352971536
1.01971026389,-1.03213390277
1.02429865825,-1.0058870126
1.02190478446,-1.01571894328
1.01888416754,-1.01477196663
1.02050512154,-1.00788664029
1.02178860655,-1.03129632022
1.02003170071,-1.03437494972
1.02189397206,-1.01406842782
1.0202095341,-1.02478226552
1.01951442667,-1.03115878461
1.02140519489,-1.02732631353
1.02149590926,-1.01271383631
1.01869353965,-1.0051122225
1.02082787265,-1.02598304676
1.02072806561,-1.01433227922
1.02086300622,-1.04793368106
1.02164603053,-1.03458202158
1.02235196618,-1.02638562531
1.01761261161,-1.01236654282
1.02164261641,-1.01582125973
1.02275489678,-1.03819577429
1.02123959988,-1.01398424981
1.02087247057,-1.04220657905
1.02418203211,-1.02430967846
1.02340990573,-1.02555596362
1.02517883708,-1.03284031111
1.02517035881,-1.04557834437
1.02457834545,-1.02863947552
1.0255360581,-1.02792008317
1.02838527787,-1.0353977236
1.02565140987,-1.03725136316
1.02558197819,-1.03977880102
1.02526062491,-1.00635085085
1.02524390893,-1.01147248171
1.02255466443,-1.02254777328
1.0259294091,-1.03105881187
1.02351825113,-1.02503831774
1.02334280401,-1.02008406617
1.02216763597,-1.01935072103
1.02440388924,-1.02603067186
1.02160022842,-1.01082959748
1.02396738804,-1.02046651805
1.02321517105,-1.02681418929
1.02383572628,-1.02716377872
1.0248330141,-1.02642235177
1.024231215,-1.02345023929
1.02165050586,-1.03097326972
1.02472468357,-1.02761274108
1.02480227519,-1.02344719542
1.02481822714,-1.03478571706
1.02193818027,-1.01694938025
1.02520146827,-1.02935849523
1.02278352176,-1.02149093143
1.0237393921,-1.02202780982
1.02223284519,-1.02488695855
1.01972474262,-1.01986670895
1.01906807374,-1.0216906632
1.02228285129,-1.02135874367
1.02053437276,-1.02595589995
1.01972110026,-1.0065008311
1.01983486552,-1.02905153764
1.02065691778,-1.02753664491
1.02028636509,-1.03268519253
1.02245842849,-1.02374854167
1.01952898416,-1.00496134248
1.02023092634,-1.01850146022
1.0226835336,-1.02511350265
1.02282960103,-1.02785393464
1.01935683241,-1.02944013895
1.02129712145,-1.03486104146
1.02084404672,-1.02409413983
1.02156398615,-1.03642246336
1.02182061464,-1.04569638667
1.0208537049,-1.05177853439
1.0179028918,-1.03503867155
1.02097773547,-1.05446463644
1.02109865304,-1.05612012415
1.01995284098,-1.04126089542
1.01920625772,-1.0350087832
1.02130653521,-1.04702986045
1.02009729669,-1.03900318536
1.02468226321,1.63169527168
1.02182491555,-1.22957489192
1.02031636007,-0.81032564702
1.02045888244,-0.765281288881
1.02429994214,-0.849836291791
1.0204921445,-0.931182910092
1.02173398539,-0.986781927395
1.02203460847,-1.04970490903
1.02307964318,-4.66014204688
1.02173504241,-1.59795564483
1.02394626032,-1.45677897275
1.02014343473,-1.23530458195
1.02041660222,-1.13374524649
1.0218625696,-1.05948854417
1.02106722775,-1.02122885291
1.01889688486,-1.01994716937
1.02102663601,-0.9980729518
1.01957780689,-1.04772214036
1.01991550938,-1.00496890527
1.02062695929,-1.01235351357
1.02112301186,-1.0148512749
1.01797166538,-1.0014422745
1.02037478406,-0.988737118926
1.02027341194,-1.00497003315
1.01896709077,-1.00726049314
1.0194348419,-1.02688128669
1.02078613484,-1.01844643284
1.01858415257,-1.01781060082
1.02048260344,-0.996347769281
1.0197352382,-1.03125283291
1.01888580448,-1.02180904113
1.01964638117,-1.02967286925
1.02257611946,-1.00361740752
1.01851237296,-1.00625060924
1.01963094555,-1.00920756268
1.02010630803,-1.03160398362
1.02095784775,-1.02791160061
1.01864923713,-1.01285714569
1.02150625026,-1.03687430503
1.01884504341,-1.00977099263
1.02096363523,-1.02405425762
1.02036783136,-1.02673363126
1.02098009358,-1.01206578333
1.01937873599,-1.01429572663
1.02215966752,-1.02983958678
1.01895109112,-1.01656806606
1.01914776422,-0.991193914184
1.0202316484,-1.01805693451
1.02088493426,-1.0216482051
1.01785052203,-1.02482474809
1.02267859425,-1.02909166274
1.02090678181,-1.03678005098
1.01986869469,-1.00776359738
1.01923926767,-1.02591915197
1.02077210174,-1.03071197131
1.01925573913,-1.04152774317
1.02118337346,-1.02810922516
1.01917436169,-1.0453749428
1.01842374037,-1.0381920779
1.01965114245,-1.03346236939
1.02134316581,-1.03209645204
1.01852282024,-1.03642023916
1.02055915625,-1.05694918036
1.02088887186,-1.04691456036
1.01963037381,-1.03644813051
1.01848038332,-1.0397250958
1.0221357663,-1.05990817515
1.01883730533,-1.03988964394
1.02047871069,-1.03442620371
1.02064030375,-1.0538614781
1.01975322669,-1.04862391114
1.01948189687,-1.03740057801
1.02202497862,-1.04439898023
1.01950420983,-1.02850711895
1.02114189539,-1.03978765324
1.02133563078,-1.03218522777
1.01977549725,-1.04465384513
1.01845444214,-1.04266666644
1.02184657375,-1.03814339906
1.02170044237,-1.05573278166
1.01974892386,-1.04695941833
1.01905980361,-1.03316666664
1.01954258114,-1.02927054646
1.01825851261,-1.03409053578
1.02194975875,-1.04620149363
1.01936841813,-1.02238803003
1.01856012208,-1.0366117466
1.01910771183,-1.03484116725
1.0211452538,-1.03784324756
1.01895359059,-1.04600915726
1.02029190994,-1.03628575856
1.01960206864,-1.0518671192
1.019618234,-1.04545257583
1.02089401673,-1.04490413146
1.0211223779,-1.0250752741
1.01874465781,-1.04408520056
1.013311425,-0.577556050834
1.02014606269,-0.82480201804
1.02002901665,-0.759693945696
1.01828928308,-0.87782170937
1.02101256431,-0.878275666608
1.01773405866,-0.859015230395
1.0200251882,-0.810411582365
1.01968158724,-0.870426923619
1.01967014021,-0.873162099928
1.01774767778,-0.577960557535
1.02306017833,-0.655857155697
1.01943002812,-0.630349187222
1.02004785607,-0.584523697003
1.02024058549,-0.612368582391
1.02032001113,-0.604589254828
1.01801475801,-0.603410448714
1.02259694012,-0.619240574125
1.01858682341,-0.607192627091
1.01803251001,-0.602985712387
1.0210811106,-0.603357334735
1.02234478445,-0.603636553912
1.01687731008,-0.599091454297
1.01938790797,-0.593883214302
1.01880103972,-0.608179055721
1.01917536652,-0.603143603921
1.01912373816,-0.593700336941
1.01860426467,-0.597542015103
1.01634147442,-0.617070954296
1.02026832111,-0.601615661054
1.01988067686,-0.616737293683
1.01895155696,-0.602902435967
1.01866109011,-0.599958069295
1.01976084361,-0.586862397936
1.01791196928,-0.597933422943
1.01989867024,-0.57797919518
1.0191411518,-0.59185379529
1.01847664395,-0.59818963731
1.01751626211,-0.597932748396
1.02156458874,-0.591128819937
1.01861237529,-0.59923668138
1.01869334253,-0.594735225224
1.0197131922,-0.605496275981
1.01908244181,-0.585619185047
1.01984695431,-0.584414818288
1.02207036333,-0.597567323632
1.01724747876,-0.598875199396
1.01871236754,-0.58495161771
1.02043906096,-0.583691958664
1.02089374708,-0.596398600015
1.01729886036,-0.590414938752
1.02056563594,-0.596183043859
1.01881966668,-0.590703782119
1.01935642064,-0.565771547901
1.01868145083,-0.587936018071
1.02026424305,-0.580938893225
1.01685118672,-0.589855372857
1.0194976461,-0.565063416872
1.01944864694,-0.597678990964
1.01746055014,-0.584464092261
1.0190669744,-0.558152333778
1.01971998178,-0.583492755812
1.01737301888,-0.586969524377
1.02065312978,-0.598062517988
1.01913291805,-0.596668554199
1.01871838088,-0.592957364237
1.01688803713,-0.592687082647
1.02155279704,-0.58467192248
1.01838564421,-0.581954423881
1.01921808209,-0.582167459934
1.01827552919,-0.5806641966
1.01918980086,-0.583310283376
1.01820951878,-0.581196155115
1.02123782674,-0.59229283286
1.01799390525,-0.578950881397
1.01914128841,-0.580965805414
1.02065016989,-0.568888957227
1.0208024625,-0.571562935349
1.01723809431,-0.575530079207
1.01999723053,-0.584367893307
1.01845812864,-0.599951782797
1.01931963154,-0.584502788854
1.0200997163,-0.565593884166
1.0201181327,-0.574276729257
1.01656338591,-0.571394190793
1.02032459836,-0.576430916117
1.02066082116,-0.576553074675
1.01820856257,-0.577993166607
1.01852048028,-0.599296673312
1.01930032905,-0.57317069336
1.01815349455,-0.584107559787
1.02134521941,-0.579126820951
1.01884238539,-0.581341080065
1.01812976414,-0.579715571859
1.01807326866,-0.578117257192
1.02161585604,-0.571966361809
1.01888591091,-0.567198794273
1.01941424216,-0.568155564127
1.01913825405,-0.566409654799
1.01892370352,-0.573925148217
1.01957507506,-0.59279238117
1.02148813042,-0.586682682051
1.018431649,-0.584266027363
1.02011548249,-0.585039268353
1.02172755294,-0.570279996736
1.02126554974,-0.566264854116
1.01899691721,-0.578595223336
1.02107555113,-0.555233438494
1.01946539683,-0.57168899859
1.02075245168,-0.558499758944
1.02201677615,-0.582585230936
1.01946180612,-0.566794248909
1.01764324271,-0.579467202903
1.02206270785,-0.557327664664
1.02027372582,-0.556481502463
1.01971256001,-0.56810647216
1.01978791808,-0.572033646641
1.02062309604,-0.560460817594
1.01819316623,-0.562385767967
1.02153937027,-0.540834147343
1.0197674954,-0.554241578333
1.01947532292,-0.567843338827
1.01985401925,-0.569250907723
1.02193822659,-0.569954608331
1.01831252889,-0.564011787061
1.02031214803,-0.554138382547
1.01937855022,-0.551629429907
1.02054092393,-0.552000660243
1.01953260106,-0.555749813339
1.02185582396,-0.570862013679
1.01719638097,-0.564790058585
1.02023952178,-0.557990011914
1.0210920104,-0.556049359681
1.02130006425,-0.555597156217
1.01951712212,-0.567747798904
1.02180105448,-0.582587785113
1.0201209053,-0.543150771866
1.02098024309,-0.561908337074
1.02075325587,-0.55068420382
1.0199787351,-0.554612755706
1.01975173769,-0.558056402686
1.0227567404,-0.559864036895
1.01976363158,-0.557342092277
1.01992128493,-0.618196701909
1.02022989366,-0.151777230861
1.02124646262,-0.331535188284
1.01845274833,-0.462251209964
1.0222223015,-0.535354685119
1.02053369133,-0.580667494897
1.02034280766,-0.609014364174
1.02002545752,-0.592032518355
1.02347267717,-2.09430900797
1.0198696976,-0.820745831369
1.02071630682,-0.327515532655
1.01948842464,-0.358044814953
1.01986712419,-0.466191099299
1.02090312945,-0.484034634335
1.02148850214,-0.508801665869
1.01792681232,-0.524775918464
1.02069866415,-0.53464272027
1.02002399893,-0.505113096522
1.02041151433,-0.552309894404
1.01887282137,-0.525037745109
1.02242872835,-0.525058675279
1.0192348599,-0.531451329997
1.02050165339,-0.53609551816
1.02013033828,-0.535479223377
1.0203553243,-0.551697503867
1.02046863587,-0.510488045827
1.02316264311,-0.519782871992
1.02089962419,-0.522408888274
1.02075984734,-0.506711956105
1.02235064107,-0.511068505485
1.0221012131,-0.532268892966
1.02045183104,-0.506258070377
1.02343986986,-0.489820672707
1.02106211955,-0.551400180121
1.02022810939,-0.539163420854
1.0209917645,-0.545409967091
1.02389872636,-0.521830595997
1.02018298416,-0.536179513665
1.02072802552,-0.528785758141
1.0190211293,-0.530928084529
1.02009445949,-0.528346582346
1.02105320472,-0.522723114094
1.02165540731,-0.53547511781
1.01964516014,-0.548138354938
1.02098128995,-0.546032779613
1.0203410244,-0.54356680162
1.02151670905,-0.539312298269
1.01993584874,-0.536403978636
1.02123340238,-0.544494742568
1.02071305103,-0.550307660065
1.02209111105,-0.545148838639
1.02205641069,-0.553569664081
1.02091022172,-0.563419032642
1.0208412527,-0.573280937439
1.0240874711,-0.562669300918
1.02313261352,-0.588162139947
1.02492230029,-0.574516741623
1.02375440789,-0.57229822247
1.02393083286,-0.584838632529
1.02303116591,-0.553711862336
1.02554146169,-0.541187399049
1.02175811408,-0.565101040604
1.02250700524,-0.589091168493
1.02379122197,-0.559212127365
1.02419844401,-0.555933772053
1.02035000387,-0.548414977287
1.02310318076,-0.550923943989
1.02148251694,-0.564122884494
1.02206629384,-0.532040572838
1.02382904065,-0.550498112345
1.02335067753,-0.567255120511
1.01971986916,-0.56979200217
1.02320818875,-0.550365029454
1.02331767784,-0.54913502192
1.02271569896,-0.569973205391
1.02217767696,-0.54748809986
1.02315103451,-0.555347977448
1.0216329073,-0.561401803235
1.02425944551,-0.562123001028
1.02310893084,-0.570480842141
1.02125968068,-0.553315271592
1.02184596655,-0.554318156097
1.02565223743,-0.563098680068
1.02077835108,-0.538032693166
1.02247047704,-0.566028142517
1.02241141618,-0.563471452629
1.02201032415,-0.576719827059
1.02070535833,-0.546051573565
1.02234405203,-0.556508666295
1.01931554269,-0.554337511384
1.02028106858,-0.550198715832
1.02306291375,-0.558548282915
1.02167486961,-0.540252784281
1.02077202938,-0.535921217561
1.02201224186,-0.544124886948
1.01977582127,-0.55585278189
1.02165837281,-0.542428313477
1.02202987574,-0.561344382318
1.0217854089,-0.557535192036
1.01803868214,-0.544836120269
1.02189573186,-0.540674027842
1.02144625905,-0.548729331021
1.02112417083,-0.563558586395
1.01919396339,-0.55395803318
1.02094344188,-0.559889510556
1.01939344895,-0.545911552381
1.02150241563,-0.542846762919
1.01987776977,-0.539931959733
1.0194153158,-0.546880879473
1.02102238387,-0.562177479426
1.02159054792,-0.564562016885
1.01894840625,-0.538238685676
1.02080632914,-0.540546400063
1.02125012653,-0.550815093278
1.02056456244,-0.55703521075
1.02007879681,-0.5627033463
1.02346725097,-0.552503622722
1.01903861053,-0.54341615731
1.02086638031,-0.575983816072
1.02162244873,-0.558784584095
1.02176502455,-0.563265894699
1.02090108951,-0.544051542632
1.02271683396,-0.534601282572
1.02001087999,-0.537015901769
1.02187505904,-0.528771335046
1.02340520556,-0.558878732047
1.02257858933,-0.551329502436
1.01957143622,-0.549460340109
1.02301419669,-0.54012368944
1.02194327556,-0.54732330048
1.0207349085,-0.533879045136
1.02145546598,-0.551952220276
1.02106023408,-0.548319506722
1.01980681122,-0.561578915267
1.02353550683,-0.548783585684
1.02093464023,-0.546727290466
1.01985421078,-0.553429392395
1.02056152964,-0.559053723469
1.02242221652,-0.543899188799
1.02058353067,-0.554648724304
1.0229683413,-0.57096172036
1.01919707334,-0.55936356818
1.02089363421,-0.560698976136
1.02214631957,-0.556855296339
1.0234044798,-0.557576002969
1.01946753637,-0.564977856983
1.02000701029,-0.548533921213
1.02222799944,-0.563127183462
1.0227659712,-0.563590697968
1.02079520522,-0.551936968765
1.02286131846,-0.552037872668
1.01973022607,-0.549694873795
1.02140602031,-0.539576487197
1.0238091029,-0.56932679863
1.02282018286,-0.545061695892
1.01955678292,-0.530057129324
1.02482818267,-0.531515256826
1.02211463267,-0.543489231247
1.02243244957,-0.541208613373
1.02204575093,-0.528480180059
1.0219318887,-0.525176758861
1.02129349483,-0.504696000535
1.02918144451,2.37746238244
1.02212163989,-0.800135064636
1.02144842555,-0.276719240416
1.02135938967,-0.214567706786
1.02417636732,-0.332921276603
1.02115095889,-0.442130168238
1.02269485038,-0.499574483262
1.02077781358,-0.51317134219
1.02137718974,-3.74162158658
1.02350023595,-1.09082077152
1.02313625657,-0.879984504827
1.01994788082,-0.710902899402
1.02279768809,-0.622261761535
1.02189214267,-0.563112551975
1.02254908355,-0.54266427422
1.02155057402,-0.523154921904
1.02440648805,-0.547883198076
1.02004222054,-0.422733279089
1.0234652936,-0.602233476593
1.02367240564,-0.555913691851
1.0222858548,-0.5468275237
1.02205527311,-0.558975338066
1.02456457695,-0.526544220301
1.02296993641,-0.510340386629
1.02356113097,-0.537375789818
1.02279270083,-0.527305588108
1.02311681017,-0.550229399818
1.02289468908,-0.527825411484
1.02487990173,-0.516000755036
1.02268239257,-0.539154894287
1.02184980339,-0.525262722776
1.02273882737,-0.511701779245
1.02377449131,-0.529836634385
1.0200408105,-0.529215622735
1.02320833383,-0.508208291363
1.02230776523,-0.537910065614
1.02185188445,-0.525166784969
1.02189000176,-0.539103888341
1.02315069651,-0.549178210619
1.02027080226,-0.523485337735
1.02334772738,-0.529212060093
1.02202360842,-0.551599985572
1.02175408927,-0.537763407579
1.02229998836,-0.535889329869
1.02297571311,-0.533942619573
1.01993725242,-0.555133387347
1.02285453249,-0.528463795829
1.02268494569,-0.537545392065
1.0221726421,-0.530945823182
1.0189671228,-0.528477684676
1.02308876786,-0.526583071082
1.02039008155,-0.539018510494
1.02129524446,-0.522976855118
1.0223748543,-0.529126552727
1.02118382283,-0.519196133481
1.02043936764,-0.50847713332
1.02306451461,-0.513907241966
1.02106317848,-0.504314054804
1.02163534945,-0.527461007756
1.02417659476,-0.506717797717
1.02274580737,-0.501678796942
1.02005991442,-0.516780048955
1.02280251767,-0.516741888617
1.02112109097,-0.503998438013
1.02164840574,-0.521290026304
1.02227553329,-0.516466673589
1.02263217348,-0.518228022204
1.01891562717,-0.508998533175
1.02317691623,-0.515687838996
1.0219134309,-0.504705220582
1.02161061996,-0.505085492918
1.02241330957,-0.515136305849
1.02271305373,-0.513149503934
1.0190372652,-0.515153737199
1.02379082537,-0.508493227142
1.02180233633,-0.516824083244
1.02161415913,-0.512579509465
1.01961658562,-0.505550428166
1.02236106035,-0.516678337978
1.02126249972,-0.513630218552
1.02123374975,-0.51854072169
1.02216797843,-0.502202996828
1.02105489642,-0.50679423465
1.02185121362,-0.50241508367
1.02403646185,-0.529713917063
1.0204707449,-0.506906503612
1.02173542626,-0.515633218306
1.02330408662,-0.514956619981
1.02425319277,-0.533455900315
1.02281427385,-0.522252349025
1.0243224937,-0.516846667367
1.02193598978,-0.524331430178
1.02465884958,-0.53257542927
1.02527378407,-0.508754505493
1.02509167009,-0.508239971159
1.02328228963,-0.51675005581
1.03233627527,-0.514494891798
1.03606261383,-0.833967240994
1.03415818181,-0.816519939854
1.03525956628,-0.855913445807
1.03576166551,-0.880270438875
1.03367441841,-0.882441835123
1.03621595552,-0.821432877704
1.03568805693,-0.849201533977
1.03360246694,-0.841138371609
1.03573452805,-0.850320530717
1.03724970238,-0.845729193483
1.03484445828,-0.823148945998
1.03695584855,-0.796903970508
1.03640634103,-0.81331502479
1.03717621132,-0.795448252646
1.03824458791,-0.810007777791
1.04166833796,-0.810091658885
1.03688260155,-0.806954708194
1.03975337575,-0.820643465182
1.04187404944,-0.799232522021
1.04241074777,-0.795272291885
1.0412198781,-0.79238177174
1.04318932144,-0.813792499792
1.04073656193,-0.805768827597
1.04302955502,-0.803789577681
1.04247755917,-0.794416895226
1.04132916003,-0.793960741358
1.04092513388,-0.815301667702
1.04475589591,-0.793751356754
1.04297971659,-0.79457468988
1.0437508994,-0.806493519109
1.04277336607,-0.800543639229
1.04537437168,-0.797875650219
1.04321207619,-0.797562765161
1.04645483808,-0.794929982751
1.04536703595,-0.808778786938
1.04285803678,-0.797313477427
1.04426715605,-0.807487422752
1.04605099907,-0.802171497293
1.04330492698,-0.800929811841
1.04453821339,-0.798502251153
1.04339121058,-0.802495723944
1.04439398642,-0.813356582271
1.0446961099,-0.790292234919
1.04566004461,-0.787442803519
1.04117368568,-0.792637371197
1.04273508275,-0.776739979505
1.04349640378,-0.791419367205
1.04300685948,-0.804181468078
1.03901826615,-0.785792575086
1.04318320097,-0.787625792319
1.03881508437,-0.777248990148
1.04050875379,-0.766913636187
1.03979455787,-0.791297727325
1.03822299897,-0.779336746848
1.03682876553,-0.779133042409
1.03875069312,-0.798938295434
1.03776951972,-0.789139344776
1.03715068418,-0.772419025641
1.03543985083,-0.769641239676
1.03348922126,-0.800149696332
1.03263771802,-0.788780895805
1.03522510174,-0.79450601189
1.03304927864,-0.784811653589
1.03174390066,-0.783397018849
1.03272366313,-0.79219843571
1.03406035496,-0.782706837868
1.03210045784,-0.784423657034
1.0336737285,-0.7726643919
1.03278172026,-0.796045081304
1.03250267978,-0.783331491896
1.03356822478,-0.776961283998
1.03477561165,-0.778959464531
1.02991524206,-0.776447954895
1.03295893917,-0.788641636041
1.03303353189,-0.777202973464
1.034162026,-0.781857679087
1.0318453555,-0.765537972719
1.03353122456,-0.775416123538
1.03234293675,-0.770426570454
1.03455036832,-0.769376155331
1.03452407692,-0.773163572016
1.03251062451,-0.762032826139
1.03115782641,-0.774443636376
1.03507234611,-0.76500394311
1.03385911197,-0.770469266694
1.03468226513,-0.771736596679
1.03356627353,-0.787769923269
1.0332191201,-0.775697569366
1.03216129603,-0.772500055016
1.03635568006,-0.78310237001
1.03295161372,-0.775395298274
1.03340256357,-0.790479605598
1.03418184378,-0.776741621818
1.03566406599,-0.768863937655
1.03313992699,-0.768189108754
1.03466709812,-0.784420901179
1.03208711816,-0.783194645974
1.0323812172,-0.764357131449
1.03467674682,-0.781841936851
1.03480375609,-0.745949253323
1.03111744356,-0.772742254505
1.03279201212,-0.785300621442
1.03368949474,-0.76165317023
1.03389054252,-0.760751946887
1.03322280303,-0.775765152208
1.03316574212,-0.769623464489
1.03140818866,-0.774765451685
1.03475671815,-0.778589886837
1.03321062019,-0.780272075142
1.03259345896,-0.762398156253
1.03235654498,-0.78437773652
1.03604175438,-0.773003454737
1.03233937523,-0.775156196732
1.03327292855,-0.777716654578
1.03325584737,-0.769857928506
1.03363186929,-0.769805572865
1.03346656851,-0.761705446307
1.03392841299,-0.746860071671
1.03277987385,-0.752591634137
1.03339386616,-0.777380025713
1.0339189441,-0.779538209668
1.0341937395,-0.778519972229
1.03310359014,-0.763513112128
1.03375227613,-0.766545825651
1.03012570457,-0.752056836361
1.03330671773,-0.742953082385
1.03325672505,-0.761799378414
1.0335043038,-0.743875429167
1.03041983204,-0.754059324269
1.03458741761,-0.762383491587
1.03279647551,-0.760059559219
1.03266907245,-0.760418894925
1.03191426943,-0.752345461374
1.03340792693,-0.748738432244
1.03179681897,-0.761781510975
1.03253964339,-0.757451328705
1.0314625325,-0.745910239073
1.03087089304,-0.763629755669
1.03202275448,-0.765277934325
1.0333521261,-0.753892094143
1.03126668178,-0.743548683944
1.03257712058,-1.32095202532
1.03132084872,-0.305831709027
1.03218744328,-0.53859413433
1.03013853077,-0.656120308522
1.03381741857,-0.740465273804
1.0314049238,-0.783087669308
1.03260952263,-0.806027793013
1.03142852368,-0.798767735848
1.03293257442,-1.22232924626
1.03321576549,-1.21547694805
1.03352934599,-0.690900786608
1.03182321893,-0.629900555125
1.03415169086,-0.64688475673
1.03520005592,-0.679350804249
1.0351019906,-0.711622615251
1.03282226126,-0.71418828369
1.03664148214,-0.711015379456
1.03512329473,-0.727177378699
1.03555959263,-0.748244975384
1.03464681082,-0.711251032811
1.03544887682,-0.728285528203
1.03331182806,-0.726676581908
1.0363179525,-0.730052640305
1.03533199229,-0.728352755786
1.03215900978,-0.754491648969
1.03321157247,-0.727823562572
1.03459339466,-0.72084032554
1.03359118095,-0.725597830626
1.03479782011,-0.73227766521
1.03266198235,-0.72672172642
1.03242529106,-0.725036259108
1.03298944625,-0.713147903752
1.03540422562,-0.716888559951
1.03304776898,-0.728055065051
1.03397930006,-0.708825680937
1.03404807316,-0.741971873584
1.03360026693,-0.736557471757
1.03455986329,-0.742134714609
1.03534482617,-0.721857763788
1.03245312643,-0.748699770571
1.03473429379,-0.711927232112
1.03528541296,-0.745275901661
1.03371609927,-0.747900620447
1.03155312964,-0.752747915234
1.03337989584,-0.751633779473
1.0318184838,-0.749462929734
1.03245884379,-0.740094248465
1.03251969721,-0.767738439736
1.03026059895,-0.744495315578
1.0286764416,-0.751734026621
1.03314418116,-0.747665846773
1.03080875798,-0.739998700618
1.02928445737,-0.759857544159
1.03074657109,-0.769463698044
1.03151130183,-0.752303133314
1.02980225599,-0.778765761423
1.03149111191,-0.777266211259
1.03021418503,-0.768255402466
1.0295344537,-0.747848588634
1.03031764669,-0.75159672336
1.0312286023,-0.747254475873
1.02867605619,-0.761952354246
1.03041023584,-0.763971641323
1.03080901523,-0.766089733254
1.03193592189,-0.76219447937
1.03068980477,-0.753726263615
1.03203695436,-0.763999706496
1.02860554344,-0.745019589738
1.03187257633,-0.773577796467
1.03259370233,-0.754046284292
1.03100112797,-0.770458717717
1.02892871395,-0.772123305148
1.03266107725,-0.77884324246
1.03080102118,-0.756141961455
1.03147404268,-0.757984801354
1.03028631058,-0.748795555903
1.03091983909,-0.768073689375
1.03096884309,-0.758879779883
1.03349205522,-0.768817317763
1.02992092275,-0.770276948901
1.03050943866,-0.767020689989
1.03195348081,-0.765092769978
1.03432437344,-0.773977079455
1.03004318856,-0.767228707524
1.03299097243,-0.777266538367
1.03134312865,-0.751163581991
1.02992265335,-0.777796452995
1.03206111693,-0.771110768406
1.03310599949,-0.762075193476
1.02946731349,-0.752270932332
1.03083720973,-0.755120438587
1.03042105142,-0.757419079182
1.03083076108,-0.757365700361
1.03213771215,-0.742500177738
1.03178562819,-0.746099716463
1.02921821628,-0.739616255599
1.03172235333,-0.757687721835
1.03216914614,-0.738400457466
1.03079304917,-0.759332372416
1.02959029999,-0.757326279593
1.0330799328,-0.749474448969
1.03061649793,-0.746188029981
1.03230632968,-0.759177640938
1.03131013822,-0.768839035645
1.03043712688,-0.762924997141
1.03179919311,-0.760645597868
1.03355832506,-0.733441509093
1.03101011489,-0.778719133929
1.03136859153,-0.770503987985
1.03258745308,-0.748899985284
1.03152252202,-0.754938264388
1.03083312522,-0.757740348398
1.03223567907,-0.757836317975
1.02984733755,-0.758993672658
1.03063337692,-0.752558489565
1.03180342379,-0.756320309912
1.03308339002,-0.763145298742
1.02960919912,-0.76550034505
1.03078376724,-0.75855128152
1.02991569988,-0.739770727434
1.03063757374,-0.759911511937
1.03094182632,-0.764651658021
1.03099742727,-0.752970552925
1.02864380147,-0.769226244583
1.03244074363,-0.763723838173
1.03093071771,-0.765800555979
1.03051636545,-0.753037035781
1.02893635304,-0.751733899999
1.03084605553,-0.751389710864
1.03075555836,-0.761969160327
1.03235631607,-0.751999031688
1.02957173871,-0.74897619984
1.02946225967,-0.784322011118
1.02978794597,-0.752121570174
1.03312031178,-0.744507838224
1.03019981604,-0.757694130357
1.03107415489,-0.745705486792
1.03062849582,-0.754616179118
1.03245950102,-0.762525719714
1.0306977484,-0.760951757197
1.03392126156,-0.760372120579
1.02923996192,-0.764229646647
1.03007637737,-0.768305803732
1.0314724365,-0.769501363898
1.03152110725,-0.780874499494
1.02895814629,-0.767201089429
1.03169022306,-0.763092328732
1.03079146063,-0.767067681115
1.03105517181,-0.774219109394
1.03076075474,-0.743325432049
1.03127625486,-0.764694258239
1.02895995541,-0.771554383159
1.03242155532,-0.767814076234
1.03114700159,-0.74907988461
1.02970213853,-0.727272708478
1.02804835615,-0.753888874322
1.02962686603,-0.751463300724
1.03005152053,-0.757026467767
1.03215865591,-0.752399348034
1.03044134183,-0.751812725878
1.03011210524,-0.754177795746
1.03023330534,-0.729313965383
1.03652407414,1.78954816988
1.02850768988,-0.827977035673
1.03030131241,-0.461230266773
1.03163104328,-0.423779546344
1.03203879954,-0.553191686642
1.03059777779,-0.652021595543
1.03196930754,-0.689962682027
1.03018396955,-0.728614202542
1.03192121646,-3.5426188792
1.03268555095,-1.26369749357
1.03132979846,-1.0668375317
1.02937099478,-0.904784001009
1.0327107039,-0.827707293155
1.03045627404,-0.77851818547
1.03199511573,-0.743601732203
1.03144395341,-0.72515944704
1.03074036072,-0.749631669811
1.02933367882,-0.724670227439
1.03307081415,-0.775643153664
1.03269640327,-0.756267099098
1.03132836323,-0.747563969453
1.02943550746,-0.740838333678
1.03177430749,-0.734237635112
1.03086332264,-0.738309881931
1.0316600115,-0.746069347664
1.03001256885,-0.729525074333
1.03075320771,-0.745993387785
1.03167232448,-0.732916468104
1.03148888192,-0.742551927752
1.02864354427,-0.7486646198
1.03144258954,-0.751651396595
1.0310747526,-0.740211267785
1.031311189,-0.722335903952
1.03064148337,-0.744698381118
1.03170892965,-0.739828496499
1.02870250751,-0.734209748489
1.03013944441,-0.736817726617
1.03078854757,-0.742543978889
1.0299379422,-0.731444822961
1.03018330807,-0.755125084116
1.03176831925,-0.749970987919
1.0297071303,-0.734527027862
1.03113916484,-0.731991262417
1.03182465827,-0.741400544678
1.03072468927,-0.723821825871
1.02837521575,-0.742814053689
1.03217150544,-0.752432834644
1.02983952944,-0.737854078961
1.0288697423,-0.746289763148
1.03061865676,-0.761493607431
1.03048966944,-0.738852597044
1.02850415268,-0.744201153557
1.03018275313,-0.733655735748
1.02901965838,-0.740416376027
1.02937206841,-0.728894599951
1.03060916513,-0.733723995714
1.03106446699,-0.730596896956
1.02714789197,-0.705257905208
1.03005842702,-0.728613062478
1.02865605313,-0.722310017282
1.03031737234,-0.727579468406
1.0295202998,-0.727154472837
1.03102481034,-0.720844934726
1.02727469169,-0.719846722684
1.02988117602,-0.750061405836
1.03108737061,-0.729203793382
1.02850734692,-0.733387403052
1.02838642326,-0.738113815663
1.02999630297,-0.7191789303
1.02825005277,-0.729551948605
1.0303479527,-0.727808983541
1.02989360781,-0.734780853288
1.02973290503,-0.73450728905
1.02849428389,-0.731624462316
1.03145991603,-0.71575189634
1.02980625392,-0.738681596486
1.02854275794,-0.724889260084
1.02955440569,-0.731416278821
1.02930275143,-0.726823501521
1.02863100265,-0.716703685449
1.030868806,-0.729399721272
1.0285777174,-0.730771325224
1.02827074821,-0.74141520102
1.0294944549,-0.714651631014
1.02972962734,-0.733512696482
1.02686242213,-0.717262751516
1.02937514753,-0.741485113527
1.02905126222,-0.73409431935
1.02979927964,-0.746969497181
1.02909737182,-0.731801044046
1.02912791925,-0.750022992529
1.02748067754,-0.734640213802
1.03098870128,-0.732144127665
1.02982407468,-0.723042970427
1.02988992038,-0.740293486835
1.02936435773,-0.743306842315
1.02479115946,-0.544716684642
1.02897886514,-0.775756929145
1.03074573627,-0.662200886136
1.02928493823,-0.702548446282
1.02869391587,-0.684404459139
1.02841660966,-0.691421291532
1.03127617797,-0.698068537538
1.02899190682,-0.695119128309
1.02914095401,-0.692889748929
1.02920237528,-0.703979216097
1.03001999689,-0.706381384306
1.02895486565,-0.707373250279
1.03079810201,-0.675799503229
1.02787645997,-0.688154119352
1.02938587917,-0.685173977341
1.02990260331,-0.688370943551
1.03077015862,-0.691469602745
1.0280714541,-0.705739209306
1.03050066118,-0.692007868321
1.02947636147,-0.688039841419
1.0297957358,-0.672642587232
1.02857602192,-0.687404378148
1.0291853656,-0.702128172145
1.02794477355,-0.701453498393
1.02973690295,-0.67808469844
1.02896021126,-0.678725548769
1.02806484066,-0.688336557916
1.02701305674,-0.678646155033
1.02865183104,-0.679306865877
1.0256484325,-0.678605132422
1.02910477225,-0.693200169657
1.02853907141,-0.675200425642
1.02758048989,-0.676450395251
1.02751558875,-0.686684190663
1.0307288302,-0.654621662911
1.02868640475,-0.693246078342
1.02971770056,-0.679995392173
1.02945276932,-0.664092032143
1.0304194132,-0.674835240149
1.02930118407,-0.684189464168
1.03185404582,-0.668430446843
1.03004101252,-0.701484404142
1.03130286212,-0.683606064985
1.03356951328,-0.668449970685
1.03368024581,-0.662302974184
1.0324490137,-0.680341823179
1.03613408689,-0.669042890974
1.03538503126,-0.664881972796
1.0354849698,-0.659021109578
1.03595821188,-0.693258692859
1.0335719627,-0.661008274034
1.03259736119,-0.665625624877
1.03524802,-0.664498994479
1.03479105259,-0.674435611253
1.03320401138,-0.659063139944
1.03283355037,-0.670634270271
1.03394554548,-0.663750571205
1.03383124181,-0.682161418722
1.03763537072,-0.668307620837
1.03525987971,-0.651058100589
1.03458531149,-0.67195602147
1.03526707599,-0.659923317016
1.03761890619,-0.67724305079
1.03475926313,-0.679645031577
1.03483212635,-0.664546925162
1.03397263279,-0.66769675945
1.03465590321,-0.664678171751
1.03463209172,-0.677288678983
1.03442511006,-0.66415740311
1.03243419825,-0.688483941624
1.0339544793,-0.682123280151
1.03513615096,-0.662054854385
1.03486555417,-0.680931335994
1.02980584074,-0.686406672371
1.0307989943,-0.654171780761
1.02903341948,-0.662691596439
1.03043411408,-0.65573619884
1.02914735992,-0.692304537466
1.02753137965,-0.687242217743
1.02674240295,-0.673191143293
1.030812284,-0.668180790056
1.03026871213,-0.672750132183
1.03168493735,-0.65988926731
1.03253474973,-0.664175071345
1.03412192736,-0.668849315871
1.03276986672,-0.680705327744
1.03524560043,-0.667911618673
1.03355413636,-0.690693037561
1.03289332287,-0.659821680358
1.03195473988,-0.664458509813
1.03296586611,-0.660330490598
1.02949538442,-0.678526578548
1.03073925354,-0.657951550813
1.02949169601,-0.665588609572
1.03084006912,-0.651440656865
1.03028430256,-0.672232243132
1.0322678248,-0.67188237434
1.02694900005,-0.661602408182
1.03086883343,-0.6878247033
1.03230315979,-0.657429037454
1.03187460925,-0.675577725925
1.03015503101,-0.67493425434
1.03256543544,-0.689711283491
1.03150296923,-0.676646849517
1.03464938501,-0.677590558316
1.03277538044,-0.659928327707
1.03235130407,-0.660394114984
1.03396104092,-0.665739890675
1.03669061799,-0.66245670162
1.03255890546,-0.636698406948
1.03156663618,-0.647407420846
1.03195256678,-0.666516696638
1.03239025962,-0.656940729058
1.02932049526,-0.662536622809
1.02983839371,-0.666215160828
1.02756692827,-0.67319628387
1.02678552875,-0.674205829329
1.02664618482,-0.666067509159
1.0271101227,-0.671788225006
1.02397271291,-0.656420501517
1.02681076182,-0.663576599105
1.02532201107,-0.658936386121
1.02527140808,-0.677188967892
1.02745257621,-0.657421637382
1.02791626101,-0.664375761148
1.02526695084,-0.667599444201
1.02856335476,-0.650464974162
1.02778368566,-0.673661690624
1.02754081799,-0.676596691892
1.02599636748,-0.669295000919
1.02873644354,-0.651961764073
1.0270428237,-0.673963653996
1.02892575575,-0.662482146075
1.02725742605,-0.645395303227
1.02728782105,-0.674714528708
1.02652520045,-0.662987591077
1.02957453751,-0.64652576243
1.02792127123,-0.654604982967
1.02938267233,-0.65402720894
1.02857657354,-0.664091031173
1.02895509059,-0.65483659533
1.02752781145,-0.662997741535
1.03048410764,-0.820662241051
1.02731034754,-0.270762629142
1.02797808745,-0.447307641814
1.0281478979,-0.57284543365
1.02829010655,-0.614953942886
1.0265051066,-0.658603114692
1.02797788333,-0.691537872718
1.02717910213,-0.690549793955
1.02777968762,-1.91111993306
1.02687218017,-0.913427103827
1.02759378113,-0.509389124443
1.02449217782,-0.528724486965
1.02809943909,-0.583448929561
1.02627553688,-0.613362580197
1.02570610766,-0.617992127433
1.02363359419,-0.647622396369
1.02583516498,-0.642910106227
1.02521321318,-0.651228798304
1.02711928501,-0.674818702969
1.02649535368,-0.648864137974
1.02474217551,-0.632019756553
1.02357831504,-0.627654103227
1.02709534482,-0.649488269366
1.02550645459,-0.644470816717
1.02627415839,-0.643879185857
1.02529075128,-0.663594291756
1.02670387036,-0.653764721249
1.02585275573,-0.656075367747
1.02787077434,-0.647384584643
1.02440438528,-0.655721181283
1.02452318131,-0.642711345036
1.026630052,-0.659818519715
1.02582273119,-0.640793437767
1.02353069889,-0.663176876884
1.02565369117,-0.645538256252
1.02455345489,-0.637536847761
1.02502767355,-0.648333116546
1.02662005178,-0.644145266661
1.02605951613,-0.64798849808
1.02265360357,-0.641296600704
1.02531783542,-0.662934495236
1.02618344434,-0.632800412386
1.02516323718,-0.636638050116
1.02338913945,-0.649990417236
1.02520602428,-0.649348043189
1.02329305411,-0.634361542683
1.02714418089,-0.636575649526
1.02496766951,-0.635007605049
1.02439665155,-0.663604703867
1.02515290445,-0.661206021795
1.02849612438,-0.644427838803
1.02487895844,-0.645042144488
1.02492652256,-0.660754961101
1.02484344615,-0.663144705689
1.02660759051,-0.649896324816
1.02601705026,-0.653532472443
1.02666026256,-0.637224985715
1.02541029172,-0.665984831809
1.02593105934,-0.648961387676
1.02671173678,-0.649530183362
1.02637507524,-0.644332561478
1.02467835979,-0.657491703716
1.02686064002,-0.655810817131
1.02524561052,-0.659971091688
1.02628367936,-0.646583600321
1.02681728065,-0.650317968465
1.02623450104,-0.64361938023
1.02305412141,-0.651264249964
1.02740169762,-0.657748080015
1.02586317952,-0.652935099266
1.02567823617,-0.640582861384
1.0247948791,-0.653263178732
1.02579533607,-0.638678358368
1.02503355311,-0.657174444592
1.02638565241,-0.659493560723
1.02399365148,-0.664513653574
1.02419150704,-0.674545735448
1.02532569021,-0.669520521656
1.02721739029,-0.631570425035
1.02363663177,-0.663540655268
1.02480891666,-0.657249155074
1.02529830235,-0.658142487779
1.02589947109,-0.653250307966
1.02522490899,-0.657295904166
1.02836826876,-0.660054230346
1.02524264068,-0.647237318995
1.02620190599,-0.664322371416
1.0262318888,-0.65114405781
1.02594269085,-0.651620252967
1.02541532235,-0.63676435417
1.02757726252,-0.64063945375
1.0257372714,-0.646828775593
1.02767490077,-0.653829973239
1.02759800406,-0.645524185155
1.02727086336,-0.657868782066
1.02505504802,-0.640087743192
1.02879289135,-0.640027421294
1.02594669184,-0.656222757978
1.0263564347,-0.659349823937
1.0273628108,-0.631615494924
1.02709445528,-0.640245305383
1.02602257467,-0.646774841399
1.02964166535,-0.641893055776
1.02731532879,-0.631088427856
1.0280724103,-0.657668808557
1.02900088254,-0.636539747511
1.0318820451,-0.639491848251
1.02911119547,-0.668044082461
1.03018830072,-0.63723087451
1.02835294231,-0.612834422272
1.0299346811,-0.644807787133
1.03108782237,-0.663635917021
1.03081581363,-0.624548998819
1.02878468757,-0.653440890949
1.02971008177,-0.62106318521
1.03098765281,-0.641251854846
1.03066644863,-0.644921269267
1.02944155765,-0.645677023444
1.03099117241,-0.632699773622
1.03118817815,-0.64117388272
1.03376532033,-0.640196922291
1.03279835849,-0.648193162182
1.03134185464,-0.643907453633
1.029702664,-0.645608723253
1.03481990002,-0.635915122601
1.03240383166,-0.64245681149
1.03461886164,-0.636161334316
1.03295978829,-0.649193647751
1.03157170229,-0.628032998914
1.03290779536,-0.644084246333
1.03656813955,-0.639014187857
1.03312051835,-0.652510674815
1.03133836091,-0.632522606154
1.0328227959,-0.667780614753
1.03435225742,-0.654852004941
1.03118806985,-0.661255974946
1.03211603187,-0.630998878073
1.03071797678,-0.644516445613
1.03194186887,-0.645125640247
1.03158848519,-0.647947737237
1.03167201029,-0.641967349075
1.02927209798,-0.649238108046
1.0332710612,-0.645494930246
1.03103613396,-0.632465656038
1.03194834834,-0.641417194568
1.03049611142,-0.645483347514
1.0323962073,-0.645982841712
1.03061573725,-0.658268312992
1.03358627961,-0.664122777189
1.03247241936,-0.633756870513
1.0311941487,-0.636474874609
1.02992535243,-0.635826626149
1.03301088898,-0.643998720979
1.03215053719,-0.643902979124
1.03291399758,-0.662694006966
1.0316099625,-0.654606268034
1.03231329849,-0.648643472452
1.03179776989,-0.651567707274
1.03307815015,-0.632265316017
1.02931940065,-0.648132412112
1.03075139425,-0.642181353264
1.03204173248,-0.650411767473
1.0356225973,1.80678424117
1.02894776602,-0.706751723535
1.03056361622,-0.366668854849
1.03093495603,-0.385198955659
1.03038779706,-0.477711499551
1.03080505416,-0.536384924268
1.03165053373,-0.627400352748
1.02776898454,-0.628921929724
1.03167902743,-3.36182124144
1.03042779367,-1.19171967174
1.02979672451,-0.956210862599
1.03078270084,-0.812679752157
1.03100844868,-0.738675647107
1.02907568644,-0.697045690177
1.03136002036,-0.648006206878
1.03045264335,-0.627004757882
1.02991498776,-0.647488791848
1.02867337541,-0.633372105971
1.03167755965,-0.668064416586
1.02948023247,-0.640167322228
1.03079520094,-0.635673852776
1.03017153693,-0.64329689417
1.02965698212,-0.623558542939
1.03014624972,-0.639131041283
1.03191470608,-0.623891974139
1.02913599849,-0.635592193006
1.03056974118,-0.633211962672
1.03095113394,-0.631783565388
1.03131732721,-0.614869755428
1.02886972143,-0.622200870964
1.03132479573,-0.627803926837
1.02829018313,-0.626708604191
1.02960049334,-0.628067285127
1.03158123642,-0.618706517901
1.03121159422,-0.632867057179
1.02817274021,-0.656047106105
1.02964346542,-0.629958832946
1.02902321039,-0.633353286618
1.02775856627,-0.631268589301
1.02881815639,-0.639468971303
1.02993293632,-0.610533283975
1.02652454744,-0.646900155878
1.02966841026,-0.635657762741
1.02770160671,-0.63110208967
1.02773694079,-0.637409334765
1.02755857073,-0.638614793603
1.03048404488,-0.639014667428
1.02840924878,-0.644381560775
1.02847113635,-0.633957040832
1.02763558813,-0.634234217609
1.02715704225,-0.620618354389
1.02878217018,-0.640597444335
1.0303211531,-0.622158192201
1.02691190348,-0.638668923616
1.02791035795,-0.620125558691
1.02959057407,-0.629049770688
1.02964216392,-0.634438565489
1.02756357436,-0.633362655069
1.03011248242,-0.635199252204
1.02548306158,-0.639995784305
1.02819230137,-0.628012615241
1.02968967654,-0.630327914708
1.02848531638,-0.633792068114
1.02725995441,-0.639812673369
1.03005549474,-0.648528403876
1.02885075783,-0.631109051846
1.02721723358,-0.629753266231
1.02698309604,-0.644350683518
1.02857116266,-0.63049642016
1.02653285474,-0.624253323817
1.02955681922,-0.645327822236
1.02950069584,-0.65096670013
1.02730869304,-0.637623732356
1.02708242298,-0.635148756887
1.02868617978,-0.618338374194
1.02782760113,-0.642609238368
1.02981373645,-0.657167208942
1.02654531991,-0.655695017806
1.02824853792,-0.645343165127
1.0293717073,-0.627388569188
1.02975197195,-0.639568007659
1.02647250962,-0.648939185889
1.02897247021,-0.636968762548
1.03126738258,-0.641127873962
1.02923749701,-0.63232833197
1.02867745372,-0.650095866949
1.02866973337,-0.633757942054
1.02811617943,-0.648883584097
1.03126748214,-0.637207485141
1.03012879007,-0.643234379767
1.0288363611,-0.646983141983
1.02855995656,-0.657548089291
1.03156982704,-0.637163875368
1.02903717028,-0.644325441449
1.02960732906,-0.63907532925
1.02887893095,-0.634129415319
1.01827537776,-0.547390996118
1.02224710872,-0.743429462529
1.02500813158,-0.72256895515
1.02389220149,-0.744727074993
1.02266366105,-0.759235433531
1.02334924496,-0.717703948018
1.02386084919,-0.725215912881
1.02270365351,-0.751903663637
1.02314524618,-0.731124421578
1.01990826975,-0.585013418609
1.02325423709,-0.662027526461
1.02491225243,-0.640537084511
1.02342824897,-0.62583922032
1.02032193935,-0.631535138561
1.02417795786,-0.624188533799
1.02466239878,-0.617891407168
1.02373886254,-0.639486174224
1.02190513177,-0.648747029306
1.02424768996,-0.63882673364
1.02236714506,-0.651012786821
1.02438598912,-0.645162561075
1.02464622156,-0.613898750667
1.0235770614,-0.634858640873
1.02278522367,-0.639520907751
1.02643326409,-0.63297315584
1.02410351077,-0.641557647836
1.02541482139,-0.638379748893
1.02510831894,-0.63760170547
1.02480810684,-0.628567056139
1.02413641102,-0.637380690298
1.02708560286,-0.635532780579
1.02447969683,-0.645411712169
1.02339784304,-0.622198973367
1.02482473253,-0.645053174107
1.02496029811,-0.636617019967
1.02388526865,-0.627528570769
1.02554844314,-0.633539070755
1.02446065516,-0.649861875383
1.02377339816,-0.622485691488
1.02419634044,-0.625092331876
1.02578788981,-0.624156361221
1.02250183705,-0.62885132592
1.02567449251,-0.625232861111
1.0250683933,-0.621649686582
1.02510460013,-0.631972338732
1.02483367497,-0.61288491153
1.02528957769,-0.61765016501
1.0243448347,-0.629126804438
1.02675215234,-0.631644592859
1.02574104611,-0.620160633181
1.02527811993,-0.643841004926
1.02502171124,-0.620867292342
1.02759150813,-0.609422692272
1.02582499881,-0.628988964053
1.02603580528,-0.621946530134
1.02621027312,-0.61948988069
1.02670812145,-0.63141742864
1.0267251477,-0.634924441472
1.02948563165,-0.616585220079
1.0261228538,-0.630149775143
1.02538537136,-0.621342814183
1.02666274265,-0.610387188846
1.02786042276,-0.612044800856
1.02655095221,-0.622926634625
1.02678531279,-0.617385778372
1.02588275088,-0.6188595394
1.02620136796,-0.604304142636
1.02824189699,-0.626429835308
1.02798307264,-0.610453348736
1.02443174162,-0.633126051092
1.02669470507,-0.629027975091
1.02691729648,-0.611486793898
1.02926461069,-0.626324834892
1.02952847493,-0.628169502177
1.03074131333,-0.634598662173
1.02969362999,-0.61548387409
1.03721593671,-0.594091470749
1.0362866208,-0.609921568493
1.03710722277,-0.61090058689
1.03755002734,-0.614781851682
1.04046245057,-0.60976725172
1.03655631215,-0.612897379185
1.03787065831,-0.622075653344
1.03765738512,-0.615442082195
1.03652569678,-0.619526791852
1.03605291832,-0.605408664554
1.03793136902,-0.602009499953
1.03451225449,-0.622780472928
1.03426819861,-0.624983709829
1.03513331781,-0.609181811875
1.03686679922,-0.623287441145
1.03597437464,-0.614209338237
1.03821577915,-0.621608594559
1.03572586387,-0.612856342954
1.03704471978,-0.610861951614
1.038241583,-0.604523284045
1.03996806574,-0.615317094316
1.03689627922,-0.618394575002
1.04162064597,-0.615140186744
1.04032487909,-0.618437912282
1.03992178634,-0.605511966057
1.03889115047,-0.618326330212
1.03892321264,-0.606703809809
1.03692642906,-0.607170504151
1.03940850689,-0.61153047832
1.03402839372,-0.622135773743
1.03241054069,-0.601660786
1.0330178448,-0.603044838226
1.03332207614,-0.620612176142
1.02802522408,-0.615553715963
1.03044822342,-0.606605592321
1.03049805863,-0.631033881488
1.03001039038,-0.617814441142
1.03121464796,-0.62825664244
1.03326818833,-0.608202492737
1.03010053092,-0.6088732174
1.0318136946,-0.621445427107
1.03203025905,-0.601650034141
1.03121138975,-0.610596516155
1.03170989367,-0.598441947165
1.03342047096,-0.606298717057
1.03093198273,-0.614324114488
1.03242301978,-0.616939507833
1.03346181145,-0.612393756681
1.03111750112,-0.597990165537
1.03020578237,-0.621760308975
1.03271933362,-0.613223048185
1.03161818537,-0.623070457795
1.0311882971,-0.612784576724
1.03211971529,-0.606271512773
1.03032968369,-0.615588494479
1.02956051837,-0.614229452955
1.03146128164,-0.606863493801
1.03052577457,-0.605186279148
1.03075551745,-0.614550011852
1.03078366689,-0.611929029577
1.0317820016,-0.597968971429
1.02832819313,-0.595855419512
1.03143041382,-0.598009064863
1.02920638042,-0.609543838035
1.03003583866,-0.617917643885
1.03165165435,-0.595998703394
1.03128532928,-1.15617005877
1.02894758238,-0.223062441545
1.02961735294,-0.427853440676
1.03182131757,-0.523304580016
1.03032187818,-0.576128598332
1.03007658571,-0.633877975631
1.03186211202,-0.64110784426
1.02887294249,-0.659562850921
1.03196153678,-1.41504253489
1.0315045169,-0.845286218176
1.03112147362,-0.454487560386
1.02853633384,-0.469392695652
1.03221394475,-0.520872197306
1.03102479421,-0.573137323575
1.03230183349,-0.585857301947
1.03095042529,-0.573640045386
1.02927058918,-0.576555903475
1.02830656091,-0.556310215949
1.03251767484,-0.61316652234
1.02972405278,-0.592170330118
1.02833028035,-0.585614699444
1.03030492444,-0.599689881724
1.03095430312,-0.576692202554
1.02803895318,-0.580067591
1.02920251452,-0.575590384194
1.02773318456,-0.600500554529
1.02929890663,-0.593456205371
1.02942884257,-0.595485326955
1.03042652706,-0.592489550276
1.02694760407,-0.596713885926
1.02967692581,-0.607070673097
1.02907435513,-0.595698745097
1.02901071505,-0.588774588659
1.02949268485,-0.600412924002
1.03039717919,-0.604278557897
1.02749244738,-0.605864956746
1.03053805505,-0.590486067702
1.03072902813,-0.605213447074
1.02920061331,-0.605854758772
1.02808094249,-0.611659923345
1.03119099306,-0.590827292116
1.03058222007,-0.586672392026
1.03105860213,-0.610095190281
1.02862808071,-0.586454038599
1.02860602502,-0.596138063143
1.02958232973,-0.586769768356
1.0313657867,-0.585679903235
1.02808746277,-0.590150860623
1.02855627449,-0.59645854978
1.03047531301,-0.591832926645
1.03071660654,-0.584978708626
1.02820474928,-0.607287429887
1.02938594078,-0.598726163827
1.0286007581,-0.58696264393
1.02915387803,-0.594791940685
1.02992623922,-0.589575134498
1.03086571797,-0.594476346489
1.02803366169,-0.606585072379
1.02956597491,-0.608345239344
1.02875501258,-0.596008926555
1.02790930655,-0.589130924918
1.02924792121,-0.606707882356
1.02945880293,-0.604264797896
1.02711029338,-0.611066855301
1.0304072404,-0.604058973574
1.02946935009,-0.595536837298
1.02718664525,-0.600874247796
1.02728093817,-0.611157383522
1.03101399564,-0.598928632241
1.02919662655,-0.615814369225
1.02978853435,-0.593975513228
1.02769658851,-0.601127208361
1.02845242293,-0.586786211898
1.02849927369,-0.621608037813
1.03067191727,-0.590416146802
1.02951875676,-0.604635084384
1.03030655862,-0.598451113298
1.03089093709,-0.608150023636
1.03017566947,-0.591487204318
1.02838406846,-0.59628699509
1.03053064674,-0.583050302467
1.02822584708,-0.603362398579
1.03028121695,-0.589000078693
1.03149850566,-0.599209674461
1.03052283754,-0.613575879597
1.02904196777,-0.607595522487
1.0304719347,-0.599636250081
1.02868405269,-0.593620572807
1.02963547349,-0.585533365316
1.02975345718,-0.594172541149
1.03040999747,-0.592789450392
1.02797251587,-0.599589851228
1.03161666043,-0.600190877771
1.02955057386,-0.597363895246
1.0276271119,-0.598036312542
1.028673255,-0.598555119527
1.03131108973,-0.580926154993
1.02919053488,-0.600342162569
1.03064861632,-0.588560617774
1.03040030726,-0.600734047388
1.02888114839,-0.606610686628
1.03003584253,-0.601773292548
1.0325112803,-0.595810176415
1.02918138951,-0.599873094125
1.03055199171,-0.597040958142
1.03110309887,-0.604640011867
1.0320066052,-0.595184910776
1.03019939363,-0.606352611958
1.03032650935,-0.589447056403
1.02776122938,-0.596034362981
1.03064897079,-0.583201744279
1.032467439,-0.582828238162
1.02952285263,-0.573064142514
1.02787493292,-0.60528001574
1.02974964527,-0.589267646551
1.02892444131,-0.583206782243
1.02924673537,-0.602399438107
1.03019729356,-0.581600876272
1.02931642479,-0.588658097134
1.02762900594,-0.599128665404
1.0317807461,-0.589665266025
1.03087434956,-0.598480141123
1.02879843215,-0.590350123913
1.0288413329,-0.600225946209
1.02960066187,-0.588212733318
1.02908847307,-0.602662569136
1.03027909337,-0.592818916616
1.02932305602,-0.602764294321
1.02913784631,-0.617838315671
1.02917759066,-0.60024803522
1.03202996337,-0.57310650956
1.02743210626,-0.588542979994
1.02976244328,-0.60438403007
1.03066096435,-0.588960770207
1.03048568845,-0.576792586074
1.02977815042,-0.592310109586
1.03014628921,-0.598139400297
1.02889305635,-0.597184515306
1.03080438261,-0.598395390754
1.03118576907,-0.599961659388
1.03073611457,-0.592294112504
1.02918077105,-0.603043994547
1.03072909662,-0.579148288407
1.02854098631,-0.598853303014
1.03136624586,-0.598857342757
1.03060853094,-0.58250819383
1.03059722419,-0.598790633688
1.02854451023,-0.601672972872
1.03123874266,-0.583190536444
1.02974160425,-0.588326868804
1.02888651457,-0.586707625977
1.02973539903,-0.591090478679
1.03166891154,-0.578772647129
1.0290620177,-0.579017099616
1.03111044615,-0.592993273824
1.02847911073,-0.589998118871
1.02832574317,-0.581415786661
1.03002867973,-0.611358148806
1.03185266599,-0.595122423763
1.02862873993,-0.592780560055
1.02977196257,-0.596684092325
1.03166711241,-0.578993825693
1.03412609393,1.86092089966
1.02840029574,-0.676766094082
1.03065979608,-0.324869260368
1.02798065688,-0.34258958873
1.02972562937,-0.428776665081
1.0305409305,-0.521809296999
1.02950773069,-0.57793894359
1.02906104553,-0.59396979284
1.03144928158,-3.28317112676
1.02865348435,-1.12564689178
1.03041704941,-0.895135139968
1.03088462469,-0.754518845315
1.03021915517,-0.694120306391
1.02827434104,-0.619872855662
1.03221211205,-0.591703123513
1.02890301357,-0.574904552399
1.02739097556,-0.582113385006
1.02974611653,-0.59272995341
1.02914000727,-0.61890118641
1.02795165277,-0.585812313836
1.03091749291,-0.582155354861
1.02837848582,-0.571423484799
1.02796030605,-0.590060892744
1.02950288313,-0.596384441769
1.03176154895,-0.586599965103
1.02733346437,-0.580602025538
1.03007345062,-0.588029362808
1.02861683995,-0.577342932426
1.02814266692,-0.580996288876
1.02849662922,-0.596906918272
1.02942109273,-0.582301142997
1.02836741825,-0.587182637379
1.02972406612,-0.588651685592
1.03060024815,-0.594533153141
1.02734985421,-0.567257297266
1.02764668659,-0.596662693192
1.03038134052,-0.594314815156
1.02857524689,-0.580823709058
1.03094442127,-0.584225292422
1.02902872684,-0.583260920013
1.02886873842,-0.579778333734
1.02746327432,-0.58405746536
1.03253582531,-0.584897722845
1.0297491314,-0.604213678696
1.02951924193,-0.580088866392
1.0298068504,-0.577918536231
1.02933001645,-0.587241191539
1.0286175389,-0.598137272726
1.03167954323,-0.590430592976
1.0281693533,-0.58019186468
1.02686473402,-0.588623432008
1.03053795457,-0.587358921361
1.03175922533,-0.587840747957
1.02725214627,-0.584666429886
1.02999158182,-0.577862699358
1.0302348951,-0.594413478135
1.02982876978,-0.603056358883
1.02760066901,-0.588770284153
1.02819730473,-0.571648113401
1.02667687883,-0.576735209839
1.03135475511,-0.594441740019
1.03058927961,-0.597957678524
1.02867255507,-0.569823565893
1.02814393266,-0.578277773245
1.03083474316,-0.583855231673
1.02877849537,-0.59642404568
1.03120069618,-0.609310882162
1.02929530383,-0.589272112106
1.02924911853,-0.58855257121
1.02971256072,-0.615563254402
1.03080183373,-0.595239384733
1.02882188865,-0.603924878451
1.02955837958,-0.583708872349
1.02927441342,-0.580906826603
1.03006705913,-0.590126696263
1.03051279201,-0.593266963029
1.03042119695,-0.595973688598
1.02695272353,-0.606767505932
1.02890349325,-0.602621682494
1.0304205849,-0.594620690292
1.03027217401,-0.590652443056
1.02666201036,-0.590632317719
1.03043034737,-0.5943791256
1.02938367486,-0.595644981979
1.02966237934,-0.608871021665
1.0286161826,-0.578148614668
1.02939913849,-0.600949630278
1.02867136688,-0.602535386807
1.0301300265,-0.594383672667
1.02920615702,-0.591586723257
1.02740291113,-0.599995580272
1.02853997663,-0.594309573061
1.02999761417,-0.598220151899
1.02673605686,-0.588700702393
1.02934684321,-0.588172203393
1.0293590863,-0.608319235991
1.02294914708,-0.613427016647
1.02969232935,-0.840080678723
1.03082751808,-0.72149202283
1.02722273987,-0.718635249832
1.02949931605,-0.726519684291
1.02944911461,-0.732889591856
1.0301290654,-0.724538105251
1.03014346557,-0.740382170684
1.03007809896,-0.717330536194
1.02744633805,-0.693385556858
1.03093956001,-0.725573611741
1.0325343618,-0.706950536538
1.03179480808,-0.709087306827
1.03089673567,-0.712771287031
1.03338324163,-0.709897229119
1.03251398115,-0.708434536222
1.03078340401,-0.720927255691
1.03244367027,-0.713273738757
1.0307761204,-0.695530021281
1.03024665468,-0.722143438833
1.03270689006,-0.702625741736
1.03109133691,-0.709255142825
1.02920869329,-0.716503837154
1.02868486814,-0.707850269201
1.03129554822,-0.713687243153
1.02800352817,-0.715356838206
1.03128220236,-0.723737849581
1.02969252805,-0.722444956332
1.03000120063,-0.723662122016
1.02979901101,-0.714265691161
1.0313503332,-0.704756991016
1.02935683621,-0.701339252143
1.03059770879,-0.723474065317
1.03244657076,-0.718527058555
1.0322789665,-0.704804539836
1.03252463979,-0.722574460371
1.03342977539,-0.706334340563
1.02982250302,-0.71583767949
1.03302880913,-0.71804332798
1.03344618241,-0.717322702054
1.03140839413,-0.724166905125
1.02855127615,-0.727121889767
1.03197611193,-0.725078050378
1.02866544046,-0.703510893381
1.02934686443,-0.71865147691
1.02920455171,-0.713586613878
1.02692399725,-0.710760165425
1.02754391474,-0.713300037053
1.03178401389,-0.730162256245
1.02988687541,-0.72830280925
1.02679078436,-0.70863462742
1.02795462051,-0.708952923986
1.02932127324,-0.718583136926
1.02739525175,-0.720784407632
1.03035390284,-0.715567063361
1.02778978025,-0.71777033677
1.0281603943,-0.727132232009
1.02850605223,-0.725960156904
1.02907536216,-0.727019817499
1.0267625571,-0.712123551553
1.02689520998,-0.725089507077
1.0262545524,-0.717652959471
1.0267086555,-0.714826565874
1.02762502988,-0.707269409826
1.02833688002,-0.729553542452
1.0243246792,-0.731675455213
1.02708523041,-0.706669250536
1.02821616715,-0.719933349401
1.02645232643,-0.715468008852
1.0257135498,-0.725918805971
1.02786912015,-0.709447224269
1.02582546929,-0.732106966227
1.02804333418,-0.724104071991
1.02674365051,-0.72782861887
1.02514491783,-0.719333692733
1.02562925284,-0.726622093491
1.02907356431,-0.717994058593
1.02740519995,-0.722167942953
1.0255281082,-0.722578082474
1.02774287552,-0.729177591423
1.02753235182,-0.719524485584
1.02511660523,-0.728860384003
1.02736158747,-0.707624669325
1.02657092028,-0.70148688628
1.02671658109,-0.713654943976
1.02645630171,-0.700022783601
1.02855873776,-0.700901240823
1.02499823837,-0.713081459688
1.02573947152,-0.721166384279
1.02577618829,-0.713451953444
1.0259784924,-0.71852749494
1.02747636717,-0.692883111221
1.02722843039,-0.717548968833
1.02438026124,-0.717017458585
1.02756873965,-0.713619303257
1.02789854241,-0.712311558899
1.02540664651,-0.718038372548
1.02486170465,-0.730594852901
1.02801071225,-0.719348064852
1.02508929308,-0.717888347991
1.02685310646,-0.725151373473
1.02610257843,-0.720146630435
1.02455581622,-0.709699781526
1.02485503662,-0.710336912062
1.02826480016,-0.714317602508
1.02469217831,-0.716698754098
1.02536228898,-0.710115016992
1.02723307326,-0.711921484239
1.02634867991,-0.715308975042
1.02332481634,-0.717250115901
1.02597620695,-0.709141523107
1.02461497118,-0.707906319184
1.02392716349,-0.720358866194
1.02617152911,-0.721013032148
1.02590966459,-0.722427464567
1.02344560671,-0.722417017696
1.02500159862,-0.702968828963
1.02407792792,-0.717028765267
1.02421336871,-0.705262875316
1.02457902111,-0.711660300762
1.02624985498,-0.714902023881
1.0223920812,-0.725289481928
1.02599945118,-0.726683224015
1.02499318261,-0.725371212599
1.02397976432,-0.696739401648
1.02447549744,-0.715084855065
1.0236620147,-0.711296949282
1.02361936309,-0.700253320659
1.02376634642,-0.712095558049
1.02400389449,-0.704618751237
1.02193787378,-0.713538806833
1.02363662344,-0.709623688992
1.02471558018,-0.702512483939
1.0215467972,-0.727086030997
1.02374000377,-0.718950125491
1.02387664758,-0.729181098798
1.02482909998,-0.701169824686
1.02296303131,-0.712376738263
1.02501802744,-0.704879892449
1.02191054526,-0.712467232882
1.0233724913,-0.708426299495
1.02481432143,-0.718645729506
1.02336404364,-0.934012406471
1.02194875662,-0.357259869621
1.02368778029,-0.519057123255
1.02320310083,-0.620485293167
1.02374338013,-0.706052495009
1.02411760955,-0.741357730013
1.02467542946,-0.757892216694
1.02148071105,-0.773073961279
1.02597661394,-1.9982048768
1.0247409677,-0.938902819588
1.02351265205,-0.568390733145
1.02316172491,-0.60064898051
1.02238395657,-0.639423950457
1.02182909137,-0.680502834487
1.02542571776,-0.662814330386
1.02118142051,-0.696130125241
1.0214532517,-0.69338580149
1.02250040828,-0.640928044503
1.02483549833,-0.713801171602
1.02200191996,-0.69676394276
1.0227151196,-0.699168151007
1.02403475893,-0.7173951807
1.02366209623,-0.687161011094
1.02306047158,-0.696441570514
1.02396191624,-0.687023668514
1.02231126091,-0.709135292722
1.02285520878,-0.694927274159
1.02481015653,-0.70402742655
1.02368221542,-0.702640442881
1.02251147015,-0.731513560229
1.02469813439,-0.69302125811
1.02272718305,-0.716188738611
1.02325892022,-0.717582958753
1.02356366338,-0.712687530077
1.02219153324,-0.710473024612
1.02062773209,-0.712302517917
1.02436731342,-0.726316468425
1.02284963361,-0.7100982093
1.02084622249,-0.712169919758
1.02066932798,-0.702372752754
1.02148084836,-0.701410910071
1.02234102334,-0.700900749621
1.02225124233,-0.713486718709
1.01949816778,-0.719022293867
1.02027479956,-0.710598308262
1.02263900442,-0.695296078208
1.02288879117,-0.692561499455
1.02023581335,-0.713740474057
1.02128325586,-0.697625694069
1.02168180765,-0.697708321074
1.02116066672,-0.704617730963
1.02047322929,-0.705404416328
1.02266911279,-0.708904295699
1.0191799654,-0.686939173142
1.02174824142,-0.692739838098
1.02218720672,-0.715543819291
1.02088079272,-0.707898178007
1.01961786626,-0.702648392995
1.02313323484,-0.683527240133
1.0228841681,-0.697664351241
1.0235176079,-0.673556293554
1.02629661593,-0.693287091242
1.02354747462,-0.69310118415
1.02366008519,-0.701407910726
1.02648821488,-0.695253080869
1.02477337253,-0.70331854274
1.02466009005,-0.693670290716
1.02472860924,-0.690413253103
1.02365856809,-0.696997416664
1.02199938696,-0.699271581415
1.02410874173,-0.70749996745
1.02215003505,-0.702515982498
1.02146690805,-0.691652064667
1.02306353943,-0.698766035337
1.02445475768,-0.694747637453
1.02079678307,-0.705870805578
1.02410365578,-0.690073178981
1.02188314988,-0.686941437348
1.02243165017,-0.687075884714
1.02407226706,-0.701410142892
1.02407723882,-0.701326704145
1.02240106423,-0.700143470418
1.02459366914,-0.696330470136
1.02554381491,-0.685126745812
1.02375534082,-0.681890706299
1.02191447802,-0.682669341699
1.02551638004,-0.70183489568
1.02233910768,-0.693121636565
1.0238540259,-0.676769469658
1.02357129506,-0.686861672476
1.02237489722,-0.701455692859
1.01952152924,-0.705320774078
1.02362615427,-0.712749904246
1.02104596837,-0.691798472099
1.02038039996,-0.694599203202
1.02140175649,-0.715962451496
1.02041728919,-0.68576937424
1.02046040612,-0.704804408789
1.02209843938,-0.705990905366
1.01955854932,-0.712393848602
1.01933231065,-0.695337295153
1.02134875525,-0.677682601164
1.02346418943,-0.693504264995
1.01920657726,-0.68199292003
1.02028989625,-0.696720306626
1.01965790431,-0.7019790883
1.02070237541,-0.688719711125
1.02078223427,-0.699411511785
1.01960590896,-0.681599739573
1.0177421097,-0.680316339019
1.02096472202,-0.690626468443
1.02011115365,-0.694949057908
1.0199525127,-0.693018325462
1.01939793659,-0.70895878668
1.02033815801,-0.690427275306
1.01829215562,-0.701077097247
1.01980216286,-0.69139954503
1.0220868871,-0.703440544081
1.0200956054,-0.709189281524
1.01947713104,-0.716269191163
1.02110361419,-0.675569218143
1.0205983401,-0.689446622773
1.01985943955,-0.690012837804
1.0205383806,-0.702003537565
1.02133019364,-0.704387321985
1.02099787239,-0.696866698925
1.02173025993,-0.705729273922
1.01913672597,-0.704288141007
1.0186968126,-0.697607890248
1.02134919902,-0.710131271778
1.02326492818,-0.699589630301
1.02066567471,-0.69467678582
1.02082225959,-0.68063974741
1.01998527568,-0.690014878044
1.01942669536,-0.698943690881
1.02055009561,-0.705561219661
1.02049373406,-0.692969790537
1.01847669314,-0.688901370323
1.02187880985,-0.708924510455
1.02090287926,-0.701157446941
1.01863113077,-0.688611293923
1.01997372232,-0.699867483539
1.0218250897,-0.683450324545
1.01982115793,-0.702914429004
1.02058122716,-0.707117190521
1.02161723643,-0.694382841531
1.01960428678,-0.695170642443
1.01956132615,-0.694777148788
1.02257185376,-0.683148345025
1.01961997071,-0.688864140289
1.02089518095,-0.671875288122
1.02037941666,-0.701750769117
1.02212312193,-0.699829100188
1.02108039791,-0.709800227425
1.02289880788,-0.702241249657
1.02067103989,-0.715008652155
1.02142981798,-0.703473961616
1.02170542847,-0.726443437626
1.02276698059,-0.710587895319
1.01989893778,-0.714749114932
1.02224245137,-0.710690890308
1.02146633686,-0.712308501818
1.02401834567,1.58260656744
1.02073250086,-0.796510080934
1.02045534247,-0.415832089772
1.01984982554,-0.445443472716
1.02318533318,-0.53084587929
1.02169333807,-0.628568488989
1.02071371341,-0.663342793809
1.02008290206,-0.710041972443
1.0212521567,-3.2945827326
1.02036323524,-1.19374549465
1.02298007152,-0.996552655012
1.02227480769,-0.871963199216
1.01990286958,-0.77903313805
1.02005935169,-0.722443871762
1.02225265942,-0.676504832715
1.02005377425,-0.672472645234
1.02082347501,-0.690947916836
1.02234825433,-0.699837412797
1.02083792524,-0.705474968277
1.02036626598,-0.69479895032
1.02255655479,-0.680171460514
1.01980841575,-0.698983262905
1.02144600986,-0.666516393837
1.0213980323,-0.698580574449
1.02117525272,-0.664759478651
1.0192401294,-0.691993013156
1.02283912103,-0.674961023364
1.02119609693,-0.687292487377
1.02282113568,-0.679876634802
1.02172877891,-0.687260590821
1.01973622143,-0.679895366507
1.01938394764,-0.691845305018
1.02282284021,-0.686095417726
1.0223928719,-0.688505779519
1.02015543903,-0.691651524453
1.02201244036,-0.701982549363
1.02023534472,-0.693231271348
1.01866340989,-0.699807606674
1.02216843826,-0.696189348075
1.02062660579,-0.688497637319
1.01974237988,-0.712068809536
1.02049507972,-0.68145923176
1.02088441793,-0.69460782009
1.01948611199,-0.694434108747
1.02170195925,-0.691365190104
1.02035636874,-0.703732100019
1.0200078746,-0.704288391376
1.02227284313,-0.69172202195
1.02381900079,-0.681635803442
1.02000505824,-0.68012366881
1.02091914478,-0.699668546161
1.02258420279,-0.690451150485
1.02198387742,-0.677316646162
1.02128218555,-0.696349812234
1.02239787685,-0.677493190855
1.02170505572,-0.684559874005
1.02311459502,-0.687447284768
1.02303467248,-0.702080438762
1.02088758901,-0.681532860275
1.02088362315,-0.683034174007
1.02468245846,-0.709427923584
1.02139579035,-0.704150227463
1.02256111661,-0.70053004771
1.02270303619,-0.683744428241
1.02313763176,-0.701936451688
1.02115554914,-0.703291918569
1.02327449672,-0.689103660856
1.02097039056,-0.70261135511
1.02078201562,-0.683395779406
1.0223543086,-0.693994621976
1.02435121753,-0.699871010942
1.02133664777,-0.701622940103
1.02295605547,-0.69522879018
1.02184768358,-0.699339572229
1.021372064,-0.703992047105
1.02361180215,-0.697646353476
1.02304896211,-0.703934418972
1.01977545278,-0.70381254532
1.02184537432,-0.692083848307
1.02286311273,-0.680877037401
1.02054182778,-0.68272476153
1.0194405259,-0.70668807527
1.02180480751,-0.689435763338
1.02074238242,-0.70488683155
1.02281198883,-0.69623171658
1.02147594021,-0.69476361875
1.01992787771,-0.700258547621
1.01927631443,-0.689248501593
1.02259506546,-0.705283893145
1.02016989256,-0.700043795698
1.02028687408,-0.696098175546
1.02230485039,-0.693287215362
1.02052940567,-0.683500172526
1.02109417443,-0.696061067493
1.02179420459,-0.685409395697
1.01967197192,-0.692764340981
1.01060920879,-0.656458766898
1.01891338334,-0.904606984301
1.01829155364,-0.792867619786
1.01620973677,-0.810238583923
1.01801090021,-0.821142040871
1.01690093289,-0.821453009128
1.01559403449,-0.807664757026
1.0175839107,-0.827033181305
1.0181864558,-0.796002351579
1.01538914649,-0.771140172782
1.01928071028,-0.828680062797
1.01841087242,-0.812914892874
1.01618899224,-0.793263611192
1.01663739886,-0.801902915509
1.0173634007,-0.80264514363
1.01702731463,-0.815160007036
1.0177948214,-0.820594690698
1.01835522429,-0.81196509559
1.01700934806,-0.817250503974
1.01571668864,-0.828501500747
1.01871282084,-0.82334803359
1.01721615658,-0.813953493155
1.01733676845,-0.815319887202
1.01709482871,-0.824997477534
1.01806675953,-0.835581998467
1.01758266978,-0.804880049868
1.01959439089,-0.80052940109
1.01611862755,-0.812191231267
1.01741617986,-0.811436199063
1.01881725307,-0.799810489843
1.01835608857,-0.798802564504
1.01669742131,-0.813217659533
1.0189265747,-0.817127612512
1.01628606356,-0.814876183098
1.01681440653,-0.818344280927
1.01887515568,-0.814306289691
1.01866917687,-0.82135126931
1.01455004224,-0.82306679387
1.01846596638,-0.820785256308
1.01947804532,-0.843572503947
1.01709637187,-0.824615587821
1.01583048533,-0.823285651263
1.01693546567,-0.825759246231
1.01615051849,-0.796206383615
1.01915159438,-0.814023023959
1.01824987829,-0.820848034698
1.01610288331,-0.814889450485
1.015837068,-0.82670228207
1.02031761418,-0.817642498403
1.01709708981,-0.816871887244
1.01793578038,-0.810938794404
1.01788226316,-0.820780131208
1.01789472837,-0.821905096446
1.01796817301,-0.810114350831
1.0192360429,-0.816208288129
1.01672835154,-0.825794797009
1.01732031148,-0.796959014435
1.01884889661,-0.817929116475
1.01809154937,-0.812767016967
1.01835314705,-0.81365062315
1.01878514747,-0.812998148391
1.01643929299,-0.803547312637
1.01728867966,-0.823020766717
1.01882676048,-0.806784243475
1.01755648416,-0.808151233484
1.01498691905,-0.810981073004
1.01874671425,-0.821984355289
1.01923743252,-0.823676930154
1.0167469124,-0.795302898762
1.01697977368,-0.825479339951
1.01695546582,-0.819897655701
1.01490291423,-0.801897811918
1.01790205533,-0.810173040435
1.01754656227,-0.818692421005
1.01597899496,-0.813556778089
1.01775191415,-0.804932893101
1.01856234308,-0.817796200063
1.01553678603,-0.814261814253
1.01710605145,-0.80889679267
1.01859043194,-0.814659463481
1.01741267854,-0.792347906402
1.01668554657,-0.816504446338
1.01820734086,-0.815600461506
1.0158589738,-0.827738039039
1.01695656818,-0.805728358415
1.01780819853,-0.805685464039
1.01771615361,-0.805108659778
1.01703502253,-0.81707394104
1.01796295446,-0.787160509292
1.01702490148,-0.806886059933
1.01824849071,-0.809607834393
1.01916092305,-0.809440235631
1.01800955745,-0.815176806095
1.01619786517,-0.813076659429
1.0192999728,-0.817965497348
1.01858294792,-0.787594765109
1.01832416156,-0.788824580018
1.02051218885,-0.813129165486
1.02075553943,-0.805244211576
1.01763854016,-0.795317317864
1.01985018126,-0.781801186477
1.01970677785,-0.81389238796
1.01807594308,-0.808724571677
1.01893467807,-0.807330730172
1.02102170771,-0.797241769887
1.01722339877,-0.815485274419
1.01791831595,-0.794432286648
1.01727023795,-0.807741745576
1.0173604044,-0.818914804601
1.01830097021,-0.796003137977
1.0189540582,-0.799116792302
1.01755744871,-0.811055033569
1.01827852658,-0.825163537884
1.01824791185,-0.793058138243
1.01869719367,-0.799257202139
1.01819173292,-0.804846007283
1.02034428257,-0.798943265521
1.01726076795,-0.819405817839
1.01957169862,-0.809201624911
1.01975643207,-0.811599642355
1.01988283099,-0.803094938171
1.01851045636,-0.814590172227
1.02100225154,-0.800985878001
1.01808637748,-0.795779283815
1.01812794952,-0.789768944899
1.01992147391,-0.798639133825
1.01800293516,-0.806234666747
1.01683707334,-0.796893119452
1.02001758636,-0.793013745286
1.01712893119,-0.810200480791
1.01477622198,-0.797166420872
1.01734105621,-0.784840200635
1.02030147908,-0.801401181249
1.01691881793,-0.798551897135
1.0173808867,-0.810303349034
1.01717016583,-0.813315718726
1.01637592587,-0.806773909366
1.01665220115,-0.803847618326
1.01631223419,-0.80059634472
1.01605013295,-0.794591610969
1.01662753492,-0.802658417442
1.01714641207,-0.814182048983
1.01687396665,-0.855296234244
1.01617095604,-0.392697442323
1.01727214927,-0.578302197033
1.01582968657,-0.710185411842
1.0180262356,-0.766657730169
1.01870775397,-0.832571910828
1.01698890132,-0.853320851757
1.01758554834,-0.871475499312
1.0192441115,-2.39101158615
1.01791517182,-1.04604334026
1.01820612436,-0.63896472197
1.01793432275,-0.660824396514
1.01757542107,-0.728321401421
1.01851848134,-0.757894328264
1.02050521805,-0.757102666583
1.01644126014,-0.773220219901
1.01609404676,-0.779154673088
1.01809214718,-0.751169098562
1.02023110459,-0.806298631126
1.01624597313,-0.788422058877
1.0185620931,-0.762622047222
1.01714674538,-0.786741870263
1.01700413256,-0.776242074719
1.01683238381,-0.781301899371
1.01798780322,-0.800686851313
1.01515238764,-0.804522711629
1.01763209793,-0.792751839022
1.01864624487,-0.809153916897
1.01804476191,-0.804022505987
1.01721317259,-0.795354270823
1.01815866392,-0.810742305752
1.01591894647,-0.812956408557
1.01871759998,-0.818231182634
1.01948277301,-0.803153977376
1.01765316616,-0.784428691269
1.01626599549,-0.789365663287
1.0197135454,-0.794776791907
1.01655790937,-0.798224663537
1.01819248356,-0.807834958068
1.01814728714,-0.798164772326
1.01770814343,-0.799593923123
1.01800288542,-0.793505937652
1.02061547582,-0.780466571535
1.01654456872,-0.796537551267
1.01659367465,-0.769910332449
1.02057667249,-0.797924494484
1.01972871665,-0.781860345206
1.01706099253,-0.803163112347
1.0192633936,-0.779716603942
1.01843224981,-0.794014224342
1.01779542522,-0.800512273119
1.01832078166,-0.804385446978
1.01778306548,-0.79159297372
1.01495291602,-0.790557197113
1.01884409872,-0.781406009868
1.01858932357,-0.779364198536
1.01731145638,-0.765155729053
1.017594835,-0.770853910001
1.01760663434,-0.786686290902
1.01587798969,-0.776921483247
1.01810187652,-0.771229129573
1.01783335785,-0.789315109197
1.01785502683,-0.768410348988
1.01815735683,-0.77703811148
1.01840624049,-0.772341835649
1.01718159447,-0.761915630108
1.01655129899,-0.768695765804
1.01808881019,-0.773092670055
1.0171331639,-0.777289483537
1.01896457156,-0.75944675359
1.02076617802,-0.76570997859
1.01640461248,-0.781165418837
1.01761663679,-0.761690776132
1.01927809949,-0.763437707263
1.01912426976,-0.77417641497
1.01873787249,-0.76531725141
1.02134201634,-0.787397648039
1.01923897078,-0.782931955686
1.01786604303,-0.756107448303
1.0199475839,-0.770643572979
1.01798332369,-0.789368979088
1.01678504332,-0.789102335613
1.02117719861,-0.772256661222
1.01955189406,-0.776170559152
1.01833788626,-0.766970668249
1.01881712879,-0.765276912899
1.0185842634,-0.766952665106
1.01650430636,-0.790515339097
1.0189502354,-0.770274632731
1.0182137703,-0.774265634694
1.01842988959,-0.779368139392
1.01798038365,-0.781694805546
1.01889692439,-0.780598937205
1.01767790622,-0.776328093364
1.01833631515,-0.772671621483
1.01640583806,-0.777137324427
1.01787556999,-0.783355043513
1.01944414805,-0.786998661817
1.02149957997,-0.763397208738
1.01559196653,-0.779691121863
1.0171416881,-0.76888389303
1.01765559002,-0.765974850527
1.0186820605,-0.772467984058
1.01828240231,-0.763747883749
1.01967179633,-0.757078299403
1.01802511924,-0.788297350402
1.01748881095,-0.774853233226
1.0184935458,-0.766835933221
1.0170983209,-0.767399762287
1.01706452132,-0.781773077798
1.02028390267,-0.774442064523
1.01902033692,-0.792839451379
1.01784414051,-0.76983853678
1.01806834627,-0.772617389615
1.01773768776,-0.76327587811
1.01598708022,-0.755024947973
1.01894727127,-0.772442965041
1.01828321377,-0.764255607882
1.01824272725,-0.770448881905
1.01766920029,-0.767184382225
1.01886837187,-0.780520362265
1.01781673417,-0.783657240425
1.01796215894,-0.786504978251
1.01566117473,-0.791685895604
1.0160097927,-0.779237061344
1.02087187402,-0.789486533102
1.01909972878,-0.779422372428
1.01622252929,-0.775811322226
1.01701490295,-0.769842033604
1.0183963928,-0.778821335937
1.01686805852,-0.774966953373
1.0164465265,-0.77251995884
1.01950122198,-0.769028933296
1.01760233168,-0.780205416571
1.01926766341,-0.770925560829
1.01863386404,-0.783067372747
1.01608466102,-0.76759110371
1.01583256658,-0.768631241032
1.01925727346,-0.765825304329
1.01975340274,-0.790412278585
1.01836004794,-0.771847435971
1.01959322936,-0.775351758487
1.01891325869,-0.772109101746
1.01729106468,-0.772184554589
1.01818065525,-0.772950948359
1.01724443468,-0.757892001016
1.01703948855,-0.789695678225
1.01920306439,-0.776934715207
1.01908220546,-0.778670007697
1.01737105176,-0.765062344381
1.01772541229,-0.766936168669
1.01760981914,-0.772910917075
1.01710176058,-0.7729693301
1.01708744181,-0.780347872149
1.01832986297,-0.762745358882
1.01658205446,-0.791631647212
1.0186409707,-0.791403681745
1.0178019977,-0.785494940663
1.01676313391,-0.791296150779
1.01731438834,-0.785441687629
1.01823270071,-0.784918448905
1.0176597653,-0.80335398828
1.02321084379,1.68551490723
1.01999972724,-0.859972269959
1.01759214015,-0.457475827988
1.01616799829,-0.496179374741
1.01999133592,-0.584081562268
1.01700556786,-0.693915700003
1.01933963692,-0.746598130142
1.01938392428,-0.809560487209
1.01927397399,-3.50860201152
1.01648576065,-1.29425206491
1.01906289236,-1.11236391604
1.0182552917,-0.943609772507
1.01698110235,-0.86470806931
1.01954036586,-0.80638006279
1.01930732787,-0.77292107397
1.0175127956,-0.765456140399
1.01905212795,-0.749868116604
1.01809156257,-0.805808322422
1.01863324301,-0.807741079646
1.01955810495,-0.783152577844
1.02038462756,-0.758686025173
1.01671782251,-0.774622475563
1.01872634469,-0.764462119692
1.02014609883,-0.778081202978
1.01976578897,-0.768674639088
1.01877321349,-0.763312709724
1.01705342247,-0.7535354836
1.01561652963,-0.777353656188
1.02004659065,-0.771853793427
1.01901453866,-0.762853850275
1.01696258584,-0.758307066805
1.01710411116,-0.742601033125
1.01989762409,-0.76534796644
1.01725988907,-0.776722880907
1.01916914783,-0.757997239851
1.01988346105,-0.765443816414
1.0181231862,-0.767044331398
1.0185180082,-0.771834031738
1.02063239776,-0.753811947257
1.01707761428,-0.758362152189
1.01691988266,-0.758758717283
1.01916610033,-0.764937286184
1.01979058491,-0.761051345122
1.01905303442,-0.759588448847
1.01883843835,-0.769195740172
1.01734679342,-0.777815209288
1.01744911573,-0.773196212795
1.01952540568,-0.771319513264
1.01905710672,-0.754416978904
1.01652337276,-0.776943608888
1.01847623805,-0.76505445155
1.01802722498,-0.792132130648
1.01889253177,-0.772561687385
1.01743245802,-0.764109448655
1.017507315,-0.774240474697
1.01809486926,-0.786268667412
1.01993359369,-0.769507305948
1.01838731747,-0.777799712316
1.01589831471,-0.772778803721
1.01836115988,-0.781079327778
1.0198196003,-0.771865986506
1.01679197494,-0.790213496084
1.01853328821,-0.773316080622
1.01893504517,-0.789049043857
1.01765919138,-0.777671106405
1.01832746604,-0.767788357785
1.02074695868,-0.79344416935
1.01614188283,-0.788319903135
1.01753831376,-0.781064411675
1.01942593109,-0.787738405691
1.01950276642,-0.779348386508
1.01749662922,-0.769422451782
1.02011397358,-0.779287239504
1.01728058287,-0.762812497758
1.01911382451,-0.773252450231
1.01969860299,-0.777387527389
1.01895100899,-0.770033486629
1.01637107999,-0.791078492477
1.01877334783,-0.768943860656
1.01911269986,-0.768740296329
1.01892440142,-0.770398302735
1.01864951093,-0.786367301512
1.01815472613,-0.781963407562
1.01704668487,-0.778759018442
1.02039336331,-0.779810659206
1.01781925625,-0.788168273685
1.01598972029,-0.791138168707
1.01915942659,-0.798381194713
1.01869586156,-0.774735472419
1.01701770678,-0.781720255984
1.01956056931,-0.777062621684
1.01732434451,-0.775551235842
1.01660583062,-0.786897150487
1.01811325773,-0.783905575206
1.01917592885,-0.785621617571
1.01817082296,-0.798321672152
1.01322987158,-0.604992760931
1.02037890671,-0.902649999028
1.01808607471,-0.75290570192
1.01793996813,-0.833119711935
1.02075671394,-0.854076336659
1.01847689342,-0.858745246053
1.02046930601,-0.88045751325
1.02091160821,-0.882456574208
1.01980107261,-0.892241583334
1.01753461363,-0.920899285316
1.02056699412,-0.962451608117
1.02099882795,-0.947899711714
1.02051939624,-0.943769510442
1.02036697843,-0.947502091916
1.01947276532,-0.963894635578
1.01839690048,-0.964089923628
1.02093073404,-0.955459386484
1.01948586675,-0.958795283016
1.0177778085,-0.972593514075
1.02065119429,-0.977225062423
1.02174156761,-0.969434011444
1.01935115226,-0.962968735012
1.01928442978,-0.952434842221
1.01976574417,-0.977404617355
1.01822933576,-0.955152414265
1.01976423215,-0.958769135397
1.02015627545,-0.944859687907
1.01858643159,-0.962326056439
1.01974868945,-0.970211923316
1.02024321379,-0.964566638375
1.01970001107,-0.968287400888
1.01812103842,-0.96379789017
1.02055393674,-0.971996687308
1.01695915724,-0.964224815671
1.02047929215,-0.971486746078
1.02265337835,-0.957763212945
1.02059832902,-0.981522335217
1.01671776422,-0.975926236467
1.01889917337,-0.951660229273
1.01952025027,-0.981810817525
1.020184516,-0.954030327887
1.02114791279,-0.974368541576
1.02054740899,-0.976794143084
1.02085232595,-0.963547766922
1.02207077443,-0.964754713781
1.01949354875,-0.966484742719
1.01884751179,-0.970902202068
1.02064222423,-0.965943890703
1.02239175981,-0.97861713083
1.01968851479,-0.9802787408
1.02206622124,-0.957080966552
1.01846345044,-0.960786390422
1.01846809206,-0.961380285254
1.01927892312,-0.975964639645
1.02135473202,-0.975554022685
1.01878102801,-0.970881965405
1.02150649637,-0.968858674552
1.02057131432,-0.986343202962
1.02005334209,-0.972330399041
1.02132584915,-0.976303336779
1.01880965059,-0.976742081287
1.01731782823,-0.982703278474
1.021211463,-0.969411250413
1.02382646375,-0.979485653984
1.02103107435,-0.966345685031
1.0191839585,-0.961240158205
1.02104423727,-0.971809611385
1.01952146895,-0.955318140383
1.01997582039,-0.969509588161
1.02124393498,-0.963493315956
1.02185887184,-0.967306512831
1.02129221122,-0.96508044142
1.02206387249,-0.963644121743
1.01896317926,-0.958160796628
1.01844311374,-0.96951753578
1.02073234679,-0.971388791012
1.02106795545,-0.973719457281
1.02178076872,-0.967252424908
1.02157403827,-0.963693199179
1.01977262085,-0.95286947705
1.01949521613,-0.975170840508
1.01993134724,-0.949522060687
1.0196890629,-0.951491328076
1.01952830776,-0.958016706048
1.02290235083,-0.957628977016
1.02128686233,-0.975704254431
1.02003561864,-0.970366174694
1.01919371177,-0.96067137277
1.01869340115,-0.961280290146
1.01856517541,-0.970940438712
1.02137062275,-0.966459530861
1.02186441328,-0.971210167013
1.01971766744,-0.960886139749
1.01972852247,-0.965476819706
1.01951311023,-0.966395484087
1.01916499924,-0.97062945729
1.01919687683,-0.948963022708
1.02019190174,-0.960207756625
1.02011213388,-0.974008298626
1.02020557132,-0.968994063933
1.02309485756,-0.983527569735
1.01866081441,-0.961044975339
1.01788394165,-0.947046914682
1.01862780053,-0.96535365035
1.02051891057,-0.973332442316
1.02200559454,-0.960072161734
1.02419989954,-0.956869125198
1.02007334782,-0.978050312467
1.02079555544,-0.956891681281
1.01993949789,-0.955506009096
1.01842175913,-0.964447680171
1.01865977645,-0.96773232687
1.02386164665,-0.965892227319
1.02124735461,-0.976961396369
1.02049049955,-0.971123082998
1.01994107172,-0.956071174039
1.01946610615,-0.967780184534
1.01668099737,-0.959980774619
1.02090781097,-0.961185735766
1.02131375798,-0.971466481661
1.01996985219,-0.962790999805
1.020006835,-0.943922992331
1.02025390193,-0.959681320391
1.01981920631,-0.94487736884
1.02154970442,-0.957847987308
1.02143414274,-0.9555612591
1.02174972958,-0.952228521893
1.02307020335,-0.962618550185
1.02691925816,-0.96513573522
1.02252428022,-0.968719006816
1.02236167858,-0.95257547402
1.0228437113,-0.958080153751
1.02349165236,-0.960448675658
1.02362336475,-0.965001265686
1.02390781163,-0.971408672227
1.02258692076,-0.955885292086
1.02235704467,-0.949885825315
1.02148754104,-0.955681483854
1.02000634452,-0.969287090849
1.02085493247,-0.965186809377
1.02318775314,-0.967127911767
1.02301591265,-0.95075518655
1.02324240276,-0.919813193023
1.02407154922,-0.55079663515
1.02172206064,-0.74224054725
1.018275625,-0.865917766515
1.02364924,-0.927680012386
1.02354552513,-0.987626523595
1.02256873069,-1.0064149683
1.0222653338,-1.01052552296
1.02371104544,-2.62572485071
1.02175701871,-1.19488749308
1.0215716984,-0.797913274837
1.02170608717,-0.849366184695
1.01988294105,-0.883130089731
1.02291269917,-0.906950186222
1.02236712607,-0.933709937091
1.01930083932,-0.939021905609
1.01805928123,-0.957412146052
1.01999434052,-0.9462820852
1.02056796186,-0.964118149504
1.01804238859,-0.944224754697
1.02134406457,-0.942546229559
1.02069486201,-0.956544960082
1.02196977892,-0.94089962609
1.02227729719,-0.958102575611
1.0215333032,-0.9521922228
1.02097710516,-0.955111819479
1.02419252795,-0.962124963522
1.0234324506,-0.972057144777
1.02562986623,-0.962692339878
1.0259029364,-0.962578479801
1.02273387985,-0.954239091748
1.02243423188,-0.956803719596
1.02443462118,-0.967980047782
1.02385157618,-0.959197847532
1.02262673141,-0.971617790271
1.02291075038,-0.962646511724
1.02412101301,-0.955784086915
1.0210637701,-0.952818015817
1.0240199365,-0.955356606559
1.02233067308,-0.965852365148
1.02220976072,-0.975108587677
1.02411519544,-0.961554420026
1.02499384416,-0.950538257595
1.02204406663,-0.955488623842
1.02276510321,-0.950609284507
1.02407511375,-0.971539873779
1.02360798792,-0.949868306147
1.02392925175,-0.961846275517
1.02419823689,-0.952345343548
1.02240006139,-0.941990860724
1.02398569322,-0.956673061127
1.02454332065,-0.95861121365
1.02296196518,-0.947309562673
1.02352545363,-0.948157831672
1.02463403545,-0.955513720325
1.02177461747,-0.944644443367
1.02295259121,-0.939822303483
1.02124298864,-0.950657527329
1.02104620004,-0.940595930982
1.02171664907,-0.963245559557
1.02274480124,-0.949504960889
1.02164811771,-0.953274426359
1.01991226015,-0.946062518995
1.02185651497,-0.940737179015
1.0205800559,-0.942192536321
1.02119159166,-0.945398656716
1.02285406166,-0.924235614619
1.02028560671,-0.930351142404
1.01938109956,-0.942248803537
1.02242307302,-0.948438444272
1.02210445496,-0.956371792569
1.01931242579,-0.942670142699
1.02040245947,-0.930555296923
1.0225165386,-0.941833502223
1.02160652148,-0.952135237099
1.0218941162,-0.951957096333
1.0197537801,-0.931453153046
1.01893230781,-0.953676111576
1.02149028553,-0.939325721401
1.02263649004,-0.945976071943
1.02185639137,-0.962681966812
1.02093202188,-0.938605889123
1.02276706497,-0.938219757167
1.02046249155,-0.930825718654
1.0220645626,-0.943184069722
1.02101705026,-0.941923214101
1.01990269606,-0.932254703082
1.02135736611,-0.933259334733
1.02305339027,-0.953230888166
1.02113969697,-0.959448941108
1.02042435336,-0.954103638857
1.02060831398,-0.961981178538
1.02056720266,-0.950158533836
1.02221138722,-0.954914688697
1.0247227954,-0.958324238291
1.01969472392,-0.940360726966
1.01986929073,-0.943617866469
1.02196119559,-0.94754890313
1.02318410535,-0.948872090596
1.01900653345,-0.948348267283
1.0222179694,-0.951908684133
1.02159049705,-0.93099396401
1.02211541386,-0.949697988696
1.02106069675,-0.955132659246
1.02006807751,-0.949168576341
1.01955056439,-0.951904587252
1.02183975546,-0.939095692325
1.0224483757,-0.952909262859
1.02057091878,-0.935982987964
1.02131040552,-0.92987660009
1.02151724593,-0.939080368082
1.01964221845,-0.936261201114
1.02136993118,-0.938978817241
1.02019487044,-0.940104066532
1.01988510358,-0.949971519376
1.01976881679,-0.945665621599
1.0233555116,-0.947272079182
1.02066345672,-0.965825814801
1.02113520861,-0.944756131428
1.02033770918,-0.93337189846
1.0204203444,-0.952111914865
1.02192287737,-0.960975416757
1.02295411327,-0.934740366517
1.0206698258,-0.965899983641
1.02157526471,-0.949268652639
1.02371991674,-0.931609557088
1.02038213783,-0.956549422837
1.01922415231,-0.952483345213
1.02214557451,-0.965309149357
1.02105318889,-0.944105859325
1.0230714059,-0.959610439264
1.0217302872,-0.945149457944
1.02087194557,-0.948853499964
1.01890180823,-0.949368520947
1.02120063834,-0.943975523432
1.02067562705,-0.958605751857
1.02023129227,-0.952522446102
1.02082124052,-0.960542699799
1.02194792515,-0.945517306332
1.02019220337,-0.939158811036
1.02072221025,-0.950301522659
1.01974079708,-0.950306068022
1.01920624257,-0.950306054734
1.02123519098,-0.950727263609
1.02207850648,-0.944267524733
1.02105699361,-0.949174319218
1.02040475493,-0.93974393176
1.01968134269,-0.940661236203
1.01932669944,-0.92297609851
1.02092025275,-0.965000416626
1.02228604573,-0.946371702298
1.02089519261,-0.955812734954
1.021778915,-0.951049825238
1.02275889818,-0.959688103706
1.02103608176,-0.956147977975
1.01934803015,-0.941035689703
1.02125885398,-0.951186199277
1.01994483201,-0.954906271164
1.02321052788,-0.964567847001
1.0224864709,-0.958727606974
1.02165052814,-0.95958911644
1.01888878022,-0.981384460787
1.02383313029,1.48891847549
1.01956819525,-1.02136847978
1.01902130456,-0.641451237868
1.02057146285,-0.663239738834
1.02254609402,-0.75773782
1.01940373426,-0.871855684931
1.01911088335,-0.917740094662
1.01870546835,-0.967251407418
1.01839345357,-3.66630555539
1.01958239512,-1.47725389148
1.02162252489,-1.25437145067
1.01993674531,-1.11307305333
1.02025346551,-1.03915695006
1.01860425557,-0.989166759243
1.01957376417,-0.952035387223
1.01938815573,-0.934908754867
1.0217133726,-0.944793354118
1.01762408711,-0.920949729842
1.02232087642,-0.984194952291
1.02192659005,-0.944534608552
1.02008934642,-0.937648375259
1.01843195014,-0.931191840543
1.01845611361,-0.934331594412
1.01929759922,-0.947192414508
1.02119769186,-0.949042428136
1.02202548112,-0.93794203167
1.01946023293,-0.929462341828
1.01900796725,-0.940444112239
1.02171622169,-0.941761893721
1.0182059856,-0.942775593518
1.01723811279,-0.938071547105
1.02022334806,-0.931010052339
1.02239345181,-0.944196834234
1.01818100637,-0.936741087846
1.02037337086,-0.933029827055
1.01829934933,-0.945395764901
1.01589342506,-0.945880873665
1.01810549495,-0.944694933736
1.0195251281,-0.947475579592
1.0189822143,-0.944898315449
1.01917523434,-0.943970211589
1.01863838343,-0.939133076706
1.01701728832,-0.925104433885
1.01840675391,-0.933594556199
1.01631193462,-0.931930330238
1.01597760949,-0.948437797669
1.01899274015,-0.946377510621
1.0202102206,-0.935564874166
1.01715070422,-0.94755514008
1.01486364163,-0.942777369264
1.01647689193,-0.922286137826
1.01690691291,-0.951593123987
1.02129254642,-0.944310406316
1.0224452775,-0.944292492428
1.02236863723,-0.945952530482
1.02591151141,-0.948935234178
1.02911181248,-0.943959670129
1.02823295984,-0.949808086027
1.02871513797,-0.93922271884
1.031541006,-0.920291214355
1.03315820139,-0.943417327304
1.03155161807,-0.947413132152
1.03206263871,-0.939789088487
1.02972357479,-0.941577630376
1.02600605778,-0.954313757216
1.0260164164,-0.921863338406
1.02646793915,-0.92707266434
1.02387645506,-0.945090790939
1.02532628057,-0.949325808673
1.02428523772,-0.94022570492
1.02393152485,-0.949465281904
1.02347175369,-0.953678322892
1.02293485711,-0.939108566844
1.0229185787,-0.93200934667
1.02841911973,-0.940926950405
1.0274425073,-0.946753947133
1.02796654333,-0.944986189164
1.02760426181,-0.934043966594
1.02920286207,-0.92875098344
1.02886007129,-0.93286426325
1.03078184977,-0.928429287651
1.0301207133,-0.933068321858
1.03057407974,-0.950350581147
1.02923164832,-0.935241567133
1.02991306358,-0.940732219353
1.02330604724,-0.941262086631
1.02288566413,-0.952697094294
1.02238499026,-0.948661798734
1.02132938799,-0.937667582442
1.01898801309,-0.947966476734
1.01970000611,-0.941699112337
1.01594559683,-0.94148693124
1.01545097266,-0.942190828257
1.0169564337,-0.94475535496
1.01605189003,-0.950454120017
1.01587623378,-0.937158428792
1.00809080621,-0.563382043013
1.01039045837,-0.839238229966
1.01163550601,-0.569688436879
1.01195954938,-0.687568097797
1.01104051581,-0.730327759056
1.01297949238,-0.733487944627
1.01393461262,-0.769712587461
1.0108009892,-0.741600915343
1.011750968,-0.738946667842
1.01121845287,-0.762928138806
1.01304374475,-0.833499705642
1.01338550614,-0.797858957529
1.01361699427,-0.787859066187
1.01087637717,-0.819744284474
1.01342109531,-0.810410931901
1.01473851235,-0.818338007031
1.01193378788,-0.807196888489
1.01175244179,-0.815432242547
1.01292570184,-0.817167873137
1.01302466943,-0.822232068215
1.01425863447,-0.816547217516
1.01398577662,-0.819027007155
1.01281396587,-0.820743941064
1.01409275014,-0.821509226813
1.01673739585,-0.817382495917
1.01371339884,-0.825787103105
1.01377817102,-0.836361894697
1.01503275624,-0.847156689508
1.01466445308,-0.831447027459
1.01403554597,-0.819124457365
1.01499041846,-0.836418308675
1.01317916323,-0.831342141055
1.0117279225,-0.811425881624
1.01439315986,-0.826528173253
1.01355421356,-0.811732541414
1.011528467,-0.840574730547
1.01307844333,-0.81704592305
1.01338567786,-0.836962299119
1.01334867379,-0.826976012538
1.01363237252,-0.849388413616
1.01402572784,-0.838593558759
1.01156812798,-0.834600728222
1.01553366977,-0.836690809366
1.01434640116,-0.84726117175
1.01322479826,-0.825645919209
1.01276686841,-0.849518948642
1.01391011981,-0.855069356015
1.0153320383,-0.842989694995
1.0152808941,-0.835510498717
1.01438826183,-0.842656657861
1.01310622075,-0.824264079963
1.01506442741,-0.83900979618
1.01697478799,-0.830968016574
1.01442968597,-0.844359015567
1.01438187316,-0.827865946763
1.01607770785,-0.829090420867
1.01763930925,-0.826728601125
1.01553935102,-0.860568622384
1.0160627307,-0.835466962251
1.01434526944,-0.823898338871
1.01580596832,-0.845268245501
1.01703901157,-0.849351606953
1.01592871723,-0.854261268534
1.01333725577,-0.819097744766
1.01668422985,-0.849816129342
1.01648583945,-0.838229149497
1.01507360566,-0.831763506616
1.01645965852,-0.85742378196
1.01535689512,-0.83046411547
1.01298271337,-0.838192078602
1.01676893386,-0.845693642338
1.01690657232,-0.862489081631
1.01491604866,-0.842917966726
1.01448108927,-0.843982099879
1.01446038567,-0.844518583183
1.01438661921,-0.847883432072
1.01618514781,-0.825626437173
1.01486721705,-0.843688313822
1.01437820931,-0.834774557114
1.01540778739,-0.841742063078
1.01720876559,-0.835407091403
1.0133715805,-0.829279527953
1.01505314225,-0.840448635065
1.01647249054,-0.839469099076
1.01584488288,-0.846678417978
1.01503669737,-0.843832441925
1.01492383258,-0.832199198685
1.01373682199,-0.829118668633
1.01564464544,-0.827699206273
1.01572862267,-0.832613991439
1.01466230412,-0.842582905987
1.01431715216,-0.819870312459
1.01581920229,-0.828695287843
1.01325457635,-0.831134119514
1.01474045874,-0.849153142402
1.01501090206,-0.837944940897
1.01401617673,-0.846694238481
1.01220887741,-0.824292931663
1.01591307106,-0.835635044218
1.01556764487,-0.849436764658
1.01321931159,-0.826621604963
1.01310042094,-0.83792943854
1.01464764714,-0.84262960995
1.01321830471,-0.843169520674
1.01553464412,-0.840829518857
1.01309046574,-0.828183066234
1.01201986923,-0.830479751899
1.01400372372,-0.823187737193
1.0155032532,-0.837053150171
1.01250511446,-0.846526799089
1.01356469479,-0.858095207674
1.01408604371,-0.853045835985
1.01417843193,-0.833247561588
1.01525223659,-0.827624865603
1.01548553526,-0.835386291973
1.01207319171,-0.835700489189
1.01477201479,-0.838226759078
1.01611359156,-0.848581088688
1.01574257001,-0.847291701613
1.01401933043,-0.838116280018
1.01541702924,-0.818433454605
1.01440761724,-0.831717185266
1.01555545126,-0.82294112644
1.0168475232,-0.850895760951
1.01486829693,-0.832420978652
1.01387118339,-0.830975397249
1.01591793962,-0.852317757457
1.01590015871,-0.831598142478
1.01437016851,-0.827637065552
1.01476295319,-0.840226915181
1.01494991073,-0.833201156232
1.01535481761,-0.826095181891
1.01618386429,-0.83064160387
1.01428641711,-0.83352585485
1.01296502804,-0.824258751979
1.0147887588,-0.833330625677
1.01688601438,-0.839360401933
1.01507014531,-0.843896674093
1.016017435,-0.834277647698
1.01419211906,-0.83872524421
1.01413315499,-0.821997123913
1.01510245908,-0.833417930595
1.01524574689,-0.672177639026
1.01347592293,-0.453451245428
1.01384863666,-0.624196877214
1.01634229141,-0.752561257315
1.01395089074,-0.798453185717
1.0131555026,-0.857229781264
1.01512615535,-0.872209970956
1.01373947979,-0.876935005871
1.01571332823,-2.53011665725
1.01444366104,-1.02718876386
1.01412901912,-0.677690227473
1.01359502989,-0.716833265013
1.01719515515,-0.773254025227
1.0149075892,-0.801800064834
1.01463745399,-0.815364295448
1.01507066669,-0.823069108373
1.01459361217,-0.816059836646
1.01514027243,-0.8224063101
1.01708154778,-0.857333193243
1.01411454664,-0.816053771888
1.01307992872,-0.815277068481
1.0160754482,-0.8307083588
1.01598094222,-0.82838582335
1.01344878431,-0.818860501767
1.01553637264,-0.837040938955
1.01557556252,-0.828951408694
1.01491813074,-0.821119563985
1.01455775388,-0.848757883393
1.01497008677,-0.837678333378
1.01393816,-0.823990987915
1.01690259181,-0.824406640388
1.01543441257,-0.846254324715
1.01439365359,-0.839789696771
1.01466914299,-0.833629847266
1.0154102872,-0.813518590069
1.01401112559,-0.82042246606
1.01615636708,-0.813114373915
1.01778597928,-0.831914565873
1.01538222869,-0.818617929502
1.01455681884,-0.824513135555
1.01653120677,-0.839967286493
1.01512933902,-0.819410820213
1.01704928775,-0.838346547565
1.01586303454,-0.832058206452
1.01576944376,-0.843688824491
1.01649421396,-0.820835344704
1.01807316242,-0.830838094738
1.01502031198,-0.824620255383
1.01476538466,-0.82762449386
1.01583793747,-0.844921120076
1.01617168789,-0.842090098931
1.01374808977,-0.834414367032
1.01592046423,-0.830332098795
1.01696517557,-0.818285912981
1.0150448438,-0.807663986501
1.01370199023,-0.813452500241
1.01494579503,-0.82000930797
1.01339742327,-0.826507660082
1.01644445386,-0.824726648362
1.01624890479,-0.819504723966
1.01459526646,-0.817173952477
1.01474330139,-0.815771564044
1.01532697641,-0.825706926737
1.01333628226,-0.830306344172
1.01546690067,-0.829188610967
1.01560579953,-0.815086650549
1.0143642841,-0.819471615736
1.01417506103,-0.814227958212
1.0170145753,-0.808650944044
1.01488663428,-0.808167713582
1.01503211137,-0.825895971119
1.01489022472,-0.833014601763
1.01389021933,-0.828385522131
1.01504424285,-0.81857255794
1.01698693122,-0.800388315336
1.01345364062,-0.801705213383
1.01472837867,-0.817780935943
1.01681403274,-0.825912857908
1.01579686839,-0.815178069745
1.01318864708,-0.81132138561
1.01513303532,-0.817505220699
1.01566470498,-0.827407681208
1.01473764106,-0.807620299758
1.01606089164,-0.837909903336
1.01372942875,-0.818964386333
1.01331725615,-0.834526757531
1.01636578028,-0.822247146317
1.01484887165,-0.810656348659
1.01424720324,-0.818864378271
1.01360237198,-0.818889050756
1.01523213064,-0.823598905467
1.01282986296,-0.827717224864
1.01505264876,-0.813746929906
1.01313189136,-0.820095885087
1.01221323133,-0.817451699881
1.01384908654,-0.825217975172
1.01583993796,-0.83147928654
1.01401292891,-0.817932811333
1.01247675481,-0.826659699861
1.01369740096,-0.817069958347
1.01329219426,-0.828104083134
1.01365126207,-0.818131753306
1.01465382351,-0.81945786159
1.01216393874,-0.826272701489
1.01301177968,-0.815680400364
1.01511021519,-0.828890622974
1.01524529852,-0.824183215356
1.01251148326,-0.816053800712
1.01416772958,-0.812344186773
1.01400443817,-0.813091087227
1.01380179393,-0.814215161537
1.01477104378,-0.822942702217
1.01340484671,-0.80429967496
1.01233373795,-0.813949241878
1.01728437124,-0.824488694584
1.01415201848,-0.814044780496
1.01318332802,-0.835363568757
1.01452548158,-0.817371903365
1.01488543082,-0.831765342045
1.01386451954,-0.827359412156
1.01581639954,-0.821294526281
1.01389591227,-0.839157029118
1.01330174059,-0.817090372807
1.01414217931,-0.85005397796
1.01454369224,-0.822543854507
1.01272718194,-0.811247179969
1.01426340549,-0.835326069258
1.01362750071,-0.840363392369
1.01369530998,-0.839484553196
1.0147441274,-0.839318927553
1.01657360012,-0.829322994867
1.01243485009,-0.825852721794
1.01469228991,-0.814794053681
1.016944719,-0.833995120037
1.01627983883,-0.845080006312
1.0148052518,-0.825442676789
1.01516516418,-0.799724437632
1.01549747579,-0.821499401057
1.01659409533,-0.819083743073
1.01635170189,-0.822638818167
1.01453226092,-0.828725993266
1.01511623306,-0.822845808812
1.0169856398,-0.829441267106
1.01496147864,-0.821524885727
1.01257835035,-0.826140608492
1.01571670165,-0.828105727956
1.01526142727,-0.817006892053
1.0148366628,-0.833779650964
1.01722173004,-0.824649328797
1.01524237507,-0.825700479847
1.01302896847,-0.828439258308
1.01356087505,-0.826779709934
1.01705315333,-0.840074236699
1.01553305341,-0.845967192671
1.01522789628,-0.822936403238
1.0140528702,-0.840222266019
1.01388536215,-0.829458805562
1.01581986254,-0.828595770028
1.01546454175,-0.830698644281
1.0136007537,-0.846731455958
1.01485947442,-0.822546344679
1.01671018838,-0.852691127929
1.01916902844,1.68562861116
1.01376384834,-0.894643884816
1.01449485949,-0.503062678514
1.01457208946,-0.550161509876
1.0168269722,-0.645057871727
1.01665989797,-0.756962610124
1.0136804092,-0.813822456727
1.01427794333,-0.864094887768
1.01625604471,-3.65761351475
1.0150758548,-1.31567819851
1.01496583376,-1.12177980095
1.01503944836,-0.991089204716
1.01409152538,-0.894850417215
1.01538409151,-0.854007527611
1.01595581712,-0.828251608348
1.01509165936,-0.843864458043
1.01164933387,-0.809553046677
1.01318006251,-0.784658572028
1.01518963559,-0.87842980879
1.01375658779,-0.844997884189
1.01477749548,-0.820153235914
1.0145230439,-0.829723108003
1.0142499855,-0.814168982611
1.01404772352,-0.804287190979
1.01538761917,-0.813466516083
1.01171759439,-0.801070230196
1.01512030181,-0.818241887028
1.0164009973,-0.825810721812
1.01504429146,-0.810200081549
1.01498770529,-0.797063684431
1.01550454463,-0.816472386398
1.01478268617,-0.788530913496
1.01737713972,-0.832677404248
1.01750803175,-0.827851953127
1.01499847607,-0.806786905695
1.01565517154,-0.820647473843
1.01786918087,-0.806587809636
1.01621091778,-0.811368479945
1.01565382793,-0.806909443606
1.01577278753,-0.807334352438
1.01603494953,-0.820499791237
1.01553880348,-0.801916145542
1.01792361676,-0.807400974289
1.01519961857,-0.83009943408
1.01585965415,-0.813106327274
1.01778279474,-0.818756849596
1.01539685794,-0.811179788857
1.01458636158,-0.808633279238
1.01712518703,-0.817719388737
1.01713529054,-0.803074543777
1.01617201981,-0.813237281837
1.01897220586,-0.816533999488
1.01863986596,-0.799926400016
1.01486331811,-0.800434491859
1.01777556589,-0.817374777017
1.01725282961,-0.804510575242
1.01497827099,-0.817869841612
1.01485784192,-0.810531903222
1.01465930216,-0.81114651343
1.01336008629,-0.812587906978
1.01426051069,-0.794896316735
1.0129917442,-0.830803994663
1.0127252233,-0.80289231597
1.0141511036,-0.815016523515
1.01639016592,-0.816419040304
1.01333085407,-0.813028877215
1.01434640444,-0.808926284945
1.01511971826,-0.823551616388
1.01438960235,-0.808580393813
1.01567836077,-0.820241693811
1.01630342666,-0.823760671893
1.0152634718,-0.811507842367
1.01562085654,-0.832473586385
1.01591114761,-0.810838153757
1.01517115271,-0.812959190334
1.01560523358,-0.822284586211
1.01705125903,-0.81768535967
1.01417792625,-0.816769040114
1.01470492334,-0.814992379731
1.01602063874,-0.818045525909
1.01515026401,-0.801588743386
1.01233995058,-0.820592178222
1.01507282669,-0.807022533757
1.0148592192,-0.808454161287
1.01307749958,-0.819003578461
1.01277063854,-0.824283521074
1.01489041738,-0.814891718365
1.01316857893,-0.803342902857
1.01634021246,-0.817664819302
1.01311589912,-0.827608491443
1.01280228945,-0.826449394991
1.01435889326,-0.799654311337
1.01467386412,-0.818226620655
1.0125437289,-0.805212117725
1.01373056774,-0.802863365673
1.01483607118,-0.813369458086
1.00615410756,-0.666059147855
1.0127606563,-0.920116232364
1.01296868569,-0.952785143457
1.01005044097,-0.878438236891
1.01141657518,-0.912507580477
1.01277019158,-0.913856521153
1.01348333563,-0.979449210069
1.01232687853,-0.999491462217
1.01384964355,-0.99510905821
1.01046463203,-0.642451980884
1.01302869683,-0.673546261733
1.01542563148,-0.667057716649
1.01333933051,-0.662303731631
1.01157858004,-0.679200104636
1.01438741529,-0.682807698969
1.01421193025,-0.697282252792
1.01308535326,-0.700621576136
1.01286606033,-0.69827305363
1.01289193105,-0.71212089008
1.01226099208,-0.680746802471
1.01420987213,-0.687323721841
1.01313781996,-0.688405061067
1.01076734175,-0.684994141052
1.01289922242,-0.692090000468
1.01572407576,-0.70173890607
1.01304446379,-0.703163473824
1.01310159691,-0.699754652328
1.01178308741,-0.702316351571
1.01266453974,-0.704907750982
1.01339292611,-0.701477153741
1.01352123028,-0.703069733245
1.01214905972,-0.714111074266
1.0126241455,-0.714207300255
1.01476186839,-0.707999026681
1.01282433268,-0.703272853272
1.01224547185,-0.707465635885
1.01303475915,-0.721137725597
1.01126996922,-0.697302622668
1.01365633089,-0.734368611984
1.01452019073,-0.711017555048
1.01351941156,-0.720255101864
1.01209720779,-0.71948342058
1.01427383993,-0.700504566854
1.01315387426,-0.729721884608
1.0134299895,-0.723240633689
1.0130111621,-0.725709724247
1.01218270155,-0.718598143579
1.01282170015,-0.703027105972
1.01488347474,-0.718287623174
1.01250841213,-0.725796230718
1.01162704957,-0.721543399711
1.01421283723,-0.721615585287
1.01490997234,-0.721300216212
1.01138240716,-0.71680913841
1.01274228774,-0.716886552838
1.01252995449,-0.731704560774
1.01266388286,-0.707627695119
1.0130101441,-0.701841908526
1.01234091556,-0.725806742096
1.01168550458,-0.738949001388
1.01257420439,-0.702077416197
1.01264772524,-0.718240320749
1.01178267626,-0.721651824908
1.01183257359,-0.719744344046
1.01288651388,-0.720767731626
1.01105357564,-0.71180322199
1.01288394637,-0.728242106009
1.01395885569,-0.702107019273
1.01271341267,-0.713497009418
1.01162779288,-0.712658259206
1.01429659578,-0.734786899786
1.01181567464,-0.715666890878
1.01316072637,-0.721080625019
1.0134296035,-0.716630470239
1.0133445988,-0.724595261678
1.01376983967,-0.72342365964
1.01542346746,-0.715833560734
1.01220341117,-0.735217811817
1.01061955295,-0.722611698327
1.01380646202,-0.709123512916
1.01365066021,-0.700438137668
1.01051739213,-0.719614632924
1.01269619797,-0.708702423988
1.01260410756,-0.710290073175
1.01182794317,-0.719349347611
1.01234236961,-0.721417026223
1.01236244468,-0.699929055575
1.01020221045,-0.713321486992
1.01218114207,-0.709091454866
1.0113218773,-0.72488124165
1.01192709837,-0.707332429717
1.01343704896,-0.716393606473
1.01221496937,-0.723526584626
1.00979902541,-0.729922394472
1.01265812574,-0.7294491585
1.01296103381,-0.710348622624
1.01147434183,-0.714488127488
1.01120659362,-0.707037674828
1.01375372762,-0.707373298102
1.01147289577,-0.722726796112
1.01125545898,-0.706341666348
1.01163389493,-0.695578161008
1.01129117464,-0.73676003146
1.01421404261,-0.735422972154
1.01566255932,-0.713928133754
1.01228287687,-0.715742652715
1.01211587399,-0.728042196938
1.01469691056,-0.713371443791
1.01468415387,-0.727335045343
1.01424162216,-0.731138272372
1.0136217246,-0.729413950783
1.01241075667,-0.717818955802
1.01212478927,-0.733748451934
1.01428616109,-0.692011971399
1.01350822335,-0.714423080119
1.0111115151,-0.719883180408
1.01355137771,-0.718529653781
1.01253894796,-0.72090534977
1.01197866505,-0.719185513044
1.01267467983,-0.727964413579
1.01342898251,-0.732369588309
1.01226206835,-0.740781745277
1.01439162305,-0.696692227186
1.01177396104,-0.705883897536
1.01112522996,-0.731423750845
1.0127099216,-0.724115392113
1.0146171505,-0.729382049646
1.01284536813,-0.71344635722
1.01294717238,-0.727269298017
1.01333692332,-0.727140332481
1.01224650492,-0.740163981528
1.01442454892,-0.729902746055
1.01591043701,-0.73885799399
1.01204216885,-0.717995125948
1.01218431647,-0.732507737079
1.01292087257,-0.707997444013
1.01363601853,-0.720728769759
1.01166559387,-0.721210375818
1.01336965485,-0.707264279541
1.01133342148,-0.720262073679
1.01247886188,-0.74079594022
1.01290377914,-0.730561932365
1.01108973646,-0.775673153768
1.01092117658,-0.37000776037
1.0148398607,-0.564946677902
1.01305098372,-0.67614678183
1.01149890177,-0.734645466963
1.01243750828,-0.761587545658
1.01266910337,-0.775561253
1.01060556112,-0.776340056776
1.01442623362,-2.30006078684
1.01309363411,-0.887137575395
1.01058789415,-0.564709872351
1.01159340462,-0.597422881863
1.01168137426,-0.650069140453
1.01073679666,-0.692830011991
1.01310217784,-0.698561206263
1.01134908065,-0.704493379465
1.01139586852,-0.721616923925
1.01239183619,-0.64571797738
1.01324023881,-0.694651757366
1.01051519396,-0.719252897858
1.01233662045,-0.730083332246
1.01486891035,-0.736728034649
1.01303469347,-0.729492365133
1.01110984149,-0.719758091089
1.01345086237,-0.726973646911
1.01154776832,-0.731133221929
1.01333624011,-0.697896570665
1.01376848111,-0.721985942379
1.01267573045,-0.717263345265
1.01191157002,-0.721787126037
1.01314792541,-0.698854216055
1.01191050809,-0.695668953333
1.01185735554,-0.712602124409
1.01305707456,-0.71112765923
1.01318262868,-0.740078031672
1.01041089659,-0.718463351891
1.01393532766,-0.723524903669
1.01298887576,-0.70475767477
1.01281701672,-0.716475595539
1.01277869061,-0.721678281183
1.01370684324,-0.719621062165
1.01154191572,-0.709754045814
1.01335806317,-0.738018451707
1.01102415557,-0.713110662114
1.01184779984,-0.728934210514
1.01362454552,-0.726605061938
1.01262320783,-0.721554009474
1.01047979637,-0.749418230182
1.01248989777,-0.738850879065
1.01305371576,-0.742139389843
1.0124481087,-0.747597398171
1.0107947089,-0.729335570764
1.0131444432,-0.743562911764
1.01108890992,-0.755172375183
1.01416664575,-0.751155884206
1.01411495618,-0.744977478391
1.01330431514,-0.769585954418
1.01183621943,-0.764136154476
1.01470482117,-0.757313119593
1.01355079983,-0.761493184927
1.01408932469,-0.759309125334
1.01397880872,-0.736270063728
1.01263479739,-0.768254004804
1.01208015537,-0.743710491489
1.01467683275,-0.749233845339
1.012969025,-0.753876879272
1.0115829698,-0.786613178586
1.01283004031,-0.741184946415
1.01382443739,-0.759767627729
1.01183745889,-0.751333745941
1.01231671617,-0.749457332849
1.01082791324,-0.75141164718
1.01110046167,-0.75944228694
1.0129930375,-0.744390627817
1.01381412672,-0.751227107859
1.01031461273,-0.750731669187
1.01232076776,-0.762660913634
1.01184884029,-0.745464289916
1.01159052189,-0.764308140152
1.01065934038,-0.752085495911
1.01192749843,-0.755636377842
1.01107275537,-0.760975450792
1.01230515258,-0.757540924185
1.01290987292,-0.757872336134
1.01177807167,-0.755346901134
1.01099082713,-0.761071936378
1.01395382122,-0.755944967504
1.0124923143,-0.755543552508
1.01280212794,-0.74355365392
1.01170836959,-0.754043827178
1.01246776656,-0.780407399096
1.01313782299,-0.749252900252
1.01573319861,-0.744821992087
1.01280825701,-0.756769939128
1.01194845343,-0.753248238695
1.01337075204,-0.755342610346
1.01310180979,-0.750722390118
1.01250963481,-0.758912659577
1.01369376209,-0.747602015305
1.01182782509,-0.755505499038
1.01127186447,-0.749982847624
1.01389447563,-0.741571488622
1.01359193218,-0.776537015094
1.01017744179,-0.748512947984
1.01200553759,-0.756571819644
1.01259945621,-0.773972300592
1.01253876231,-0.770677976209
1.01187617285,-0.758276165785
1.0102647114,-0.763820973344
1.01009214678,-0.762601412071
1.01315929416,-0.765002786608
1.01135797103,-0.759083094885
1.00991181531,-0.784713070794
1.01181789683,-0.780800540259
1.01406899423,-0.761755395866
1.01084695496,-0.771788417017
1.01287442865,-0.787374975757
1.01176688468,-0.781435819319
1.01264777605,-0.767590951286
1.01292062131,-0.782266135094
1.0158456757,-0.783445523008
1.01386387856,-0.750529179864
1.01445097366,-0.747721234178
1.01589992734,-0.760993769828
1.01635592465,-0.792184413792
1.01723532864,-0.766901162503
1.01947773978,-0.756137560809
1.01725500538,-0.755597727721
1.01697545517,-0.773117644292
1.01771150685,-0.758946477156
1.01718005059,-0.769251032265
1.0131162991,-0.758431871852
1.01649575119,-0.766600946925
1.01556322027,-0.765898362499
1.01495893296,-0.762757029903
1.0141063085,-0.764783704145
1.01465575726,-0.760793542206
1.01369143455,-0.749556910506
1.01650582639,-0.756777962915
1.01515563017,-0.747314779329
1.01359855416,-0.760253003068
1.01562203382,-0.777217784539
1.01769369925,-0.7590156098
1.01585968799,-0.748476784469
1.01770058831,-0.78109371378
1.01725311043,-0.743188340201
1.01622294393,-0.758127700731
1.01693863905,-0.750320762398
1.01975479212,-0.759145939541
1.01629258727,-0.756011709915
1.01657646065,-0.743365032902
1.01643331738,-0.766475394872
1.01583253319,-0.76203187373
1.01439182504,-0.771251247873
1.01450053277,-0.74517081156
1.01246750733,-0.748006928332
1.01396039284,-0.754503881764
1.01444855606,-0.734513807411
1.01216167836,-0.751921365703
1.00909283889,-0.742627759771
1.01186947797,-0.743991426432
1.01169630902,-0.742324613706
1.01541817805,2.21747231345
1.01200354602,-0.608328663627
1.01007860546,-0.342070322639
1.00906397758,-0.476523732277
1.01308457815,-0.598266016597
1.01182621682,-0.695555217895
1.00936466327,-0.774659979804
1.01145095758,-0.794971897874
1.01232313969,-3.71073483447
1.01068251268,-1.15828835808
1.01284531859,-1.04973894571
1.01114384968,-0.906901378404
1.01031471657,-0.854336185536
1.01166581932,-0.7842586819
1.01222203766,-0.768585890444
1.01014355181,-0.767483091812
1.01046217673,-0.772079483668
1.01260000038,-0.71003325129
1.01224606366,-0.772208564118
1.01074256608,-0.766352273308
1.01244902739,-0.771939055738
1.01078195647,-0.782524561514
1.01226573866,-0.772985611793
1.01372274577,-0.771096074533
1.01380879896,-0.787412368957
1.01196786907,-0.771893541206
1.01366252904,-0.759380213766
1.0128718987,-0.78402092511
1.01422512353,-0.779135061118
1.01414934559,-0.772398062621
1.01205489614,-0.784570409985
1.01155308676,-0.793221233149
1.01581566328,-0.773077777804
1.01290334858,-0.773113322668
1.0110360113,-0.78202403428
1.01289953679,-0.778516570007
1.01442353333,-0.777328656723
1.01082208487,-0.77950404105
1.01267330427,-0.785368674981
1.01167682951,-0.775992105825
1.01251655444,-0.7807868821
1.01299654788,-0.798220573036
1.01316775401,-0.788885198645
1.01102966389,-0.789053171368
1.01171899919,-0.773708649153
1.01329588904,-0.788797883272
1.01276838796,-0.784306887861
1.01336428586,-0.786181739935
1.01513722341,-0.797197282909
1.01093835105,-0.791801740438
1.01331425495,-0.784181291297
1.01407367494,-0.765471202829
1.01370448497,-0.801363308213
1.01350804138,-0.797746875997
1.01447709914,-0.772651269661
1.01098369676,-0.76814104823
1.01251467218,-0.764677467144
1.01240345468,-0.778374331911
1.0106319153,-0.784578219174
1.01182214067,-0.780672902292
1.01465459268,-0.76972377322
1.01168419829,-0.772343749023
1.01063208148,-0.765591936221
1.011482484,-0.74532202641
1.0121833391,-0.765202236538
1.01034319418,-0.773589107144
1.01313181667,-0.777051942753
1.01198123909,-0.779562870146
1.01076426933,-0.751984473618
1.01112642755,-0.744152300162
1.01290407889,-0.745520663731
1.01064662163,-0.775364510043
1.01179355275,-0.748153810387
1.01087843153,-0.772315612942
1.01031229229,-0.78439962731
1.01251728589,-0.779111104241
1.01198395527,-0.780902234478
1.01056730367,-0.764695491786
1.01243002576,-0.770520555189
1.01227207683,-0.765204505925
1.01073954773,-0.762326448654
1.01033767432,-0.784720059336
1.01290778094,-0.776510462454
1.01151629836,-0.764344209409
1.01245588892,-0.766123401759
1.01236585193,-0.780015723576
1.01079488657,-0.776581845067
1.01089137083,-0.7729374698
1.01385615316,-0.757874215688
1.01216487278,-0.763872891748
1.01165561702,-0.767985627153
1.01241316002,-0.75616144166
1.0126168711,-0.750352283798
1.01175780754,-0.782387937251
1.01328484914,-0.76521492455
1.01271575562,-0.770439217442
1.02273344662,-0.57526335597
1.03120009562,-0.91867733059
1.03140723003,-0.970098543755
1.02818592421,-0.895987582736
1.02958405764,-0.896827226211
1.02920934086,-0.921790119575
1.0298461832,-0.962514791242
1.02958887599,-0.973143859582
1.02874480284,-0.942009865543
1.02779657218,-0.910579751163
1.03030215893,-0.900579171477
1.02987491515,-0.915096169442
1.02876272519,-0.886868182334
1.02849422815,-0.914770633848
1.02981909033,-0.910136744579
1.02983814493,-0.906458939791
1.03068116969,-0.917609628311
1.02943274403,-0.915860265516
1.02774204344,-0.913387395087
1.0290541118,-0.926648151943
1.03227805807,-0.89350178346
1.02932742778,-0.918115071848
1.02974111086,-0.931856260557
1.03039776308,-0.922547145931
1.03100053985,-0.93100595721
1.03010224131,-0.92597619258
1.03089309747,-0.921149935806
1.0288885372,-0.917376236008
1.03025725267,-0.933096894136
1.03251575265,-0.919150896148
1.02948246392,-0.925348723144
1.02717823863,-0.916435399994
1.02982623612,-0.914131776756
1.02867269789,-0.920074944022
1.02897850568,-0.940075674312
1.03036193393,-0.913926821961
1.02883995244,-0.929976516902
1.02790018258,-0.929003787419
1.02948874181,-0.938478104638
1.029729178,-0.923788558793
1.02838854434,-0.947663215606
1.02842508226,-0.931825034556
1.02917734842,-0.931496784739
1.02825561434,-0.920599472652
1.03122805131,-0.947064864239
1.02866323455,-0.931583612945
1.02812792334,-0.918625089449
1.02971966835,-0.952150593718
1.03177768291,-0.931167445295
1.02782835546,-0.933949592169
1.02938537108,-0.943387812435
1.03058607662,-0.915051277718
1.03107100557,-0.935930803074
1.03056150343,-0.943337281771
1.02962815577,-0.942250339253
1.02761464208,-0.941833819712
1.03021308589,-0.937898406386
1.03036689953,-0.941157813326
1.02995024663,-0.944925379833
1.02897383507,-0.947871204608
1.0308818776,-0.936684895515
1.02803917537,-0.925591369458
1.0287347182,-0.949605694003
1.03001382876,-0.940197002761
1.03022192965,-0.95157734515
1.0282328301,-0.93619253584
1.03104437409,-0.935937827608
1.03014682555,-0.949374170831
1.02809800955,-0.942676418728
1.02877514806,-0.937462775217
1.03089856257,-0.928195863476
1.02908764989,-0.936703971777
1.03051525263,-0.956190374967
1.02967628435,-0.943076207179
1.02893102542,-0.939142717966
1.03104542641,-0.945177752582
1.03167662277,-0.927426264083
1.02861802699,-0.963613758421
1.02907225666,-0.946022479235
1.0308544483,-0.926817359078
1.02971117449,-0.945743579844
1.028502901,-0.942477655887
1.03076592778,-0.929071333215
1.02710426283,-0.927582035692
1.02988025459,-0.940732911437
1.03125502233,-0.937867601125
1.02999841214,-0.934436292779
1.02987106527,-0.939855849209
1.03246036831,-0.944429267465
1.03176747808,-0.938932425932
1.03315349193,-0.94957966812
1.03385054312,-0.941831509333
1.03141313028,-0.95008505454
1.03195427013,-0.954157438298
1.03497352538,-0.946388449707
1.03222822395,-0.944029148525
1.02994122642,-0.946675893123
1.03133954484,-0.953946065634
1.03144895985,-0.944960755759
1.03051458005,-0.941246752116
1.03219566118,-0.932516986182
1.02910639784,-0.950043247448
1.02789236863,-0.957186959132
1.02981241875,-0.938307935009
1.03104542268,-0.947090564811
1.02890318566,-0.951964024504
1.03015363754,-0.930509435273
1.03049517238,-0.939518302136
1.03063706087,-0.959106992001
1.03103666854,-0.938241361113
1.03200968653,-0.951523919904
1.03074985355,-0.933728454885
1.03362653715,-0.952823834039
1.0352213084,-0.941727840741
1.0337524858,-0.942672586068
1.0320596156,-0.932109000199
1.03395826326,-0.924329613051
1.0322405551,-0.950226334017
1.03300996136,-0.931489030255
1.03262035166,-0.939528530833
1.03025544846,-0.955953841667
1.02914934741,-0.950240209564
1.03388903649,-0.966965373781
1.03020905693,-0.946455537893
1.02882785482,-0.945060933396
1.02959989695,-0.966615135777
1.02845601698,-0.935760477848
1.02968371692,-0.951013825092
1.0316319897,-0.947018937325
1.03011737665,-0.949421625833
1.02899887494,-0.948207383088
1.03154316183,-0.946741732817
1.0319726321,-0.958327337581
1.02808990828,-0.961808001061
1.03047177728,-0.948918461683
1.03117546556,-0.940936100357
1.03025183411,-0.943262603155
1.02920767055,-0.946291777507
1.02807424825,-0.9337974267
1.02839428104,-0.96912572565
1.02967425758,-0.944435494703
1.02902355978,-0.940427827211
1.02687782584,-1.39072986733
1.02638574886,-0.468907673734
1.03061155062,-0.728464022582
1.02757211138,-0.873672617557
1.02912144628,-0.97366309887
1.03040208777,-0.996019542675
1.02940049094,-1.01833784526
1.02876531436,-1.00128777129
1.03162807317,-2.12726039615
1.02877519348,-1.12202279925
1.02919107979,-0.801345708953
1.0303782175,-0.846901196344
1.02940034885,-0.895935299642
1.02840163129,-0.917494048191
1.03091926341,-0.94411329716
1.028283641,-0.952437599092
1.02866276256,-0.959073663037
1.03043249726,-0.920269839445
1.03024017795,-0.948391832249
1.02677252611,-0.941674727885
1.02874687796,-0.942715192587
1.02921364441,-0.951455445828
1.02800426578,-0.939885361074
1.02849208427,-0.942986749913
1.03094225709,-0.961659651748
1.02777182421,-0.943684733972
1.02916220031,-0.934100624934
1.02939335552,-0.914269742506
1.02749927715,-0.939851944867
1.03004841446,-0.950988895068
1.03021309718,-0.934176782777
1.02745463232,-0.93525627734
1.02902802317,-0.92156267927
1.02908013048,-0.947707586141
1.02869438905,-0.950302481385
1.02878285048,-0.949232007246
1.03148448417,-0.967766339063
1.02695432231,-0.958396212786
1.02921687791,-0.933903286247
1.02933679573,-0.951875773018
1.02963317614,-0.952926076944
1.02914686961,-0.945736153124
1.02974275898,-0.943692803909
1.02855926476,-0.945473844545
1.02905726474,-0.954968258073
1.03125374071,-0.931126692468
1.03113125484,-0.955713031977
1.02860144587,-0.961237122659
1.02995362902,-0.964435509065
1.02949178064,-0.945186276776
1.0291342739,-0.956215917219
1.02978368055,-0.960983359975
1.03008396386,-0.953352038327
1.02736202277,-0.9721722802
1.03024284536,-0.96684865411
1.02972343027,-0.973192770619
1.02801884597,-0.979962185202
1.02803519485,-0.969772716797
1.02913444544,-0.972610269957
1.02859643733,-0.960667297342
1.03130963442,-0.987250459751
1.02910442575,-0.966681282992
1.02872692431,-0.968872849424
1.03055823028,-0.971930197701
1.03307346057,-0.978365581933
1.03247812119,-0.974417379888
1.03286940107,-0.978626477157
1.03495035669,-0.979106734641
1.0346976024,-0.969136217047
1.03474245067,-0.955090870481
1.03597478651,-0.964993644805
1.03237306831,-0.985962780618
1.03394758069,-0.995287367827
1.03544667195,-0.961150732416
1.03445957982,-0.956755394157
1.03161264778,-0.975116418875
1.03419303882,-0.975359310857
1.03289003734,-0.95462102339
1.03354491638,-0.984186233076
1.03308350056,-0.969114319317
1.03215741949,-0.987265749211
1.03225748846,-0.973646549275
1.03708632698,-0.982489028822
1.03446637352,-0.971800141558
1.03175105942,-0.971631728082
1.03379598161,-0.987403524636
1.03487387614,-0.962237789779
1.03376158539,-0.978975919452
1.0362661694,-1.00366146098
1.03451853592,-0.97163078762
1.03320421762,-0.991035448925
1.03452498842,-0.966142756857
1.03405029693,-0.97525009923
1.03132000423,-0.964848149512
1.03260331301,-0.977959333612
1.031871201,-0.991993911598
1.03001818261,-0.976779055923
1.03083620505,-0.985676241067
1.0304094308,-0.972359219145
1.02661585775,-0.977136283129
1.02878894403,-0.972938968595
1.03076560999,-0.978824699861
1.02858237595,-0.983889537221
1.02742885154,-0.966717086903
1.03016918441,-0.986229333916
1.02898859211,-0.975637008418
1.02990542895,-0.979647010511
1.02955049499,-0.972782144221
1.0271656964,-0.98176497167
1.02865551208,-0.982397570381
1.03187490495,-0.985262590998
1.02938075204,-0.985268597053
1.02871945213,-0.992684207611
1.02958977019,-0.978588890229
1.02935616367,-0.978029904378
1.02711283973,-0.977363396938
1.03072249665,-0.979479736318
1.02934499422,-0.976805448866
1.02832454855,-0.954748573496
1.02844482537,-0.96461450234
1.03040876512,-0.989718537481
1.02781610247,-0.959093379395
1.03006577271,-0.981035027233
1.02944338052,-0.97278962035
1.02920990695,-0.996359035006
1.03113623437,-0.974103670159
1.03034542693,-0.983248138907
1.02690819322,-0.972743179777
1.02976480917,-0.959896576162
1.0303812767,-0.968125202451
1.03018071325,-0.97083007397
1.02777667365,-0.968231065519
1.03016362451,-0.978124229303
1.02841038824,-0.968002685554
1.03057939537,-0.986871999288
1.02984637269,-0.989632613418
1.02765477196,-0.987042251861
1.02834358,-0.974628824242
1.03106407815,-0.971821310842
1.02973502172,-0.968766469457
1.02903280037,-0.982158844701
1.02904965322,-0.957171428387
1.02900922401,-0.958113773887
1.02847178324,-0.9749871768
1.03024614518,-0.983691993774
1.02805606332,-0.982956907588
1.02738610086,-0.98057017708
1.03027382402,-0.981502504412
1.03014818582,-0.985237643218
1.02663266404,-0.986046583897
1.02852944572,-0.994402827955
1.02807459234,-0.974935725259
1.02821079892,-0.993310176077
1.02981361516,-0.971181056068
1.02825464927,-0.957380839781
1.02605241855,-0.954079799026
1.02759519378,-0.962276743019
1.02814034381,-0.96045471335
1.02722118999,-0.978837639552
1.02731542674,-0.9636688896
1.02805686127,-0.957314327458
1.02695471014,-0.950702604541
1.03076194307,1.53513504988
1.02894657337,-1.00173266843
1.02657821069,-0.715306558815
1.02749451174,-0.735908229344
1.03020755411,-0.833062422669
1.02798413916,-0.91551359346
1.02856062663,-0.97470332988
1.02844187815,-0.980968928337
1.02929693601,-4.34129966049
1.02829335185,-1.42964252361
1.03092787717,-1.28050256413
1.0279308193,-1.10703336197
1.02732539235,-1.02324438797
1.02945792945,-0.983059383939
1.02822711695,-0.950381743159
1.02732362211,-0.969791190273
1.02841736736,-0.966960231978
1.02734247515,-0.891171575114
1.02725656708,-0.951653229694
1.02904890763,-0.970130365676
1.02938984575,-0.957489212594
1.02623260774,-0.958866255553
1.02926775001,-0.978254939581
1.02969192037,-0.966097449714
1.02898913393,-0.981304182922
1.02946173092,-0.964640068263
1.03190590204,-0.9601797497
1.03040500929,-0.965543682842
1.03199634599,-0.97100311726
1.03175546863,-0.969537391057
1.03068341731,-0.984809476242
1.03152514901,-0.98480623574
1.0340495823,-0.960353456655
1.030551946,-0.981532088546
1.03051496609,-0.974636043285
1.03117046496,-0.95365977896
1.03078188485,-0.973226614042
1.02993580207,-0.993247595211
1.03149489752,-0.978856371561
1.02958079327,-0.972900831128
1.03127631612,-0.981730068286
1.03125367025,-0.967024033664
1.03143216664,-0.979787215906
1.03104034154,-0.974507008214
1.03249509049,-0.968554470639
1.03124140328,-0.983192534575
1.03199551677,-1.00440145171
1.03277819288,-0.995030338295
1.03243481253,-0.997654403653
1.03054655873,-0.95652958396
1.03445083109,-1.0005131825
1.03364151095,-0.974412531222
1.03178097897,-0.991663753067
1.03136167881,-0.970579138449
1.03168713437,-0.985676176767
1.03044211873,-0.96701477361
1.03114895547,-0.975844178018
1.02916214949,-0.97952476492
1.02751131895,-0.981328381799
1.02956150761,-0.971581904476
1.02997342473,-0.972128044084
1.02863333105,-0.974384541806
1.03050271891,-0.957784762328
1.03143059121,-0.971663785327
1.03031415055,-0.980142516405
1.02844461096,-0.974039532212
1.03211924197,-0.966218713061
1.02895028237,-0.96789183866
1.03046644617,-0.951847374281
1.03087121554,-0.975565905637
1.02996905479,-0.983524421339
1.02941093315,-0.978895679908
1.03133166974,-0.980057283063
1.03056288991,-0.98988502702
1.0316308814,-0.986631134028
1.03347566203,-0.99071400722
1.03177855052,-0.998135527104
1.03164220086,-0.986858308448
1.03612137239,-1.01173666786
1.03619279094,-0.989337827768
1.03456813197,-1.01936423882
1.03513927259,-1.02392414172
1.03489901048,-1.01622726865
1.03408140004,-1.01994305022
1.03709846621,-0.989908705943
1.0352011538,-1.01147365093
1.0325473275,-1.00384864145
1.03386306874,-0.989798132775
1.03447939063,-0.998312654409
1.0321974073,-1.00859835952
1.03307582865,-0.981919018179
1.03223432844,-0.981522661119
1.03197224075,-0.981074526819
1.03332378171,-0.992541505757
1.03315043616,-1.00141673055
1.03055504464,-0.995346417563
1.02405196995,-0.602077285655
1.03228484752,-0.816074345334
1.03156689094,-0.727463089382
1.03065112366,-0.735994266186
1.03302059831,-0.746950712097
1.0312015068,-0.728552489133
1.03291143123,-0.747994044794
1.03294877878,-0.749011126657
1.03212713033,-0.755887118548
1.03079974017,-0.748749913016
1.0325716013,-0.737656383319
1.03139378844,-0.778695875078
1.03001928001,-0.73469464952
1.0293539242,-0.723994553376
1.02821585269,-0.704195853298
1.02721501006,-0.729452544162
1.02976985842,-0.72645805377
1.02600996221,-0.726455126022
1.02565304775,-0.717957715993
1.02809268049,-0.714878499739
1.02939355561,-0.712175515654
1.02568683653,-0.717841518532
1.02660030755,-0.711719005529
1.02661519296,-0.728704437855
1.02704401152,-0.718181733739
1.02789348537,-0.71786244736
1.02663378049,-0.715384421374
1.0250085502,-0.733610671747
1.02860059603,-0.727529531271
1.0275887687,-0.724173080434
1.02759386513,-0.724246617579
1.02710224753,-0.719806280055
1.02927806605,-0.735214271648
1.02765176342,-0.727298132463
1.02892531427,-0.735549682042
1.02880525714,-0.731205956675
1.02766696749,-0.732128914595
1.02641690871,-0.71827474132
1.03012749484,-0.730509213996
1.02703706284,-0.71877401463
1.0262447982,-0.727909097809
1.02761678621,-0.724225389754
1.02656141141,-0.728205897396
1.02842740422,-0.736203130169
1.0297399699,-0.719237638689
1.02547618544,-0.717351882144
1.02744338213,-0.727132200132
1.0289090559,-0.731843978721
1.02956610545,-0.730515203622
1.02687770795,-0.739997528801
1.02859172204,-0.714874274733
1.02777024725,-0.71884410361
1.02806642177,-0.734183582921
1.02838787069,-0.722402639762
1.0289656751,-0.714949265158
1.02676944034,-0.748977869719
1.02833104636,-0.712505023238
1.02777337994,-0.728508951193
1.02641739412,-0.721016831561
1.02816336342,-0.740553827042
1.02815729645,-0.72810949167
1.02594676538,-0.722403733117
1.02868760063,-0.723471139446
1.02851102765,-0.725070076357
1.02687168524,-0.723308984052
1.02613568248,-0.729848457379
1.02982169633,-0.710649560456
1.02825632311,-0.732020821801
1.02764407565,-0.716847997761
1.02767949276,-0.723114027142
1.02761925539,-0.728822483555
1.02916925964,-0.733108057665
1.02968133922,-0.723987179856
1.0271955045,-0.731127847883
1.02718287429,-0.718011257862
1.0298371682,-0.730238699586
1.02948800304,-0.722874672249
1.0271927534,-0.735740463509
1.02811114877,-0.72627534004
1.02714697407,-0.730818903096
1.02770557706,-0.729898720721
1.02891943732,-0.734063194505
1.02742178207,-0.733119431861
1.02564673187,-0.735571656933
1.02897102021,-0.731369033894
1.02883098028,-0.728975287227
1.02566331009,-0.718212559884
1.02619782219,-0.726856643704
1.02709302098,-0.720231145859
1.02677083184,-0.73288662387
1.0292121688,-0.725854877911
1.02713626096,-0.719699486556
1.02494485288,-0.727164624361
1.02556800639,-0.711745583985
1.02757717194,-0.70892049754
1.0269180676,-0.736598807758
1.02610006003,-0.715602350404
1.02751394195,-0.73603229643
1.02657008375,-0.738768898547
1.0274091734,-0.736807671591
1.03007103223,-0.714750263097
1.02743314175,-0.72813522841
1.02855920375,-0.724489874405
1.03089289188,-0.740678258475
1.03017524101,-0.7213847271
1.02837169505,-0.733617333715
1.03040224749,-0.731286360638
1.02819207443,-0.732120485543
1.02891515872,-0.726413960436
1.03011849016,-0.750672562128
1.02654837564,-0.716068946153
1.02466221057,-0.718192383507
1.02973840594,-0.715351893215
1.02853729723,-0.731770375027
1.02663163713,-0.717532683939
1.02731581178,-0.726782622571
1.02769281892,-0.729713678701
1.02559969548,-0.719787974162
1.02912815512,-0.719337299949
1.02839071396,-0.735717499285
1.0272721208,-0.725375957735
1.02931463851,-0.727444530081
1.03051030703,-0.718175415593
1.02849652327,-0.714513407587
1.03082656284,-0.723233983
1.03136702134,-0.718316931893
1.0318712895,-0.713022335084
1.03187538244,-0.733979562031
1.03273033616,-0.7454879264
1.02828290419,-0.737889910322
1.02939655405,-0.724760312471
1.03020686996,-0.7253133297
1.02949678367,-0.722262174582
1.02815116339,-0.709234520572
1.02776785252,-0.719822305233
1.02753792963,-0.725152392469
1.02889316515,-0.720830507538
1.02860716213,-0.740567961213
1.02811358216,-0.732026418092
1.02798608769,-0.741080193745
1.03009750161,-0.728863032605
1.02820700082,-0.728698661346
1.0276211639,-1.00834724189
1.02836571399,-0.383995604268
1.02993157623,-0.581869140821
1.02707088536,-0.669757295814
1.03013913713,-0.712148363393
1.02949381991,-0.752457054896
1.02888070435,-0.769902881219
1.02901793216,-0.798975853025
1.03232120693,-1.9177971579
1.02729301246,-0.848451581056
1.02740559634,-0.608470173626
1.02679410411,-0.627858309945
1.02508225829,-0.663913591521
1.02716450483,-0.700109550579
1.02726719682,-0.693864810237
1.02317249959,-0.69986350878
1.0252356914,-0.703694573259
1.0253389439,-0.686266726229
1.02606208452,-0.702737042484
1.02485814369,-0.708964523065
1.0278243421,-0.710071911951
1.02528923307,-0.722807104498
1.02612417286,-0.715423053953
1.02610295269,-0.713610788568
1.02527973783,-0.699980001788
1.02540848173,-0.724832685792
1.02852011306,-0.720112593328
1.02672083894,-0.701033887948
1.02615896691,-0.722844198697
1.02815575642,-0.734372102421
1.02690862274,-0.717451755537
1.02634745054,-0.741578873757
1.02856931858,-0.710768342987
1.02596093407,-0.719839928521
1.02499276902,-0.710025884613
1.0271697447,-0.735352364519
1.02839975602,-0.719760571294
1.02551220525,-0.725362631558
1.02620238502,-0.733856754372
1.02545307194,-0.728718141249
1.02535258258,-0.738238183152
1.02691448594,-0.720791159888
1.02668250634,-0.716211784471
1.02497497624,-0.744248793939
1.02626237827,-0.716274578901
1.02599744554,-0.723028801714
1.0267032255,-0.713374437625
1.02654454677,-0.730022541483
1.02709363646,-0.72860141689
1.02709920873,-0.735831842865
1.02762564729,-0.731299418018
1.02739834401,-0.712132417119
1.02527164814,-0.73167429436
1.02595772755,-0.713993165707
1.02867368749,-0.736814761053
1.02729288809,-0.728508072286
1.02710566727,-0.728433075576
1.02686214329,-0.720050033865
1.02640822785,-0.728561608449
1.02659351077,-0.729465093918
1.02882623678,-0.722950382808
1.02580374564,-0.730056473986
1.02525836377,-0.731045966052
1.02766126647,-0.736978632502
1.0281403239,-0.731832577842
1.02527613417,-0.73255549051
1.02689137887,-0.726161546239
1.02557145879,-0.714203142517
1.02648458885,-0.718342985982
1.02843443313,-0.734861468437
1.02769532396,-0.719108986977
1.02458030322,-0.728064057252
1.02694757051,-0.741527078963
1.02753991468,-0.720883078292
1.0262315435,-0.719417179701
1.02551252477,-0.724134335713
1.02599032402,-0.727163497846
1.02541522682,-0.732489437792
1.02737346713,-0.718631145122
1.02636923865,-0.716621349387
1.02462049673,-0.71341663241
1.02585133484,-0.736015291798
1.02918068525,-0.740278536796
1.02540811728,-0.73732301625
1.02670966893,-0.731143962704
1.02684081154,-0.725099352118
1.02692780496,-0.725230654523
1.02657418414,-0.746138393014
1.02737891581,-0.735686483828
1.02569363782,-0.73016187489
1.02574881882,-0.734876891211
1.02824933943,-0.724729764271
1.02709519062,-0.712867966972
1.02597662213,-0.727607596508
1.02716657841,-0.734969016417
1.02548382914,-0.734538900023
1.02750352974,-0.72829302713
1.02813681177,-0.73910482013
1.02721064078,-0.713231524267
1.02404550722,-0.738438792633
1.02722431531,-0.716544156682
1.02785245151,-0.717607746083
1.02723183554,-0.73690941766
1.02573490032,-0.73325082765
1.0271647447,-0.732978450726
1.02581937782,-0.751092882424
1.02731873817,-0.705528452165
1.02712090673,-0.739784928956
1.02574550696,-0.73433249062
1.02720923387,-0.735949422625
1.02849237012,-0.740071418229
1.0263825433,-0.744362470131
1.02679879329,-0.738954734123
1.02682740103,-0.717895774431
1.02706000501,-0.743128682119
1.02571446093,-0.743164603289
1.02942944116,-0.730038529567
1.02554002608,-0.721953575476
1.02679790731,-0.726004396209
1.028015553,-0.739029226498
1.02718400983,-0.723210611335
1.02676859738,-0.729814386181
1.02831831722,-0.718097632687
1.02594599577,-0.735972921506
1.02678002549,-0.729702562112
1.02920534785,-0.739375177704
1.02818944728,-0.727710313931
1.02585137968,-0.719739208387
1.02770350501,-0.728090455292
1.02755792219,-0.732793379204
1.02652890942,-0.732129913376
1.02696553135,-0.726350742298
1.02593187092,-0.737888419732
1.02541611261,-0.735108218814
1.02757837514,-0.713625014806
1.02673907571,-0.745891138459
1.02457604919,-0.734454186813
1.02572891176,-0.734963387719
1.02687571654,-0.724909191997
1.02575680445,-0.725748326479
1.02644725356,-0.744815602074
1.02437146457,-0.741077821664
1.02511700024,-0.745007067322
1.0264776966,-0.727459060368
1.02785009998,-0.726468805588
1.02419961322,-0.714250745568
1.02464581486,-0.727490430902
1.02654829895,-0.716213698529
1.02647482855,-0.72529324165
1.02608687227,-0.72896083127
1.0272601773,-0.731369529624
1.02518276631,-0.742946189384
1.02577977642,-0.723382864144
1.02839006351,-0.741896282977
1.02714087604,-0.736539336724
1.02540417047,-0.736982208657
1.0285696621,-0.723349411255
1.02800693497,-0.71630979309
1.02656479035,-0.717828012666
1.02729189471,-0.727883218524
1.02635371589,-0.735474958997
1.02755403852,-0.733661882836
1.03379734764,1.71839016821
1.02825200538,-0.804755755864
1.02638730387,-0.466866629198
1.02785565936,-0.494706455459
1.03006622676,-0.575178055601
1.02804004137,-0.682951410676
1.02830621733,-0.723736241968
1.02804775159,-0.77517847553
1.02767355908,-3.49498791972
1.02972309473,-1.20103454642
1.02904738472,-1.0080044916
1.02603556374,-0.89547153909
1.02835962552,-0.827030495273
1.02806762026,-0.758919114026
1.02792155444,-0.703963993428
1.02803100304,-0.720487469187
1.02979253915,-0.735714381322
1.02747989787,-0.733178174456
1.02943294776,-0.715165994057
1.03005652302,-0.729378736517
1.02777470064,-0.721078365058
1.02735356883,-0.715211930986
1.03075281366,-0.721604843738
1.02942891437,-0.736886217616
1.02917752948,-0.728036435784
1.02748370713,-0.716400404075
1.027911457,-0.725858381896
1.02861385367,-0.731868193182
1.03006318378,-0.723932302004
1.02745897696,-0.711823301258
1.02666237732,-0.735735476379
1.02767032245,-0.740855821733
1.02789308093,-0.722600758847
1.02514736965,-0.742790354798
1.02722784704,-0.724979491051
1.02671251032,-0.74859862684
1.02633134808,-0.732024502297
1.02523060627,-0.724395263339
1.02583391494,-0.728521373272
1.02507438063,-0.737361167655
1.02678669587,-0.731597064748
1.02696312245,-0.734547769758
1.02565261713,-0.746572186018
1.0272697283,-0.75539611815
1.02736570799,-0.741136335253
1.02436603486,-0.736075737858
1.02691973243,-0.728798695968
1.02740805903,-0.736725740216
1.02630083623,-0.729628392614
1.02458930965,-0.749339953027
1.02804195638,-0.727968500453
1.0254884833,-0.727971760488
1.02668987503,-0.725777462843
1.02791162155,-0.737113200876
1.02595834028,-0.731371359878
1.02609276381,-0.728793311748
1.02773492861,-0.710477699776
1.02688648287,-0.737885404546
1.02652040252,-0.746891698839
1.02919841767,-0.726001540851
1.02798730848,-0.747996403738
1.02578360136,-0.733080944361
1.02802757262,-0.744028713292
1.02630893075,-0.735836811277
1.02698620099,-0.74757832536
1.02824758312,-0.742775823851
1.02736559835,-0.728737685095
1.02479813574,-0.761236953823
1.02781501263,-0.736587360239
1.02836203029,-0.746264042785
1.02672844455,-0.720593707751
1.0276841747,-0.73775942452
1.02722554695,-0.729374685175
1.02535522851,-0.751500395071
1.02822539359,-0.731907495134
1.02757614035,-0.739651902155
1.02669402099,-0.738615328196
1.02531134196,-0.744461447208
1.02732724999,-0.745581768943
1.02621178954,-0.734599155015
1.02645373789,-0.743488522721
1.02706709959,-0.729257627815
1.02576507386,-0.733920279493
1.02675027928,-0.749372697611
1.02945413316,-0.750951603743
1.0252897689,-0.754436335601
1.02553055708,-0.731821970735
1.02742441942,-0.713296632747
1.02789266457,-0.735669823049
1.02689389463,-0.729204645205
1.02724149088,-0.725380861029
1.0255669228,-0.7354520952
1.02664517228,-0.740535156281
1.027853614,-0.723314216484
1.0272968222,-0.743243703584
1.02535221922,-0.735708056475
1.00209725451,-0.534799900333
1.00794139521,-0.712278836218
1.00622216579,-0.645517963103
1.00780381858,-0.640951422694
1.00717500373,-0.635971809811
1.00615575611,-0.64844773549
1.00799407841,-0.656967205869
1.00808214812,-0.666612451942
1.00509773869,-0.663918320877
1.00384847149,-0.540015560449
1.00752758837,-0.559514731711
1.0062718202,-0.585759838843
1.00697829514,-0.571232326421
1.00651546484,-0.582488676517
1.00594164525,-0.577476352754
1.00734598596,-0.581049378263
1.00902518365,-0.584829094098
1.00513986508,-0.607646775092
1.00471652699,-0.584174425066
1.0084443857,-0.591214549332
1.00750148367,-0.601886145776
1.00697760136,-0.605893529047
1.00762341772,-0.575047293183
1.00710247631,-0.575905709317
1.00936629646,-0.594496058821
1.0106731609,-0.571710902291
1.00998862819,-0.598130781515
1.01041326532,-0.600232584639
1.01397135766,-0.581391270689
1.01320997573,-0.581329494944
1.01231865441,-0.579316979467
1.01214375793,-0.592238418019
1.01232945378,-0.583729624681
1.01012788906,-0.595802875659
1.0127906683,-0.577279632794
1.01170329986,-0.57864248587
1.00921580315,-0.575319935832
1.01036441145,-0.596586509733
1.01070042361,-0.572362364785
1.00952527933,-0.592669062585
1.01023147328,-0.578476806739
1.0091457253,-0.601818349174
1.00909986526,-0.594646678812
1.01096829065,-0.573286234538
1.01205928397,-0.591430754235
1.00936979661,-0.562721821139
1.01190641229,-0.584043704917
1.01221904232,-0.577088439842
1.01270391027,-0.586497071075
1.01096985753,-0.587175634208
1.01406328914,-0.564657392258
1.01176658202,-0.591657593377
1.01323912502,-0.598291319904
1.01239627504,-0.58855775074
1.01037874243,-0.593857317027
1.01028855078,-0.593243493122
1.0106267231,-0.585913566054
1.0094160538,-0.574259135278
1.00977906847,-0.597769629903
1.00901465429,-0.585274073698
1.00575144321,-0.580999870024
1.00609893738,-0.572315418723
1.00855639453,-0.572504060048
1.0072990199,-0.572173352478
1.00650600858,-0.58541716151
1.00717002702,-0.586125709725
1.00898546639,-0.610485515166
1.00618695382,-0.574783035317
1.00739549887,-0.565472735725
1.00679729509,-0.588162306439
1.00682618769,-0.590326008412
1.00831340505,-0.591908236989
1.00881265553,-0.596977268681
1.00420173609,-0.580603969262
1.00675595298,-0.578724926627
1.00715963823,-0.577233767151
1.00784429778,-0.584534862777
1.00713779082,-0.589663043438
1.00751654198,-0.566756463224
1.00610892719,-0.57453771215
1.00890630512,-0.573384929521
1.00895359929,-0.599876223367
1.00693825315,-0.585689120286
1.00575812935,-0.586362879313
1.00859027307,-0.582078537732
1.00808451448,-0.580009699061
1.00840474114,-0.581258508407
1.00836660355,-0.586679045808
1.00718071419,-0.585155393206
1.00682229882,-0.594950914954
1.01024021572,-0.602017413033
1.00752254499,-0.573994486376
1.00702410761,-0.575792600112
1.00858625475,-0.567250185536
1.00899060816,-0.588601065519
1.00774025745,-0.581082128336
1.00884940938,-0.565537867689
1.00644520009,-0.581353593592
1.00618737999,-0.566069733656
1.00954190956,-0.577200494463
1.00918838967,-0.58366967274
1.00565197903,-0.580958928792
1.00691047497,-0.56841708627
1.00820410097,-0.589789724717
1.00799558128,-0.584974507312
1.00775673373,-0.580887736354
1.00688462679,-0.585410340635
1.00549880673,-0.579099181302
1.00810331749,-0.579200800431
1.00713874408,-0.576948477687
1.00705166239,-0.591476097328
1.00622714743,-0.58442716254
1.00963384089,-0.586826017085
1.00712443785,-0.574156471074
1.00787667501,-0.589663542444
1.00773670533,-0.587557599519
1.00873311364,-0.593297422734
1.00810273732,-0.577680653754
1.00954456226,-0.587553143184
1.00770163489,-0.591674686991
1.00781559949,-0.576630498409
1.008588797,-0.592457933627
1.00812788518,-0.568288771985
1.00852679295,-0.592353089768
1.00862766514,-0.587532979956
1.00555345922,-0.561593076468
1.00770566167,-0.584201734855
1.00807250618,-0.569168812338
1.00911341481,-0.587282666188
1.00574940023,-0.585806740263
1.0086137801,-0.578369042185
1.00762761927,-0.586923797734
1.006717172,-0.583833394597
1.00726164242,-0.57990131249
1.00827852312,-0.584425820085
1.00692034126,-0.587691259242
1.0075473814,-0.569998376766
1.00640527593,-0.575168891935
1.00594153519,-0.58621107039
1.00785749595,-0.590197247709
1.00847951334,-0.582367612929
1.00609956936,-0.575064675114
1.00824427562,-0.975267326619
1.00795060045,-0.191816620333
1.00676101886,-0.396186459175
1.00666818467,-0.509580048535
1.00948868609,-0.568592717555
1.00794387868,-0.629978902041
1.0080791332,-0.630848018616
1.00760304913,-0.632021485987
1.00867134412,-1.45127154542
1.00864548386,-0.914704727959
1.00966390026,-0.505162124089
1.00742420989,-0.454187243854
1.00824358982,-0.486306250228
1.00977037338,-0.516604922926
1.00855173583,-0.534975367079
1.00611154215,-0.542506604569
1.00901813663,-0.539418899785
1.00762150081,-0.523194473668
1.00851358874,-0.541728119584
1.00840953038,-0.53518447174
1.0073992557,-0.541896954848
1.00732250441,-0.54741972751
1.00939620638,-0.546507002966
1.00865114642,-0.549789311133
1.00595898493,-0.535698254078
1.00728698197,-0.562862042114
1.0082033089,-0.565756156411
1.00787534708,-0.550095678568
1.0090172438,-0.575416844748
1.00714601528,-0.565100092449
1.00685503908,-0.555221200571
1.00740649119,-0.553259907879
1.0093684751,-0.568340311866
1.0077527601,-0.571093578108
1.0081257215,-0.58309134758
1.00816640633,-0.567329210538
1.00713966038,-0.555674325379
1.00810795914,-0.568620174308
1.00923045852,-0.567987925196
1.00696700882,-0.577221770951
1.00824540714,-0.559845012193
1.00966973419,-0.572152687618
1.00832448388,-0.579738768637
1.00730483092,-0.553672090165
1.00877289024,-0.561200059209
1.00772607736,-0.574313431268
1.00896064956,-0.561729588406
1.00928753719,-0.568554823244
1.00746473134,-0.573259960173
1.0069752119,-0.570854019845
1.01032552938,-0.558510771492
1.00893643019,-0.562679207862
1.00699693562,-0.581625706972
1.00836899673,-0.570117507793
1.00933328735,-0.564924015721
1.00687730052,-0.578667114809
1.00791176426,-0.558871971333
1.00775304226,-0.566144807623
1.00746020328,-0.570068062188
1.00863361077,-0.578226019963
1.00898377186,-0.567989389428
1.00654889181,-0.57648987158
1.00743812443,-0.575942338876
1.00802264026,-0.575677863359
1.0084393627,-0.567843845863
1.00788944837,-0.567390427648
1.00892899251,-0.57251830814
1.00663853895,-0.576863275132
1.00882181678,-0.571210062113
1.00988068526,-0.570544674198
1.00718172117,-0.560493848207
1.00653864972,-0.568399824653
1.00899363968,-0.559267296594
1.0081423802,-0.583992545534
1.00866455451,-0.564876907288
1.00797421868,-0.566347457442
1.00787319188,-0.567257357011
1.00810075232,-0.57812292053
1.01045948695,-0.585130817669
1.00716456416,-0.568258685514
1.00713010237,-0.564105914986
1.00862623127,-0.581712931872
1.00946089372,-0.55730026803
1.0071877478,-0.547863172395
1.00929264147,-0.559818897622
1.00840718698,-0.576320593448
1.00726902067,-0.57661728118
1.00829211551,-0.560382494651
1.00975450273,-0.550969505141
1.00638634418,-0.572718845018
1.00732508998,-0.577960770588
1.00820917185,-0.567769760608
1.00661235718,-0.571167114906
1.00915031232,-0.581071431663
1.00825327177,-0.553540529104
1.00669711111,-0.552788815081
1.00857941916,-0.565311228528
1.00986696611,-0.577607509263
1.00754417375,-0.561788495391
1.00677084772,-0.575071848517
1.00970661439,-0.55538246726
1.00799369398,-0.569969431499
1.00942521738,-0.57055682946
1.00885848282,-0.574787159752
1.00724430694,-0.569210160739
1.00893145545,-0.571224418971
1.01085036839,-0.577474738247
1.00849245445,-0.575800875762
1.00833961234,-0.576192491446
1.01022859348,-0.573674447537
1.00851940661,-0.571413787659
1.00834812989,-0.571511799687
1.00952097644,-0.561539582333
1.00782684853,-0.574814600595
1.00734170496,-0.588352989943
1.00938146902,-0.579217115668
1.01030978884,-0.573665316757
1.00791151084,-0.574011024954
1.00897111546,-0.573596350169
1.00853612539,-0.57620907035
1.00939499422,-0.562286911324
1.00941208386,-0.573519088191
1.0096604954,-0.57264608985
1.00719886614,-0.565907893399
1.01045290622,-0.565496453753
1.00926052682,-0.574077520428
1.00907761345,-0.585199092348
1.00754664075,-0.571566392326
1.00923653345,-0.56321806527
1.00908961647,-0.589594135238
1.00984241795,-0.581741341072
1.008757862,-0.575642059645
1.00714216977,-0.561615841314
1.00891459064,-0.583758174089
1.01163749039,-0.561982429367
1.00922375449,-0.567388676415
1.00966416505,-0.560052782881
1.01011151367,-0.577021912494
1.01202351318,-0.582045320962
1.01237399385,-0.5721675578
1.01443277448,-0.554326872013
1.00996084732,-0.568539146508
1.01116174311,-0.585933405583
1.01196797638,-0.561552550587
1.01326420865,-0.570126237098
1.01114889356,-0.590060693193
1.01277578765,-0.562374915029
1.0106796236,-0.570268233714
1.01020709012,-0.556137383834
1.01036603984,-0.582894477846
1.01049903614,-0.573378131616
1.00806017342,-0.561749317854
1.01152755534,-0.569448742332
1.01070237974,-0.555235591315
1.00918488102,-0.565470866899
1.00787923633,-0.564313732851
1.00878529033,-0.57680518438
1.01053688229,-0.589178510459
1.01166332672,-0.580109649574
1.01061299024,-0.563670146712
1.00930049657,-0.574746619093
1.01117180071,-0.584708415434
1.01606038702,1.95748444429
1.00962491663,-0.599716602933
1.00962881329,-0.26680054067
1.0114997562,-0.311440049883
1.00986518761,-0.404545156956
1.0099315522,-0.521872390794
1.01016318846,-0.552960800648
1.00793540196,-0.599962777731
1.00960130051,-3.52658522003
1.01146747034,-1.14360179663
1.00893750609,-0.884900307907
1.00743135836,-0.734273717371
1.00993606314,-0.656538186555
1.00881557219,-0.606357389716
1.00972846577,-0.558739082146
1.00922090207,-0.568555483515
1.00832017441,-0.55115601884
1.00704282239,-0.568490167946
1.00978084381,-0.554907599751
1.01011534868,-0.566901154417
1.00809848151,-0.568649887155
1.00821368794,-0.562987584767
1.00875268257,-0.547573472557
1.00760516321,-0.56079137441
1.00864151897,-0.564436125107
1.0080251126,-0.57123606902
1.00829485479,-0.573387921199
1.0101012897,-0.5654081946
1.00921667636,-0.571787857627
1.00673319584,-0.580904231114
1.00868063719,-0.575584361882
1.00905281096,-0.581177968988
1.00925430884,-0.579871639982
1.00889305272,-0.571557344326
1.00986828675,-0.57154227836
1.00784989418,-0.583231078497
1.00883001071,-0.566994910174
1.0095592395,-0.581994498402
1.00890510356,-0.570487181426
1.00877120855,-0.565852333114
1.0103869314,-0.583713377824
1.00830372249,-0.566321230517
1.00948933536,-0.58618899294
1.0101770838,-0.590596681821
1.00998615172,-0.587836184348
1.00755791171,-0.569949811178
1.01093781645,-0.577480472391
1.00845875194,-0.576236114216
1.0075839767,-0.565848425187
1.00920072532,-0.581338905732
1.01017865145,-0.576803998295
1.00810975982,-0.575301602795
1.00872192056,-0.57620698488
1.0090566762,-0.58752711699
1.0076742757,-0.571766922818
1.0102310552,-0.563696660915
1.01043879448,-0.572041816751
1.00804090323,-0.579652345428
1.00973165013,-0.582642343586
1.00874426604,-0.571375227929
1.0098374525,-0.567909414626
1.00960680919,-0.583032694585
1.01060454695,-0.588897726791
1.00813568171,-0.579208995235
1.00961036027,-0.582657023062
1.01087060632,-0.579773667001
1.00876432012,-0.580311507037
1.00813753248,-0.588158746894
1.0106607823,-0.5825326111
1.00907462436,-0.58532064791
1.00998249142,-0.561573640077
1.01016339157,-0.58340913569
1.00989929479,-0.572574767918
1.00851906481,-0.567054810159
1.01227247109,-0.586504576235
1.01005801523,-0.567110925967
1.00988815259,-0.598568250688
1.00938339084,-0.566053402411
1.00932901158,-0.576876334943
1.00908093543,-0.585644328929
1.0111945748,-0.578555877122
1.00970380805,-0.598903839999
1.00823195346,-0.597583405796
1.01094758113,-0.597854938186
1.01145086981,-0.574006798456
1.00815839837,-0.589916238267
1.00900703576,-0.587069655004
1.00866882175,-0.589870693932
1.0091291962,-0.580430169227
1.00899593664,-0.572593253156
1.00852464885,-0.577813415616
1.00676272438,-0.56699155765
1.01046760346,-0.582085282257
1.00984321349,-0.581998015813
1.00792412804,-0.579236389984
1.00860861423,-0.590196578755
1.00750429853,-0.646735867433
1.01217246959,-0.944832181094
1.01355821506,-0.830886901805
1.01320380565,-0.851635247445
1.01236024147,-0.887950998797
1.01227067713,-0.861483165493
1.01431893042,-0.850363151815
1.01304426517,-0.909615798121
1.01196029607,-0.87751461102
1.01312619837,-0.915195576254
1.01399676573,-0.881587464768
1.01414464575,-0.932488672436
1.01461402189,-0.873365077317
1.01181556181,-0.886797568688
1.01303056562,-0.906019721198
1.01395325106,-0.891013765077
1.01408635549,-0.894315895177
1.01120703558,-0.917261565532
1.01288976665,-0.900689414915
1.01289197137,-0.89996390853
1.01232610998,-0.917825002268
1.01172094921,-0.900418249781
1.01113803406,-0.908786391835
1.01180171022,-0.921777104751
1.01310613323,-0.898855437441
1.01316558478,-0.917694184975
1.01165649158,-0.919009133069
1.01168421668,-0.928000283965
1.01270389608,-0.910383249023
1.00985940284,-0.902584460787
1.01344911097,-0.929532934427
1.0127380933,-0.920951050144
1.01151844332,-0.922356695107
1.0117261153,-0.937855387569
1.01335423243,-0.91620789724
1.01138021394,-0.924946196815
1.01205856943,-0.920494210134
1.01314100129,-0.92169421713
1.01261078258,-0.923643769667
1.01262728622,-0.927548089295
1.01262301303,-0.922827930089
1.01157285607,-0.935765820595
1.01225562401,-0.912255816111
1.01450873097,-0.930849963012
1.01332464771,-0.914392960469
1.01118708225,-0.917100501899
1.01343969354,-0.927691021411
1.01205374483,-0.917464654708
1.01305994484,-0.928447037615
1.01406450235,-0.923532321081
1.01198535185,-0.928406636545
1.01093486537,-0.934839114417
1.01272286168,-0.919663703759
1.01293296138,-0.928944546553
1.01160423398,-0.930607300568
1.01203189701,-0.93757282485
1.01271554985,-0.919067502984
1.01211749798,-0.937159736938
1.0142801819,-0.926961062385
1.0136529385,-0.930956533584
1.01343461372,-0.934882461937
1.01552015067,-0.925384823088
1.01823074431,-0.922940381857
1.01754797274,-0.934215356412
1.01741543628,-0.927628615108
1.01698913225,-0.913870755245
1.01740757393,-0.937227341367
1.01797074049,-0.924081202304
1.01832441994,-0.929111986617
1.01615769779,-0.923859492391
1.01610573042,-0.921822240313
1.01790826689,-0.919234565308
1.01789736232,-0.935620218867
1.01380761719,-0.93117794043
1.01619695195,-0.934426353723
1.01492490769,-0.930253270003
1.01679753484,-0.92289001203
1.01666972821,-0.922902204567
1.01502125706,-0.924359060009
1.01454138406,-0.935566473725
1.01765569954,-0.939252810792
1.0161713997,-0.919918891458
1.01649274357,-0.956572658838
1.01669309814,-0.935217043912
1.01735140237,-0.929717178999
1.01623799426,-0.928255916076
1.01768078658,-0.91602593417
1.01557349481,-0.921032187093
1.01459340435,-0.938756629938
1.01535256647,-0.938270787771
1.01578849205,-0.931856193549
1.01245398238,-0.939897745993
1.01267986631,-0.93093671759
1.01099469926,-0.92979469312
1.0115057595,-0.928469819843
1.0122000262,-0.900287910268
1.01353260176,-0.943245284273
1.0098233313,-0.944898140658
1.01145838291,-0.925663229197
1.01470647161,-0.932928733618
1.01384049262,-0.940564619459
1.012750605,-0.938798758898
1.01516023106,-0.921691736234
1.01368592163,-0.942775760002
1.01533090793,-0.939580068257
1.0147549798,-0.935855882395
1.01384717479,-0.935123338741
1.01527145525,-0.937474613382
1.01675207051,-0.927546442674
1.01387019265,-0.94065480719
1.01279348067,-0.923955319047
1.01351320529,-0.933729051409
1.01441241279,-0.930296442696
1.01325760017,-0.928034911044
1.01485237674,-0.942085168193
1.01311897468,-0.936817645589
1.01258275451,-0.933611590348
1.01352880939,-0.937913967603
1.01406246217,-0.947295576263
1.01216164164,-0.920447481415
1.01471348676,-0.93999245299
1.01393364809,-0.935741630006
1.0126964751,-0.934799627669
1.01509548608,-0.950417447483
1.01546897337,-0.938178606978
1.01246511355,-0.93336448171
1.0147538968,-0.942959534502
1.01440672414,-0.93522114907
1.01380266162,-0.933381844103
1.01247852037,-0.933230362944
1.0136539748,-0.940240001809
1.01252515075,-0.943442515623
1.01398828289,-0.943883036554
1.0128824039,-0.925757879823
1.0114528967,-0.935870765881
1.01128351446,-0.95152987919
1.01380351941,-0.95146472771
1.0120978513,-0.927634135729
1.01274902447,-0.93131244357
1.01260032847,-0.936755527888
1.01299664738,-0.929699922251
1.01202319576,-0.95263560649
1.01329541745,-1.231881586
1.01150932879,-0.553026558342
1.01160156343,-0.754760161824
1.01262472904,-0.86866615913
1.01208700389,-0.925043333684
1.01158410299,-0.949746717817
1.0131740002,-0.986544275992
1.01342990409,-0.977977275585
1.0129372032,-2.01564677103
1.01466697515,-1.15823105669
1.01533580953,-0.823489502959
1.01320385046,-0.82705056645
1.01644613681,-0.8717036464
1.01594913202,-0.926570791103
1.01575043772,-0.915925018857
1.01386745886,-0.928173364942
1.01542090584,-0.927106376209
1.01553491911,-0.936105986113
1.0160775923,-0.921411935979
1.01557698594,-0.925457972813
1.01385548539,-0.928070923547
1.01338886068,-0.925574506594
1.01592914711,-0.927412487141
1.01431702257,-0.927384186474
1.01527418791,-0.942437611425
1.01449917494,-0.943907518816
1.01515943322,-0.928076078312
1.01506638722,-0.950872576623
1.01655159097,-0.938622550802
1.01457946296,-0.929789423164
1.0150893527,-0.941285851455
1.01763509621,-0.953470718407
1.01632489673,-0.927338343068
1.01465491255,-0.952316106871
1.01665613666,-0.927896378967
1.01591107154,-0.934547392908
1.01496381368,-0.948272032136
1.01655634394,-0.945429493343
1.01509512792,-0.940675948408
1.01181712777,-0.947386622821
1.01394843702,-0.933380776224
1.01484646189,-0.943477175798
1.01340717793,-0.944905677538
1.01142003709,-0.955485434366
1.01098900636,-0.935242605423
1.01061728319,-0.951459402058
1.01387703652,-0.947800010823
1.01240652352,-0.947173067594
1.0110713073,-0.949949443645
1.01297918894,-0.947882602632
1.01431377062,-0.935313334107
1.01217896664,-0.936224645057
1.01229948612,-0.942772030586
1.01329994971,-0.943817082825
1.01436314664,-0.934840029519
1.01484472212,-0.946667298684
1.01546064781,-0.935078433474
1.01369119817,-0.937972958411
1.01439297206,-0.940385672299
1.0153627443,-0.94383917511
1.01466180614,-0.949560962606
1.01384423903,-0.955992779252
1.01481829451,-0.95093810693
1.01358880095,-0.94704966124
1.01424867532,-0.945061926626
1.01496457543,-0.943224302584
1.0139347498,-0.930378042099
1.01147795153,-0.936067828857
1.01545279495,-0.930922772413
1.01415111612,-0.93881518749
1.01358303791,-0.952161928577
1.01284266275,-0.92461621479
1.01471624158,-0.943220534831
1.0134673734,-0.928720346096
1.01529106882,-0.95083586077
1.01324527637,-0.930824406205
1.01354130142,-0.954733656166
1.01499865685,-0.945074083468
1.01626443793,-0.936627977068
1.01358944511,-0.933091677991
1.01346342385,-0.921546744593
1.01409589662,-0.946624246552
1.01454842973,-0.949022035482
1.0135552518,-0.941820307489
1.0152288531,-0.932065466701
1.01236289092,-0.944204793235
1.01298233639,-0.940995444976
1.01304958991,-0.942562022792
1.01234822502,-0.944145444893
1.01230400022,-0.934212650981
1.01370162608,-0.952561882042
1.01248837895,-0.961257590585
1.01318185517,-0.949038597144
1.01414630253,-0.954796874634
1.012476865,-0.941906335461
1.01155184162,-0.943082895087
1.01471034855,-0.946645109297
1.01246634574,-0.957087453301
1.01193777615,-0.926031880241
1.01353190454,-0.950022609179
1.0131334697,-0.968226163243
1.01170767941,-0.954357817453
1.01421787431,-0.948951675034
1.01231404432,-0.939709350964
1.01153512517,-0.964205328581
1.01253459232,-0.954531312004
1.01407909592,-0.942249699789
1.01160114224,-0.951467309635
1.01201404266,-0.920176727885
1.01185092439,-0.936972435884
1.01167819746,-0.954224736053
1.01248690363,-0.949628191228
1.01319911996,-0.941869697376
1.01132922028,-0.959447620647
1.01201269306,-0.952244704451
1.01385123734,-0.94988212325
1.01277345471,-0.94970583312
1.01315416803,-0.954240553361
1.0127172608,-0.953562574698
1.01280683164,-0.950620009098
1.01483649297,-0.955319386672
1.01357194858,-0.932873004487
1.01227505575,-0.948061472994
1.01113578138,-0.925255973743
1.01486059164,-0.942153300338
1.01315721853,-0.949867878163
1.01430709388,-0.945363957826
1.01337533196,-0.930699155665
1.01156653406,-0.914152232317
1.01313838182,-0.935003606303
1.0159762549,-0.934248033048
1.01426280204,-0.94621605578
1.01145733133,-0.945586540069
1.01419964991,-0.933179674742
1.01512085253,-0.95345060009
1.01260295072,-0.948620303991
1.01330020564,-0.938492658567
1.01260450162,-0.956548456841
1.01319992073,-0.942473793475
1.01307202482,-0.956111520919
1.01342141221,-0.943693456194
1.01035515753,-0.946954854878
1.01406422086,-0.945446357371
1.01305212057,-0.951951759283
1.0125996764,-0.937992254146
1.01180424394,-0.938121993812
1.01401225512,-0.947555346215
1.0124387656,-0.938660389064
1.01501574952,-0.958343654886
1.01493446861,-0.954308282501
1.01240533593,-0.943821563038
1.01243544236,-0.963080043621
1.0140794031,-0.955443792523
1.01349316922,-0.950047015066
1.01437059919,-0.962439753997
1.01338603102,-0.954507803605
1.01291597834,-0.958932655305
1.01379952772,-0.954681075112
1.01452754571,-0.954348307588
1.01212897544,-0.956897320154
1.01310344891,-0.96157811363
1.01395817003,-0.946287255697
1.01794351786,1.76987783612
1.0120620769,-1.00288790733
1.01297372192,-0.656392153559
1.01324902083,-0.684421645675
1.01267168406,-0.786335534412
1.01384728416,-0.855875240686
1.01405199575,-0.925767204496
1.01157691257,-0.975534824752
1.01448553499,-3.91229020006
1.01473020261,-1.42685409434
1.01353133862,-1.22776112298
1.01567529967,-1.1209967914
1.01465557433,-1.04030564793
1.01475931439,-0.991327145628
1.01565890643,-0.948230066722
1.0166841941,-0.940510832189
1.01534133376,-0.950521216941
1.01520285052,-0.944352279169
1.01643653271,-0.905084830832
1.01388787104,-0.912915517316
1.01511941915,-0.935846688779
1.01521986697,-0.922224380309
1.01359287206,-0.93819795596
1.01472099366,-0.930494842319
1.01702628245,-0.918325307977
1.01378834871,-0.919244170796
1.0141252739,-0.925149226297
1.01596429997,-0.935291536904
1.01588169831,-0.926404998298
1.0142666995,-0.922735311337
1.01652567176,-0.932571512969
1.01445145596,-0.922660868729
1.01389230405,-0.92438552253
1.01726860212,-0.923205288463
1.01638559462,-0.923821718796
1.0142409759,-0.934532580245
1.0159783375,-0.939661821048
1.01558377191,-0.942526745667
1.01391566012,-0.940685432381
1.01482236173,-0.927704622083
1.01576589613,-0.934287982313
1.0131721956,-0.944408102918
1.01574332814,-0.934341079173
1.01384165902,-0.94901782869
1.01284173144,-0.933250664757
1.0128988397,-0.940884420035
1.01478417181,-0.935606826769
1.01374425145,-0.934561897484
1.01453151321,-0.926804426068
1.01441720745,-0.917181760847
1.01355671446,-0.935891816744
1.01611110961,-0.927432640541
1.01749072099,-0.935468483092
1.0160269871,-0.929149929437
1.01656793737,-0.94549922981
1.01841461296,-0.937858888092
1.01830769686,-0.934481218943
1.01558730172,-0.944029723811
1.01772112185,-0.939799122305
1.01451017491,-0.937050769859
1.01529098318,-0.931396183629
1.01702861888,-0.937965876481
1.01433162221,-0.917280990825
1.01291282347,-0.927191481119
1.01611767302,-0.941764507396
1.01541993304,-0.936503826507
1.0133177944,-0.931495094915
1.01418480158,-0.93008993486
1.01490946398,-0.933511275629
1.01347438419,-0.93646920473
1.01565726359,-0.93124603906
1.01583787919,-0.933852202524
1.01348155441,-0.94076611831
1.0154722734,-0.937928930317
1.01603889043,-0.938223071769
1.01508547085,-0.944465702617
1.01611055778,-0.944161306654
1.0142136337,-0.932886895338
1.01512056879,-0.956006828727
1.01571102991,-0.930891158361
1.01597875312,-0.915781582313
1.01198052595,-0.93649506628
1.01303019604,-0.938292309745
1.01584279568,-0.935359644025
1.01353463653,-0.936666814334
1.01325604371,-0.947758231315
1.01278055654,-0.939110315124
1.01189411971,-0.935610933148
1.01416607812,-0.95364969021
1.01333211591,-0.931724430584
1.01182469663,-0.946520549644
1.01314686505,-0.952853407659
1.01522684278,-0.93335306785
1.01362307016,-0.930951973647
1.01334364537,-0.937831047439
1.01335316198,-0.941659639112
1.01716026532,-0.745298327827
1.02004253884,-0.904089374955
1.02299022757,-1.02283006131
1.02148671048,-0.905443310184
1.01970474589,-0.90859220292
1.0207669061,-0.928598137907
1.02112742659,-0.895366164071
1.02001575331,-0.925061564096
1.02026496292,-0.908742175344
1.01834391888,-0.971932419811
1.01839026845,-0.957679028454
1.02125979758,-0.984167875461
1.01941778583,-0.946518016518
1.0178273413,-0.957843452933
1.01934909784,-0.965304668773
1.02138001123,-0.990047304334
1.02018106913,-0.996215422329
1.01849144965,-0.981070927518
1.01995550052,-0.971087715574
1.01831600082,-0.986511906349
1.02063845071,-0.988139780358
1.0218012915,-0.998211036123
1.02017765042,-0.975836805754
1.01896950341,-0.998086222408
1.02177698929,-0.97849703198
1.02048439534,-0.990650930271
1.02075510022,-1.01130651057
1.02122191298,-0.987639211542
1.02091728498,-0.98786046481
1.02012969373,-0.993194957296
1.02238627344,-0.998278817726
1.02111144914,-0.99893528307
1.0186975824,-0.983626500583
1.02076493225,-0.996336552167
1.02056836313,-0.998482505515
1.01942520395,-0.988284295128
1.02022451103,-1.00726444231
1.02027169589,-0.995526610394
1.01905397444,-0.988646801094
1.02056997393,-0.999249985271
1.01998598548,-0.995664831439
1.01795556826,-1.01465788371
1.01981713491,-1.01294372832
1.02006408901,-0.990412055911
1.01979961629,-0.998694594731
1.01989544142,-0.99889564225
1.01975568707,-1.00304734366
1.01917015985,-1.01445727816
1.02044291031,-1.01701686072
1.02062477542,-0.990712308118
1.01856036628,-1.01255846027
1.02020644013,-1.01698043084
1.02185910677,-1.00993472033
1.02046041046,-1.03804879905
1.01996122161,-1.01155422002
1.01983486853,-1.00534858061
1.01965781156,-1.02051562573
1.02005593517,-1.02063695049
1.02198294489,-1.0186240542
1.01959528183,-1.02866019579
1.0180811841,-1.01466878123
1.02017318149,-1.02472022139
1.02031724991,-1.01868975663
1.02006575137,-1.0124012463
1.0202036271,-1.00685825714
1.01893380978,-1.01602836472
1.01837597561,-1.02717600502
1.02060380253,-1.01840735823
1.02066477428,-1.02114318703
1.01746863461,-1.02096498172
1.01903191783,-1.0286033881
1.01963416733,-1.02542873447
1.01962906391,-1.02385429489
1.02011262647,-1.01454056777
1.01865375867,-1.02508130645
1.01715769753,-1.01274104336
1.02137179581,-1.01781461342
1.01979099448,-1.02324966035
1.01842128716,-1.01254886149
1.01976288413,-1.03340848898
1.02151193029,-1.02991401924
1.01858384678,-1.01863333012
1.01942724428,-1.03592300768
1.02057496207,-1.0248856867
1.01901996774,-1.02642038972
1.02039249572,-1.03883035471
1.02194362714,-1.02853104513
1.01985975312,-1.02208803859
1.01875577498,-1.04113238751
1.02081401369,-1.03447380195
1.02103610068,-1.03427261798
1.02134081202,-1.03950193376
1.02183844196,-1.02456727631
1.02004565866,-1.04358112173
1.02003836206,-1.03621499353
1.02158625236,-1.02760030197
1.02068935827,-1.03991464589
1.01848250806,-1.02924101094
1.02204901115,-1.05366835965
1.02186707853,-1.03223091503
1.01975009217,-1.02618326958
1.01912792603,-1.02161594677
1.01962233614,-1.03176783857
1.01864770241,-1.0411934256
1.02181921461,-1.04733870771
1.01933962727,-1.03010119395
1.01852194525,-1.03824489989
1.02069859509,-1.02764300174
1.02114505859,-1.02521395695
1.01858534237,-1.02292249383
1.01987838723,-1.03472810031
1.02008530035,-1.02152489559
1.01952723668,-1.04704619837
1.01988584358,-1.03259342731
1.02227580659,-1.04374752848
1.01902507226,-1.0258548656
1.01989686285,-1.02788508963
1.02067208479,-1.01525728045
1.01921016967,-1.04540242906
1.01995289261,-1.04888446386
1.02171247004,-1.04979119447
1.0189575143,-1.04217167906
1.02065116636,-1.0425087927
1.02206974977,-1.0500174843
1.01983226187,-1.03936501406
1.01855660836,-1.05455279682
1.02095767191,-1.05940464529
1.01963018599,-1.05754372741
1.01917618595,-1.05257730972
1.02072387684,-1.04228046567
1.01857329788,-1.03580241607
1.01836962368,-1.04032767222
1.01967748688,-1.0289493277
1.01924777864,-1.03496319313
1.0188430554,-1.03225850091
1.02056157148,-1.0521455213
1.0197803545,-1.02868272833
1.01756372599,-1.03739284771
1.02036420855,-1.04714062718
1.01868142756,-1.0590246381
1.01840634477,-1.05449985164
1.02027736891,-1.03764592608
1.01923317777,-1.72783116948
1.01789157498,-0.703877697788
1.01812773397,-0.893603910948
1.02039420306,-0.976976326156
1.01855621505,-1.02458353747
1.0193031784,-1.06178097578
1.02018170377,-1.07994934453
1.01832708396,-1.10135169939
1.02029125595,-1.63745173367
1.02040015905,-1.20456731905
1.0187711201,-0.876824023516
1.0184277961,-0.922876754901
1.02051869421,-0.958267716209
1.02062586441,-1.03360166709
1.02033152345,-1.00530248693
1.02023645728,-1.02085533684
1.01803828027,-1.02355273224
1.01773548121,-1.0199311673
1.0213895009,-1.02955237246
1.01939651536,-1.02731538044
1.01818531136,-1.0287377893
1.0203084298,-1.03726470057
1.02117972076,-1.04374406279
1.01930643644,-1.01842421077
1.01937642218,-1.03950848641
1.01819597841,-1.03599547722
1.01855915421,-1.05310123067
1.01934936764,-1.0422736746
1.0201523206,-1.04035472272
1.01724058587,-1.04266197221
1.01886815605,-1.03457467289
1.01912533052,-1.04530858838
1.01927375512,-1.03595047926
1.01964586971,-1.04636343047
1.02023739483,-1.03711527071
1.0171377617,-1.05510909966
1.01922620055,-1.03231240797
1.02106405997,-1.04397751022
1.01822604787,-1.04499693738
1.01836415495,-1.03668827188
1.02094207783,-1.04274227116
1.02056569779,-1.0548442217
1.01983360855,-1.05320901922
1.01922742468,-1.04892613567
1.01831917868,-1.0318965873
1.01979444714,-1.03326616341
1.02112308738,-1.0430275191
1.01790060579,-1.04098166992
1.01866645548,-1.04114736959
1.02084670464,-1.03421096537
1.02017244258,-1.04145232571
1.01808835715,-1.04378705257
1.01905112272,-1.03092827897
1.01831663893,-1.03792275596
1.01811043301,-1.02509938629
1.02021504709,-1.03326210141
1.02024540152,-1.03596695731
1.01811974891,-1.04791552262
1.01943549914,-1.02902081751
1.01936515187,-1.04484183684
1.01840776783,-1.03028937404
1.02063957214,-1.03686287696
1.0212635164,-1.02852577615
1.01878059385,-1.04581571252
1.02264398397,-1.02337928782
1.02255825001,-1.0285556029
1.01851154914,-1.02593289129
1.02008273255,-1.05819245109
1.02349243018,-1.0420158204
1.02160999984,-1.04727124078
1.02134744757,-1.0219416196
1.020299262,-1.05152896912
1.0195656387,-1.02869560495
1.02000935865,-1.04038372482
1.02149518587,-1.0300674816
1.02077052741,-1.03692496753
1.02076932769,-1.02955885344
1.02161448917,-1.03887498945
1.02096554094,-1.04757629073
1.01953448781,-1.02573139425
1.02130064312,-1.03801492339
1.01970365623,-1.04498621163
1.02121712055,-1.04183485776
1.02242783195,-1.04099924424
1.02106733812,-1.04187774086
1.02009504695,-1.03280899866
1.02200374616,-1.0437713031
1.02101466544,-1.03447517774
1.02005094014,-1.04083598009
1.02027028789,-1.0265083328
1.02165274879,-1.05094431135
1.01861961693,-1.05397361509
1.02048139113,-1.03417691768
1.01911523835,-1.05197187123
1.01632786849,-1.01256810225
1.01747498209,-1.03122530368
1.01952491953,-1.04567901394
1.01820911191,-1.03314551334
1.01928822524,-1.03717651057
1.01868259905,-1.04229964702
1.01706567924,-1.04506462936
1.01764403982,-1.03860894259
1.02007958328,-1.04102334457
1.01800103021,-1.03623696298
1.01828429429,-1.04237516692
1.01921940488,-1.0317569865
1.0196768147,-1.04527987154
1.01902089792,-1.05325882354
1.01935756773,-1.02501519927
1.01722747773,-1.04764487568
1.01954894121,-1.03302931721
1.02135216309,-1.03849968609
1.01878958254,-1.05603608027
1.01714521872,-1.04051736411
1.01885787657,-1.05709200511
1.01931989317,-1.04416170961
1.01896979291,-1.04288671005
1.0202893725,-1.05104278628
1.01845390276,-1.03655953598
1.0167115779,-1.0494845087
1.01964100815,-1.03425198214
1.01983838598,-1.04126457459
1.01788128276,-1.05320964559
1.01813444113,-1.04776735905
1.01700517193,-1.04080025561
1.01810055545,-1.04419875122
1.01867178038,-1.04611992182
1.01727296288,-1.02987672069
1.01570737856,-1.05564806145
1.01756839489,-1.06362721252
1.01999354938,-1.03577163133
1.01595505591,-1.04676413445
1.01747207441,-1.05977399134
1.0193057211,-1.05201606935
1.01859079673,-1.05008643837
1.01805126246,-1.05260562702
1.01860627762,-1.04457465686
1.0172481284,-1.06185072584
1.0186636074,-1.06107975993
1.01935175132,-1.05240561017
1.01844362609,-1.04658533863
1.01690361953,-1.03223329265
1.01893777787,-1.04945903049
1.01702030753,-1.03820461081
1.01800013533,-1.0510326786
1.01905499472,-1.04300922975
1.01908280428,-1.04209358956
1.01633299874,-1.04257730667
1.01874638835,-1.03958788167
1.01793211149,-1.03453176023
1.01639838797,-1.0363902347
1.01793643588,-1.05627638229
1.01928627646,-1.03454300618
1.01685337337,-1.05172263313
1.01797853206,-1.02283010487
1.01708423781,-1.06904512392
1.01579774967,-1.04598052909
1.01815998898,-1.05613372128
1.01910886482,-1.04622278674
1.0162450847,-1.05646011796
1.0169787709,-1.06400745045
1.018921351,-1.06365919728
1.02174769746,1.68111764125
1.01655690213,-1.13001981635
1.01804525005,-0.785119566575
1.01644116548,-0.841803130875
1.0178652002,-0.9055438429
1.01871778003,-1.00234000483
1.01759848952,-1.04748678116
1.01784995059,-1.07984943946
1.01968316561,-4.09912583197
1.0174074489,-1.48869461767
1.01818878438,-1.27265581305
1.01948449881,-1.18140718178
1.0183353865,-1.11962239949
1.01712334235,-1.07191278827
1.01972381305,-1.03607929601
1.01672752071,-1.01627008889
1.01620310724,-1.04211240785
1.01868576756,-1.05397592063
1.01787014601,-1.02817543342
1.01703432702,-1.03403592223
1.01842834287,-1.03137402694
1.01804292551,-1.04452800652
1.01633355308,-1.03869828682
1.01741209167,-1.04705476579
1.01900390954,-1.0357238765
1.01625613252,-1.03187841729
1.01814607126,-1.03366994432
1.01749962104,-1.04111037686
1.01598765257,-1.03431533037
1.01698659991,-1.03886891673
1.01761736342,-1.03920449314
1.01723838701,-1.0564552369
1.01673128345,-1.03829528368
1.01892708684,-1.03139906542
1.01599628473,-1.04423661553
1.01627811383,-1.05441011891
1.01834402355,-1.05100113019
1.01717127145,-1.05348613658
1.01877105591,-1.0362012336
1.0177542969,-1.04821808661
1.01699425119,-1.05349273343
1.01676114449,-1.05591328711
1.01968034904,-1.04643900828
1.01720005227,-1.05155987659
1.01691025275,-1.02955019544
1.01717945236,-1.05176193561
1.0176437378,-1.05841260336
1.01663205991,-1.04866453238
1.01863688931,-1.03039092191
1.01606966073,-1.04460465155
1.01489025607,-1.04749178929
1.01761416227,-1.05546239273
1.01915392244,-1.04604333041
1.01515569305,-1.05657509062
1.01694814377,-1.05869349388
1.01774185481,-1.05047120241
1.01682862139,-1.0567277535
1.01536429454,-1.05084570244
1.01596255726,-1.04653049206
1.01420642525,-1.05496451263
1.01804257331,-1.06319240178
1.01704555042,-1.05637582731
1.01633150213,-1.06707987365
1.0156999758,-1.0530617609
1.01752761952,-1.05368086932
1.01618143044,-1.04421580397
1.01868427751,-1.05834156762
1.01752178171,-1.03978132096
1.0165506468,-1.06651446209
1.01724329237,-1.05627469194
1.01886093846,-1.04398721142
1.01685861097,-1.05638339457
1.01678733498,-1.06144209872
1.0178921193,-1.06549842643
1.01720138396,-1.0478347246
1.01940311585,-1.05378922967
1.01925606943,-1.0688750948
1.01576952388,-1.04471593053
1.01690517912,-1.06949048152
1.01882403172,-1.04989561436
1.01840275183,-1.05617156631
1.01545668265,-1.05110404804
1.01861763375,-1.04721085651
1.01848327943,-1.04938958163
1.0178674636,-1.05536054949
1.01831837562,-1.06176975866
1.01712552269,-1.05489157641
1.01629065559,-1.05420499592
1.01907046322,-1.0475939617
1.01785507136,-1.05702138532
1.01612043258,-1.07017600854
1.01741228548,-1.06261850715
1.01826917624,-1.05850188498
1.0162393612,-1.07488884884
1.01778183094,-1.07094399054
1.01790681638,-1.06709097172
1.0135922901,-0.626923034762
1.02148812194,-1.0201161653
1.02232359265,-0.918354641715
1.01963902559,-0.906550068288
1.02007802768,-0.918528171238
1.0208547273,-0.923749175299
1.0213906246,-0.911986371465
1.02181561713,-0.95476889817
1.0215182548,-0.923792521948
1.01882519091,-1.03271960989
1.01992776314,-1.00289166286
1.02180596805,-1.00723936995
1.02061108269,-1.00653945172
1.01989012689,-1.00362989261
1.02069878847,-1.00767201389
1.01965930577,-1.00623802339
1.0189672351,-1.01025653061
1.02061091172,-1.0142511172
1.01924740139,-1.00094359202
1.01863144755,-1.00790215132
1.02144806403,-1.021282221
1.02099843435,-1.01248056706
1.01819337748,-1.01049604231
1.01860486769,-1.02591789902
1.02130275318,-1.02361009117
1.01844616536,-1.02350141097
1.02059547051,-1.02132652586
1.01997734656,-1.02390885585
1.02004352126,-1.02544188978
1.01847985209,-1.01317921732
1.02021707547,-1.01577828729
1.01905644047,-1.0186356196
1.01840353767,-1.03524542231
1.01970068968,-1.02614410544
1.01900558999,-1.03067429067
1.02050227072,-1.02371986005
1.02046905901,-1.02703200868
1.01740028613,-1.03325835058
1.01963667839,-1.03527411301
1.02144438617,-1.00634585386
1.0200327564,-1.022201099
1.01930861631,-1.02550455045
1.02191667189,-1.02892583874
1.02046161307,-1.03395273329
1.01984593898,-1.01807307417
1.02139650401,-1.03685508497
1.01843080728,-1.03115969313
1.01831253648,-1.0277224614
1.02287449459,-1.03347995859
1.02189666786,-1.04086371482
1.01917795308,-1.04036718739
1.01975340174,-1.03952481711
1.02055228166,-1.03032634103
1.01878456077,-1.01755722233
1.02099515828,-1.03945723467
1.01917106623,-1.01950113751
1.01923960711,-1.03375792041
1.01981513809,-1.03649797431
1.02059288481,-1.03558620586
1.01910509475,-1.03195938072
1.01872925539,-1.03667077053
1.01929907217,-1.04440401572
1.01956558076,-1.05413070239
1.02091225986,-1.03379728341
1.02116310177,-1.03896940771
1.01764381218,-1.02845529832
1.01953021989,-1.02859998667
1.02211552401,-1.03724473302
1.01985875146,-1.05463107056
1.01832774825,-1.03173925204
1.02151747135,-1.04409194081
1.01915094896,-1.03268447946
1.02148438571,-1.05181011657
1.02105556243,-1.03576812621
1.0181618534,-1.0288797288
1.01891025847,-1.05343015811
1.02238595186,-1.03514663383
1.02059457871,-1.02983164162
1.01919706997,-1.03576833404
1.02068711589,-1.04184127298
1.02066806618,-1.04625655248
1.01885842005,-1.03220821255
1.02104270285,-1.05221245482
1.02041997257,-1.03484393269
1.01969340402,-1.05049711518
1.01983973176,-1.0346420892
1.02130743607,-1.04634874729
1.01901025762,-1.05251646969
1.0199389829,-1.04710291837
1.0204786376,-1.05405302424
1.02009689368,-1.051475343
1.02129578103,-1.03276672762
1.02148213347,-1.04785219891
1.01929576904,-1.04440707764
1.02199572387,-1.04701844271
1.02270623555,-1.03888164832
1.02039923382,-1.04974449368
1.01921389492,-1.04468434876
1.02259898272,-1.03811756805
1.02047180245,-1.03939380845
1.02208290528,-1.03682048399
1.02215844219,-1.05340605812
1.02024334566,-1.05051001039
1.02100830527,-1.0537448107
1.02375792571,-1.04514548805
1.02110100552,-1.03086712229
1.02205354276,-1.04247669195
1.02413275226,-1.04776438064
1.02261373408,-1.03531698219
1.02152005494,-1.04548085395
1.02303701701,-1.05062551542
1.02228700272,-1.044777922
1.02095242574,-1.0407193994
1.02291820173,-1.03906820098
1.02334161037,-1.04632869488
1.02148351545,-1.03648306287
1.02232055714,-1.04052871473
1.0220644114,-1.04557895123
1.02188022473,-1.05361423428
1.02291589865,-1.03605040666
1.02311762304,-1.05215632222
1.0205983178,-1.03927893745
1.02345112578,-1.04839972486
1.02237898208,-1.04206786408
1.02156728118,-1.048139743
1.02266757549,-1.03876088686
1.02232261892,-1.05086496185
1.02210574985,-1.04744916341
1.02332716459,-1.06229668784
1.02328158557,-1.0309870519
1.02116963928,-1.04289549528
1.02282949438,-1.05446552113
1.02404978815,-1.04391942596
1.02202348155,-1.06943921695
1.02275268632,-1.05286371893
1.02359913432,-1.0533222515
1.0241587699,-1.03513922668
1.02267441623,-1.04885585238
1.02453634635,-1.05869815767
1.02211607755,-1.06777961901
1.02222460762,-1.04014828058
1.02421841887,-1.0432072353
1.02214060162,-1.55746261381
1.0217882964,-0.699641097995
1.02246498149,-0.869966191037
1.02265535294,-0.964800419166
1.02263023034,-1.03723947308
1.02391865625,-1.08350241831
1.02402256589,-1.10495447925
1.02137007551,-1.10605937291
1.02440291182,-2.06511701162
1.02407115228,-1.25716659277
1.0224284545,-0.922527603371
1.02275190735,-0.935998459593
1.02260272919,-0.980973829325
1.02201691431,-1.01914835275
1.02462944404,-1.01916351133
1.02183277523,-1.0246955752
1.02178883788,-1.05296662333
1.02272034231,-1.02794286526
1.02527473378,-1.02586711857
1.02330794032,-1.05207730556
1.02320252073,-1.05055739853
1.02436449975,-1.05137475853
1.0237163263,-1.04651201332
1.02395628044,-1.04624279991
1.02522858772,-1.05999890935
1.0225883375,-1.05001049591
1.02360434218,-1.05565750634
1.02573705039,-1.05500377324
1.02423698265,-1.05743505127
1.02276852993,-1.04025550318
1.02507193377,-1.05461276075
1.02397632425,-1.06062741267
1.0239032979,-1.04886728817
1.02493091486,-1.05268403879
1.0238045748,-1.06129944545
1.02194183188,-1.03483485092
1.02553304842,-1.06300025763
1.02531613969,-1.05155874689
1.02267058394,-1.04877128515
1.02330364117,-1.05770456925
1.02364692,-1.04821682962
1.02495143789,-1.06256081254
1.02472144305,-1.04593599268
1.02276059969,-1.0501547424
1.02203273178,-1.05360784364
1.02529169486,-1.03423062019
1.02485737521,-1.0586004649
1.02234132697,-1.05439973097
1.02358534595,-1.06319596421
1.02459951819,-1.04811715236
1.02370031818,-1.05872196938
1.02372000734,-1.04798442538
1.02533025724,-1.05605772573
1.02229321129,-1.04883264227
1.02380415539,-1.07186634515
1.02521633338,-1.05203374716
1.02308424337,-1.04513541057
1.02244341818,-1.05393760819
1.02510142273,-1.05344156241
1.02474024842,-1.05423299353
1.02548460022,-1.06902982252
1.02929916335,-1.05796638971
1.024157892,-1.03612437465
1.02343561865,-1.05529589717
1.02576708612,-1.06283485444
1.02614188196,-1.053429291
1.02463367754,-1.05654976128
1.02610060001,-1.05548778773
1.02440704325,-1.05447536801
1.02399397761,-1.05563541686
1.0253159992,-1.03132237399
1.0251939705,-1.06274333067
1.02382106188,-1.06382102831
1.02604710419,-1.0496288412
1.02544445503,-1.056646183
1.02259413068,-1.05523366314
1.02581674377,-1.0783287404
1.02365033226,-1.07076205135
1.02382197734,-1.04689187092
1.02529385004,-1.05862059636
1.02490006933,-1.06010955139
1.02486411315,-1.07741465715
1.02543308929,-1.06306548219
1.02759503674,-1.06296745036
1.02445419089,-1.07167293901
1.02423012291,-1.04982528166
1.02651525513,-1.05211160469
1.02443678299,-1.054126618
1.02634807577,-1.05233569398
1.02759249581,-1.06574017547
1.02530450174,-1.05330100391
1.02310499265,-1.03833115226
1.02689011261,-1.07274407493
1.02479487816,-1.05732656501
1.02530970904,-1.05939357906
1.02601662065,-1.04927885905
1.02514647498,-1.04906702403
1.0249536291,-1.07007986839
1.02749568227,-1.05889281645
1.0246948809,-1.06798600136
1.02347816209,-1.05125318549
1.0271567731,-1.06210550641
1.02826222669,-1.05705005262
1.02411475429,-1.06333317304
1.02519463028,-1.07155238496
1.02479394464,-1.05840840152
1.02567718718,-1.05252945253
1.02640335589,-1.04584684662
1.02485044441,-1.06809566272
1.02351433161,-1.05398403026
1.02650353953,-1.06367616786
1.0259575776,-1.068308178
1.02532120137,-1.06850459971
1.02493295643,-1.06119274412
1.02652432004,-1.06671582091
1.02386721268,-1.04929344981
1.02584196977,-1.06060973953
1.02849685117,-1.06642602348
1.0248350095,-1.05634430095
1.02435792466,-1.04213482563
1.02702303523,-1.0685249523
1.02678509652,-1.04322499792
1.02528175412,-1.07374560166
1.02594285294,-1.04978619123
1.02641216378,-1.05682202114
1.02670929946,-1.06489761062
1.02707863443,-1.04515029662
1.02414720128,-1.05503547415
1.02384335078,-1.05162485155
1.02645735155,-1.05760590314
1.02707317216,-1.06475671893
1.02516083632,-1.04627539177
1.02479048868,-1.06055438921
1.0242894217,-1.04091347528
1.0251830871,-1.06143731236
1.02529709398,-1.0530032436
1.02472769998,-1.04549846937
1.02370790375,-1.05888419842
1.02667986447,-1.06588057607
1.02563160912,-1.07334688383
1.02326338813,-1.0694596952
1.02441578107,-1.06427612877
1.02563819112,-1.05199897547
1.02485970791,-1.06803091673
1.02484563475,-1.044270202
1.02566025722,-1.04702036899
1.02363178828,-1.03974814786
1.02408607702,-1.0510077273
1.02650790921,-1.06049055344
1.02366308464,-1.05951137703
1.0246524663,-1.04598330585
1.02426800813,-1.05338142457
1.02550643489,-1.06794151576
1.02447377682,-1.0552153665
1.02564334194,-1.06515041286
1.02391524074,-1.04600238725
1.02475648122,-1.06118899261
1.02503044672,-1.06760855836
1.02590974398,-1.05690594258
1.02432687172,-1.07324609142
1.02471659961,-1.04472682888
1.02521299593,-1.07536464238
1.02764442644,1.867039785
1.02426098627,-1.22215449372
1.02323239492,-0.764838238171
1.0233926703,-0.807757294219
1.02609986639,-0.879473471947
1.02503034999,-0.9965299545
1.02338663262,-1.05621203145
1.02331606378,-1.09430167544
1.02415105906,-4.30805099655
1.0225955367,-1.45134405229
1.02529842283,-1.34992744373
1.02489464757,-1.2121912477
1.02208849041,-1.12801521661
1.02370864425,-1.10887485575
1.02513750591,-1.06762459018
1.02406060772,-1.04692104123
1.02375085076,-1.04947007553
1.02575048941,-1.03100504827
1.02348276657,-1.01646222704
1.02372146949,-1.03094742714
1.02536387075,-1.04567772414
1.02403933969,-1.06329624741
1.02490474278,-1.05895413843
1.02485073504,-1.0465993797
1.02501283508,-1.04318208208
1.02287741847,-1.05687131717
1.02566057376,-1.04213588304
1.02408565205,-1.03492491007
1.02566258974,-1.06011389309
1.0268603093,-1.06181748546
1.02275705638,-1.05153986819
1.02302551187,-1.06925390169
1.02639941135,-1.05623024081
1.02654446956,-1.06384429209
1.02332579386,-1.05100243447
1.02587565648,-1.0628506887
1.02428605301,-1.05556818684
1.02251179309,-1.05172141874
1.02547332774,-1.05402540969
1.02467424584,-1.05149820571
1.02380576704,-1.05313934024
1.02455965276,-1.05031843188
1.02413112513,-1.05454474845
1.02360529438,-1.05902681245
1.02396430007,-1.0533867319
1.02399052179,-1.0579294031
1.0222814404,-1.0415698789
1.024741361,-1.04726032273
1.02544656124,-1.05474911288
1.0227211133,-1.06535330768
1.02330829634,-1.0729896158
1.02547716879,-1.04785033654
1.02663924069,-1.05786551025
1.02633323494,-1.05474671034
1.02804477953,-1.05852565495
1.02812691446,-1.05580172774
1.03017253823,-1.05659622894
1.03092420683,-1.06941572296
1.02719343931,-1.06837493429
1.02802007748,-1.06317800343
1.03029217778,-1.05142142352
1.02827281076,-1.07424916794
1.02698797478,-1.0649818841
1.02794747221,-1.06474609513
1.02779898787,-1.03983483868
1.02627064645,-1.07076603092
1.02843155277,-1.05608494704
1.02678331067,-1.06359866432
1.0262179369,-1.07027625805
1.02757840405,-1.04728908069
1.02910359193,-1.04927988007
1.02594731033,-1.05482473193
1.02783197486,-1.05928261464
1.02710698585,-1.04558912459
1.02678086479,-1.06587460138
1.03084737564,-1.06215004846
1.03077370385,-1.04922852659
1.02753669197,-1.06969760102
1.02887987903,-1.05414072325
1.03175552162,-1.05735137909
1.02977087537,-1.0470286531
1.02814774089,-1.07224859739
1.0296340228,-1.05494623799
1.02879560612,-1.07188864735
1.02812172459,-1.05958547789
1.02767933928,-1.05614513757
1.02567221599,-1.06743668715
1.02501627393,-1.06125422695
1.0275476262,-1.05680778539
1.02540275994,-1.0578173267
1.02498398689,-1.05766318232
1.02881024742,-1.04765017838
1.02641020794,-1.06840499682
1.02797916483,-1.0660814508
1.02755099066,-1.06247491371
1.02572214798,-1.06672313149
1.00184887447,-0.627052185924
1.01069633148,-1.11555321809
1.01018956562,-0.986429530735
1.00869740392,-0.896241866382
1.00975184513,-0.925582386965
1.00926801248,-0.920488285038
1.00759556557,-0.904958492229
1.01034969627,-0.976786799299
1.01084396953,-0.911790180116
1.0090054088,-1.23684018699
1.00882829452,-1.1478295683
1.00891741586,-1.16774229
1.00761504853,-1.14878143245
1.00802094505,-1.14108623845
1.00849709514,-1.14564329431
1.00951725957,-1.16633161058
1.00867388214,-1.17161562169
1.00998927408,-1.15604026695
1.00784166305,-1.15995907801
1.00800679366,-1.14198878232
1.01056904127,-1.15928285383
1.0097691187,-1.16324675275
1.00964350424,-1.16523331825
1.00923141373,-1.16492505623
1.00995950216,-1.18477050983
1.0095525431,-1.16780390239
1.01123520626,-1.15583628377
1.00954215892,-1.15045962183
1.00867952354,-1.16174689551
1.01049191489,-1.16256367618
1.01055902615,-1.15167121228
1.00973673525,-1.15090028772
1.01068035646,-1.16725599646
1.00946079906,-1.16188529327
1.009317646,-1.17461987446
1.01185090648,-1.15826403927
1.01105614476,-1.16232976342
1.00798862317,-1.15996243949
1.01176460685,-1.1642343942
1.01218755278,-1.16643802494
1.00993203445,-1.19281287312
1.00878658049,-1.15321032916
1.00965310703,-1.17556928682
1.00918937216,-1.17925351267
1.01215298717,-1.17303595177
1.01237695677,-1.1859439884
1.00920553787,-1.16248437641
1.00990872329,-1.1701503582
1.01228002333,-1.17288457405
1.01006842992,-1.18867586485
1.01137050253,-1.18703707304
1.0115828197,-1.17666397749
1.01115113255,-1.17391072952
1.01220204062,-1.19184203748
1.0122617694,-1.16395213627
1.01012212216,-1.18635302265
1.01097965944,-1.17519298851
1.01306915559,-1.16227022528
1.01191446038,-1.17958779782
1.01233181964,-1.17756327146
1.01225200608,-1.16237915461
1.01090163967,-1.16562711864
1.01133246596,-1.19415406061
1.01331183949,-1.18472432754
1.01150916782,-1.16703223172
1.00898537354,-1.17847624693
1.0125890466,-1.16537579193
1.01411141764,-1.18947697377
1.01139412758,-1.1747870936
1.0116483536,-1.19665258542
1.01140960471,-1.19437052823
1.01055760752,-1.18373660636
1.01270404733,-1.20451386909
1.01180923503,-1.20039026364
1.00979458491,-1.19218264062
1.01264943236,-1.18948695875
1.01237701966,-1.18649243676
1.01025217672,-1.18982338272
1.01116087426,-1.18116002444
1.01265024405,-1.18198271565
1.01287122869,-1.17774438004
1.01198360566,-1.18468131023
1.01260876742,-1.1802546763
1.0107463321,-1.17088302535
1.01186240606,-1.18768486552
1.01256608838,-1.18105670513
1.01218589518,-1.16937784767
1.01182984477,-1.17575342579
1.01259516922,-1.18126137162
1.01155929672,-1.18852939145
1.01165947996,-1.17911271596
1.01393166039,-1.1843728363
1.01185476997,-1.18933465865
1.01064326679,-1.18361477588
1.01261779344,-1.17939920582
1.01127591465,-1.18259609489
1.01034849534,-1.18552514353
1.01284097983,-1.16291353435
1.01217458769,-1.19185651511
1.01027326106,-1.19629313495
1.0118024323,-1.18471201997
1.01202723794,-1.18696947497
1.01036261082,-1.18816549084
1.01137000947,-1.18413582442
1.01364080344,-1.19182453494
1.01022862367,-1.17458515594
1.01143843539,-1.18438789948
1.00971913401,-1.17521361689
1.00988572211,-1.19134946432
1.01156070851,-1.18898121713
1.01243824006,-1.19617985511
1.01090550132,-1.18437818765
1.01043325888,-1.16086733149
1.0119818752,-1.18336547944
1.01242151672,-1.18177480746
1.01259097667,-1.18683050388
1.01557755792,-1.18108097329
1.01363541819,-1.17988864827
1.01575635885,-1.18364733223
1.01716602438,-1.18570383493
1.01733109162,-1.17101341987
1.01739474708,-1.19693013351
1.01956373784,-1.18631778907
1.01696587767,-1.20392110154
1.01656898707,-1.19535163039
1.01868560109,-1.19711670065
1.01620357726,-1.18668858327
1.01599278969,-1.173802472
1.01768539799,-1.17779694923
1.015723827,-1.18210625776
1.01347211881,-1.2018414841
1.01698814905,-1.17633745413
1.01902321983,-1.18588479736
1.0173878134,-1.19447471174
1.01711608231,-1.19304765276
1.01799991736,-1.18189505532
1.01707209029,-1.17545786012
1.01869574675,-1.17852444876
1.01842104301,-1.20631907488
1.01884423038,-1.2065643258
1.01863162924,-1.2050766281
1.0197604154,-1.18828024428
1.01858732678,-1.57583290324
1.01908970663,-0.876010033045
1.01892563181,-1.00188719305
1.0175147245,-1.11646316809
1.01904760853,-1.20079000498
1.01929264291,-1.21692665865
1.01604732382,-1.2429714077
1.01658134826,-1.25464978137
1.01700748927,-2.48002875558
1.01578531845,-1.40528900646
1.01563700888,-1.04126720859
1.01559754882,-1.05934629196
1.01454915039,-1.1335573426
1.01673536804,-1.17348621387
1.01878242486,-1.16389794278
1.01561050095,-1.16465195074
1.01362405275,-1.17700741666
1.01652600112,-1.17714795266
1.01812018289,-1.15751513967
1.01481955477,-1.17698811899
1.01642080857,-1.17514111216
1.01654406716,-1.18976578464
1.0143852498,-1.1871645074
1.01489416676,-1.1966484666
1.01514442315,-1.19209334568
1.01229512398,-1.19477801484
1.01421819395,-1.19064470936
1.01548800162,-1.18816445306
1.01380731269,-1.1882207065
1.01370235107,-1.19297440828
1.01408144986,-1.19292547788
1.012490932,-1.20082761981
1.01518466961,-1.19897289136
1.01679119715,-1.22551905757
1.01455449042,-1.19469161079
1.01423906746,-1.19295173455
1.01539176668,-1.18309445204
1.01366221284,-1.19446916964
1.01427166239,-1.18742064614
1.01617347259,-1.19143336087
1.01551720881,-1.1950609608
1.01515932717,-1.18983851018
1.01793345003,-1.19209306305
1.01441443575,-1.20485455602
1.01309566809,-1.19443357526
1.01747321113,-1.19663137304
1.01635952452,-1.21130348905
1.01408268808,-1.18247139788
1.01636430438,-1.20962625588
1.01506588652,-1.19097166848
1.01349918341,-1.18699617704
1.0153664442,-1.1981551077
1.01473514901,-1.21010807532
1.01210752901,-1.1731321733
1.01603702496,-1.21213620183
1.01692211142,-1.20740283815
1.01414781415,-1.20557467958
1.01497448668,-1.1873993401
1.01447881927,-1.18322727185
1.01326546251,-1.19361526221
1.01493722313,-1.17410303544
1.01498810417,-1.18836939451
1.0151261624,-1.19533593178
1.01636569493,-1.20595855131
1.01613741319,-1.1962285475
1.01525412696,-1.18057646652
1.01304172369,-1.1715405492
1.0158430248,-1.18556779236
1.01389585916,-1.19787824175
1.0170158955,-1.20279304545
1.01805792534,-1.19775783085
1.0140449606,-1.19142858372
1.01469426358,-1.18455142826
1.01603341449,-1.19822301296
1.01652295918,-1.1895774691
1.01549639914,-1.18745412631
1.01792863561,-1.19511352213
1.01606408385,-1.19630022897
1.01547831186,-1.21674340253
1.01721684662,-1.2054445531
1.01509427395,-1.19572405826
1.01365041123,-1.20061250694
1.01728156859,-1.19483302444
1.01807773014,-1.20654390145
1.01591453295,-1.19969731459
1.01698290652,-1.19997987679
1.01591698992,-1.19501983951
1.01455336656,-1.2105093217
1.01647801139,-1.18358655211
1.01626645827,-1.1793327488
1.01598443412,-1.20517519725
1.01532897434,-1.22469956891
1.01648793686,-1.19887106787
1.01527258099,-1.20203511026
1.01580527634,-1.20342697475
1.01468017339,-1.2062868564
1.01497781423,-1.2153026174
1.01803447416,-1.20435805885
1.01983244408,-1.20455357878
1.01365731104,-1.20934603278
1.0139306104,-1.19845347819
1.01618073298,-1.20239619544
1.01603068975,-1.20402209323
1.01674213334,-1.20119759945
1.01748812112,-1.19809296665
1.01579335346,-1.20714754377
1.01495611109,-1.20217949421
1.01630586592,-1.19423883234
1.01445543024,-1.19123344977
1.01472909846,-1.18755667382
1.01745952242,-1.19486365201
1.01727920118,-1.19266931239
1.01533433123,-1.19376821003
1.01631766094,-1.19472389918
1.01544632252,-1.19932500702
1.01461495977,-1.19981603444
1.01679706859,-1.19770818972
1.01639359245,-1.20337999103
1.01582579172,-1.18517135116
1.01572191149,-1.20195002309
1.01648932179,-1.19639369999
1.01615162113,-1.21559983185
1.01481153201,-1.20136125252
1.01395673708,-1.18704439279
1.01376416565,-1.19335187486
1.01822087018,-1.19043361554
1.01741713771,-1.19174722047
1.01486497664,-1.19931875143
1.0146961112,-1.19846348562
1.01624902353,-1.20174827054
1.01498351701,-1.19337837453
1.01445775544,-1.18060922557
1.01736055296,-1.21225896018
1.01636671596,-1.19481927042
1.01706146655,-1.19641578215
1.01663692754,-1.18236206921
1.01334093955,-1.18111763564
1.013438202,-1.21147088663
1.01675615975,-1.19807585874
1.01720179964,-1.19473417847
1.01600389554,-1.20573828124
1.01721252871,-1.20119806123
1.01655702193,-1.20924870158
1.01513748391,-1.21868714192
1.01420310895,-1.18218514374
1.01361707381,-1.18890699253
1.01354169535,-1.19780523595
1.0164096122,-1.20363511644
1.01558181302,-1.20133411498
1.01560837753,-1.2072895148
1.0152348536,-1.19549269513
1.01591576483,-1.21397651276
1.01708215066,-1.21464798846
1.01814311598,-1.2037700157
1.01992940357,-1.1902164839
1.0188528663,-1.20442271174
1.01990075323,-1.2054119839
1.01814191793,-1.2026862995
1.01674897756,-1.20563125728
1.01739020815,-1.21243810862
1.01824435804,-1.22117289187
1.01843663446,-1.22986060153
1.0239161225,1.8662437292
1.02103912238,-1.40008688241
1.02008368508,-0.933342845986
1.0201263141,-0.919124136528
1.02540921186,-1.01803933404
1.02467993566,-1.12231614407
1.02839398588,-1.19883551489
1.02974315173,-1.22338138581
1.03162726284,-4.79099455115
1.02938793718,-1.55934966634
1.0330632861,-1.49233493066
1.03227394779,-1.35112075391
1.030584009,-1.27927724157
1.03379159185,-1.2302851964
1.03312252454,-1.2203196631
1.03061496108,-1.17809831508
1.03194690578,-1.19754521409
1.03110043487,-1.16948617444
1.02911626255,-1.18061212164
1.03071522447,-1.20969840637
1.03094348771,-1.20529041044
1.02637447002,-1.20202834278
1.02731496951,-1.20085063413
1.02803850746,-1.18942879844
1.02809675353,-1.20292130881
1.02703742512,-1.18207080953
1.02588941669,-1.18223634694
1.02638497252,-1.20070122163
1.03035442776,-1.20970274297
1.02997701059,-1.18286326378
1.02698673202,-1.19175905008
1.02728496518,-1.20961578995
1.02862000887,-1.19233642104
1.02520129977,-1.18297604051
1.02555601223,-1.19028974606
1.02459618433,-1.20481160597
1.0213659735,-1.20963655216
1.02119350709,-1.20218547676
1.02092506469,-1.2035401739
1.01804323749,-1.20297430159
1.01544574334,-1.2014137541
1.01699735218,-1.21690044481
1.01689613774,-1.21971172601
1.01595672323,-1.2085091035
1.01562104878,-1.20823793672
1.01333330686,-1.20711552842
1.01337105332,-1.21242112621
1.01580589913,-1.20575515233
1.01536974867,-1.2068804422
1.01262379959,-1.19992442584
1.01386225625,-1.20511166946
1.01442942945,-1.20444256687
1.01388201003,-1.19362215497
1.0139047218,-1.20463194643
1.0141186079,-1.2141308216
1.01582462567,-1.2173742677
1.017335376,-1.23268151276
1.01711777562,-1.23057107871
1.01458617514,-1.20875670833
1.01729995854,-1.21125790725
1.01805036076,-1.22915630027
1.01593838362,-1.21432979337
1.01637565123,-1.22104565587
1.01684023317,-1.21528377016
1.01503487511,-1.21491779455
1.01557079253,-1.23145246736
1.01778041736,-1.22444992566
1.01354306892,-1.21082497476
1.01484631473,-1.21610702205
1.01719700879,-1.19805161441
1.01679071744,-1.21356764731
1.01673250755,-1.23016573216
1.01867925779,-1.22474664308
1.0160889646,-1.21805647685
1.01806520535,-1.23245225015
1.02044655542,-1.22302134148
1.01840929736,-1.22185232208
1.01725231245,-1.2315392776
1.01852918816,-1.20349955476
1.01859318462,-1.20310298826
1.01829139902,-1.20539340537
1.01847506276,-1.23382372857
1.01726187519,-1.20915706551
1.0166646433,-1.22782069664
1.01909561824,-1.21910007348
1.01710068164,-1.2245255208
1.01368717335,-1.23331451721
1.01604171389,-1.22756885885
1.01651495892,-1.21310170262
1.01438518838,-1.22906264198
1.01610036171,-1.20154425015
1.01442953529,-1.21297011267
1.01317205225,-1.21520321462
1.01660359053,-1.25229326029
1.01768907132,-1.22925377166
1.01706981751,-1.23771272852
1.01680666201,-0.8342647745
1.02312832155,-1.03026897183
1.02016740614,-1.18453888413
1.02056494142,-1.05488766943
1.02292483588,-1.02882135557
1.02150309851,-1.0235722289
1.02175490282,-0.991676289506
1.02274941943,-1.03069821278
1.02082682054,-1.01354333518
1.01926495076,-0.833333581568
1.01972779487,-0.858769560675
1.02135846172,-0.863820408914
1.02055123501,-0.849858200849
1.02164918469,-0.862013746128
1.01946499068,-0.872172213054
1.01999213889,-0.855175961774
1.02185357827,-0.855747544685
1.02134799621,-0.857160302522
1.02039044584,-0.875106637101
1.02354658003,-0.877003739457
1.02430535141,-0.871292158642
1.02319684089,-0.882667756598
1.02349983249,-0.883442195645
1.02476412813,-0.875566311373
1.02162170713,-0.880830044534
1.02523277329,-0.884297024166
1.02478839066,-0.890768538991
1.02341472797,-0.874449880022
1.02355599898,-0.867204754251
1.02412328913,-0.874542665293
1.02304920091,-0.872795097544
1.02340271606,-0.88595435445
1.02398499228,-0.875122345799
1.02157284828,-0.878157957759
1.02429469746,-0.901263851327
1.02776866807,-0.873897036065
1.02544500817,-0.884294198406
1.02180125167,-0.89303436926
1.0239145334,-0.904161790145
1.02451324168,-0.883050099073
1.0249425132,-0.88123405858
1.02587843384,-0.893946429901
1.02484906513,-0.886943567014
1.02473531829,-0.861279823336
1.02590829805,-0.887433989279
1.02390510051,-0.875966851078
1.02280091223,-0.866263763162
1.02406234505,-0.87128898406
1.02506846146,-0.881775922782
1.02293430292,-0.870538863833
1.02369055893,-0.867356268353
1.02116318949,-0.861369333271
1.02039015956,-0.862529820989
1.0219310791,-0.875707338782
1.02366284438,-0.87075569479
1.0217601311,-0.869732332783
1.02391446807,-0.859860690248
1.0237667432,-0.844444681286
1.02350263909,-0.855363486243
1.02539452395,-0.864696148933
1.023934791,-0.881011321147
1.0216618536,-0.870584621803
1.02466953794,-0.882439419553
1.02744437838,-0.868027533119
1.02549365161,-0.867204659934
1.02380157788,-0.868664643032
1.0249245835,-0.850133141232
1.0241925009,-0.849851828548
1.02386284591,-0.890591098478
1.02623976872,-0.877365930346
1.02626828365,-0.880220569257
1.02666417279,-0.861393332764
1.02748593244,-0.87454992465
1.02516543089,-0.873868953534
1.02492018719,-0.880736343604
1.0274696781,-0.879373019106
1.02860303012,-0.882099181941
1.03096614292,-0.873910415125
1.03023314473,-0.886000311374
1.02786986423,-0.862076338302
1.02693088967,-0.863200651281
1.02854430831,-0.872303894562
1.02825437343,-0.89640836174
1.02852327825,-0.848257525192
1.03065180629,-0.870210243176
1.02951004329,-0.879420893504
1.02733382333,-0.88210668142
1.02629746373,-0.877561888092
1.02545643057,-0.87907872552
1.0249480471,-0.863075562335
1.02756134576,-0.87819814463
1.02841907808,-0.87117414128
1.02653307547,-0.876090977731
1.02614333293,-0.876767348896
1.02607352625,-0.85909329197
1.02590941286,-0.886313970881
1.02634419223,-0.878001089045
1.02844907165,-0.874536315153
1.02792951424,-0.878062014063
1.02819085231,-0.863064802959
1.0300608903,-0.878021778863
1.02700029289,-0.87142386754
1.02511486224,-0.886253250941
1.02528170273,-0.901025882517
1.02703625779,-0.882147994239
1.02801413489,-0.902162403765
1.02848808936,-0.887752740458
1.02625763201,-0.904540257431
1.02498941937,-0.889802880544
1.02495725588,-0.886476653218
1.02319294106,-0.885976414899
1.02344787971,-0.885896645688
1.02932334727,-0.899972587496
1.02599222662,-0.877194660847
1.02568006483,-0.887822142713
1.02585842891,-0.90784805599
1.02420948301,-0.880012249236
1.02205545904,-0.893053450044
1.02630386584,-0.878986159503
1.02695790877,-0.884948522634
1.02538313504,-0.887938121837
1.02573977817,-0.907004131587
1.02418545336,-0.887638160913
1.02389084998,-0.870313942836
1.02499380077,-0.908093937541
1.02472884202,-0.892924461422
1.02410064749,-0.896871799943
1.02515118244,-0.897144371314
1.02822653736,-0.88321312316
1.02474111219,-0.904338495335
1.02421027335,-0.900474830149
1.02556999598,-0.903385226683
1.02575948798,-0.90144698789
1.02633636527,-0.901428534778
1.02704853218,-0.905920471428
1.02610199625,-0.895513105438
1.02741391174,-0.891619350023
1.02692130785,-0.882401219831
1.02537135078,-0.891924683464
1.02616563799,-0.894897270938
1.02892102308,-0.893792969708
1.02943986662,-0.881047508618
1.0284649563,-1.5401398184
1.02952249971,-0.615114027936
1.02680067321,-0.740747539618
1.02446192557,-0.808727058765
1.02905892942,-0.891478059233
1.02924922611,-0.91045213713
1.02690891499,-0.948728264948
1.02722116083,-0.954208220129
1.02838665348,-1.85609951596
1.02551046529,-0.932489760634
1.02690540843,-0.764448927332
1.02699996924,-0.784295548199
1.02581102598,-0.821452995732
1.03003871359,-0.857079021056
1.03039509638,-0.872441398927
1.02810587504,-0.859370969351
1.02647794628,-0.865059594037
1.02966586471,-0.874385877948
1.03013401671,-0.854221178118
1.02886729348,-0.876074703444
1.03185647419,-0.894276300104
1.03002637919,-0.854060604551
1.03083707407,-0.860610185156
1.03075397443,-0.860650452181
1.02848009414,-0.838401897331
1.02787076954,-0.848591955905
1.02943335859,-0.858603050493
1.02885846162,-0.846237192831
1.02921907778,-0.846621745179
1.03000277195,-0.875008694528
1.02669546018,-0.88169663427
1.02527496809,-0.853419981031
1.02721500605,-0.863622174465
1.02777699768,-0.855038862592
1.02657566306,-0.873917577276
1.02758929105,-0.86971971604
1.02933562287,-0.879062416178
1.02617898988,-0.855446422577
1.02809746837,-0.862918843077
1.02776514891,-0.872533855044
1.02641227422,-0.873699783908
1.02886205733,-0.858106473167
1.03038138453,-0.859762024637
1.027154542,-0.850992826864
1.02772176124,-0.875461132404
1.02826134719,-0.856353675932
1.02752150093,-0.84671550263
1.02748197369,-0.839340028145
1.02700393319,-0.846368034235
1.02631890318,-0.838350848979
1.02641478608,-0.841558950732
1.0285561571,-0.870212605244
1.02530796945,-0.865717959333
1.02674376921,-0.862046005138
1.02854870187,-0.870316989134
1.02704308255,-0.88455660729
1.02833967759,-0.903090549411
1.02758145059,-0.885750159387
1.02753341579,-0.904388085533
1.02881014026,-0.89301933126
1.02948360292,-0.898438685003
1.02888576146,-0.890796705571
1.02688925655,-0.892223106029
1.02919454814,-0.879443380517
1.02680261406,-0.884031031187
1.02776110969,-0.890151987223
1.02960311641,-0.879979303608
1.02773452254,-0.888093342125
1.02575914569,-0.885344136214
1.02949566366,-0.894751248967
1.02905634725,-0.893951215979
1.02574871501,-0.886577852358
1.02699357252,-0.882813260009
1.02925427227,-0.885845837645
1.02830898054,-0.903290796348
1.02831323682,-0.891101725598
1.02727832484,-0.890858737061
1.02569927491,-0.885233236391
1.02773197553,-0.890966865851
1.02872125199,-0.90852999876
1.0280584123,-0.885996634223
1.02742604795,-0.894720927289
1.02836494572,-0.886171216675
1.02705897565,-0.885727920916
1.02778688649,-0.87764750095
1.02771374441,-0.888620435107
1.02570925651,-0.891278699744
1.02800685545,-0.892239706673
1.02927178485,-0.900451980521
1.02836288607,-0.907259717074
1.02638947032,-0.88880746112
1.02674719014,-0.905513777863
1.02631087961,-0.896341330724
1.02859851919,-0.891008544629
1.03097382875,-0.905434043758
1.02635465949,-0.8784722925
1.02583997577,-0.886700586869
1.02802416079,-0.888394027301
1.02844913174,-0.896937642319
1.02494686779,-0.896269237821
1.02835658896,-0.894443735942
1.02954308146,-0.893412067355
1.03044499283,-0.879376680975
1.02953667406,-0.891935540601
1.02955255532,-0.882194412334
1.02994794134,-0.897432581711
1.03330312337,-0.911560633058
1.03430586319,-0.882872987344
1.03323157658,-0.886591456854
1.03387353605,-0.899142428095
1.03290024331,-0.877851684457
1.03219578686,-0.885956469695
1.031923818,-0.884000193489
1.03147630807,-0.891869951587
1.02994449893,-0.889384530021
1.03023455027,-0.91402254996
1.0326253153,-0.892395947713
1.03064115669,-0.890413485882
1.02950443465,-0.913342130463
1.030682118,-0.894428554235
1.02973411341,-0.893531002117
1.03089936042,-0.884461364185
1.0329718509,-0.911444977947
1.03132081461,-0.881868245311
1.03196162902,-0.878812248612
1.03547379763,-0.896193908829
1.03105889113,-0.906495420803
1.03093780869,-0.886277673098
1.0325681566,-0.903633705507
1.03307685145,-0.89497954285
1.03358421142,-0.873312969316
1.03424284339,-0.89815820204
1.03148352971,-0.87673628637
1.02927782329,-0.891246639199
1.02982803744,-0.884244329363
1.02852780477,-0.881836874149
1.02764513622,-0.88773181466
1.02873142285,-0.902648133221
1.02870974642,-0.898792475064
1.02674883078,-0.86728207097
1.0273545844,-0.896779205494
1.02759482727,-0.887989941496
1.0278710831,-0.881237882208
1.03201649363,-0.894073455984
1.03215538527,-0.892014949005
1.0328424984,-0.879621760136
1.03235273057,-0.901800755103
1.03214296791,-0.901284569715
1.03124598758,-0.874916288248
1.03270724296,-0.901780464712
1.03341100656,-0.907406446698
1.03154956227,-0.880221504409
1.03168682713,-0.891703649566
1.03411166056,-0.904814619269
1.03104809354,-0.904695657097
1.03045273707,-0.879543014608
1.03157162919,-0.912112809392
1.03127999057,-0.898410031795
1.03313872714,-0.885035664421
1.03507261288,-0.915887285112
1.03339911055,-0.895585249873
1.03070986041,-0.886149048183
1.03836714207,2.43265620247
1.03277712928,-1.15531514533
1.03234072537,-0.647422208578
1.03488514986,-0.650525867545
1.03663814007,-0.72747553937
1.03344774671,-0.820024847464
1.03404206753,-0.876190816793
1.03353115757,-0.931954835875
1.03198355634,-4.55605564448
1.03264569518,-1.23822284354
1.03267432513,-1.08537968396
1.03177663269,-1.05280772554
1.03175367093,-1.01897791039
1.02853708246,-0.952779548922
1.02729435185,-0.901118855881
1.02748464614,-0.877766409083
1.02936344089,-0.888647176113
1.02496780047,-0.820892740831
1.02941202287,-0.789429373931
1.03069222298,-0.866786484185
1.02869304815,-0.874006084811
1.02766618007,-0.886823109044
1.02777380393,-0.903633029217
1.02799137315,-0.897976306756
1.02941292767,-0.880072106912
1.03196586327,-0.911774831388
1.02960842679,-0.89550212776
1.02843458108,-0.896770457583
1.03089049529,-0.89211595304
1.02801295073,-0.908450098199
1.02697566204,-0.892725778172
1.03084839738,-0.907950357111
1.03104263924,-0.904798542488
1.02813330884,-0.90521625489
1.02973471363,-0.908508316703
1.02853743242,-0.914536514604
1.02558152751,-0.885357412252
1.02891493879,-0.903594276315
1.03034438728,-0.918322367676
1.02973688598,-0.903640018404
1.02961977919,-0.910665043777
1.02908605547,-0.897292390123
1.02771146851,-0.899392313577
1.02967731151,-0.913236856869
1.02899161143,-0.926067823213
1.02758195615,-0.895421002513
1.02973993263,-0.895718629592
1.03230089323,-0.89825116706
1.02977832015,-0.917547461928
1.0277468697,-0.9059646722
1.02837611169,-0.895780500101
1.02839364502,-0.890894801473
1.03122006084,-0.909166634366
1.03211870593,-0.930246724092
1.02891979206,-0.893350720522
1.03121852196,-0.911017408482
1.03172121793,-0.904856631267
1.03018280271,-0.905289470025
1.02871814765,-0.921160502481
1.03072412166,-0.911857292996
1.03155211423,-0.898390391193
1.03052671854,-0.908928711672
1.03156383966,-0.904640439802
1.02940848055,-0.909149611728
1.0269213872,-0.906876663315
1.02889694484,-0.901064469992
1.02989772323,-0.913403873583
1.02868742209,-0.896496539637
1.02980146791,-0.910550632674
1.02933609942,-0.904278028395
1.02902791212,-0.911957566384
1.02906757658,-0.898696601007
1.02833421992,-0.90926646043
1.02811889763,-0.889646900424
1.03200144934,-0.892365247332
1.03100157462,-0.88793905002
1.02977353266,-0.916592035694
1.02909051769,-0.915559401275
1.02936797782,-0.904310751675
1.02952231544,-0.910283839415
1.03068717751,-0.911407918023
1.02981713543,-0.924977638407
1.0292352074,-0.899068152724
1.02980274534,-0.914667211474
1.03140823104,-0.921925522368
1.02731834283,-0.912919355281
1.02876188028,-0.902980892505
1.03040437547,-0.889424264057
1.03084822815,-0.917652453154
1.03042853915,-0.906494853488
1.03174829503,-0.905281959588
1.03075862445,-0.908905989971
1.03033204696,-0.894575023769
1.03342063181,-0.892872762048
1.03310108423,-0.90447327757
1.03395049102,-0.918560271887
1.04676305394,-0.662889582216
1.05334943166,-0.891866830573
1.05057447523,-1.06009078203
1.05154622787,-0.966168362894
1.05313716531,-0.9530776516
1.05265607895,-0.9527007094
1.04944488982,-0.963604815978
1.05121478873,-0.979036289899
1.04921135643,-0.95627217431
1.05056482573,-0.908118785086
1.04894561002,-0.87280370198
1.04828012723,-0.885648809617
1.04609176133,-0.856962745389
1.04850811495,-0.86888469942
1.04874168824,-0.886511223966
1.0463803939,-0.889131507653
1.04691268186,-0.888685932274
1.04841463132,-0.871198404139
1.04821844679,-0.882167482555
1.04796882817,-0.877242392597
1.04766304641,-0.885033217809
1.04834501716,-0.87856095298
1.04874772943,-0.884182035141
1.05147041679,-0.877686522927
1.04953717171,-0.884634114329
1.04937614875,-0.884754819413
1.05172305519,-0.895974424604
1.05055190514,-0.886822825764
1.05073983068,-0.881175076847
1.0529876368,-0.886432172781
1.04942771454,-0.881607944809
1.04764990486,-0.902397134492
1.04983385648,-0.893062017242
1.04929289014,-0.878851692593
1.04642240456,-0.88435312762
1.04890473038,-0.875231917485
1.04551302269,-0.893413087951
1.04723891101,-0.892535974048
1.04937449638,-0.882586049476
1.0472652584,-0.883292902939
1.04532041626,-0.882784794719
1.04841392756,-0.882972950255
1.04775270233,-0.898161597708
1.04508389277,-0.871679697591
1.04690214462,-0.884959183479
1.04807483286,-0.870313170447
1.04787235662,-0.877694110712
1.0486365852,-0.88030772747
1.04671557563,-0.873923045559
1.04637381493,-0.866174866352
1.04709667503,-0.885373057842
1.04958871837,-0.870824393295
1.04729541628,-0.878057615369
1.0484690259,-0.875329620674
1.0472849583,-0.876943895744
1.04564383103,-0.884146581279
1.04699523639,-0.86878693373
1.04784365252,-0.87188588997
1.04492293015,-0.86747270308
1.04537193027,-0.877582257249
1.0463007328,-0.889601483478
1.04654840724,-0.875939885027
1.04439742974,-0.875208981225
1.04606979201,-0.863903628585
1.04513287231,-0.89068924725
1.04646360651,-0.859230222182
1.04784718308,-0.879610867323
1.04427801007,-0.872877886642
1.04416259536,-0.877616514325
1.04840818959,-0.873651312451
1.04629707164,-0.877790561035
1.04556134197,-0.873121079873
1.0455768208,-0.87715157315
1.04559404299,-0.87732607162
1.0450273286,-0.880850518652
1.04726865217,-0.87811774125
1.04494983524,-0.87921764237
1.04469698935,-0.872278871919
1.04469609866,-0.874509842857
1.04694535171,-0.869526469917
1.04550185915,-0.887755003224
1.0458665525,-0.857576468247
1.04525763279,-0.888803560529
1.04631217019,-0.850017207151
1.04714945213,-0.868327101663
1.04706321372,-0.863423990845
1.0438163047,-0.890537447533
1.04539154694,-0.862668311447
1.04836695008,-0.867500595286
1.04720830172,-0.874829998312
1.04671942034,-0.866330227642
1.0482234533,-0.872753064927
1.04799081709,-0.876988305042
1.0503534119,-0.875444133826
1.05158184315,-0.876207948149
1.0503749546,-0.881561066194
1.04946549728,-0.853586999556
1.05339311234,-0.87453485142
1.05155692506,-0.896082384353
1.05090382184,-0.862251254311
1.05060458457,-0.876049600438
1.0527448151,-0.871238488092
1.05116228108,-0.88650756792
1.05297999816,-0.881101484537
1.04890071177,-0.871664129384
1.04953321162,-0.88552720081
1.05079883709,-0.881474842467
1.05213776095,-0.877123064475
1.04802083092,-0.873526870738
1.05005438577,-0.866561846098
1.05079148749,-0.885511883465
1.05059646012,-0.870385749249
1.05197091453,-0.887516427102
1.05244766385,-0.867297789779
1.04949799639,-0.896362386813
1.05248058922,-0.877682206676
1.0515631964,-0.885494507803
1.05209312121,-0.87519617195
1.05155983892,-0.887717430966
1.05344750008,-0.888935750471
1.05120890445,-0.881806383255
1.05297073915,-0.896734341422
1.05322891195,-0.8755429155
1.05147555676,-0.879442697297
1.05119701661,-0.891729330856
1.05244703131,-0.904406581614
1.05105570893,-0.897052226542
1.04765565256,-0.887926405279
1.04848425758,-0.882521419065
1.04886014468,-0.901257917774
1.04854141884,-0.896529197089
1.05134417632,-0.880509347276
1.04761482717,-0.879196330376
1.04955273481,-0.885551556395
1.05137849619,-0.886881715843
1.05187545129,-0.883009844209
1.04945214372,-0.875837231588
1.05119665341,-0.877279982825
1.05102898602,-0.882861993585
1.05076883154,-0.879672633637
1.05302955951,-0.894587575609
1.05299734722,-0.875407387963
1.0484503472,-1.94275563299
1.05108872279,-0.657751614098
1.05113024493,-0.749062663544
1.0509817191,-0.810897888994
1.04990294686,-0.875487484831
1.05135094126,-0.893830218766
1.04896271097,-0.923719833434
1.05201582346,-0.935694855773
1.05249307052,-1.43833339399
1.047749276,-0.95127353178
1.05057664187,-0.693930456381
1.05311018267,-0.759386186918
1.05243589686,-0.831815852455
1.05129286087,-0.841908780802
1.05111538943,-0.849924263293
1.05160338411,-0.840274389938
1.0521420493,-0.861454168723
1.05468110718,-0.876797084141
1.05081737262,-0.848124767978
1.05093709139,-0.867263922789
1.05259869286,-0.890132818767
1.05385705741,-0.870715256566
1.05111571465,-0.883359608784
1.05289282331,-0.870054026383
1.05119363684,-0.877319457126
1.0516407389,-0.883322408362
1.05384581907,-0.893990236963
1.05239891489,-0.870010288314
1.04942424437,-0.86890600585
1.05124401632,-0.890494191261
1.05150598521,-0.883070636515
1.05021201051,-0.855153253671
1.05060444066,-0.860341711473
1.05133353487,-0.883439315883
1.04980935282,-0.869714550314
1.05259726426,-0.875330713277
1.05166625007,-0.883258589191
1.04898747753,-0.861073006379
1.05009682602,-0.87802944528
1.05189549764,-0.859901287495
1.05058541246,-0.892366325391
1.05063700702,-0.862789895478
1.05040528086,-0.885233763218
1.05043011593,-0.877380758018
1.05200828337,-0.877568939971
1.05218917554,-0.871316916222
1.04988655917,-0.861285098135
1.05191522492,-0.86748392676
1.0523776253,-0.87479976818
1.05274303932,-0.859031007651
1.05105904143,-0.869681437224
1.05258299896,-0.868343108652
1.05254198591,-0.880195819286
1.05213525559,-0.882182938962
1.05188439555,-0.887146060162
1.05074007382,-0.87636987173
1.05034617317,-0.897129587812
1.05317755026,-0.872160670931
1.05101747974,-0.875053951589
1.05083353004,-0.883101509613
1.05119441547,-0.888924266283
1.05243629668,-0.877015078487
1.05103153083,-0.885713924938
1.0525154104,-0.87026755876
1.05174700398,-0.874691350905
1.05013972665,-0.880454946724
1.05097942363,-0.894893199542
1.05197500087,-0.884368953568
1.05095026349,-0.894588818818
1.05074856297,-0.890936607152
1.0512145222,-0.888524329914
1.05111326165,-0.897450989355
1.04999480809,-0.89343995441
1.05270418794,-0.883121562098
1.04945304511,-0.886509500207
1.05129241137,-0.890950414774
1.05262340321,-0.906095624742
1.0530322718,-0.895142498082
1.05102698555,-0.883025871092
1.05328315197,-0.881292017685
1.05222399413,-0.884816203519
1.05200963386,-0.889275183017
1.05416856735,-0.898541428701
1.05278920555,-0.871705121773
1.05156354352,-0.91555683208
1.05405379378,-0.902445101015
1.0531639707,-0.90903292789
1.05367902386,-0.894716546601
1.05508113379,-0.906070200453
1.05331331212,-0.878830547548
1.05161487348,-0.886698262022
1.05436439082,-0.900146066652
1.05272664376,-0.902778506023
1.05048170656,-0.876225181217
1.05272767714,-0.887534828481
1.05399764418,-0.89892659576
1.05043901805,-0.90197507207
1.05259903731,-0.885943083342
1.05149137825,-0.888847682323
1.05290799943,-0.893046152852
1.05365787201,-0.89350554463
1.05319788701,-0.89558080423
1.0497537402,-0.898715405417
1.05232911865,-0.887085997915
1.05317471855,-0.892424134668
1.05285975944,-0.894204625924
1.05141806074,-0.907544765479
1.05306128577,-0.899079414128
1.05148473285,-0.904336667126
1.0526039474,-0.887838059578
1.05357277397,-0.890169482304
1.05214453061,-0.885829913996
1.05146602177,-0.902013898754
1.0530207748,-0.889122803668
1.05131204688,-0.892107671325
1.05249438132,-0.877440626167
1.05272330576,-0.897757973184
1.05190067742,-0.893864842166
1.05229134606,-0.906668493129
1.05492667898,-0.891998636713
1.05249594928,-0.899394734189
1.05142921128,-0.873385647258
1.05350112537,-0.890319946613
1.0542827084,-0.87914613666
1.05222832995,-0.887234615823
1.05286151368,-0.879113609258
1.0523291017,-0.894946425746
1.05178948859,-0.887865822263
1.05312641474,-0.893065919922
1.05261370028,-0.882731545114
1.04961631141,-0.87020015685
1.05212450969,-0.884954650015
1.05341357148,-0.898533808711
1.05133169512,-0.878481397332
1.05128762971,-0.883060277446
1.05207314695,-0.868159896112
1.05103032335,-0.897995029565
1.05303950736,-0.898696317954
1.05319686243,-0.896741378101
1.05063772482,-0.876744056087
1.05172450656,-0.891303040021
1.05344461471,-0.885950752207
1.05228534431,-0.880751636144
1.05219495112,-0.890484837439
1.05165419175,-0.894868839656
1.0519354654,-0.886609291297
1.05143596117,-0.894869410633
1.05514698016,-0.888899064423
1.0514691146,-0.879492408346
1.05149211688,-0.888695528157
1.05371342278,-0.887875393051
1.05375152271,-0.87589692009
1.05129582304,-0.878003565224
1.05361560218,-0.890108462651
1.05204095427,-0.870210610023
1.05278880478,-0.879489989898
1.05408838647,-0.895099225621
1.05338411707,-0.865556108808
1.0507332662,-0.877726491669
1.05284021327,-0.879381716629
1.05438442321,-0.887838343866
1.05177398749,-0.866824023953
1.05526542718,2.59075027665
1.05238587888,-1.15760544169
1.05186003615,-0.675637414614
1.05379575735,-0.62617330451
1.05174771902,-0.73793339685
1.04970642902,-0.795817036369
1.05004046583,-0.860021367597
1.0530886526,-0.909942609392
1.0516482525,-4.87144839791
1.05155598001,-1.12234533535
1.05440007903,-1.09000882592
1.05457463582,-1.03733236269
1.05641770972,-1.00456446281
1.05999094708,-0.933629813623
1.05933052546,-0.904284256267
1.06196118709,-0.884630068377
1.06376905727,-0.862338337999
1.064848849,-0.82918034701
1.0634479302,-0.831809988671
1.06622795968,-0.864509976533
1.06364094552,-0.867870992335
1.06499634795,-0.876058655577
1.06646949845,-0.898680721027
1.06329575298,-0.897618069237
1.06071457582,-0.896512513326
1.06332473012,-0.904198284171
1.06227658087,-0.90648784204
1.06065871734,-0.889055886071
1.06038778272,-0.897627364265
1.06130834668,-0.914223801122
1.06069291262,-0.924901942001
1.06354525838,-0.897414639021
1.06148720654,-0.887594055522
1.06241744587,-0.910199306736
1.06246149811,-0.913909580191
1.0651992484,-0.891830186464
1.06364838498,-0.898938589652
1.06573515042,-0.899837175674
1.06582486364,-0.888047532893
1.06446347625,-0.90383524751
1.06636106337,-0.906343245448
1.06674820125,-0.889661130815
1.06468931552,-0.896764419369
1.06315304152,-0.907546951686
1.06247143518,-0.908288618076
1.06269379898,-0.914587693125
1.05861687207,-0.908224610008
1.05764019632,-0.893316379893
1.05527143346,-0.889737746853
1.05683230568,-0.899943024298
1.05727071999,-0.891857015354
1.05486355988,-0.880052264098
1.05236033727,-0.903976271458
1.05613549519,-0.899119334063
1.0559069174,-0.90160428637
1.05513443236,-0.906082519366
1.0548490063,-0.88364360142
1.05388492222,-0.896490447185
1.05391445885,-0.897582983506
1.05543039772,-0.891658446119
1.05494045141,-0.897468349543
1.05311948368,-0.890253698409
1.05358284587,-0.895728916394
1.05448487594,-0.905090338792
1.05347999954,-0.890087936297
1.05426623724,-0.912196445226
1.05388468612,-0.896988065915
1.05391789057,-0.901637590262
1.05549859342,-0.893096677271
1.05598062913,-0.896113178728
1.05302854047,-0.89343454841
1.0539606344,-0.885821259237
1.05542629374,-0.897960487466
1.05757732055,-0.893670103687
1.05566820062,-0.890209610179
1.05575761513,-0.902807290065
1.05502419492,-0.884572149542
1.0558030051,-0.887039341101
1.05724631164,-0.889799613543
1.05549244181,-0.891006252301
1.05535780899,-0.903818040128
1.05753742073,-0.893963972059
1.05579628409,-0.890578562156
1.05548621158,-0.900866929265
1.05553727472,-0.879687440922
1.05628535593,-0.887116682336
1.05558607722,-0.894165342646
1.05810872793,-0.890221231422
1.05602046758,-0.901031738013
1.05523813426,-0.887967380864
1.05734376907,-0.911491540253
1.05727554451,-0.890447203474
1.0564866911,-0.895715566802
1.05597663508,-0.892681574222
1.05695378929,-0.890892240227
1.05683894037,-0.912699956314
1.03749538022,-0.446357122745
1.04316826755,-0.745692919631
1.04159622706,-0.736247793881
1.04187621278,-0.711023349709
1.04266929117,-0.71479725337
1.04276660741,-0.703312488284
1.04200164675,-0.693098542395
1.04287865771,-0.710051749434
1.04157987548,-0.693663142373
1.04250725195,-0.706267206241
1.0433764336,-0.730253167935
1.0422107559,-0.722041208175
1.04320140116,-0.698887038033
1.04462063946,-0.72097026093
1.04425807915,-0.734017655889
1.04401779672,-0.727595528666
1.0441862123,-0.723363266038
1.04312873519,-0.736157355994
1.04325760367,-0.73076844775
1.04564608061,-0.707958801849
1.04387954287,-0.724626672489
1.04336544366,-0.715396558226
1.04464568179,-0.726963575019
1.04438872893,-0.734850719631
1.04322466603,-0.720182382589
1.04564591194,-0.720047087329
1.0454393319,-0.721256278271
1.04344110952,-0.72367582345
1.04423893772,-0.711880645168
1.04619420466,-0.727774836814
1.04196250183,-0.698300765298
1.04384129619,-0.734346550885
1.04371212818,-0.700587636758
1.04400614939,-0.706718928108
1.04258608281,-0.716049964772
1.04455804712,-0.711854265212
1.04203160076,-0.70554681848
1.04590355278,-0.706176628906
1.04588553665,-0.707735719191
1.04282839498,-0.717308777908
1.04351643684,-0.69921923273
1.04640122327,-0.729948377003
1.04573518873,-0.704743554192
1.04582815398,-0.714367467402
1.04487666014,-0.717185924791
1.04359911704,-0.695469078228
1.04544456114,-0.706983555469
1.04670154122,-0.712785456657
1.0441783183,-0.69622891337
1.04495841783,-0.718656452181
1.04446163212,-0.699120696905
1.04583510662,-0.702153971825
1.04503049139,-0.705036887595
1.04588226211,-0.698102687469
1.0440290331,-0.696037480753
1.04478761555,-0.696363423822
1.04660477697,-0.716535570001
1.04546910918,-0.711462356208
1.04212158925,-0.708455257557
1.04337640988,-0.692398504444
1.04456660467,-0.705230374427
1.04381994603,-0.697990482424
1.04326723442,-0.689898080841
1.04352048695,-0.700123739797
1.04245556052,-0.725631989251
1.0453024241,-0.708813114113
1.04618909568,-0.710139738606
1.04221658256,-0.695593882549
1.04281377169,-0.709375704882
1.04415963783,-0.6860578191
1.04399650409,-0.70469587574
1.04409629047,-0.69646624509
1.04471027827,-0.711229886672
1.04510276132,-0.716586812766
1.04700220243,-0.705798537232
1.04796479823,-0.699953787782
1.04527586679,-0.712304644978
1.04651710678,-0.712508606098
1.04763082842,-0.697170414546
1.04851804264,-0.702852026919
1.04570579828,-0.700272509859
1.04654707057,-0.693770617104
1.04458817128,-0.697914574869
1.0456497681,-0.697094643149
1.04649051219,-0.692245109816
1.04596398821,-0.696495185611
1.04369148793,-0.698075131362
1.04743961887,-0.709780016636
1.04510223158,-0.698075549594
1.04537478988,-0.701229226685
1.04604080093,-0.704849230004
1.04608124675,-0.695305903286
1.04520950557,-0.683982636515
1.04772356555,-0.697561777911
1.04767056844,-0.685506404072
1.04535046052,-0.710241787525
1.04587920472,-0.718411449009
1.04747870553,-0.686206584269
1.04633930466,-0.689204027605
1.04710503361,-0.6989504126
1.04446909863,-0.68563558036
1.04618251386,-0.701031581015
1.04703654779,-0.68695666315
1.04678249364,-0.685761007172
1.0437317315,-0.696247033193
1.04523885107,-0.700035273293
1.04606418,-0.688813120005
1.0466569075,-0.693619954554
1.04552460976,-0.700768726845
1.04603105175,-0.703430422137
1.04403863121,-0.68281452977
1.0452919108,-0.695242671741
1.04622997715,-0.699859608036
1.04594148925,-0.695790333877
1.04486042954,-0.700452045977
1.04761201706,-0.697809655672
1.0448673121,-0.689572267113
1.04636581392,-0.685598851754
1.04757120321,-0.677527845895
1.04664557962,-0.693007155476
1.04675295561,-0.698759552296
1.04872887678,-0.687055194148
1.04873178798,-0.689415486857
1.04574287563,-0.698915875164
1.04576710204,-0.690095178574
1.04854322044,-0.683981165262
1.04689648089,-0.671847769874
1.04800701574,-0.691942448145
1.04583781905,-0.688102330583
1.04691298047,-0.687043864486
1.04751715577,-0.698440248523
1.04815586873,-0.693095495618
1.04605497495,-0.693358640816
1.04695008483,-0.688288166374
1.04834145417,-0.692079810042
1.04692132939,-0.678393392169
1.04767093631,-0.703539688907
1.04941496377,-0.68387174375
1.0468667722,-0.685296268115
1.04878816858,-0.690196810629
1.05040205927,-0.690718270825
1.05028514135,-0.700520236838
1.04700515753,-2.39369402786
1.05080151125,-0.499469190566
1.04868901867,-0.56815423985
1.05046069147,-0.635382487161
1.0491863668,-0.683103381048
1.04807544946,-0.719338639619
1.0491869172,-0.738112602491
1.05310851559,-0.734430030263
1.0523513853,-0.62215712662
1.04828008178,-0.77718337005
1.04922346974,-0.443191389882
1.0508845099,-0.512344774866
1.05047686048,-0.595253015955
1.05069488753,-0.614904788791
1.04856495594,-0.642436104766
1.04960694153,-0.659910690612
1.05022893128,-0.654736589449
1.05045995155,-0.716370713931
1.04815118854,-0.653248054704
1.05041151806,-0.65708534704
1.0506733113,-0.657835133043
1.05105611436,-0.669369690983
1.05191151575,-0.6771744701
1.05053883127,-0.658383787693
1.04872803732,-0.652685788047
1.05100888679,-0.653559050079
1.05202368062,-0.658614646865
1.05055663649,-0.658842087835
1.05022287477,-0.656865468503
1.05138404955,-0.644816348073
1.05099460157,-0.671829040528
1.05327376169,-0.681431279376
1.05302791918,-0.672192274033
1.05110857131,-0.679141580085
1.05093215922,-0.690487582739
1.0546265945,-0.678386830444
1.05125335978,-0.671728119464
1.05207351905,-0.669124878001
1.05354157015,-0.674081213038
1.05263659745,-0.659150821425
1.05250604289,-0.685662408512
1.05373890119,-0.653643502977
1.05237156395,-0.681566113777
1.0533059242,-0.655860758884
1.05353479339,-0.665827921898
1.0533185053,-0.66514550342
1.05088425134,-0.663596021115
1.05379480406,-0.670922249819
1.05360267678,-0.672028582878
1.05318524427,-0.654054222629
1.05228329451,-0.66788676676
1.05283739351,-0.677402248352
1.05212065773,-0.669218795499
1.0536829715,-0.67325347231
1.0527088272,-0.6709087049
1.05310703326,-0.667373335422
1.05350080763,-0.675944705709
1.05484630726,-0.672171612955
1.05272443771,-0.665911071762
1.05511713932,-0.67954725279
1.05391135189,-0.658685875564
1.05408162383,-0.65898922796
1.05481478424,-0.660696642558
1.0551645517,-0.655735863428
1.05436900217,-0.671584342859
1.05384645314,-0.679304303597
1.05491294524,-0.680442629937
1.0563370118,-0.684347907499
1.05468788273,-0.6674271672
1.05654794384,-0.672492969454
1.05423201295,-0.669447555495
1.05474970167,-0.662374855034
1.05701734111,-0.664272919861
1.05567834884,-0.663203568704
1.05449753572,-0.671157397935
1.05604789827,-0.66353119073
1.05546736881,-0.675434723445
1.05545676688,-0.682819165085
1.0549337664,-0.699085538517
1.05653503794,-0.677606767451
1.05384148038,-0.682395708797
1.05564050132,-0.686218691994
1.05549610381,-0.657596101371
1.05632011542,-0.700212728341
1.05529855617,-0.678459416797
1.05719085732,-0.669693474182
1.05553415979,-0.671140372085
1.05638961037,-0.683000309995
1.05612971458,-0.660869535329
1.05468240404,-0.670742980699
1.05728100742,-0.676749187868
1.0593172569,-0.667524036135
1.05631609372,-0.666760660344
1.05626083275,-0.679109934053
1.05721201128,-0.655046195287
1.05845055683,-0.660296652144
1.05786348902,-0.66564933223
1.05913923595,-0.653805794548
1.05633947395,-0.677405915232
1.05715959719,-0.671745973756
1.05913468286,-0.666617234765
1.05929482444,-0.681494461843
1.05655102683,-0.669772585029
1.05963463712,-0.670527844574
1.05961887231,-0.658746561697
1.05783165897,-0.66373994037
1.05958553052,-0.658803619248
1.05905785087,-0.673966564111
1.05647849939,-0.660000217259
1.05933223461,-0.662797993818
1.05906020725,-0.670307821349
1.0580722504,-0.659258099261
1.05781733794,-0.657036514218
1.05897778706,-0.671621203955
1.05831048925,-0.669067795831
1.0601550331,-0.677106478493
1.0592398508,-0.682180006876
1.05786501758,-0.680014781274
1.06090985215,-0.684332947771
1.06166502055,-0.665754095352
1.05801008124,-0.65131095657
1.05805692015,-0.671235408463
1.06040810411,-0.679695926278
1.06008341684,-0.682514780892
1.06097941209,-0.65307058724
1.061000702,-0.680954414057
1.05916771132,-0.671763490452
1.06194083034,-0.662961176238
1.06196967729,-0.661537092577
1.06190857781,-0.678765002147
1.0593665171,-0.661878169982
1.06278873879,-0.662038455506
1.06231506752,-0.654908246584
1.06173568899,-0.666630542549
1.06125643246,-0.677644444525
1.06125510558,-0.667859970305
1.0610082591,-0.672633098384
1.06507503246,-0.659170371683
1.06329858476,-0.673010963984
1.06168024574,-0.673834817345
1.06162733104,-0.66799926082
1.06403383064,-0.646129424637
1.06141891012,-0.655980186822
1.06350190498,-0.65472915591
1.06176089377,-0.646958888518
1.06201582762,-0.665283570767
1.06284347299,-0.672152835807
1.06487681358,-0.657708267666
1.06159949587,-0.657985725472
1.06203734236,-0.651462726187
1.06285068683,-0.658601011836
1.06418309347,-0.657077953757
1.06360143241,-0.651923911556
1.0632164175,-0.654874216991
1.06246975044,-0.665014479411
1.06488620648,-0.658113956934
1.06620188057,-0.659674657518
1.06467812526,-0.662758483916
1.06355417903,-0.666331899104
1.06637289515,-0.665166649369
1.0653697235,-0.664081073101
1.06598790131,-0.6569686986
1.07478230342,3.80503275489
1.06598653314,-0.975470656741
1.0641166473,-0.376412666959
1.06792687133,-0.382395736919
1.06594281095,-0.474575397887
1.06605775737,-0.603770272184
1.06838564005,-0.687948996384
1.06657079947,-0.701567352568
1.06583502586,-5.25322837162
1.06686133102,-0.936446106976
1.0669203077,-0.899269308857
1.0662933442,-0.81677300846
1.06782742707,-0.777602164796
1.06869352583,-0.713358277942
1.06591117236,-0.68791724833
1.06614312002,-0.654266048364
1.0669684718,-0.67256980557
1.0675501638,-0.7086123055
1.06722160502,-0.645818666252
1.06724758979,-0.661986542906
1.06480771032,-0.659674052441
1.06925781617,-0.669072889635
1.06914283533,-0.664349778212
1.06693469493,-0.663720378316
1.06698674264,-0.65854526825
1.0707681313,-0.672894605768
1.06938965923,-0.661304845776
1.06959220266,-0.641129589012
1.06868508762,-0.650143663241
1.06855771826,-0.66760331477
1.06836544249,-0.656943574457
1.07199573094,-0.677723121734
1.06848682199,-0.657482782004
1.06979029218,-0.659647488164
1.07027909514,-0.655196420909
1.06981065777,-0.660666265488
1.07083812001,-0.670246646585
1.07110515958,-0.65303437758
1.06932404418,-0.651766224398
1.06962397154,-0.685570619968
1.07164095727,-0.658183113893
1.07158402569,-0.651505465001
1.06961405005,-0.674216028171
1.06926960879,-0.663117996594
1.06926581456,-0.657785780394
1.07093682676,-0.662457739117
1.07160110396,-0.664847268883
1.07086690184,-0.674680638195
1.06946231194,-0.663925620793
1.07204725906,-0.667950965337
1.07190322772,-0.659328464483
1.07012687297,-0.660191413172
1.07131368096,-0.664481851125
1.07227587264,-0.640380409081
1.07091592928,-0.656278921237
1.07302295497,-0.668741700843
1.07150678328,-0.661186450651
1.07151457406,-0.668589139106
1.07210652457,-0.658879192252
1.07430099474,-0.662907523745
1.07240174556,-0.675523628133
1.07276389749,-0.654343127264
1.07347018208,-0.676036328813
1.07391810529,-0.67240045744
1.07332136267,-0.671703370556
1.07531261501,-0.669288698111
1.07158504108,-0.671669147524
1.0731554237,-0.681256007378
1.07390552359,-0.671149068959
1.07432987764,-0.674274058544
1.07337680474,-0.684040504825
1.07453835104,-0.650724941344
1.07344045593,-0.672635719137
1.07358917052,-0.684717968153
1.07436955145,-0.667251584534
1.07503683497,-0.679484320746
1.07321405866,-0.658497841258
1.07696423273,-0.65228039352
1.07472509519,-0.676223502327
1.07374420709,-0.677374606886
1.07340456603,-0.684525442706
1.07602786611,-0.676988006089
1.07479480343,-0.669363982902
1.07557872241,-0.661445320985
1.07441839683,-0.661764562068
1.07410412475,-0.673517109041
1.07490918684,-0.668369012706
1.07674312783,-0.665914708988
1.07432931923,-0.68299517362
1.0754953568,-0.650659491458
1.0761726454,-0.664338946001
1.07582959071,-0.671798699385
1.07621861071,-0.677704549843
1.07657320645,-0.664307159668
1.07508841722,-0.666465563808
1.07683073434,-0.666113997251
1.08450526711,-0.595411254094
1.08972389655,-0.726584216973
1.08839479141,-0.717414432767
1.09042196676,-0.712144419252
1.08835108926,-0.685791373318
1.09051634918,-0.679330973804
1.09050685665,-0.683306413563
1.08920520102,-0.690683580664
1.08859588789,-0.686506840995
1.09026500332,-0.529961231325
1.0917656793,-0.596183391356
1.08959860377,-0.582923293585
1.08971115433,-0.571342876727
1.08994834754,-0.560980866121
1.08916883844,-0.575842527437
1.09131369811,-0.568643263365
1.08949430104,-0.569801377866
1.0909419842,-0.578872052732
1.08954820036,-0.566773997355
1.09142039827,-0.578251318145
1.08908565377,-0.579816704776
1.09161910585,-0.57246805652
1.09243637898,-0.565320979854
1.08983549215,-0.585052492293
1.09155277552,-0.562930929664
1.09276025137,-0.560881543678
1.08978507167,-0.560971346419
1.09233724468,-0.546853734605
1.09201128854,-0.552680908313
1.0920279986,-0.54604917671
1.08963696732,-0.575575154688
1.09196216592,-0.562194024578
1.09157407936,-0.565308050023
1.09290164818,-0.548434318942
1.09239429529,-0.552869633257
1.08979825141,-0.547781445794
1.09031857038,-0.562730839348
1.09358919157,-0.549118066669
1.09409465508,-0.551200756431
1.09083055839,-0.544380812017
1.09219869626,-0.56972057224
1.09217556981,-0.552019160675
1.09131519163,-0.555637865418
1.09318018431,-0.540043294161
1.09148946245,-0.553442835892
1.09129909963,-0.54179119236
1.09179002157,-0.555269884199
1.0932732221,-0.560175344595
1.09091048519,-0.56668118566
1.09165148673,-0.542722178709
1.09161904845,-0.544374111584
1.091579198,-0.547592856144
1.09313476736,-0.540916139839
1.0932037981,-0.549891294343
1.089584925,-0.535584324432
1.09156304377,-0.550261889302
1.09420819091,-0.526162669412
1.09424953884,-0.54236695657
1.09225607794,-0.546694358978
1.09403925427,-0.545087832044
1.09313162012,-0.544648955541
1.09543681545,-0.539024129331
1.09511499015,-0.535068622296
1.09441068146,-0.529950662969
1.09363774247,-0.53510856852
1.09791562436,-0.526180776874
1.0952634532,-0.543464481836
1.09441164716,-0.545033172901
1.09458126513,-0.531164569494
1.0962298388,-0.528428487854
1.09601389807,-0.536439733284
1.09758399096,-0.541798014161
1.0949174118,-0.537514109229
1.09573294462,-0.524990640386
1.09779925414,-0.539476543674
1.09862637753,-0.52146695006
1.09595237834,-0.530551653075
1.09748499241,-0.515977830001
1.0981505743,-0.528789724926
1.09765314898,-0.535880085743
1.09908483936,-0.538895576351
1.0990558284,-0.536799486956
1.09742270374,-0.523920150359
1.1005070503,-0.526397760404
1.09924071174,-0.539222314129
1.0995268179,-0.529949473753
1.098229618,-0.525418085415
1.10080325399,-0.53866560623
1.09957693184,-0.520658635448
1.10110006519,-0.532583018007
1.10081881421,-0.51704769129
1.10042418099,-0.531954895849
1.10050833286,-0.525249662765
1.10303421373,-0.511587333176
1.10188881199,-0.507783980909
1.10140230399,-0.521802311435
1.1010338312,-0.528642455455
1.1020864046,-0.520590321383
1.10189377361,-0.541212215743
1.10417978885,-0.53142235002
1.10092797645,-0.524517327361
1.10240888779,-0.508881912413
1.10483385228,-0.529817474182
1.10386653884,-0.533549013845
1.10189901075,-0.527527611576
1.10472958992,-0.525998324019
1.10395328549,-0.511493544876
1.1032283835,-0.525977319723
1.10396214767,-0.525466537732
1.10461649295,-0.522600828008
1.10209775707,-0.546927592015
1.1055392967,-0.526531223776
1.10427341019,-0.542986481344
1.1042121301,-0.513194551422
1.10393826111,-0.519470324972
1.10518407203,-0.517812757197
1.10394710894,-0.528051806041
1.10719675603,-0.518970867468
1.10610164959,-0.525101214873
1.10303396831,-0.51140890906
1.10495128635,-0.522664593926
1.10734095547,-0.529646509551
1.10560609059,-0.511702315597
1.10718618534,-0.526577216645
1.10557415511,-0.519081634522
1.10672142733,-0.526350916506
1.10783566227,-0.534742620471
1.10794470756,-0.52197980249
1.1052240529,-0.517893431657
1.10680193212,-0.51929293612
1.10797693375,-0.522006904026
1.10677108452,-0.505736681628
1.10698413354,-0.531693391273
1.10823483161,-0.52752802259
1.10810684083,-0.512551060557
1.10844974366,-0.521029231324
1.10973298153,-0.516662564493
1.10729228807,-0.530768902693
1.10543555696,-0.514766142253
1.10859560325,-0.512537345547
1.10905768125,-0.525628398464
1.10875340113,-0.511835396898
1.10646130492,-3.25691485683
1.10628298973,-0.299719808485
1.10597432984,-0.37731895753
1.10965483351,-0.458584500979
1.10861683322,-0.522478474229
1.1055725567,-0.554061753574
1.10779879866,-0.592980502555
1.1087293355,-0.607863982295
1.10811397425,0.147449758445
1.10578360884,-0.511377378737
1.10784641482,-0.282584004307
1.10856436506,-0.352628527492
1.10857835902,-0.426435993753
1.10781040742,-0.452319253329
1.10624697137,-0.480280547165
1.10788208756,-0.496949427466
1.10872392102,-0.499817346574
1.10816595202,-0.525118282917
1.10671041342,-0.492205379424
1.10957962076,-0.515409173056
1.10665024914,-0.497081704993
1.1091052308,-0.495281789926
1.10866836148,-0.502972817457
1.10783574329,-0.499533210727
1.10578411988,-0.492622461169
1.11045733899,-0.514590256259
1.10803310483,-0.521227124825
1.10823057684,-0.509976815892
1.108795081,-0.508440643236
1.10922089871,-0.522687398208
1.10681224146,-0.499944466653
1.10950583298,-0.496477010568
1.10789851913,-0.510292062389
1.10727841738,-0.510469325287
1.10901197345,-0.494744172867
1.10954882941,-0.516569484062
1.1071741086,-0.5198087459
1.10782690725,-0.519974751408
1.10778965604,-0.502837126469
1.10832997495,-0.506612211604
1.10962214638,-0.512227787789
1.1085673891,-0.5085093426
1.10627699022,-0.511438924776
1.10869782662,-0.512878091316
1.10971195412,-0.503043606717
1.10870303197,-0.513881377641
1.10854480197,-0.482941923635
1.10954245606,-0.495712163552
1.10886840867,-0.499073349028
1.10933765465,-0.511062468551
1.11011706506,-0.517852858895
1.10841158704,-0.489589317045
1.10914396788,-0.5042482665
1.11236155932,-0.500527414063
1.10914913169,-0.508065004276
1.11085654609,-0.49458758832
1.11172400166,-0.489716441376
1.11176030903,-0.504824062988
1.11139814526,-0.501888611407
1.11407580429,-0.509366078918
1.11114792016,-0.489110651498
1.1105526163,-0.505923939856
1.11120600408,-0.482737670569
1.11245758803,-0.494318044005
1.11075418898,-0.498550344152
1.1108656118,-0.511040549693
1.10937115792,-0.508082912021
1.11056982193,-0.500637708265
1.11141408303,-0.503402776106
1.11135823344,-0.496796460889
1.10954746428,-0.50396187597
1.11265881253,-0.505820195827
1.11237357134,-0.507967123716
1.11053921935,-0.514775954751
1.1119225622,-0.509626023861
1.11389849827,-0.480301005406
1.11383229831,-0.509654785833
1.11554792417,-0.499132471243
1.11250045256,-0.495589881937
1.11469548813,-0.488667532145
1.11251011984,-0.506185156134
1.11548163694,-0.497381021324
1.11404956763,-0.510312251936
1.11412728282,-0.506372694044
1.11331860293,-0.49726078152
1.11226985657,-0.500999096969
1.11364613895,-0.512727200938
1.11462105321,-0.491422218726
1.11147852736,-0.500931459701
1.11024801619,-0.507222379519
1.11221913007,-0.514291244138
1.11394364864,-0.500975625057
1.11107652107,-0.493332305903
1.11098415873,-0.491032595679
1.10965242223,-0.496619467696
1.11063878277,-0.498101387366
1.11181567921,-0.520789729236
1.11337654848,-0.500310407139
1.10944866984,-0.50614032167
1.11250650166,-0.4945326364
1.11296071817,-0.49278002631
1.11193530242,-0.490074611759
1.11141938396,-0.505878479454
1.1125658753,-0.514740271331
1.11120471426,-0.483735439936
1.11242612047,-0.500552914724
1.11202494831,-0.492561618667
1.10980834287,-0.497934370892
1.11063954973,-0.501136079332
1.11322702642,-0.505905911492
1.11114607,-0.487574629659
1.1118068139,-0.503251369824
1.11056713159,-0.486573176778
1.11008296963,-0.496568193226
1.11131112081,-0.503100180523
1.11423333679,-0.502497471578
1.11022287986,-0.492832055437
1.11022003077,-0.490524662499
1.11317537257,-0.496432301177
1.11297814257,-0.499175994135
1.11089932143,-0.493473238349
1.11177132123,-0.509207163067
1.11077000933,-0.4940907536
1.11178296737,-0.511299065247
1.11335419091,-0.481673872945
1.1117037179,-0.498927647793
1.10924319015,-0.508602557279
1.11322134013,-0.518403670477
1.11262348611,-0.50359196191
1.11156893442,-0.514710002908
1.10999495959,-0.487616917631
1.11204572071,-0.496683156465
1.11264157062,-0.499980914307
1.11343964383,-0.495933813866
1.11205184608,-0.503016596653
1.11083350354,-0.493188251231
1.11291129766,-0.48601270556
1.11396307864,-0.495272525145
1.11135786615,-0.502957826008
1.11234229273,-0.498788529822
1.11211803851,-0.4952269076
1.11361543137,-0.500536359539
1.1123485557,-0.488458418041
1.11396290557,-0.477855106575
1.1105986173,-0.493317343821
1.11139736626,-0.493532906271
1.11405262392,-0.513673937747
1.11451455651,-0.501968513801
1.11257982357,-0.495910214156
1.11261094018,-0.508175385055
1.11149361162,-0.506403773009
1.1125008698,-0.498551501338
1.11485924339,-0.484323550843
1.11254346769,-0.493558101597
1.11134360543,-0.508937342105
1.11380049563,-0.499128984216
1.1130115561,-0.51024096987
1.11226866052,-0.499940499085
1.11124681732,-0.493533488099
1.11308904792,-0.506299757019
1.11136610967,-0.530215316087
1.11381453529,-0.499588779103
1.11911820686,4.23495083615
1.11189211886,-1.17659935222
1.11124693345,-0.411283042549
1.11323990141,-0.298914028664
1.1111835564,-0.352410525406
1.1123265286,-0.425756797723
1.11232391821,-0.495860843236
1.11110660554,-0.529225227241
1.11287358415,-6.30295323983
1.11475459579,-0.731341773444
1.11139315426,-0.758614400468
1.11322279214,-0.626943289441
1.11268852037,-0.567811930234
1.11367023413,-0.521317289693
1.1115832824,-0.467213290619
1.1124913829,-0.474171118317
1.11130796179,-0.483242933666
1.11297599619,-0.469249918822
1.11395959974,-0.450272299794
1.11202155853,-0.482178324755
1.11065156921,-0.479607918142
1.11433590258,-0.477599473695
1.11316578478,-0.478281820525
1.11293736697,-0.48614614925
1.11301070391,-0.502466038505
1.11372592358,-0.505126377646
1.11227999663,-0.481645079201
1.1157541385,-0.496654942562
1.11178860376,-0.497892030987
1.11122244872,-0.498339026478
1.11230973879,-0.497725108986
1.11284477202,-0.489064985939
1.11205811704,-0.507568031524
1.11228509967,-0.48302237248
1.11062915006,-0.493272591994
1.11077050313,-0.505730978318
1.11265946102,-0.495813214389
1.11167150408,-0.485943582802
1.1090827986,-0.493488045599
1.10976737671,-0.515312414716
1.11021240665,-0.485074534195
1.11019316756,-0.503989570071
1.11089439257,-0.510442573667
1.11075890709,-0.50407694246
1.11005241563,-0.518344277286
1.11175214116,-0.498950798393
1.11335583265,-0.497604541916
1.10956723991,-0.501565925181
1.10872449709,-0.502076179075
1.11283788026,-0.51506108495
1.11120311258,-0.509670703083
1.10900631621,-0.498313055476
1.11070810012,-0.504808080709
1.10951365188,-0.482542860867
1.10938038387,-0.496141958372
1.1130624575,-0.500750481819
1.10934030319,-0.494883824653
1.1074174467,-0.503704468471
1.10970327913,-0.491942995755
1.11061694286,-0.501663826155
1.10776936122,-0.514114545066
1.11033401327,-0.491586824664
1.10813081211,-0.489290826943
1.10842712361,-0.528909268091
1.10848057812,-0.499093211056
1.10741030759,-0.506787835684
1.10609007496,-0.508866482656
1.10903680283,-0.521989982679
1.10798842018,-0.518784312953
1.10591368822,-0.505711750142
1.10673703204,-0.51698340964
1.10729552239,-0.493898883507
1.10672416902,-0.511406628794
1.10834503674,-0.50676978591
1.1088425572,-0.499970727666
1.10754006529,-0.49727976631
1.1065812168,-0.513456775245
1.10936009598,-0.504406770854
1.10710324,-0.51325726693
1.10747673843,-0.496272637058
1.1078339998,-0.517698269525
1.10671807806,-0.51898982114
1.10587403328,-0.515916598839
1.10750986151,-0.524968862715
1.10457388612,-0.51759172818
1.10581715617,-0.51404038412
1.10743557978,-0.506019192995
1.1067183333,-0.528031663907
1.1045252165,-0.52047490305
1.10750799505,-0.507374770289
1.10480085382,-0.522550445206
1.10517514708,-0.518445599286
1.10574080175,-0.517910070773
1.10690238675,-0.522346390802
1.10440233156,-0.519266252168
1.10703362051,-0.518196436297
1.09025692174,-0.680195028572
1.09480533923,-0.787359138221
1.0946938961,-0.775067163728
1.09557409632,-0.719436197328
1.09316835629,-0.711103174914
1.09692801536,-0.726541039478
1.09643567804,-0.751154274281
1.09261320314,-0.747068339708
1.09395608998,-0.773053939446
1.09699320897,-0.803609677344
1.09474664726,-0.761069445948
1.0957261755,-0.766783420315
1.09447175583,-0.755026607017
1.09529352858,-0.765127134154
1.09503873381,-0.778932770393
1.09508796344,-0.772545757993
1.09257865849,-0.770020097637
1.09420115254,-0.786085160709
1.09673068131,-0.798955923866
1.09626334531,-0.783332093739
1.09449373898,-0.80619204037
1.09557425403,-0.7954097042
1.09486389369,-0.798779811353
1.09439796501,-0.813522506943
1.09682266713,-0.810063762363
1.09647534542,-0.829377655024
1.09320562964,-0.80549030558
1.09575763382,-0.805228775684
1.09619703184,-0.813604408306
1.09648082189,-0.811338007074
1.09442740921,-0.827420501078
1.0946991622,-0.809907388353
1.09508648225,-0.835378947372
1.09865400096,-0.840994383288
1.09828370613,-0.839093100955
1.096304006,-0.830459025511
1.09686128994,-0.829757901876
1.09939429561,-0.81225161862
1.09854573503,-0.831930337892
1.09905549011,-0.838157871434
1.09948624294,-0.834145014858
1.09900722079,-0.815892728846
1.10114783159,-0.836570135865
1.10229354328,-0.83104369525
1.09925413791,-0.841525016959
1.10137179568,-0.841684128341
1.10246441717,-0.83910851706
1.10385604301,-0.839303666439
1.10245023489,-0.861282524502
1.102922272,-0.861531548033
1.10015033514,-0.859420397962
1.1018303911,-0.844346817104
1.10454644172,-0.853016760872
1.10316449118,-0.844753269396
1.10207919261,-0.865949987274
1.10572046351,-0.852127974241
1.10396691662,-0.850890798517
1.10337848342,-0.851724253273
1.1026373898,-0.877951088827
1.10162799595,-0.849061595367
1.10163425193,-0.847716170674
1.10558115741,-0.849289702456
1.10242401257,-0.860989904283
1.10063762598,-0.844675670557
1.10106039079,-0.862121976918
1.10403948322,-0.837750932934
1.1018381821,-0.852252442469
1.10221107603,-0.860097977897
1.10099074568,-0.85281978083
1.10234668184,-0.865585907777
1.1025379113,-0.869938398972
1.10361947075,-0.867171300202
1.0998559278,-0.869460193741
1.10277095397,-0.875272901396
1.1035570224,-0.862889204999
1.10318992659,-0.860287473739
1.10226277992,-0.867414994417
1.10406889706,-0.870602598251
1.10217553036,-0.871488734044
1.10322205186,-0.861036522064
1.10324996673,-0.878896585468
1.10225713283,-0.871063877291
1.1013950392,-0.874257367153
1.10416730485,-0.883009032119
1.10237811948,-0.889651677747
1.10295207191,-0.878655476763
1.10280175755,-0.876202305583
1.10206076905,-0.872864296423
1.10131483935,-0.868961526956
1.1047104743,-0.882646867613
1.10177983035,-0.868204509483
1.10165351649,-0.879539056171
1.10089491289,-0.879669445515
1.10252436093,-0.872345959598
1.09959062001,-0.897379321982
1.10154319512,-0.884115259055
1.09951305125,-0.88661638252
1.1012653057,-0.87432276701
1.1001814456,-0.882672037937
1.1003159257,-0.867263669278
1.09810494029,-0.879326072508
1.09996696985,-0.880484305453
1.10043765199,-0.886167118604
1.09876549801,-0.888641385172
1.09811044627,-0.866622603902
1.10042617365,-0.892094041428
1.09733474918,-0.894073316105
1.09863832397,-0.882133071602
1.09783322819,-0.873248916783
1.09743605018,-0.897632371756
1.09566358807,-0.89664257997
1.09749439255,-0.886062790593
1.09647282997,-0.905871602757
1.09687801291,-0.885380056313
1.09581952941,-0.882055126567
1.09511752534,-0.885167260837
1.09428067394,-0.875146142526
1.09718979226,-0.883001601942
1.09393838508,-0.889236851858
1.09335324064,-0.876987764005
1.09425080502,-0.901344882717
1.09575080144,-0.886243055867
1.0931185645,-0.873018937
1.09415375769,-0.865833990467
1.09129486204,-0.874162378039
1.09287416955,-0.889983898231
1.09402862662,-0.887041036931
1.09377480427,-0.901523329147
1.09069557795,-0.885591669698
1.09361529498,-0.898171728544
1.09458745196,-0.910259902714
1.09303671878,-0.875144561641
1.09272350482,-0.906385875223
1.09189940746,-0.891829872088
1.08978142389,-0.891803994664
1.09228778631,-0.884461774263
1.09321188983,-0.885191852843
1.09265223738,-0.892324558771
1.09096814674,-0.892735239228
1.09173149008,-0.902044284383
1.0905937231,-0.894178941501
1.09289256128,-0.89200488623
1.09251320028,-4.36598453667
1.09189615758,-0.99940796211
1.09235552316,-0.849792598499
1.0955399432,-0.835622549563
1.09024305,-0.890598735943
1.09011655943,-0.918703333743
1.09222860021,-0.948037959545
1.09255738514,-0.950730320761
1.09351818955,0.185943515152
1.09340104597,-0.767806941513
1.08888294861,-0.610074122994
1.08988038761,-0.705448144615
1.09316528995,-0.804568372902
1.09316988543,-0.841770037678
1.08853019256,-0.851289576457
1.09173369497,-0.86818708694
1.09115058249,-0.875984338226
1.09089211049,-0.879202882389
1.09072292188,-0.915183478416
1.09036382913,-0.877422447471
1.08939524637,-0.890139039573
1.09032527532,-0.881241375812
1.0903595694,-0.883302634897
1.08923674466,-0.881093129031
1.09068334494,-0.898908785794
1.09225663643,-0.878409877059
1.09016684492,-0.887064159827
1.09152627858,-0.900337936114
1.0900011887,-0.887430525549
1.09036318469,-0.877750395769
1.09125661397,-0.885736673287
1.09363295791,-0.891331072527
1.08988610963,-0.879545252962
1.08959240659,-0.899795675447
1.09143689908,-0.874366845179
1.09257986613,-0.884429743738
1.09074525555,-0.906561487265
1.0925075948,-0.872114542392
1.08990709534,-0.899469262435
1.09114160982,-0.897579091
1.09274277611,-0.890700453308
1.09077307134,-0.900929352949
1.08963576758,-0.902968128106
1.09409228649,-0.886156851788
1.09317512559,-0.911630433618
1.09107537083,-0.893409426983
1.09051555112,-0.899029533638
1.09224976851,-0.905293539969
1.08919546931,-0.87072610866
1.09293770319,-0.899667832421
1.0916076905,-0.895324436425
1.09053300785,-0.894650337325
1.09085673788,-0.901143812857
1.08979338718,-0.900191218594
1.08938772743,-0.902276450096
1.09142308439,-0.902186643745
1.08971440403,-0.888957676505
1.08899612444,-0.900264996062
1.09051127456,-0.887497382077
1.09416834932,-0.895907023754
1.08990661964,-0.89555129927
1.09086428716,-0.892506213199
1.0910690496,-0.901814483043
1.090942208,-0.894024937964
1.09156706855,-0.901354932066
1.09168813377,-0.89461321451
1.09024982361,-0.891654613004
1.09181166513,-0.897741759005
1.09228533685,-0.899758959349
1.08979323186,-0.912898214242
1.08936964555,-0.895275048617
1.09279393405,-0.902728503154
1.09331791406,-0.914313870751
1.09144598246,-0.912994785193
1.09104038735,-0.9085091625
1.0907195804,-0.89971973571
1.08859496011,-0.903151540754
1.09278045567,-0.913213362333
1.09152148782,-0.914342472289
1.08998538605,-0.901820630551
1.08899018775,-0.908040958272
1.08997107969,-0.89151325202
1.08965498005,-0.907335830214
1.09177381816,-0.918253656976
1.09125299301,-0.935945303461
1.08882883654,-0.898523622668
1.0915605488,-0.928351630384
1.09284521745,-0.905160947044
1.0895660542,-0.917808752558
1.08894387126,-0.889560489561
1.09122045167,-0.918554466425
1.09154307516,-0.901769396801
1.09150630365,-0.922615928799
1.09142821222,-0.906645903198
1.08912076549,-0.895954384423
1.09289847579,-0.895029379657
1.09203174458,-0.894286107847
1.09159690098,-0.899906231485
1.08986505352,-0.91804818996
1.09268302126,-0.89701827857
1.09193333897,-0.904952360327
1.09267788438,-0.898049585332
1.09215403672,-0.917588872238
1.09107630727,-0.906047371903
1.09059053304,-0.893957498875
1.0945871418,-0.902007696993
1.09234257888,-0.921914445108
1.09195030193,-0.915992312824
1.09334427269,-0.923720297039
1.09515938397,-0.90495848634
1.09212214665,-0.91009843299
1.0938224617,-0.914435802503
1.092203986,-0.907666257716
1.09333590369,-0.911662706605
1.09567678717,-0.907773064836
1.09541824519,-0.905257448735
1.09309006993,-0.912517395119
1.09507107922,-0.918263271088
1.09480246117,-0.893753942717
1.0948417289,-0.89940944366
1.09440024977,-0.896989478992
1.0956831376,-0.909602895094
1.09323626193,-0.891203226356
1.09608709924,-0.890475014353
1.09640229583,-0.895433305536
1.09383128601,-0.902228369287
1.09324192333,-0.902004546034
1.09666381749,-0.912205652036
1.09644569679,-0.911118424887
1.09621596693,-0.909652007985
1.09625440777,-0.902672163354
1.09508216647,-0.903202587184
1.09478623982,-0.901078408789
1.09683433156,-0.901378179954
1.09379388884,-0.893070738573
1.09372799843,-0.883810832103
1.09589254786,-0.906201904189
1.09654632364,-0.892849222211
1.09478360502,-0.922813261239
1.09683471833,-0.900226658796
1.0939424919,-0.910406327572
1.09475387623,-0.9193135193
1.0947039076,-0.902280109106
1.09611462283,-0.907896997755
1.09271949712,-0.915232014204
1.09340728405,-0.905554718449
1.09328244671,-0.909882292476
1.09349863414,-0.91695270344
1.0932570275,-0.903370822799
1.09395998906,-0.916478281993
1.09206657807,-0.915097467988
1.09438823341,-0.900219442532
1.09452530772,-0.911786437391
1.09214644107,-0.925807931996
1.09278709709,-0.906043292727
1.09717393512,-0.900176043615
1.09352285978,-0.915480059183
1.09592082969,-0.915808060102
1.09358491444,-0.897403564679
1.09432282194,-0.911296991499
1.09420171606,-0.89976502686
1.09648371179,-0.889222712781
1.10062244037,3.6981016345
1.09399075356,-1.43681116198
1.09467274335,-0.797606080402
1.09409181901,-0.622538061508
1.09340320302,-0.697269230499
1.09563131069,-0.791964431941
1.09168194099,-0.851060237841
1.09238903226,-0.901665691975
1.095355639,-7.24693300357
1.09376579947,-0.769252903071
1.08994557584,-0.982131870843
1.09221488809,-1.01060390793
1.0924099024,-0.97373474979
1.09257432299,-0.941128435892
1.09125216461,-0.901466447888
1.09066568454,-0.888736065317
1.08998511437,-0.903983913335
1.09348010616,-0.968635052857
1.09318230161,-0.893285025712
1.08958311499,-0.900320506915
1.09033822851,-0.904607509068
1.09242643006,-0.902444033315
1.08977663781,-0.895462443457
1.0916918064,-0.897533193427
1.08992898587,-0.892421531527
1.08905778484,-0.8870033699
1.08961844193,-0.895539406735
1.0911882698,-0.87380314593
1.08777706602,-0.87994152079
1.08909167409,-0.885051428934
1.08873415203,-0.89938265936
1.08754662609,-0.893379380286
1.08678660196,-0.89608864986
1.08877556085,-0.901890016045
1.08591416182,-0.908381119395
1.08725512596,-0.902128165859
1.08746006062,-0.890221068926
1.08598968169,-0.911313717442
1.08274238796,-0.896266065189
1.08676548303,-0.911545141385
1.08674091803,-0.912752068293
1.08660626489,-0.909630544143
1.086033104,-0.911106545635
1.08530896125,-0.918540388738
1.08355549342,-0.901162294171
1.08644089427,-0.892749046115
1.08607446392,-0.905133998982
1.08549098672,-0.910305155418
1.08432461616,-0.91360450526
1.08689953608,-0.90384937143
1.08512809176,-0.904118809547
1.08729535098,-0.891391137543
1.08528267359,-0.926615774491
1.08600249705,-0.904200089705
1.08731982734,-0.913163914177
1.09019125673,-0.901268718443
1.08582661768,-0.916910252282
1.08781557941,-0.900840091988
1.08887752165,-0.90594950438
1.08887431145,-0.912000039844
1.08925815334,-0.919332614784
1.09013436089,-0.9170655613
1.08833063936,-0.922604634458
1.08951354454,-0.9070837848
1.09051939023,-0.900254513911
1.08955590714,-0.913645476222
1.08815952536,-0.937104709491
1.0907414247,-0.910343266564
1.08885427495,-0.892104711463
1.09150275385,-0.926526732476
1.09172632668,-0.934736494259
1.08984028242,-0.927236117802
1.08852530656,-0.925839238347
1.09326772067,-0.922101157545
1.09087845515,-0.917831776569
1.08883411882,-0.914787481833
1.09060122221,-0.90673444752
1.09258536225,-0.913938968975
1.08962089685,-0.926408773165
1.09081131834,-0.903850373817
1.08990842035,-0.923615962075
1.09003528199,-0.902838159135
1.09153203478,-0.909264716336
1.09273247388,-0.906313744518
1.09019916211,-0.919384408305
1.09211788882,-0.918015441177
1.0917307649,-0.920758118832
1.08937999475,-0.910196651063
1.09071313994,-0.898953113227
1.09366194803,-0.905192858997
1.08913231158,-0.902978991144
1.09120160107,-0.905417836431
1.09129504689,-0.901830590194
1.09134219236,-0.920608234948
1.09016011524,-0.895273455124
1.09232770169,-0.882107531434
1.10541017623,-0.698501867192
1.11133558337,-0.849662701663
1.11180895591,-0.781945850688
1.11117292813,-0.820359170453
1.11076940379,-0.801518084145
1.11380004114,-0.839383737287
1.11121048094,-0.826333386303
1.11066757902,-0.855651903379
1.11285016927,-0.86523439187
1.11487407916,-0.876347991924
1.11157894196,-0.843922658609
1.11304989208,-0.845989262311
1.11005295563,-0.838225804182
1.11070019772,-0.832764032567
1.11257613406,-0.857845283367
1.11273576864,-0.864735753912
1.11059357643,-0.883255888617
1.11027026987,-0.87580430589
1.11041943246,-0.876050109032
1.11022819495,-0.873532450717
1.11175433777,-0.888430780818
1.11166122851,-0.879051513299
1.10760495242,-0.887893232258
1.11064852379,-0.895081197681
1.11253700937,-0.903749289193
1.1108293859,-0.895910190551
1.10987885281,-0.913558236898
1.11104549909,-0.902392554442
1.10955792278,-0.90910786456
1.11212607156,-0.912438031398
1.1112923628,-0.905486427057
1.10986821177,-0.906871055451
1.10993617118,-0.922075476247
1.11344735618,-0.904538218579
1.11112497763,-0.924790054106
1.11089988769,-0.926426251244
1.11195187145,-0.90904726993
1.11293995099,-0.91459639235
1.11129566018,-0.943749091953
1.11433891664,-0.919729960956
1.11063391113,-0.92960594346
1.11236715771,-0.896698395511
1.11391528274,-0.939946402529
1.11448727659,-0.909024421701
1.11183442197,-0.9269454007
1.11459769867,-0.916036599089
1.11416385131,-0.929757111124
1.11418311817,-0.930413972269
1.113684208,-0.930812742017
1.11281120498,-0.935830419613
1.11064399871,-0.935120388582
1.114473155,-0.917751301746
1.11317090856,-0.926614373928
1.1106633024,-0.927542861787
1.11115691506,-0.942049955772
1.11210624228,-0.925586558649
1.1102574413,-0.941068176565
1.11358991989,-0.945715235037
1.112326289,-0.942907115691
1.11034875253,-0.948057137921
1.11150897977,-0.937937785923
1.11283064938,-0.9298183645
1.11061106774,-0.953156245186
1.1110167473,-0.934013337392
1.11221420459,-0.935002438575
1.11163322634,-0.937991661457
1.11111122929,-0.952878563336
1.11259485456,-0.938271369054
1.10952736622,-0.94044928682
1.11090281839,-0.952771296489
1.1138798366,-0.960270471397
1.11157593069,-0.941794730207
1.10802194833,-0.935489979501
1.11235852548,-0.95873537344
1.11083788426,-0.958594326686
1.11073097143,-0.939207728404
1.10867866816,-0.975781617166
1.10926020136,-0.958878014957
1.10560969274,-0.961695399837
1.10855147469,-0.95496249176
1.10940737776,-0.971747653211
1.10800819182,-0.934279078402
1.10889010657,-0.962783051364
1.10899227932,-0.948321182457
1.10639229867,-0.961792532888
1.10943115412,-0.942277328239
1.10936166366,-0.953674678517
1.10804283279,-0.959154212339
1.10847378053,-0.963021283359
1.1115666745,-0.954461513674
1.10742083672,-0.965234210366
1.10863375524,-0.957446227702
1.10907531067,-0.961033225075
1.11100193982,-0.962948836229
1.10972671982,-0.970694467181
1.11116460713,-0.960316121777
1.10851318984,-0.956621897945
1.11080684908,-0.955935124264
1.11153434734,-0.961267635217
1.11058949164,-0.948918735047
1.10999545253,-0.972622956245
1.11169731505,-0.964777146156
1.11127897808,-0.98075789897
1.11195044881,-0.974538073102
1.11240042371,-0.990594207751
1.11223809239,-0.971060792238
1.10940326982,-0.972279620137
1.1126872036,-0.950589275668
1.11261209124,-0.981493780545
1.1108374111,-0.951727795126
1.11118164687,-0.959307755494
1.11326679102,-0.984398079229
1.111350829,-0.980828514719
1.11361678528,-0.972175039893
1.1131762986,-0.970138443472
1.11192931204,-0.960447188157
1.11294432441,-0.968041421649
1.11553939752,-0.964926434361
1.11095915808,-0.972941642893
1.11109733697,-0.990342312551
1.11240788469,-0.990124923097
1.11359241075,-0.972093264283
1.11417825914,-0.983997310898
1.11451800781,-0.976035103202
1.11037594629,-0.981629755364
1.11343586823,-0.972966235558
1.11562187784,-0.983166837649
1.11360400656,-0.976906091654
1.11264895175,-0.967488778609
1.11516572517,-0.970908652783
1.1138577822,-0.969539001464
1.11400850109,-0.970817543024
1.11543816711,-0.993234543537
1.11418305119,-0.977740429314
1.11350158703,-0.984670377113
1.11691615124,-0.974456002567
1.11535526889,-0.965381092653
1.11343899879,-0.994763090999
1.1144072233,-0.969699161212
1.11521233659,-0.949680810175
1.11376460828,-0.970977011606
1.1171996582,-0.965543853322
1.11375511189,-4.13082851106
1.1136824432,-1.01269631622
1.11575666746,-0.93964155775
1.11835566893,-0.94347294491
1.11493616099,-0.97654065125
1.11505421239,-0.99333074753
1.11519739303,-1.01711307171
1.11532093857,-1.01581958877
1.12135686357,1.4521277243
1.11700869935,-0.876888556699
1.11434161927,-0.753143259514
1.11763730782,-0.791673350149
1.11758130384,-0.852877238386
1.11643938846,-0.888684249374
1.11631670017,-0.936563059413
1.11927657122,-0.925784899447
1.11800229712,-0.955239093201
1.11783305122,-0.922701267039
1.1188097051,-0.96242720552
1.11713586564,-0.975290424606
1.11704111395,-0.977862302032
1.12011649371,-0.968943800876
1.11713287927,-0.954141618363
1.11753416218,-0.974153221322
1.11813639774,-0.972789149745
1.11833232158,-0.959911493019
1.11714593562,-0.965336659083
1.11993605137,-0.966032963318
1.1173634714,-0.980200754912
1.11648471125,-0.96628039658
1.11740873355,-0.970012525873
1.11907566792,-0.962953856605
1.11581392069,-0.99877429214
1.11736282568,-0.962261703831
1.11698900825,-0.982071892271
1.11642189094,-0.967250109654
1.11604398778,-0.988574525465
1.11678116606,-0.998833456116
1.11363194145,-0.998437130862
1.11740483758,-0.963582941815
1.11735543146,-0.982819861966
1.11503149615,-0.987430890001
1.11483364147,-0.978445142825
1.11849418659,-0.974755651929
1.115313682,-0.99223576955
1.11758653573,-0.969191936379
1.11783413027,-0.982050141866
1.11589451042,-0.958970751417
1.11583759526,-0.975156507397
1.11922636125,-0.970096741083
1.11652570954,-0.966337066121
1.11706328095,-0.970966393575
1.11807469669,-0.984494132846
1.1164077943,-0.964657954083
1.11625534762,-0.976003890332
1.12019401574,-0.97664961034
1.11717782774,-1.00033869228
1.11705208507,-0.991697091463
1.11804757419,-0.975776896486
1.1186881611,-0.984129316111
1.11480778751,-0.98833637548
1.11692445075,-0.968420198349
1.11718995126,-0.976722875928
1.1182427145,-0.989932228019
1.11764711489,-0.984104867074
1.11648779231,-0.977992393774
1.11430071064,-0.98955225944
1.11812070905,-0.984228263792
1.11918209104,-0.965514590876
1.11831193689,-0.987252661731
1.11643458478,-0.976288645937
1.1168326147,-0.963171192926
1.11501858337,-0.970982029925
1.11777531105,-0.976915985214
1.11669254492,-0.999251884413
1.11565645765,-0.983446017864
1.11628936362,-1.00338621475
1.1187547451,-0.996561334797
1.11677491235,-0.980523073789
1.11626812413,-0.983575416281
1.11678052456,-0.994809185545
1.11703755909,-0.990384128728
1.1158184372,-0.992652091034
1.11974265578,-0.993680671612
1.11482505181,-0.995225872409
1.11572989905,-0.987073244484
1.11728585185,-0.987974660307
1.11613197139,-0.976946943418
1.11553906547,-1.00243347706
1.11732564912,-0.988001172844
1.11598202496,-1.01172089307
1.11713038992,-0.982446462847
1.11701136968,-0.989425131915
1.11546475826,-0.994551423287
1.11270144469,-0.994371819838
1.11627966421,-0.987792858183
1.11623251545,-0.995710175269
1.11493722581,-0.98777329603
1.11496081977,-0.999721158325
1.11463685116,-0.969257947091
1.11480160165,-0.995101079181
1.11528211696,-0.974679121094
1.11363205546,-0.988113338489
1.11383167565,-0.99680522515
1.1152329592,-0.985333744057
1.11772670411,-0.976622123564
1.11384566471,-0.999171372883
1.11468617322,-0.994327871697
1.11510911532,-0.982688573282
1.11600333888,-0.968866682363
1.11594869628,-0.98831455077
1.11837859215,-0.999033263103
1.11466223742,-0.986168936216
1.11606819578,-0.9806274
1.11770324019,-0.989766545265
1.11672285482,-0.979553025178
1.11442502026,-0.990934143794
1.11789917585,-0.990827108971
1.11670409858,-0.980788351907
1.11803896579,-0.983545905861
1.11927682357,-0.990018321165
1.11740211514,-0.986532030577
1.11555993895,-0.998622825678
1.11991870966,-0.986678374547
1.11842380714,-0.994343414061
1.11736725045,-0.969327087242
1.11770551079,-0.987519232017
1.11973897051,-0.987362325606
1.11797224537,-0.982134475045
1.118747155,-0.985121791874
1.11700431944,-0.98180180558
1.11662081268,-0.991329010191
1.11940880306,-0.986657901681
1.1207855557,-0.983122452459
1.11712633742,-0.989208113317
1.11964447986,-0.98971345443
1.11799072078,-0.980493739182
1.11809519101,-0.98380879692
1.11866936343,-0.977557365272
1.1228764544,-0.97933219862
1.1188812219,-1.0025088293
1.12223841415,-0.995667837083
1.12070572229,-0.972744107345
1.120666332,-0.987864589502
1.11964897017,-0.983347603953
1.1207980354,-0.979752439616
1.12089411963,-1.00332576413
1.12197850539,-0.996190494614
1.12254093781,-0.993191205571
1.1202318444,-0.996712533589
1.11975508816,-0.984844765056
1.12361164407,-0.996473968774
1.12322778736,-0.994324820199
1.12150376436,-0.99341244087
1.1226723637,-0.978055733011
1.12271950209,-0.99000907659
1.12104257302,-0.990047861884
1.12330688947,-0.99368461633
1.12182487356,-0.995944239582
1.12144311568,-0.991558294312
1.12279719439,-0.984618448249
1.12432476241,-1.00313625421
1.13037207101,3.95389897625
1.12411152465,-1.6407755644
1.1235273238,-0.96719552935
1.12345075457,-0.75209745409
1.12452936115,-0.813934757734
1.12637705336,-0.88868946143
1.1223198959,-0.953659459727
1.12583497704,-1.00068523089
1.12662754638,-6.92175872355
1.1262164518,-0.927113356478
1.12491147318,-1.07466505312
1.12635034206,-1.09308023879
1.12623110609,-1.06744792412
1.12917205204,-1.02431165605
1.13115301565,-0.994027675866
1.12754886605,-0.992160260577
1.12620030902,-0.992401008782
1.13132022901,-1.07660363247
1.13018734343,-0.985603264633
1.12982344242,-0.962798708104
1.12950729136,-0.97749986936
1.13105592212,-0.978684723035
1.12963359751,-0.972129972344
1.13355832649,-0.978263477702
1.1304069627,-1.00463685629
1.13112482811,-1.00230116968
1.13328286621,-0.989507090856
1.13459129051,-0.996578358477
1.13029900285,-0.986854976119
1.13246547317,-0.990796652204
1.1326408005,-0.990530692862
1.13428710337,-0.983454913175
1.13462500028,-0.985589625678
1.1352384417,-0.973353803885
1.13344023615,-1.00285502966
1.13554304949,-0.991414341749
1.13654222582,-0.996789228812
1.13768654531,-1.00145227088
1.13643371273,-0.993824309491
1.13812507017,-0.998385815497
1.13623049008,-0.995858860027
1.13953301029,-0.989172213456
1.14126080485,-1.0049630112
1.14002374574,-0.992979620937
1.14064282002,-1.00395559682
1.14238795201,-1.00291735069
1.14259843807,-1.01130655633
1.14097440405,-1.00833361326
1.14260956567,-0.998766610338
1.14411158755,-0.985907549242
1.1433259997,-0.99348710311
1.14620969439,-0.981961199594
1.14283580695,-0.991790564119
1.1455489513,-0.990010975372
1.14838202508,-0.998146751854
1.14897398199,-1.0011490549
1.14616735872,-1.00401037462
1.14984249421,-1.00292668963
1.14979166845,-1.00401088266
1.1502994738,-0.997671057823
1.15068752073,-1.00346637573
1.15272471804,-0.994270018891
1.14977732118,-1.00710703657
1.15236847855,-1.00708042715
1.15315080928,-0.987436077336
1.15390956459,-1.02913885307
1.15346729064,-1.02045998843
1.15615364842,-0.988750222837
1.15409437693,-1.01260178966
1.15765071744,-1.01154872858
1.15800466791,-1.01465782769
1.15599325095,-0.998046782594
1.15858568963,-0.995903752277
1.16311579389,-1.00169254967
1.16103713563,-1.01479644488
1.16175726611,-1.01752228935
1.16223596637,-1.00126674139
1.16341394344,-1.02402261551
1.16341416384,-1.00438168477
1.16727587538,-1.00649864435
1.16550329402,-1.00308190135
1.1654317781,-1.0110062863
1.1685801908,-1.00488323624
1.16826980429,-0.99849414419
1.16612923925,-1.00371157726
1.17091786736,-0.992397671594
1.16997660994,-0.988363433407
1.17048371145,-0.998983635475
1.17250729818,-1.01513965265
1.1728097066,-0.988023853618
1.17016732456,-0.998376247067
1.17353136341,-0.997360037645
1.1742768549,-1.01208815292
1.17395696764,-1.01791654086
1.17532533258,-0.960187588491
1.17552049928,-0.987692804397
