1.09056433099,-2.00358274416
1.1123211117,-3.49532880467
1.11821890785,-3.53641477856
1.11957686273,-3.66756269173
1.11804731317,-3.52338345564
1.11680549265,-3.47730322174
1.11956969657,-3.31872257506
1.11740138527,-3.48146747273
1.12033958242,-3.44424590924
1.11853984404,-3.04560403851
1.11818633305,-3.14686877481
1.11943999295,-3.1681922618
1.12021841326,-3.07449385897
1.11620844354,-3.10110128966
1.11751412267,-3.11054458645
1.11650235326,-3.071943813
1.11479895086,-3.04292535846
1.11472116446,-3.03936315043
1.11678442023,-3.07520409773
1.11293824364,-3.03038054262
1.11556410806,-3.08013808771
1.11631574462,-3.08221647984
1.11608979524,-3.08061802072
1.11524505259,-3.03739770262
1.11588962982,-3.03347046926
1.11415354041,-3.0440720373
1.11592022039,-3.04008947631
1.11783801777,-3.01837677447
1.11511495518,-2.97426357633
1.11368865131,-3.01532114326
1.11724753944,-3.0050172327
1.11477979886,-2.96971756543
1.11255363705,-2.9970440823
1.11249543064,-2.95715910583
1.11214340145,-2.99985699197
1.11112373503,-2.99868958502
1.1122686594,-2.9876878161
1.10807678053,-2.94389603164
1.10726560259,-2.95764470249
1.10930821439,-2.93978867171
1.11099280192,-2.94942643139
1.10755167303,-2.94991860016
1.10956009291,-2.95411810278
1.10862240462,-2.92571236579
1.10908003698,-2.93789054467
1.11024123625,-2.92714188851
1.10990876884,-2.93335245527
1.10907077328,-2.94254298741
1.11072134998,-2.94020275302
1.1129910753,-2.95700600805
1.1104492921,-2.94450182618
1.10949850315,-2.88341198668
1.11266116003,-2.98139251176
1.1104075929,-2.92024521478
1.11182546193,-2.89831985992
1.11177186397,-2.89108936878
1.11102144369,-2.86952560527
1.11049612635,-2.88447254523
1.11527690705,-2.91468601005
1.11227583851,-2.92888134432
1.11171112972,-2.91757976308
1.11272467818,-2.90705175974
1.11266461844,-2.86302244551
1.11181702098,-2.879013149
1.11651489852,-2.91832502219
1.11128490535,-2.86792596773
1.11081092112,-2.84703851462
1.11393660935,-2.86439671006
1.11608518431,-2.91021383221
1.11281168108,-2.91455190666
1.11430027346,-2.88631985007
1.11421551794,-2.8480763084
1.11419566859,-2.89338630386
1.11399519678,-2.85707624578
1.11442468024,-2.86149569428
1.11295950394,-2.89312826269
1.11591727963,-2.87625322593
1.11494686747,-2.86142169116
1.11288674448,-2.83205920685
1.11356762835,-2.86543281021
1.11554127682,-2.89186040061
1.11226299286,-2.87110583886
1.11453524904,-2.8757617041
1.11585644433,-2.88712704791
1.11377401536,-2.8807417071
1.11348945131,-2.83663331358
1.11571642112,-2.87414667411
1.11366153217,-2.82520012041
1.11469257441,-2.83203493601
1.1138815882,-2.8569280608
1.11425092367,-2.8463838616
1.11524385824,-2.80719161267
1.11747048043,-2.81719791971
1.11511320755,-2.83676757403
1.11470599812,-2.81628809586
1.11726557336,-2.82716945811
1.11830189584,-2.83769501862
1.11425237481,-2.82686777034
1.11623060467,-2.82677494165
1.11457466372,-2.7967785554
1.11481267073,-2.88704403293
1.11460307704,-2.80423834043
1.11322798496,-2.81380367017
1.11078879893,-2.85808995451
1.11420545034,-2.83358454348
1.11348544429,-2.84529505244
1.11239109735,-2.84493110747
1.11177832724,-2.80463408061
1.11322160299,-2.83148562481
1.11216621189,-2.84717477634
1.11526478045,-2.82988650182
1.11531186579,-2.81205244084
1.11249523393,-2.80612467634
1.11262858867,-2.81465006843
1.11585363542,-2.78751658147
1.11304520992,-2.80944797712
1.11290688345,-2.83049289627
1.11121428973,-2.79671986781
1.1115783424,-2.86639032939
1.11245664465,-2.8448393429
1.11364701851,-2.8080912771
1.11065535714,-2.81584615642
1.11107975032,-2.77777530299
1.1131349563,-2.77792695698
1.11258010036,-2.80287914852
1.11031685759,-2.78765452396
1.11196157969,-2.80021524994
1.11212693124,-2.82013562629
1.11214666022,-2.78617138892
1.11256392241,-2.77785794063
1.11242661096,-2.82479818479
1.10844465048,-2.76420450053
1.11261390016,-2.7881634936
1.11267005403,-2.81332658271
1.11139015638,-2.81063024438
1.11036840532,-2.79090783361
1.11106016538,-2.8187714497
1.10909714991,-2.80215580538
1.11115332853,-2.79735340829
1.10951237897,-2.80220610756
1.10838502331,-2.80364931033
1.10897755417,-2.77578506098
1.11564521895,-43.7690681283
1.10873174839,-4.97875746645
1.10857363338,-3.49950026004
1.10970820079,-3.09558054032
1.10959097397,-3.00731735588
1.10835495984,-2.91759906066
1.11041112983,-2.90306330249
1.10623408156,-2.88775775754
1.19867165724,18.0573361098
1.10780943398,-0.922089474162
1.11011165039,-1.89274778
1.10682685297,-2.39090147979
1.10735240627,-2.50802351116
1.10664295145,-2.60629488706
1.10728445434,-2.68554405754
1.10813569587,-2.71046129755
1.10680498165,-2.72096777295
1.10373058055,-2.46216391228
1.10722996998,-2.56958231972
1.10692661318,-2.63784059908
1.10636851106,-2.70367427707
1.10855568696,-2.70305909826
1.10925471076,-2.75214887401
1.106145482,-2.75439021968
1.1068886243,-2.68323727855
1.10719348981,-2.74977905686
1.10597704546,-2.74515951229
1.10552997264,-2.71455585997
1.10710615265,-2.7448522629
1.10460417699,-2.75228692968
1.10566318022,-2.75863831449
1.10351074356,-2.72386039932
1.10367943679,-2.78612746318
1.10493104779,-2.76969952256
1.10761306016,-2.74076305719
1.10334562775,-2.74308761792
1.10389806745,-2.74512168283
1.10705735113,-2.77048770269
1.10631858105,-2.78462109201
1.10485023267,-2.72294219653
1.10757334028,-2.74683302878
1.10504606535,-2.71965874948
1.10601824493,-2.73644108737
1.10738507086,-2.77836917915
1.10618749262,-2.72703538959
1.10585991944,-2.72122971326
1.10858825509,-2.75116478135
1.10516331437,-2.70947195899
1.1033413199,-2.73290784519
1.10597588042,-2.74079904404
1.10495451703,-2.74692168798
1.10243828389,-2.7691912006
1.10475434247,-2.71114132247
1.10233141132,-2.71652820466
1.10087401766,-2.75594901282
1.10233613795,-2.77653453278
1.10389119189,-2.708058668
1.1018342802,-2.77115415248
1.10249117081,-2.75699622118
1.09999578595,-2.69966714102
1.10073730008,-2.74669419191
1.10270076982,-2.75226611607
1.10326726694,-2.74082188601
1.09961876064,-2.7255666101
1.1022007368,-2.75727250513
1.10357941125,-2.7462314413
1.10361901659,-2.74698345547
1.10166612325,-2.75309992646
1.10294486844,-2.72935492782
1.10039933832,-2.75935318574
1.10353127009,-2.76212541999
1.10394032988,-2.77455779696
1.10180049012,-2.780768977
1.10101526152,-2.76320146411
1.10429969968,-2.73193158084
1.10214579817,-2.73460959207
1.10298537252,-2.74816394411
1.10321101242,-2.76060279335
1.10178536398,-2.7238394637
1.10176185833,-2.74263288854
1.10506852401,-2.76263821225
1.10174232271,-2.73640747886
1.10013032254,-2.73827499077
1.10226708138,-2.73412194365
1.10338034591,-2.73256360272
1.10108654376,-2.74812845657
1.10236945879,-2.75286363042
1.10110139009,-2.74379084496
1.10174406394,-2.75556586361
1.10231645857,-2.72332986885
1.10211906007,-2.72703813563
1.0988085461,-2.73540807964
1.1024779296,-2.72025219797
1.1028458159,-2.72126643204
1.10240621217,-2.73599035321
1.10108790042,-2.73053854147
1.10137597061,-2.73883983323
1.10048669781,-2.72528014293
1.10253592827,-2.75994912833
1.10251950098,-2.73989402948
1.1005957121,-2.73509964223
1.10115541177,-2.69984906875
1.10468758949,-2.75168407354
1.10269238325,-2.71951431566
1.10345723083,-2.76613678022
1.10398315543,-2.73860866111
1.104588008,-2.72899413532
1.10301716097,-2.71891636589
1.10576475126,-2.69755043251
1.10229948277,-2.72663024586
1.10214237636,-2.69642066579
1.10475842464,-2.719644327
1.10298724807,-2.70102483988
1.1009813855,-2.72369451865
1.10293513898,-2.73037443418
1.10138763199,-2.69578062434
1.10200299018,-2.74205286004
1.10368398319,-2.71666830466
1.10325642944,-2.73511888724
1.09851239055,-2.73067086243
1.10221537438,-2.72236147171
1.10233346679,-2.73021484071
1.10357949851,-2.79325654869
1.1016017504,-2.7500931117
1.10183845297,-2.73140610094
1.10034877144,-2.7247957603
1.10349896681,-2.74364559603
1.10073364369,-2.70073331616
1.10147798209,-2.7626089344
1.10192542743,-2.76120056062
1.10532606193,-2.74781136021
1.10055511509,-2.69601576763
1.10111492377,-2.72434101605
1.10119566549,-2.69517859519
1.10080093212,-2.72826097519
1.10037895728,-2.73037882223
1.1017685194,-2.73226186153
1.09801898178,-2.71735601515
1.09952454814,-2.72379578639
1.10027773495,-2.74762231208
1.09989965649,-2.72597502253
1.09914202884,-2.72674937467
1.10053343777,-2.7252878143
1.09829339407,-2.73678776901
1.0994689711,-2.78072076865
1.10045998291,-2.73052027848
1.10018645832,-2.7208978639
1.09624576386,-2.73786051485
1.10016453182,-2.70048471378
1.10064018029,-2.72719336385
1.09918197616,-2.70337508643
1.09877798047,-2.72079390536
1.099026327,-2.71307395597
1.0976549385,-2.72477046898
1.09920869714,-2.70870363779
1.09802568044,-2.7287431571
1.09597168405,-2.73421815236
1.09864738813,-2.72470847009
1.09984400153,-2.72294622394
1.09746826997,-2.73033166605
1.09775377061,-2.742459921
1.0980693653,-2.74009229184
1.20352848614,20.7527904374
1.09868778493,-7.75345858614
1.10098881284,-3.76799429482
1.09614748983,-2.94453326826
1.0970982723,-2.86010180451
1.09820844672,-2.77674414303
1.09863363136,-2.75074359438
1.09775118654,-2.79594890996
1.09958824554,-35.782491994
1.09763631365,0.608377172828
1.09820345387,-1.67248232151
1.10220651151,-2.38159276294
1.09999625194,-2.54252593026
1.09727532099,-2.61583187835
1.10065893537,-2.60609257421
1.0996881828,-2.60968690877
1.09895649077,-2.6856834132
1.09614827064,-2.41782270291
1.09526277275,-2.40878680729
1.0955221824,-2.50951783589
1.09945573136,-2.64582673299
1.09686810633,-2.63911511119
1.09495318669,-2.65669500491
1.09716615321,-2.67141033418
1.09940439438,-2.67227120767
1.09720211224,-2.68166329139
1.09876949569,-2.65626375686
1.0965344454,-2.65577234224
1.09670254476,-2.6817957866
1.09836979919,-2.70457839007
1.09901167275,-2.66272783262
1.09676899281,-2.69271452799
1.09886441602,-2.72317891109
1.09922967684,-2.69782169098
1.09787383966,-2.6506362232
1.09581542286,-2.70095223478
1.09814449892,-2.68433591924
1.09575185719,-2.68669825156
1.09812847787,-2.71537611087
1.09665240375,-2.70412811325
1.09646738729,-2.67200158471
1.09426843482,-2.67120330764
1.09720022411,-2.67511110965
1.095415402,-2.67739232172
1.09568759877,-2.68569733031
1.09600131352,-2.74745870516
1.09491998089,-2.68992907724
1.09465209161,-2.71004386516
1.0973078971,-2.72326195734
1.09482158773,-2.69388800414
1.09346372811,-2.65674451473
1.09463719988,-2.71161484013
1.09518659199,-2.70511795366
1.09297021393,-2.7038401662
1.09417139583,-2.70949400256
1.09466765277,-2.7103743735
1.09389393869,-2.72877991616
1.09283177896,-2.71723260333
1.09384996455,-2.71865046213
1.0914515182,-2.729041126
1.0941925187,-2.72434498379
1.09369222895,-2.71939424347
1.09351616979,-2.72424758821
1.09312575533,-2.70891935619
1.09480044438,-2.71052455981
1.0915674205,-2.72892431301
1.09346720862,-2.70492328901
1.09515824372,-2.68200153487
1.09356589518,-2.67860428757
1.09206311275,-2.73992385973
1.09407518266,-2.72369596977
1.09285961129,-2.71508697986
1.09375656719,-2.73801011841
1.09379308955,-2.71609941667
1.09248039979,-2.65555369888
1.09283660298,-2.7273829143
1.09377564866,-2.6970838868
1.09246815251,-2.73565120954
1.0916141349,-2.70787162342
1.09403948845,-2.67670698071
1.09448931857,-2.71915389235
1.09138449284,-2.71878998988
1.09386678311,-2.67528353283
1.09285497488,-2.7192320103
1.09284455175,-2.72258958474
1.09296316112,-2.70891345299
1.09337099296,-2.7075795552
1.09022508139,-2.71265612818
1.09297404061,-2.74176349489
1.0929851344,-2.71664465637
1.093840246,-2.71252340506
1.09416980267,-2.70860168031
1.09276067859,-2.72062305617
1.09064911144,-2.71774189553
1.09383337265,-2.72643485661
1.09598661627,-2.72403889689
1.0813501888,-2.01738357637
1.10241849352,-3.63043511169
1.10661116905,-3.77050963467
1.10514748267,-3.85786351573
1.10639992788,-3.75555143125
1.1037451698,-3.69445852413
1.10393213973,-3.56170193544
1.10480100717,-3.68243058366
1.10855239426,-3.63979235302
1.10578846141,-3.40162031153
1.10685333295,-3.50137794414
1.1089750989,-3.49898953903
1.11037868773,-3.4024987715
1.10984135646,-3.47389284577
1.11173701923,-3.46239677157
1.10876256557,-3.43072616037
1.10955464273,-3.43749551045
1.11222771757,-3.44085664444
1.11123486019,-3.44754488532
1.10756682656,-3.46844045043
1.11078940251,-3.44234302896
1.11000993021,-3.40501261499
1.10995819862,-3.45247212398
1.10976205113,-3.43457634533
1.10998071987,-3.40138228526
1.10849548974,-3.42867312831
1.11103203695,-3.42377963714
1.1089201227,-3.41156202305
1.10611337175,-3.36403532861
1.10690302806,-3.38323451896
1.11053149114,-3.38479814527
1.10938760315,-3.39337541175
1.1078176642,-3.40530602867
1.10869031855,-3.39010414966
1.1076686772,-3.39590162381
1.10822833571,-3.41198751208
1.11133472777,-3.37103025056
1.10780388554,-3.36589656615
1.10884082244,-3.38621010304
1.10970703058,-3.37364427684
1.10908917298,-3.3683571051
1.10708515681,-3.34069361568
1.10854493803,-3.36804374482
1.10645779599,-3.34705504994
1.10671193322,-3.33837642704
1.10781998852,-3.34759722441
1.10528110735,-3.36351719572
1.10344176197,-3.35357123669
1.1086531454,-3.3634742559
1.10807817613,-3.35114982449
1.10601866912,-3.33603181722
1.10660021229,-3.35470622609
1.10788700022,-3.3598863183
1.10546997041,-3.33044296705
1.10846839641,-3.35117034493
1.10711715098,-3.32572155546
1.10435945341,-3.3097596531
1.10576499493,-3.29338406778
1.10786029632,-3.3248872105
1.1064918408,-3.3165677046
1.1082971677,-3.31102011718
1.10616940369,-3.29682417391
1.10536340812,-3.32162436188
1.10587825458,-3.324095288
1.1093940296,-3.32480297635
1.10494096907,-3.31446738393
1.10676209671,-3.30748115624
1.10854186375,-3.31487951119
1.10834753377,-3.32622182182
1.10608379744,-3.31377320249
1.10736538769,-3.30439683794
1.10503493528,-3.26283839121
1.10815465197,-3.29379638047
1.10809938778,-3.28584854958
1.10664114484,-3.2711767651
1.10572885813,-3.27889003444
1.1092827568,-3.31876129516
1.10644478072,-3.31313418075
1.10707069664,-3.29033131757
1.10862734635,-3.32016593996
1.10821907345,-3.27990751114
1.10678951595,-3.28452566244
1.11060968268,-3.31201854587
1.10939076793,-3.2837206602
1.10758777978,-3.2522575492
1.10774696071,-3.31304408763
1.1108148675,-3.28175149221
1.11026217272,-3.31343194357
1.11130970772,-3.25202075838
1.11017832727,-3.2919967802
1.11129596763,-3.30303104522
1.1134147015,-3.26982923264
1.11475408912,-3.3001186916
1.11142765108,-3.2934981862
1.11440070545,-3.25524165411
1.1166515067,-3.30181897504
1.11578893168,-3.27159440906
1.11415388607,-3.30333614808
1.11477339852,-3.26103611226
1.11273249849,-3.27000315902
1.11569100117,-3.28190440032
1.11677338057,-3.30000606895
1.11466537863,-3.26633947586
1.11408500138,-3.25468198795
1.11620081443,-3.28097395451
1.1162503853,-3.28675758978
1.11766224813,-3.28514251726
1.1172221152,-3.24772834977
1.11607617764,-3.2787430784
1.11564178729,-3.28927735302
1.11889071955,-3.29256508855
1.11650227877,-3.26374362306
1.11423664749,-3.2608700151
1.11655136249,-3.29564010809
1.11693532317,-3.26305678322
1.11599342508,-3.26677204281
1.11756320215,-3.31948226203
1.11563265899,-3.28453950483
1.1154350389,-3.26055990947
1.11757687505,-3.29335262747
1.1174359517,-3.27251965558
1.11418306618,-3.28849762101
1.11595729374,-3.26175586182
1.11493273626,-3.27169335788
1.11496239005,-3.27449456744
1.11444875283,-3.24598923623
1.11370781064,-3.2492925833
1.11176678799,-3.23460398039
1.11445230311,-3.26298149632
1.11554883315,-3.26273228241
1.11340742205,-3.23812020002
1.11221155877,-3.23870309225
1.11568157822,-3.2714136986
1.11402825058,-3.24704748761
1.11394180264,-3.24988518429
1.11404633595,-3.24538974475
1.1147689475,-3.27582705047
1.11455784718,-3.25373453955
1.11640451172,-3.22893886065
1.11340192853,-3.24117780482
1.11438386678,-3.24647465669
1.11586055051,-3.26171504262
1.11539792407,-8.7174153884
1.11530604806,-3.18730597145
1.11876500162,-3.07977754765
1.11560996329,-3.1151001762
1.11614121676,-3.21594323134
1.11636188719,-3.25082191728
1.11731075228,-3.27434703422
1.11276669385,-3.31311814603
1.11709009584,-1.22025155487
1.11378747011,-3.44352572872
1.11420684549,-2.88687459369
1.11333959866,-2.95603406458
1.11348850284,-3.03393473536
1.11183072199,-3.0985062718
1.11385394052,-3.11809057364
1.11375694905,-3.1927249553
1.11306715128,-3.20265410846
1.11189902492,-3.01355061731
1.11615928746,-3.13810892536
1.11413914563,-3.16020519931
1.11607102104,-3.18702573462
1.1156512166,-3.18695959182
1.11488474219,-3.19621792951
1.11397056081,-3.19611124257
1.11618995915,-3.20850645235
1.11456017469,-3.21331315617
1.1143827454,-3.18050983642
1.11546719521,-3.16096888854
1.11384751938,-3.1856772026
1.11553454643,-3.23522487133
1.11622218726,-3.24733273522
1.11369148437,-3.24430177201
1.11305170725,-3.20029927878
1.1148417362,-3.2345290856
1.11523912052,-3.21099508223
1.11175870135,-3.21818517893
1.11504205305,-3.19974152938
1.11505273681,-3.23645573124
1.11416596933,-3.22924393745
1.11332798335,-3.20793246034
1.11495421479,-3.24881409722
1.1135222639,-3.19423365711
1.11643399,-3.20377641262
1.11508836863,-3.22753390114
1.11275552521,-3.22190464666
1.11447321102,-3.21392992738
1.11618460076,-3.22267183381
1.11593294804,-3.18108447465
1.1166938057,-3.21073645627
1.11676423125,-3.20628901067
1.11438854278,-3.21620631921
1.11461082874,-3.22044654186
1.11803089416,-3.21188806651
1.11484162036,-3.1804889495
1.1164717367,-3.22650460922
1.11563857216,-3.20929609431
1.11683523354,-3.23362417142
1.11711048258,-3.20187701409
1.11846473279,-3.2182817765
1.11496019802,-3.18120120401
1.11749539751,-3.22541956252
1.11933249032,-3.23426033324
1.11808942875,-3.22870889864
1.11505652976,-3.22517181493
1.1175048875,-3.19900821183
1.11732036333,-3.20794614471
1.11802842328,-3.20965778351
1.1180672337,-3.23257016867
1.11641261809,-3.24105996558
1.11501894675,-3.23165304839
1.11962909878,-3.23346418028
1.11778361447,-3.25117981564
1.11602308206,-3.23914449474
1.1162911365,-3.24604783293
1.11831843727,-3.21093165899
1.11663180865,-3.21352856581
1.11929480657,-3.23482064326
1.11630802827,-3.24351910099
1.11624104057,-3.2256734477
1.11794724467,-3.24327604717
1.11894500504,-3.2454074271
1.11629420408,-3.24702458453
1.1166145892,-3.25614241414
1.11842162766,-3.19311367465
1.11860197191,-3.2203012652
1.11726245695,-3.24325222316
1.11898182926,-3.25135695359
1.11612457742,-3.21191423737
1.11912159435,-3.2268260581
1.1203028543,-3.2470276481
1.11951900532,-3.20728175112
1.11688921959,-3.22707720709
1.12010634907,-3.19805728398
1.11941603389,-3.21354756382
1.11978100339,-3.19579969365
1.1199799885,-3.22029715183
1.118925421,-3.24237104495
1.11816216705,-3.21380195684
1.12233813405,-3.2428390085
1.11961449277,-3.22455685678
1.11785578835,-3.22739619734
1.11910595789,-3.22723315792
1.12145642379,-3.23180705297
1.11888517726,-3.23385723735
1.11903005307,-3.19869406116
1.11938702975,-3.21115380598
1.11915316385,-3.21516088129
1.11999357692,-3.23811701133
1.11975225973,-3.20865454727
1.11765831902,-3.19898096503
1.11980128151,-3.20428782293
1.12149798424,-3.22180140644
1.12132600332,-3.21815674295
1.12301048673,-3.2575702894
1.1258603899,-3.21249126074
1.1225301831,-3.22076623402
1.12467291032,-3.20798262778
1.12577965517,-3.20689546846
1.1254468437,-3.21181295233
1.12583337989,-3.22449566079
1.12672433972,-3.21459682241
1.12523910205,-3.21758168307
1.12552480802,-3.26721006034
1.12485280935,-3.22493721023
1.1237455861,-3.24756293102
1.12297173103,-3.20343645401
1.12552429828,-3.20216688657
1.12253788407,-3.23458924389
1.12229049168,-3.24396607279
1.12247321859,-3.21670994966
1.12531261417,-3.23626194291
1.12247315786,-3.23520101579
1.12542913401,-3.23143025911
1.12505702764,-3.24850951748
1.12438818361,-3.21167607403
1.12711245022,-3.23883714227
1.12829484071,-3.23096739301
1.12620006028,-3.23089242931
1.12803205955,-3.20652931904
1.12857930012,-3.23165672948
1.12897727572,-3.22146808495
1.12927913903,-3.25242689831
1.12762465492,-3.21477851999
1.12331953226,-3.24289783991
1.12536277109,-3.23844840183
1.1252091347,-3.25035684652
1.12261359964,-3.21559454416
1.11937607028,-3.21950444348
1.12413649823,-3.23953518237
1.1216463886,-3.20900503062
1.12305493466,-3.23954086205
1.12149419673,-3.25579023251
1.12127037718,-3.20187513982
1.12292026579,-3.23649937122
1.12603148688,-3.22423766673
1.12355766356,-3.21291805253
1.12351301852,-3.21804734627
1.12549229582,-3.23646852071
1.1250943294,-3.21316040953
1.12430448264,-3.23478739985
1.12668558825,-3.22495561546
1.12430311842,-3.21089348926
1.14557408666,6.79891519752
1.12611364884,-4.39234767968
1.12442619298,-2.83556956354
1.12058745758,-2.60302742496
1.12165288215,-2.80265832728
1.12241329707,-3.01183041084
1.12235224817,-3.13570768912
1.12177576028,-3.23138916723
1.1199811034,-14.3094913498
1.11701602513,-3.00153989999
1.12235046801,-3.49556200228
1.12291566937,-3.5816939803
1.12072675536,-3.46589129985
1.12103853791,-3.3323281191
1.12307391372,-3.29355020286
1.12261516759,-3.23568395176
1.12363833975,-3.27129374046
1.12321893986,-3.22767530101
1.12017904443,-3.08559168695
1.12142822447,-3.09813746645
1.12528950339,-3.19140598016
1.12237726618,-3.1953293523
1.1229332172,-3.1950707657
1.12399584495,-3.22401345332
1.12409475315,-3.20199599835
1.1237029027,-3.22250368086
1.1249973638,-3.21180957807
1.12308200669,-3.14044123579
1.12432787009,-3.16256805408
1.12551161754,-3.18707629185
1.12408078009,-3.21239233114
1.12112940656,-3.19654760531
1.12563809068,-3.22894960613
1.1241296495,-3.20827016899
1.12523831164,-3.18342962226
1.12520689779,-3.20913276611
1.12515043499,-3.19979612164
1.12354169021,-3.23835641861
1.12519273559,-3.20129942804
1.12441305,-3.20508551194
1.12429313264,-3.20352459816
1.12349204744,-3.15835978948
1.12465402865,-3.23422732513
1.12396741336,-3.21689698433
1.12585146001,-3.20921687632
1.12376026033,-3.22129020987
1.12343129572,-3.19183762467
1.12492501895,-3.22978728655
1.12628544461,-3.19236010164
1.12266164471,-3.21039600863
1.12493242199,-3.21623077894
1.1257597335,-3.19627226989
1.12646421324,-3.22139366108
1.12599420231,-3.21623613625
1.12601832164,-3.22741502496
1.12411407814,-3.23010854342
1.12506346245,-3.21236707209
1.12606799269,-3.23128307924
1.12571840724,-3.23986158312
1.12514460885,-3.1797882077
1.12630413442,-3.21898253019
1.12381730052,-3.2300096599
1.12426706412,-3.23408970399
1.12579383094,-3.2045632902
1.12589912427,-3.22097301906
1.12215043391,-3.2046493473
1.12490461993,-3.22016859748
1.12362150956,-3.21639971587
1.12316732438,-3.20712208919
1.12321578135,-3.23975790389
1.12531634695,-3.20759728006
1.12416807827,-3.2362045664
1.12480670219,-3.23335459838
1.123602768,-3.19672900888
1.1229073426,-3.19897575783
1.12607270233,-3.23523838379
1.12606340324,-3.23251866458
1.12308397729,-3.23347223387
1.1243760131,-3.24235937878
1.12627448374,-3.24967603984
1.1264499401,-3.22692629386
1.12542431803,-3.21400149523
1.12610934556,-3.22108390316
1.12267573217,-3.21880440826
1.1249725905,-3.25402970649
1.12570654107,-3.25174582453
1.12410391606,-3.22706605288
1.12351483587,-3.22853396775
1.1254901752,-3.23353277654
1.12387011642,-3.2269675346
1.12518524066,-3.23485704765
1.12639298236,-3.18838794198
1.12429721334,-3.18347968853
1.12417841121,-3.23885435846
1.12722902396,-3.24240226753
1.12630308723,-3.2336701602
1.08825953775,-1.79235322421
1.11328011936,-3.22153570236
1.11411247502,-3.13166949368
1.11288256857,-3.21826945787
1.11506569473,-3.15645432904
1.11205671435,-3.14391947544
1.11141049142,-3.1072966376
1.1136410382,-3.1719799062
1.11517953321,-3.08325777696
1.11133111921,-3.17649679119
1.11398038242,-3.18818440626
1.11434972934,-3.19637900853
1.11624067619,-3.12807098152
1.11659080296,-3.12737414547
1.11727760078,-3.16692075244
1.11505568223,-3.13760077007
1.11689824249,-3.13441361028
1.11838419274,-3.12771037225
1.1162492973,-3.11313100179
1.11489534049,-3.09083390988
1.11852078601,-3.10020255541
1.11656064324,-3.1218002483
1.11725320568,-3.08756610381
1.11590739064,-3.08893037963
1.11567510424,-3.07358005068
1.11581472323,-3.0836355054
1.11883132277,-3.08994468217
1.11734513089,-3.06934496231
1.11640975006,-3.09601138547
1.11661540277,-3.04327807389
1.1171123669,-3.04953778662
1.1162444424,-3.05327335962
1.11945464306,-3.04956089335
1.11642433381,-3.06937423695
1.11696056236,-3.04020516052
1.11869051868,-3.06160593843
1.11902687454,-3.04503125018
1.11502370153,-3.05083641293
1.11692296172,-3.04839766304
1.11717694874,-3.02692354556
1.11611737143,-3.04335078597
1.11523520153,-3.04125000205
1.11378653481,-3.04256526572
1.11208043811,-3.02438711236
1.11501930267,-3.03855152214
1.11386814914,-3.02376703343
1.11215897761,-2.99394321444
1.11119683508,-3.00222328725
1.11574478433,-3.01862040561
1.11247985457,-3.02608781193
1.11515159885,-3.02234573484
1.11545857595,-3.02620675315
1.11468306337,-3.00428737593
1.11389938071,-3.00861092663
1.11618221819,-3.0277019792
1.11453418341,-3.03024329132
1.11501160471,-2.98443211423
1.11638828762,-2.99500968292
1.11565817023,-2.98508371531
1.11539719386,-2.97636639184
1.11747719451,-2.99868496471
1.11472749929,-3.00173919424
1.11570460253,-2.96608420612
1.11786543929,-3.01591057967
1.11866530741,-2.97346684952
1.11440384292,-2.98252218647
1.11727214704,-2.94746185654
1.11691908602,-2.94657427419
1.11733075057,-2.97386671656
1.11807085255,-2.99726514219
1.11675269411,-2.9501759788
1.11502786454,-2.9824262993
1.11779930457,-2.97242535738
1.11714780548,-2.96078070831
1.11621336532,-2.98505752706
1.11613816906,-2.98534662809
1.11735110604,-2.97416695535
1.11587762222,-2.96689057091
1.11873200307,-2.97383682356
1.11754457875,-2.97491100331
1.11538303376,-2.93812372633
1.11539832796,-2.99006261612
1.11877986178,-2.95800957218
1.11592002105,-2.94394078055
1.11740274993,-2.93232967736
1.11744446561,-2.94949890733
1.11864994284,-2.94541181459
1.11910882187,-2.92118002348
1.12015459366,-2.93397998017
1.11795720492,-2.96489205518
1.12002999701,-2.90996112944
1.12301321734,-2.93763775504
1.12260286881,-2.94522360968
1.11906248923,-2.93008197302
1.11978784265,-2.9393467178
1.11834993078,-2.93542844378
1.11967963171,-2.98082960674
1.11936399433,-2.91650841057
1.11723697647,-2.93733781976
1.11442861806,-2.92201652536
1.11744155367,-2.91275566839
1.11689921417,-2.93314695294
1.11547666166,-2.93108237704
1.11500700066,-2.92503098486
1.11639572726,-2.91415830565
1.11618991228,-2.93127047302
1.11835226735,-2.91302504774
1.11589192008,-2.92325239966
1.11435135654,-2.92672346082
1.11630986713,-2.90132669669
1.11816507725,-2.92380047311
1.11685326018,-2.92364738162
1.11629388883,-2.91931460346
1.11825719228,-2.96297875238
1.11862355534,-2.90129962668
1.12058594019,-2.94109713563
1.12100354506,-2.90903456368
1.11719427687,-2.91174257293
1.11870197276,-2.8817496882
1.11955149077,-2.90019765485
1.12022887799,-2.93152010001
1.11680501691,-2.90530587225
1.11803442542,-2.90724956715
1.11651165102,-2.9085609316
1.11746268189,-2.90381885203
1.11684854264,-2.92653307132
1.1155205873,-2.90499879968
1.11499016056,-2.87171364385
1.11918191059,-2.92689303152
1.11610776445,-2.92615968473
1.11379652703,-2.91301741081
1.11517881839,-2.89972013493
1.11693889836,-2.91763741236
1.11459182688,-2.86439837684
1.11749432404,-2.89759119242
1.11672605492,-2.89851229503
1.11548897341,-2.87162649064
1.11633438591,-2.89445954374
1.1167792453,-2.88545543168
1.11585300836,-2.89478259309
1.11871665012,-2.87563417238
1.11755092016,-2.89171532007
1.11662535225,-9.05351264954
1.1166276496,-2.87961404451
1.11703597188,-2.58254438192
1.11285278983,-2.69438752751
1.11448077363,-2.79851915369
1.11472274444,-2.88858667507
1.11313886779,-2.91786588398
1.11205025477,-2.96319715204
1.11687774319,-1.03449368708
1.11252635279,-3.42659652655
1.11356122293,-2.64006987907
1.11279875586,-2.53865002502
1.11139510006,-2.61993303315
1.11196515226,-2.7170884
1.11386748648,-2.76716311592
1.11253347024,-2.83164999147
1.11293463537,-2.83267050024
1.11228554888,-2.8202537642
1.11416766426,-2.88791953022
1.11094341686,-2.82065260685
1.11582708652,-2.81090954022
1.11350013083,-2.81362470196
1.11258512366,-2.80828134401
1.11237533388,-2.80248770126
1.11168438324,-2.77690886836
1.11076131356,-2.85950437778
1.11152850553,-2.83009009475
1.1110901118,-2.85352498906
1.11054288326,-2.79654825816
1.11228662704,-2.83544495386
1.11084281307,-2.82780795119
1.1088461128,-2.82516052046
1.11252442602,-2.85273587759
1.11401228866,-2.8404793739
1.11331396109,-2.84391827624
1.11198169532,-2.84665744757
1.11609830417,-2.83255673821
1.11522816059,-2.82995608028
1.11852052815,-2.86328034332
1.11797587349,-2.85427898001
1.11628422102,-2.83661997669
1.11729799554,-2.8306665496
1.12086453404,-2.8167511965
1.12050729432,-2.89411287264
1.12081234211,-2.79279767636
1.12253451343,-2.84058046268
1.12199322637,-2.84203934799
1.12303337648,-2.83740789004
1.12765660531,-2.83309272692
1.12573089243,-2.85316808592
1.12614484011,-2.83119089192
1.12976553102,-2.82892196487
1.13009451558,-2.82285126021
1.12799581944,-2.83512932338
1.13195869652,-2.86462469979
1.13089216264,-2.830739266
1.13256057103,-2.82757262675
1.13454386474,-2.82448331124
1.13406650798,-2.85187862317
1.13069631187,-2.84038170453
1.13275768689,-2.81903970631
1.13318739682,-2.83702919168
1.13223650768,-2.82619474705
1.13082741101,-2.83750983819
1.12999083529,-2.83707289681
1.12927792941,-2.85220346189
1.13029531278,-2.86565367227
1.12969208839,-2.86763292945
1.12697635289,-2.88525137579
1.12765442736,-2.8633670232
1.13073489345,-2.8131303146
1.12722730902,-2.82629174605
1.12708680376,-2.85165101052
1.12652965881,-2.8590948291
1.12798957312,-2.82517314098
1.12694032006,-2.84658386178
1.12751836883,-2.83082706057
1.12386233579,-2.86840811871
1.12378203532,-2.84278927022
1.12428777075,-2.84001908862
1.12236816265,-2.82988274501
1.11876594528,-2.8479439469
1.11934308927,-2.82064572312
1.11677833263,-2.84659245357
1.11532867374,-2.80588275961
1.11550513858,-2.85263016877
1.11351946221,-2.8439529988
1.10943294428,-2.77683338807
1.11203908646,-2.81516641553
1.11120747739,-2.85817820178
1.10990722619,-2.78143528841
1.10960062646,-2.8411145973
1.10984810265,-2.82886269721
1.11012069658,-2.81952575418
1.11237084858,-2.8109511683
1.10949149959,-2.81455196832
1.1091845298,-2.8298124969
1.1104824323,-2.81607255772
1.11435457136,-2.82564783175
1.1098068485,-2.8144223128
1.11028295597,-2.81812519611
1.11128614901,-2.820358813
1.11086575028,-2.82543388686
1.1109538974,-2.81069846508
1.11044338143,-2.79794365722
1.10947677246,-2.84640843485
1.1097377545,-2.82392968311
1.10966951354,-2.83064014745
1.10828173046,-2.78572550101
1.10866101428,-2.81963386244
1.11068739217,-2.83988486581
1.10843664039,-2.81508911791
1.10818521713,-2.82253418577
1.10962265282,-2.79300054924
1.10980162122,-2.81189820988
1.10699465147,-2.78186609574
1.11111723245,-2.82765345502
1.11039873434,-2.83323104216
1.10816930157,-2.80587841364
1.10723760295,-2.8123707882
1.10826371889,-2.79251036016
1.1070714347,-2.77228498749
1.10941363666,-2.80122630336
1.10799295441,-2.83561880259
1.10540407974,-2.77938211106
1.1077853955,-2.82931398188
1.10815362029,-2.82653921539
1.10574725359,-2.81892173528
1.10781981616,-2.80033938355
1.10691978722,-2.79323534816
1.10799445446,-2.80490317159
1.10815172295,-2.81194369489
1.1103462928,-2.86068932473
1.10596802513,-2.82718022584
1.1080143521,-2.78755626108
1.1090987961,-2.81723195397
1.10908247891,-2.77755020028
1.10831863522,-2.83561536508
1.1099996081,-2.85748443224
1.10776156366,-2.812410285
1.11034525552,-2.82817965753
1.10992935347,-2.80919074203
1.10783451848,-2.83407546055
1.10635099911,-2.84564022725
1.11107462003,-2.81721518047
1.10859059509,-2.7728974983
1.1075526664,-2.79635300814
1.10602420162,-2.77896025149
1.10697441517,-2.79375023612
1.10655893734,-2.83097016949
1.10985462754,-2.81613188121
1.10743331094,-2.84030545791
1.10513708229,-2.78307577999
1.10692212515,-2.79538811844
1.10761995498,-2.79831942582
1.10521672309,-2.80772276535
1.10699778294,-2.81189967498
1.10568244833,-2.81851435609
1.10648771425,-2.79176579127
1.10810531206,-2.81627968775
1.10740419157,-2.81907497394
1.1042990331,-2.83053226303
1.12416240672,5.1155903114
1.10802064122,-4.02914540147
1.10606038393,-2.58925406487
1.10625242762,-2.28860856198
1.1072574829,-2.34210470709
1.10556992907,-2.51685445218
1.10805060343,-2.66157014488
1.10831906772,-2.75331532354
1.10727165719,-14.5554331899
1.10576917486,-2.57179170122
1.1087337431,-3.13528991344
1.10775802028,-3.10337832302
1.10689719139,-3.0189285824
1.1073937394,-2.9579994952
1.10616568538,-2.83500946636
1.10579847887,-2.86388479615
1.10991720422,-2.8282510298
1.10649779063,-2.92017279765
1.10481276352,-2.8164846206
1.1083210156,-2.81468486474
1.10817031834,-2.8312882071
1.10424003976,-2.82379212659
1.10532669256,-2.7947915567
1.10628522806,-2.80646317105
1.1052518526,-2.78691701519
1.10648178612,-2.78101837275
1.10590443448,-2.79289157746
1.10276974307,-2.78552713771
1.10610516831,-2.78728793716
1.10479013039,-2.7783033777
1.10442376503,-2.75376598791
1.10490423613,-2.80334207229
1.10723785357,-2.80262206735
1.10360280625,-2.81463766212
1.1060053406,-2.78589837131
1.10604606679,-2.80575154884
1.1049035964,-2.78784951706
1.10439536644,-2.79629047257
1.10626769976,-2.80995142534
1.10387284229,-2.80720281056
1.10533237908,-2.7654285546
1.10485212507,-2.81531466991
1.10382577935,-2.76833600296
1.10435577586,-2.7708290904
1.10670659616,-2.78086689924
1.10244997989,-2.76615099775
1.10367391574,-2.77913212771
1.10462501226,-2.78590101453
1.10518561599,-2.75468620157
1.10220897865,-2.82143365269
1.10542903968,-2.78379214367
1.10365466091,-2.79368143533
1.1050764302,-2.80228262653
1.10626001203,-2.78541487081
1.10732209632,-2.75241671381
1.10695383034,-2.79203719416
1.10906636999,-2.82715573242
1.10834868959,-2.7921106713
1.10810335721,-2.80889244742
1.10954552324,-2.78684652717
1.10971593925,-2.81400356105
1.1085892129,-2.82195674822
1.11096497365,-2.80298044462
1.10858189452,-2.81929120897
1.10820734069,-2.81007664684
1.10643980662,-2.84579690313
1.10890137338,-2.81146885222
1.10507851418,-2.76380032657
1.1067285615,-2.77665507269
1.10562692654,-2.78220912586
1.10516918764,-2.80447432908
1.10854972425,-2.84082799623
1.10928209879,-2.80945411034
1.10572419784,-2.79366790416
1.10568392087,-2.80149271932
1.10854485497,-2.78187157318
1.10869377627,-2.81638514728
1.1081692067,-2.8313445135
1.10907760904,-2.80200859774
1.10739899083,-2.79492773748
1.10771455528,-2.8050457522
1.10997434861,-2.79785242599
1.10813384833,-2.79822606253
1.10491556986,-2.77853366867
1.10633746255,-2.81554133702
1.10568464247,-2.80463262494
1.10274207074,-2.80647637225
1.10259139843,-2.84126958414
1.10179620155,-2.78952328195
1.10172568532,-2.85069451423
1.10386257806,-2.81413836165
1.10203267715,-2.8046173991
1.09966645209,-2.79652154472
1.09910025635,-2.81319858309
1.10063743287,-2.78170194976
1.10060773287,-2.8271811494
1.08180728941,-1.85288302478
1.10606857913,-3.2022956075
1.10498110068,-3.00145565734
1.10552631253,-3.23222747996
1.10805563726,-3.17143276247
1.10398238847,-3.1580863868
1.10536273545,-3.09256924891
1.10769801682,-3.17522719416
1.10720715489,-3.08171813156
1.10577277419,-3.10109791517
1.10706939202,-3.13378270726
1.10558382416,-3.13192795518
1.10777595058,-3.07761751049
1.10784560771,-3.08022384203
1.10587724747,-3.07455683213
1.10451780743,-3.11147205868
1.10896503864,-3.11187192317
1.10621356099,-3.03296713143
1.10558341189,-3.0464977134
1.105772566,-3.07223332556
1.10632123645,-3.07815411311
1.10475366486,-3.07432716084
1.10641899872,-3.06434089481
1.10532133843,-3.04691103218
1.10484149067,-3.05347101316
1.10412985518,-3.067629733
1.10515775209,-3.06059760186
1.103509099,-3.03269111385
1.10518495561,-3.05514756733
1.10305732327,-3.03019314716
1.10436927798,-3.06249748183
1.10479380103,-3.03747013561
1.10602150811,-3.04836921993
1.10081515848,-2.96376279312
1.10383481733,-3.00654488393
1.1064780612,-3.03885260317
1.10568890165,-3.04526876868
1.10370439206,-3.02775276951
1.10418235578,-3.02634459197
1.10344105423,-3.02716462474
1.10510782112,-3.0093147141
1.1059739291,-3.02386982541
1.1039340066,-2.99381910675
1.1037029353,-3.0092211487
1.10645554539,-3.02354615891
1.10349692399,-2.98067587869
1.10377541169,-2.98703614287
1.10445086018,-3.00392366229
1.10537752702,-2.98556062171
1.10295989195,-2.98496624522
1.10592683103,-2.99866105612
1.10431851536,-3.02660735408
1.10300418249,-2.98302577017
1.10330227818,-2.95785206499
1.10401061828,-2.97640123255
1.10300791108,-2.93088808036
1.10279770983,-2.97452556399
1.10233741812,-2.98206549332
1.10179018399,-2.95934416959
1.10543772147,-2.97260091103
1.10455905828,-2.96292902961
1.1007779887,-2.97987365183
1.10283574402,-2.95065854238
1.10445473688,-2.95757539877
1.10317894488,-2.96219591215
1.1028965181,-2.99423315124
1.10387494491,-2.95283383522
1.1017827053,-2.94765475374
1.10514217231,-2.96985896652
1.10444377507,-2.93059649267
1.10186714275,-2.93880192974
1.10139107003,-2.93458568933
1.10509694247,-2.93754319676
1.10276468332,-2.99563227888
1.10347487738,-2.92266073363
1.10369528607,-2.9470166468
1.10253980702,-2.95508689031
1.10253591908,-2.95303532079
1.10498708439,-2.91454011475
1.10156863016,-2.9222185546
1.10048014805,-2.91982457015
1.10304272978,-2.92563817868
1.10332530509,-2.92137712582
1.10211140713,-2.96538382391
1.10241474233,-2.96616748223
1.10035018593,-2.94586635604
1.10036793102,-2.92471403668
1.10308046056,-2.94311175528
1.1032915133,-2.941201205
1.09911233903,-2.925694405
1.10050520626,-2.92488099083
1.10036404545,-2.91868036362
1.10065873209,-2.92830436908
1.10065291611,-2.91658840731
1.10091912592,-2.93182132577
1.10015595645,-2.93910661344
1.10168600254,-2.92235767132
1.10220791399,-2.92792013203
1.09863644673,-2.93622263688
1.09910845738,-2.92087447464
1.10282136285,-2.93921737596
1.10073924943,-2.93162357549
1.10080330924,-2.88726975946
1.10038385981,-2.92901262468
1.09999454264,-2.91472824408
1.10028790019,-2.93818928967
1.10249416742,-2.91712562438
1.10042609791,-2.93474757625
1.09923577441,-2.93288166153
1.1014811564,-2.91225833981
1.10156796442,-2.93083941131
1.09965760631,-2.91329663102
1.1014760475,-2.92365124563
1.09988918213,-2.92494121592
1.09952247199,-2.92005923583
1.10261534769,-2.93094973375
1.10115100069,-2.92710294628
1.09826914867,-2.89283937015
1.1009769099,-2.91394589114
1.10069589233,-2.90104139663
1.09832446151,-2.88079098966
1.09878643956,-2.95535329321
1.09814120005,-2.88307452079
1.09815412908,-2.91858009199
1.10119880291,-2.9027223318
1.09978831888,-2.88728068355
1.09685462438,-2.90864258479
1.09756586319,-2.91205343941
1.10020472876,-2.88187377828
1.09663394509,-2.87826187882
1.09833543484,-2.87621697025
1.09963293001,-2.90094490176
1.09912014384,-2.90166214074
1.09841647681,-2.90407070925
1.09955270945,-2.89715428303
1.09780846215,-2.9465928573
1.09821990691,-2.92442733228
1.09959785801,-2.89283796385
1.09789410531,-2.87954362638
1.0977399857,-2.8871486184
1.09912575336,-2.90372468808
1.09631014999,-2.90691393241
1.09609717891,-7.66956312776
1.09932008955,-2.02913636257
1.09854369413,-2.24168841581
1.09538827597,-2.57948622005
1.09878949476,-2.83113582172
1.09736880187,-2.98454589317
1.09666577059,-3.02045204416
1.09603051112,-3.00879208606
1.10231235935,0.0085551993009
1.09506627895,-3.18726042158
1.09757025987,-2.54584365814
1.09696375596,-2.55744023039
1.09592187273,-2.64757722232
1.0974821287,-2.73796502653
1.09823648058,-2.81917919996
1.09596805139,-2.87102762441
1.09916734282,-2.82651411899
1.09945983056,-2.89551772126
1.09899918276,-2.88630286026
1.09866828908,-2.84195011108
1.10057233932,-2.85428407024
1.09686518026,-2.8558737343
1.09924228644,-2.8538194727
1.09915069967,-2.83130597566
1.09895977386,-2.872074137
1.09837764278,-2.87945073342
1.09868327331,-2.8405521185
1.09565478322,-2.84641818302
1.09797380694,-2.81762106101
1.10047270106,-2.86162624019
1.09872280624,-2.87880004353
1.09548674171,-2.86110680447
1.09787479191,-2.84341636626
1.09784251349,-2.83509027035
1.09739738468,-2.8670283262
1.09715654214,-2.84050929396
1.09673421797,-2.83030832867
1.09545538209,-2.84744811394
1.09944121111,-2.89346735663
1.09803813324,-2.84385298534
1.09559640834,-2.86720187575
1.09666427925,-2.85633727764
1.09760577808,-2.84317368564
1.09543840808,-2.87749108383
1.09579590838,-2.85686183204
1.09349439662,-2.87217887687
1.09327918132,-2.84463268786
1.09514243289,-2.86256397054
1.09533435605,-2.83062148778
1.09233582062,-2.84429317173
1.09232034359,-2.86400894353
1.09444649825,-2.87272525499
1.09264212639,-2.85055897656
1.0935472911,-2.85457861407
1.09418935014,-2.86730570218
1.09250394131,-2.83394134891
1.0937847001,-2.85792787707
1.09462973815,-2.84844788073
1.09253508932,-2.81817290127
1.09235192657,-2.86705140563
1.09435402254,-2.84686720656
1.09381171257,-2.865922441
1.0932917707,-2.83115390995
1.09319415174,-2.88639201276
1.09127345709,-2.85186717366
1.09202197868,-2.83662505618
1.09603794386,-2.86223571735
1.09172013832,-2.86939174836
1.09032764098,-2.82454281955
1.09274203879,-2.86471266407
1.0939448216,-2.89882287434
1.09111454827,-2.87323976976
1.09188972799,-2.83453460773
1.08997445147,-2.84897918867
1.09151674126,-2.87837085515
1.09202609023,-2.8335803013
1.0913820254,-2.82189356479
1.08944217939,-2.81970950911
1.0919357525,-2.8335706831
1.09073663849,-2.87429444198
1.0900043574,-2.83525205467
1.08942230652,-2.82592113093
1.09189895981,-2.83535793008
1.08962593504,-2.8672980704
1.09160103327,-2.84226180988
1.09206913503,-2.82903356962
1.08966980433,-2.84345729459
1.08938146818,-2.83502765291
1.09130016574,-2.82327738037
1.09050025945,-2.83240272273
1.09165857704,-2.8732999886
1.09027242034,-2.83784521307
1.08972817666,-2.82294472907
1.09071941818,-2.83510568518
1.09353710403,-2.87923436195
1.08961412985,-2.8334592559
1.08943958863,-2.8275721953
1.09115355201,-2.83881197507
1.09139622559,-2.84686138896
1.08841987537,-2.83053547879
1.09044941921,-2.8130163892
1.08951596101,-2.82391534002
1.09017052897,-2.86124432567
1.09023619749,-2.84611396966
1.08984724835,-2.84093325593
1.08835478908,-2.84267145631
1.08980898916,-2.86789941092
1.08924305047,-2.83540537228
1.08774642048,-2.85529900088
1.08857323483,-2.82758178762
1.08815087868,-2.81060394337
1.08704884536,-2.8050498818
1.08977310526,-2.82440606282
1.09007601101,-2.80754134164
1.08810255661,-2.84845927087
1.08686053059,-2.82648831485
1.09020312066,-2.83921270232
1.0882153226,-2.82651556201
1.08963671631,-2.84351549279
1.08904740316,-2.84718418506
1.08740971252,-2.80980534377
1.08877145203,-2.80535025642
1.0911985136,-2.83689190718
1.08747309063,-2.83718834119
1.08821256019,-2.81690305844
1.09012574172,-2.86627676839
1.0903216524,-2.84684482402
1.08867222661,-2.84821666419
1.08881003766,-2.81637694426
1.08677587751,-2.83534254711
1.0878575726,-2.83894256177
1.09086430538,-2.85037663602
1.08836381352,-2.83156253615
1.08603942612,-2.8457671448
1.08822292466,-2.86767409969
1.08786148989,-2.85851054451
1.08642847234,-2.80297764759
1.08797645575,-2.87065061239
1.08628878474,-2.81121740304
1.08445377146,-2.80360048371
1.08921464499,-2.83484009498
1.08835714925,-2.83434832551
1.08684425099,-2.84400638925
1.08536535935,-2.81401851051
1.08677173521,-2.8399124732
1.08542351137,-2.84272536909
1.08630784815,-2.84994208739
1.08749549408,-2.8744723142
1.08557707412,-2.84453879502
1.08623311616,-2.82543457836
1.08815099658,-2.83368554774
1.08468206837,-2.82671107139
1.08523334866,-2.86248156214
1.08618023421,-2.86533587304
1.08676382344,-2.82331395039
1.08558262332,-2.84583356104
1.08668967188,-2.86647992142
1.08347144993,-2.84425259774
1.08476285435,-2.8392742771
1.08731052543,-2.86976003016
1.08482453611,-2.82348435156
1.08205966425,-2.83097308527
1.10139085212,4.06345638921
1.08519974056,-3.77954341829
1.08423596352,-2.61280165997
1.08549211328,-2.34224638472
1.08533241199,-2.4112594091
1.08356647409,-2.54844891525
1.087861634,-2.68137743532
1.08731369348,-2.77641380943
1.08573675494,-12.5320851922
1.08544323733,-3.46511869799
1.08719118395,-3.66334974819
1.08519169735,-3.31029544496
1.08801227455,-3.0588913159
1.08571260059,-2.85988835404
1.08601122716,-2.80910452548
1.08612567175,-2.77630239444
1.08840273904,-2.7670737457
1.08278817253,-2.67365751765
1.08410500796,-2.75643374146
1.08650514527,-2.78305354952
1.08545960698,-2.80328854466
1.08484757942,-2.80165567547
1.08578716795,-2.75960934274
1.08403783277,-2.82252813418
1.08532425468,-2.80496453211
1.08635686217,-2.79124905396
1.08522391246,-2.81579098148
1.08472864406,-2.7925611318
1.08707904483,-2.79432943802
1.08553401026,-2.77395189995
1.08537190393,-2.79316795092
1.08581116413,-2.81606529611
1.08589859443,-2.79009746336
1.08369898028,-2.8133373306
1.08733899257,-2.78154600995
1.08576529529,-2.81981121926
1.08239564975,-2.79951359657
1.08272825395,-2.77762562221
1.08289849229,-2.79084526009
1.08099897248,-2.78766882679
1.08180690772,-2.7952680759
1.08015941153,-2.76973156831
1.07952008994,-2.79761441943
1.08135660535,-2.80277632625
1.08183095768,-2.79581501983
1.07739287651,-2.78524354682
1.08024077994,-2.78251363862
1.07948796422,-2.81154949741
1.07934743723,-2.79242570955
1.07877402568,-2.77478038726
1.0810655454,-2.79563271563
1.0787829033,-2.80160813866
1.08050259032,-2.82328441644
1.08070938826,-2.78960506312
1.07811557295,-2.83542583111
1.07886652986,-2.80078669054
1.08104219066,-2.82322582343
1.07952830775,-2.81955210184
1.08009184755,-2.79030455136
1.07970458904,-2.8297678945
1.07857015014,-2.83630111867
1.07769563356,-2.81041639458
1.08150609847,-2.79865467099
1.07932862984,-2.88140168611
1.07736165728,-2.82975218434
1.0779014855,-2.83267039474
1.07724404513,-2.80595352437
1.07655984509,-2.82306473404
1.07865074515,-2.80709287415
1.07717691852,-2.81100514903
1.07580147422,-2.83551305727
1.07884062273,-2.8173089706
1.07981282422,-2.78798744121
1.07708059384,-2.84386444094
1.07780474199,-2.80863541762
1.0778460088,-2.84740216309
1.07771015226,-2.81225725162
1.0781223018,-2.84606799254
1.07785669929,-2.82805929948
1.07646667868,-2.84539153803
1.07843925564,-2.84244606672
1.07912555429,-2.80253865547
1.07723709563,-2.86371680199
1.07621346499,-2.82878397153
1.07769308897,-2.81889477704
1.07749551504,-2.84340455271
1.07836986866,-2.85054979041
1.077229334,-2.84568726379
1.07653865113,-2.83618139674
1.0760986561,-2.84042090965
1.07996768231,-2.81349153106
1.07700539545,-2.8357129899
1.07691555761,-2.85852662296
1.07800382208,-2.85011192063
1.0785792826,-2.84401911611
1.07737652859,-2.82514621323
1.04941559733,-2.05212190112
1.07054376502,-3.1321258862
1.0707059105,-3.14427662807
1.07416445876,-3.16468537748
1.0737385586,-3.14418942098
1.06949470829,-3.14126453261
1.06961339343,-3.17473586177
1.07096449183,-3.18275461087
1.07028089186,-3.15168601295
1.06925051939,-3.24004935008
1.06771322341,-3.22430871216
1.06641074798,-3.24769527651
1.07126534831,-3.20921857492
1.06881986474,-3.22109363618
1.06735650578,-3.23728702597
1.06785659459,-3.23453377129
1.07044398643,-3.25821210032
1.06735278793,-3.23094827473
1.06920351749,-3.24817016421
1.06936452507,-3.2698545559
1.06850725642,-3.26877117709
1.06869577979,-3.27413948032
1.07043148374,-3.29596331473
1.06686131719,-3.25348953458
1.06788439629,-3.26539909182
1.06818680836,-3.23429674823
1.06924357091,-3.27296169737
1.06812342123,-3.27400500413
1.06943544183,-3.25610810971
1.06591707443,-3.25736031353
1.06661658506,-3.23409982932
1.0686723343,-3.23819518708
1.06825905405,-3.23551452008
1.06535005099,-3.24823360945
1.06853065897,-3.24640169046
1.06759721929,-3.26652326197
1.06557687712,-3.26164046932
1.06602390363,-3.23734931857
1.06639040281,-3.26233792066
1.06522096128,-3.25877374738
1.06767771042,-3.25880482317
1.06684593156,-3.24553598411
1.06534967451,-3.2588536755
1.066447402,-3.272831953
1.06701890005,-3.26903650382
1.06453849752,-3.24767920468
1.06656533209,-3.2202838546
1.06635760891,-3.27132233807
1.06562653645,-3.25992141919
1.0655757773,-3.2626397552
1.06848464246,-3.24666754866
1.06426335201,-3.24099043503
1.06527824409,-3.25153169935
1.06619172205,-3.27666097359
1.06555182966,-3.26271274044
1.06674039393,-3.24650228524
1.06784553375,-3.25245411086
1.06439890284,-3.25566474581
1.06596761686,-3.24580678717
1.06893044908,-3.26158953674
1.06670466446,-3.27181840295
1.06485331794,-3.25772127037
1.06692888426,-3.24406845025
1.06631971359,-3.23779889134
1.06576807979,-3.28399088285
1.06622083241,-3.27345460211
1.06327626089,-3.22448814569
1.06341114858,-3.26220494031
1.06700034179,-3.26783347998
1.06627724789,-3.22140446609
1.06434310491,-3.23569184793
1.06457876923,-3.23474219631
1.06535226288,-3.24129519067
1.06394084599,-3.25136517589
1.06610704307,-3.26949502644
1.06244709611,-3.19969684312
1.0633137631,-3.26970650294
1.06472657518,-3.25712064042
1.06736632786,-3.25805947745
1.06380583281,-3.23419293312
1.06359283547,-3.26669870941
1.06404141252,-3.26638258601
1.06312308597,-3.27427557227
1.06433325614,-3.2224178013
1.06572849608,-3.27556556639
1.06265819001,-3.23544922404
1.0641585863,-3.24687818339
1.06545962061,-3.26593557609
1.0643905985,-3.26604394625
1.06176017764,-3.2639878019
1.06502488945,-3.28516577263
1.06363784994,-3.26355397628
1.06491205118,-3.24844528738
1.06351550448,-3.22535091595
1.0619740977,-3.22533561398
1.06132203228,-3.26318315086
1.06603620237,-3.26281150529
1.06469769216,-3.26025326466
1.06263946185,-3.2419541166
1.06290855587,-3.228908105
1.06417250704,-3.23425497033
1.06214811049,-3.23865905354
1.06334983397,-3.23640252977
1.06298762009,-3.24665587357
1.06246332031,-3.26514115425
1.0634455616,-3.26678277959
1.06414460013,-3.2520458007
1.06126841767,-3.25851284956
1.06316093641,-3.24810866158
1.06253965468,-3.24513185636
1.0627813826,-3.27270666638
1.06220634024,-3.25224553177
1.06381333888,-3.23017674974
1.06119292886,-3.2866927781
1.06343931176,-3.2719384198
1.06558888194,-3.24738569118
1.06307510045,-3.24743580101
1.06177204185,-3.24122344431
1.06333945145,-3.24873403497
1.06260479349,-3.25286702694
1.06365341334,-3.25164957135
1.0639638642,-3.21941498723
1.06240800717,-3.26507960973
1.06143697387,-3.20263628394
1.06427043252,-3.23224526557
1.06167217362,-3.22925262211
1.0608233643,-3.24761807513
1.06408951123,-3.24467054716
1.06399703035,-3.2255327371
1.06036646287,-3.23361990805
1.06303823639,-3.26744307301
1.0617349589,-3.24890082722
1.06051030113,-3.26555025083
1.06127440917,-3.23123039652
1.06288802817,-3.24307688068
1.06055210336,-3.22961747032
1.06201114695,-3.24193562824
1.06062525458,-3.23791443568
1.06074141775,-3.23958839936
1.06269917269,-3.23690377296
1.06388192745,-3.25739488098
1.05994077946,-3.23743061083
1.06296326152,-6.53447497659
1.06437145246,-2.48883395422
1.06348436626,-2.75042991787
1.0623085083,-2.96886276643
1.06383524029,-3.12736861502
1.06143501712,-3.21704902796
1.06308709458,-3.2647108444
1.06316234141,-3.26773968482
1.06265046604,-1.98021707455
1.06423839633,-4.74826417445
1.06485961934,-3.30399447518
1.06095450717,-2.93827079275
1.06186934028,-2.95778636471
1.06394362621,-3.00613716765
1.06415184423,-3.03067248059
1.06203398218,-3.09421725984
1.06439112167,-3.11382638254
1.06190446875,-3.21370297256
1.06075776049,-3.20938683119
1.06340995257,-3.21784320626
1.06442963211,-3.21662782125
1.06191528008,-3.21055837082
1.06356631768,-3.21630363454
1.06224115232,-3.22908147945
1.06173867132,-3.20500920406
1.06331548294,-3.22491016053
1.06358078555,-3.23872066532
1.06044144053,-3.19026668614
1.06449292165,-3.23448464238
1.06225614958,-3.24418871
1.06149191095,-3.20227374205
1.0610303128,-3.22899226294
1.06101857439,-3.21337293109
1.05988007681,-3.19259034696
1.0612470231,-3.21317484102
1.0614620144,-3.23164929279
1.05830172247,-3.2144060494
1.05955197461,-3.23059900604
1.06228376374,-3.19329661425
1.059068537,-3.20498588132
1.0594367973,-3.24323859362
1.05972274822,-3.22946293942
1.06096682907,-3.23266546447
1.06075384815,-3.22265497474
1.0620264116,-3.23706374473
1.05790611412,-3.19688338399
1.05953443257,-3.22294057971
1.06161091493,-3.2324193979
1.06041747901,-3.24312633393
1.05890529847,-3.21797007196
1.06184886987,-3.24263864577
1.06019584138,-3.21870700285
1.05882767987,-3.24864472932
1.05966033179,-3.22375228044
1.05863661808,-3.22780874639
1.05683548306,-3.211569858
1.06062579016,-3.23720020655
1.06130629524,-3.2162584986
1.05874186939,-3.23643632388
1.05864566332,-3.21025971607
1.05916267765,-3.23061988066
1.05905300211,-3.2369516128
1.06146555406,-3.21292937794
1.05889222132,-3.23255266644
1.05837196805,-3.24072599236
1.06026926178,-3.22790042747
1.06236795779,-3.22370167551
1.05752302078,-3.19608267489
1.0587395541,-3.23582044134
1.05917743484,-3.21709156028
1.05929756683,-3.22809872122
1.05860997569,-3.19716221027
1.05958068395,-3.22296579094
1.05681373381,-3.20312620108
1.05897317484,-3.21066685722
1.05975404928,-3.22579619379
1.05881993957,-3.21865648173
1.0576249961,-3.22701917494
1.06071441888,-3.22814401435
1.05865124588,-3.21612604742
1.0598952959,-3.23223671853
1.05953955364,-3.21491745872
1.05799269823,-3.24069803206
1.05524329339,-3.21892576191
1.0607758968,-3.24245526544
1.05951477824,-3.2174494215
1.05864065272,-3.25227496823
1.05760866027,-3.21159043072
1.05775991521,-3.21219812669
1.05585517489,-3.21875435924
1.05789596647,-3.24476628199
1.05696132042,-3.24560499366
1.05627803698,-3.23077813233
1.05813772168,-3.22928600926
1.05879386538,-3.24890478876
1.05429597838,-3.21293966615
1.05609347535,-3.2186009341
1.05632345757,-3.22648426989
1.05685560528,-3.21724258092
1.05622133812,-3.25106676791
1.05736681298,-3.22719992345
1.05450427462,-3.23220869672
1.05642365094,-3.25694855111
1.05614523452,-3.21776086176
1.05511766325,-3.22124651466
1.05440857945,-3.23794162308
1.05615265349,-3.25438731408
1.05453431901,-3.22656043651
1.05583513771,-3.22159907551
1.05694731107,-3.22082281404
1.05491138297,-3.20884422743
1.05310770826,-3.24579886404
1.05640663437,-3.21467281781
1.0552469827,-3.20038080881
1.05364468138,-3.23342837995
1.05515890835,-3.23064621021
1.05452980342,-3.24478046624
1.05374209689,-3.23889461042
1.0549650806,-3.22056612703
1.05351382615,-3.22063750797
1.05272179805,-3.21447286102
1.05573324114,-3.21242074906
1.05826436432,-3.23573529927
1.05376971021,-3.23691424173
1.0540395158,-3.23938296266
1.05439218833,-3.23112214125
1.05494243685,-3.21034886862
1.05673721603,-3.20184360321
1.05691822179,-3.2175382599
1.05450772942,-3.23343029724
1.05728626613,-3.22497844739
1.06021293524,-3.20224287356
1.05854027816,-3.22453192234
1.0580984253,-3.21533668065
1.06081849615,-3.24009918186
1.05827809411,-3.22235930476
1.06107698655,-3.2473582843
1.06192645177,-3.21929521494
1.06098474628,-3.24633026728
1.05874648703,-3.22422561165
1.0625289552,-3.22849107303
1.05983522506,-3.20640396884
1.05934703707,-3.22604664394
1.05916819179,-3.19808058429
1.05999041939,-3.22866184836
1.05948285565,-3.22677485792
1.06137396433,-3.21691115406
1.05801133439,-3.20573064799
1.05685962343,-3.19909357073
1.05968568051,-3.1990802874
1.06282973598,-3.23748412382
1.05918489726,-3.23167066
1.06007454168,-3.2257814337
1.05854547253,-3.24727979792
1.05815345971,-3.21972099747
1.05837304762,-3.22466003765
1.058067553,-3.2281210465
1.05544130787,-3.23820635177
1.05943098787,-3.24768820381
1.05745012641,-3.22772262047
1.05546790634,-3.22879210151
1.05448734171,-3.24429039031
1.06952049714,3.21742647103
1.05354608465,-4.01120831815
1.05423704384,-2.90645668862
1.05570460445,-2.62664924697
1.05331219037,-2.69758620472
1.05316010881,-2.88861957159
1.05600601769,-3.04285594283
1.05345067964,-3.14200422005
1.05381377307,-10.5526770886
1.05421076592,-4.19119494751
1.05458640748,-3.90476301123
1.05349133196,-3.55487831488
1.05560384012,-3.44479790561
1.05221703347,-3.36316873157
1.05228817933,-3.25869754414
1.05344799111,-3.21961619717
1.0545487805,-3.2270599588
1.05129716034,-3.20798267938
1.05449878026,-3.26430092727
1.05331861963,-3.25487260209
1.05270057446,-3.24773917515
1.05246302095,-3.18809568832
1.05269079108,-3.20328094423
1.05094358754,-3.18769575434
1.05503178455,-3.20286552301
1.05514540016,-3.22090071048
1.05344700275,-3.21242718647
1.05379977778,-3.20503555483
1.05388234284,-3.21745406798
1.05102670813,-3.23954263122
1.05337200643,-3.2029117608
1.05514894987,-3.22350761288
1.05318469795,-3.20232925118
1.05170063671,-3.18368727586
1.05414780429,-3.2018567342
1.05143090562,-3.20664754159
1.05237334875,-3.20022570806
1.05263785809,-3.19640249352
1.05134300128,-3.20179739746
1.05157198874,-3.19269505507
1.0542786418,-3.20952735792
1.05068761287,-3.18528221417
1.05313734745,-3.22267920545
1.05341155983,-3.17764987018
1.05347143003,-3.20497237832
1.05078658922,-3.20162367047
1.05343666527,-3.20700933151
1.05224994213,-3.20066882552
1.0530371591,-3.23744503963
1.05319135039,-3.21142631824
1.05002099626,-3.17826059085
1.04883958003,-3.20186536124
1.05309513978,-3.20129632495
1.05283223474,-3.19946694715
1.0509677289,-3.20743595214
1.05060407427,-3.22569621168
1.05061221497,-3.20224744993
1.04768582361,-3.19593568053
1.05186303907,-3.23643327881
1.04983394853,-3.21140705288
1.04921222708,-3.23427239029
1.04954617741,-3.23997487951
1.05173804591,-3.20765545198
1.04927766849,-3.21114098635
1.04994538264,-3.21043062601
1.04919243658,-3.19765111463
1.04844249416,-3.19539902142
1.04913573509,-3.21711782748
1.05133182497,-3.20787968949
1.04767807901,-3.2120711034
1.04833692062,-3.22079117013
1.04964080359,-3.20400754316
1.05077020597,-3.2104645557
1.04783599021,-3.22790814754
1.04943595421,-3.23245521016
1.04797960168,-3.19676559812
1.05043278704,-3.24599290026
1.04990007486,-3.23118088483
1.0475106815,-3.1982641617
1.04609380923,-3.20819304501
1.05020435568,-3.20269033953
1.04913212798,-3.20960493515
1.04757895171,-3.20890402382
1.04879175148,-3.23124654206
1.0482405002,-3.16719927578
1.04660195203,-3.21588555603
1.04847670046,-3.21296898484
1.04695700368,-3.22409418498
1.04577760831,-3.19147077637
1.04824577623,-3.22045738178
1.04938373243,-3.1896035115
1.04691221874,-3.23357010202
1.04773603864,-3.21172752933
1.04639146855,-3.20409831833
1.04648957223,-3.22867041568
1.04830786683,-3.22434904777
1.02087631984,-2.17617483374
1.04141128332,-3.31392705895
1.04393351701,-2.90407425842
1.04337929587,-3.2469392617
1.04272329748,-3.26117860918
1.04307759164,-3.20851907472
1.04526491287,-3.27243568097
1.04174596578,-3.25301814108
1.04377554985,-3.23913963828
1.04189487433,-3.40586467948
1.0431383713,-3.45950974939
1.04384829809,-3.47451357405
1.04380260034,-3.39801606926
1.03943038106,-3.40403686466
1.04310896205,-3.42171130053
1.04410097232,-3.44788196914
1.04227088012,-3.44004910394
1.0404678907,-3.43518091976
1.04284517564,-3.45407137707
1.0417000534,-3.45550025935
1.0436428835,-3.4192675149
1.04278265699,-3.44857341543
1.04202367922,-3.48414313412
1.04248354307,-3.45237909545
1.04575026306,-3.49047296167
1.04169215397,-3.47414040169
1.04237020335,-3.45129599098
1.04261683914,-3.47374101524
1.0436816906,-3.45323209501
1.04216780115,-3.46618031189
1.0446717064,-3.49068488349
1.04085599075,-3.46386560665
1.04099713812,-3.47601686231
1.04292077122,-3.46795976573
1.04225958705,-3.47886477718
1.04007636294,-3.491392611
1.04144330494,-3.48593585981
1.04119745078,-3.47883475524
1.04195341673,-3.47699131596
1.04068103107,-3.47549665754
1.04158936387,-3.49684164159
1.0383013328,-3.45128474413
1.04263989695,-3.48900509629
1.04084032896,-3.48067268999
1.03983076061,-3.46318158124
1.03854484957,-3.45744072753
1.04095780293,-3.4863992972
1.04078480112,-3.4749734015
1.04204930979,-3.49322131899
1.04000129695,-3.45508363348
1.03988307677,-3.51246642072
1.0407076997,-3.50150647574
1.04343880335,-3.48371064803
1.03976775682,-3.48323656831
1.03971154968,-3.45883353686
1.04099737492,-3.48485548112
1.04263184488,-3.48804500797
1.04054361859,-3.487156639
1.04217365054,-3.49037080387
1.04070681491,-3.48611378685
1.04148399768,-3.4891822457
1.04275313385,-3.4890124143
1.04213881683,-3.51937650718
1.03961907769,-3.5179176669
1.04264912568,-3.49854807874
1.04197397105,-3.50848587262
1.04181064051,-3.50315689026
1.04195265331,-3.50284735206
1.04172694981,-3.49626457453
1.03915700842,-3.47699120108
1.04350823335,-3.48637660055
1.04218746914,-3.48480989225
1.0416496529,-3.49513618702
1.04090324732,-3.50267158944
1.04144763288,-3.45263589262
1.04134234482,-3.48303828083
1.04418505954,-3.48325471493
1.04256866143,-3.51237137317
1.04243350104,-3.47288198607
1.04305378667,-3.49017720075
1.04488998696,-3.46317178632
1.04161072601,-3.48565899003
1.04353349088,-3.49923631472
1.04509025503,-3.53274816394
1.0444284079,-3.51200994125
1.0428711043,-3.48987816368
1.04336564648,-3.49533180583
1.04224938144,-3.50054864657
1.04404105759,-3.48072702403
1.04343280302,-3.48015126586
1.04328528485,-3.5184872561
1.04168594889,-3.48289463361
1.04438971105,-3.49223239141
1.04096883243,-3.48360771198
1.04286593317,-3.51425572533
1.04318181004,-3.51184361215
1.04269111341,-3.49663839352
1.03948904429,-3.49268050258
1.04363113614,-3.51409586491
1.04235705905,-3.48845267626
1.04183676424,-3.49003791274
1.03978631342,-3.47593542873
1.04257169764,-3.50013411686
1.04074002958,-3.4681447279
1.04221373752,-3.49188680673
1.04017715055,-3.49141799553
1.03997395256,-3.51436037767
1.04156956944,-3.50545610331
1.04248943674,-3.47038860742
1.03820303417,-3.4719641443
1.04053423694,-3.50894169176
1.04034231157,-3.48236983717
1.04069947351,-3.4801554429
1.04097737151,-3.51249845872
1.04167849803,-3.52740105735
1.03782085298,-3.50399805553
1.04079273889,-3.50471928141
1.04153104914,-3.49246709639
1.04152585713,-3.48803330838
1.03857401276,-3.49114588729
1.04096764402,-3.49579169383
1.03955236995,-3.48874776525
1.04199582359,-3.50634456977
1.04240114578,-3.50885239754
1.04051636418,-3.49473959639
1.03909012019,-3.47233110375
1.04190808794,-3.50639077732
1.04079193188,-3.47476624715
1.04038381692,-3.54037245875
1.04042268325,-3.48176975206
1.04120571429,-3.49041282802
1.04116387506,-3.51490390692
1.04173177323,-3.47946093964
1.03892971573,-3.48983890217
1.03887843656,-3.48530994332
1.04019110903,-3.50045075183
1.04186470368,-3.50952341696
1.03868918651,-3.52272421498
1.04048492381,-3.49580989219
1.03854780471,-3.47465533984
1.0407248857,-3.50038341999
1.03970623043,-3.49720364471
1.04024172095,-5.58321562297
1.03762424268,-2.79215921503
1.03938000763,-3.03612019109
1.04108063339,-3.22821481978
1.03917148586,-3.37229391156
1.03830987307,-3.43540734269
1.04087271769,-3.51401840306
1.03841674281,-3.53477285459
1.0414543909,-4.12053921232
1.04007692623,-4.30067661438
1.03997435032,-3.25750352726
1.03885953554,-3.18211889321
1.04214480307,-3.28283485765
1.038254583,-3.36183005678
1.03833956066,-3.39907590183
1.03913585176,-3.45966183205
1.03894830692,-3.46314712547
1.04089873275,-3.722459383
1.04189492451,-3.62221138833
1.03801863875,-3.51603296804
1.03813109185,-3.46947676484
1.0393626879,-3.47710505317
1.04016028273,-3.48114896093
1.0372121731,-3.47573791984
1.03926975213,-3.47208094427
1.0388630887,-3.49294233092
1.03926532879,-3.50986461927
1.03834719082,-3.49095373675
1.03884934689,-3.48233653566
1.03703009187,-3.47088209395
1.04077231834,-3.48686521876
1.03879208125,-3.47007450883
1.03928016926,-3.5050430022
1.03866083697,-3.44207347139
1.04117250708,-3.50589408244
1.0388419874,-3.47329785171
1.04101220133,-3.50445897533
1.04067603879,-3.48218387591
1.03964589019,-3.45242371934
1.03947961114,-3.49269445323
1.04142930942,-3.4876978732
1.03933468337,-3.45958884301
1.04042401413,-3.479981314
1.03906902994,-3.47593896142
1.03882587431,-3.46122522962
1.03931171532,-3.49705999178
1.04182793773,-3.4761399612
1.03888376485,-3.48319965411
1.03895722912,-3.48158963607
1.03983424766,-3.49359676299
1.0389181046,-3.4702296197
1.03659156373,-3.4856436303
1.04010540358,-3.51983328827
1.03987934043,-3.47097636211
1.03932829736,-3.47929376635
1.03781445933,-3.51438068561
1.03944102124,-3.51975862428
1.03679457269,-3.497457162
1.0397385588,-3.44162747292
1.03889957116,-3.49215039556
1.03798951056,-3.51571181445
1.03695195267,-3.46227689518
1.03791869116,-3.47677902686
1.03637164813,-3.46964681732
1.03903804599,-3.50893057021
1.03811045694,-3.50806443316
1.03580603222,-3.48956738912
1.03533457294,-3.46319484548
1.03920466837,-3.49178302955
1.03653867123,-3.50064267845
1.03672921919,-3.49915501218
1.03600854879,-3.50012793277
1.037201688,-3.50769598569
1.03743924939,-3.48982026039
1.04011102012,-3.48173764661
1.03709135899,-3.49506243888
1.03940157969,-3.47558112577
1.04218864791,-3.49440715779
1.04253249031,-3.49448352645
1.04072862857,-3.4974426956
1.04384625438,-3.5018360725
1.04345767838,-3.48774236351
1.04379223969,-3.50844212094
1.04461067174,-3.47968191485
1.04336248008,-3.49673764293
1.04128922897,-3.51618723463
1.04436620385,-3.50430784627
1.04272587151,-3.49293301191
1.0416795902,-3.50171835406
1.04001158991,-3.47548374593
1.04176009185,-3.49284367368
1.03970131179,-3.49052348995
1.04291001677,-3.47346806511
1.03978960825,-3.49384519503
1.03961717493,-3.45982086647
1.04071954699,-3.47941917353
1.04299172538,-3.46224042963
1.0411639385,-3.47068235616
1.04133101491,-3.49626183109
1.04144225779,-3.44907061107
1.04293033675,-3.47639895109
1.04314365168,-3.48301711766
1.04391341459,-3.4876189359
1.0405810109,-3.47413646388
1.0428798813,-3.4888025672
1.04382410317,-3.46458213917
1.04345215623,-3.48738193404
1.03954495381,-3.49302150566
1.04097641624,-3.46892570208
1.03883084738,-3.47953141559
1.03922349036,-3.48409718224
1.03839128892,-3.48186725918
1.03739866194,-3.49639652735
1.0351145417,-3.47776479845
1.03872153214,-3.48225950945
1.03715913376,-3.51335676907
1.03542380934,-3.47618135075
1.03688777792,-3.5212053623
1.03771695089,-3.49775893647
1.03542260818,-3.44081529611
1.03798729608,-3.47941947912
1.03481262063,-3.4802497026
1.03580052084,-3.50256148207
1.03621292362,-3.47308553624
1.03780155195,-3.52947231251
1.0348436928,-3.50642523894
1.03643144409,-3.50988105108
1.03574012023,-3.50770268757
1.03628577465,-3.46322813885
1.03699562456,-3.46611838403
1.03870794562,-3.5038372649
1.03424427143,-3.50465142612
1.03714348523,-3.46565010812
1.03854225945,-3.5148979755
1.03827669082,-3.47879611598
1.03656987609,-3.51298948078
1.03835645664,-3.50262580048
1.0375476711,-3.48782377378
1.03843315891,-3.47627324098
1.03759044149,-3.48838804602
1.03720130464,-3.46945546979
1.036966212,-3.49440805744
1.03999125549,-3.49653979054
1.03603393182,-3.4723574967
1.03562898131,-3.48825213854
1.03681990987,-3.47011945222
1.03713190571,-3.49430966162
1.03536091835,-3.49310907074
1.03867455893,-3.51700045115
1.03589358142,-3.48624830713
1.03495100719,-3.49430274007
1.03476639052,-3.50838059194
1.03678453257,-3.47688963396
1.03575878944,-3.50716193703
1.03595156652,-3.4592310169
1.03489691909,-3.48637449881
1.03542162447,-3.49205549541
1.03807163879,-3.51325743282
1.03696117317,-3.49384606869
1.03371835223,-3.48042627065
1.03712071609,-3.50157740003
1.03742651318,-3.49103808453
1.04683814492,2.3473964241
1.03513422916,-4.0689203206
1.03709167939,-3.11382952171
1.03623479805,-2.92980547139
1.0374757285,-3.0451923113
1.03608526879,-3.2124121903
1.03457745255,-3.29822232883
1.03485943348,-3.39500214391
1.03898366139,-9.96241923764
1.03688321129,-4.41092771674
1.03708181404,-4.17918730321
1.03532417198,-3.79188838146
1.03570214258,-3.67361192227
1.03581576066,-3.57001411484
1.03786294848,-3.48847422362
1.03566864724,-3.48955754422
1.03411928417,-3.47086066427
1.03610935503,-3.50252750229
1.03718370873,-3.58665522353
1.03535811181,-3.57193208092
1.03765592608,-3.51979307133
1.03550785964,-3.47131278269
1.03581668825,-3.4604156006
1.03608595348,-3.48918002134
1.0354113616,-3.441740824
1.03229491246,-3.444650994
1.03660136675,-3.4870721408
1.03647108045,-3.48869847062
1.03486096747,-3.45931770011
1.03424538628,-3.47978781893
1.035095895,-3.45884700305
1.03488759625,-3.46849514073
1.03735923966,-3.4806556674
1.03625685716,-3.43479825535
1.03403954107,-3.41322697868
1.03443123938,-3.46786116668
1.03732598212,-3.44940391052
1.03511285932,-3.4374235194
1.03590356669,-3.46329403547
1.03600513536,-3.4747625764
1.03620743648,-3.45425505897
1.03550399249,-3.48096093811
1.03760276089,-3.45030358498
1.03406054118,-3.4540390668
1.03618337069,-3.4559223397
1.03717269969,-3.47180966016
1.03496766596,-3.44100940234
1.03340562882,-3.45043525464
1.03574601819,-3.43895633309
1.03505000756,-3.48437749265
1.03474533057,-3.46551479041
1.03654203056,-3.48396394124
1.03592361944,-3.46300207942
1.03188907706,-3.44160859346
1.03580568449,-3.46006481367
1.03505253032,-3.46353809279
1.0340689989,-3.44655609743
1.03374011294,-3.44434483806
1.03484955713,-3.46893773388
1.03349724988,-3.46267196561
1.03621921278,-3.47573733483
1.03416605078,-3.47871166187
1.03452336648,-3.45876640302
1.03398189433,-3.4592710489
1.03665034915,-3.479279031
1.03238592452,-3.46308367482
1.03505342062,-3.4916522934
1.03561708632,-3.504649492
1.03389221168,-3.46388955894
1.03429437041,-3.46833542353
1.03588683484,-3.47110775423
1.03326624769,-3.46424076785
1.03489679843,-3.47726425851
1.03530833447,-3.4832149995
1.03541571531,-3.47849593619
1.03363154605,-3.47722270347
1.03595835424,-3.46936101027
1.03213366604,-3.5064649893
1.03409945928,-3.46628993329
1.0351147517,-3.48516083152
1.03498864455,-3.48669470561
1.03212498285,-3.51234857274
1.03521005971,-3.47322752608
1.03347824254,-3.5079055657
1.03279254414,-3.48555659335
1.03265002675,-3.4858419483
1.03549748626,-3.49349448164
1.0326057704,-3.44559891431
1.03463899336,-3.46617278853
1.0319638596,-3.50835083731
1.03212863528,-3.45516826145
1.03471299353,-3.48878707228
1.03686816169,-3.50172385858
1.03333345629,-3.49406246975
1.03403077177,-3.46413590901
1.03499129357,-3.48090622666
1.01560016883,-2.03171808435
1.04083865691,-3.3878920042
1.04153508688,-3.55465453492
1.03745318249,-3.4885346691
1.03891589518,-3.46451208636
1.03885638193,-3.48820863275
1.03982751149,-3.59179853193
1.0377488635,-3.51830347499
1.04006330252,-3.52830080797
1.03540410357,-3.52256120783
1.03824822102,-3.61285791132
1.03930018277,-3.59840116625
1.03709379071,-3.57616575201
1.03597568313,-3.58959750228
1.03927522183,-3.62057462026
1.03822045125,-3.61895057788
1.03707575688,-3.58370852852
1.0364796682,-3.64615347625
1.03760214953,-3.62738604847
1.03688774943,-3.63330364765
1.03989138054,-3.67243036941
1.03805645027,-3.63511298649
1.03584217783,-3.65550244304
1.03552985198,-3.60579530075
1.03831748223,-3.665984856
1.03571169937,-3.62920375958
1.03661641098,-3.64384553372
1.03535942773,-3.63330344472
1.03597092811,-3.63682892913
1.03686001118,-3.61976454021
1.03758200178,-3.62349208559
1.03496910482,-3.6190674513
1.03595282303,-3.67870382941
1.03783478573,-3.64481365686
1.03664028057,-3.63426792353
1.03546845394,-3.61072120624
1.03701054056,-3.64188048076
1.03459223724,-3.64039762502
1.03814245315,-3.65826528766
1.03737619046,-3.63152260449
1.03685542325,-3.64967491641
1.03588002646,-3.64007137695
1.03881194713,-3.65670354941
1.03706599527,-3.6518694944
1.03706865172,-3.6472932589
1.0363649224,-3.63490503091
1.03692137373,-3.65003908635
1.03709074449,-3.6330649577
1.03959009008,-3.66123547271
1.03671076285,-3.65884355973
1.03582819639,-3.64838529745
1.03799430979,-3.65376516572
1.03865274221,-3.64692532345
1.03562495149,-3.64617154956
1.03793539571,-3.66629710221
1.03625788439,-3.61741345952
1.03763594006,-3.69966860165
1.03707733121,-3.66365305977
1.03625486528,-3.6418019462
1.03443207316,-3.63476856112
1.03739675838,-3.6535339502
1.0373639915,-3.66927266177
1.03725095635,-3.66967856888
1.0360305396,-3.6380038636
1.03750013472,-3.64879748623
1.03504102688,-3.67218899725
1.03793672054,-3.67819688166
1.03807291208,-3.63320054996
1.03699862002,-3.64884680808
1.03601813352,-3.65556785885
1.03909436432,-3.70677867451
1.03574923807,-3.62410511776
1.03685639984,-3.66704778101
1.03614568711,-3.62982791708
1.03687426446,-3.6507552828
1.03691633589,-3.6861417061
1.03857133759,-3.6425376282
1.03498043088,-3.67441854201
1.03484522824,-3.66459885478
1.03674151037,-3.65599668905
1.03718563416,-3.67032191912
1.03384304792,-3.65140477027
1.03656525857,-3.66937974216
1.03618843631,-3.66810198734
1.03597762812,-3.68143184322
1.03588497549,-3.6417618244
1.03673394997,-3.65939181268
1.03406570311,-3.64871499299
1.03626043816,-3.66848740832
1.03534871507,-3.67182725145
1.03626065175,-3.68213252746
1.03666362124,-3.68811020415
1.03621116102,-3.68052957044
1.03398489704,-3.66827172362
1.03721845831,-3.68017011383
1.03734954133,-3.68885457913
1.03565642582,-3.68240268781
1.03392204155,-3.66373358597
1.03829162367,-3.65967386989
1.03512760449,-3.66950269041
1.03586201931,-3.64060540055
1.03536305009,-3.68640020785
1.03568025632,-3.6646599781
1.03649556057,-3.62520295661
1.03928323706,-3.65739499834
1.0342439953,-3.65914887848
1.03559443662,-3.67452957262
1.03725151741,-3.64547755204
1.03742734945,-3.66117235914
1.03572105302,-3.66610749843
1.03627884079,-3.68402257013
1.03439897562,-3.67081406362
1.03506143239,-3.67396926208
1.03750680697,-3.67767165119
1.03664358112,-3.68119006706
1.03361209136,-3.67545689889
1.0364127183,-3.65266335417
1.03526627955,-3.66507496581
1.03589670741,-3.67697625909
1.03505588329,-3.62802665206
1.03686473346,-3.66083372399
1.03520926253,-3.67957544236
1.0384729332,-3.67431097612
1.03533187458,-3.65884919254
1.03416708016,-3.67665502311
1.03517456905,-3.66516777549
1.03759527188,-3.69259318929
1.03546666094,-3.66544752997
1.0359805407,-3.6454871376
1.03535640087,-3.65151845682
1.03461384026,-3.65966738594
1.03626042431,-3.69252011294
1.03853495446,-3.70566385719
1.03450284438,-3.65835240541
1.03579663452,-3.70920378526
1.03655074501,-3.65131417578
1.03677070223,-3.65414368078
1.03514261022,-3.679773399
1.03737078324,-3.65358325297
1.03553384637,-3.64659935296
1.03674219498,-3.66540167362
1.03756271857,-3.6658466435
1.03553182182,-4.98374944777
1.03455385696,-2.89611022703
1.03874949864,-3.2394017321
1.03637297639,-3.44813077351
1.0354880276,-3.55636074857
1.03534661737,-3.64313832838
1.03631492348,-3.73069395022
1.03403504023,-3.75492420315
1.03819593893,-5.42119624521
1.03598940814,-4.57698693754
1.0339036,-3.48650371197
1.03375225687,-3.37749342235
1.03496566607,-3.49395785716
1.03356112391,-3.60560390804
1.03606617694,-3.64557306693
1.0338154375,-3.63869997123
1.03371945584,-3.63236125797
1.03422877584,-3.493278095
1.03723869159,-3.72252486111
1.03308907553,-3.66938167011
1.03544646149,-3.6607439898
1.03748591531,-3.71408742906
1.03644101879,-3.70974816154
1.03521123891,-3.68078202342
1.03690606378,-3.65254726953
1.03516018754,-3.64856986645
1.03771643832,-3.71165050492
1.03732913195,-3.68374594337
1.03619097874,-3.67637613364
1.03631171611,-3.66861729741
1.03900658772,-3.71059187656
1.03578677692,-3.70540568167
1.03711612506,-3.71962504414
1.03773661462,-3.68751186896
1.03745275706,-3.68414586602
1.03519535698,-3.66981582089
1.03844583458,-3.71961278519
1.03765119684,-3.70981718102
1.03726734934,-3.67996058497
1.03683189039,-3.70545027502
1.03926112401,-3.69897946171
1.03742503334,-3.68073453779
1.04070282963,-3.69275356604
1.03914953992,-3.6834542002
1.04071071351,-3.72012105486
1.04239551069,-3.70477465591
1.0412967213,-3.66936133815
1.03890258046,-3.69981755094
1.04126004322,-3.67455201345
1.04238202092,-3.70702304266
1.04056161217,-3.68127829752
1.03890585237,-3.69374187533
1.03991615826,-3.67653902031
1.03776490827,-3.66611921764
1.03978400078,-3.66126818975
1.04015756864,-3.67416116153
1.03855472201,-3.65892909121
1.03723961723,-3.66093175264
1.03967797009,-3.67662285274
1.03821489429,-3.65960014721
1.039396017,-3.67585054081
1.03901631324,-3.68381199279
1.03824155506,-3.66300784424
1.03742194024,-3.6688813561
1.04143240222,-3.66901248331
1.03935050375,-3.69780414829
1.03791599664,-3.68217292966
1.03925815874,-3.66111512595
1.04030864702,-3.70350250788
1.03806236592,-3.69546347358
1.03845788769,-3.65006992514
1.03592997014,-3.65610395106
1.03611973034,-3.65807730842
1.03659409248,-3.67997071885
1.0371761213,-3.66424243382
1.03237526878,-3.67612297542
1.03485693317,-3.65501650782
1.03451554637,-3.65853373501
1.03440895866,-3.65564238227
1.03434500025,-3.64125440551
1.03455338514,-3.65087857953
1.03366278589,-3.67861842771
1.03591128184,-3.66005476726
1.03528179192,-3.65459727754
1.03459812287,-3.66821673573
1.03448024777,-3.66859827044
1.03747320598,-3.66684328883
1.03574290195,-3.68512772044
1.03633589394,-3.66203364286
1.0349459625,-3.66521924233
1.03546188617,-3.68977416557
1.03599234738,-3.68130378554
1.03885801598,-3.680696081
1.03545531209,-3.69189089172
1.03526247712,-3.65758281506
1.03651826371,-3.66171160881
1.03684867537,-3.6912653225
1.03503263875,-3.66258853315
1.03682680406,-3.66370566527
1.03499142045,-3.6817205482
1.03571455626,-3.66629601358
1.03789672224,-3.65143871497
1.03719028653,-3.66678654068
1.03397324696,-3.66177839844
1.03630093921,-3.68022591604
1.03622289116,-3.6670128006
1.03582222364,-3.64636104411
1.03480224078,-3.67037558133
1.03505855529,-3.68044619484
1.0341121205,-3.68156851267
1.03720882997,-3.68859485397
1.03476221168,-3.68210726441
1.03299073244,-3.65988548132
1.03400667348,-3.6604170335
1.0372480438,-3.65122283055
1.03419376787,-3.66846356414
1.03608470512,-3.65226756122
1.03423611344,-3.6776848135
1.03526100257,-3.65968032533
1.03522161149,-3.67891230834
1.03785636648,-3.68215729807
1.03501462462,-3.66652872995
1.03568331715,-3.66085576072
1.03592713394,-3.65323409221
1.03595020587,-3.6836584276
1.0360775759,-3.63568612832
1.03829040464,-3.64406488592
1.03541791487,-3.66826648075
1.03655086115,-3.66756638527
1.03772584208,-3.6665002518
1.03726970266,-3.67551597523
1.03412687661,-3.6623477828
1.03805922899,-3.68494999296
1.03683152095,-3.640097715
1.03673373498,-3.65923949282
1.03502188959,-3.66344364758
1.03687275287,-3.66517177761
1.03501160753,-3.6617016874
1.03769404959,-3.67535372488
1.03527825724,-3.60943488488
1.03478649667,-3.67643959153
1.03615314923,-3.66647676498
1.03780368905,-3.67241787194
1.03498481071,-3.67519809306
1.03769141104,-3.65861215165
1.03699271817,-3.66446796451
1.03569375323,-3.64500018171
1.03628759298,-3.63894376107
1.04005981471,-3.66563587926
1.03622002085,-3.64217078986
1.03780029271,-3.66115784048
1.03755943808,-3.65924696566
1.03776601547,-3.66747663673
1.03701814292,-3.68482036351
1.03808649065,-3.66422736615
1.03552615247,-3.69859701245
1.03852348371,-3.67766615317
1.0393011704,-3.6958692467
1.03661917079,-3.66172382245
1.03460673277,-3.68550263578
1.03727284601,-3.6910453962
1.03641764939,-3.6681000791
1.04659924164,2.21711864792
1.03629318001,-3.64994565568
1.03554896389,-2.89859563989
1.03411786066,-2.94020761807
1.03859328027,-3.19369846023
1.0365772372,-3.49396410806
1.03540980476,-3.60249405859
1.03592425932,-3.68686301152
1.03775551076,-9.96326766423
1.03590245796,-4.68153503279
1.03821525919,-4.34029680815
1.03519248173,-4.0077946732
1.03571020135,-3.89996209885
1.0376694105,-3.80371099026
1.03842761216,-3.74734312635
1.03507498427,-3.71047231746
1.03542867356,-3.66627368495
1.03797374735,-3.79190060223
1.03654811702,-3.62699979249
1.0361190014,-3.68067168218
1.03728478155,-3.64520600262
1.03406233879,-3.6462062762
1.0375631942,-3.69469666807
1.0384636944,-3.69259849899
1.03838293659,-3.66787440407
1.03535185959,-3.61857568551
1.03927799213,-3.69254279395
1.03724243222,-3.67566173229
1.03772007319,-3.70511965203
1.0375347803,-3.66992511313
1.0366679918,-3.63991474835
1.0358899187,-3.67312553633
1.03951391372,-3.63595674587
1.03606311423,-3.66004456853
1.03506491986,-3.67506263057
1.03791348602,-3.67908438773
1.03934416188,-3.67150060103
1.0348270849,-3.64620514843
1.03683776814,-3.65671069384
1.03480735553,-3.66101162447
1.03611449353,-3.68506272621
1.03657449458,-3.65661224767
1.03710203394,-3.65315631294
1.03364007261,-3.63437069344
1.03619045549,-3.6439744874
1.03677953197,-3.68266730179
1.03627771859,-3.67026816192
1.03614201644,-3.68200353136
1.03841255529,-3.6742138268
1.03439572665,-3.65409232911
1.03742015741,-3.69424839844
1.03828793614,-3.6915937473
1.03723021361,-3.66398161122
1.03677067023,-3.70758996451
1.03927777733,-3.71679051628
1.03661866758,-3.68815252941
1.03740038365,-3.69132646212
1.03792024481,-3.69966019081
1.03743789999,-3.71220793671
1.03729893213,-3.69805970271
1.04066466922,-3.72507045823
1.03628932497,-3.66318687872
1.0362143902,-3.6555350169
1.03762750844,-3.72732502089
1.03806720543,-3.68717376727
1.03527482115,-3.66176299428
1.03908809342,-3.67440124902
1.03617836037,-3.68169037074
1.03657701907,-3.67159348999
1.03646069481,-3.66728152488
1.03875886239,-3.69239874631
1.03542576341,-3.69996619012
1.03838550657,-3.7260254766
1.03603206724,-3.676043666
1.03577473826,-3.67167469221
1.03748733349,-3.67275987652
1.03786244995,-3.68238029096
1.03560738964,-3.68148041037
1.03826600158,-3.68199277114
1.0377791188,-3.66681029179
1.03662212163,-3.64081932847
1.03569868673,-3.68963211846
1.03988780406,-3.71008403001
1.03715033847,-3.65599942923
1.03824585783,-3.67940842603
1.03686773258,-3.67490569309
1.03580329941,-3.64105261791
1.03630172228,-3.69170512827
1.04043038768,-3.69991209576
1.03713381444,-3.68613137408
1.03709176959,-3.6596469593
1.03781663137,-3.67207013445
1.03833411098,-3.66540111731
1.03727659037,-3.71373788388
1.03850871356,-3.67323342655
1.03666239139,-3.66151447481
1.0188469826,-1.93246804368
1.04369982848,-3.29813180844
1.04459342454,-3.29736763027
1.04093355329,-3.38053688048
1.04379789336,-3.31590921678
1.04223763716,-3.34647628584
1.0431854642,-3.47454354373
1.0424400473,-3.42908220713
1.04315256921,-3.40844087255
1.03813871149,-3.56965767525
1.04272160234,-3.71907687982
1.04090780067,-3.6882627026
1.04004237099,-3.61475380708
1.03994776574,-3.65624524217
1.04189223078,-3.67975845721
1.04071986308,-3.71147620932
1.04149109391,-3.71128677491
1.0401088208,-3.68258953065
1.03929206675,-3.70230605116
1.04035484842,-3.73231515193
1.0441470852,-3.74673900889
1.03976620697,-3.70415391086
1.04137729218,-3.73446048209
1.04204641305,-3.73002463269
1.04263209642,-3.71525996506
1.04136494176,-3.75561072943
1.04235948653,-3.7320272944
1.03968956065,-3.7247155046
1.04234764745,-3.76191361058
1.0439091572,-3.76248893238
1.04154862346,-3.73058291085
1.03983138648,-3.7296877471
1.04284299367,-3.76035019425
1.04115719473,-3.75617858933
1.04191719743,-3.75248259326
1.04241723615,-3.75177957717
1.04220439956,-3.7416976792
1.04014813537,-3.74659088812
1.04321835903,-3.73701742061
1.04208635895,-3.74790126908
1.04105502335,-3.75755199516
1.04091950768,-3.77428860233
1.04216093913,-3.76258306158
1.03961721868,-3.74587314306
1.04284078465,-3.73513551556
1.04051290747,-3.7461565512
1.04099725703,-3.74178685891
1.04250921283,-3.75271696683
1.04428041303,-3.77016524823
1.03848861977,-3.76602802901
1.04130566773,-3.69975145089
1.04294272201,-3.75550054869
1.04341488384,-3.76358017032
1.04265648211,-3.76394995348
1.04275584799,-3.74455157084
1.04052767308,-3.7347990231
1.04337028565,-3.76207628445
1.0434420617,-3.74546880723
1.04290135938,-3.7622301295
1.043112816,-3.77543472965
1.04519303095,-3.77152866029
1.04198052534,-3.76535361749
1.04220346483,-3.738490144
1.04328739373,-3.76988157336
1.04343239577,-3.77225185653
1.04122145177,-3.76640875428
1.044637681,-3.79229979348
1.04275459572,-3.80130034544
1.04197712496,-3.76558298359
1.04118485558,-3.76613956584
1.0445932259,-3.78533945436
1.04207904793,-3.78251804511
1.04434000448,-3.7753624223
1.0423450843,-3.76440659896
1.04247269285,-3.78317871582
1.04437945369,-3.78703799655
1.0458380776,-3.79058473486
1.04164914009,-3.75841182142
1.04409187723,-3.76564352052
1.04436763842,-3.76408323227
1.04431463103,-3.78176881116
1.04322137,-3.76552054133
1.04591315454,-3.81361648352
1.04118253139,-3.75158414713
1.04463782978,-3.79372026269
1.04483470591,-3.7824701299
1.04363162904,-3.76712140878
1.04264757296,-3.75868531365
1.04562473309,-3.75835871517
1.04367006701,-3.76746322287
1.04540316397,-3.80959276484
1.04495424053,-3.79936077431
1.04329030971,-3.74768793278
1.04296625996,-3.75737837725
1.04701557023,-3.79224436814
1.04403751214,-3.74794149495
1.04281624176,-3.74400054663
1.04334292256,-3.75197419809
1.04498563651,-3.78869030942
1.04276674816,-3.74093161686
1.04500248561,-3.79223015796
1.04140202922,-3.76932732787
1.04173160199,-3.78870462541
1.04349836818,-3.77439682577
1.04478813029,-3.78061446974
1.04073949565,-3.77154528236
1.04291198372,-3.76222609473
1.04268538217,-3.80571448362
1.04228803969,-3.77535888595
1.04289296856,-3.78295475907
1.04365980694,-3.76309592999
1.04143450536,-3.78088244964
1.04380987083,-3.76244785305
1.04434686346,-3.76262498806
1.04300598462,-3.77837763713
1.0417453944,-3.72918744304
1.04528606177,-3.77806680248
1.04348121276,-3.77009833957
1.04524511893,-3.78573335798
1.04395276987,-3.77283339432
1.04315103934,-3.78522091675
1.04246780031,-3.76320884679
1.04718885019,-3.77920458133
1.04392755072,-3.76672279968
1.04404494768,-3.76645874267
1.04320366368,-3.74566283486
1.0433722725,-3.75794079561
1.0433293297,-3.74415313226
1.04600572991,-3.77519029472
1.04341548729,-3.7690017328
1.04394066459,-3.78757285636
1.04540442063,-3.78192295644
1.0465200109,-3.75783784856
1.04198579963,-3.77353109086
1.04551189997,-3.7887769838
1.04552126818,-3.77423792165
1.04517746893,-3.79565850274
1.04316383431,-3.75083959353
1.04311922157,-3.77721850192
1.04214960916,-3.75372284432
1.04550639231,-3.78803541764
1.04459435915,-3.76256462998
1.04314976387,-5.60608142514
1.04302193704,-2.77741020307
1.04602334278,-3.16323468052
1.04392565908,-3.55924960848
1.04630928595,-3.75314754096
1.04668448823,-3.83418841205
1.04631445391,-3.88216792674
1.04598292428,-3.93016302589
1.05004353671,-5.48673686297
1.04761323157,-4.72981908343
1.04734029244,-3.59939776729
1.04688501436,-3.45108886861
1.04664105332,-3.59801886029
1.04545855265,-3.70078514749
1.04729657947,-3.70875318572
1.04488927141,-3.76491251928
1.0454379822,-3.75759197448
1.04584490836,-3.55887516766
1.04758891006,-3.88997567153
1.04327993702,-3.81076301934
1.04690420472,-3.83364482942
1.0451945814,-3.79974016645
1.04593875936,-3.82368974243
1.04513942782,-3.79524825182
1.04729491747,-3.80311720529
1.04396445835,-3.81330897404
1.04702776661,-3.85427837642
1.04602281737,-3.86030812043
1.04550382118,-3.82469776417
1.04713642776,-3.80206875071
1.04734806968,-3.83718513974
1.04324775185,-3.81345567031
1.04612376373,-3.84007410151
1.04496878246,-3.7881688052
1.04449548486,-3.83619934533
1.0438884671,-3.83154932739
1.04660710261,-3.80742697786
1.04186097615,-3.79222428307
1.04408632418,-3.79246811248
1.04412583635,-3.79680129801
1.04503830223,-3.82154679073
1.0437191277,-3.80546853251
1.04525317226,-3.79694343481
1.04211137884,-3.78400909529
1.04420638292,-3.80611667025
1.04681249944,-3.8013007981
1.04642887295,-3.8399825012
1.04252945348,-3.75628079946
1.04490525579,-3.79590008652
1.04343776263,-3.81568996925
1.04399876386,-3.76370910512
1.04403383218,-3.77490323163
1.04449000272,-3.77047699669
1.04182130126,-3.79142161673
1.04533798111,-3.74550598786
1.04443883278,-3.79263493
1.04331252774,-3.75348213084
1.04273317048,-3.76585745265
1.04370807384,-3.75208229424
1.04180570873,-3.73991659079
1.04552793746,-3.76563061056
1.04286050795,-3.79299501182
1.04192131245,-3.77362137795
1.04386165761,-3.79203204578
1.04502878747,-3.78503352848
1.04327616499,-3.77928069244
1.04352173801,-3.78890638305
1.04370128547,-3.75403254001
1.04422826264,-3.77541594936
1.04361643094,-3.75354450553
1.04617180994,-3.77036732474
1.04249761647,-3.78840588608
1.04416790813,-3.75062516035
1.04587675626,-3.7927246998
1.04505590564,-3.77942190648
1.04281126624,-3.7700110857
1.045569624,-3.79140199138
1.04424975412,-3.7722013894
1.04468046271,-3.75544740649
1.04395004391,-3.79302528378
1.04304227558,-3.76335946664
1.04231851594,-3.76123116941
1.04739220556,-3.776038482
1.04407897123,-3.71941069883
1.04174300248,-3.73784549866
1.043700252,-3.75692442377
1.04487978656,-3.74579733225
1.04211010126,-3.75998307378
1.04453362622,-3.72922538492
1.04261508678,-3.7608705928
1.04237616556,-3.76256503402
1.04436338994,-3.79961237314
1.04480858711,-3.77965294032
1.04158854202,-3.75307189397
1.04346318169,-3.7218778759
1.04325237718,-3.73420206527
1.04363689891,-3.75874782512
1.0441089108,-3.73067156196
1.04558022004,-3.77858239884
1.04065875542,-3.73842113708
1.04456195667,-3.74420668294
1.04524449643,-3.75401599649
1.04344908873,-3.72040821996
1.04283193505,-3.77629939853
1.04586171846,-3.74169558528
1.04504676185,-3.75154221855
1.04705146119,-3.76439202475
1.04527131522,-3.70540791312
1.04463354944,-3.74781304332
1.0458350005,-3.74357767608
1.04917629541,-3.77066429146
1.04618275166,-3.75762238965
1.04646165817,-3.77605702958
1.04615866309,-3.75079524596
1.04751451145,-3.73313061266
1.04408306978,-3.77007309119
1.04810569149,-3.76098645653
1.04598954527,-3.77590139196
1.04551592738,-3.73671733216
1.04576789292,-3.78252061218
1.04716237425,-3.75581518338
1.04429642209,-3.78074369052
1.04702603807,-3.75719195662
1.04532767842,-3.7388764939
1.04550124747,-3.73798900171
1.04660188837,-3.75025147456
1.0459619251,-3.76835542012
1.04303898696,-3.74934286531
1.04620122785,-3.72363781822
1.04690724408,-3.75302645481
1.04603655006,-3.74757720343
1.04343768247,-3.71233851984
1.04746406689,-3.78433086
1.04426975932,-3.72342833512
1.04687057441,-3.76459468936
1.04578233879,-3.75283768049
1.04387026521,-3.74659181514
1.04330334685,-3.7828665188
1.04687171588,-3.78100262745
1.04453371854,-3.7606030184
1.0443706214,-3.74166152293
1.04454829123,-3.75668795969
1.04407022815,-3.73145270567
1.04355757378,-3.76121116884
1.04547571645,-3.76196065884
1.04208979225,-3.72613501906
1.04258744294,-3.69643610415
1.04516096981,-3.73032517806
1.04553294799,-3.72913030602
1.04140835938,-3.74614270084
1.0433508807,-3.73946641234
1.04285171967,-3.72328707736
1.04336325358,-3.72107472505
1.0442560474,-3.77435441115
1.04307729049,-3.7234857524
1.03981783499,-3.74938912017
1.04381097416,-3.7786342085
1.04381101881,-3.78543514668
1.04256944367,-3.77132535511
1.04147619617,-3.7466285181
1.04380833868,-3.80558705496
1.04258711328,-3.78289721879
1.05244255235,1.40907386274
1.04367179032,-4.1725928427
1.04264537239,-3.30302868756
1.0425333867,-3.23425398622
1.04613765547,-3.36889013317
1.04286421398,-3.55606064005
1.04354069362,-3.65766995121
1.04371208504,-3.78194935066
1.04521167083,-11.1517727845
1.04322406624,-5.00110544137
1.04617118342,-4.57373643301
1.04199236489,-4.11948459538
1.04279434751,-3.93801249817
1.04456620113,-3.81879653206
1.04394710587,-3.72921188353
1.04163465773,-3.72387443251
1.04431801663,-3.69480638145
1.04431121276,-4.00759445258
1.0430057466,-3.65217503301
1.04413845035,-3.76673951111
1.04440281177,-3.73211410853
1.04064170999,-3.67079042359
1.04326906125,-3.6878850218
1.04318258806,-3.69165786723
1.04219852211,-3.72428683074
1.04194868587,-3.6983329225
1.04349132514,-3.75202887814
1.04174522141,-3.74133229113
1.04387206416,-3.72590857201
1.04227025937,-3.69430826891
1.04148091865,-3.72494489084
1.04193948267,-3.68472611605
1.0458718169,-3.72851417786
1.04070173699,-3.69402027474
1.04245419977,-3.67174312847
1.04331986646,-3.69526397584
1.04358947171,-3.69329766642
1.04196847973,-3.7063372323
1.04409068315,-3.68346412951
1.04191081845,-3.70538180285
1.04349456243,-3.70995545001
1.04314842828,-3.70213975919
1.0436802817,-3.71118159008
1.0423663849,-3.71898207183
1.04482731835,-3.71335384727
1.04212411969,-3.7330785367
1.04262148335,-3.69222864311
1.04344208978,-3.72700298641
1.04333620539,-3.68795903074
1.04058636148,-3.71616496898
1.04532982318,-3.72058698013
1.04380389363,-3.72070597634
1.0429978246,-3.76170018552
1.04243416477,-3.77051463569
1.04357544003,-3.76385349727
1.04189691334,-3.74764107857
1.04368151215,-3.74959154761
1.04216789204,-3.73491744533
1.0415702792,-3.78699701583
1.04322932488,-3.79100615652
1.044170218,-3.74801153107
1.04129982545,-3.75871076987
1.04357649156,-3.73119748664
1.04300387842,-3.72121412326
1.04228175323,-3.75687986617
1.04098429094,-3.74502189137
1.04477820637,-3.73759902477
1.04104511534,-3.71226941294
1.04377817185,-3.74498879326
1.04363374941,-3.76325538531
1.04256483801,-3.74998820881
1.04207826503,-3.71661616374
1.04490398782,-3.73979625368
1.04229876051,-3.72659501565
1.04458182972,-3.75307959655
1.04459741391,-3.76403410751
1.04273646846,-3.72798044327
1.04166543961,-3.77790863248
1.04490349349,-3.75100431025
1.04435797581,-3.74890721486
1.04271620859,-3.7338765637
1.04212083495,-3.72793670883
1.04290881853,-3.74915967456
1.04207611183,-3.76440053311
1.04443309634,-3.69930466324
1.04210316496,-3.7359593765
1.04157926778,-3.75357337365
1.04210822021,-3.77133439538
1.04420735676,-3.75044492762
1.04171379275,-3.76377007802
1.04300188782,-3.72309835482
1.04235515785,-3.76179330626
1.04240946757,-3.75110569643
1.04378601304,-3.76847710079
1.04371074994,-3.75584156645
1.04121146584,-3.7502584027
1.01791446385,-1.9639754329
1.04238154419,-3.3668433126
1.04218670116,-3.21581748711
1.04044897286,-3.46577446199
1.0431349912,-3.49149281022
1.04039612038,-3.46445681006
1.04283454242,-3.32936650527
1.04244722483,-3.43803935808
1.04153639488,-3.45504765672
1.04202251285,-3.24868398268
1.04452042086,-3.06624031635
1.04216205694,-3.03668902818
1.04249384738,-2.98156673606
1.04223251102,-2.99548617492
1.04241537379,-3.00083638388
1.04123179665,-3.03328486278
1.04419830384,-3.01953940033
1.0402924026,-3.01607249287
1.03975932812,-3.00271105976
1.04365496816,-3.04305211566
1.04430273548,-3.02376554084
1.03977307054,-3.02833648454
1.04111121815,-3.0024638166
1.04075640905,-3.03928952603
1.0414127396,-3.01416882961
1.04140982312,-3.01513586751
1.04144692994,-3.04361799167
1.03877996098,-3.02134372758
1.04304277359,-3.05494260666
1.04232175556,-3.04748205904
1.04141691794,-3.04653208605
1.04092686969,-3.03886308758
1.04307023728,-3.03401183643
1.04055029666,-3.06734790687
1.04222484601,-3.01370170901
1.04191710526,-3.03827340683
1.0404882622,-3.00704048963
1.0403681334,-3.02860062862
1.04385874212,-3.03202370665
1.04141998442,-3.05732120897
1.04105367809,-3.04607212772
1.04215719636,-3.08131556496
1.04158667969,-2.99738523695
1.04266571001,-3.07821512249
1.04411342728,-3.02901688194
1.03958364451,-3.04405695548
1.04108229762,-3.02537330836
1.04300284615,-3.05762792119
1.04320076962,-3.02234379972
1.04018788604,-3.05344839945
1.04247496457,-2.9980732724
1.04136584878,-3.04418717756
1.04149888006,-3.01966505676
1.04129813664,-3.03647239422
1.04244473868,-2.9902841034
1.03916407772,-3.0360989546
1.0420954683,-3.02131267553
1.0412274036,-3.01395117458
1.03980210401,-2.98610003899
1.04151772122,-3.02105764805
1.04202069683,-2.99741775835
1.03955708157,-3.02507219185
1.04238965615,-3.0204312485
1.04153671595,-3.01861193998
1.04051348284,-2.9967898559
1.0390773901,-2.96708239517
1.04345032101,-3.00823571032
1.04046880772,-2.98368402085
1.0411298535,-2.98837001828
1.04054254245,-2.97014405986
1.04165827491,-3.00186906504
1.04128420131,-3.02074816399
1.04434313682,-2.99689823204
1.04113649582,-2.98966827861
1.0421042252,-2.97460715501
1.04453341704,-3.01316631776
1.04463994448,-2.9893668242
1.04154804375,-2.97342467507
1.04363604114,-2.94891024942
1.04191752445,-2.984395893
1.04296406011,-2.99055223769
1.04374685971,-2.98324457815
1.04317716984,-2.95723015604
1.04033459823,-3.01851298522
1.0442369536,-3.01116350151
1.04416926173,-3.02327559888
1.041569457,-2.99287989647
1.04157566999,-3.0302787269
1.04231718677,-2.96597463125
1.04150661648,-3.01723699524
1.04481730415,-2.99350831399
1.04266063758,-3.00667617
1.04151882256,-3.00932237138
1.04194655952,-3.0209153187
1.04547069648,-3.02116113078
1.04287160794,-3.02082430006
1.0431240376,-2.97919432042
1.0427954373,-2.98237433167
1.04280294071,-2.9798282289
1.04320024951,-3.0022041854
1.04567230591,-3.02266107478
1.04191050683,-3.01934377891
1.04349543711,-3.00365389419
1.04410946922,-2.99298753597
1.04405769465,-2.97622752646
1.0416078786,-3.01719746426
1.04267412562,-2.95125672607
1.04126261508,-2.96403332747
1.04338224232,-3.01132286085
1.04314324736,-2.9742582941
1.0414899229,-2.98329892084
1.0397582698,-2.9947581323
1.04441573524,-3.00231766608
1.04264519945,-2.98452113868
1.0418196273,-2.97924987143
1.04157198617,-3.0051321886
1.04243378379,-2.98287516966
1.04010746337,-2.96549100898
1.0441393043,-3.01628137236
1.04174149559,-2.95050956842
1.04115643952,-2.99072640344
1.04147606863,-2.97987222725
1.04307269938,-3.00960246558
1.04005507005,-2.95134205015
1.04217346719,-2.98800577107
1.04152343417,-2.99766522244
1.04213597317,-2.95102741549
1.0416470865,-2.99248608736
1.04376990936,-2.9847468319
1.03928612675,-3.00391609016
1.042473719,-2.98290925471
1.04295412396,-2.96497102819
1.04308456032,-2.9598239742
1.04122563346,-2.9740845493
1.04296360888,-2.96214995497
1.04196027927,-2.98158994332
1.04263967603,-2.96159212568
1.04225030497,-2.96914334664
1.04201672307,-2.97137859281
1.04174680152,-3.00476183713
1.04490356259,-3.00207153239
1.04175129866,-2.98100737357
1.04199389949,-3.13732983427
1.04193056287,-2.1101654131
1.04286797132,-2.5147439971
1.04036086296,-2.77860903576
1.04367791676,-2.91956247396
1.04212660243,-3.02123840781
1.04187713548,-3.0630285055
1.04157776273,-3.07214657209
1.04537050406,-6.2030414764
1.04095307046,-3.53246871766
1.0417700697,-2.39927713723
1.04177292731,-2.64216969407
1.04048292725,-2.72659797055
1.04245866471,-2.85043255492
1.0430265649,-2.8527817293
1.03968360785,-2.91251116352
1.04147452587,-2.93218346949
1.04188278586,-2.87419761392
1.04218189872,-2.92340447512
1.04011236723,-2.86572849673
1.04409890118,-2.93692934554
1.04070664989,-2.95722915103
1.04200559107,-2.94393811368
1.04194633014,-2.96373700874
1.04168363253,-2.96855817324
1.04174290502,-2.9465652522
1.0446491939,-2.89869069721
1.04271047351,-2.93304192285
1.04266487502,-2.9187208734
1.04364700864,-2.89818987154
1.04298440901,-2.91768080709
1.0423363233,-2.90148946594
1.04499433332,-2.90325099767
1.04176932062,-2.93838540544
1.04089739248,-2.91193558082
1.04218484249,-2.96255603708
1.04483837327,-2.91709783578
1.04163546942,-2.94969589963
1.04243328526,-2.93284907676
1.03988568511,-2.91040970215
1.04072049632,-2.90767829885
1.04263497957,-2.97002861528
1.04289025765,-2.94610354591
1.0403652778,-2.96518513618
1.04221134418,-2.93911392706
1.04200834385,-2.94867465217
1.04363228267,-2.98664098193
1.04194885547,-2.95810145624
1.04323644672,-2.971352261
1.04216211672,-2.98059336076
1.04402399878,-2.95405029831
1.04335201228,-2.96838025345
1.0416897014,-2.96245522084
1.04179470428,-3.05165909063
1.04537566721,-3.03423582538
1.04360111169,-3.02409117104
1.04536351907,-3.02616099616
1.04424057561,-3.00313738088
1.04494136907,-3.01144100315
1.04448030687,-2.99271772666
1.04806337439,-2.99959067696
1.04467644464,-2.97549910478
1.04617611449,-3.02566670961
1.04746842954,-3.00457621405
1.047861997,-2.99238681658
1.04498856971,-3.00738211787
1.04733684939,-3.00184978269
1.0452544535,-3.01077351578
1.04586103188,-3.00420007904
1.04675929817,-3.01845927076
1.04618581368,-2.99484520006
1.04261227373,-3.0433991905
1.04597511009,-3.0178759259
1.04645110168,-3.01231643913
1.04529569388,-3.02191142863
1.04408528837,-3.01794720802
1.0449223698,-2.97925686635
1.04354765014,-3.01774717335
1.04655970336,-3.01226416062
1.04455961281,-3.0012256244
1.04393012878,-3.01245798726
1.04421780236,-3.0084676332
1.04804219786,-3.00523413113
1.04386662598,-3.00552020224
1.04522729508,-3.01142647659
1.04585486459,-3.00551255946
1.04531097541,-3.02027663813
1.04368577098,-2.9956614743
1.045114591,-3.01397943265
1.04175058595,-2.99813260138
1.04211987007,-2.98134199933
1.04438475118,-3.01942513713
1.04298562418,-2.98598229936
1.04157883106,-3.01272700565
1.04266530682,-2.98258111217
1.04080802631,-3.00037114883
1.04209208819,-2.99513005568
1.04282842719,-2.99439543717
1.0421991832,-2.98495400936
1.03868821939,-2.99181061535
1.04286371489,-3.01479485044
1.04303566879,-3.011572767
1.04199735241,-2.98124589955
1.04183404188,-3.03776841451
1.0430709704,-2.98966135351
1.04223709974,-2.99946641037
1.0452272833,-3.02937298343
1.04379538408,-3.00000025411
1.04328338966,-3.00192612158
1.04502837032,-3.01932689163
1.04600404518,-2.99593458082
1.04304045358,-3.00768446695
1.04476943866,-3.01287587728
1.04530085545,-3.03698426812
1.04458653338,-3.03404213568
1.04320987682,-3.01081775525
1.04645710196,-3.02145742719
1.04201395679,-2.99615054213
1.04378183503,-3.03699982676
1.04429800929,-3.00217126905
1.04453788638,-3.03503233587
1.04389680664,-3.00633916841
1.04520864633,-2.97723501136
1.04302333228,-3.00191707208
1.04518521208,-2.99938131055
1.04631727056,-2.98400587091
1.04542780946,-2.96660878846
1.04321314514,-3.01311587644
1.04699984587,-3.01628506003
1.04585141528,-2.99238011324
1.04469075613,-2.99211548299
1.04445147797,-2.99707774417
1.04469424522,-2.99227395309
1.04318674394,-3.01702834171
1.04656783455,-3.03375217545
1.04298907571,-3.0305712392
1.04113943553,-2.98590844407
1.04150432048,-2.9636513121
1.0443694784,-3.01068739765
1.04161694831,-2.99407479384
1.04279893011,-3.00243477189
1.03971782564,-2.97001593123
1.04161811614,-2.9934930868
1.04241458955,-2.99336283608
1.04390808004,-2.98970865106
1.03991287383,-3.00542394165
1.0417736708,-2.99642525776
1.04267560613,-2.99105888361
1.04382395439,-3.01065217066
1.04150696188,-2.96731322722
1.04309152903,-2.96366436689
1.04095215232,-2.97850608926
1.04282319094,-2.98804538395
1.0439505168,-2.97503158308
1.04311273698,-2.97135924757
1.04061458638,-2.97198205291
1.04543377978,-2.9357519257
1.04320334154,-2.96487723663
1.04308870306,-2.95628345984
1.0430004501,-2.95748250875
1.04304547081,-2.94529669201
1.04203902269,-2.93069416188
1.05480129764,2.63095695248
1.04263716616,-3.47993992061
1.04152174144,-2.43606107988
1.04269129332,-2.33292383245
1.04502404709,-2.56986592908
1.04180528552,-2.77877338519
1.04317846268,-2.87894135337
1.04207093632,-2.9779035744
1.04255071412,-9.49789831857
1.04347013226,-3.70428034112
1.04415501394,-3.78537060997
1.04129105863,-3.30959662488
1.04421849,-3.14332536999
1.04318418953,-3.09440359238
1.04410727543,-3.00678988805
1.04311040634,-3.00631142002
1.04525851893,-3.00683183553
1.04063586034,-2.64241179844
1.04615193075,-3.21048638508
1.04454328764,-2.936939258
1.04247301429,-2.9523692284
1.04259650645,-2.99002408516
1.04504063143,-2.96129039522
1.04405286657,-2.96053122977
1.04365943892,-2.98570067101
1.04349541142,-2.96042646471
1.0442535914,-3.02371662622
1.04427103781,-2.97874746496
1.04592378224,-3.00154257319
1.04396543529,-3.01439449432
1.04292191191,-2.94366422129
1.04477278363,-2.98461921801
1.04576029122,-2.98631619435
1.04205241298,-2.97939197781
1.04498874667,-3.00395890415
1.04400920962,-2.9994507898
1.04351926798,-2.96453020289
1.04353777793,-3.01708528519
1.04475443798,-2.99311572466
1.04257394902,-3.01428383043
1.04366174901,-2.94631079837
1.04327516681,-2.99984650972
1.04303262817,-3.00085615516
1.04318579064,-3.01606619529
1.04362578331,-2.94068696927
1.04134861597,-3.01523085213
1.0444915337,-3.0316614107
1.04429904823,-3.0064587339
1.04360937883,-3.0026934165
1.04038910142,-2.96340529591
1.04511217109,-2.9842223848
1.04204219562,-2.95188974834
1.04372075199,-2.98507443875
1.04429907767,-2.96074019921
1.04312623585,-2.94537199802
1.04216553389,-2.93473453672
1.04480698226,-2.94245965514
1.04300493023,-2.99048079092
1.04324863162,-2.95373809413
1.04553369749,-2.96404345756
1.04465776668,-2.94833405986
1.04181214683,-2.98264248233
1.0444933111,-2.94653104312
1.04267851538,-2.99352570697
1.04330214883,-2.94365823823
1.04400145977,-2.97397793408
1.04376489915,-2.93722222344
1.04040199832,-2.96324623436
1.0446179576,-2.99594231671
1.04342405111,-2.94818348809
1.04326771655,-2.93358824042
1.04372258454,-2.97556634119
1.04323520351,-2.95592296047
1.04082791188,-2.95847949788
1.0451274369,-2.95957933467
1.04324487794,-2.94221337617
1.04258687535,-2.93216090423
1.04126575587,-2.97694799927
1.04475877805,-2.97326707841
1.04264433512,-2.92035624189
1.04326579117,-3.00756356975
1.04291659316,-2.96488778894
1.04304495503,-2.97693932704
1.04305227356,-2.95637482952
1.04570053559,-2.95345706293
1.04146346174,-2.96494008807
1.04305128373,-2.96589164076
1.04421624024,-2.94102186717
1.04510453494,-2.95703718409
1.0437154108,-2.96316400257
1.04549131867,-2.98672063845
1.04289061271,-2.94682458025
1.04510189785,-2.98304800519
1.04604661993,-2.97126434959
1.04547889557,-2.9613843136
1.04306710882,-2.98207276123
1.035952634,-1.91017426808
1.05786721902,-3.49514380767
1.05706941107,-3.48449359972
1.05731089301,-3.54081030388
1.05772650409,-3.56713969673
1.05538894521,-3.57732072486
1.05833538756,-3.4695425115
1.05781071745,-3.528060379
1.05558485892,-3.4844846048
1.05608523889,-3.44873819625
1.05752195213,-3.37186678494
1.05531056799,-3.36742105034
1.05715729604,-3.3206136529
1.056226191,-3.35267788524
1.05696101651,-3.31485507876
1.05783183816,-3.33456686242
1.06069004179,-3.30837553221
1.05595362571,-3.34779103614
1.05831532698,-3.32998817841
1.06071256451,-3.34346781161
1.06100886482,-3.34564116519
1.05938661267,-3.32279918499
1.06119736436,-3.33699829852
1.05906745215,-3.34439584389
1.06125734737,-3.32294265027
1.06083086157,-3.35019234557
1.05993234169,-3.36117135881
1.05888360179,-3.34356671672
1.06299287925,-3.35696007689
1.0606440336,-3.35119873227
1.06126877123,-3.31762877976
1.05971876797,-3.33994496329
1.06194078132,-3.31940235076
1.06005080747,-3.35279320835
1.06309903965,-3.32091236089
1.06173308401,-3.33728925375
1.05969399184,-3.33954316087
1.06068090157,-3.34109959659
1.0630066425,-3.36406103041
1.06018670139,-3.33652911121
1.06205565071,-3.3364166497
1.0597362488,-3.3122396279
1.06116004361,-3.33612958756
1.06191725897,-3.35316488859
1.06239976954,-3.33025801417
1.05908880451,-3.33164356877
1.06090308671,-3.33093179163
1.06173520103,-3.35965622247
1.06099218954,-3.32715503391
1.05778459986,-3.33160540742
1.06140055306,-3.32941480281
1.05762296493,-3.33225917626
1.06001156527,-3.30303753505
1.05949153514,-3.33233483505
1.05769504043,-3.27525921837
1.05725812513,-3.33292658551
1.05961297878,-3.33457878906
1.05760646546,-3.29692790091
1.05841502383,-3.30348246644
1.05680267033,-3.301806242
1.05575737427,-3.30052936941
1.05474396993,-3.29898814276
1.05770525216,-3.29793326628
1.05604951993,-3.31609573802
1.05411542907,-3.27302319746
1.05518148759,-3.29521351216
1.05710558679,-3.29682019735
1.05493021575,-3.29368932978
1.05651313223,-3.309415458
1.05466115582,-3.25525525459
1.05492155765,-3.30185667335
1.05619214206,-3.30853510838
1.05753086977,-3.31116439901
1.05296113708,-3.30419668686
1.05530759234,-3.27565039301
1.05659419918,-3.3332561117
1.05681111041,-3.31006479793
1.05483034876,-3.28026647528
1.05616091995,-3.26545747933
1.05457724636,-3.30477285068
1.0572215633,-3.26995616727
1.05736778492,-3.30011126348
1.05537214366,-3.2997309313
1.05399597688,-3.32427891449
1.05777982832,-3.30362821162
1.05650743444,-3.31674210281
1.05728309463,-3.29933375095
1.0562937559,-3.2917655378
1.05534344518,-3.26827186661
1.05507760806,-3.29110931001
1.05875679663,-3.2652401889
1.05527882744,-3.27196751015
1.05549409284,-3.26339355104
1.05594093512,-3.30247316701
1.05775065495,-3.29138179363
1.05484520731,-3.25827873701
1.05718505756,-3.29341752434
1.05405205429,-3.28872318406
1.05524953991,-3.29441544526
1.05721970984,-3.29090369222
1.05780362106,-3.31390933598
1.05333139361,-3.31852445379
1.05520427331,-3.28260815605
1.05624871207,-3.33039763999
1.05651307102,-3.30867738356
1.0555754273,-3.26741399312
1.05503020714,-3.25350846623
1.05347160981,-3.28240932912
1.05678642813,-3.27796825924
1.05539504392,-3.28078026388
1.05489639977,-3.24725932427
1.05437736064,-3.27373926531
1.05834800198,-3.29915432996
1.05416176344,-3.26101967587
1.05549347352,-3.28384999617
1.05593996825,-3.29909416132
1.05561284694,-3.24578306998
1.0558126117,-3.25877781752
1.05673230019,-3.29397159177
1.05460009645,-3.29059785142
1.0549907645,-3.23676450368
1.05647989826,-3.25224845822
1.05676444675,-3.29392001822
1.05610642637,-3.30018076484
1.05662093404,-3.269154816
1.05308703943,-3.24512078973
1.05610398782,-3.2887212805
1.0559596012,-3.27149655455
1.05674205788,-3.28200294966
1.05304774495,-3.30463606744
1.05659184408,-3.26595363006
1.05511462769,-3.25399074713
1.05544706287,-3.27835035795
1.05405162467,-3.28404058136
1.0554447317,-3.24127144717
1.05361231343,-3.25817004505
1.05568919565,-3.30978265095
1.05426655838,-3.2877678915
1.05336073169,-3.25820418815
1.05482971706,-3.27160797313
1.05583726745,-3.28556208702
1.05340028185,-3.26783477043
1.05454731962,-4.40767560887
1.05448561344,-2.39212301581
1.05454355098,-2.84515115112
1.05315565276,-3.09370485004
1.0564724538,-3.19119112308
1.05381888205,-3.2878125353
1.05507551949,-3.35058081973
1.05451663818,-3.33844531066
1.05657446692,-4.32882788356
1.05626041315,-4.25294920967
1.0563853289,-3.02445830367
1.05530098857,-3.00469345628
1.05743440107,-3.05506041937
1.0582531389,-3.11785478748
1.05796261366,-3.16799146033
1.05564396247,-3.16675298746
1.05972778078,-3.23207869295
1.05710848624,-3.19095932529
1.05799848152,-3.24744634069
1.05644464491,-3.1681959321
1.05725612218,-3.206471056
1.05471531586,-3.19574969628
1.0587569632,-3.22312658282
1.05710510562,-3.24549136837
1.0546486535,-3.2422835711
1.05548254323,-3.22415596397
1.05717354883,-3.18766542455
1.05624528224,-3.20041368545
1.05771778948,-3.19568129635
1.05554985502,-3.18765562387
1.05517283982,-3.19553149128
1.05617230292,-3.15965631721
1.05869923703,-3.18659639646
1.05638611772,-3.224299637
1.05706737182,-3.22463227223
1.05716417648,-3.23612067044
1.05656337357,-3.19236185617
1.05668463478,-3.18758942369
1.05812137216,-3.22909163179
1.05417899763,-3.18733896692
1.05665589485,-3.19879228603
1.05742674254,-3.26925418918
1.0555351454,-3.25198439115
1.05357460444,-3.25690202182
1.0554180567,-3.22465137721
1.05431267383,-3.24373252113
1.05541203558,-3.23652655412
1.05487344898,-3.24528992531
1.0535132063,-3.26351775084
1.05182994441,-3.27648492537
1.05637254543,-3.24148989012
1.05437962637,-3.2426868115
1.05231431753,-3.24349575177
1.05384550514,-3.27135118997
1.05471659529,-3.27495237254
1.05268510184,-3.28052554196
1.05437883996,-3.29742408808
1.05304566717,-3.24401767823
1.0538079825,-3.29454749113
1.05377605794,-3.26193056789
1.05462189018,-3.30856812269
1.05165281877,-3.26628632726
1.0537937962,-3.27482469027
1.05385921688,-3.27142182731
1.05506446902,-3.27200512556
1.053726115,-3.2794604907
1.05499462962,-3.28036143789
1.05191154257,-3.24746100506
1.055123599,-3.27616876654
1.05600100405,-3.28168989785
1.05390874662,-3.2384868164
1.05218114591,-3.28773481043
1.05569539653,-3.31880231732
1.05427597158,-3.25069612846
1.05499585323,-3.26625330837
1.05373501764,-3.25911345925
1.05469347592,-3.29626514825
1.05420790906,-3.2766602039
1.05671356703,-3.26816564549
1.05337056565,-3.28357940528
1.05376698394,-3.28152921749
1.05518134513,-3.30112177894
1.05686755897,-3.27928117943
1.05341692542,-3.31287320183
1.05547689487,-3.30247256189
1.05425604595,-3.29094888352
1.0536337843,-3.28089142924
1.05462678358,-3.23241582971
1.05598600254,-3.26591943293
1.05303087703,-3.28495171773
1.05455237392,-3.2719372769
1.05374624569,-3.28414656654
1.05411211378,-3.29806780418
1.05576526651,-3.26979626781
1.0549255579,-3.23484921681
1.05216354991,-3.26986154478
1.05478626455,-3.24568055929
1.055231098,-3.26420835097
1.05439016099,-3.31282888068
1.05274597355,-3.27506456329
1.0560964649,-3.26837060972
1.05437401937,-3.31654886257
1.0555130941,-3.27254201846
1.05480935502,-3.29165995884
1.05362046695,-3.2614024516
1.05483265787,-3.27191101629
1.05688842524,-3.2471553189
1.05383387432,-3.26161992508
1.05424824438,-3.28080761613
1.05509827039,-3.24528408364
1.05513296835,-3.26267337531
1.05424868809,-3.27163678372
1.05581907076,-3.29107040898
1.05339880761,-3.28806383203
1.05317118321,-3.26608960642
1.0547571239,-3.25869070249
1.05612146376,-3.30637422374
1.05299640713,-3.26392224839
1.05427367816,-3.29165170213
1.05335668306,-3.27632915826
1.05402561794,-3.26425219285
1.05434455139,-3.2909425705
1.05426165055,-3.26634164991
1.05234962359,-3.26679860791
1.05539543131,-3.25557452667
1.05441400172,-3.26487985547
1.05381343468,-3.27550774251
1.05175749121,-3.24632522764
1.05497271484,-3.27692521448
1.05389378454,-3.27917995813
1.05513838019,-3.28164234515
1.0530308448,-3.27586426894
1.05288566596,-3.3072533323
1.05380173737,-3.28750868737
1.05641051083,-3.23606176526
1.05317051173,-3.26673905115
1.05377444248,-3.26465612296
1.0536568391,-3.25728247287
1.0554723296,-3.25323352173
1.05420616174,-3.25706570115
1.05725004379,-3.27884835737
1.05246190057,-3.22761948299
1.05375501223,-3.277118001
1.05477639122,-3.2557211528
1.05469288177,-3.24564064568
1.05258024306,-3.28084193399
1.05501196979,-3.26475747532
1.0538896109,-3.2681822391
1.05395240741,-3.29646088329
1.05430822241,-3.27688519026
1.05364347603,-3.2524506268
1.05166497826,-3.2488495364
1.05503877775,-3.27173110729
1.05399120966,-3.26388999442
1.05311638646,-3.24206460666
1.05175749513,-3.26040550499
1.0530136851,-3.22790997167
1.05337177075,-3.25547542505
1.05527899196,-3.23381364372
1.05303398742,-3.22635944178
1.05291114086,-3.24851972971
1.05333529875,-3.19233235299
1.06409403011,1.74772266721
1.05209465549,-3.41893446112
1.05346351426,-2.66522065471
1.05481882473,-2.65385687453
1.05539170932,-2.87267779216
1.05415497354,-3.06033598333
1.05496675209,-3.1789090051
1.05384475796,-3.26049996716
1.05581609109,-8.95391735408
1.05566816478,-4.23424130255
1.05462306766,-4.0235897918
1.0530428733,-3.57135046812
1.05626242525,-3.41882783975
1.05343569274,-3.34020323171
1.05494125725,-3.254123137
1.05483335573,-3.25332236184
1.05502133674,-3.30921736249
1.05305227511,-3.16582581891
1.05785195828,-3.39490862048
1.05566465954,-3.2424221711
1.05484553695,-3.27308264995
1.05345405274,-3.25277880318
1.05618577825,-3.26446705442
1.0540221592,-3.2319791128
1.05589814554,-3.25980659198
1.05412415897,-3.2598534481
1.05453656928,-3.26651616768
1.05601061852,-3.25699534154
1.05601069489,-3.27823101411
1.05221098337,-3.26201170962
1.05497937225,-3.28406149226
1.05528715577,-3.28698803268
1.05583459189,-3.27588195886
1.0546735621,-3.25667178873
1.05602901672,-3.25494593146
1.05320559491,-3.26045869014
1.05452085342,-3.27801155602
1.05478859477,-3.25385178215
1.05443780892,-3.24047950874
1.05422252635,-3.26482556002
1.05609384155,-3.27480910968
1.05407460704,-3.2836583839
1.05570886983,-3.27210305345
1.05575696898,-3.22985735421
1.05554053601,-3.2771424951
1.05302965564,-3.2492441342
1.05614799035,-3.25822295381
1.05422781852,-3.27282672332
1.05274084176,-3.2494862107
1.05464721693,-3.25876508396
1.05523459012,-3.2850572018
1.05329140419,-3.2742104931
1.05431228261,-3.23176026197
1.05354453498,-3.2520319508
1.05329846807,-3.25772771245
1.05443479393,-3.21635537688
1.05544907792,-3.26089346897
1.05098660973,-3.2281812153
1.05372019332,-3.25453817549
1.05251712458,-3.24406388845
1.05412968388,-3.25402692633
1.05339042896,-3.24811465604
1.0542702888,-3.23106632859
1.0506737794,-3.21951860413
1.05314203303,-3.26865467996
1.05438771078,-3.2374170757
1.05244513353,-3.22059009175
1.05188816798,-3.24654461567
1.05351135325,-3.24821013106
1.05217285395,-3.256573583
1.05420301231,-3.25210516414
1.05378548021,-3.26166794575
1.05314308869,-3.24229611912
1.05165931475,-3.25181872181
1.05549285011,-3.24598231332
1.05281673483,-3.23970933872
1.05224413616,-3.221777883
1.05312172494,-3.24543610497
1.05294884548,-3.25390487516
1.05262210002,-3.24572941139
1.05466375812,-3.23354615804
1.05200012997,-3.230769961
1.0514930569,-3.26326716725
1.0532670982,-3.2248036944
1.05417965426,-3.2499996073
1.05092723948,-3.22878574296
1.05274494757,-3.24894203964
1.0523357598,-3.21699182463
1.0533365855,-3.24173048007
1.05230194973,-3.22328335745
1.05273780979,-3.23563556257
1.05053253794,-3.24067531333
1.05449149592,-3.23525370496
1.05315449877,-3.24676855052
1.05301909824,-3.24624348658
1.05173522615,-3.21464090379
1.02899332482,-1.83480790169
1.05212432051,-3.28732558307
1.05364496707,-3.07787622624
1.05254891523,-3.14716446235
1.05210890773,-3.16105780888
1.05132070554,-3.11904341197
1.05437237967,-3.13359110062
1.05256261131,-3.15357430005
1.05212870206,-3.12340452428
1.05290075275,-3.24853812254
1.05323918075,-3.18020232908
1.05284345542,-3.19354861612
1.05462067279,-3.12956509105
1.05150932377,-3.14149239493
1.05283079033,-3.15709962419
1.05356877782,-3.18428027976
1.05429383533,-3.16725709233
1.05090166591,-3.16354943327
1.05323191843,-3.11802036576
1.05333684793,-3.17545636093
1.05307454157,-3.17453199596
1.05180689844,-3.17879707835
1.05210842791,-3.16605288208
1.05138540003,-3.18652064475
1.0536395759,-3.17413461907
1.05308328923,-3.17496203766
1.05206690981,-3.1548245516
1.05133816215,-3.16871439715
1.05301218061,-3.16731817553
1.05034203295,-3.19578412783
1.05362437387,-3.17633273283
1.05296605999,-3.19350774494
1.05202588111,-3.16873966658
1.05126367752,-3.18743554262
1.05466805493,-3.17804821323
1.05213242616,-3.17748585012
1.05358119635,-3.1835125276
1.05335624995,-3.1677106339
1.05429840601,-3.20065561161
1.0532391343,-3.15405455806
1.05573737051,-3.16440628992
1.05338987417,-3.14470776675
1.05489829356,-3.14776974936
1.05697696392,-3.21036795591
1.05697174357,-3.18304726671
1.05454920174,-3.18256916191
1.05781775629,-3.17787441796
1.05686037953,-3.16628437386
1.05756807284,-3.15424504633
1.05747769609,-3.16008804821
1.05618388842,-3.18130100205
1.05511672944,-3.19481891455
1.05757242149,-3.17614205738
1.0570673009,-3.19584880677
1.05581113852,-3.16752724919
1.05525928105,-3.18435004557
1.05655638272,-3.15233332691
1.05562900913,-3.16723036918
1.05876322735,-3.17858207363
1.05669570262,-3.16859375623
1.05621103766,-3.1352792603
1.05678963075,-3.15768384519
1.05872218426,-3.13978576327
1.05645711412,-3.16922954285
1.05553494664,-3.13303299871
1.0560972623,-3.17890919549
1.05645829548,-3.15875020643
1.05635004795,-3.14235110032
1.05648473363,-3.13988568821
1.05375615323,-3.12718128077
1.05565563567,-3.14398344319
1.05742823718,-3.16302412495
1.05689298907,-3.14731707049
1.05273871925,-3.15251228099
1.05411152829,-3.11828183714
1.05256806745,-3.1396122985
1.05500682858,-3.13502434058
1.05455159566,-3.16156753594
1.05208826501,-3.12716034539
1.05125531907,-3.16557507999
1.05512309673,-3.10948646204
1.05372913745,-3.14162598121
1.05435510797,-3.12958715841
1.05523743404,-3.15851070206
1.05685855359,-3.13893487312
1.05445950825,-3.15271513949
1.0566277952,-3.14119272654
1.05486796107,-3.14819729421
1.05434822293,-3.10694093741
1.0538244661,-3.13624527013
1.05572256704,-3.12340474345
1.05190480437,-3.13619394425
1.05379032229,-3.1256260223
1.05217805041,-3.13409825729
1.05422023626,-3.15122389612
1.05360842452,-3.13372796817
1.05578991626,-3.136380601
1.05052966333,-3.11119968182
1.05400102369,-3.14114356312
1.05572458144,-3.15066150777
1.054361058,-3.1366789438
1.05291785296,-3.14571540494
1.0550331048,-3.14699791133
1.05366950114,-3.14940218134
1.05644303564,-3.1359819565
1.05503573566,-3.15876926698
1.05469172187,-3.13139195918
1.05517831089,-3.12739213021
1.05823929748,-3.15675316918
1.05381947798,-3.14166183362
1.05346340591,-3.1607765631
1.05432038677,-3.17205255725
1.05495192593,-3.14394164668
1.05234430567,-3.12704939162
1.05307767775,-3.12579529678
1.0510957154,-3.13434924688
1.05025753336,-3.12157670624
1.05010799271,-3.116876914
1.05128542112,-3.13054039276
1.04890720588,-3.11425795453
1.05140179958,-3.13626105745
1.05019787882,-3.14799672834
1.05010363355,-3.15490403214
1.05237810655,-3.15179872585
1.0526673526,-3.12359134289
1.04999497461,-3.1321642992
1.05357485104,-3.13608030608
1.05284253304,-3.1315358355
1.05255520055,-3.1555282568
1.05089656897,-3.16688231218
1.05290022436,-3.12800239538
1.05140473053,-3.15889581453
1.05298029043,-3.07410113129
1.05206460731,-3.13721593387
1.05135130991,-3.11627714199
1.05101272119,-3.13824738016
1.05375733747,-3.11462887006
1.0517231328,-3.1239878053
1.05319087589,-3.14798871031
1.05251087482,-3.12148507621
1.05256390144,-3.12661560133
1.05128413539,-3.11156704623
1.05426765118,-3.38420316284
1.05163265577,-2.32840963493
1.05206122838,-2.74503460842
1.0525003154,-2.95865790189
1.05277936114,-3.04026556684
1.05076255382,-3.13687683412
1.05245263077,-3.1938948169
1.05209303122,-3.20276726099
1.05291648267,-5.74794061862
1.05166396582,-3.57532111805
1.05205181434,-2.79020447561
1.04970597771,-2.90673985367
1.05275422925,-2.97600956485
1.05177934706,-3.07531849362
1.05148647834,-3.07239687322
1.04907732507,-3.07515050896
1.05071924448,-3.05891528533
1.049857006,-3.03240539306
1.05240005188,-3.09169198984
1.05161414095,-3.10836257075
1.04965860899,-3.09583233908
1.04911452778,-3.1321790236
1.05280678944,-3.11974539525
1.05059322551,-3.15815491184
1.051180305,-3.09765948155
1.04999195439,-3.11121460193
1.05156716341,-3.1311097587
1.05066757927,-3.12417701566
1.05313288995,-3.07804261875
1.04975150908,-3.12841244122
1.05058951342,-3.12291960365
1.05189622451,-3.10415156586
1.05186527135,-3.13470289591
1.04878671751,-3.11542791975
1.05172135538,-3.11954164383
1.05058029738,-3.10964910004
1.0507872984,-3.11824633154
1.05257367527,-3.10061274969
1.0516841409,-3.11006392763
1.04872635525,-3.13185060751
1.05080725397,-3.14236356725
1.05171717851,-3.13291487654
1.05068895964,-3.10245836112
1.04844096343,-3.1151855967
1.04984992572,-3.10970221474
1.0488091954,-3.15380400103
1.05168685771,-3.14804219951
1.04937336234,-3.11028146117
1.04950228955,-3.11807645223
1.04974411186,-3.13702158569
1.05353185747,-3.12292003699
1.04939441044,-3.12497934565
1.04958024773,-3.13616537595
1.05024523212,-3.12798828263
1.05189405758,-3.15089270706
1.05075443095,-3.12561460383
1.0513805358,-3.12806436608
1.04933810497,-3.09629720737
1.05065742427,-3.11660921563
1.05175893241,-3.11425498988
1.05185207802,-3.14371985512
1.04934654074,-3.09776318471
1.05183674748,-3.14383920774
1.04992986508,-3.11452430514
1.05109853658,-3.12629912736
1.05141077925,-3.11229212741
1.05112470195,-3.11565507595
1.04785478288,-3.11339188039
1.05214881985,-3.11841067698
1.05071931839,-3.09911273501
1.05068511116,-3.13513759495
1.04954306537,-3.12506940048
1.05053751077,-3.11003077593
1.05009580513,-3.13146186511
1.05141012293,-3.12098518476
1.04891417676,-3.1151670096
1.04854582288,-3.06631266384
1.05054884564,-3.14022207845
1.05227348263,-3.10466406258
1.04853889014,-3.12842469932
1.05008359134,-3.12869571355
1.05030596353,-3.12712074068
1.05103306308,-3.10579161975
1.05035572479,-3.1341895362
1.05333804573,-3.11880740262
1.04999129903,-3.12839795209
1.05147978832,-3.13937984074
1.05088315538,-3.12134199016
1.05121943118,-3.13974164222
1.05049736956,-3.13726894774
1.05268414683,-3.10706441402
1.05076462329,-3.13087862456
1.05226721869,-3.13364135009
1.05252454598,-3.11911208615
1.05207022869,-3.13124286547
1.04970484571,-3.11534283687
1.05335858201,-3.10725080933
1.05048077333,-3.11573372744
1.05049648182,-3.11331244484
1.05140716066,-3.09804716835
1.05173472847,-3.1144842247
1.05052751332,-3.13586695622
1.05358181367,-3.10821921721
1.05128865569,-3.11543640504
1.05118501119,-3.12999420319
1.05246140681,-3.11137763275
1.05472438414,-3.13111028135
1.05133559399,-3.10082075581
1.05382381208,-3.14200013306
1.05135495712,-3.09886790838
1.05233356258,-3.09199953409
1.05324107827,-3.13864078666
1.05352029291,-3.08366449332
1.05123393676,-3.1020565844
1.05301997243,-3.11416194017
1.05413457551,-3.13265845226
1.05318634546,-3.11934313428
1.05199652382,-3.11421238685
1.05353369325,-3.09685774506
1.05310889014,-3.12646916333
1.05514511478,-3.08249095617
1.0546119736,-3.10691485732
1.05319290969,-3.11514452477
1.05178887274,-3.12116376015
1.05669091774,-3.11252316423
1.05486442418,-3.13104184154
1.05596910264,-3.11483645496
1.05409253799,-3.11133106273
1.05359131711,-3.08631523102
1.05461949652,-3.12912646836
1.05803623739,-3.1102769429
1.05470767623,-3.11331085223
1.05305944929,-3.0915130206
1.05496792852,-3.13852437131
1.05612734774,-3.1068073682
1.05346803262,-3.12728556545
1.05448852745,-3.10545323773
1.05324718092,-3.08698807415
1.05434370307,-3.11803606585
1.05479693879,-3.1310525361
1.05444180361,-3.11068882626
1.05174275862,-3.11555887179
1.05600323056,-3.09903302992
1.05395448833,-3.10672316567
1.05450183042,-3.13280425069
1.05325648112,-3.10762501682
1.0550814915,-3.09146296152
1.05306821247,-3.14456345326
1.05594404257,-3.11993018516
1.05531267966,-3.08992849091
1.05386948868,-3.11889917745
1.05321835358,-3.11530993362
1.05615971993,-3.11670822847
1.05506759846,-3.1089355671
1.05547431358,-3.09666581464
1.05490299446,-3.12514315716
1.05528419285,-3.09877872632
1.05502182834,-3.10064050021
1.05693554407,-3.11106489526
1.05302629193,-3.08576911953
1.05473376042,-3.10770635432
1.05568872657,-3.09653643864
1.06452694023,1.66753193279
1.05308764556,-3.24536363307
1.05501142763,-2.55894884833
1.05481160355,-2.60597093641
1.05472172171,-2.77094045384
1.0550867692,-2.93113216383
1.05562809815,-3.05583055284
1.05212904439,-3.11942059567
1.05638493131,-8.63632771628
1.05455128024,-4.05010648401
1.05409436417,-3.80539689569
1.05542650573,-3.45973979794
1.05597900448,-3.34269714291
1.05397520341,-3.2448940914
1.05616379297,-3.15960276935
1.05564411158,-3.12029392954
1.05481144793,-3.12207021103
1.05418883245,-3.14272703995
1.05733938366,-3.14456114638
1.05435596059,-3.07876306162
1.0553439132,-3.0827742729
1.05552392143,-3.07916833312
1.05492045717,-3.06928928722
1.05537222995,-3.07690874996
1.05712617587,-3.07349696343
1.05453107479,-3.09603585167
1.0558984154,-3.11620764036
1.05642158614,-3.08957679487
1.05650995772,-3.09031186898
1.05416863321,-3.09098049801
1.05669669271,-3.10498809174
1.05425551518,-3.10573958575
1.05494379909,-3.06357404726
1.05642575002,-3.09341802454
1.05617312038,-3.08931486454
1.05380907773,-3.06792904266
1.05548123231,-3.08897455008
1.05454025144,-3.09376723595
1.05322599529,-3.08239587954
1.05454566018,-3.12379570711
1.05579981634,-3.0956133045
1.05261745442,-3.10011288128
1.05552568798,-3.09672733944
1.05308814036,-3.09977391149
1.05342355751,-3.11022254689
1.05343096929,-3.07534574885
1.05628103641,-3.10072849467
1.05430390537,-3.10460644656
1.05395641698,-3.08790860316
1.05428484745,-3.10438266391
1.0539738145,-3.09844546273
1.05535404206,-3.11234834086
1.05736713167,-3.11911711431
1.05314524113,-3.11694890136
1.0541729733,-3.10161372118
1.05545128391,-3.11496317971
1.05600071317,-3.10161652019
1.05402510028,-3.10138689384
1.05605655561,-3.11521663284
1.05251072031,-3.09251600861
1.05510108298,-3.09483702137
1.05607478201,-3.0898965294
1.05447609512,-3.07730430797
1.05262444497,-3.10843142682
1.05577817789,-3.07425750683
1.05503484632,-3.10538913619
1.05359109732,-3.09104807157
1.05374008292,-3.08631612747
1.05523743186,-3.128840455
1.05304808208,-3.07997762514
1.05521094497,-3.08429556712
1.05523227813,-3.1213221151
1.05312485795,-3.09685237157
1.05347674446,-3.11720811299
1.05549909627,-3.10004786087
1.05368591797,-3.09439623155
1.05548811119,-3.10090550127
1.0531921926,-3.09718982811
1.05412148165,-3.10401071148
1.05510476715,-3.07886960538
1.05622268822,-3.10583144737
1.05243649144,-3.11161298307
1.05483575505,-3.11453935971
1.05702184805,-3.12823747199
1.05546737022,-3.1108823353
1.05407252551,-3.08641797412
1.05488842047,-3.10381489811
1.05415238824,-3.10978864626
1.05787843216,-3.12231274559
1.05595840921,-3.11714780508
1.05471467452,-3.10164438383
1.05441825512,-3.10363078889
1.0577503553,-3.07244534005
1.05492382016,-3.11054869269
1.05576147288,-3.10958574239
1.05566474995,-3.11219292976
1.02686514597,-1.97777058279
1.04802394808,-3.25821823609
1.050394838,-3.21043853253
1.04921507942,-3.25356517288
1.04842730862,-3.25729516286
1.04871046584,-3.22969763454
1.05009713875,-3.24309817178
1.04841789139,-3.23996979978
1.04881103756,-3.20382498836
1.04753428561,-3.15574890145
1.04899994971,-3.14374047612
1.05043891323,-3.13456011083
1.04980803193,-3.10655121369
1.04663274475,-3.08014561979
1.0500470129,-3.11399574874
1.05064035155,-3.10677195698
1.04999866084,-3.10598203539
1.04762429449,-3.13651885524
1.04991820964,-3.10926079279
1.04853769209,-3.1398881203
1.05062342416,-3.12828783395
1.05098927894,-3.15113462331
1.04961644401,-3.1151988725
1.048819394,-3.14323069561
1.05230668981,-3.12291881063
1.04965397321,-3.10433968263
1.05119056009,-3.10909092352
1.05116340315,-3.12428142527
1.05107753167,-3.1571389691
1.0499955664,-3.1358657115
1.05292243575,-3.11300833727
1.04991730973,-3.10992362302
1.04971068229,-3.12273786072
1.05114835526,-3.16532129725
1.05167782356,-3.13469576414
1.0497893801,-3.16022211225
1.05106375525,-3.11449966526
1.04975202256,-3.12825957329
1.05002201103,-3.1534287014
1.05065378149,-3.13477621613
1.05169301771,-3.13173641206
1.04805897608,-3.11963025673
1.05140031347,-3.132877171
1.0509322738,-3.11982233789
1.05093239708,-3.11282383053
1.05049003362,-3.1475595322
1.05134509743,-3.15396063418
1.05033619226,-3.12825176049
1.05240784803,-3.14810795393
1.05189788383,-3.14154192587
1.05071572888,-3.11078864204
1.05000966345,-3.11334746884
1.05323372041,-3.12298941645
1.05142640196,-3.14005984298
1.05154018827,-3.09669564191
1.05159118722,-3.1197352617
1.05257013347,-3.13938444919
1.05178888859,-3.12403305675
1.05458404116,-3.12401550905
1.05089005355,-3.11941881698
1.05051035099,-3.12277100089
1.05174266597,-3.11109722397
1.0524059688,-3.1110164685
1.05157301552,-3.1321418963
1.05228999051,-3.09800183203
1.05037812126,-3.08768143028
1.05118055267,-3.12343770768
1.05330572069,-3.12169011221
1.05338185548,-3.10630255634
1.04888261529,-3.10345697588
1.05162720451,-3.1384862053
1.05151890902,-3.09932242077
1.05271540266,-3.08594230728
1.05247500758,-3.11053814622
1.05367366137,-3.11014720567
1.05236644832,-3.13912061756
1.05804944813,-3.1209512475
1.05654915116,-3.14606776385
1.05608981961,-3.09965366311
1.05637550477,-3.09839969809
1.05984208364,-3.0888279983
1.05635092825,-3.09444243788
1.05740505981,-3.1047601953
1.0576867825,-3.09499667415
1.05606979144,-3.08866648441
1.0566184381,-3.118640954
1.05849891847,-3.10550569993
1.05558034421,-3.09128876164
1.05544860557,-3.12628704081
1.05635729897,-3.10795570356
1.05735909305,-3.0894347208
1.05661787638,-3.10288219109
1.05828152642,-3.0818640224
1.05612056224,-3.10201451793
1.05709262871,-3.08943754563
1.05816880952,-3.11370559384
1.05933908981,-3.10563012789
1.05566358583,-3.07081943684
1.05975651956,-3.10435310389
1.05967545732,-3.11621778724
1.05840123155,-3.10780768441
1.05785511557,-3.12078615472
1.05789010023,-3.05579666504
1.05686132885,-3.09647154071
1.05930392808,-3.08531003451
1.05530782992,-3.08910147514
1.05392420768,-3.09737343669
1.05537914539,-3.10889752776
1.05620057914,-3.11355191749
1.05150539131,-3.10709959938
1.05400173795,-3.1081184703
1.05412471276,-3.09122259569
1.05298476619,-3.08114043518
1.05363644763,-3.10028274601
1.05581577446,-3.07381460697
1.05288845738,-3.09598510592
1.05446593283,-3.09782102001
1.05456984074,-3.09951823652
1.05392729104,-3.10901449139
1.0540015663,-3.0821085019
1.0556570491,-3.070009346
1.05318711792,-3.07375129484
1.05509483353,-3.07920565832
1.05586467202,-3.07173287717
1.05401246219,-3.08883613996
1.05280296518,-3.1143687561
1.0550789355,-3.07450545366
1.05419807013,-3.10293372284
1.05317998477,-3.09541059889
1.0543247782,-3.07724382662
1.05295171323,-3.09781673266
1.05197155242,-3.10300939914
1.05386266812,-3.04395441913
1.05278000658,-3.1001857661
1.05293693452,-3.09205038572
1.05297606403,-3.07364673783
1.05380216231,-3.0746200348
1.05114923705,-3.10853933887
1.05375253012,-3.08529281562
1.05177723681,-3.06184564979
1.05272485159,-3.06979172669
1.05372041288,-3.08979153947
1.05357315106,-4.22152018356
1.05160122891,-2.26965923273
1.05227605337,-2.72003998072
1.05414907353,-2.93658147002
1.05316379494,-3.0432387826
1.05233172814,-3.10467218436
1.05383183625,-3.15752341237
1.05140136617,-3.18703452388
1.05503525187,-4.74620212405
1.0540703638,-3.49598002958
1.05338968647,-2.73089087429
1.05114917271,-2.83706188577
1.05480457966,-2.94327363284
1.05346361682,-3.02217414486
1.05494897446,-3.06040425033
1.05364130388,-3.01879543793
1.05165900687,-3.01360150382
1.05066647634,-2.92307095456
1.05495876309,-3.02682619712
1.05321891084,-3.0562348135
1.05097355306,-3.06332357374
1.05286152887,-3.0590572994
1.05396592446,-3.05398853607
1.05153600899,-3.06817758365
1.05252200276,-3.07123144006
1.05097768543,-3.05568552392
1.05181627592,-3.05116448207
1.05282030641,-3.08569413748
1.05392769141,-3.07063719907
1.05013183958,-3.06948364525
1.05246869745,-3.06893995695
1.05237180723,-3.07102394581
1.05240643636,-3.06983345732
1.05219324333,-3.06387524057
1.05365882731,-3.07869132614
1.05083368614,-3.0990457562
1.05368918789,-3.06472547821
1.05450333152,-3.07664268097
1.05226889684,-3.05792465882
1.05131974218,-3.04804619665
1.05474802117,-3.08972556007
1.05398433495,-3.06841779608
1.05417081163,-3.07141931281
1.05237728907,-3.04443496009
1.0521086819,-3.06115445424
1.0534830502,-3.06278098468
1.05556077409,-3.04350672114
1.0513870715,-3.07407514725
1.05200466147,-3.07060983263
1.05449704976,-3.09109392864
1.0545999547,-3.07705211834
1.05197004937,-3.08977687583
1.05354093728,-3.07091681145
1.0526308262,-3.07774404789
1.05308435591,-3.06667676795
1.05386896093,-3.08719009518
1.05467846149,-3.07674776108
1.05144955342,-3.07964066231
1.05335669072,-3.06853890176
1.05283762497,-3.07269549936
1.05217283544,-3.05410864959
1.05332750497,-3.05001973258
1.05363513541,-3.06956044032
1.05130645315,-3.05135728162
1.05462538707,-3.0953596654
1.05458197927,-3.04885047717
1.05165522564,-3.07387809671
1.0516000694,-3.07705105477
1.05503038663,-3.06103455122
1.05351881435,-3.07303076663
1.05415221287,-3.0638719858
1.05267274669,-3.07980825197
1.05261917549,-3.07380305339
1.05270998287,-3.04396868303
1.05549227267,-3.07188880359
1.05345317736,-3.08481594189
1.05440790769,-3.06671866011
1.05535003414,-3.09117951968
1.05482851371,-3.08686287673
1.05299779954,-3.08798685434
1.05517507826,-3.07081021029
1.05276702399,-3.04314058562
1.05403769354,-3.07207313158
1.05500939657,-3.06277695915
1.05376211781,-3.04757296207
1.05272760105,-3.08634997464
1.05475731864,-3.07343587509
1.05304118616,-3.04390204948
1.05326365761,-3.05819749415
1.05352548947,-3.08530439707
1.05418627394,-3.08447501104
1.0516759477,-3.06540700886
1.05495181891,-3.05464276953
1.05393528599,-3.11291375846
1.05182005188,-3.05344955407
1.05239611185,-3.07409930534
1.05474661847,-3.05029102624
1.05351231706,-3.07736782565
1.05458773168,-3.0558340977
1.05397111739,-3.08406160839
1.05237960176,-3.05798188465
1.05385839391,-3.08517592326
1.05622505542,-3.07228554387
1.05299006378,-3.08056399694
1.05362932249,-3.06000240103
1.05453134542,-3.04732298084
1.05582707133,-3.09309804909
1.05385021445,-3.08404267098
1.0543410081,-3.04504452668
1.05217471838,-3.05925389998
1.05420280836,-3.05291673368
1.05684320527,-3.06974894759
1.05341220339,-3.08141143699
1.05125698518,-3.07380375346
1.05431369167,-3.09383058945
1.05305692107,-3.07660413615
1.05280937805,-3.05364975756
1.05353998922,-3.03719624752
1.05290731781,-3.06598686833
1.05071226426,-3.07254308251
1.05543973135,-3.06997358319
1.05410926737,-3.06727495688
1.05267684939,-3.06829774586
1.05182990129,-3.06102933578
1.05289144291,-3.08236997369
1.05256551319,-3.06937169079
1.05404127812,-3.05443823889
1.05224402975,-3.07156700433
1.0516158455,-3.03607656855
1.05296002842,-3.06164872144
1.05551958565,-3.08402802057
1.05085952087,-3.0832779765
1.05255455335,-3.07146524836
1.05467613262,-3.07089526111
1.05396755112,-3.07763835501
1.0529640465,-3.05805103178
1.05354915588,-3.06721047129
1.05159641799,-3.05026251164
1.0537066705,-3.06330792358
1.05401209952,-3.04105930843
1.05408903961,-3.07257518281
1.05135808213,-3.04156896163
1.0543449621,-3.09613263366
1.05225708612,-3.08719090504
1.0534763707,-3.04270585202
1.05302125529,-3.05861115964
1.05369500165,-3.06828153983
1.05109469664,-3.07982676283
1.05419251508,-3.04887626885
1.05322653806,-3.06557444666
1.05197574377,-3.05427737158
1.05227141563,-3.0525265289
1.05457795529,-3.03211473058
1.05186370295,-3.06449657703
1.05367437924,-3.04038976219
1.05144233063,-3.07827619101
1.05155185695,-3.05772172136
1.05307378128,-3.04786449606
1.05447358694,-3.04075347053
1.05100447948,-3.07060390977
1.05260351113,-3.05581225322
1.05436875425,-3.0546964841
1.06088177845,1.72693785014
1.05126850429,-3.20160772346
1.05434049386,-2.54655764732
1.05105085193,-2.53591811243
1.05337339462,-2.73995264513
1.05389895975,-2.92900423496
1.05262795232,-3.03500257258
1.0526549609,-3.09364862724
1.05580710733,-8.54369653737
1.05300613865,-4.11142439312
1.05385485999,-3.73891719775
1.05451024239,-3.39570415188
1.05306327796,-3.20684242059
1.05217659603,-3.13499730132
1.05572628191,-3.08638180093
1.05262056974,-3.05910465615
1.05121569043,-3.03852493173
1.05355781236,-3.01125494028
1.05340816058,-3.09053726709
1.05181357647,-3.02422597977
1.0541907832,-3.03262994671
1.05248454976,-3.07406072781
1.05181100618,-3.05516610709
1.05311226424,-3.03147935556
1.05535841081,-3.05355758007
1.05131907441,-3.04976431889
1.05460983833,-3.05589891705
1.05266125006,-3.05309802595
1.05178200779,-3.03471788369
1.05203103544,-3.05389594188
1.05330921024,-3.04143949693
1.05243987943,-3.06233617823
1.05381431722,-3.0552951938
1.05430857983,-3.04582529044
1.05130627003,-3.06408348366
1.05211223889,-3.06384210925
1.05472154078,-3.02322684569
1.05306833449,-3.0413534592
1.05478926473,-3.07057849487
1.05353136888,-3.07373551683
1.05302228593,-3.05419054123
1.05193362988,-3.0239789164
1.05626310099,-3.02121838251
1.05379204129,-3.06073801189
1.05263301209,-3.04065215289
1.05394613486,-3.05848146918
1.05357464623,-3.05876144465
1.05245159173,-3.04881189403
1.05541328821,-3.05398626148
1.05250661695,-3.06633701401
1.05123728664,-3.05450064821
1.05452194664,-3.08260560499
1.05568353259,-3.07917409076
1.05139464997,-3.0454918604
1.05387961681,-3.06747344435
1.05432392872,-3.08173445567
1.05371608103,-3.07118867004
1.05222025286,-3.07360583518
1.05217643426,-3.05055070144
1.05032256146,-3.05591243779
1.05529177344,-3.07064141851
1.05377500123,-3.06353720126
1.05256181301,-3.0792579544
1.05211615183,-3.07804523079
1.05496357386,-3.08448332455
1.05245051795,-3.08774125147
1.05438149099,-3.04439457075
1.05317354091,-3.05552715945
1.0538334378,-3.08537212113
1.05342729075,-3.05429549327
1.05505863069,-3.04932525133
1.05267444783,-3.05769220151
1.05312516373,-3.05480791339
1.05388073968,-3.07596746559
1.05416139725,-3.09587777968
1.05384835837,-3.05084890926
1.0546659004,-3.08690203493
1.0507556892,-3.07484138444
1.05246297502,-3.08535358553
1.05457127588,-3.0755711459
1.0542009416,-3.07890663263
1.05067343274,-3.05894382673
1.05372681069,-3.07630902927
1.0530656242,-3.06905812326
1.05299963108,-3.09891408568
1.0524842368,-3.06121899547
1.05275823275,-3.06009789419
1.05170087059,-3.07219424184
1.0542007318,-3.09445305545
1.05261281747,-3.07528187114
1.05150736207,-3.08127517075
1.05269505377,-3.09429869092
1.05404928308,-3.08192759044
1.05042577561,-3.07479547996
1.0526675752,-3.09384852548
1.05251012513,-3.06824893335
1.02727640261,-2.05107463825
1.05309647187,-3.47201184571
1.05448977831,-3.24504896629
1.05060971348,-3.25094301178
1.05273492366,-3.26335301498
1.05244997144,-3.20197492784
1.05266906826,-3.21181561914
1.05295536833,-3.23226566801
1.05348307567,-3.20887243762
1.0520069459,-3.19775656255
1.05446785584,-3.17871094837
1.05631268773,-3.15889912327
1.05570093894,-3.15445781472
1.05356456615,-3.15579059001
1.05654640089,-3.15683664886
1.0546406974,-3.14822557173
1.0536716912,-3.14670149873
1.05529841036,-3.1938002502
1.05436238149,-3.1839842035
1.05296069935,-3.14463281966
1.05586949559,-3.19448685143
1.05439835494,-3.16950874354
1.05214125289,-3.18404881675
1.05238384038,-3.16604856271
1.05473624317,-3.19928329364
1.05120316095,-3.21579947741
1.05466063304,-3.19408381127
1.05284657378,-3.17566595785
1.05257829341,-3.18351757808
1.05267087781,-3.16204235201
1.05494542427,-3.19747888067
1.05217426714,-3.16944440439
1.05268436847,-3.15694908044
1.05423286597,-3.16952463126
1.05372601458,-3.2162919942
1.0541401006,-3.17439953499
1.05560677032,-3.20675517241
1.05199398837,-3.19276203439
1.0544961064,-3.16744432086
1.05561813201,-3.17767911405
1.05395795519,-3.15756433664
1.05149882254,-3.18992856747
1.05425735703,-3.18016940413
1.05148228498,-3.1387755608
1.05253978477,-3.16086487012
1.0525409764,-3.18490313606
1.05006382625,-3.15973270859
1.05032668532,-3.18773224445
1.05506680148,-3.21380774674
1.05215463668,-3.17929003142
1.04954302265,-3.15986986234
1.05078275078,-3.17932200364
1.05241374195,-3.20412927639
1.05045958496,-3.18376052337
1.0528567154,-3.17634614419
1.05062714272,-3.18643933528
1.05028349468,-3.17421419398
1.05098635075,-3.17452359501
1.05180083114,-3.15424340203
1.04942623091,-3.17028581248
1.04968786801,-3.17548424979
1.04931265358,-3.19768516482
1.04934198949,-3.16353542145
1.0507526701,-3.17825232943
1.05164545516,-3.17876458068
1.04811109414,-3.17842061948
1.0504083095,-3.21433712427
1.05172474848,-3.17001147843
1.04986763084,-3.18467114397
1.04842185729,-3.18651639339
1.05077417441,-3.20785449816
1.04943107386,-3.22402123403
1.05091526151,-3.16763356347
1.05018823397,-3.18215523137
1.04836131585,-3.18434684277
1.04826920682,-3.1656039579
1.05268150354,-3.21336631942
1.05009131775,-3.20677503118
1.04858631609,-3.19359389494
1.05020436411,-3.19320455824
1.05012310285,-3.1889078294
1.04757514908,-3.13479622842
1.05040128815,-3.15969727081
1.04961974405,-3.20502155641
1.04892031861,-3.18921797795
1.04920216879,-3.17288732793
1.05097563154,-3.19002272117
1.04731474051,-3.16560654944
1.04900063835,-3.17942021927
1.04803955162,-3.167270482
1.04817290875,-3.18697009555
1.04971763788,-3.19839248063
1.0490521591,-3.18414404151
1.04664733352,-3.16330112614
1.04978152295,-3.18962237787
1.05028725454,-3.15123853087
1.04813559102,-3.1980795692
1.04704268818,-3.19556091156
1.05015686727,-3.19272387107
1.04773020623,-3.21773039129
1.04912998057,-3.16499695238
1.04870566878,-3.16102576556
1.04704160327,-3.1693586002
1.04768683283,-3.19098203053
1.05036042002,-3.16243869813
1.04697482055,-3.1798120478
1.04824945989,-3.18719697452
1.04995352444,-3.16516647306
1.04911067864,-3.18542626169
1.04640380376,-3.17307293239
1.04888184537,-3.20396061155
1.04755897865,-3.20730673433
1.0464823643,-3.15389470526
1.04905479488,-3.18411414076
1.04878421432,-3.17321309449
1.0456541358,-3.16147001966
1.04851152057,-3.21107226984
1.04625539465,-3.18056328055
1.04696916352,-3.18676762066
1.04714116046,-3.17305199478
1.04888141917,-3.18543027447
1.04499120832,-3.17373850035
1.04868270123,-3.18318785277
1.04748153164,-3.18859023291
1.04662723932,-3.17267504282
1.04663496368,-3.18202240059
1.04701665887,-3.17258233399
1.04602499846,-3.17045378898
1.0468777292,-3.18398936669
1.04740648536,-3.16952025384
1.04508477623,-3.18139588584
1.04665223683,-3.18952002549
1.04783508712,-3.16333493075
1.04522275883,-3.17799037607
1.04700644525,-3.1959121181
1.04721081979,-3.1597387828
1.04861002864,-3.17049878675
1.04703834951,-3.18601509407
1.04877469472,-3.17379476165
1.04575680186,-3.19176949317
1.04699549329,-3.16794587718
1.04891428636,-3.18684037267
1.04752999949,-4.08547013017
1.04599899494,-2.39053358631
1.04818357872,-2.81520945921
1.04664322281,-3.03466696121
1.04642818443,-3.15049947651
1.0473854365,-3.19882172495
1.04789747446,-3.26554568503
1.04442153327,-3.2921163623
1.04915879925,-5.12618341255
1.04784744434,-3.69959313232
1.04669178717,-2.92750742596
1.04602444455,-2.98034511366
1.04567014664,-3.06674086488
1.04552500798,-3.13965126744
1.04884053124,-3.14461940931
1.04505256943,-3.1362419558
1.04536550812,-3.14881529843
1.04567577552,-3.07425802591
1.04874198226,-3.19403784713
1.0456183782,-3.17671669886
1.04592159644,-3.15589942454
1.04667765425,-3.15198643133
1.04732394272,-3.16094279794
1.04560112272,-3.16760795521
1.04703620987,-3.16232942671
1.04445331341,-3.17353829177
1.04579415788,-3.17096496645
1.04719970422,-3.17764024959
1.04641914826,-3.14959944711
1.04505897233,-3.19980864633
1.0472072751,-3.19417494145
1.04505519579,-3.17367642756
1.04589344094,-3.19784351833
1.04654756556,-3.20905719551
1.0452048746,-3.18190804385
1.04296439873,-3.14829337313
1.04718825475,-3.15416994428
1.04664723226,-3.21533182673
1.04405105068,-3.19108120377
1.04309504349,-3.13517178139
1.04499645962,-3.16904645901
1.04490418822,-3.18624530042
1.04606123138,-3.18053723953
1.04346482853,-3.22127414702
1.04283526091,-3.17041306883
1.04577664812,-3.16365519466
1.04635707494,-3.18290628078
1.04303057018,-3.18913494101
1.0443505669,-3.18390602288
1.04522907105,-3.16287532026
1.04462899428,-3.18206680404
1.04419383408,-3.16007073993
1.04581053907,-3.15537480917
1.04232592366,-3.14573780612
1.04513093682,-3.16105908699
1.04547303035,-3.14816536515
1.04418655914,-3.15771977791
1.04299458333,-3.16210890276
1.04619503234,-3.11994193254
1.0455608436,-3.16244893887
1.04634644554,-3.14869285575
1.0483629041,-3.14755022789
1.04526109775,-3.15004414971
1.0450282769,-3.1596394761
1.04772335198,-3.14452984884
1.04674665746,-3.16233115969
1.04608187192,-3.13190561126
1.04685244457,-3.13716257156
1.04543794708,-3.14289956848
1.04426163651,-3.17589653548
1.04677277136,-3.15596828876
1.04450859152,-3.12527391128
1.04372001682,-3.14539289497
1.04624459073,-3.16612830022
1.0477038856,-3.14478459748
1.04364179217,-3.16136953043
1.04665723622,-3.1795079434
1.04509991628,-3.1462377116
1.04520032946,-3.13322558359
1.04659092165,-3.1831499962
1.04682784427,-3.17658977856
1.04500303473,-3.14405861851
1.04707204466,-3.17317638601
1.04834579437,-3.14318100508
1.04597532162,-3.14230635943
1.04547608117,-3.19128037626
1.04764150441,-3.1672440077
1.0456327555,-3.16157306919
1.04708086311,-3.15739122862
1.04694329245,-3.14919741977
1.0461102823,-3.13718731813
1.04359390618,-3.14808019958
1.04688631191,-3.14436744972
1.04521374655,-3.15905869671
1.04454687867,-3.16020645742
1.04554698516,-3.18786328237
1.04534824902,-3.1961095238
1.04454334146,-3.12816477051
1.04688178099,-3.16696149197
1.04406468001,-3.16988652164
1.04278392674,-3.16032116985
1.04641147091,-3.15941970441
1.04763281714,-3.17546636129
1.04313223829,-3.1633184448
1.04465244018,-3.16334125719
1.04443024855,-3.16421325087
1.04492307224,-3.13176733543
1.04518695547,-3.17599716359
1.04440552743,-3.15898378899
1.04228190327,-3.19326135237
1.04548828912,-3.18090199796
1.0453544908,-3.17626290042
1.04418263878,-3.17586411143
1.04351436927,-3.13718867961
1.04471860261,-3.15125624104
1.04257736134,-3.15387755532
1.04457044677,-3.16096346825
1.04599655206,-3.17091267395
1.0438822572,-3.15523206686
1.04364924986,-3.1619157317
1.04595243761,-3.16564099608
1.04516546878,-3.19535009222
1.04464622091,-3.19210288692
1.04495320141,-3.14941510119
1.04523343193,-3.16237181352
1.04500259661,-3.1532762649
1.04649331565,-3.15310536836
1.04327050458,-3.1662096467
1.04316183854,-3.18347537257
1.04554463405,-3.16052692689
1.04748972554,-3.16816377979
1.04462308048,-3.16325731252
1.04489037052,-3.1781429668
1.0448026319,-3.20726873935
1.04444806503,-3.18829988634
1.04448195451,-3.13881583154
1.04447245104,-3.12978295501
1.04302067343,-3.17280686825
1.04518457396,-3.14539169713
1.04583280591,-3.19056881974
1.04307544849,-3.14999019744
1.04419385675,-3.14418266314
1.04575286739,-3.17581411128
1.04397440595,-3.14663497346
1.04540425131,-3.16281029567
1.04561681968,-3.1259444149
1.04397847409,-3.133949316
1.0442287798,-3.16090554236
1.04745392053,-3.14414974674
1.04420516283,-3.15997112261
1.04549433144,-3.16877108314
1.04472189384,-3.14578038962
1.04604505101,-3.13852427546
1.04519026794,-3.18617182313
1.04777239902,-3.18883119678
1.0446901672,-3.18082625256
1.04554537471,-3.16533709279
1.0458975488,-3.16011364157
1.04692604612,-3.22042660326
1.04397379849,-3.17302746191
1.04660475449,-3.19066578609
1.04622043747,-3.21230761841
1.05124713776,1.24005375445
1.04563939967,-3.21873571192
1.04542111233,-2.64728898687
1.04341672831,-2.68077146501
1.04711503598,-2.84946718098
1.04601234,-3.02309222309
1.04488046023,-3.12356660697
1.04492187287,-3.23039427147
1.04662488237,-8.15336097019
1.04444015492,-4.322449906
1.04636246132,-3.74687553072
1.04611375429,-3.48907014115
1.04425848761,-3.32866015932
1.04481575813,-3.24696157787
1.04663287527,-3.18177500225
1.04459003728,-3.14063373403
1.04453495369,-3.14880303011
1.04594000242,-3.23511364243
1.04449146453,-3.15056941186
1.04425664315,-3.11415921407
1.04682456996,-3.12389486537
1.04351030438,-3.12260907323
1.04581438084,-3.1554897047
1.04507366955,-3.1360656374
1.04507628925,-3.13650390935
1.042968818,-3.15357171296
1.04678232123,-3.17166655112
1.04486947252,-3.11949977765
1.04589614286,-3.14424337
1.04581790257,-3.12858721123
1.04364373563,-3.14610035764
1.04288465427,-3.11976185362
1.04691221851,-3.14577364545
1.04699072821,-3.15979838564
1.04411493086,-3.149173302
1.0456691042,-3.16426577374
1.04431185457,-3.11595224097
1.04215551988,-3.14357948089
1.04596263571,-3.16961626335
1.04491570682,-3.16728882332
1.04407702405,-3.17351911269
1.04507911449,-3.13981570213
1.04522388702,-3.16434446836
1.0437151169,-3.15542821737
1.04516038803,-3.15991716557
1.04389304991,-3.15494225084
1.04439839786,-3.16353464191
1.04669394689,-3.15319193568
1.0486721995,-3.17161981593
1.04380726896,-3.15082876592
1.04486684032,-3.12314155116
1.04678513311,-3.14844506697
1.04689866088,-3.16171894055
1.04508633544,-3.16308255442
1.04698739493,-3.17252506526
1.04529939671,-3.10924572762
1.04775171769,-3.17819811843
1.04693543682,-3.13288871073
1.0448195071,-3.1709669646
1.04451728374,-3.18687005141
1.04839381282,-3.13891905892
1.04577200239,-3.16791282407
1.04572711669,-3.1611872057
1.04675734228,-3.17752440281
1.04737292565,-3.16115802044
1.04474642389,-3.16807593653
1.0467645016,-3.15584082706
1.0455135316,-3.17508952459
1.04488157239,-3.16230334168
1.0465171055,-3.16367361162
1.04829079598,-3.14179655705
1.0447942331,-3.17791575316
1.04603066912,-3.16316663344
1.04471263403,-3.17244033373
1.04446903007,-3.13842942722
1.04675811489,-3.13008249301
1.04653415517,-3.15104464467
1.04292586157,-3.13925717647
1.04518650858,-3.13928439527
1.04668717452,-3.17364225049
1.04429323642,-3.16303400953
1.0430426591,-3.14248593874
1.04619820382,-3.16258956672
1.04448172201,-3.16985570042
1.04631053307,-3.17790178774
1.04537861187,-3.17772021349
1.0431280491,-3.12321938158
1.04304782353,-3.14810766014
1.04714300269,-3.15486326808
1.04434442611,-3.15130599739
1.04404954038,-3.16524246487
1.0462610627,-3.15956571167
1.04523955716,-3.18453396498
1.0446726422,-3.16106282457
1.04636701861,-3.15572856257
1.04423884058,-3.1782037449
1.01511770185,-2.09980222338
1.04184567394,-3.54337127503
1.04200760478,-3.35939458303
1.03994481074,-3.38659585605
1.04176515841,-3.42142837858
1.04020102165,-3.41867672873
1.03913107002,-3.35985324519
1.04055245543,-3.39688458763
1.0414101664,-3.33527810162
1.04055661364,-3.41016767502
1.04241775177,-3.37883411861
1.04177764517,-3.36348672316
1.03994866389,-3.34516367579
1.04050511654,-3.35778649575
1.04208842195,-3.36173210298
1.04254058438,-3.37726339479
1.04372266166,-3.36493287764
1.0454284095,-3.40031818543
1.0452195301,-3.37060887149
1.04634187875,-3.40705502911
1.0509132349,-3.37448986992
1.05056993482,-3.3826966471
1.05230517984,-3.40988126549
1.05332461996,-3.37125821479
1.05495937813,-3.38975530711
1.0554642182,-3.37360527141
1.0583238106,-3.38136738084
1.05550698996,-3.40822943257
1.05619903721,-3.3930644016
1.05733627175,-3.37609114521
1.05674770102,-3.38010164237
1.05411582979,-3.36747597932
1.05604751472,-3.41155573862
1.05330943413,-3.38232561282
1.05309957644,-3.35813825439
1.05475670223,-3.37851161343
1.05478425529,-3.39304356252
1.05109061212,-3.40584379394
1.05482889591,-3.39443751176
1.05615492512,-3.40609824175
1.05498362202,-3.38462506823
1.05391807628,-3.3985561898
1.05513570158,-3.38106195339
1.05508129884,-3.38912651094
1.05835256875,-3.39524988679
1.05639050549,-3.3625375112
1.05388752393,-3.39336865494
1.0535820147,-3.38102686098
1.05656956746,-3.3898627557
1.05183116561,-3.41217379941
1.05092409564,-3.38235863759
1.04968481569,-3.38287395038
1.04804089297,-3.37532291424
1.0462919811,-3.34957444109
1.04622710365,-3.37278200625
1.04278740969,-3.37823729211
1.04234824839,-3.37912096356
1.04323527416,-3.39137673075
1.04156759509,-3.34052584163
1.04100170556,-3.3714284427
1.04178194399,-3.38672029916
1.0397547341,-3.37815272479
1.04024101317,-3.35898805795
1.04222515735,-3.38544705507
1.04117277829,-3.34993692827
1.03771077652,-3.35687603689
1.04136054363,-3.3803795839
1.04253895451,-3.36145830336
1.04070393463,-3.37626203172
1.04011550144,-3.3989826414
1.03992877423,-3.36508892929
1.03860950468,-3.35310074367
1.04117891563,-3.34973674639
1.04076369938,-3.3934729552
1.03929928623,-3.3979698356
1.04171577692,-3.38667360745
1.04169867003,-3.38709238704
1.03903527071,-3.3853144662
1.0403996253,-3.37491582005
1.04216817911,-3.41160650573
1.04144089827,-3.38237751241
1.04035655259,-3.39157541268
1.04243549333,-3.37271890446
1.04005998348,-3.37614394482
1.04215516049,-3.37634227245
1.0434061825,-3.39724722771
1.04325018066,-3.37230870973
1.04230102355,-3.37366386475
1.04381670317,-3.3996517879
1.04316216209,-3.38411549601
1.04432046412,-3.3847681324
1.04455449697,-3.40754323529
1.04292802503,-3.36264720572
1.04184298056,-3.39310682252
1.04370714765,-3.38483100693
1.04292953038,-3.36647608872
1.04293360509,-3.38427547844
1.04486439652,-3.39112537757
1.04413232473,-3.31812278691
1.04206073181,-3.37806452337
1.04402033242,-3.38955869529
1.04293225284,-3.37694248295
1.04214058814,-3.38753929829
1.04387517698,-3.38465034339
1.0462156706,-3.40756740301
1.042198651,-3.37075367157
1.043466917,-3.38825808727
1.04294721799,-3.36747863782
1.04219036834,-3.35662050035
1.04435314443,-3.39808856066
1.04479917319,-3.37461453888
1.04328043074,-3.43045933029
1.04295590386,-3.39563077323
1.04365534141,-3.38970752998
1.04260834834,-3.38122045916
1.04183467673,-3.38440138055
1.0444718425,-3.37582638193
1.04068138648,-3.33842462651
1.04310502103,-3.38134439675
1.0432177276,-3.37086514463
1.04311916621,-3.37284191227
1.04152280326,-3.35849549259
1.04471230308,-3.41704311448
1.04229197097,-3.39735329069
1.04178595457,-3.35727082923
1.04383123212,-3.38600529349
1.04211003411,-3.36371387394
1.04120627641,-3.38820653472
1.04434359283,-3.36648390785
1.04119957525,-3.37855241603
1.03873074977,-3.37254083475
1.04205939554,-3.38299346101
1.04477073113,-3.37688782595
1.04122504742,-3.37354094462
1.04168290581,-3.38038082094
1.04129331288,-3.39765657905
1.04041404622,-3.40038682781
1.04121622665,-3.38634297183
1.04182984383,-3.3838253326
1.04067990441,-3.39139131082
1.04156784989,-3.38204775058
1.04180761244,-3.35506196637
1.0412229596,-3.39464504113
1.04072551053,-2.51444516944
1.04214917799,-2.9596349368
1.04004669811,-3.18657381331
1.04238477071,-3.32167430924
1.04371400316,-3.44760892182
1.0414556656,-3.46804487596
1.0412433762,-3.49889163838
1.04397082799,-6.74182646558
1.04142027681,-3.88325440084
1.04228181152,-3.07984470435
1.04200098244,-3.13045580006
1.04138970327,-3.22063155429
1.04265612776,-3.29175100257
1.04443158322,-3.31192465099
1.04070461136,-3.34835193987
1.03970573943,-3.30841894065
1.04258343204,-3.33862966048
1.04557493133,-3.39245597498
1.04206393518,-3.34630579615
1.04425216959,-3.3219177873
1.04339889908,-3.3340547756
1.0442606799,-3.34629962811
1.04410781181,-3.32863383625
1.04549189469,-3.35830091005
1.04276102691,-3.3975831402
1.04513332549,-3.34390891271
1.04592808127,-3.38942284703
1.04418939242,-3.36760799785
1.04431248538,-3.37493800522
1.04432216127,-3.3862446806
1.0420588307,-3.37961879509
1.04545566968,-3.41193749413
1.04635562353,-3.36083104482
1.04399008204,-3.36187372492
1.04225019673,-3.36612365187
1.046385463,-3.38276572051
1.04316158809,-3.37530321477
1.04450343542,-3.39943072734
1.04474274269,-3.32849952364
1.04475222326,-3.38722862665
1.04486472665,-3.3471183
1.04799422803,-3.36041183219
1.04373079798,-3.33460090568
1.04346824541,-3.32226533082
1.04757977491,-3.40320611523
1.04643511281,-3.36191869256
1.04404658693,-3.38966582001
1.04545895529,-3.34830545691
1.04375302302,-3.32679689242
1.04292487322,-3.39507550819
1.04304277759,-3.34469122444
1.04185458509,-3.34595018293
1.03910928872,-3.34219820008
1.04251090053,-3.334998059
1.04230703224,-3.33430082631
1.04161364406,-3.31638902638
1.04140623082,-3.31552828347
1.04174117633,-3.32438110751
1.03925571276,-3.32945797871
1.04247631421,-3.33592707007
1.04206933015,-3.31332387693
1.04179889515,-3.37034357513
1.04190608197,-3.31694142393
1.04287890735,-3.34046156173
1.04127199486,-3.3469819919
1.04087621153,-3.31766207411
1.04232829035,-3.33153133748
1.04120762497,-3.34422114179
1.04248804799,-3.35887325382
1.04439227264,-3.37095504982
1.04032397328,-3.35056174722
1.04113934257,-3.32519128691
1.04279821724,-3.35979377952
1.04324556979,-3.38534375121
1.04232885918,-3.34932751595
1.04421293836,-3.32966111862
1.04192567838,-3.34051640365
1.04174521588,-3.34482753017
1.04328211261,-3.32440416804
1.04141532575,-3.3366135411
1.04028953028,-3.31470380021
1.04491446372,-3.32067260973
1.04417246203,-3.32880036071
1.04257773271,-3.31253981413
1.04373611609,-3.32652731531
1.04432898953,-3.33814637753
1.04285373924,-3.35757884568
1.0449371447,-3.31618155115
1.04460841172,-3.34981449033
1.0438835495,-3.36241226768
1.04329750154,-3.34100847428
1.04463001573,-3.31637980098
1.04309696827,-3.336201876
1.04335235306,-3.33140345772
1.04193145302,-3.37054284686
1.04253986279,-3.33318684424
1.04364059344,-3.3377577862
1.04661136815,-3.31243841223
1.04067585725,-3.33505493183
1.04180445781,-3.30051015507
1.04345886823,-3.34980922817
1.04448127577,-3.34949292338
1.04410857521,-3.38229796912
1.04525530539,-3.34113193151
1.04341551256,-3.33382375651
1.04348901208,-3.33467137701
1.04484912693,-3.34369158967
1.04377080382,-3.35494653559
1.04314606527,-3.3472235893
1.04609265109,-3.32975081849
1.04484878095,-3.37154026027
1.0437600063,-3.33098265457
1.04393377117,-3.32174584889
1.04397669642,-3.35560891446
1.04166046274,-3.33722697955
1.04402558272,-3.3349148652
1.04349526566,-3.32038467591
1.04247801211,-3.35725365323
1.04192661998,-3.37212899356
1.0434300765,-3.35003454488
1.04239613722,-3.33859416558
1.04306207688,-3.33115767054
1.04116440409,-3.34775212515
1.04118777772,-3.31825650699
1.04536771663,-3.34908196915
1.04431262369,-3.33471344246
1.04157300309,-3.36151381801
1.0431474387,-3.36113955268
1.04455030173,-3.34809286193
1.04303462224,-3.34189559492
1.04221249155,-3.34644926489
1.04446892714,-3.33281020741
1.04347963433,-3.36540019602
1.04472413298,-3.31472560168
1.04421270986,-3.35232314439
1.04250944528,-3.3290556143
1.04222926455,-3.33737889746
1.04500771946,-3.31725159777
1.0449527498,-3.34677821728
1.04394702592,-3.34022836726
1.04506380403,-3.3667774507
1.04425715592,-3.33993189615
1.04243561848,-3.33163187699
1.04410703633,-3.3523331948
1.04203190824,-3.34965552868
1.04111935386,-3.34487913559
1.0432652163,-3.37006569171
1.04354206779,-3.31686531706
1.04226797075,-3.36158291354
1.04240883885,-3.34392432788
1.04228165058,-3.32512820086
1.04139218908,-3.33262651053
1.04188342663,-3.35756923868
1.043204274,-3.32320742038
1.04126343602,-3.37074729952
1.04331740082,-3.38519240688
1.04287993633,-3.36888815543
1.04234410396,-3.38503156305
1.04148386195,-3.36559161194
1.04296288271,-3.3626810151
1.04185902443,-3.38217442938
1.05134929154,1.40519925223
1.04430889508,-3.46208929189
1.04289071432,-2.74904561577
1.04090433556,-2.79988615402
1.04439878224,-2.99780055824
1.04186739128,-3.20401599553
1.04290235456,-3.29114169608
1.04359996268,-3.39063308504
1.04428112515,-8.87114883871
1.04167078366,-4.47846285124
1.04398988912,-4.01107350406
1.04256871681,-3.65143823465
1.04102002254,-3.49323588459
1.04406981769,-3.41413837481
1.04357489415,-3.34433722914
1.04242622774,-3.32775653796
1.04421778802,-3.3255638491
1.04329511485,-3.40975097503
1.04322702943,-3.36764254375
1.04433512156,-3.34673680449
1.04535668384,-3.32658890289
1.04108244858,-3.31455250652
1.04369368209,-3.31770055932
1.04486512085,-3.33241220469
1.04477635158,-3.33597912
1.04302943096,-3.31649209892
1.04214065774,-3.32690876609
1.04044102761,-3.34010461961
1.04430890693,-3.32641043338
1.04396748212,-3.319680062
1.04193452998,-3.29213715527
1.04219509317,-3.32762572513
1.04475761073,-3.33298694516
1.04206106427,-3.32429654722
1.04361588008,-3.32883025708
1.04415489836,-3.31137443659
1.0427910215,-3.32427055832
1.04368864133,-3.3425816816
1.0457668329,-3.32772242982
1.04190655987,-3.32522308832
1.04212469518,-3.34188414995
1.04399510317,-3.33426402834
1.04450526987,-3.32514464078
1.04442537127,-3.33269039034
1.04448471625,-3.33851208233
1.04169888616,-3.31734942785
1.04260108714,-3.30967796683
1.04478888507,-3.36522915812
1.04459258264,-3.34176997956
1.04036789316,-3.33252058709
1.04391365415,-3.33783118442
1.04292338687,-3.32806074839
1.04377736203,-3.3417536562
1.04245536434,-3.3510777316
1.04271385362,-3.33909845086
1.04200309812,-3.34893607424
1.04414401589,-3.34823344891
1.04311558086,-3.38192254027
1.04062225116,-3.37583003278
1.04311877875,-3.3509792565
1.04458152784,-3.3369281259
1.04184938518,-3.32765254478
1.04296419629,-3.35655651083
1.04302352743,-3.34401267919
1.04207753475,-3.33439980392
1.04309424611,-3.34788937141
1.04571463432,-3.36220391255
1.04136367659,-3.32706648287
1.04220422462,-3.33698299498
1.04396227088,-3.35334086947
1.04393216622,-3.36365053422
1.04289944207,-3.3531332964
1.04494192104,-3.33039736433
1.04267939128,-3.34899588946
1.0439448195,-3.33168280981
1.04419566505,-3.34978641307
1.04339211852,-3.34335239666
1.04149963877,-3.36645568769
1.04383241494,-3.3235823847
1.04399247136,-3.35192012041
1.04405564621,-3.34481978703
1.04370761874,-3.37647836219
1.04299665615,-3.34416657891
1.0413063266,-3.34984685165
1.04436440898,-3.3466916377
1.04275191534,-3.38695115302
1.04085959457,-3.36794345613
1.0425014672,-3.32920850685
1.04417084247,-3.36748377937
1.04177111098,-3.33600240799
1.04368842222,-3.34544346056
1.04210713146,-3.35450565431
1.04111007969,-3.37550292928
1.04272547967,-3.35893928252
1.04402765078,-3.36710695659
1.04259904794,-3.36976149346
1.01759477823,-2.02063389819
1.04378907682,-3.54981515896
1.0415705411,-3.25492716813
1.0413295401,-3.39087662629
1.04437937548,-3.46155256217
1.04233546489,-3.45381353158
1.04413064518,-3.45659668411
1.0445158655,-3.48935454654
1.04292625477,-3.48448465489
1.04107857811,-3.55809392064
1.04298399955,-3.48678334176
1.04358821685,-3.51008689299
1.04314138962,-3.44301852681
1.04310055781,-3.45190652448
1.04183097525,-3.50359095894
1.04096850098,-3.48924391278
1.04376690396,-3.48873326297
1.04202080088,-3.48324857792
1.04040267169,-3.50295906763
1.04310334063,-3.48513211102
1.04452546589,-3.49164455467
1.0415494543,-3.46707388086
1.0425525665,-3.50913703094
1.04228756905,-3.49802094649
1.04113023368,-3.49495788617
1.04199264406,-3.47221577563
1.04319824648,-3.50378491927
1.04079864476,-3.48742586216
1.04263010481,-3.49984378827
1.04308470723,-3.48847177571
1.04319158054,-3.49870332826
1.04094438938,-3.48187501314
1.04271527526,-3.47872915521
1.04035243222,-3.51710601568
1.04375316658,-3.53997301035
1.04553933342,-3.48628901
1.04339233625,-3.50042219736
1.03974713933,-3.51681786448
1.04189224502,-3.48593156215
1.04235380716,-3.5073206368
1.04329196066,-3.49831174434
1.04400716535,-3.5306851262
1.04289664328,-3.50132448197
1.0432078215,-3.50369482163
1.04508015388,-3.47851832524
1.04204847462,-3.49392733414
1.04138259578,-3.50610596425
1.04308034252,-3.50170316546
1.04541473977,-3.49848821208
1.04244227264,-3.5054860336
1.04488611697,-3.54009171924
1.04165179959,-3.50607325703
1.04145585322,-3.4747204556
1.04231009723,-3.49264953891
1.04432977723,-3.51301751818
1.04107412979,-3.49880715513
1.04316943977,-3.5067189675
1.04285478537,-3.50711316287
1.04260788593,-3.50338842896
1.04371802677,-3.50720478026
1.04173528963,-3.52506647041
1.03992361674,-3.50275720183
1.04329929218,-3.50122295997
1.04523648332,-3.49651530505
1.04290197806,-3.45820920433
1.0414798223,-3.49092999338
1.04360154406,-3.49872301666
1.04182950643,-3.46933232712
1.04327690194,-3.52678499871
1.04393909996,-3.51854297159
1.04388848489,-3.50223550028
1.04418651388,-3.48946128027
1.04515914594,-3.50190449719
1.04197046534,-3.49259239677
1.04173216902,-3.49887965106
1.04385226116,-3.51584576383
1.04392372234,-3.4827719855
1.04401374463,-3.50912372755
1.04423179903,-3.51002100361
1.04197184401,-3.50636662585
1.04256459643,-3.51137763002
1.04344375694,-3.53750030962
1.04331568213,-3.54567102108
1.04171163698,-3.50151598153
1.04472091451,-3.50716757779
1.04353706029,-3.5239495521
1.04278651172,-3.51399475939
1.04246641998,-3.49750673966
1.0421552974,-3.48962355408
1.04128989063,-3.50872430649
1.04418942976,-3.49694634721
1.04427282009,-3.52395556046
1.04276147916,-3.51342874074
1.04236019498,-3.47372745362
1.04292834408,-3.49449409555
1.04240374608,-3.50992607119
1.04311978137,-3.53433211538
1.04295982949,-3.50902622272
1.04273036639,-3.49567510875
1.04296047615,-3.50659948148
1.04565640156,-3.52037461376
1.04271873248,-3.54893596257
1.04228034775,-3.52048529508
1.042557277,-3.51729229404
1.04410309305,-3.50638087904
1.04483435311,-3.52415288004
1.04700502917,-3.5228482054
1.04405708207,-3.51449685598
1.04524218953,-3.51743866596
1.04421434448,-3.49970003093
1.04333521149,-3.53021091358
1.04230233835,-3.48786480389
1.04748656934,-3.54823731129
1.04527701591,-3.55250247517
1.04439266963,-3.53193624739
1.04405427142,-3.53633810434
1.04481199075,-3.53488352031
1.04134203074,-3.50884801298
1.04474014696,-3.49899859772
1.0454655486,-3.53860465623
1.04385433764,-3.48869705881
1.04359354445,-3.51441597494
1.04470024265,-3.50989368847
1.04501287085,-3.53349082674
1.04542398556,-3.49397265573
1.04463964879,-3.54132110789
1.04474470919,-3.50434515694
1.04653939211,-3.51435130477
1.04957333901,-3.50387037173
1.0453704211,-3.51286997383
1.04573602311,-3.49158866557
1.04583240205,-3.54534488024
1.0465075014,-3.54961076261
1.0456579095,-3.53187166766
1.0464606989,-3.5312746812
1.04494097437,-3.5062700207
1.04535811904,-3.50200646863
1.04520831583,-3.51710948455
1.04408839276,-3.52871897649
1.04299194219,-3.50330521897
1.04541210305,-3.52195335219
1.04552968426,-3.54661618553
1.04512555767,-3.37543368471
1.04599699364,-2.66405481091
1.04439815643,-3.09143156335
1.0408038952,-3.31788903856
1.04554397538,-3.47637528651
1.04514219056,-3.57362948924
1.04368966546,-3.60749063629
1.04403489376,-3.61759209477
1.04670516015,-7.09193045918
1.0436907804,-3.94023198976
1.04443135121,-3.23149095606
1.04266886707,-3.27896968599
1.04249878683,-3.40609256571
1.04518632252,-3.45622899597
1.04566523533,-3.49810864128
1.04233161041,-3.50878723711
1.04189660049,-3.48729908514
1.0439533924,-3.45729193161
1.04413753469,-3.52654148643
1.04143864045,-3.4920321047
1.04401834769,-3.48957827309
1.04301077164,-3.46743822123
1.04536791327,-3.51771861444
1.04600417399,-3.52933699236
1.04413610765,-3.51642984262
1.04283597882,-3.49472969142
1.04566351055,-3.48701127534
1.04499244753,-3.53267646953
1.04663839609,-3.55396534795
1.0475534542,-3.53452456075
1.04516475569,-3.51069458274
1.04491028713,-3.51154785358
1.04642801593,-3.55711148601
1.04538931639,-3.50916208351
1.04359737843,-3.51190025278
1.04440846811,-3.50377181877
1.04694861214,-3.54707640478
1.04394936192,-3.52299347733
1.04622749377,-3.52876631428
1.04374546477,-3.51977400017
1.04321201123,-3.51756548466
1.04593089048,-3.51828471066
1.04711076916,-3.52351809061
1.04424332339,-3.54882720797
1.0452093456,-3.5174021444
1.04605051202,-3.53195109764
1.04512861347,-3.52234284129
1.04511834826,-3.53864229437
1.04586395747,-3.5332660779
1.04414935161,-3.51851672266
1.04554878536,-3.50145209037
1.04713001075,-3.5577161483
1.04479711927,-3.51776633309
1.0449365647,-3.48363586877
1.0467214633,-3.50829699558
1.04381588468,-3.50042778606
1.045425527,-3.51623339148
1.04447588706,-3.4942442749
1.04480917793,-3.50882799862
1.04487625379,-3.5094541776
1.04549591027,-3.50597090852
1.04388842227,-3.5314514344
1.04251911249,-3.48266506007
1.04474095423,-3.48850956147
1.04377737606,-3.51741696413
1.04480867616,-3.52135233116
1.04597664612,-3.49605915786
1.04296675868,-3.49499871292
1.04214877134,-3.46942357402
1.04521131043,-3.50109181623
1.04580992909,-3.4912245926
1.04297022112,-3.5080580465
1.04405676629,-3.51849516244
1.04571546161,-3.51944023331
1.04481338306,-3.52208247077
1.04437683512,-3.46872947991
1.04328419547,-3.49717427736
1.04220482218,-3.52262902958
1.04482651546,-3.49562845947
1.045320589,-3.51506742439
1.04490769967,-3.54665694343
1.04377401113,-3.4846955702
1.04628937282,-3.51159804913
1.04345822834,-3.49128940547
1.04508908969,-3.46384690314
1.04464620693,-3.51345238133
1.04379684043,-3.49798979554
1.04518304671,-3.51554963678
1.04686727298,-3.50337947383
1.04462739476,-3.48111916224
1.04347527867,-3.52244750061
1.04330900058,-3.4879459969
1.04450040532,-3.51701029905
1.04612663225,-3.516097924
1.04793388114,-3.52237373152
1.04344792021,-3.54406798071
1.04304716727,-3.50759579006
1.0451511269,-3.5143467889
1.04650915009,-3.53379561144
1.04249191384,-3.55106807108
1.04574436125,-3.51589795425
1.04523282522,-3.50794623114
1.04524292809,-3.47457023583
1.0438631067,-3.48409214196
1.04351776579,-3.5354928871
1.04211388715,-3.49142654512
1.04521290444,-3.49426398305
1.04477923178,-3.50216135059
1.04409280909,-3.50745044614
1.04470332204,-3.52760384169
1.04467504855,-3.49690612156
1.04334540951,-3.52187409846
1.04491973659,-3.49949152756
1.04390702404,-3.51098473529
1.04316245516,-3.50966437695
1.04285768967,-3.50792612226
1.04642008343,-3.49519560282
1.04376092438,-3.53397453747
1.04337808248,-3.5017805634
1.0434643774,-3.5248000899
1.04364210531,-3.50096415512
1.04452973757,-3.53716257743
1.04603081117,-3.49755926485
1.04385904063,-3.53262380948
1.04451601841,-3.49383528865
1.0461693045,-3.51452867267
1.04396080302,-3.52822171184
1.0419278755,-3.52045319824
1.04461379033,-3.51784024712
1.04397489429,-3.50615411141
1.04536481007,-3.4831080623
1.04450354478,-3.4918409397
1.04330151956,-3.4786915642
1.04195068348,-3.49637999475
1.04394404351,-3.50694043879
1.04318845579,-3.48092743412
1.04322986442,-3.52983857757
1.04352038449,-3.50748349842
1.04419891488,-3.51596331226
1.04272743932,-3.50741834952
1.04356950269,-3.50076617424
1.04230068499,-3.51226617905
1.04222472185,-3.48089846472
1.04361497247,-3.51170320143
1.04449044504,-3.49584947094
1.04341160421,-3.51902107409
1.04310219155,-3.48058105507
1.04391725623,-3.51993419982
1.04295453018,-3.50656964966
1.04357922281,-3.51024685274
1.04580790224,-3.51668639901
1.04371262153,-3.5126764563
1.04417883433,-3.51042818837
1.04604118418,-3.50781545308
1.04513856604,-3.54521550056
1.0431540723,-3.52076236922
1.04444125672,-3.49976987629
1.04365028021,-3.51816004726
1.04558432272,-3.49844497109
1.04607913106,-3.51956151373
1.04457311717,-3.51129920703
1.04235085008,-3.53470626807
1.0512990071,1.29121884461
1.0430636113,-3.65691572174
1.04227115467,-2.88650240948
1.0438572229,-2.97084976982
1.04608112599,-3.17161563434
1.04285953489,-3.34392632008
1.0432881713,-3.49043113476
1.04283707572,-3.55800103671
1.04224320434,-9.05530399094
1.04248076596,-4.49160191602
1.04502805435,-4.20940358257
1.04281945545,-3.84460980903
1.04357224486,-3.67824875404
1.04300920123,-3.60424790506
1.04359430347,-3.53459184497
1.04340683807,-3.47612431107
1.04576776162,-3.52187141796
1.04047085877,-3.55564511277
1.04466553132,-3.55847230238
1.04526256912,-3.48728352367
1.04390310759,-3.48515984963
1.04231521709,-3.47332647454
1.04268989687,-3.49458411408
1.0428005832,-3.49424437217
1.04413620854,-3.49672840116
1.04512590939,-3.50450022649
1.04328705544,-3.49925553868
1.04276354821,-3.46793555918
1.0460540708,-3.48908649395
1.04247291271,-3.49361506579
1.04079514478,-3.48328113446
1.04297927807,-3.47760549778
1.04502936935,-3.48285392523
1.04205173951,-3.45123726948
1.04462066296,-3.48856420443
1.04235890012,-3.48158913996
1.04044588657,-3.51714035412
1.04147498626,-3.48772532412
1.04323655296,-3.51650012552
1.04205356953,-3.47914360824
1.04299396403,-3.50235786185
1.04256481315,-3.48102934765
1.04174434633,-3.48130031924
1.04316616694,-3.50577713642
1.04090764867,-3.47414186073
1.03904902755,-3.48318602275
1.04258788543,-3.49103427607
1.04448268689,-3.49913358262
1.04206605098,-3.4946249153
1.03969347652,-3.48992521701
1.04127992336,-3.49545902094
1.04098945726,-3.50212415261
1.04378681732,-3.49870724148
1.04413358906,-3.51213629513
1.04451437004,-3.51386982804
1.04690863065,-3.50556445468
1.04955769685,-3.51013186045
1.04759351855,-3.50014901192
1.04669401708,-3.51172367556
1.04886834783,-3.48297621738
1.050288186,-3.52383835583
1.04871392984,-3.46890144279
1.05058831143,-3.51106280798
1.04857627848,-3.50041771927
1.04606682712,-3.4768965161
1.04631309321,-3.50760482918
1.04677346725,-3.50872348972
1.04434236008,-3.5045290998
1.04642944973,-3.51836430653
1.04586094744,-3.51328983152
1.04580204239,-3.5042873664
1.04493700596,-3.48543153632
1.04458881317,-3.54168779924
1.04277636008,-3.48248886809
1.04776309462,-3.50522248981
1.04714135832,-3.49110368916
1.04782228753,-3.48930761702
1.04661856212,-3.50127066806
1.04841606741,-3.52280410776
1.04697697828,-3.49131477864
1.04794059069,-3.50653995921
1.04808002687,-3.50192917462
1.04839638149,-3.52298648867
1.04770291541,-3.50699198153
1.04907301774,-3.53203193109
1.04402876792,-3.50267140534
1.04357816029,-3.50281658657
1.04311063658,-3.48494035207
1.04290183673,-3.50474429321
1.0418012702,-3.49703661733
1.04329184359,-3.49248185587
1.04140989208,-3.52106011798
1.04075262661,-3.50132563688
1.04169710921,-3.47685102763
1.04051961598,-3.54242071379
1.03992746662,-3.49107317381
1.01676605137,-1.91758910945
1.03787054533,-3.4613425824
1.03891981511,-2.88346316556
1.03914323078,-3.11344427213
1.03778611728,-3.21028238564
1.03918589965,-3.19303850407
1.03966674127,-3.23336917073
1.03681806702,-3.25060411473
1.0382645588,-3.27743056702
1.03871466002,-3.37957740402
1.03864444304,-3.28961524936
1.04009029804,-3.25847057661
1.03960302636,-3.21963335934
1.03554600313,-3.21949044136
1.03932274071,-3.28595529252
1.04068188885,-3.26501524331
1.03785793986,-3.25108771125
1.03793409335,-3.2746349726
1.03903432592,-3.27498177866
1.03862636884,-3.26277472834
1.04045894845,-3.26688437058
1.03986063652,-3.2522724942
1.03878950306,-3.2738518104
1.04032920464,-3.29941506053
1.04257370048,-3.27184337267
1.03942056444,-3.29581729509
1.03854875627,-3.27628021219
1.04017165762,-3.27702178064
1.04000582673,-3.26832572608
1.03919582166,-3.30767304167
1.04039706428,-3.28528561661
1.03792608714,-3.27355108741
1.03728093739,-3.2928221679
1.03974393408,-3.27769450325
1.03931281903,-3.29813417988
1.03673117258,-3.31166733818
1.03831282688,-3.28353748189
1.03847521612,-3.3117774254
1.0388351219,-3.32854600251
1.0388155844,-3.31517894577
1.03891253296,-3.26834148921
1.03622877755,-3.28992823808
1.03979837452,-3.29675788347
1.0396691744,-3.32512124505
1.03806357965,-3.28399084438
1.0371839046,-3.3255680616
1.03870148494,-3.2952898381
1.0395335537,-3.27504653748
1.03992426038,-3.25613976612
1.03864890606,-3.30422208203
1.03757045016,-3.30533863906
1.03911786267,-3.31827636898
1.04206293681,-3.29801860154
1.0390789895,-3.2931267102
1.03887695217,-3.31274702187
1.04015238773,-3.29469986427
1.04124107366,-3.3132558596
1.03964509108,-3.29809060018
1.04084213422,-3.291024408
1.03919353394,-3.33179824008
1.03968233543,-3.32402756129
1.04141435828,-3.29162282662
1.03981362443,-3.30471311954
1.03783927002,-3.29594214136
1.04082781511,-3.30193778783
1.04060688075,-3.29930374373
1.03933776292,-3.31798698416
1.04089776788,-3.32429871587
1.04003591646,-3.30979139818
1.03754781963,-3.34189414172
1.0411125484,-3.32983361958
1.04085335803,-3.34043271952
1.03933094301,-3.30029853005
1.03846186673,-3.32442177328
1.03880040577,-3.31598584157
1.03790179767,-3.27736205385
1.04062933179,-3.31286367645
1.03923453284,-3.30553092297
1.03881266428,-3.32662321524
1.04008650819,-3.32505541111
1.04193946101,-3.31010700507
1.03798649196,-3.31578616997
1.03980769802,-3.34183068055
1.04146028037,-3.356592835
1.03990115864,-3.30437177736
1.03989552472,-3.35058255483
1.03980046897,-3.3478638869
1.03883632025,-3.3281819977
1.04048156011,-3.33969153431
1.04130764462,-3.35606303473
1.03922108484,-3.31707572093
1.03876420474,-3.31563322328
1.04147803993,-3.31027244289
1.03832562342,-3.32490821444
1.03967777311,-3.3269941745
1.04075452155,-3.32783872917
1.03991319361,-3.33009639267
1.03736141723,-3.34267769298
1.04073318795,-3.32847005139
1.04054277521,-3.3456832082
1.03894040559,-3.3391407264
1.03845807064,-3.34070083699
1.0396215878,-3.35218130187
1.03869701624,-3.33765450906
1.04003385049,-3.33392053606
1.03825093546,-3.30613544864
1.03728743863,-3.32833665754
1.0396207717,-3.33351317262
1.0406039394,-3.32804200896
1.0372168088,-3.32975957954
1.03837531634,-3.33013105291
1.03920963159,-3.33342532149
1.03897350499,-3.31308019294
1.03976303291,-3.31462424937
1.04023825416,-3.32356927065
1.03711701399,-3.34963417803
1.04001318899,-3.3562950218
1.04076084074,-3.30445369387
1.04062826761,-3.34051392682
1.03912507215,-3.37287823507
1.04043530422,-3.32642474412
1.03938722068,-3.34406745809
1.04078283632,-3.3401942248
1.04221812766,-3.35585670198
1.03936657804,-3.35285134784
1.03839811384,-3.37540501144
1.04045928027,-3.34494998354
1.03987428594,-3.33285637977
1.03879144228,-3.35236476914
1.03900318505,-3.33053530558
1.0395464002,-3.34489327955
1.03977193183,-3.38448002973
1.04099170403,-3.3526989521
1.03884171409,-3.34028189872
1.03815354912,-3.36398206095
1.03932573588,-3.30415948359
1.04118782623,-3.35558675594
1.03905092475,-3.34241221313
1.04075361123,-3.3708407054
1.03884514358,-3.3413680395
1.03956403319,-3.33202511244
1.04014336979,-3.35105695722
1.03942728465,-2.96016773569
1.03771795436,-2.56078303437
1.03814889244,-2.90374348921
1.04101647751,-3.14224890791
1.03870918983,-3.29523834974
1.03826995884,-3.37693478782
1.04015605855,-3.43133661082
1.03852688823,-3.45051629327
1.04105433849,-6.93481226588
1.03747960689,-3.56494397583
1.03860191606,-3.00295011973
1.03920532061,-3.17738465629
1.04251965799,-3.22867529138
1.0396250981,-3.27556780079
1.03911677224,-3.30626493953
1.03999213717,-3.2988112808
1.03927068344,-3.30874896987
1.03911153575,-3.23545215772
1.04264090616,-3.37275313637
1.03912220899,-3.28957881015
1.0382901371,-3.32210210538
1.04073779661,-3.34036900821
1.04036395775,-3.32256850081
1.03798563822,-3.30385811162
1.03974881154,-3.33192245577
1.03982604157,-3.31139936112
1.03953255493,-3.34949988841
1.03892780195,-3.32178178658
1.03921003576,-3.35258656611
1.03818645286,-3.35042890713
1.04087890589,-3.35461909018
1.0389818207,-3.31770939686
1.03836422344,-3.37261929869
1.0388737117,-3.33328443705
1.04025609632,-3.33721178316
1.03841783269,-3.32110149576
1.03980483543,-3.31364893526
1.0413512701,-3.3335535035
1.03942066923,-3.37305888048
1.03877264306,-3.33329508702
1.04065629571,-3.30951652478
1.04002501608,-3.34810075988
1.04085670161,-3.35396079049
1.0397008024,-3.33482056058
1.03943428499,-3.35654126882
1.04040122268,-3.36037422621
1.0418547352,-3.35012253459
1.03987687443,-3.34839801421
1.03872031976,-3.32078639189
1.04079112106,-3.36616900054
1.04003537897,-3.33998540091
1.03818583301,-3.33366843627
1.04001486043,-3.31735019264
1.04105261963,-3.3274319593
1.03924211574,-3.33920899329
1.03824885528,-3.30187319074
1.03926811876,-3.32649972298
1.03761209576,-3.32703973412
1.04069849515,-3.31501566452
1.04002368898,-3.31277548959
1.03849923267,-3.33222682366
1.03849787241,-3.30476645207
1.03961184529,-3.3307128256
1.0378730907,-3.34863690219
1.04000341461,-3.32643659727
1.04009919988,-3.33219891237
1.03825339521,-3.30419028675
1.03839553175,-3.33897044437
1.04145398296,-3.32727994069
1.03946387517,-3.32091011423
1.03930269286,-3.30216875387
1.03893151061,-3.32425408881
1.0388421207,-3.34176768831
1.03946303598,-3.32508179581
1.04134951874,-3.31639571816
1.03830288416,-3.33820191748
1.03912012243,-3.32679128489
1.04117398889,-3.30869021526
1.04048324002,-3.33057772341
1.03762274732,-3.32016555749
1.03955951615,-3.3490824968
1.03877851003,-3.3164550734
1.03920423096,-3.36199922959
1.04026690362,-3.34946469197
1.03847834404,-3.36412600664
1.03701331049,-3.3557851781
1.03980980056,-3.3025642006
1.03935007821,-3.34102636284
1.03857663839,-3.36113100817
1.03814889653,-3.36735410892
1.03934399566,-3.36880400527
1.0371731886,-3.35551534907
1.03981016888,-3.37897764683
1.03764151006,-3.33153004654
1.03676877386,-3.32819232627
1.03810884691,-3.34951105929
1.04035726221,-3.35635508208
1.03865458482,-3.350671468
1.03751978443,-3.35593273512
1.03794479872,-3.31738874228
1.03820867235,-3.35633915574
1.03881117356,-3.34927044164
1.03959628006,-3.34416713015
1.03703733809,-3.33992655685
1.03828685038,-3.35326833581
1.03994316562,-3.33680584262
1.0397488655,-3.34927497885
1.03677117185,-3.2978944284
1.03892017943,-3.35295685618
1.03836687932,-3.32903786804
1.03873921879,-3.35301183868
1.03985716049,-3.34100899328
1.03858822342,-3.34687984692
1.03696869701,-3.33415622316
1.04079847969,-3.33346328754
1.03847897353,-3.32701606971
1.03695511689,-3.33539956988
1.03884194436,-3.32855820922
1.03941620531,-3.35349317347
1.03817124685,-3.34240045589
1.0396221024,-3.33908679314
1.0370028224,-3.34731391514
1.03700764272,-3.3121088884
1.03832789571,-3.34968461858
1.0392455083,-3.35665590812
1.03750222377,-3.35214242329
1.03845044249,-3.34080300278
1.03785934555,-3.34154482576
1.03803403743,-3.34567419653
1.03891995703,-3.31632113593
1.04106036664,-3.34953616043
1.03706171226,-3.33056508668
1.03922325598,-3.34503239212
1.04068109865,-3.31124692303
1.03972926484,-3.33305787862
1.0388190762,-3.34205696064
1.03948752769,-3.32424233116
1.03925749892,-3.35483239949
1.04032903436,-3.32276158588
1.04019074826,-3.3286508274
1.03843672973,-3.34774123758
1.03851909236,-3.30641519733
1.04110486365,-3.34052458883
1.03873047888,-3.33311652668
1.03721798613,-3.34235077205
1.03940655101,-3.29981149101
1.03954216772,-3.34920985539
1.03837834901,-3.34059182608
1.04052681889,-3.32057757585
1.03926669145,-3.3505601598
1.03813572354,-3.35230322542
1.03807993958,-3.32269514216
1.0406190959,-3.35114868481
1.03895983281,-3.35765370854
1.03921840129,-3.34999199248
1.03796624392,-3.37878674912
1.03743563731,-3.30499945831
1.04112675972,-3.36668987726
1.03989333053,-3.3204895889
1.03737561429,-3.32432669454
1.03935053189,-3.3470859807
1.04056282442,-3.35565467569
1.04739016291,1.55385038198
1.03791159362,-3.45979619133
1.03898458381,-2.67776363024
1.03847433832,-2.76636362225
1.0412147772,-3.02943880061
1.03994038465,-3.17339067928
1.03773194277,-3.30666921243
1.03780131456,-3.39013286239
1.04101904547,-9.12091660616
1.03827687928,-4.04937245998
1.03964851365,-4.01304600122
1.03910254638,-3.62657931581
1.0383752749,-3.50327326944
1.03943503045,-3.43187264112
1.04112551154,-3.3970004024
1.03893745225,-3.32090567657
1.03677617249,-3.34603717406
1.03929211764,-3.41643926553
1.04032628082,-3.42152991209
1.03812734562,-3.30998899483
1.03959788268,-3.33594067283
1.03857906686,-3.3234718819
1.03871560276,-3.31992684464
1.03917616915,-3.33708127467
1.03962047852,-3.34265774868
1.03585982855,-3.31145164956
1.03983120775,-3.38047502902
1.04019013557,-3.31693825143
1.03837788764,-3.32570630614
1.03904765549,-3.32367244115
1.03904991975,-3.30901838544
1.03893462811,-3.32542979532
1.04035899332,-3.30457761129
1.0408111059,-3.33026851
1.03819600551,-3.3583303706
1.03874820943,-3.31435575637
1.04107416515,-3.29556132154
1.03954445747,-3.35337499234
1.03940694433,-3.34287085877
1.03934775239,-3.31156766385
1.03928105347,-3.30943770407
1.03936124586,-3.3455322006
1.04153764645,-3.33793085978
1.03853568106,-3.3343865478
1.03985861012,-3.35442575946
1.04117780473,-3.33685231928
1.03915702915,-3.34511159331
1.03820532369,-3.34356077002
1.04054877219,-3.34521346376
1.04003331784,-3.31654852156
1.03937613339,-3.33441161133
1.04174909597,-3.30777583806
1.0413235225,-3.33147414701
1.03749539934,-3.31320474113
1.04045151986,-3.34935820135
1.03963344944,-3.31133759069
1.03827312465,-3.32230722141
1.03817366794,-3.31088078404
1.03862977081,-3.35032535138
1.03695295096,-3.31868472989
1.03912509314,-3.33334687111
1.03732388323,-3.33126329822
1.03652978193,-3.33483505284
1.03834011272,-3.32435903261
1.04042364821,-3.36029895977
1.03709516344,-3.34381117311
1.03866250251,-3.3379669067
1.03921938174,-3.32342664921
1.037620717,-3.31878258945
1.03879619521,-3.3171734307
1.04026147295,-3.32617083075
1.03822714648,-3.30244648263
1.03959072712,-3.34786100641
1.03968394997,-3.32324733309
1.03867472653,-3.32924243654
1.0389929363,-3.36279388344
1.04019362249,-3.31155564033
1.03755428253,-3.35858378222
1.03867340522,-3.35123077248
1.03988153752,-3.32974464684
1.03926209623,-3.35132201865
1.03649512211,-3.35219310869
1.03959047851,-3.36238284071
1.03821452514,-3.32053937147
1.03688032428,-3.34669669789
1.03700510236,-3.34298758674
1.03882225138,-3.32899471917
1.03756607382,-3.34158752908
1.04057557627,-3.36086000779
1.03693818832,-3.34168488785
1.03658274423,-3.32962167223
1.03866180814,-3.34599841818
1.03966814507,-3.32224863642
1.03732590112,-3.35379106678
1.0380160862,-3.34310466077
1.0395291182,-3.35987555917
1.01139325764,-2.08988726304
1.03757783485,-3.62810086737
1.03817177534,-3.70778392151
1.03429920864,-3.53364470894
1.03541201131,-3.53395932368
1.03714158188,-3.58881898813
1.03768570016,-3.70724419049
1.03616140369,-3.72953010005
1.03726289652,-3.70998361917
1.03791114483,-3.35019081408
1.0393100853,-3.25099311369
1.04159115826,-3.25077131327
1.03869659785,-3.25261026292
1.0374892954,-3.25387935911
1.04023163993,-3.29738371411
1.03969398161,-3.25062241507
1.03853688104,-3.29159571102
1.03834297671,-3.29812602097
1.03823458917,-3.31677038567
1.03734728803,-3.24719663114
1.04008829018,-3.29077615137
1.03839713946,-3.29682563755
1.03655821288,-3.31217457749
1.03841874603,-3.27916859457
1.04101837666,-3.29797547669
1.03839859897,-3.31098566923
1.03835210688,-3.2948655253
1.03711641711,-3.29546196754
1.03817775501,-3.29721787364
1.03921472465,-3.30659028426
1.03952607143,-3.32415007062
1.03773796935,-3.33542786199
1.03836887753,-3.34452951191
1.04060064208,-3.3135063863
1.03882361914,-3.29978049833
1.03797266665,-3.32929522944
1.03900239538,-3.35436979173
1.0369734581,-3.33835500167
1.03954382507,-3.36438179343
1.03986381341,-3.3304213418
1.03917551359,-3.33801772661
1.03839838683,-3.32912877139
1.04024712406,-3.31104063857
1.03872289209,-3.31390871434
1.03885745078,-3.34647430317
1.03833083439,-3.33043209908
1.03781297709,-3.33667360257
1.038776288,-3.35368109829
1.0406367624,-3.34241666558
1.03821883553,-3.32920810589
1.03669633598,-3.35862258476
1.03956477521,-3.2900675646
1.03987954258,-3.34033861138
1.03739304698,-3.3448593203
1.03820142242,-3.35183899957
1.0370827006,-3.32071321749
1.03815331713,-3.33979162734
1.03857971869,-3.37066973818
1.03763132548,-3.34956448648
1.0364114759,-3.3429740262
1.03899297735,-3.35633035791
1.0393398867,-3.38286109071
1.03943423233,-3.35370109
1.03957191094,-3.36570627714
1.04137406701,-3.39864525042
1.03938012469,-3.35188986644
1.04166425198,-3.35938000236
1.04312636151,-3.32874935459
1.04234058065,-3.36425345566
1.04130527822,-3.3567554534
1.04329266543,-3.35270150662
1.04061333167,-3.31023537465
1.04143487049,-3.30686487619
1.04220491428,-3.3728993415
1.04116998575,-3.3157963496
1.04138174789,-3.32989873075
1.04280235499,-3.349848292
1.03888648437,-3.30695314086
1.03865439081,-3.32558631832
1.04188162309,-3.33721717286
1.04181556467,-3.3485065202
1.03839937651,-3.31771223815
1.04118229124,-3.34060702997
1.04088475741,-3.31580109071
1.04045885896,-3.34147038597
1.04117320566,-3.34672580807
1.04222154179,-3.35108973237
1.0392817074,-3.33932924575
1.04134308085,-3.33329753464
1.04070286145,-3.32536082301
1.04118265101,-3.32569479476
1.04224523972,-3.37325153846
1.04067919827,-3.34464234495
1.03812844479,-3.34408264683
1.04048542767,-3.35281191694
1.03991931198,-3.3471180232
1.03763425258,-3.33623512655
1.03702323133,-3.35587602004
1.04022494069,-3.32943004082
1.0370793825,-3.33411519015
1.03690594364,-3.34803450938
1.03679427249,-3.31567836178
1.03693513406,-3.33802810413
1.03973676426,-3.37253717383
1.04152112098,-3.36274486762
1.03727510017,-3.33074306018
1.03718202348,-3.36556245932
1.03978306582,-3.35115909405
1.04035818126,-3.38838336181
1.03903515699,-3.36737486279
1.03947564491,-3.37336727519
1.03768918639,-3.33613641803
1.03746869124,-3.3312012531
1.03980041188,-3.35763060046
1.03868142674,-3.32218225844
1.03642350559,-3.30713491153
1.03923598519,-3.34097149879
1.03881833953,-3.34551957217
1.0376553559,-3.31900001002
1.03789800187,-3.33966534191
1.03859577983,-3.36743439356
1.03724372648,-3.35459053811
1.04065074971,-3.38515930707
1.03824797312,-3.36872836694
1.03576052256,-3.30911899388
1.03774796519,-3.34646236696
1.0393850482,-3.31712133538
1.03824452198,-3.36493588897
1.03806534269,-3.34591280102
1.03818621599,-3.35770874493
1.0367457462,-3.30404711414
1.03905448946,-3.35645198367
1.04113565237,-3.36724217725
1.03679242893,-3.34646529819
1.03768922205,-3.34792109788
1.03794493765,-3.30456616694
1.0387719583,-3.31516485223
1.03722140133,-3.34858379848
1.03969483971,-3.35657272171
1.03719668172,-3.34494951215
1.03788578934,-3.36649964257
1.03886777797,-3.34694756521
1.03614937903,-3.38518916214
1.03655895324,-2.59330228711
1.04052224107,-3.03483624338
1.03864002086,-3.21508554571
1.03710740634,-3.30569326103
1.03799619339,-3.3822434554
1.03779040485,-3.43726247937
1.03626694734,-3.46375321933
1.04081943065,-6.72222529066
1.03910129981,-3.70380442077
1.03701049083,-3.05703701653
1.03743254705,-3.09892459495
1.03755135362,-3.18851664159
1.03688189573,-3.29701515134
1.03820506897,-3.26812372915
1.03693606874,-3.29919583893
1.03677521684,-3.30053005971
1.03730055854,-3.03103293161
1.03903900215,-3.21322160516
1.03589086117,-3.30905849399
1.03842163015,-3.34593577208
1.04034600495,-3.361826919
1.03829336248,-3.30410968142
1.0375986682,-3.34734553471
1.03908320102,-3.32660850012
1.03729689324,-3.2954066043
1.03877963283,-3.27216555577
1.03927203443,-3.26865208454
1.03811180433,-3.28878443929
1.03766818209,-3.29220285026
1.03956721344,-3.28892046705
1.03772627023,-3.26933928847
1.03797985409,-3.2687022046
1.03923469429,-3.34069038143
1.03834160622,-3.31672127701
1.03649536747,-3.30557685233
1.03935409175,-3.32492753599
1.03889997996,-3.32074020218
1.03814402081,-3.3077584965
1.03787906901,-3.3125684047
1.03891220622,-3.28741009119
1.03751308382,-3.31409629563
1.03932644066,-3.33270494067
1.03690038831,-3.30943904109
1.03756840913,-3.30336349777
1.03909677705,-3.3182521156
1.03866115478,-3.3416940174
1.0357504257,-3.30879402197
1.03805933765,-3.32462425959
1.03978420047,-3.33280551162
1.03837818025,-3.32506537543
1.03700716815,-3.36121033215
1.03846002711,-3.34241370947
1.0364310944,-3.33731140441
1.0398371116,-3.40275881589
1.0400042042,-3.4290671075
1.03876578981,-3.36650138538
1.03771603898,-3.33521106573
1.04003123797,-3.35569929484
1.0387665348,-3.35771440417
1.03985328752,-3.37397288351
1.04011296116,-3.35309811322
1.03838881457,-3.3631382944
1.03852216718,-3.37156351308
1.04072449723,-3.35805044203
1.03815915171,-3.31197538864
1.03715828524,-3.39475164339
1.03900808276,-3.37119930879
1.03918511009,-3.36170185896
1.03829308481,-3.38658727914
1.03846000685,-3.38221562005
1.0367776944,-3.38785769545
1.0372020489,-3.37361532853
1.03897210048,-3.38097651704
1.03971290196,-3.38584798047
1.03627215779,-3.35664388357
1.03809477362,-3.38812495009
1.03865453797,-3.37386818969
1.0379794232,-3.41381412965
1.03763744354,-3.40649360106
1.03822460505,-3.3824935206
1.03660761703,-3.32192894646
1.03811841859,-3.37131184519
1.03917948068,-3.37870408828
1.03765340367,-3.41427307076
1.03718803539,-3.3901270957
1.04031285023,-3.37276974257
1.03894066186,-3.40110360763
1.03934209648,-3.38012236748
1.0381111306,-3.35654273858
1.03823117009,-3.38268747587
1.03916269341,-3.40371708076
1.0412823466,-3.34461493852
1.03836160701,-3.39038986135
1.03785334166,-3.38782897338
1.03915543698,-3.38213090333
1.03845474074,-3.38991004883
1.0379410206,-3.39777263401
1.03962038455,-3.40377328934
1.03753070366,-3.37699727846
1.03741088026,-3.35995294024
1.04071739108,-3.41559904336
1.03880876398,-3.38233295178
1.03592928418,-3.3875550024
1.03855853253,-3.40642313828
1.03850450313,-3.38918536239
1.03840932642,-3.3946613465
1.03743860952,-3.39425667823
1.03633599744,-3.366697037
1.0364757766,-3.3920077418
1.03920384937,-3.40648022141
1.03767744019,-3.41786853218
1.03568018592,-3.39726098814
1.03679543645,-3.36753939456
1.03944533914,-3.40857359036
1.03660223835,-3.36510935069
1.03883892392,-3.41130100321
1.03807743909,-3.39331620526
1.03880198594,-3.39602074264
1.03916431083,-3.39710278287
1.04227173665,-3.42865798882
1.0406510292,-3.3974300857
1.04134145443,-3.40661944812
1.04194166652,-3.36573988479
1.04148957692,-3.36534068109
1.04328031322,-3.42475690612
1.04470435107,-3.37035754013
1.04197168457,-3.41803259959
1.04148643616,-3.35704155256
1.04332414458,-3.38565560187
1.04209057653,-3.3967167428
1.03909293639,-3.40180527211
1.04185431203,-3.40984644107
1.04074308357,-3.36806011344
1.04053286034,-3.40191250194
1.03952697367,-3.38766326992
1.04075463391,-3.40979627971
1.03982922088,-3.38125320929
1.04221659268,-3.39256877469
1.04088426601,-3.38774373156
1.03949154198,-3.38423350841
1.04145095886,-3.36696553543
1.04287230705,-3.39322829526
1.04104698586,-3.39767127027
1.0431328746,-3.41865936808
1.04301115156,-3.40806716099
1.04134488637,-3.39118164111
1.04170740699,-3.42462951572
1.04458505657,-3.41419524706
1.04085168339,-3.40028864911
1.04151721761,-3.44305461196
1.04079356436,-3.38526385551
1.04041957915,-3.39948107317
1.03915008049,-3.39168090758
1.04020157667,-3.38860678016
1.03775216411,-3.37918330481
1.03996033803,-3.38718096715
1.04169987365,-3.37447741338
1.03851195206,-3.34735416527
1.03640180412,-3.36180458539
1.03926562378,-3.38997170427
1.03842872443,-3.30351624721
1.04707656776,2.45849990003
1.03856372821,-3.0586169352
1.03719149945,-2.56061137108
1.03596496322,-2.78882660822
1.04022053498,-3.10829753869
1.03882906994,-3.28343922682
1.03649035631,-3.41534839482
1.0378049638,-3.47857361351
1.03947909331,-9.4350810782
1.03786077939,-4.49055921087
1.03923094928,-3.95326910893
1.03743431698,-3.69577886357
1.0367985887,-3.58589947646
1.03886472342,-3.52319296533
1.04000073788,-3.47194399623
1.03727629834,-3.39031378454
1.03782113256,-3.44685352476
1.03747038854,-3.16393816082
1.03777471906,-3.22264404556
1.03768796,-3.33066943727
1.03905149172,-3.35748888872
1.03704907754,-3.37909899494
1.03943817125,-3.43393981474
1.04107589502,-3.41582004555
1.03996527751,-3.39204482549
1.03813186735,-3.41604947307
1.03975180283,-3.35165649665
1.03874766331,-3.3428206649
1.03967033507,-3.41710256215
1.03988276276,-3.38637878722
1.03814333599,-3.39993360619
1.03776874335,-3.38361667341
1.04113773615,-3.37337936102
1.03838418483,-3.35231735185
1.03662016768,-3.42592982305
1.03944857793,-3.40138986684
1.0405118091,-3.37568997155
1.03677330933,-3.39779467016
1.03849642596,-3.38762766541
1.03743167937,-3.36987198456
1.0382629109,-3.4227323823
1.0386116128,-3.37710355828
1.03901505914,-3.40310725131
1.03656180058,-3.41138460356
1.0381282882,-3.43116601764
1.03901140514,-3.39628647204
1.03831056156,-3.42640622002
1.03869164494,-3.41613161884
1.04078756791,-3.43443631429
1.03684132151,-3.41168054465
1.03911600989,-3.43673991713
1.04053935749,-3.43262234112
1.03924397177,-3.44988412498
1.03902951567,-3.39346273967
1.04054332405,-3.42399296409
1.03776449996,-3.40033731237
1.03878383865,-3.39139927362
1.03882024047,-3.42094458508
1.03729031318,-3.42318312746
1.03811530781,-3.38318957455
1.04123485059,-3.41584952451
1.03786319922,-3.3954698884
1.03712459594,-3.39122339233
1.03811455274,-3.39146298438
1.03851233313,-3.42671643716
1.03658511932,-3.39448174704
1.03926791332,-3.38533988878
1.03767892423,-3.39651232064
1.03710034592,-3.40469284992
1.03773815813,-3.41323014328
1.03913203801,-3.36525421822
1.03665860197,-3.36426873116
1.03905239646,-3.41598456766
1.03726537575,-3.35334141953
1.03648886124,-3.35030431974
1.03878432462,-3.38558219372
1.03845111406,-3.36796864322
1.03670058206,-3.36697716235
1.03854115976,-3.35895972186
1.03884334495,-3.35281983374
1.03754339312,-3.37243669849
1.03698665054,-3.35174909937
1.04032379212,-3.37530367356
1.03875794236,-3.36564766899
1.03958866035,-3.36263096418
1.03901460598,-3.35828114961
1.03719718836,-3.35248016177
1.03820391553,-3.35547452017
1.04140044539,-3.37255302715
1.03868540334,-3.35380615509
1.03865469528,-3.37143578619
1.03946103247,-3.35005084187
1.03888766542,-3.33943280284
1.03871117352,-3.36136692306
1.03983501808,-3.40170479451
1.03910305573,-3.38466496731
1.03026270366,-1.9785547814
1.05740655298,-3.68613022023
1.05714160319,-3.7271572967
1.05403905457,-3.59775160068
1.05693421327,-3.64174121249
1.05532069249,-3.60800909743
1.05597679201,-3.69150748179
1.05613743264,-3.76932267645
1.05510970388,-3.69488690652
1.05484753537,-3.65429215464
1.05745081742,-3.65704886856
1.05674985821,-3.64118871506
1.05544836177,-3.60167406104
1.05521603618,-3.60979640355
1.05629894272,-3.62762609437
1.0563571256,-3.62605583353
1.0571648428,-3.65681072605
1.05563326274,-3.64168252834
1.05425085195,-3.65766944012
1.05532851433,-3.66569988463
1.05855994337,-3.67643143724
1.05519304973,-3.64967834312
1.05568637019,-3.64914646892
1.05642214678,-3.645278622
1.05676723964,-3.64173083779
1.0558049118,-3.63777535543
1.05708531612,-3.67334092416
1.05447102356,-3.66487129541
1.0559458323,-3.64935915947
1.05844733507,-3.69101042116
1.0556812813,-3.67698329097
1.05384032262,-3.68908670351
1.05655703027,-3.67724828655
1.05534077984,-3.69724892807
1.05525072866,-3.68881440578
1.05666510865,-3.68129776203
1.05474180599,-3.68181565236
1.05425475865,-3.70124288863
1.05609387451,-3.66216770554
1.05625693192,-3.69522569962
1.05437996063,-3.6602135718
1.05486895724,-3.69635159001
1.05528321149,-3.67684504129
1.05460008045,-3.65933694333
1.05670250295,-3.66609676683
1.05440447177,-3.6741764082
1.05412893094,-3.67707403776
1.05592963441,-3.68349831253
1.05770466105,-3.68318414199
1.05358047784,-3.71433374299
1.05560788686,-3.70333464635
1.05675935189,-3.71170828202
1.05673814418,-3.7041353646
1.05631011809,-3.71602287663
1.05660410473,-3.73993313969
1.05415613119,-3.70495018502
1.05603833564,-3.71393226326
1.0564443626,-3.69776063645
1.05588844229,-3.71516123055
1.05560502752,-3.69814379671
1.05694441727,-3.69562659262
1.0546207419,-3.72738903096
1.05492287238,-3.68661868524
1.05623507773,-3.71873746199
1.05604458079,-3.71011390878
1.05438528818,-3.71983417226
1.05705900246,-3.71299598763
1.05596704649,-3.71356086484
1.05437947925,-3.71871906014
1.05482842163,-3.71367147782
1.05734163753,-3.73678369519
1.05472984281,-3.70036005654
1.05603036676,-3.68192536685
1.05487113951,-3.68708033351
1.05463939194,-3.72414131381
1.0564132265,-3.69091009638
1.0573347484,-3.70533975707
1.05362701207,-3.69415353531
1.05474808456,-3.68350087283
1.05623658027,-3.67271286475
1.0554508369,-3.67866808386
1.05522415594,-3.73011914027
1.05726818462,-3.70911618065
1.05350287186,-3.70438950581
1.0561472913,-3.72708114433
1.05662665644,-3.69237426478
1.05600922341,-3.69571802353
1.0555629626,-3.70688346712
1.05791588382,-3.69745669782
1.05686269935,-3.68273177196
1.05777646954,-3.68965646584
1.05822344462,-3.71432142414
1.05624180227,-3.6968375448
1.05625208382,-3.69491209192
1.05947960713,-3.69241733967
1.05760952307,-3.71235205702
1.05466899132,-3.6897001624
1.05645190167,-3.70423750535
1.0569149821,-3.68652529051
1.05615521123,-3.70652761017
1.05795964398,-3.71522020781
1.05454228678,-3.7222005028
1.05410778462,-3.71712523425
1.05624231112,-3.72096554778
1.05709379123,-3.7009212556
1.05420994062,-3.70109701064
1.05576012376,-3.70140222726
1.05574173019,-3.7147408137
1.05565406308,-3.74164187016
1.05621853145,-3.69714581212
1.05686895621,-3.73872909765
1.05511648812,-3.70466043619
1.05770942871,-3.70448979145
1.05905137216,-3.70397402377
1.05727728713,-3.70248753851
1.05586292647,-3.70179776114
1.05853423369,-3.72108840274
1.05611976733,-3.68150660793
1.05776217011,-3.70708328786
1.05736224591,-3.69906969535
1.05537063747,-3.68844689862
1.05447786765,-3.68854850891
1.05875553427,-3.70740355488
1.05592120305,-3.68224639316
1.05474112049,-3.72139048257
1.05552655168,-3.70267403479
1.05473901029,-3.67624968349
1.05514985447,-3.71778611367
1.05737733623,-3.74524829172
1.05574801726,-3.70620339967
1.05483193768,-3.69181037786
1.05678080888,-3.69871342203
1.05704215297,-3.70443029517
1.05383928325,-3.7127199249
1.0558932005,-3.70498124641
1.05670153155,-3.69762838429
1.05562579994,-3.69084348375
1.0551024522,-3.69699355901
1.05425344081,-3.70035794929
1.05370975824,-3.70324560361
1.05557860997,-3.69777662872
1.05608840496,-3.70488215139
1.05352496497,-4.59085405718
1.05350357062,-2.7604513729
1.05739282649,-3.27912854836
1.05411122461,-3.57718942262
1.05525299834,-3.74150985115
1.05698532703,-3.80198965321
1.05565713827,-3.86953752581
1.05517305965,-3.85838937371
1.05880464021,-6.28897456415
1.05618651158,-4.19211164225
1.05565322669,-3.40744200131
1.05671754353,-3.47291576475
1.05592489592,-3.58093910024
1.05490931435,-3.68111244977
1.05683468613,-3.65074907526
1.05435488239,-3.68578274116
1.05491896689,-3.69259645541
1.05685963897,-3.64340980412
1.05667241239,-3.66238009906
1.05318044721,-3.6932357437
1.05559172769,-3.70555199817
1.05518488605,-3.69323970633
1.05505594112,-3.73108660362
1.05560845968,-3.74231753294
1.05704121984,-3.74096581072
1.05359936795,-3.6740384694
1.05553532446,-3.68433860454
1.05534087783,-3.67651952832
1.05390097278,-3.69222104035
1.05598339178,-3.67286408088
1.05630144339,-3.68912570654
1.05364088754,-3.67615741377
1.05522051901,-3.66172060712
1.05546095524,-3.70769107388
1.05432080348,-3.68866558823
1.05481668542,-3.67335697148
1.05706545309,-3.70640078914
1.05295446602,-3.69107029714
1.05472370177,-3.69306870339
1.05538220957,-3.67954844823
1.05585551337,-3.69611170863
1.05554035514,-3.688496793
1.05654612117,-3.74212600289
1.05398309467,-3.68584029585
1.05498736975,-3.74252400459
1.05770740273,-3.68376504201
1.05691977343,-3.72403191682
1.05420941641,-3.70348018706
1.05593419565,-3.71449898553
1.05548390413,-3.7330320106
1.05565989171,-3.74589489765
1.05594697812,-3.72855276911
1.05597591152,-3.72105144279
1.05279093126,-3.70236264817
1.05632159427,-3.7480218127
1.05614738577,-3.74965406158
1.05390544044,-3.75274294395
1.05417630658,-3.69090472325
1.05514767757,-3.70980106118
1.05426173622,-3.73235298896
1.05674656526,-3.7338080739
1.05493712714,-3.74320271406
1.05408436,-3.7280829107
1.0558861389,-3.72240818562
1.05764300477,-3.73501480492
1.0561249179,-3.73166257009
1.05646663676,-3.75145528823
1.0577925845,-3.72275855794
1.05778109544,-3.74210867612
1.05798475509,-3.72558046987
1.05974116183,-3.75877230822
1.05610707635,-3.7650972942
1.05702597471,-3.71775020556
1.05931452333,-3.74219855839
1.05815159276,-3.75352945903
1.05576374933,-3.73237374195
1.05870258683,-3.7621757745
1.05710770705,-3.72428246722
1.05827717736,-3.79527000395
1.05768982604,-3.76587756067
1.05593775742,-3.76441612088
1.05576303186,-3.72683337405
1.06069927302,-3.76134056181
1.05775333106,-3.74434846647
1.05559658778,-3.75719566168
1.05769509617,-3.78586526367
1.05882347503,-3.79122131585
1.05699564128,-3.76608870911
1.05886140787,-3.76255284576
1.05821908755,-3.75970970523
1.05688544805,-3.75353108196
1.05805834377,-3.70625880579
1.05748589585,-3.74056682574
1.05530496679,-3.69499885456
1.05665398839,-3.72973321606
1.05663168512,-3.74670990854
1.05585308127,-3.74523218586
1.0566049718,-3.76557338399
1.0567240117,-3.75802379688
1.05256545773,-3.72036597397
1.05550818311,-3.74843798259
1.05678449799,-3.71325234084
1.05477754601,-3.74938262146
1.05348769276,-3.7362456304
1.05618364323,-3.76338520643
1.05552687556,-3.74119492781
1.0569899094,-3.77311166795
1.0560226698,-3.75329293415
1.05319068569,-3.71531635964
1.05507809041,-3.73829484431
1.0579107453,-3.76843816454
1.05538403397,-3.73949840717
1.05539206134,-3.7536725268
1.05595489203,-3.76184024945
1.05593423155,-3.74793081398
1.05321788975,-3.76413119596
1.05705602361,-3.78146377909
1.05587664088,-3.7798475229
1.05462916691,-3.74477669115
1.05524267101,-3.76266157302
1.05726292221,-3.78055518259
1.05402742052,-3.73435068068
1.05600914013,-3.75358767459
1.05552279672,-3.73452900522
1.05518418102,-3.76503065546
1.0573278762,-3.76639713731
1.05566585972,-3.73775033444
1.05297397037,-3.72799580045
1.05570526044,-3.76250267397
1.05709109755,-3.72374506022
1.05599660343,-3.77002668925
1.0540172165,-3.76462474845
1.0565026569,-3.73867856933
1.05431706767,-3.73378454959
1.05701920513,-3.7742423235
1.05591878457,-3.7369140755
1.05329360193,-3.74034270653
1.05435830729,-3.76439739949
1.05730322041,-3.74959603903
1.05533075207,-3.72676908222
1.05510319701,-3.77002337319
1.0558128351,-3.73653181853
1.05517991433,-3.76482737165
1.05433439461,-3.74908778037
1.05567330048,-3.75911793733
1.05391377803,-3.77555623387
1.05364200872,-3.77489736454
1.05611376467,-3.74121954353
1.05628680106,-3.76493645935
1.05191001982,-3.73103324702
1.05440693205,-3.76151895866
1.05378835005,-3.76029973592
1.0548123024,-3.8203571606
1.05603187599,-3.76267208641
1.05428790083,-3.73943358396
1.05172754408,-3.7454188621
1.05417074458,-3.71070847395
1.05511393939,-3.71809811432
1.05363333601,-3.7382876992
1.0534307785,-3.75304931072
1.05421680038,-3.76350622981
1.05293632287,-3.70966154021
1.06058463412,1.2387182488
1.05494593222,-3.80536868481
1.05249787848,-3.21725597097
1.05361137481,-3.2927854748
1.0560983578,-3.43102999508
1.05400178457,-3.60952099
1.05407512704,-3.76199056944
1.05462674597,-3.76787825155
1.05565927461,-10.6774949238
1.05463125332,-4.83801854112
1.05714335279,-4.41707032116
1.05379377248,-4.04081199393
1.05349357755,-3.85443917925
1.05593786572,-3.79317331538
1.05475071241,-3.72522689191
1.05300600311,-3.68602405533
1.05508928985,-3.7252777367
1.05195939991,-3.4979459834
1.05278953914,-3.66312965972
1.05505974541,-3.70895421101
1.05560656961,-3.72701812452
1.0526121607,-3.73026040982
1.05512897122,-3.75932796138
1.0557927668,-3.7373005571
1.0539386212,-3.73307802706
1.05452855274,-3.71697429405
1.05595958646,-3.7041736248
1.05530000751,-3.72533076967
1.05656612322,-3.71503471355
1.05504969913,-3.68905103912
1.05435276137,-3.73431143653
1.05583895952,-3.74653053764
1.05871546357,-3.75240420046
1.05404391445,-3.69546921004
1.05508651975,-3.74650243925
1.05675161124,-3.71066707557
1.05545693177,-3.72783082078
1.05508222511,-3.73895469575
1.05678565404,-3.75402426256
1.05479325161,-3.72664438707
1.05624097051,-3.73060667021
1.0564338202,-3.72910180963
1.05552550415,-3.71921484903
1.05634366788,-3.76682930078
1.05813541729,-3.77328227242
1.0556873221,-3.72773924925
1.0558589732,-3.7848946386
1.05698392743,-3.74359085812
1.05652121466,-3.76365110174
1.05400515231,-3.73000389698
1.05802420851,-3.75596931678
1.05750101207,-3.71455001076
1.05566654647,-3.75789138174
1.05573674612,-3.75079625921
1.05671200116,-3.78296555802
1.05469772099,-3.74072819794
1.05615272327,-3.74641581513
1.05441856405,-3.73873801503
1.05308221343,-3.74649757224
1.05547295718,-3.7337588575
1.05544632895,-3.69411233699
1.05408288126,-3.75630183137
1.05621154863,-3.76693442608
1.05630560552,-3.72391518313
1.0554045571,-3.7602148855
1.053642616,-3.73153898771
1.05753388244,-3.74535816209
1.0542825698,-3.74275043141
1.05666977134,-3.74530925401
1.05685019974,-3.74051797562
1.05563860948,-3.73401973741
1.05470087137,-3.71256118463
1.05650839869,-3.69615115638
1.0555256165,-3.72171913285
1.05625240422,-3.72477728881
1.05730948446,-3.71178630811
1.05519477652,-3.75198389182
1.05411737206,-3.72876653188
1.05789319568,-3.74028575643
1.05699985095,-3.7169949962
1.05543537834,-3.74242290525
1.05561656785,-3.72424596008
1.05545525081,-3.7034104848
1.05505932543,-3.73389022817
1.0577617645,-3.70656210491
1.05620851521,-3.73142130882
1.05387132662,-3.70711509043
1.05534827389,-3.71290516652
1.05727764324,-3.72038306156
1.05462272064,-3.71277483502
1.05620895038,-3.73796219457
1.05512796121,-3.72473329897
1.05453702613,-3.71351231082
1.05647755423,-3.70627236799
1.05618889918,-3.74346232248
1.05384845234,-3.7218650025
1.02670110311,-1.93768960496
1.05361648706,-3.32013967742
1.0527824111,-3.16703871975
1.05177628278,-3.1798955247
1.0535983434,-3.15119091778
1.05146629449,-3.15053873004
1.05387274936,-3.20637634622
1.0537684075,-3.1922106555
1.05238943506,-3.15116332793
1.05226632655,-3.20392709793
1.05536688231,-3.17427693423
1.05446816191,-3.21985133022
1.05397078033,-3.17181009491
1.05373524846,-3.15546512907
1.0539322708,-3.18344732701
1.05294086041,-3.20009419945
1.0559584845,-3.17645105464
1.0524931411,-3.18624842357
1.05155921647,-3.15961123496
1.05509917328,-3.19996813215
1.05549380804,-3.17849444947
1.05132959013,-3.16873020187
1.05265537489,-3.19015658266
1.05247093404,-3.17510979681
1.05286328776,-3.17831961996
1.05368818271,-3.19726160314
1.05273980425,-3.18626637657
1.05037720118,-3.19519215439
1.05398556248,-3.20395562103
1.05297849268,-3.19111589965
1.05221822793,-3.18481444533
1.0524231759,-3.18314420702
1.05424528949,-3.18050901347
1.05290514527,-3.21670936357
1.05402265807,-3.19172272423
1.05375738594,-3.20309091584
1.05214418383,-3.17570338876
1.05192009516,-3.20892000259
1.05458875843,-3.18554689563
1.05273196041,-3.19673684662
1.05161730257,-3.19055030434
1.05313868297,-3.19751087239
1.05234291913,-3.20537509706
1.05410532762,-3.21543150503
1.0550493998,-3.18531711258
1.05119313658,-3.17158680622
1.05234155894,-3.19767842287
1.05392751977,-3.19245159889
1.05424189537,-3.15415692683
1.0524904501,-3.20695893756
1.05402868398,-3.17356070568
1.05345477261,-3.20121100171
1.05333062069,-3.21149726322
1.05305472408,-3.19435151822
1.05396296996,-3.16098463567
1.0513247223,-3.18073303142
1.05360494077,-3.1751604532
1.05331822312,-3.21355206851
1.05151661681,-3.18235722997
1.05273281539,-3.18205906569
1.05341191533,-3.20422411159
1.05116180728,-3.18294730395
1.05395101942,-3.2118561893
1.05416828587,-3.19838963955
1.05178952709,-3.19472414473
1.05144184798,-3.19985223599
1.05512223021,-3.19598062814
1.05277886081,-3.22265226435
1.05247292591,-3.17564430255
1.05283443891,-3.16061366362
1.05252517905,-3.17135031299
1.05304833743,-3.17894517282
1.0550784848,-3.21342108554
1.05195474075,-3.22892794841
1.05164754337,-3.16809895781
1.05485250926,-3.18947522862
1.05496364845,-3.20086607734
1.05214259799,-3.19289811379
1.05344903942,-3.20332234799
1.05202225223,-3.19010067843
1.05275015771,-3.19665291331
1.05421352854,-3.19530449792
1.0525917384,-3.21979379902
1.05012752194,-3.18353279637
1.05379256051,-3.18300400281
1.05401818993,-3.20196211793
1.05097951463,-3.17876337167
1.05121782733,-3.20653689478
1.05246459511,-3.23894304434
1.05157970943,-3.22377171083
1.05407222679,-3.19519554256
1.05250511037,-3.20577419341
1.05010554,-3.1879874878
1.05073177149,-3.17989054698
1.05361154591,-3.19694490649
1.0517878988,-3.18477427264
1.05155053087,-3.20693730743
1.05222498211,-3.19657109437
1.05136878743,-3.18370565828
1.05250988859,-3.19760054851
1.05484548572,-3.17817657378
1.0519144499,-3.18175963543
1.05295002369,-3.1872062355
1.05435949231,-3.14408862763
1.05428828499,-3.21529487631
1.05276316825,-3.22333090403
1.05392533298,-3.15707206624
1.05266569135,-3.19831072654
1.05356106174,-3.19824784825
1.05387011338,-3.21700098373
1.0517689808,-3.18181637627
1.04984860961,-3.17546142869
1.05450442775,-3.19313760514
1.05343937767,-3.22640339559
1.05172422405,-3.20238799408
1.05246567296,-3.22108364422
1.05251418079,-3.21836351282
1.0508106628,-3.20403730737
1.05397095049,-3.22286456566
1.05273205569,-3.18312624776
1.05164039505,-3.19391530604
1.05335689487,-3.18973153963
1.05424189755,-3.19512396483
1.05174281077,-3.17933030455
1.0541646637,-3.1957330971
1.05425770384,-3.20307476856
1.05447102029,-3.20499861006
1.05481345165,-3.21857629466
1.05542983483,-3.17205296133
1.05122017031,-3.18341587697
1.05299554932,-3.20366493578
1.05434846519,-3.2170977428
1.05330138176,-3.21186903951
1.0522830603,-3.19609416876
1.05227673295,-3.14461004712
1.05228577396,-3.19041950493
1.05365172574,-3.20754770075
1.05287855294,-3.20226654385
1.05241071001,-3.20484258538
1.05249659701,-3.20194454595
1.05499473934,-3.19735183862
1.05250741779,-3.18321955502
1.0518096016,-3.65828479831
1.05309914597,-2.53453958752
1.05371393987,-2.85192769429
1.05069215183,-3.06628122296
1.05432659942,-3.16673415998
1.05299742993,-3.2340929522
1.05287210318,-3.30591159646
1.0530830908,-3.30323173161
1.05571047161,-5.67685059222
1.05159510063,-3.43756629292
1.0525571579,-2.98906973635
1.05144337216,-3.01135735877
1.05034640609,-3.07761499617
1.05317074064,-3.1419334062
1.05307963342,-3.15507775196
1.04892509229,-3.12490744794
1.05111671043,-3.16650746449
1.051544553,-3.07252151065
1.05243494807,-3.14209296991
1.05118404536,-3.22496435339
1.05379615009,-3.1948322698
1.05106449907,-3.17745621226
1.05172570154,-3.15296298194
1.05194165962,-3.16848760016
1.05094091325,-3.16800865116
1.05106820646,-3.18824342615
1.05409891813,-3.19704901303
1.05211756121,-3.14854915523
1.05164401366,-3.15664262457
1.05341119826,-3.15737575497
1.05224428376,-3.16711922215
1.0517871062,-3.19529463846
1.05391162615,-3.15352999191
1.05082060871,-3.18344734329
1.05009072575,-3.1703859332
1.05254959618,-3.18733208602
1.05397522686,-3.19339028487
1.05112910183,-3.19589815527
1.05216061294,-3.19168189927
1.05067106402,-3.19085350805
1.05084537495,-3.20043755711
1.05295333248,-3.19989215879
1.05310402216,-3.21288355258
1.05004958387,-3.19795790782
1.05171552866,-3.17320386529
1.0512075467,-3.17610955452
1.05254515403,-3.19777269239
1.05198598727,-3.21651743489
1.05197297052,-3.15822345673
1.05201568234,-3.24073702491
1.05289604544,-3.18757555591
1.05276359282,-3.17831632941
1.05034683754,-3.18912849168
1.05068187883,-3.19114659612
1.05405612612,-3.19939183298
1.05228230844,-3.20615323348
1.05257476427,-3.19479416431
1.05198831237,-3.17394343002
1.05181383806,-3.19463741994
1.05215216133,-3.19051464936
1.05425945095,-3.17801338725
1.05104789968,-3.17601112811
1.05076602576,-3.17957186037
1.05244886886,-3.21126636379
1.05306889886,-3.16992532413
1.05075020719,-3.20784751722
1.05272346776,-3.17890202295
1.05091918048,-3.20016750059
1.05150170891,-3.19912542287
1.05319045008,-3.18247922491
1.05292383976,-3.21089973465
1.0496247199,-3.17276595771
1.05229031819,-3.16299502769
1.05390146901,-3.1950471081
1.05241712497,-3.21707511567
1.05206636468,-3.18425554785
1.0527552116,-3.18752429697
1.05201010262,-3.19701582691
1.05489037585,-3.20096606165
1.05310703841,-3.18277176153
1.05179884782,-3.2015578982
1.05227091138,-3.19277857491
1.05563055655,-3.20920607468
1.05147983251,-3.20535918582
1.05267172997,-3.18158904083
1.05316961252,-3.1731264987
1.05339624979,-3.18506330011
1.05253294128,-3.19676213812
1.05404887644,-3.19665155621
1.05176401453,-3.18692283759
1.05231494161,-3.2060599984
1.05496534788,-3.20484334752
1.05358615469,-3.18885471698
1.0530563832,-3.22561235257
1.05377020606,-3.18453275654
1.05217802246,-3.20460838899
1.05366125854,-3.19683672233
1.05467298635,-3.1955362981
1.05433891102,-3.19555285017
1.0501348572,-3.20482400391
1.05449188906,-3.19041880119
1.05454183065,-3.17376438178
1.05325369485,-3.17668260243
1.0516970672,-3.20295164316
1.05273151624,-3.19565636393
1.05128992972,-3.19686317698
1.05293884814,-3.20358461607
1.05171024147,-3.18584678221
1.0504768525,-3.18344799368
1.0521910597,-3.19467106094
1.0530896776,-3.16200209929
1.05080302867,-3.20087015351
1.05155736884,-3.17034718988
1.05214708194,-3.18139650446
1.05222958168,-3.21770729858
1.05078551303,-3.216760805
1.05381662914,-3.17811774317
1.05063687207,-3.21665791113
1.05146240762,-3.22041752761
1.05257671822,-3.20153446479
1.05193863667,-3.17408105757
1.05159363989,-3.17265546683
1.05323848785,-3.18393510008
1.05135583762,-3.22761046222
1.05228457699,-3.20171066821
1.05387153801,-3.19662816953
1.05251963382,-3.19403780945
1.05062809398,-3.23075515349
1.05341911264,-3.22101677668
1.05216167973,-3.18440118611
1.05127414661,-3.20809088789
1.05145399108,-3.17317554168
1.05133258967,-3.19385287139
1.05039806189,-3.19897986544
1.05300702669,-3.21367150354
1.0515663293,-3.21551831623
1.04940022399,-3.21157877688
1.05103284133,-3.18141963959
1.05270563065,-3.2021164749
1.05089076173,-3.18578159671
1.0515571968,-3.19557181218
1.04973437737,-3.20101073874
1.05010221909,-3.17810960693
1.05190071198,-3.21258410647
1.0530385668,-3.18297935787
1.04941541777,-3.21849859615
1.05059660817,-3.19313790679
1.05168362311,-3.20021087788
1.05188803919,-3.2205490743
1.05149448545,-3.22450107481
1.05198982835,-3.19192916201
1.05059957694,-3.21204136356
1.05122461443,-3.17624060702
1.05260964674,-3.18614035243
1.05170600614,-3.1871876235
1.05024919296,-3.21418152213
1.05385486055,-3.18407398633
1.05330805479,-3.2112831523
1.05160229291,-3.20234475758
1.05217561864,-3.18244757326
1.05152848783,-3.19513836696
1.05180746031,-3.22363014432
1.06242982442,1.59669809068
1.05301524049,-3.36314774279
1.05027425907,-2.65995287961
1.05249505067,-2.74163837042
1.05425680259,-2.88561050031
1.05174046385,-3.09068109219
1.05239379344,-3.18439266676
1.05158523308,-3.25317745386
1.05219526278,-8.87863063749
1.05349845792,-4.1230209377
1.05305551005,-3.75889313049
1.05112665305,-3.5311007088
1.05295307513,-3.37599675374
1.05256503471,-3.2980221982
1.05268537532,-3.20953914872
1.05241380866,-3.20066843549
1.05403336358,-3.19148124994
1.05205744976,-3.32657010725
1.05362530514,-3.12996894776
1.05448007799,-3.18954473728
1.05218868546,-3.1791067152
1.0516971547,-3.16727204956
1.05419671563,-3.14502643686
1.05345106366,-3.20030298995
1.0535669089,-3.20133676329
1.05238850255,-3.17336360357
1.05232331713,-3.18816381412
1.05280530576,-3.18044474903
1.05414413525,-3.18422472775
1.0518342193,-3.1391329648
1.0509300572,-3.17634942043
1.0529502443,-3.19374446786
1.05342643996,-3.19470374467
1.05000548574,-3.19326241988
1.05282728952,-3.18958817829
1.05223100872,-3.18876120636
1.05168050908,-3.22072652828
1.05102289202,-3.18794377913
1.05212952087,-3.20355803298
1.05066013311,-3.17348890558
1.05189065333,-3.19834370015
1.05172473324,-3.19149261613
1.05103279767,-3.20065943238
1.05215896027,-3.18647822383
1.05258292852,-3.1743411804
1.049744829,-3.1672625841
1.05240331519,-3.17836330676
1.05312034645,-3.21013539391
1.05194295888,-3.19838934829
1.04999429887,-3.20168256612
1.05351136753,-3.23530876579
1.05135496534,-3.2243418918
1.05235145587,-3.21507359233
1.05354422372,-3.21611408576
1.05160997012,-3.19473494457
1.05158664301,-3.20439305984
1.05368807191,-3.21512713536
1.0518867355,-3.21547307061
1.05198684772,-3.19393201859
1.0544601913,-3.24143934709
1.05296947494,-3.1956237033
1.05099144236,-3.19163165928
1.05359145081,-3.22960515747
1.05116382846,-3.20538447444
1.0519075075,-3.22712486276
1.05387222855,-3.21334765326
1.05308838264,-3.21639797277
1.04961019441,-3.20641293516
1.05253045975,-3.19467094032
1.05315687267,-3.2089517056
1.05245350943,-3.23052756808
1.05223695287,-3.17066553962
1.05199985397,-3.18887318376
1.05001750081,-3.17579697859
1.05368451995,-3.24557881855
1.05262879856,-3.19156592208
1.05096914158,-3.20956982961
1.05059423789,-3.23530771111
1.05255183358,-3.22489920704
1.051406647,-3.22256736002
1.05148450134,-3.2053108809
1.05186055908,-3.1826404532
1.05117753419,-3.19502506658
1.05205930589,-3.22991360198
1.05442431183,-3.2070134132
1.05036709335,-3.23254985553
1.05091503709,-3.18441254406
1.05281449267,-3.2225236339
1.05295150321,-3.21308712903
1.05248431101,-3.22246640105
1.05266287275,-3.20924380473
1.05074320786,-3.2210022657
1.051881243,-3.20005901001
1.05312358546,-3.20198927675
1.05173249021,-3.20374788653
1.04977137051,-3.20521033034
1.00745271626,-1.90015050215
1.03111601156,-3.15959062193
1.02980473675,-3.00934944178
1.030986085,-3.00469199735
1.03068145228,-2.9944858177
1.0292643862,-2.99501188758
1.03169521794,-3.03482160566
1.03139702892,-3.0548846609
1.02861071791,-3.03930886554
1.02988374522,-2.97845198712
1.03190466461,-2.96263554122
1.03026135717,-2.93798603475
1.03098548577,-2.90867840159
1.03015059314,-2.95603517671
1.02984456004,-2.93351369609
1.03187417371,-2.96342878793
1.03343617107,-2.95547158501
1.0286224881,-2.94923161451
1.02939252286,-2.92430758663
1.03211079651,-2.95867720087
1.0314099497,-2.93028013056
1.0304631756,-2.93379957282
1.03154670775,-2.94207069078
1.03100209381,-2.95790895571
1.0325262622,-2.95098409665
1.03347271087,-2.93465851548
1.03190232628,-2.93640630831
1.03180072292,-2.93316428064
1.03524613857,-2.95757712276
1.03403128661,-2.96506393256
1.03338974534,-2.92670044434
1.03328135578,-2.96308164396
1.03414340121,-2.96118999214
1.03132576491,-2.90964688853
1.03468946891,-2.95687000519
1.03383026164,-2.9263188394
1.03118930316,-2.93166884185
1.03200587472,-2.95365346537
1.03347485338,-2.94908671551
1.03201243197,-2.98139908262
1.03289052304,-2.95207188503
1.03167170996,-2.94556514201
1.03148489697,-2.96185258648
1.0331666394,-2.95640241647
1.03338110776,-2.9296608248
1.03082638047,-2.90468504727
1.0334005599,-2.90688672493
1.03407665492,-2.94057827098
1.03441609423,-2.93692179134
1.03231511899,-2.95348246207
1.03528980218,-2.92446279179
1.03273065302,-2.91812380381
1.03483121717,-2.94312982656
1.03436820324,-2.95337317178
1.03233932021,-2.92870215747
1.03209449023,-2.95676381608
1.03358751174,-2.93974108689
1.03271680692,-2.96176381776
1.03283151019,-2.92499626777
1.0326805853,-2.9459511151
1.03070796088,-2.95258501
1.03048771182,-2.949115649
1.03222689583,-2.90728792697
1.03149112336,-2.94564316358
1.0301191021,-2.90165945137
1.03163010055,-2.94930500356
1.03288538809,-2.94418580828
1.03141615616,-2.96048657507
1.03268912508,-2.9400410715
1.03242568684,-2.9344756128
1.03185887203,-2.91305694162
1.03439308035,-2.93850393679
1.03549903266,-2.93451235095
1.03150711792,-2.94067884492
1.03363993629,-2.94807892524
1.03417832003,-2.93860588681
1.03442421019,-2.97783690604
1.03305830793,-2.93199096197
1.03366250423,-2.92356836832
1.03204272531,-2.944592936
1.03456063798,-2.96246494218
1.03436928413,-2.92180978125
1.03219831178,-2.9445601113
1.03082706441,-2.92028653378
1.03453385168,-2.96553255134
1.03387486758,-2.9408286352
1.03408154971,-2.89694118677
1.03396058336,-2.90880656869
1.03304233277,-2.94605064635
1.03241349162,-2.9218393926
1.03600074151,-2.93064700839
1.03392735503,-2.94854172039
1.0334456813,-2.92974001079
1.03464833505,-2.97800933422
1.03450124343,-2.92366221585
1.03361881445,-2.93175502797
1.03469300048,-2.91796927179
1.0320006731,-2.93694675367
1.03175901219,-2.91602883219
1.03443289193,-2.93678484556
1.03357082164,-2.91759804196
1.02928653341,-2.91554586287
1.03096693823,-2.92247761912
1.03178870169,-2.94427563964
1.0315218962,-2.93808679385
1.0311134108,-2.92646341643
1.03038065511,-2.90083027427
1.02961396411,-2.97958215253
1.03224943428,-2.93913893133
1.03143907643,-2.91828796818
1.03086191103,-2.95009827221
1.030374198,-2.9274746579
1.03333820135,-2.90665312172
1.03082859569,-2.93670288035
1.03120502279,-2.94572348
1.03199873621,-2.95405711795
1.0317191446,-2.92069348541
1.03199532453,-2.94445176924
1.03305504883,-2.96300083628
1.03120642188,-2.94379349966
1.03099271788,-2.94054818916
1.03245122053,-2.9429973431
1.03224705058,-2.92398426122
1.03187669876,-2.93790950887
1.03230563628,-2.92550460123
1.03010489668,-2.91236023225
1.03146590395,-2.9089151388
1.032370911,-2.9272378825
1.03234184525,-2.9353055692
1.02942568774,-2.93156138801
1.03212341915,-2.90471254056
1.03124091463,-2.93261713073
1.03098962512,-2.91953709191
1.03097968168,-2.93348781746
1.03197588952,-2.92246907217
1.03048360702,-2.90321192177
1.03155264544,-2.92674899591
1.03047097228,-2.91779613095
1.02983299699,-2.88271942156
1.03163899307,-2.90213955948
1.03248834215,-2.91123261572
1.03012096316,-2.92715816672
1.03140347497,-3.64216054538
1.03143751819,-2.0911798144
1.03072569681,-2.54063773884
1.03020451112,-2.80179551349
1.03409865528,-2.93555305178
1.03097819191,-2.96225497635
1.03161232608,-3.02025365022
1.031205883,-3.04980328679
1.03200753966,-4.81454055248
1.03229783694,-3.6008810084
1.0333187379,-2.7933637422
1.03143679103,-2.71215462419
1.03198591701,-2.74277149891
1.03288203037,-2.75907004368
1.03168544207,-2.82874660461
1.02945606988,-2.81947503935
1.03313381393,-2.83690678992
1.0309365627,-2.70627673886
1.03175817106,-2.85270251442
1.0317983395,-2.86553608204
1.03110176843,-2.84795174974
1.03051410774,-2.90549010975
1.03348018528,-2.89139854267
1.03252100448,-2.8846448549
1.03000685692,-2.86621755809
1.03143069641,-2.89604639441
1.03209734381,-2.90213306343
1.03192894283,-2.88887526686
1.03316518612,-2.90889166474
1.03144538756,-2.8881974
1.03008494643,-2.87559428371
1.03179397824,-2.92139744827
1.0332266931,-2.88762664087
1.03119918045,-2.89928637063
1.0316346948,-2.91493109758
1.0320913294,-2.91077722258
1.03142146902,-2.89397429349
1.03250757364,-2.91509168919
1.03309202289,-2.89449740705
1.03142750355,-2.91891417523
1.03241539277,-2.90593579259
1.03395746998,-2.89366681911
1.03219328588,-2.88629144044
1.03103976986,-2.90050914957
1.03301358407,-2.92360719941
1.03239096741,-2.90162235514
1.03318815725,-2.93148570248
1.03266549993,-2.88018985419
1.03104588364,-2.89444621459
1.03064688904,-2.92570881534
1.03482980057,-2.94915004902
1.03273953282,-2.88951981105
1.03083977981,-2.89266115026
1.03239446671,-2.89292590045
1.03341245564,-2.91949612915
1.03125920884,-2.91269843476
1.03194065105,-2.86588269751
1.03184772911,-2.88333826982
1.03164790711,-2.91563407734
1.03295911272,-2.89152749559
1.03346558852,-2.9123172856
1.0305506577,-2.91130385022
1.0317169385,-2.94053763476
1.03202984889,-2.91331755841
1.03299336146,-2.90689389043
1.03213810576,-2.90311330488
1.03311314905,-2.89063748065
1.03052146382,-2.92121712768
1.03280914845,-2.89411839923
1.03476991844,-2.93091478757
1.03203046162,-2.91141713525
1.03087323317,-2.8777159424
1.03363436563,-2.90632069027
1.03303343858,-2.92833934775
1.03297907119,-2.86676512966
1.03261783046,-2.88397576562
1.03261286599,-2.89182668482
1.03284706263,-2.90983876657
1.03525543715,-2.9213663001
1.03199951266,-2.91484559315
1.0321390827,-2.91897954482
1.03324969016,-2.90236215724
1.03441244795,-2.88917616901
1.03185183092,-2.90889583677
1.03300908955,-2.88334751411
1.0327687583,-2.91293969188
1.03140552438,-2.92060022342
1.03320208695,-2.88543741609
1.03418746432,-2.8837742229
1.03050025247,-2.89401481667
1.03208748721,-2.92535103843
1.03255557608,-2.93206193811
1.03130322704,-2.90681705039
1.03307257642,-2.89523739236
1.03338504968,-2.91356559735
1.03060490025,-2.91601283162
1.03248968639,-2.91555295922
1.03388675223,-2.90245409399
1.03216380629,-2.93000730729
1.03076153641,-2.91963489464
1.03378630288,-2.89266364232
1.03164554611,-2.90691331763
1.03312400953,-2.89479646925
1.03262688441,-2.90165752611
1.03161941155,-2.88631681004
1.03250149722,-2.87793843201
1.03467370538,-2.91322000754
1.03224027696,-2.90523766605
1.03246811956,-2.91611918622
1.0340981552,-2.93587175672
1.03299071137,-2.9009861468
1.03267011583,-2.92662801071
1.03358330919,-2.86959224472
1.03215721339,-2.9188852496
1.03093601108,-2.885500143
1.03358074213,-2.92622945382
1.03371892388,-2.86945840906
1.03185452632,-2.92601355535
1.03242156647,-2.91108649107
1.03259990332,-2.91199629614
1.03281483716,-2.87588828743
1.03285397824,-2.9184421365
1.03278952556,-2.9122757818
1.03168260913,-2.95761931165
1.03456655293,-2.92705387256
1.03352736727,-2.92471776818
1.03279952602,-2.92650158397
1.031299212,-2.91456047285
1.03359765894,-2.89191745384
1.03257625661,-2.92256599601
1.03345654777,-2.9220420882
1.03273144688,-2.91359634427
1.03107207724,-2.89104417858
1.03276596489,-2.92222845659
1.0357158534,-2.91351813917
1.0331947918,-2.89377088263
1.03317565074,-2.92275679612
1.03349010124,-2.93123188044
1.03519748759,-2.94485262632
1.03483682379,-2.90346101804
1.03685509864,-2.8876047768
1.03291523941,-2.89753729825
1.03371102636,-2.93665361996
1.03523718687,-2.91530966468
1.03528470841,-2.91151105611
1.0333234792,-2.89728003531
1.03552302761,-2.91184571877
1.03397786627,-2.91857396481
1.03387654599,-2.88558327963
1.03435955402,-2.92174005718
1.03380366263,-2.91674125075
1.03188138319,-2.92050071418
1.03482488661,-2.90384462206
1.03478332766,-2.89180228359
1.03326580333,-2.9049640694
1.03217155273,-2.90002449029
1.03306821756,-2.92872233015
1.03394605253,-2.90803549992
1.03545721191,-2.9216777364
1.03455185097,-2.92453765263
1.03350085731,-2.92537080273
1.034582021,-2.90314029098
1.04535606533,1.96925769404
1.03348014292,-2.94076294879
1.03382843304,-2.29055793545
1.03586063031,-2.37292534637
1.03488275847,-2.59262621647
1.03429607359,-2.7817027198
1.03478968521,-2.89003595123
1.03309023083,-2.96423157638
1.03510825144,-8.95260411748
1.03594297368,-4.0580742027
1.03364284588,-3.49990537188
1.03246412511,-3.23656325413
1.0350825502,-3.0766279752
1.03355974729,-3.01665918006
1.0342421868,-2.91098260711
1.03411807826,-2.89693501311
1.03361121994,-2.90863913509
1.03215711804,-2.88556896719
1.03458416843,-2.84622897595
1.03440125121,-2.87104326463
1.03281458541,-2.84950838135
1.033178129,-2.88904327096
1.03416396431,-2.89421890059
1.03277746191,-2.9076789386
1.03379309734,-2.90075389608
1.03260436299,-2.90437925697
1.03255547299,-2.90007633726
1.03394044179,-2.88708579128
1.03402391476,-2.91230358109
1.03128113159,-2.87189700504
1.03290856789,-2.89930204994
1.0333351134,-2.91456650984
1.03385118642,-2.90337237073
1.03342810656,-2.88932780358
1.03439262832,-2.91083899426
1.03269399174,-2.92721987685
1.03315207362,-2.88991723877
1.03404960062,-2.91192675817
1.03345966661,-2.89011992208
1.03333338385,-2.90212397261
1.03485397502,-2.93507180118
1.03257205874,-2.89223187439
1.03388716448,-2.9063737289
1.03437365744,-2.88920912495
1.03474271021,-2.92067188535
1.03182822891,-2.87831358659
1.03520215546,-2.92603402684
1.03311873533,-2.89412290929
1.03202849268,-2.86192307238
1.03382936756,-2.93374174736
1.03461166684,-2.91203203794
1.03259240897,-2.90088838862
1.03319936276,-2.89772341559
1.03319836069,-2.89558557938
1.03211991914,-2.90395713903
1.03463119774,-2.94594212356
1.03504614686,-2.94983923613
1.03149807076,-2.94152404151
1.03363918885,-2.92208119907
1.03314571323,-2.97747933267
1.03382426108,-2.92547441556
1.03392225598,-2.91549518662
1.03455556034,-2.9302433382
1.03214247258,-2.92896157751
1.03376664707,-2.91041818953
1.03549099827,-2.93700714465
1.03360790473,-2.91253224177
1.03379239365,-2.92742311195
1.0353386951,-2.91172798868
1.03406330535,-2.93611937649
1.03476753504,-2.89757741122
1.03542877977,-2.92502129673
1.03478977528,-2.90448915532
1.03386880179,-2.91911055639
1.03692932295,-2.89540526093
1.03503331594,-2.92745767112
1.03425660825,-2.94069358927
1.03405683667,-2.92819227993
1.03429678482,-2.93914623393
1.03349354654,-2.91621093209
1.03590621219,-2.93672225599
1.03443363282,-2.9364525125
1.0322856162,-2.92163477339
1.03564045968,-2.9605581963
1.03600275444,-2.93615675303
1.03245283328,-2.90227235488
1.03347760539,-2.94083757656
1.03368334716,-2.90902889333
1.03469925734,-2.91640196853
1.03424315183,-2.92208171515
1.03397308745,-2.91926427191
1.03241765226,-2.91082741983
1.03579907596,-2.92198486134
1.0350123907,-2.92613523064
1.03309893248,-2.92311121802
1.03276314699,-2.93466575515
1.01332826414,-2.0955433693
1.0360874833,-3.61288800462
1.03742810518,-3.39785351246
1.03732989765,-3.43615496851
1.03607710956,-3.50628911297
1.03619964913,-3.48958129662
1.03814104159,-3.44604078713
1.03657153666,-3.51065797927
1.03652593379,-3.51084006636
1.03719035512,-3.65041986991
1.038063798,-3.59857024662
1.0377232362,-3.6192757813
1.03856962621,-3.54944622379
1.03616304062,-3.60151360061
1.03703287261,-3.58540053311
1.03793940543,-3.58066317178
1.03842062613,-3.60267444206
1.03544368017,-3.62999025748
1.03734020787,-3.62264730461
1.0382046489,-3.63915063688
1.03682988926,-3.62264668158
1.03614970532,-3.62099274162
1.03577042498,-3.60498781774
1.03540878359,-3.60199218769
1.03692046433,-3.59972106781
1.03740004463,-3.6083815392
1.03576104649,-3.60912936494
1.03546869789,-3.61997770342
1.03695302197,-3.62037833635
1.03521489689,-3.661002972
1.0376869606,-3.6303374401
1.03729118153,-3.61056179925
1.03566062672,-3.5839603321
1.03540731997,-3.60388074466
1.03763842029,-3.64402263585
1.03607056169,-3.655585247
1.03626237543,-3.63439732931
1.03721073268,-3.62771151266
1.03685596725,-3.64455090405
1.03641602462,-3.60924389678
1.03716627912,-3.6167652282
1.03577239084,-3.62520096476
1.03651557669,-3.648609566
1.03816941554,-3.61557962938
1.03744096224,-3.64478034269
1.03506241338,-3.62742188592
1.03703645001,-3.64958948232
1.03573385446,-3.63599587599
1.03695650323,-3.64472013525
1.0377993598,-3.62882589576
1.03605352562,-3.64068075542
1.03453993599,-3.66155253817
1.0367149197,-3.62871711153
1.03694872918,-3.63876599165
1.03568548457,-3.67641384782
1.03527856802,-3.62889214985
1.03589884284,-3.62766352092
1.03560364775,-3.62780919212
1.03777948387,-3.68505404759
1.03615332655,-3.64916984357
1.03581940804,-3.64239805014
1.03732149607,-3.64315333341
1.03948972748,-3.63090403715
1.03825289547,-3.63876609101
1.03790828183,-3.65675264817
1.03811772592,-3.65576509435
1.03846360349,-3.64116303814
1.03993339879,-3.66400424563
1.04000553735,-3.64492081504
1.03794380487,-3.66261755758
1.03878952162,-3.64746483076
1.04117264982,-3.64376825377
1.04141478385,-3.65745690192
1.0374476636,-3.62283111894
1.03961917597,-3.65604616151
1.03825847944,-3.62110024794
1.04020590102,-3.66174557939
1.04023714163,-3.60072299212
1.03816636255,-3.66396220892
1.03713020387,-3.65113541639
1.04042139346,-3.65273299208
1.03965926202,-3.64730826899
1.03874333462,-3.63533748623
1.04012898442,-3.64949416226
1.04081888029,-3.64654148317
1.04005798917,-3.64628868686
1.04158200451,-3.65057312168
1.0392499953,-3.61873819461
1.03892400558,-3.64210276791
1.0396555753,-3.67081091573
1.04075769271,-3.65260683025
1.03758652635,-3.65426387746
1.03821352206,-3.67886836662
1.03641958605,-3.64184869728
1.0376522686,-3.65737915446
1.03853016642,-3.62775774655
1.03963029705,-3.65458578862
1.03533444859,-3.61547197635
1.03748612425,-3.63407214762
1.03966717832,-3.65439012645
1.03822678088,-3.65409701767
1.03685245252,-3.62653591423
1.03950208229,-3.65877671952
1.03802737339,-3.65211228053
1.03959053361,-3.63895368867
1.039381694,-3.66423861014
1.03921480151,-3.6815472991
1.0404043569,-3.68206465844
1.04233819969,-3.66569486794
1.03837457644,-3.63628204568
1.0385353888,-3.71682982804
1.03887823531,-3.65023140054
1.03942972187,-3.66787585843
1.03722405217,-3.64543169676
1.03909980084,-3.67829845406
1.037425498,-3.66973050143
1.03584643334,-3.63182049277
1.03666522356,-3.63886521513
1.03776692293,-3.66543188435
1.03601709568,-3.66762616233
1.03821730884,-3.67611185511
1.037094575,-3.63618318197
1.03647156169,-3.67799156502
1.03877404699,-3.64835813281
1.03890726817,-3.66182615931
1.03622060345,-3.66155188233
1.03879216742,-3.67077595363
1.03907211297,-3.66525688905
1.03783127285,-3.65190919422
1.03706221778,-3.68120791674
1.03858217422,-3.65279536633
1.03726777671,-3.64265920911
1.03899285698,-3.70624048429
1.03761266303,-3.62932253736
1.03570886385,-3.66143957458
1.03555645841,-3.66149465597
1.03778710436,-3.65193286431
1.03652868662,-3.69370991621
1.03668738652,-3.62760570163
1.03656401909,-3.651769319
1.03571987118,-3.6433343776
1.03562515185,-3.66895107699
1.03740163235,-4.22102560889
1.03580643325,-2.91017757365
1.03547081324,-3.30869739094
1.03672644303,-3.51523195635
1.03580975081,-3.58952312634
1.03539009857,-3.67553911994
1.03667655782,-3.7608678031
1.03666970828,-3.7450279466
1.03682669815,-5.95010331227
1.03693025189,-4.1415540264
1.03790641642,-3.42703740463
1.03569634764,-3.43160688311
1.03908170976,-3.58379080484
1.03812228968,-3.62585635353
1.03862061904,-3.63656783028
1.036729984,-3.61824965517
1.03824200369,-3.68536763434
1.03758830622,-3.69120843289
1.03925424766,-3.63493596964
1.03883493874,-3.65527362678
1.03686517677,-3.64696430214
1.03676275273,-3.6471567095
1.03958141815,-3.6679805877
1.03753718405,-3.6492313186
1.03792519587,-3.68762629989
1.03747445445,-3.6486295387
1.03831778791,-3.68727279389
1.03792661891,-3.66368182142
1.04009996637,-3.66701343777
1.03786131268,-3.65986154378
1.03801562685,-3.67359621426
1.03989149147,-3.70836762046
1.03937782272,-3.70420651224
1.03696457679,-3.66644853178
1.0396591018,-3.67652107894
1.038578923,-3.66597112818
1.03772757344,-3.6601208011
1.03953741871,-3.65319465166
1.03897537085,-3.66499726083
1.03535315158,-3.63832077542
1.03809770834,-3.68660808657
1.03838285159,-3.65844196084
1.03725482105,-3.67845700029
1.03549927815,-3.65529567727
1.03595437418,-3.66139664666
1.0347981351,-3.66242891377
1.03767265704,-3.66734051781
1.03644094403,-3.6689158312
1.03527024611,-3.63050361188
1.03669752679,-3.6761104053
1.03907863413,-3.67555111467
1.03642320102,-3.68011122533
1.03608600112,-3.66039121973
1.03750003773,-3.67293329946
1.03786616515,-3.63725880628
1.03815225829,-3.62074680394
1.0391708025,-3.68896155196
1.03692126577,-3.66766259942
1.03802132205,-3.67056231707
1.03922771378,-3.67446775704
1.03828438348,-3.66987486272
1.0369517334,-3.6601389061
1.03816499601,-3.66274235223
1.037205274,-3.67782797655
1.03739154303,-3.64353720147
1.0387631881,-3.67060004371
1.0377381859,-3.6411253938
1.03462358096,-3.65258794364
1.03882659061,-3.67299883999
1.03808393228,-3.64457480672
1.03673779679,-3.66373471791
1.03678457467,-3.69073977405
1.03782757325,-3.64259726491
1.03719595586,-3.64552106667
1.0390816658,-3.67253185883
1.03638991469,-3.66329301347
1.03620260028,-3.66592454691
1.03842588077,-3.67340281687
1.0396423737,-3.68538994103
1.03633225192,-3.62862046431
1.03693217538,-3.66960525107
1.03723970807,-3.66406589384
1.03767021386,-3.6645140259
1.03728480414,-3.68623411071
1.03907941289,-3.68228247363
1.03555770779,-3.64736043277
1.03663310348,-3.65048956357
1.03696305785,-3.67913552851
1.03650373193,-3.66814850997
1.03633657746,-3.66924224939
1.03744824868,-3.65760111787
1.03655678735,-3.65853511095
1.0368351649,-3.66783129947
1.03784028292,-3.66717902313
1.03693859478,-3.6762406909
1.03609832775,-3.69264819174
1.03850831172,-3.69414472653
1.03673261416,-3.65813460227
1.03600127951,-3.66635814259
1.03752684038,-3.67420728529
1.03688689719,-3.666785434
1.03644305721,-3.67389287275
1.03871380009,-3.70233989318
1.03668065623,-3.67492815818
1.0356767634,-3.69365513332
1.03682884478,-3.69706878763
1.03841524685,-3.64445220622
1.03625586975,-3.68969601836
1.03710870228,-3.68012071415
1.03612223732,-3.67380898505
1.03601895831,-3.67392045496
1.03687249371,-3.67805100426
1.03791372415,-3.70301673534
1.03552414313,-3.6793522816
1.03630944501,-3.65632676451
1.03809441711,-3.66365711953
1.03696766191,-3.66344338549
1.03720282318,-3.67597226129
1.03748802121,-3.68559148294
1.03731440127,-3.69708855908
1.03962094499,-3.7096011482
1.03860169069,-3.6644316759
1.03745683146,-3.69679260371
1.03561605791,-3.6648661116
1.0399650842,-3.68937819496
1.03822799766,-3.66539568557
1.03888272901,-3.68276982275
1.03749978759,-3.68713014047
1.03628349465,-3.6553182739
1.03783438019,-3.66858248449
1.04007045995,-3.66817947976
1.03770825098,-3.65944982905
1.03560622955,-3.68926311605
1.03789092555,-3.66163943257
1.03861135587,-3.66622385928
1.03699363195,-3.68554878269
1.03779898727,-3.74288167795
1.03659665819,-3.66125605548
1.0375900793,-3.70894231616
1.03758673726,-3.67375240853
1.03728021819,-3.67513185252
1.03470267024,-3.6882479081
1.03874222008,-3.71031143406
1.03760360207,-3.69127064554
1.03716845431,-3.68260876723
1.03651762191,-3.68331295868
1.03783317646,-3.67912217839
1.03575557987,-3.64383224111
1.03832236914,-3.69339907477
1.03918313332,-3.71809291166
1.03605840825,-3.68131666663
1.03612765655,-3.66387793959
1.03819344285,-3.68799341827
1.03684084315,-3.65049831348
1.03795549021,-3.67960352469
1.03734753079,-3.68388583779
1.03761864936,-3.69687602837
1.03780525467,-3.71217369585
1.03847446379,-3.6700153379
1.03599809168,-3.66698681707
1.03682845019,-3.68449132252
1.03849323498,-3.67154707986
1.04649884174,1.64320402352
1.03574238203,-3.77061846976
1.03666024175,-3.10445639988
1.03770589353,-3.18068064654
1.03681891392,-3.36727171876
1.03824145452,-3.53004712245
1.0381170381,-3.67409968934
1.03528950608,-3.72368462767
1.03884346358,-9.71021275406
1.03689263202,-4.52471614906
1.03699938534,-4.29955270577
1.03867613113,-4.02393203872
1.03862384509,-3.90400605666
1.03751642346,-3.79112177936
1.03872175143,-3.69226169291
1.03908782495,-3.66760412349
1.03785594313,-3.69376220356
1.037304052,-3.61607321381
1.03931074884,-3.65874458927
1.03709189848,-3.64151666034
1.03794376246,-3.65458813294
1.03838037482,-3.64508932475
1.03684293173,-3.63627803246
1.03838587168,-3.67519777069
1.04018304449,-3.63607008473
1.0373628092,-3.66385443033
1.03788663552,-3.6666573181
1.03933255674,-3.65568951109
1.0392648311,-3.68551086142
1.03780338311,-3.68868136681
1.04012175404,-3.70496036598
1.03756526648,-3.66387253358
1.03722207461,-3.6599659997
1.03986327303,-3.65831827136
1.03874662659,-3.6706018264
1.03769202296,-3.72354138248
1.03903149291,-3.6810224313
1.038542131,-3.66118096924
1.03708966474,-3.64724092162
1.03828327852,-3.68000854242
1.03968603607,-3.65724006702
1.03773781823,-3.69255446222
1.03967716767,-3.65325932839
1.03795137537,-3.68189734843
1.03738679671,-3.69243948554
1.03789005673,-3.67897702923
1.03990100774,-3.67739100671
1.03865902906,-3.70363503666
1.03795598924,-3.66673954634
1.03913557053,-3.70901053009
1.03784366767,-3.67594651008
1.04007469249,-3.67740418428
1.04127309015,-3.69479679048
1.03866589726,-3.67115485695
1.03914080892,-3.67505098433
1.04068562362,-3.66223883812
1.04101600437,-3.70692354162
1.03835740567,-3.6685317834
1.04065763919,-3.6956890632
1.03844718295,-3.7151264514
1.03946948964,-3.6793634099
1.0413179514,-3.69770353273
1.03928671945,-3.72052620924
1.03747283448,-3.68701964006
1.04100847656,-3.68971485237
1.04026958368,-3.71161006608
1.03873542489,-3.68608138158
1.03917995438,-3.67086098667
1.03913947437,-3.68313628701
1.03774042109,-3.67652534135
1.03970375388,-3.67497198514
1.03938628889,-3.67726525274
1.03736752011,-3.67336839707
1.03795832225,-3.64429714977
1.03945865366,-3.67518964305
1.0380293463,-3.67895836991
1.03908749887,-3.6937790634
1.03747215389,-3.66283325317
1.03757390881,-3.68002378752
1.03875791832,-3.63911340265
1.04015480347,-3.69858981774
1.03582231303,-3.67414712906
1.03684942428,-3.67224350035
1.03953145588,-3.66225172345
1.03753944801,-3.66301261569
1.03687462492,-3.68459322393
1.03686713665,-3.67926415087
1.03603744401,-3.66159765906
1.03901772281,-3.67920342665
1.03791172164,-3.69293629889
1.0361325963,-3.68778599066
1.03680043674,-3.69838217414
1.03908128706,-3.67455823771
1.03754413115,-3.65922605217
1.03726738028,-3.6816104288
1.03757202,-3.69888003069
1.02292212646,-2.27292054789
1.0447612309,-3.61148440758
1.04705585929,-3.81821381562
1.04608212249,-3.59806670013
1.04463716287,-3.62072477758
1.0455100867,-3.60265268695
1.04634706266,-3.64107192413
1.04495245297,-3.68540861266
1.04537235101,-3.62705430545
1.04427628849,-3.84849534586
1.04429678777,-3.83526293319
1.04692165698,-3.87529753816
1.04569150613,-3.81533068359
1.04336488545,-3.8171744477
1.04588895958,-3.86959027391
1.04697220567,-3.84919644885
1.0455366869,-3.86460717994
1.04415871467,-3.87609700604
1.04561771554,-3.85482610883
1.0441144239,-3.87518389475
1.04628946343,-3.86356504019
1.04662498118,-3.8488212937
1.04587721733,-3.89100089433
1.04462496508,-3.88000293161
1.04758358279,-3.89880458827
1.04626173478,-3.8979375988
1.0466758674,-3.8922332253
1.0468510051,-3.88277122723
1.04688432273,-3.89372607716
1.0458008076,-3.90278414595
1.04760178854,-3.87032308784
1.04642048525,-3.91055856529
1.04478237582,-3.90495693802
1.04689289175,-3.92320228401
1.04637580047,-3.89467335171
1.04531490645,-3.89847328638
1.04557848186,-3.87333507444
1.04557168674,-3.91455853336
1.04463166082,-3.91450956851
1.04626533705,-3.90407166867
1.04622041793,-3.91757601031
1.04365653258,-3.9087049227
1.04577052658,-3.92104492577
1.0457909246,-3.90671190117
1.04518008943,-3.91220129189
1.04545013519,-3.88606297949
1.04527210803,-3.89915155915
1.0452736215,-3.91315519837
1.04630704068,-3.91798342641
1.04750517409,-3.92241778298
1.04469115195,-3.9564273145
1.04521063363,-3.88960547669
1.04771698938,-3.90650116357
1.04598845001,-3.90903065751
1.04645958354,-3.95286000167
1.04561817155,-3.88789631757
1.04605705597,-3.91529576178
1.0461672093,-3.94779887211
1.04826636103,-3.94583679463
1.04501090633,-3.91841776793
1.04407217288,-3.90760859055
1.04622447539,-3.91393040034
1.04634271055,-3.91861676821
1.0460327205,-3.94916868122
1.04650522418,-3.93871373728
1.04446698652,-3.89935252595
1.04385648979,-3.91374212509
1.04677479407,-3.91083480798
1.0466054067,-3.93255711142
1.04347563032,-3.93052178385
1.04453869378,-3.90502442616
1.04466593149,-3.90206598213
1.04500363803,-3.91742273277
1.04531284437,-3.920557611
1.04492871313,-3.9405384875
1.04339124953,-3.93223686902
1.04688148892,-3.92810559216
1.04548127567,-3.92870214334
1.04436571459,-3.94343897484
1.04507401702,-3.92280401421
1.04760505784,-3.94160121676
1.04477517254,-3.94146502403
1.04532420719,-3.96585156012
1.04616433277,-3.92604389553
1.04462890154,-3.94393436568
1.04621636417,-3.93531303563
1.04736341712,-3.93038337087
1.04537567905,-3.93894485193
1.04468987831,-3.93859162804
1.04625273529,-3.95897747091
1.04633877583,-3.93083528268
1.04614687031,-3.92894223713
1.04727860662,-3.95275392015
1.04501358312,-3.93242925453
1.04495615034,-3.92489311153
1.04646023982,-3.89805187289
1.04667637615,-3.93961058236
1.04394757365,-3.90916347748
1.04714767446,-3.93285193974
1.04764766936,-3.92395446795
1.0457390514,-3.91499292492
1.04565015475,-3.89809286414
1.04632427599,-3.9271908257
1.04603523427,-3.93372011254
1.04914900762,-3.92435237319
1.04647807562,-3.91439962169
1.04539657843,-3.92757185315
1.04744844961,-3.94080931977
1.04797162205,-3.93634352809
1.04560486321,-3.96740137814
1.04681046708,-3.94319781933
1.04721305797,-3.93684877999
1.04605456763,-3.92180922074
1.0462521531,-3.9147183128
1.04863433002,-3.94662042437
1.04576297103,-3.936143399
1.04646630793,-3.93739581323
1.04771646946,-3.92950288226
1.04566665459,-3.91903726033
1.0461475858,-3.92600513004
1.0481415303,-3.92982846325
1.04612682203,-3.91761251977
1.04747883196,-3.93637255113
1.04868041745,-3.94092388852
1.04681382882,-3.92839201531
1.04580168884,-3.9732305143
1.0481643754,-3.94086416766
1.04684384646,-3.93576021517
1.04618625704,-3.91690886246
1.0478265009,-3.94490593804
1.04541414343,-3.93417668883
1.04452065331,-3.90091540942
1.04634451271,-3.94314246688
1.04540968138,-3.92700842215
1.04451411319,-3.92606022511
1.04567497053,-3.93806983966
1.04556111092,-3.94269492123
1.0434540401,-3.95209938515
1.0461774194,-3.95395448254
1.04420738576,-3.92465293543
1.04431307265,-3.92342531776
1.04606421803,-3.96190664097
1.04519944281,-5.41587923351
1.04356535308,-3.22901955429
1.04383136763,-3.62756894187
1.04614906939,-3.8220183468
1.04455192085,-3.90668871552
1.04530084503,-4.00240607902
1.04623762408,-4.06896830232
1.04394509092,-4.06646105594
1.04708767711,-5.21517830249
1.04689136029,-4.31330379041
1.04541790484,-3.61609983628
1.04403088336,-3.67599370681
1.04666678529,-3.81231883758
1.04588939845,-3.84742770801
1.0461552526,-3.90325140922
1.04635200033,-3.92074604877
1.04417401558,-3.90978981362
1.04398363529,-3.93377702985
1.04713902958,-3.90391360062
1.0458078395,-3.91238881144
1.04355243086,-3.89363143769
1.04605460298,-3.95033138173
1.04673171141,-3.90927901641
1.04478623547,-3.90750071547
1.04491857324,-3.94936205995
1.04407690736,-3.95299430934
1.04444866526,-3.92525650091
1.04475368586,-3.93469068529
1.04615867274,-3.93984224539
1.04320468739,-3.95607294757
1.04475634201,-3.92323233515
1.04502558428,-3.95342205803
1.04504144945,-3.9424318817
1.04502012957,-3.92678988847
1.04575955334,-3.94535242866
1.04282807596,-3.91450863794
1.04530650682,-3.92983926937
1.04694571064,-3.93537455583
1.0447925244,-3.95875666766
1.04466018282,-3.94558730705
1.04655374656,-3.95331294338
1.04633381115,-3.94501710857
1.04634840631,-3.95399530212
1.04532756602,-3.94005116609
1.04480765781,-3.95945858937
1.04678845883,-3.94875296668
1.0476254457,-3.9545155623
1.04438135106,-3.95588850068
1.04456427121,-3.94403632596
1.04715599726,-3.96490525729
1.04636037322,-3.90714052859
1.04470816048,-3.93529119228
1.0456744931,-3.90380384229
1.04513244109,-3.92293045787
1.0457401865,-3.94291436422
1.04623757707,-3.90497712279
1.046802801,-3.9197517325
1.04389539285,-3.89056870039
1.04582482295,-3.9064139561
1.04575102283,-3.92850550335
1.0454301272,-3.9097100366
1.0475481876,-3.98205709986
1.04748713641,-3.97333479021
1.04511567634,-3.95499273776
1.04838392694,-3.94933497393
1.04846928158,-3.92186442547
1.04486895385,-3.93586968098
1.04555224296,-3.94189195121
1.04938754699,-3.9449847296
1.04732117946,-3.91307943841
1.04800522876,-3.94810526455
1.0463637848,-3.90959081853
1.04591717026,-3.95253774152
1.04683873434,-3.94367012136
1.04811207911,-3.92022484174
1.04688423998,-3.93967929014
1.04704632692,-3.9414415402
1.04782508826,-3.92376078414
1.04699261827,-3.94901578753
1.04598681247,-3.92875403744
1.04781524377,-3.93964319352
1.04562422023,-3.9285689415
1.04663540784,-3.95789528811
1.04764864258,-3.91106848959
1.04611599586,-3.94518191027
1.04575739162,-3.94717955315
1.04744660151,-3.90581073801
1.04689456799,-3.94184710741
1.04588000779,-3.92584736261
1.04584431288,-3.91482380127
1.04665871404,-3.94781188781
1.04404630218,-3.91569094361
1.04679023497,-3.95705755855
1.0457927719,-3.95216647183
1.0440141797,-3.93950855123
1.04445122963,-3.95713945109
1.04629074771,-3.93426264523
1.04492108467,-3.93771436157
1.04537444431,-3.91182946069
1.04577310788,-3.95990542494
1.04320470435,-3.90611349981
1.04514759649,-3.95068087124
1.0479519376,-3.92542941403
1.04573588761,-3.95023084232
1.04641996196,-3.9210131652
1.04820390296,-3.96484721454
1.04866417156,-3.95716873409
1.04840821909,-4.01314412723
1.04853166391,-3.91388397454
1.04657814751,-3.94796035783
1.04840595474,-3.96991614959
1.05073585314,-3.96855243625
1.04676335425,-3.94908302043
1.04508091897,-3.93868144711
1.0472794239,-3.93661533904
1.0472123912,-3.93749363292
1.04665380433,-3.94173273497
1.04750613264,-3.94746647758
1.04646207304,-3.94208581578
1.04397221989,-3.94965966144
1.04737692086,-3.94818638861
1.04773741257,-3.96064556528
1.04558966895,-3.94414534317
1.04562038454,-3.95359659653
1.04532951631,-3.96295482513
1.04632972745,-3.92979909377
1.04745190405,-3.94433215174
1.04623482538,-3.97404053813
1.0444477841,-3.92264389714
1.04688387456,-3.9321809852
1.04854841703,-3.95512911133
1.04426236168,-3.92871324924
1.04488407472,-3.92657819298
1.047275293,-3.9615637398
1.04655418037,-3.95447178258
1.04469743762,-3.94633831373
1.04463956306,-3.93364584279
1.04293626063,-3.95698445359
1.04429672821,-3.96086351049
1.04513598136,-3.96234989899
1.04405286887,-3.9552621301
1.04278745971,-3.94711741578
1.04499977933,-3.96012103755
1.04323908055,-3.96778491271
1.04282549407,-3.95315302543
1.04417245805,-3.96432770195
1.04425687991,-3.91973031315
1.04216250386,-3.95686101148
1.04477449327,-3.94367971456
1.04425467258,-4.00487317213
1.04217813721,-3.94575628756
1.04337661496,-3.94309641031
1.04480552641,-3.95316706815
1.04190112891,-3.95121741492
1.04365515155,-3.96943671138
1.04149341414,-3.96528403961
1.04181816799,-3.96226689968
1.04367475231,-3.95593999075
1.04476786961,-3.94722487165
1.04156576474,-3.97450328634
1.04314811986,-3.96008858873
1.04555287247,-3.98319192652
1.05206164259,1.41928466734
1.04372506148,-4.10235791354
1.04587251898,-3.45363924354
1.04400706872,-3.52315447245
1.04531007899,-3.65945304264
1.0456177287,-3.81930140534
1.04433832757,-3.94726405117
1.04481285711,-4.0168349477
1.04690561871,-10.122829452
1.04325681504,-4.76440466773
1.04453732481,-4.48446532959
1.04582042383,-4.20836711532
1.04479546797,-4.10530972535
1.0436887671,-4.01524421006
1.04642546106,-3.9610118129
1.04409335744,-3.94399915259
1.04281823527,-3.94345867144
1.04382773055,-3.83725139842
1.04421205247,-3.92198123931
1.04462313762,-3.96989709599
1.04538060575,-3.92528304275
1.04478756047,-3.94064867728
1.04351816668,-3.97063695603
1.04475463668,-3.93412420918
1.04591563988,-3.94750347802
1.04306430093,-3.91356214434
1.04562264252,-3.92523223353
1.04465006065,-3.98246472888
1.04260679549,-3.92244782413
1.04296218895,-3.92562648666
1.04381641096,-3.96378587116
1.04285188663,-3.9750240058
1.0422333952,-3.94592519818
1.04399360314,-3.94669277454
1.04055818427,-3.97085776298
1.04085038122,-3.92864769119
1.04388615727,-3.95674709982
1.04241250362,-3.95688856399
1.04387388809,-3.97197340713
1.04290747338,-3.98277896139
1.04162512037,-3.95436173351
1.04130120422,-3.94051863529
1.04519919478,-3.97410730263
1.04270136825,-3.95306700257
1.04167830671,-3.93131666158
1.04276273118,-3.97895154994
1.04262988518,-3.95821676968
1.04202481366,-3.9845571418
1.04390220176,-3.95169864745
1.04144622952,-3.95522382378
1.04052854193,-3.96383121238
1.04314810329,-3.96573184358
1.04411171727,-3.95957566944
1.04043158913,-3.9648207299
1.04220862673,-3.98426523537
1.04300961627,-3.99933059885
1.04237856501,-3.96567782808
1.04181294888,-3.95206139829
1.04122196709,-3.92581431559
1.04029460195,-3.99122948949
1.04406431919,-3.97846682997
1.04355727043,-3.98062088898
1.04200967913,-3.96001843636
1.04200631787,-3.96453431516
1.04384712718,-3.9530164576
1.04215082888,-3.97662340982
1.04470566398,-4.0107018848
1.04320940218,-3.95396255478
1.04206636531,-3.9665519378
1.04219453374,-3.95997470412
1.04419085143,-3.96074729171
1.04221790671,-3.97087307384
1.04175940488,-3.93055841346
1.04354593767,-3.96249320825
1.04305688728,-3.96912367113
1.04403658229,-3.9509367449
1.04462063926,-3.96420052636
1.04117667353,-3.94737496477
1.04160570329,-3.92406315804
1.04488841462,-3.98504646149
1.04453426418,-3.97436913602
1.04100469413,-3.93672142424
1.04375193901,-3.96461539169
1.0440781724,-3.96019783203
1.04372503493,-3.9823789361
1.04416936818,-3.97929633158
1.04292083006,-3.97016103212
1.04192771061,-3.95554519717
1.04473309468,-3.964752473
1.0432612683,-3.96572689443
1.04122124652,-3.96021506491
1.04253320428,-3.90078994975
1.04363691757,-3.95850861508
1.04095887448,-3.95664452934
1.04278186344,-3.97695571163
1.04364244245,-3.95628152315
1.0191001693,-2.04452787722
1.045321006,-3.69754631833
1.04621712073,-3.49666972743
1.04331418851,-3.47858771911
1.04397047362,-3.54220229827
1.04484599486,-3.53340351076
1.044645392,-3.52640493892
1.04532071191,-3.56965346138
1.04564468069,-3.52349093532
1.04282451583,-3.78954310099
1.04404586257,-3.76363669277
1.04571433541,-3.75422617936
1.04459282145,-3.74393428232
1.0433250066,-3.74503805747
1.04504017395,-3.77729111577
1.04349917856,-3.7554714604
1.04325750206,-3.78142421968
1.04463757421,-3.78620865873
1.04308511517,-3.7419913901
1.04293492784,-3.7693803055
1.04509775888,-3.77025081446
1.0440159767,-3.76270439082
1.0421753792,-3.76176481997
1.0431864476,-3.76614675486
1.0450145304,-3.7883937065
1.04196760454,-3.74947833248
1.04449072408,-3.76792804917
1.04310229215,-3.75274353697
1.04332303794,-3.79532196694
1.04216103957,-3.75097598833
1.04436464351,-3.82083961202
1.04209098293,-3.79034791009
1.04190289595,-3.79291357521
1.04310735445,-3.78925588022
1.04233346004,-3.82001994733
1.04287370494,-3.77386378118
1.04395430282,-3.77573493738
1.04041553953,-3.77835928004
1.04285161807,-3.82197585726
1.04489305978,-3.81719215655
1.04357813449,-3.79275294067
1.04204621624,-3.78499512251
1.04430457994,-3.79756683449
1.04364380434,-3.81520253003
1.04343287745,-3.79939719316
1.04397705792,-3.75937739575
1.04143911419,-3.79270602544
1.04192836785,-3.7753554143
1.04615901656,-3.78940417659
1.04441601068,-3.8103957414
1.0417543007,-3.80163546625
1.04283678708,-3.78702059815
1.04456096778,-3.83789360908
1.04233763283,-3.8178467729
1.04432409937,-3.81761586535
1.042638177,-3.80987289017
1.04158799239,-3.80992568211
1.04261872304,-3.79435367581
1.04380898049,-3.83998162145
1.04163495266,-3.79676817228
1.04196034103,-3.81513162726
1.04190767914,-3.80120157821
1.04207021524,-3.81462041657
1.04385654244,-3.81856284436
1.04445962638,-3.83850726768
1.04155955308,-3.80690435736
1.04317566852,-3.80645748389
1.04623426809,-3.79798403134
1.04365913489,-3.80989878478
1.04207269934,-3.79664212281
1.04545309414,-3.85799949681
1.04371625726,-3.82117910187
1.04511073158,-3.81338742116
1.04495118325,-3.80890305049
1.04201777616,-3.79626480662
1.04251565955,-3.80494283262
1.04626823633,-3.79487757172
1.04381065744,-3.78190928727
1.04243049267,-3.80426352693
1.04421169703,-3.79370667043
1.04440487362,-3.82717064199
1.04277951773,-3.80007790543
1.04515420435,-3.84710730235
1.0441828168,-3.83334309884
1.04314528634,-3.83512911163
1.04365122,-3.79171246466
1.04523453546,-3.86804454309
1.04288382,-3.8461507843
1.04400199854,-3.82093418272
1.04455743527,-3.79224865503
1.04353953282,-3.78958745704
1.04487057448,-3.79116899076
1.04534351925,-3.81783756298
1.04323059721,-3.83636641394
1.04499467865,-3.79725223114
1.04609405162,-3.80026779789
1.04357338263,-3.80365063374
1.04235035858,-3.79294494997
1.04542538334,-3.83329803239
1.04300435276,-3.79634692148
1.04481920741,-3.83100077061
1.04520054085,-3.85199618475
1.04256835149,-3.79512101581
1.04335094785,-3.81117932364
1.04565892799,-3.81102240478
1.04353422945,-3.78194810462
1.04416408834,-3.79975193096
1.04640062053,-3.81643489312
1.04465941376,-3.79404196713
1.04328316057,-3.82299203153
1.04489070457,-3.83791448005
1.04399959336,-3.82595698405
1.04318348081,-3.83595768871
1.04526672051,-3.8040452716
1.04559966308,-3.86114020675
1.0432048174,-3.79172939539
1.0451341494,-3.84811739285
1.04338673033,-3.80220733429
1.04338443078,-3.8579738288
1.04493524872,-3.85202985028
1.04588702599,-3.84867699264
1.04237578456,-3.81362886093
1.04530968032,-3.83358131892
1.04431861445,-3.8118620524
1.04360382789,-3.8301745893
1.04447755721,-3.84604473146
1.04414364336,-3.81128992474
1.04392560611,-3.80718414576
1.04435878312,-3.78495439323
1.04523749214,-3.79847665594
1.04263341524,-3.80013992764
1.04432472013,-3.81471537135
1.04612281669,-3.80978149535
1.04329898627,-3.8138875506
1.04411289721,-3.83659501534
1.04516227865,-3.81132635203
1.04563976537,-3.79184731434
1.04500872448,-3.82218631516
1.04606462597,-3.80510499165
1.04365930007,-3.83900823834
1.04393498605,-3.81990035877
1.0471371802,-3.85043329006
1.04433543,-5.45023227033
1.04400638414,-3.0656405222
1.04484703311,-3.47727981397
1.04488815733,-3.72898071269
1.04388497607,-3.79294672395
1.04654931797,-3.9124577279
1.04610470573,-3.95064602055
1.04286199532,-3.95090055702
1.04673538504,-5.19620126335
1.0467722365,-4.33365159043
1.04494760686,-3.61726841678
1.04420314104,-3.61168361699
1.04440343641,-3.71756962434
1.04392628147,-3.75837324501
1.04684191389,-3.79986130681
1.04431859207,-3.79023022749
1.04333476805,-3.83183187426
1.04428426977,-3.75379849983
1.04651309407,-3.73998144989
1.04461112446,-3.82254131764
1.04479799611,-3.84581546138
1.04593109809,-3.84018351532
1.04573134113,-3.81744015227
1.04593157529,-3.86871231641
1.04631436669,-3.84537289291
1.04447038203,-3.8732381089
1.04551793967,-3.85539458597
1.04703032981,-3.84448648712
1.04583074359,-3.85158585651
1.04484192195,-3.84361637911
1.04641301335,-3.84729030295
1.04511606875,-3.84634350838
1.04496157388,-3.85274697947
1.0467394485,-3.82267456877
1.04470655466,-3.83099431674
1.04351404069,-3.82832504177
1.04663479439,-3.80514533523
1.04654148386,-3.82439744334
1.04430158447,-3.84709594596
1.04464399361,-3.84151042253
1.04556847847,-3.83649013859
1.04571123129,-3.82236201621
1.04688395333,-3.83536561686
1.04431863168,-3.83527803467
1.04334382384,-3.83197985877
1.04706884828,-3.83595005216
1.04689930069,-3.87024931739
1.04448353925,-3.86091125325
1.04530708272,-3.85521887709
1.04694450785,-3.84525949969
1.04586788366,-3.84967214086
1.04605792115,-3.80766892631
1.04735662134,-3.83189564889
1.0439853837,-3.81079449236
1.04561847381,-3.82360239627
1.04744353587,-3.85724183571
1.04487995659,-3.83106260009
1.04455703449,-3.81957283783
1.04719195112,-3.8379496932
1.04634606387,-3.82854268737
1.04680137943,-3.85181449825
1.04953579875,-3.8046415893
1.04538696261,-3.8275260857
1.04493639971,-3.81475079602
1.04684424237,-3.80478144012
1.04717123115,-3.84191737447
1.04588761383,-3.83568195021
1.04761988331,-3.85632078286
1.04531517221,-3.8303230645
1.04507168784,-3.80588235677
1.04693681967,-3.85567560409
1.04619483466,-3.83436709935
1.04468662443,-3.83852090062
1.04705426991,-3.82739781872
1.04694079199,-3.82062007611
1.04387779615,-3.82496572584
1.04618966822,-3.85507886056
1.04509753307,-3.83201293928
1.04524547267,-3.84357534015
1.04635772516,-3.81847880383
1.04567991406,-3.8533492036
1.04561862189,-3.87093150345
1.04697412228,-3.8662948444
1.04890857157,-3.86294463815
1.04552043277,-3.82463608658
1.0454861728,-3.84943712975
1.04798919781,-3.8543441406
1.04591411526,-3.84135130368
1.04760515213,-3.82408928439
1.04882906688,-3.8522994655
1.04703495806,-3.86122702478
1.04533882484,-3.8478180162
1.04848129292,-3.83370153005
1.0471127432,-3.83482713969
1.04672474379,-3.85895768529
1.04751703394,-3.83683542469
1.04687268835,-3.84910373918
1.04675972665,-3.84365951786
1.04926228985,-3.84952848007
1.04638635837,-3.85654738069
1.04461227127,-3.82879894703
1.04887204848,-3.84097702629
1.05018629332,-3.83466032208
1.04561292054,-3.81915386037
1.0467707453,-3.86217939082
1.04727568613,-3.86351373207
1.04810294923,-3.85917598754
1.04870977951,-3.85190377412
1.0470743651,-3.83601023299
1.04503574563,-3.83289304909
1.04773059052,-3.82878159161
1.04869697465,-3.846455874
1.0468495864,-3.85257185099
1.04714354108,-3.85553665046
1.04771280072,-3.83753623167
1.04539839303,-3.83229182293
1.04717995014,-3.8504120355
1.04931165709,-3.83827254753
1.04627140408,-3.81564715693
1.04663103221,-3.848562434
1.04827617203,-3.82953413494
1.04798320006,-3.84011298426
1.04708515809,-3.86226227669
1.04785595933,-3.86919312285
1.04748889544,-3.84891632223
1.04870545521,-3.87063473238
1.04920996431,-3.8369933034
1.04622500359,-3.83974953209
1.04586569468,-3.85524134284
1.04878143598,-3.8611474143
1.04913939798,-3.84781994748
1.04686311133,-3.843107248
1.04664893361,-3.85721066832
1.04650613638,-3.83713557782
1.04721710256,-3.85278951998
1.04719214699,-3.88514266292
1.04691111329,-3.84464853458
1.04537676663,-3.83554084702
1.04735010401,-3.87407775914
1.04722574867,-3.85462860511
1.04483144856,-3.86528201085
1.04572960188,-3.83187034108
1.04752444675,-3.8466684894
1.0468659235,-3.8433143131
1.04783959861,-3.87568850811
1.04916314934,-3.87527457068
1.04810693701,-3.83704709284
1.04999110314,-3.86946962094
1.05320092406,-3.8531481501
1.05118126662,-3.86827965511
1.05216496256,-3.84598746668
1.05306508626,-3.84872404446
1.05453025186,-3.88499174387
1.05498999915,-3.87612488179
1.05649164308,-3.86058594261
1.0555724592,-3.88900071224
1.05594460433,-3.89081500195
1.05743345823,-3.86566609004
1.05851173076,-3.87328109518
1.05796327776,-3.88315020976
1.06105272065,-3.88026334226
1.06331499153,-3.91958135801
1.07189962347,1.81641846433
1.06653887601,-4.09861213243
1.06838660589,-3.37822300123
1.07003720341,-3.33284415537
1.0764163922,-3.53716560257
1.07977791622,-3.78275111316
1.08166221022,-3.90414577594
1.08501125816,-3.95962118609
1.09058148246,-10.5295548163
1.09073831975,-4.7051199873
1.09863225683,-4.57596550137
1.10251043514,-4.31992361802
1.10364302534,-4.16007669057
1.10792071122,-4.02554984114
1.1117078146,-3.94686138787
1.11295848429,-3.93600583094
1.11462443564,-3.94082461098
1.11781299645,-3.99719357746
1.11715968673,-3.92879297333
1.11967558071,-3.93713566869
1.12352232836,-3.97147293784
1.12150510285,-3.92558276703
1.12364977958,-3.95833288675
1.12480633884,-3.9586535773
1.12498552855,-3.94973769478
1.12256421599,-3.93946708404
1.12617857537,-3.9816027991
1.12518608542,-3.94098425388
1.12487274275,-3.93484950396
1.12591130747,-3.95194014005
1.12108840257,-3.94077284785
1.12011649585,-3.97586960158
1.12223366138,-3.92611172443
1.12044170112,-3.95971608059
1.11483340249,-3.92964697136
1.11526070403,-3.918647027
1.1116589042,-3.96050618802
1.10657102376,-3.96437660615
1.1063377432,-3.94531942329
1.10266380109,-3.92935031637
1.09802612198,-3.94374327133
1.09576764727,-3.92839495431
1.09207217756,-3.93202620022
1.0877209507,-3.95295942908
1.08441292594,-3.93480694705
1.0803999153,-3.91897203085
1.07642181706,-3.94153811014
1.07524351599,-3.90564759193
1.07316103466,-3.91697207442
1.06665693188,-3.92116451617
1.06407138085,-3.90898691319
1.06430995181,-3.90667909427
1.06189323499,-3.92909104816
1.05934319213,-3.91535917235
1.05787041946,-3.87155975975
1.05567065997,-3.91731152223
1.05564802312,-3.8551451039
1.05465875537,-3.87435310374
1.0505732059,-3.87387230965
1.04995199775,-3.856794123
1.05174000119,-3.86051601969
1.04979777416,-3.88465798089
1.04747572392,-3.86524993955
1.04847834244,-3.86492116278
1.04817480986,-3.87177564293
1.04653470924,-3.8522919262
1.04813848634,-3.83487116298
1.04712059878,-3.84236641771
1.04632881475,-3.85833422184
1.04816991176,-3.8248749577
1.05027602569,-3.843259439
1.04721394797,-3.85484287821
1.0481575578,-3.86447760143
1.04761095791,-3.86719428934
1.04728120554,-3.85373030498
1.0506213907,-3.83252349479
1.05050233793,-3.81656094307
1.04757355482,-3.8574145048
1.04913843494,-3.84881547463
1.05117800082,-3.86750725097
1.04998141208,-3.85708244675
1.04815415009,-3.85144793888
1.05016095459,-3.84178007551
1.04919511893,-3.82575197451
1.04987078101,-3.87675493568
1.04957073093,-3.8636253162
1.04715510271,-3.84208519494
1.04728342524,-3.85970486568
1.05062636665,-3.84713580908
1.04849196315,-3.82332290967
1.04754089482,-3.8248839775
1.05085139435,-3.83436966914
1.0486916713,-3.81860106749
1.04955009609,-3.82636850927
1.05035092301,-3.85774781669
1.04891574493,-3.83818901384
1.00567079118,-2.02279472086
1.03350154394,-3.96206651809
1.03300070809,-3.69509216143
1.03186640333,-3.5378831304
1.0326436549,-3.55348085854
1.03182942655,-3.58145816907
1.03074298245,-3.56107690264
1.03289764168,-3.64929860669
1.03367380359,-3.56915860676
1.0314188298,-4.23333555307
1.03282286114,-4.16090162356
1.0325625657,-4.1396987203
1.03096117005,-4.11987487885
1.03228294735,-4.14828494216
1.03258242383,-4.13563135162
1.03299691182,-4.13589442045
1.03271310695,-4.16632035997
1.03400724457,-4.18531516304
1.03115240889,-4.12853228266
1.03168863731,-4.13838680709
1.03405889913,-4.12819314477
1.03397791974,-4.20116564476
1.03303654649,-4.14985204457
1.03337417479,-4.17429543444
1.03379333299,-4.14073681714
1.03290360137,-4.13133245358
1.03515202344,-4.15505536157
1.0335377901,-4.18294035155
1.03285148693,-4.18714403128
1.03445498561,-4.16148736519
1.03409156365,-4.1499386179
1.03330352641,-4.17979345496
1.03454397903,-4.15729476378
1.03319162891,-4.15150144849
1.03346175292,-4.18930353342
1.03624715237,-4.20563375583
1.03515545579,-4.20487712761
1.0317231663,-4.16490267879
1.03509565403,-4.18434532357
1.03655967037,-4.21457273651
1.03398394217,-4.17391531528
1.03319864205,-4.16391089746
1.03344702947,-4.16510944434
1.03353076607,-4.18566550881
1.03605245205,-4.19673007224
1.03609291359,-4.18913325386
1.0332616525,-4.20567208857
1.03404306478,-4.2023942989
1.0369780228,-4.20684744017
1.03429335906,-4.19040116562
1.0350445685,-4.21271140398
1.03559669424,-4.18341314495
1.03524763139,-4.18626966595
1.03540805566,-4.17720169651
1.03651632367,-4.18585241347
1.03398731515,-4.1741969094
1.03506106179,-4.19482452937
1.03728432319,-4.19751668652
1.03616835294,-4.20417971813
1.03649238061,-4.20464280039
1.03663659852,-4.18243010728
1.03551917168,-4.20178112506
1.03572575231,-4.17893006929
1.03792804503,-4.19286836876
1.03672927419,-4.20495255593
1.03359572771,-4.20925165131
1.03697160787,-4.21016678644
1.03780787493,-4.17801533302
1.03587103068,-4.18963428628
1.0357674965,-4.1615885132
1.03516463514,-4.19478153647
1.03461004619,-4.18203087028
1.03623157749,-4.17702249066
1.0358257726,-4.21156881707
1.03368297735,-4.18245550178
1.03667275918,-4.18219240919
1.03622158723,-4.17573305138
1.03395328167,-4.15720889727
1.03511436539,-4.21381370987
1.03685012558,-4.20408453151
1.03658699374,-4.21803705406
1.03579645366,-4.1959339357
1.0369062843,-4.19735458205
1.03492496459,-4.20542292707
1.03614114317,-4.15418271556
1.03672866062,-4.16792493929
1.03644594828,-4.19183067648
1.03572243098,-4.18362859222
1.03633850924,-4.17942068189
1.03556002097,-4.15172381389
1.03590163373,-4.19164121465
1.03782506793,-4.20077827969
1.03618379715,-4.19474360435
1.03494699762,-4.21697003384
1.03622884354,-4.16391686676
1.0359077919,-4.18028693165
1.03493576462,-4.19771566037
1.03716996995,-4.15347587352
1.03646396861,-4.17359184267
1.03451490611,-4.16956836066
1.03611646806,-4.19711860226
1.03552082054,-4.19654467651
1.03405477952,-4.18205736275
1.0360683455,-4.20429706875
1.03778134187,-4.17308833323
1.03489287076,-4.19320819864
1.03572229532,-4.19364242518
1.03459614253,-4.16448020653
1.03442740751,-4.20420296782
1.03644268939,-4.21303012218
1.03667484004,-4.19235628416
1.03539456832,-4.18256716904
1.03527590207,-4.19246348401
1.03715690685,-4.2184965631
1.03623724267,-4.17741062407
1.03636315512,-4.19955629376
1.03938127467,-4.18413276506
1.03662416202,-4.17818875784
1.03866539906,-4.18615925258
1.04005048457,-4.19622458113
1.0397708427,-4.18347077078
1.03897096132,-4.22576531573
1.04126165736,-4.2165179304
1.03963019847,-4.2051853337
1.03844238034,-4.18792582119
1.04161518596,-4.21217696455
1.03929643337,-4.19388992012
1.03903848135,-4.18700418501
1.04110445961,-4.17870623991
1.03894373125,-4.20769194779
1.03693098162,-4.21020515651
1.04014080359,-4.19696544062
1.04215226074,-4.19611504093
1.03980922957,-4.19303570469
1.03996341189,-4.21444925181
1.03985704696,-4.1704353113
1.0388031007,-4.1649004875
1.04074352744,-4.2021561091
1.04025398471,-4.21852582181
1.04042335525,-4.24582620629
1.0403054088,-4.22830480249
1.04157827047,-4.20232108325
1.04056333326,-4.99810851478
1.04022754346,-3.54962922014
1.04048251082,-3.84670999299
1.0397618986,-4.11157196987
1.04056624278,-4.1765416863
1.04205543418,-4.27909772831
1.04003515794,-4.33149644962
1.03901933742,-4.34827396552
1.04073743546,-6.89617889331
1.03954030839,-4.63470837994
1.04044104823,-3.98365149732
1.03996334316,-4.00277524335
1.03868842443,-4.07173131071
1.04054459503,-4.1709775295
1.04217411205,-4.17180824171
1.03941987447,-4.18471462474
1.03671115937,-4.19559674144
1.03940774069,-4.13656321891
1.0411514176,-4.11012112089
1.0382564323,-4.18518710768
1.03956738508,-4.20418827468
1.03931362025,-4.19139002945
1.03830560184,-4.24467825399
1.03862695709,-4.2271334395
1.039165893,-4.22689937734
1.03641837033,-4.24358106941
1.03817629037,-4.23383462506
1.03929519564,-4.21962199004
1.03778652179,-4.23570243973
1.03764912075,-4.21365713894
1.03768127908,-4.2166451995
1.03660440522,-4.22583168104
1.03934400777,-4.22972353199
1.04060962767,-4.21274767561
1.03795977744,-4.21514691701
1.03729084014,-4.21261055478
1.03992038115,-4.24837440047
1.03787184172,-4.21832171952
1.03766661494,-4.18747575526
1.03965906051,-4.21728604738
1.0394878316,-4.25332929123
1.0400790824,-4.226324259
1.04263093874,-4.23885528899
1.03931468737,-4.26484892447
1.03823597473,-4.22919467818
1.04226753311,-4.2157101901
1.04110270124,-4.22407725122
1.03929215946,-4.21295566617
1.04063743842,-4.23429669809
1.03961367689,-4.22769131286
1.03828029559,-4.201790662
1.04011016067,-4.22185003821
1.03909262045,-4.23546002892
1.03680231078,-4.20059739977
1.03967805648,-4.19617611554
1.04030380159,-4.20610002737
1.03874213121,-4.1984791473
1.03930311945,-4.19613200759
1.03883263281,-4.16934115366
1.03780976173,-4.21671279251
1.04025366684,-4.19787394678
1.04027345637,-4.19690804665
1.0398457152,-4.23435998993
1.04080354959,-4.22528994563
1.04048059138,-4.18886143648
1.04005620298,-4.20994659888
1.03870011822,-4.2289676473
1.0409347825,-4.20382518177
1.03935230071,-4.22767637893
1.04161474223,-4.20801256277
1.04283725744,-4.24403945951
1.03879676687,-4.18882344642
1.03945259922,-4.21301220535
1.04091320315,-4.19966626365
1.04109465849,-4.22230636992
1.04074193058,-4.21344057704
1.04191883133,-4.23073282574
1.04036529493,-4.21547976557
1.03982909528,-4.22021823601
1.04128810922,-4.1857980714
1.039729224,-4.24125070203
1.03837476749,-4.2148556971
1.04183864971,-4.21191083376
1.04206229752,-4.22221307353
1.03994949366,-4.22013884976
1.04100196212,-4.20431143593
1.04072929287,-4.21615714107
1.03913898734,-4.23816479869
1.04116122156,-4.24224756057
1.04133341651,-4.22242268532
1.04015729365,-4.23805480808
1.0396452262,-4.21947193477
1.0412530629,-4.24010218577
1.03934288745,-4.19880107103
1.04016277369,-4.19689717711
1.03922189476,-4.23131211794
1.03915325363,-4.20009310565
1.04198910061,-4.23814860841
1.04475411788,-4.26951766857
1.03859142349,-4.21693900344
1.03945310507,-4.23104867835
1.04101528555,-4.21764483968
1.0409589018,-4.20396869609
1.04119171498,-4.23197168622
1.04153934287,-4.209769562
1.04014914989,-4.21769132565
1.03985861641,-4.22029830921
1.04115784162,-4.21197440571
1.03905486832,-4.21447011027
1.03971748676,-4.23256224168
1.04215530922,-4.22209357129
1.04130698709,-4.22992677017
1.04050255063,-4.23819853546
1.04083436671,-4.24449296492
1.04065233529,-4.22622067111
1.03949001629,-4.21725898939
1.04182930165,-4.24745812847
1.04177446083,-4.2325241604
1.04023250473,-4.24421861507
1.03991560846,-4.23908381073
1.04109100103,-4.2391085438
1.04068423662,-4.23577050534
1.04051486649,-4.21533399192
1.03911822255,-4.23228332657
1.03877726847,-4.23669136066
1.04278848182,-4.25104695881
1.04238347019,-4.26117437684
1.03883931636,-4.22547740132
1.03987293749,-4.22671702832
1.04125964898,-4.22919932298
1.04001441457,-4.20445772345
1.03903690509,-4.23074206152
1.04122068955,-4.20354889928
1.04099087119,-4.23822124897
1.04184991378,-4.22229221684
1.04164934863,-4.24395473692
1.0394593338,-4.23958035435
1.03900278979,-4.21365724763
1.04173632067,-4.22709839384
1.04162280277,-4.22902746722
1.04102880138,-4.26010284026
1.04203852523,-4.2219471307
1.04177489455,-4.21913876066
1.04099248818,-4.25442689547
1.0410801934,-4.2502222743
1.04004017063,-4.23379172996
1.03954382741,-4.19987480235
1.04241857423,-4.2648350979
1.04219852855,-4.24941548653
1.04126969888,-4.25527708069
1.04130935091,-4.26512428425
1.04128531648,-4.23838296014
1.04169533848,-4.29805135768
1.04284274149,-4.26014287836
1.04399478738,-4.27754313072
1.04203995177,-4.25201076363
1.04344326135,-4.25200629939
1.04326829647,-4.25247292372
1.04140457866,-4.25541768235
1.04218292587,-4.28922880692
1.04325628933,-4.2903848948
1.04202801625,-4.28339589354
1.05318475498,1.71822579636
1.04555285818,-4.66176161009
1.04426435856,-3.73060268903
1.04324887278,-3.69770131629
1.04758621061,-3.91966331755
1.04661117216,-4.11990185279
1.04892510348,-4.29218788129
1.04999986986,-4.32868934884
1.05129586736,-11.5317867492
1.04591037419,-4.65802279107
1.05199249266,-4.90006154561
1.05116099793,-4.65783909046
1.0485697147,-4.47277496215
1.05175480194,-4.38314084898
1.05037988843,-4.29072358945
1.04901792459,-4.25387240384
1.05072476238,-4.28759185079
1.04861971366,-4.44307820999
1.04750243571,-4.2180657012
1.04919338883,-4.21626163771
1.04987711047,-4.261043285
1.04571791272,-4.27517100087
1.04732570479,-4.25181719138
1.04891019727,-4.25724739401
1.0485786508,-4.26810359216
1.04787633072,-4.23826301414
1.04646623566,-4.23238714576
1.04625551789,-4.24203169862
1.04917798269,-4.23764975159
1.04987487663,-4.26133260345
1.04763859424,-4.26266586584
1.04735459385,-4.26886193744
1.04927757718,-4.27240510977
1.04626520752,-4.25672799884
1.04676888905,-4.24129283615
1.04644174551,-4.22537307294
1.04439745927,-4.28745939615
1.04526419218,-4.27214763863
1.04534585968,-4.25027460664
1.0425739537,-4.26684943141
1.04107449911,-4.29067113724
1.04305181585,-4.25733405274
1.04252664711,-4.2596042928
1.04293619667,-4.2801784437
1.04278501389,-4.2628086158
1.04071188252,-4.27347794862
1.04090374483,-4.31004971199
1.0429405662,-4.29220312881
1.04244089625,-4.28278374633
1.03915072742,-4.29467247363
1.04173843906,-4.29390251913
1.0415538728,-4.29284268388
1.04090183681,-4.274539177
1.04070805146,-4.2950800281
1.04091434079,-4.30192060405
1.04137938706,-4.3051477227
1.04292374333,-4.30367996623
1.04304892395,-4.30426741201
1.04019048659,-4.28830710591
1.04246808857,-4.30708631798
1.04338798674,-4.27263773478
1.04115394416,-4.29890467699
1.04100689027,-4.2624684579
1.04182815512,-4.2835234112
1.04014704126,-4.28295508193
1.04110066356,-4.25924754027
1.04367312165,-4.29442073882
1.03974891488,-4.26739579008
1.04035482608,-4.2481719645
1.04260850813,-4.27095253967
1.04161006876,-4.24970765023
1.04125207185,-4.25722720403
1.043273524,-4.25110431764
1.04112676997,-4.2591217683
1.04245209524,-4.26817859945
1.04426064879,-4.24991109895
1.04210422568,-4.22592947112
1.04087526334,-4.29430132228
1.04251429657,-4.26588540142
1.04312180652,-4.26424103417
1.04305667997,-4.29794015973
1.04261434278,-4.27933127499
1.04145904223,-4.24996593451
1.04053731236,-4.28082076578
1.04295440362,-4.28045255364
1.04158872251,-4.25494307548
1.03859212616,-4.24690178255
1.04065776704,-4.25062858884
1.04150902016,-4.27067305153
1.03981695822,-4.26398843724
1.04099061408,-4.23920707306
1.03956334402,-4.23898046029
1.03826126538,-4.24821001516
1.04068089209,-4.24129698252
1.04219126968,-4.27441267113
1.04164310495,-4.27295925248
1.02287200474,-2.48259808642
1.04729053487,-3.7923255591
1.04466521484,-4.16034132912
1.04511009273,-3.90282757285
1.04720713478,-3.82612156656
1.04611673282,-3.77066154106
1.046941196,-3.77517119628
1.04765676807,-3.81300808909
1.04593404457,-3.77290811524
1.0456168668,-3.85370368432
1.04673704892,-3.90919096859
1.04805330385,-3.9414186437
1.04772592824,-3.97837708472
1.04850403045,-3.93790165363
1.04632719501,-3.9854834839
1.04640233375,-3.96068100054
1.04876178926,-3.94706225727
1.04747041885,-3.95608459588
1.04591551193,-3.93663580996
1.04935463077,-3.92399211573
1.05012796615,-3.95344852063
1.04805612281,-3.96158437625
1.04823919875,-3.91863313306
1.04904081902,-3.94282051096
1.04715160529,-3.96583070805
1.04944195737,-3.9741281791
1.04921829461,-3.93890880659
1.04781853445,-3.93334109398
1.04812316362,-3.95105659388
1.0490257082,-3.93812083909
1.04837437073,-3.97110530613
1.04790063721,-3.92678495422
1.04858420437,-3.91074717374
1.04661221402,-3.94341891584
1.04937956114,-3.95582047346
1.05189968831,-3.92901015359
1.04975565782,-3.94295850432
1.04595370738,-3.91595346725
1.04809250752,-3.95235435967
1.04857507013,-3.94230070254
1.04951262273,-3.96075148207
1.05051414846,-3.94564312611
1.04866835611,-3.95617313326
1.04900645117,-3.92571461665
1.05115019109,-3.96322457988
1.04768939799,-3.92708971319
1.04712420502,-3.96201177669
1.04841186681,-3.9593149897
1.04990970402,-3.95425957859
1.04739629581,-3.93770882043
1.0487915743,-3.96182913327
1.04632536027,-3.92029512754
1.04566007444,-3.95824746094
1.04675882643,-3.92060256665
1.04899472645,-3.9811751506
1.04685241314,-3.95433077732
1.04849934899,-3.96533200799
1.0487460519,-3.95261530281
1.04787026129,-3.91340498454
1.05009996746,-3.9258092614
1.04808903449,-3.92080874409
1.04605004804,-3.94808555398
1.04851920084,-3.90954286277
1.051464973,-3.9512607226
1.04900376553,-3.93662116573
1.04762434792,-3.94317370216
1.04927867987,-3.92401505331
1.04825978663,-3.9276516827
1.04808628839,-3.97899327504
1.05038380931,-3.96448432797
1.05000136408,-3.96310147345
1.05059923996,-3.95536384528
1.05105155623,-3.91546314831
1.04920851329,-3.94654031916
1.04801114471,-3.92552606833
1.05113151644,-3.91699678641
1.05120249413,-3.9390212499
1.05258776423,-3.95510031734
1.05254104416,-3.95213208542
1.05007410556,-3.95905558841
1.04936297949,-3.92746104386
1.05125446555,-3.9299609107
1.0503518482,-3.90653735057
1.05041480561,-3.90841383503
1.05178291901,-3.90412101972
1.05163753737,-3.95573304032
1.04974138517,-3.91383984863
1.04967223185,-3.92027313458
1.04918897908,-3.93482545981
1.04863953788,-3.94015698418
1.05127055751,-3.95197530276
1.0514601114,-3.93896108618
1.04955483387,-3.94232408878
1.04980429363,-3.92720938371
1.04992606401,-3.9116451977
1.04939940801,-3.92248285089
1.05008344631,-3.92957223091
1.05138690523,-3.92929133752
1.05048654495,-3.93078111839
1.05140846836,-3.92680152401
1.05278494497,-3.92496881391
1.05045358937,-3.92447406485
1.04896264583,-3.92989578309
1.0493752643,-3.90291768116
1.05091295614,-3.91051830039
1.05078096359,-3.89540898167
1.05217731511,-3.91877776793
1.05001894302,-3.90610128526
1.04989662698,-3.92271589628
1.0498285556,-3.93034847865
1.04844992268,-3.9168310038
1.04795088338,-3.92048551431
1.05272097085,-3.9381639414
1.05073742262,-3.94022157428
1.05019575483,-3.94154643811
1.04995028273,-3.91396687595
1.04986893487,-3.95163624841
1.04696875827,-3.91613854998
1.05131256295,-3.95580553172
1.05130768452,-3.90650270393
1.0497844335,-3.93890290616
1.04986382127,-3.93744370172
1.04949244851,-3.89997669551
1.0497005129,-3.88472272069
1.05070034496,-3.94176196625
1.04894581123,-3.89366300156
1.04843244721,-3.91944460695
1.05054270419,-3.90329537156
1.05337690176,-3.92905624757
1.05008983827,-3.94319272846
1.05024705886,-3.96631606993
1.05031387082,-3.89117255317
1.05019739519,-3.94362155029
1.05084238864,-3.92099985535
1.0521193455,-3.96062429329
1.05097897601,-3.92429791826
1.05211997856,-3.9475564314
1.05266918291,-3.93990811688
1.05021296378,-3.91115616735
1.05062264147,-3.90226877885
1.05231161643,-3.93743928992
1.05273035692,-3.92141378073
1.05222834751,-5.15473924489
1.05357825624,-3.35820562779
1.0519265437,-3.60389589777
1.0488051782,-3.76184625939
1.05318459148,-3.87684169931
1.05307623632,-3.95434041037
1.05115798842,-4.03463804564
1.05138879501,-4.01845756767
1.05353031054,-5.96237435916
1.04963576097,-3.68667286486
1.05210476483,-3.63773260212
1.05144513959,-3.69408927653
1.05022677539,-3.81630341635
1.05402289462,-3.83623318104
1.054529167,-3.8367197168
1.05269369749,-3.84459461471
1.05169232102,-3.88597479625
1.05454630315,-3.86582124447
1.05388924944,-3.88252241976
1.05347359366,-3.9537095537
1.05516372856,-3.91778202441
1.05385496283,-3.89257367061
1.05533625635,-3.89094076801
1.05616039766,-3.87164840436
1.05337337847,-3.90026452076
1.05266261231,-3.9068762219
1.05397895306,-3.91041947213
1.05371120993,-3.8922413973
1.05475020211,-3.93301798333
1.0555386105,-3.88714934909
1.05296069808,-3.93225380834
1.05202516869,-3.88314747311
1.05354162502,-3.88696078119
1.05314223619,-3.85442899117
1.05161709003,-3.86601465185
1.05314410302,-3.91652906659
1.055132133,-3.89713124304
1.05302528059,-3.87888986796
1.05415950277,-3.91990350195
1.05280067819,-3.89161962491
1.0513235769,-3.8988910868
1.0536457334,-3.86099798505
1.05511807613,-3.89826038376
1.05222190101,-3.90021526523
1.05358929405,-3.93701711609
1.05363963875,-3.87142367142
1.05258133899,-3.90576990452
1.05239915135,-3.90216795723
1.05261650381,-3.90531083446
1.05183001938,-3.91090446296
1.05299831412,-3.9166579769
1.05451943321,-3.89298076078
1.0515137623,-3.91657418122
1.0525992292,-3.89037210969
1.05373737603,-3.87595792355
1.05163221156,-3.86536844591
1.05309167551,-3.91254787999
1.05385373888,-3.88796916828
1.05302052197,-3.90274942708
1.05398446472,-3.85690574229
1.05444279145,-3.87898296894
1.05320794282,-3.8894201326
1.05181052261,-3.88248555509
1.05388290616,-3.85209714929
1.05277132333,-3.88060308057
1.05381858121,-3.88805415302
1.0557081756,-3.9008241417
1.05259950755,-3.87965472628
1.05031607237,-3.87617669111
1.05441596848,-3.87469547996
1.05413511542,-3.86597545864
1.05135941391,-3.84577442311
1.05230994096,-3.88063442854
1.05417208201,-3.88754840751
1.05302669482,-3.86191818739
1.05323431931,-3.89185750076
1.05195283416,-3.86866667592
1.05038060737,-3.85075718596
1.05303627557,-3.87093666324
1.05440573415,-3.88717164035
1.05316336295,-3.89198386879
1.05295041592,-3.89448913781
1.05421916862,-3.89260356626
1.05198676764,-3.85907647616
1.0538907877,-3.88870807259
1.05409119061,-3.87973798908
1.05229402674,-3.91839805931
1.05374081535,-3.90131909993
1.05525838296,-3.895221382
1.05366890636,-3.86708406925
1.05216733831,-3.89319167181
1.05281850778,-3.90731159389
1.05326331733,-3.93450551287
1.05524433587,-3.88098046474
1.05663138967,-3.88253749172
1.05265137888,-3.8763335955
1.05231074235,-3.91374257943
1.05391192348,-3.86149051399
1.05483366824,-3.90413170258
1.0515965888,-3.8727409726
1.05502029207,-3.9057202011
1.05482812306,-3.88184391644
1.05593833927,-3.89458672497
1.05450974065,-3.88973189162
1.05433575012,-3.89888664142
1.05372170317,-3.91020494858
1.05677188559,-3.88746486609
1.05755877902,-3.86404720191
1.05641380787,-3.88118978526
1.05749303604,-3.90969614479
1.05696264998,-3.91732985902
1.05579340811,-3.87489221978
1.0568870375,-3.8974406748
1.05676760322,-3.91882244893
1.05517844821,-3.89260152426
1.05565813902,-3.9154886043
1.05795913576,-3.88735430368
1.05601673407,-3.87969641795
1.05526099972,-3.89029213857
1.05613984276,-3.87437877762
1.05529135938,-3.90388485766
1.05640066497,-3.86381989367
1.05807973095,-3.91599168584
1.05621711228,-3.87959028003
1.05716000141,-3.88108509324
1.05939059457,-3.88192884591
1.05628612065,-3.89753668811
1.05500628301,-3.85036072012
1.05685300143,-3.90383125075
1.05716569187,-3.89220914207
1.05783941121,-3.87350066071
1.05815242222,-3.85842627723
1.05614426627,-3.89019998589
1.05448794001,-3.8733377681
1.05548709346,-3.89695381831
1.05516329078,-3.88698891228
1.05387219352,-3.91648246909
1.05511288958,-3.89884943851
1.05539622605,-3.8837267249
1.05350008963,-3.88783159654
1.05428686241,-3.88366617452
1.05413857197,-3.87787953044
1.05378730977,-3.88058027929
1.05676634585,-3.88010319381
1.05672254383,-3.88215838635
1.05687757607,-3.89262580357
1.0561066465,-3.90307611116
1.05701058767,-3.90294432424
1.05524239361,-3.8842289073
1.05642801452,-3.8906042295
1.0579451274,-3.91902212795
1.05634186477,-3.9049777961
1.05617367148,-3.92379801163
1.05857526004,-3.89459103242
1.056047688,-3.89650038869
1.05543583603,-3.88643123353
1.05585942617,-3.88621192125
1.05551940358,-3.87517376028
1.05742241167,-3.91414544116
1.05869357325,-3.87647896322
1.05742992167,-3.86473278772
1.05527965372,-3.87514905612
1.06896924442,2.5558662993
1.05609733401,-4.37209786987
1.05571567824,-3.41229936502
1.05790845695,-3.37442326425
1.05977451601,-3.55583520043
1.05659856527,-3.69607204764
1.05748755591,-3.83917023644
1.05716136876,-3.86980405651
1.05481014496,-11.2827896083
1.05654797866,-4.33029054075
1.05613116743,-4.2212297389
1.05568053231,-4.26470145
1.05615880474,-4.13597282043
1.05453567295,-3.98964466207
1.05342148934,-3.85045190975
1.05357992183,-3.81732819457
1.05540101595,-3.83963052799
1.04994230293,-3.58303210355
1.05332538442,-3.65713825653
1.0562913265,-3.79946787366
1.05469803748,-3.83736895663
1.05384332704,-3.85599142607
1.05406448422,-3.88031015802
1.05356137477,-3.8658916724
1.0549055292,-3.8617200985
1.0573999988,-3.88891320471
1.05475324875,-3.85179117335
1.0546178041,-3.88071188313
1.05722592212,-3.85216575168
1.05400285628,-3.84844515871
1.05279108461,-3.88615659677
1.05557026911,-3.89574303772
1.0563646932,-3.92632805843
1.05427349321,-3.9061509242
1.05659955997,-3.90100861763
1.05464257758,-3.88728854658
1.05212786838,-3.92070760212
1.05428588957,-3.91207895216
1.05555866983,-3.91361460051
1.05501217749,-3.90871022328
1.05564253014,-3.9180686036
1.05646310717,-3.90463381812
1.05528597775,-3.91810602347
1.0576397386,-3.90629860481
1.05633431081,-3.90881406432
1.05436655977,-3.90205913404
1.05692682024,-3.88407218444
1.05964899537,-3.87327983286
1.05713941242,-3.89052867452
1.05507025202,-3.88801406012
1.05595520864,-3.88665349381
1.05514808954,-3.87514585554
1.05733665914,-3.9265746636
1.05764321713,-3.91325021872
1.05606195758,-3.8910522342
1.05795037383,-3.91047143557
1.05916732036,-3.90098709086
1.05712764994,-3.86858019174
1.05486515377,-3.91768367363
1.0572496179,-3.90490561904
1.05749146375,-3.89939880634
1.0576448748,-3.896016342
1.0597334662,-3.94880596984
1.05791203682,-3.94964405551
1.05552511531,-3.91879785441
1.0567263398,-3.89116300222
1.05765342828,-3.967087564
1.05607392234,-3.92641278243
1.05794283543,-3.94544158288
1.05822150293,-3.96129555463
1.05708901091,-3.93443530918
1.05655617946,-3.92340274728
1.05488924977,-3.92671391321
1.0533377662,-3.93753709977
1.0573113962,-3.97053125891
1.0566571199,-3.92534474687
1.05569410128,-3.962822802
1.05472364688,-3.9245984277
1.05427473577,-3.90295190214
1.0544648147,-3.94457374689
1.05540678955,-3.94350828514
1.05575534131,-3.94471528696
1.05532876253,-3.95631389743
1.05661788647,-3.91989639258
1.05871545471,-3.94130562225
1.05553308939,-3.94851657747
1.05624728113,-3.96029887473
1.05687355898,-3.94633718634
1.05667092715,-3.92104129156
1.05663316683,-3.97445452771
1.05807086842,-3.93272781033
1.05695523786,-3.94010928264
1.05587061205,-3.93943296741
1.05811825209,-3.96078908393
1.05608030603,-3.94659019627
1.05640754656,-3.9636273524
1.05145025645,-2.15785107444
1.07671681739,-3.56069968306
1.07397274652,-3.94030292336
1.07514414989,-3.76375368196
1.07664701342,-3.71052368297
1.07633955168,-3.70364931923
1.07412250829,-3.73186972092
1.07595979046,-3.7790629601
1.0749648654,-3.72543992133
1.07495298667,-3.72003965478
1.0759359131,-3.77564135912
1.07551284612,-3.82796233814
1.07403555031,-3.80525887379
1.0761620448,-3.79727250658
1.07630531718,-3.79157066512
1.07387593285,-3.78883607354
1.07409468467,-3.77794283027
1.07537369225,-3.7967395061
1.07474521944,-3.80739756335
1.07422592233,-3.75832884723
1.07399466352,-3.8009517971
1.07415795908,-3.80302774558
1.07353998762,-3.803235876
1.0763305159,-3.77263377573
1.0738293674,-3.79007443735
1.07428219354,-3.77512676978
1.07642546169,-3.77674730929
1.0753471598,-3.76789268497
1.07581822301,-3.80622615534
1.07840745371,-3.8128592483
1.07523041387,-3.77326790593
1.07365608119,-3.79613540472
1.0758645577,-3.80148088544
1.07547225101,-3.75639073305
1.07265847188,-3.7859324746
1.07547931043,-3.77309379557
1.07281236169,-3.79031952516
1.07380687226,-3.76343285863
1.07558188202,-3.78733946151
1.07342854258,-3.75911318764
1.07196236819,-3.77612720277
1.07554588794,-3.78041258912
1.07422278901,-3.7776350707
1.07154036321,-3.75014403976
1.07343270758,-3.78034363817
1.07442669446,-3.77872600826
1.07383133585,-3.78069011486
1.07506203275,-3.77199896124
1.07334913227,-3.78304659112
1.07258713877,-3.77184176891
1.0737859542,-3.78027449729
1.07626396741,-3.74426019114
1.07351144556,-3.79009438389
1.07467876164,-3.74078880978
1.07433076838,-3.76205032762
1.07257976507,-3.76592260209
1.07458582916,-3.77295590846
1.07604026275,-3.79179660847
1.07226856329,-3.79208133704
1.07230496197,-3.74604677619
1.0738700894,-3.77880702075
1.07445735418,-3.8312911797
1.07226483679,-3.77122912546
1.07385452495,-3.78932334808
1.07256791295,-3.80015864418
1.07438969377,-3.76097047091
1.07514493879,-3.7603014707
1.07238988374,-3.76808576637
1.07198211095,-3.75286101824
1.0760936208,-3.75414535139
1.07454098711,-3.78354098766
1.07351114885,-3.78888058863
1.07378349641,-3.75565259434
1.07386115451,-3.75802000926
1.07299330355,-3.77824102598
1.07504293861,-3.75985631993
1.07274604947,-3.74520930559
1.07290793793,-3.77190846524
1.07283564457,-3.77914191033
1.07439186428,-3.74697020603
1.07245282794,-3.74589865405
1.07309822322,-3.73732796158
1.07253730104,-3.74807256904
1.07369998945,-3.75566395046
1.07448843627,-3.78256276888
1.07426236988,-3.73541041885
1.07096645198,-3.76461358119
1.07318221989,-3.76148755497
1.07582136541,-3.76294619329
1.07453438416,-3.77245670198
1.07359238002,-3.75890565355
1.07462745341,-3.74726050443
1.07446178984,-3.77247785102
1.07660847629,-3.75692667802
1.07766477387,-3.76219886853
1.07569176029,-3.7748129591
1.07478139518,-3.79191241733
1.07911129194,-3.77797131869
1.07640835138,-3.75094011516
1.07641713164,-3.78217787212
1.07596587373,-3.73117029543
1.07733374008,-3.73125260522
1.07553521032,-3.76954764832
1.07815505528,-3.7570175486
1.07493768161,-3.76843560795
1.0747234084,-3.76844088621
1.07671015004,-3.74551484583
1.07737512275,-3.72200840098
1.07396466268,-3.74262766678
1.07580845988,-3.73260413304
1.07582565811,-3.71008095788
1.07613822228,-3.766358252
1.07681203185,-3.74428783266
1.07770809007,-3.73808837296
1.07407170099,-3.77571381164
1.0771620151,-3.74861191292
1.07648932838,-3.73556270011
1.07722808699,-3.75506894399
1.07624011725,-3.77092856624
1.07754031368,-3.73290404455
1.07552547941,-3.73988673933
1.07765803873,-3.779311089
1.07830416845,-3.75516006878
1.07677590741,-3.75465546062
1.07738241021,-3.78247152866
1.07892914854,-3.73898558607
1.0779641843,-3.77856344132
1.07515050074,-3.70175494184
1.07683172766,-3.72277383228
1.07660564678,-3.71209119552
1.07632323356,-3.73421418005
1.0787690277,-3.71606764301
1.0753423462,-3.74515085393
1.07710793641,-3.75629547174
1.07861337224,-3.75225804198
1.07937775067,-3.74259259074
1.07695457538,-3.77712162675
1.07831293496,-3.75389122076
1.07744806923,-3.73333400822
1.07741465634,-3.72407924114
1.07922035521,-3.75626704779
1.07962187283,-3.73026010062
1.07513066817,-5.84530096803
1.07768834955,-3.27870146496
1.0776881274,-3.46425434908
1.0778040573,-3.61993594242
1.07679443292,-3.70128531274
1.07837762434,-3.75921408607
1.07649778594,-3.83772571937
1.07945199185,-3.84172901877
1.08025230293,-5.04125861987
1.07375754239,-3.62217949092
1.07768339558,-3.39951073706
1.08009951857,-3.49999766334
1.07811516603,-3.60264121206
1.07705956286,-3.64240769154
1.07671932693,-3.66513026052
1.0775466862,-3.65419255335
1.07768849274,-3.69192842648
1.08081011812,-3.73060671142
1.07615141545,-3.71367509539
1.07628878599,-3.71853490076
1.07833795632,-3.72953360501
1.07955595202,-3.72450052195
1.07694067909,-3.71398968138
1.07889374746,-3.6932374277
1.07735256894,-3.71795468222
1.07758309673,-3.70299084428
1.07962589192,-3.74021267601
1.07837300126,-3.68206709635
1.07584009607,-3.73057577768
1.07778281651,-3.70238717997
1.07816463668,-3.70455854629
1.07688801875,-3.70198489326
1.07645489116,-3.70853893303
1.07668140139,-3.67292490576
1.07641869353,-3.71319911672
1.07899722366,-3.70280808335
1.07801605488,-3.72170073073
1.07531836134,-3.68374126202
1.07653314544,-3.71465637544
1.07868386417,-3.71659507089
1.07649046545,-3.68387585477
1.07724615817,-3.69802765497
1.07662687927,-3.69505249971
1.07668847715,-3.70690767553
1.07835673022,-3.7296397105
1.07880623233,-3.73059035606
1.07717335536,-3.75491999529
1.07849867978,-3.72343360769
1.07886538802,-3.73210784957
1.07893709934,-3.73191324771
1.07698707295,-3.72189588331
1.07944792543,-3.7170017262
1.07897715897,-3.74984025581
1.07843180724,-3.7504656875
1.0783335642,-3.74710394288
1.07767231591,-3.75737008736
1.07627274049,-3.75136300262
1.07938694724,-3.70544312605
1.07853598761,-3.75433644857
1.07741144668,-3.72011342982
1.07732073096,-3.73066927609
1.07872895569,-3.70749134712
1.07689808049,-3.72391851771
1.07915175357,-3.71076096493
1.07832778701,-3.72160202243
1.0770163335,-3.71747869757
1.07768771107,-3.72963788202
1.07867096145,-3.71690493271
1.07712456796,-3.71373324831
1.07778644832,-3.7245150496
1.07804430152,-3.75365206626
1.07769535374,-3.72810924084
1.07685933454,-3.74901456221
1.07926538519,-3.71469475018
1.07566774765,-3.72419233598
1.07811434628,-3.72489615882
1.07940106414,-3.74664438705
1.07935188189,-3.7043405093
1.07830435466,-3.73416474722
1.08090692453,-3.76837117997
1.07976226071,-3.73305475166
1.07954150641,-3.75147417939
1.08137930161,-3.74273349508
1.08020649827,-3.73643052322
1.07812120346,-3.72674110896
1.08082087709,-3.75005355238
1.07941263848,-3.77024826033
1.08032557009,-3.78273309683
1.08104545072,-3.7531939757
1.08020169229,-3.74642527946
1.07833168619,-3.76334096747
1.08098931526,-3.74527406517
1.07892455428,-3.71189477816
1.0772258823,-3.71549628646
1.07907856018,-3.72027336289
1.08009861109,-3.73018772954
1.07674947198,-3.72666759482
1.07866642735,-3.72704695812
1.0776318113,-3.7239669941
1.07901077641,-3.6909370045
1.07974118889,-3.74191542084
1.08002311897,-3.73774296845
1.07614034009,-3.7351197075
1.07912815094,-3.77192623028
1.08031021455,-3.77841257693
1.07910245125,-3.73312977108
1.07805541162,-3.74269712552
1.07990516312,-3.72616128306
1.07759598866,-3.72894741892
1.07948456576,-3.74411330536
1.07985749813,-3.74184311007
1.07854703908,-3.75925538906
1.07713719758,-3.77738643704
1.07919223753,-3.75130901444
1.0776527901,-3.7450715095
1.07901260814,-3.74453706351
1.07823609017,-3.71346889224
1.0776938406,-3.74529956662
1.07831459916,-3.75553130041
1.08139956375,-3.77151269528
1.07790065441,-3.69955350267
1.07739390441,-3.74395095301
1.07889132087,-3.72188764918
1.08041359635,-3.76154041927
1.07803535435,-3.75481145654
1.078915181,-3.75405559695
1.07747867687,-3.71227625036
1.07788905982,-3.7433894191
1.07869489895,-3.72388219698
1.07868517015,-3.73452200961
1.07598937616,-3.73542308554
1.07845576598,-3.71733733818
1.07942090378,-3.7125226759
1.07876408985,-3.74639972514
1.07752017741,-3.73763563637
1.07831445936,-3.69421943862
1.07759379325,-3.74206713845
1.07944882545,-3.75470357891
1.0794909705,-3.72464699313
1.07737806509,-3.73975242571
1.07808666824,-3.7456943482
1.08018928065,-3.72288568464
1.07921345562,-3.71748556006
1.07832887424,-3.71650617535
1.07857498172,-3.73224442884
1.07841113835,-3.73276404903
1.07861307928,-3.73396643967
1.08197433226,-3.73796832642
1.07796080666,-3.72159056275
1.07760834165,-3.69621749504
1.08060465812,-3.76963196042
1.0796718409,-3.73914352836
1.07781305312,-3.7316678396
1.0800489024,-3.71935804314
1.0789872579,-3.70113120359
1.0794504674,-3.75304833661
1.08042690682,-3.7299713431
1.08002163547,-3.68606696441
1.0775690502,-3.74227635731
1.08027834524,-3.70541756017
1.08039250958,-3.70565218101
1.0783321681,-3.69626414728
1.08864612623,3.04670860017
1.07867068951,-4.28469433424
1.07720600574,-3.26734320865
1.08021363874,-3.20277309793
1.07820715245,-3.40648615279
1.07632576737,-3.53195170056
1.07701151202,-3.68186231526
1.07894405401,-3.6967600874
1.0780750907,-11.8491336742
1.0789315816,-4.22916707117
1.07964585264,-4.04559473723
1.08008709154,-4.04115998607
1.0811896783,-3.9473717217
1.08353577952,-3.79373633964
1.08177738672,-3.7026638444
1.08395247255,-3.7088970106
1.08547025691,-3.70919244273
1.08571991584,-3.46118980711
1.08342691989,-3.6186328332
1.08714926472,-3.71857883415
1.08418666974,-3.6857741019
1.08642124829,-3.73133405482
1.08663711658,-3.68613209866
1.08478914367,-3.71024372287
1.08284324858,-3.71951400653
1.08615829975,-3.75351801397
1.08502898331,-3.71071130376
1.0830557741,-3.67163741909
1.08322750521,-3.71275345533
1.08397704581,-3.70536860233
1.08263586143,-3.71271158736
1.08541457035,-3.72254612302
1.08398670487,-3.75627539368
1.08454125979,-3.74273252331
1.08407585175,-3.73590705346
1.08719904403,-3.75715007689
1.08439288503,-3.72075009831
1.08627894206,-3.71422469772
1.08602128635,-3.72507763937
1.08504384376,-3.73656716197
1.08711886875,-3.77432757759
1.08821468199,-3.74360546898
1.08517895337,-3.76872297133
1.08512610167,-3.76075688732
1.08485445937,-3.70622013009
1.08629125903,-3.74662172517
1.08209010817,-3.71492689459
1.08224786338,-3.69987787658
1.08015210103,-3.71851126581
1.0825294272,-3.71870528574
1.08402023769,-3.7426619733
1.08192393691,-3.71614238987
1.07942063091,-3.71771798002
1.08285470949,-3.68866727949
1.08329313694,-3.7255437956
1.08177286372,-3.69884188153
1.0818574538,-3.71747046756
1.08090075658,-3.67661764859
1.08019095159,-3.70967263273
1.08199328146,-3.69964541718
1.08148880505,-3.73602794411
1.08007997146,-3.68110128402
1.08125879338,-3.74174400454
1.08149819335,-3.74212575597
1.08072534137,-3.70962402935
1.08149863993,-3.73526828621
1.08079645476,-3.73562887555
1.08114939139,-3.74726615705
1.08260707064,-3.71970811476
1.08332447374,-3.75105437699
1.08008910287,-3.72711368081
1.08138512895,-3.73966451657
1.08295793982,-3.75315068871
1.08427767057,-3.75706472166
1.08273357273,-3.7187077386
1.08214725411,-3.72013831314
1.08179696862,-3.73238530316
1.08305778449,-3.72567773989
1.08435689228,-3.74348724562
1.08271324331,-3.73487310132
1.0820424362,-3.74717309971
1.0845558427,-3.74149463481
1.0824383752,-3.73404095878
1.08195754182,-3.7080797009
1.08188655579,-3.73578794051
1.08332693334,-3.73189756289
1.08248422228,-3.74746486054
1.0844310939,-3.71476864468
1.08196225692,-3.74415069066
1.08143330428,-3.71463081154
1.08332763313,-3.71659387631
1.08403572639,-3.75586609229
1.08256231744,-3.75543809817
1.08284438071,-3.72484339087
1.08244021684,-3.74671744615
1.08268382462,-3.73144472802
1.04462323397,-1.79013304736
1.06940063054,-3.26686448764
1.0672960675,-3.2518901304
1.06756497086,-3.213862495
1.06831747427,-3.18904773852
1.06818416699,-3.18804793032
1.06757846498,-3.15856752651
1.06894365931,-3.20875364689
1.06749959009,-3.15883392896
1.06833724014,-3.16847641184
1.06891037585,-3.16261562087
1.06847121942,-3.20545871857
1.06835149144,-3.16682647515
1.0702200906,-3.15474655445
1.06927969839,-3.18365313094
1.06950707731,-3.19818390509
1.0693232611,-3.16255490142
1.06850896915,-3.18149279329
1.06810198142,-3.15968863151
1.07083398535,-3.1645508035
1.06840061849,-3.13292349964
1.06882562042,-3.17431330862
1.06974738494,-3.14926470188
1.06960658406,-3.19078987654
1.06849632096,-3.15024323211
1.07108788677,-3.16274166966
1.06979106037,-3.13695738374
1.06855545441,-3.16775636511
1.06929566046,-3.16257465124
1.07077795629,-3.14738916933
1.0671312956,-3.11727812285
1.06919474264,-3.16418660822
1.06903318551,-3.16163508552
1.06980510625,-3.16487727418
1.0679332989,-3.11690525396
1.06978424823,-3.13769166044
1.06784472048,-3.1714978115
1.07113265172,-3.12351054441
1.07108633934,-3.12159489742
1.06772740032,-3.16096064303
1.06829399213,-3.14576553824
1.07162180217,-3.16192572424
1.07094340406,-3.14423129191
1.07100596006,-3.17086475781
1.06979223187,-3.12568836469
1.06942972844,-3.14800624594
1.07040163807,-3.15957364585
1.07223894488,-3.14231182347
1.06926780744,-3.13528496718
1.07003159007,-3.16151731977
1.07017053988,-3.12771322767
1.07076865884,-3.15188975618
1.07083070458,-3.15497710963
1.07185513829,-3.12524390538
1.0694374873,-3.13445851604
1.07004228144,-3.16406222862
1.07205383746,-3.11397653644
1.07120025791,-3.13791471202
1.06777290178,-3.12948700196
1.06966377368,-3.15524457526
1.07066045598,-3.14084401206
1.07014679212,-3.14682226332
1.06953998156,-3.09276485499
1.06907942424,-3.10505190729
1.06770942022,-3.14375402865
1.07148514812,-3.12510156015
1.07146340129,-3.14608532924
1.06796637132,-3.10987921343
1.06855169687,-3.12218873056
1.07092441327,-3.16125026919
1.06970867128,-3.1249304585
1.06997805305,-3.10594284626
1.06992313171,-3.13458445071
1.07033984749,-3.13177351155
1.07163513528,-3.11907825788
1.07202786414,-3.0878985423
1.06957587446,-3.08203892759
1.07078270956,-3.15164284425
1.07255494922,-3.09417731599
1.07346682095,-3.1229523279
1.07153032892,-3.13787042149
1.07277199578,-3.11025983913
1.07137033491,-3.09795808632
1.07412792028,-3.1010275058
1.07550425547,-3.12935062141
1.07450230576,-3.08173980981
1.07242956744,-3.11412221884
1.07585124804,-3.12245422883
1.07449246845,-3.14325797876
1.07528006622,-3.1368108177
1.07466284144,-3.11747936405
1.07447544912,-3.09241494553
1.07372152178,-3.11836807833
1.07575525319,-3.08526341151
1.07533802248,-3.09654194864
1.07306057145,-3.09945200141
1.07356474593,-3.11495017624
1.07623391027,-3.11928475662
1.07442900372,-3.11495142274
1.0748734252,-3.11880235675
1.07307388631,-3.07387459708
1.07466149507,-3.0812045926
1.07577545793,-3.09516338106
1.07641264094,-3.0845477869
1.07365698963,-3.08837699444
1.07486915586,-3.1015152277
1.07679595604,-3.10715537626
1.07660478534,-3.10202073094
1.07610753868,-3.09159631757
1.0768717781,-3.10185948279
1.07487767101,-3.09423051752
1.07534265029,-3.07331564846
1.07619656237,-3.11642888957
1.07552807346,-3.10487466716
1.07385575843,-3.08702070994
1.07624591888,-3.08707867454
1.07331568566,-3.08847041918
1.07457856992,-3.10929133289
1.07561041019,-3.1187379084
1.07360743855,-3.10349642361
1.07398290445,-3.0986317556
1.07666995736,-3.08687219716
1.07595349038,-3.09504867329
1.07285197304,-3.07200246457
1.07345488528,-3.08715524247
1.07594707971,-3.09790031974
1.07490199411,-3.12087167868
1.07502474812,-3.07601596593
1.07328852857,-3.10463861885
1.07374814969,-3.07700780655
1.07473833747,-3.05984524976
1.07582176444,-3.10360518934
1.07394677146,-3.10932054583
1.07437092073,-3.08132272766
1.07541996083,-3.08462912754
1.07490819241,-3.09416247958
1.07507252642,-3.09775128157
1.07717155827,-3.0827071517
1.07395515071,-3.07794980366
1.07666265892,-3.09071990985
1.07759950257,-3.08505639693
1.07768395421,-3.08924098044
1.07423751353,-6.5494298222
1.07842705097,-2.72787678269
1.07623889195,-2.84733896328
1.07846664267,-3.01190275165
1.07677480416,-3.05599997464
1.07538231843,-3.13682694507
1.07661540847,-3.15055554883
1.0803205506,-3.21117921381
1.08012516577,-3.1245365879
1.07650874176,-3.23761952973
1.07685820874,-2.61550168777
1.07871831011,-2.75803846001
1.07852202178,-2.9175446233
1.07869078051,-2.98049009319
1.07692645225,-3.0269081809
1.07699120964,-3.01542351242
1.07792662086,-3.02512068072
1.07924225742,-3.13661471756
1.07577851747,-3.04154293156
1.07883165286,-3.0813358732
1.07843410136,-3.0594640086
1.07853786935,-3.06537093782
1.07874539995,-3.06537290774
1.07887456683,-3.07651853893
1.07666289198,-3.04553541052
1.07925298656,-3.0245905235
1.08003467875,-3.06313154703
1.07881651993,-3.03987094216
1.07774801402,-3.03766692518
1.07945125047,-3.04075178488
1.0798191082,-3.05936463455
1.0810608654,-3.07675582821
1.08008657977,-3.03990239305
1.07841992791,-3.02545175936
1.07902802759,-3.09141876537
1.08255382249,-3.07711548328
1.07910909694,-3.05857520456
1.07951731234,-3.05259245094
1.08074474918,-3.04444237186
1.08049103399,-3.04961438832
1.07961289869,-3.05727820212
1.0812037685,-3.04482682062
1.07996902573,-3.04413185564
1.0810246955,-3.07969259394
1.08155848295,-3.06284132918
1.08070193923,-3.03008178182
1.07886165827,-3.1069068281
1.08098729212,-3.03040866564
1.08077318562,-3.02215076168
1.08104933379,-3.08480355443
1.07977749013,-3.07031945987
1.08069055323,-3.06399963672
1.07944381021,-3.06792060798
1.0813370592,-3.06436419112
1.08080015523,-3.06266610671
1.08048368282,-3.05461888595
1.08013089252,-3.05210379766
1.08159561142,-3.05547508782
1.08049707022,-3.0741795992
1.08203269203,-3.04754678429
1.08160752124,-3.03663807039
1.08195609317,-3.08311149643
1.08210317149,-3.07974361015
1.08347357114,-3.07334843101
1.08165276174,-3.05537431859
1.08157859865,-3.05700343961
1.08260427344,-3.07262534428
1.08357940382,-3.04493009619
1.08257023677,-3.02873311072
1.08425747171,-3.07302423435
1.08307343659,-3.06201497343
1.08424518896,-3.04664984178
1.0871434991,-3.04924733084
1.08623179598,-3.05383670391
1.08452707121,-3.05109382106
1.08785190294,-3.0733442945
1.08732996598,-3.05129057384
1.08700889277,-3.05775125953
1.08653881118,-3.08110998734
1.08814636416,-3.0951449859
1.08526530469,-3.05985131307
1.08647541782,-3.090194543
1.08580777187,-3.04626299329
1.08617516972,-3.0577212983
1.08541150855,-3.04482841543
1.08746731275,-3.07021122453
1.08527412564,-3.07521021793
1.0858463279,-3.03912938336
1.08612513578,-3.01409637458
1.08432552783,-3.03045784371
1.08767915499,-3.04526234476
1.08955586021,-3.03676933634
1.0867072727,-3.06459095931
1.08745989854,-3.06095925911
1.08843139814,-3.09841632725
1.08982600773,-3.06370791079
1.08933416328,-3.05518469975
1.08986984516,-3.0159178308
1.08710088212,-3.04439169904
1.08843875896,-3.04415911614
1.0901022523,-3.07381667022
1.08971209981,-3.05027240254
1.08716911487,-3.06862187128
1.08904709425,-3.04793328992
1.08847472144,-3.07447118193
1.08704572244,-3.08831048063
1.08789030649,-3.05660281777
1.08627914282,-3.04027373381
1.08412845618,-3.03887305207
1.08774827686,-3.07641466044
1.08667963635,-3.05701879043
1.08555515097,-3.06621123274
1.08501927661,-3.05728767232
1.08661819377,-3.07035364172
1.08521938663,-3.04851648029
1.08789129843,-3.05591895053
1.08660441372,-3.06405181394
1.08550224179,-3.06675464607
1.08793849409,-3.05270457421
1.08897313576,-3.0447946844
1.0854358114,-3.0605867062
1.08573000815,-3.05775866258
1.08714716061,-3.05545946416
1.08746973818,-3.03216763695
1.08860279371,-3.07031133257
1.0883165808,-3.06616982581
1.08602936987,-3.04290563033
1.08924826147,-3.048563509
1.08981694587,-3.03629266535
1.08960100677,-3.06655177943
1.08692843341,-3.05910841005
1.0905781249,-3.0302720053
1.09011062644,-3.09668074987
1.08959335205,-3.06519387714
1.08881616348,-3.05658001831
1.08909262688,-3.03786751617
1.08841533979,-3.06939530123
1.09228021267,-3.02484484601
1.09102332617,-3.07638898128
1.08876188653,-3.06210096199
1.08872007273,-3.03235824111
1.0917934636,-3.06073055701
1.08924856784,-3.08498633272
1.09140302213,-3.06012986415
1.0899322239,-3.0581743719
1.08928766188,-3.01878194506
1.09036099725,-3.06213879809
1.09262150388,-3.05331375652
1.08958363861,-3.06293681322
1.09006345418,-3.03441145096
1.09089698572,-3.02546614623
1.09208994661,-3.0561534864
1.09090121847,-3.02017627215
1.09094292846,-3.07041119129
1.08988312759,-3.07667509765
1.09246230909,-3.03064332226
1.09376914322,-3.04095600936
1.09239227604,-3.07297655058
1.09113706665,-3.05871426468
1.09369352823,-3.03546426904
1.09282579981,-3.08625697963
1.09336486069,-3.00434116408
1.11262008879,5.57789273578
1.09298287234,-3.64966726421
1.09146572549,-2.47310492465
1.09447579346,-2.50261550116
1.09241456116,-2.67527184532
1.09306769168,-2.90339435699
1.09491021004,-3.05811856802
1.09359610616,-3.14244237197
1.09303392556,-12.3342396822
1.09557127629,-3.82142916645
1.09372067849,-3.42781189865
1.0923668999,-3.3107874797
1.09438923296,-3.23585937727
1.0956816531,-3.1328228728
1.09240856178,-3.08855867322
1.09354883462,-3.07105123696
1.09403881298,-3.04629616602
1.0961271847,-3.21921621128
1.09396584337,-3.01818196118
1.09387518815,-3.04935897167
1.09134060677,-3.01845287685
1.09559398532,-3.04012093347
1.09547180422,-3.02532794449
1.09315682123,-3.01556539452
1.0932439097,-3.03281499644
1.0969693938,-3.03875732414
1.09492402802,-3.04221723606
1.09700528074,-3.04115748135
1.09539678075,-3.04867104892
1.09546748132,-3.04070788813
1.09517778229,-3.06552959756
1.09859156705,-3.0589698919
1.09558840591,-3.07751660489
1.09693457311,-3.08428065085
1.09683209179,-3.01606984072
1.0974436936,-3.09391546257
1.09823547566,-3.05729407368
1.09845252872,-3.07525014832
1.09618857583,-3.06764040868
1.09652510013,-3.07720530555
1.09862078042,-3.08287197027
1.09868550706,-3.04220235789
1.09659495102,-3.08032299132
1.09632556465,-3.06269033967
1.09656382781,-3.05976210361
1.09808114741,-3.06187029037
1.09808340014,-3.05108827601
1.09727439032,-3.0579676231
1.09573970648,-3.07282364172
1.0987651407,-3.07357877734
1.0985357897,-3.05352996456
1.09694356693,-3.07601250751
1.09815731186,-3.06733461771
1.09953388523,-3.06182767845
1.09774058214,-3.03899490016
1.09938355057,-3.05218238786
1.09843152807,-3.06622203501
1.09830610518,-3.06593084379
1.09906098051,-3.04200032896
1.10147371477,-3.09688374964
1.09863383914,-3.04657011878
1.09943138139,-3.06517647998
1.09981333774,-3.04914151219
1.10103831042,-3.07738192897
1.10080841427,-3.08304706466
1.10234934879,-3.10285350194
1.09881950339,-3.09312159859
1.10045352808,-3.11103181023
1.10160712872,-3.09351428345
1.10127942287,-3.08259986481
1.09991267964,-3.07218990988
1.10235005233,-3.10042072134
1.10042494737,-3.07745505566
1.10092672913,-3.09873788701
1.10210294073,-3.11977496409
1.10238955872,-3.11778031068
1.1000730988,-3.06863819116
1.10412304331,-3.10527802559
1.10192681626,-3.10135933334
1.10101982425,-3.11145604571
1.10084157623,-3.10303951904
1.1035203953,-3.13207051616
1.10223194948,-3.09562149756
1.10295521046,-3.07527662642
1.10167579804,-3.09989318238
1.10184236729,-3.10634404537
1.10287160736,-3.09487578217
1.10444980304,-3.11381871478
1.10173990353,-3.11248342574
1.10325593776,-3.09904500542
1.10462512482,-3.1106579279
1.10344144627,-3.09253701787
1.10387388428,-3.10785739526
1.10463914548,-3.08157649934
1.10314038169,-3.09401112623
1.104665075,-3.10035184624
1.09213779174,-2.04655992878
1.11736452689,-3.3131909669
1.11694307245,-3.31295675072
1.1181983082,-3.24278998017
1.11714428573,-3.23804033584
1.11914852413,-3.21747006388
1.11923154742,-3.22667117355
1.11742590649,-3.24998864949
1.11693587044,-3.22675893772
1.12076348489,-3.11511976145
1.12039360142,-3.11561443055
1.11877960697,-3.13656923592
1.11825954036,-3.08249971743
1.11955137076,-3.11880128134
1.11719156822,-3.07386638202
1.11968788625,-3.09983423998
1.11816855776,-3.11973765292
1.11925877394,-3.13250033667
1.1181849063,-3.10262212499
1.11960632253,-3.08023849651
1.11698606077,-3.09961813611
1.11944254201,-3.10648069912
1.12013971188,-3.09268141627
1.1184888289,-3.09019956524
1.11984224592,-3.0934046635
1.12152693544,-3.1010585267
1.11878160166,-3.10296628389
1.12080387464,-3.08729723525
1.12119232856,-3.09793968529
1.12159431083,-3.07546078019
1.11799057157,-3.05356397935
1.12108767018,-3.09941943762
1.12012473445,-3.06217386717
1.12239412731,-3.07032015707
1.12205893001,-3.08281449695
1.1195173117,-3.07913490729
1.11938078933,-3.0750035368
1.12334007501,-3.05200110718
1.12308238933,-3.06955962838
1.12087104342,-3.06626271303
1.12196109434,-3.0684507348
1.12278686888,-3.07072402493
1.12146310996,-3.05024507925
1.12412179994,-3.06327554407
1.12199501555,-3.06110223952
1.12264175854,-3.06672677433
1.12322966904,-3.063913137
1.12465987675,-3.04916800736
1.12265200883,-3.05205236564
1.12394195415,-3.04931052251
1.12396368434,-3.0474519352
1.12372816745,-3.06210124831
1.1259686432,-3.10722002585
1.12530592566,-3.05685663413
1.12227231456,-3.06509487402
1.12495989932,-3.0357036423
1.12751635696,-3.05009032686
1.12702975708,-3.03309248031
1.12451889345,-3.03066683522
1.12673555167,-3.02464913054
1.1265022523,-3.03228534018
1.12896919953,-3.06705635722
1.12879806536,-3.06067927994
1.12766884958,-3.05702327913
1.12668581034,-3.05393260381
1.13100902922,-3.00201272748
1.12817322058,-3.02382941134
1.12732933868,-3.03092147788
1.12836105182,-3.03659596763
1.12938551055,-3.02758375727
1.12947847724,-3.0312517227
1.13093923487,-3.03647861637
1.12854075632,-3.01600252893
1.1290767425,-3.01219485167
1.13155783841,-3.00182253957
1.13284089985,-3.00711038618
1.13030834763,-3.05330295436
1.13169726696,-3.0145462189
1.13177519862,-3.01284969056
1.13239612088,-3.03802472854
1.1327298051,-3.0619836759
1.1331790322,-3.0216135687
1.13061994074,-3.0153138219
1.13392681597,-3.00763917469
1.13327781737,-3.02895046933
1.13322229453,-3.01218530951
1.13304337358,-3.00383790538
1.13575245955,-3.02634428052
1.1350605205,-3.00867485886
1.13846578523,-3.07214195388
1.13801375157,-3.0164230448
1.13773318195,-3.01297573563
1.13854842644,-3.01233827645
1.14168410022,-2.99803215754
1.14012419768,-3.01007182822
1.1392491788,-3.01377829277
1.13889513094,-3.00231319756
1.13999939301,-3.01400512671
1.13874033958,-3.01583453428
1.14023293488,-2.99947181416
1.13764624429,-2.98351621028
1.13867332072,-3.0100757059
1.14080212982,-2.98798254597
1.13956277235,-3.0128549154
1.13776031432,-2.99930881882
1.14047031206,-3.00951621843
1.13987951669,-2.99857204268
1.13820739914,-3.0137354798
1.13910704443,-3.01807459639
1.13997457167,-3.00268117091
1.13744143704,-3.02310900882
1.14083038659,-2.98673190548
1.13948289584,-3.02684821619
1.13992208753,-3.00686027534
1.13931047477,-2.98353906301
1.14048971682,-2.98619225502
1.13865451027,-3.02308801335
1.1418661113,-3.01846759069
1.14068119729,-3.01426454
1.13627937891,-3.00025133872
1.1376587357,-3.0202884402
1.13941373132,-3.00811168577
1.13671359254,-3.00265366159
1.13772443302,-3.03063379188
1.13605522166,-3.02561177142
1.1363668245,-2.97819871744
1.13620083341,-2.99899737406
1.13736949073,-2.9901461512
1.13459899809,-2.97513252333
1.13583876298,-2.96971002612
1.13754907727,-2.97900609326
1.13626347917,-3.01576448432
1.13594028574,-3.00037183022
1.13676810338,-2.96955183933
1.13760985646,-3.007330086
1.13746316407,-2.99150241122
1.13842794019,-3.00544167329
1.13653918319,-3.03984484132
1.13399238091,-2.96035055375
1.13804203531,-2.9831034266
1.13802475278,-3.00312623357
1.13771091889,-2.99485922355
1.13461118191,-8.49037855508
1.13537420602,-2.55383719427
1.13544444276,-2.67748057272
1.13910801818,-2.87467965601
1.13766775574,-3.01552994799
1.13494098741,-3.0863804747
1.13622007761,-3.12194733783
1.13767700618,-3.16402389868
1.13705788316,-1.6143452883
1.13465992493,-2.89262679276
1.13693936981,-2.44327896059
1.13779742176,-2.66111853852
1.13724663604,-2.79727368747
1.1372135578,-2.8699367663
1.13519811073,-2.92026216283
1.13689703642,-2.93423159511
1.13817605651,-2.94419148755
1.13735415087,-2.97320429076
1.13520253893,-2.95354066855
1.13838612983,-2.95712081196
1.13631627535,-2.96487798554
1.13871929954,-2.97439391696
1.13795241285,-2.92894932419
1.13650210314,-2.91616981005
1.13573677639,-2.95785610712
1.13988620093,-2.97415899767
1.1377090435,-2.96294413396
1.13674661143,-2.92479635729
1.13867766845,-2.99859468246
1.13807602067,-2.94729926076
1.13616835025,-2.95158463644
1.13920037568,-2.96772845603
1.13703104433,-2.93128333008
1.13646540698,-2.91989732423
1.13784417487,-2.93833789132
1.13921968603,-2.97705784941
1.13620266034,-2.97284406095
1.13723224553,-2.99700192081
1.13695617685,-2.97346924685
1.1375461297,-2.95827284909
1.13806872596,-2.93465118944
1.13788454638,-2.95907284723
1.13532155093,-2.96212745607
1.13825616947,-2.98532334825
1.13961392623,-2.98205854685
1.13778573975,-2.95258440897
1.13802425584,-2.97362142428
1.13926918729,-2.97163572827
1.13842782227,-2.96753686994
1.13844063752,-2.93386346551
1.13879528983,-2.93256359753
1.13781513233,-2.96124486835
1.13836798443,-2.93124659913
1.14120170201,-2.99628603622
1.13779221942,-2.95694670388
1.13962008902,-2.97099612035
1.14031429794,-2.94186275405
1.13966265079,-2.96731840614
1.13901710777,-2.93145466623
1.14213823404,-2.93648815349
1.13991594456,-2.95229571231
1.13931767719,-2.98042766032
1.13930374175,-2.93561476002
1.14120768126,-2.98207508583
1.13946517135,-2.93145020672
1.13951308813,-2.94207894992
1.13776614504,-2.9562862012
1.13896921767,-2.94594835083
1.13957042866,-2.94288105547
1.13912020017,-2.91011653718
1.1377373293,-2.9288469662
1.14049270537,-2.92507408448
1.14066277654,-2.94129818118
1.13855660915,-2.94818372184
1.13965291703,-2.95596656614
1.14168322056,-2.92811457496
1.14156539026,-2.97526450439
1.14283642812,-2.95614889349
1.1407572861,-2.94862782856
1.14245184249,-2.95433682794
1.14051818131,-2.95141327939
1.14374723334,-2.92787761868
1.14193607338,-2.95914447401
1.14248904646,-2.96594493579
1.14166130253,-2.91807400615
1.14117388312,-2.95161620583
1.14241682847,-2.96625548633
1.14422709272,-2.9336537553
1.14073270585,-2.91574384598
1.13923791779,-2.93912682032
1.14182155163,-2.94152804324
1.14323674734,-2.95684624144
1.14035719421,-2.92289985305
1.14094729787,-2.95805386323
1.1398200344,-2.94280986532
1.14016637197,-2.95447976752
1.14153166896,-2.93602786988
1.1428160397,-2.90576541787
1.13855035197,-2.93675543199
1.14242925281,-2.94263888825
1.14243179161,-2.93821890311
1.14150421507,-2.93848599457
1.14086820213,-2.94622388693
1.14146420681,-2.91905362234
1.14047890817,-2.95318423404
1.1421253074,-2.96329685509
1.14172054828,-2.92960527723
1.14049355571,-2.95732633956
1.14028667853,-2.9295392017
1.14340229579,-2.94480702668
1.14213544606,-2.96899642412
1.14224418281,-2.94067058523
1.141658147,-2.95531327902
1.14173481879,-2.950338693
1.142345338,-2.96734116285
1.14540409505,-2.94717936666
1.14080672682,-2.92108014482
1.1415243887,-2.93635340184
1.14473419051,-2.94811183976
1.14385860421,-2.93429490589
1.1424784206,-2.94731413875
1.1431191166,-2.95420465114
1.14262230679,-2.95853072797
1.14278265525,-2.93316658918
1.14455123472,-2.93708718673
1.14310041518,-2.97697136811
1.14093810588,-2.97530168731
1.14504612757,-2.9700956122
1.14435651587,-2.93479916311
1.1432636033,-2.94700756339
1.14154854713,-2.9241548562
1.14352486234,-2.93401733217
1.14382217344,-2.94408363246
1.14526357597,-2.95403855846
1.14378309253,-2.95716831896
1.14297691085,-2.91950706269
1.14501828779,-2.94332457193
1.1459848481,-2.94464757207
1.14368527938,-2.94123185854
1.14476509714,-2.97269415824
1.14342490643,-2.91319720513
1.14494125316,-2.94408301014
1.14468409986,-2.93007394273
1.14659842289,-2.93556133524
1.14310807446,-2.92961294759
1.14421948508,-2.94437751851
1.1465213997,-2.98094499988
1.14597776089,-2.93982545852
1.14473725429,-2.94704575264
1.14541800266,-2.9649014202
1.14436082087,-2.89694226788
1.14502256161,-2.92594219731
1.14760202403,-2.91336216995
1.14459131104,-2.92474711183
1.14311382402,-2.95298047541
1.14659240811,-2.92002924096
1.14482854807,-2.91494439777
1.14503858822,-2.95092340887
1.14423234551,-2.94963290806
1.14622887791,-2.94385661198
1.1438797193,-2.95012366136
1.14630309809,-2.98176847825
1.16428269348,6.1828669601
1.14445278226,-4.2815683848
1.14456502062,-2.79154857699
1.14735003543,-2.5919806169
1.14410454552,-2.62836881565
1.14505392078,-2.75735870249
1.14551868438,-2.91639870415
1.14410997596,-3.0176801811
1.14580813536,-14.8375205466
1.14790899089,-3.4304980645
1.14388797026,-3.42144594003
1.14575393885,-3.21095135479
1.14529145555,-3.06265167133
1.14659488824,-2.96335959284
1.14443553137,-2.8694881035
1.1452896887,-2.88802934013
1.1430420427,-2.85265272292
1.14572246854,-2.7464772392
1.14619691398,-2.85990683411
1.14401735543,-2.9009159963
1.14331730243,-2.88224713798
1.14644460707,-2.87492380457
1.14555088086,-2.89810819973
1.14395836993,-2.86451380541
1.14444131711,-2.90252434911
1.14548151983,-2.91103288703
1.14371113772,-2.90335610352
1.14658734243,-2.89648182849
1.14226201386,-2.89677453929
1.14223312842,-2.91609472695
1.14338248665,-2.91363171183
1.1441286598,-2.89102522339
1.14253677828,-2.89343157469
1.14253544674,-2.91913581607
1.14102667818,-2.87682596563
1.1409641724,-2.90844458668
1.14330883688,-2.92068833682
1.14261920992,-2.93439066036
1.13964255696,-2.92418925445
1.14005228705,-2.94112149282
1.14071436955,-2.8820065506
1.1408893324,-2.91523081476
1.14055195986,-2.92454152599
1.14070994875,-2.91471430889
1.14045806723,-2.93449491634
1.14157830544,-2.91497808927
1.14176469699,-2.88881438054
1.13919908677,-2.94329885963
1.13818767454,-2.90868226057
1.14198456917,-2.91314728183
1.13994263589,-2.87986553975
1.13925296104,-2.92819831753
1.13920685055,-2.88133197822
1.13898278137,-2.92438864808
1.1381765772,-2.87218581468
1.14173822661,-2.92970941904
1.13814483087,-2.91768680957
1.13666863499,-2.91519829621
1.13879962896,-2.91992140944
1.13962266892,-2.93158247861
1.13661015821,-2.95341673777
1.13865406332,-2.90317871272
1.13755289082,-2.93197679126
1.13661508832,-2.9466925793
1.13741554909,-2.91546280086
1.13710205266,-2.90176481417
1.13532890143,-2.90707708795
1.1379008505,-2.94640029666
1.13695160229,-2.91731713719
1.13603254729,-2.93854779325
1.13608138155,-2.94035420058
1.13712503882,-2.92846477585
1.1361395348,-2.94618035408
1.13849723197,-2.93825487187
1.13811548903,-2.94344076325
1.13678152762,-2.9687007808
1.13622103015,-2.9235731803
1.13952318317,-2.95620447043
1.13654757961,-2.91621874902
1.13695768878,-2.94573722662
1.13710002762,-2.95637293676
1.13666265358,-2.94826415478
1.13576887152,-2.95654749124
1.13763890125,-2.94100923863
1.1343570887,-2.93650751449
1.13625147153,-2.97358473291
1.13831591368,-2.98936651489
1.13665398136,-2.9592988175
1.13471825051,-2.9267812086
1.13798101484,-2.94974796524
1.13580581497,-2.98197141138
1.13557009013,-2.92605976347
1.13692163991,-2.98479020776
1.13682057603,-2.95370984265
1.13499924344,-2.96823015471
1.13723375263,-2.94765264531
1.09827625611,-2.15261658496
1.1255036071,-3.47920204152
1.12530211131,-3.41738874128
1.12540489302,-3.35194103375
1.12324051514,-3.31794821548
1.12712066311,-3.37067893582
1.12617467865,-3.36126177287
1.123273322,-3.37098212684
1.12398603309,-3.38785157325
1.12615562418,-3.28016129154
1.12522412535,-3.31542266041
1.1269799296,-3.31876263859
1.12532445654,-3.27914436309
1.12618529355,-3.30762603467
1.12587213501,-3.34091301465
1.12641516941,-3.33291572703
1.1241510645,-3.35417073795
1.12518997213,-3.36934301886
1.12807687494,-3.4026823639
1.1264569185,-3.3617183543
1.12572338393,-3.38341576333
1.12668511832,-3.38714912617
1.12622361533,-3.4056098744
1.12558015068,-3.41144398143
1.12847016415,-3.38744405743
1.12698777716,-3.39409930846
1.12394866966,-3.37649696785
1.12660561739,-3.37911886773
1.12677861747,-3.40561715189
1.12706372633,-3.42081385814
1.12501220087,-3.42443082053
1.12572856353,-3.42150231025
1.12486022681,-3.41066877669
1.12849630197,-3.43545883924
1.1280636457,-3.46576254572
1.12594291276,-3.41711930281
1.12652267282,-3.43469900276
1.12906428974,-3.43349313957
1.12763358395,-3.45164784161
1.12827855785,-3.42108000671
1.12810561755,-3.42746766376
1.12732089235,-3.41673041791
1.12934289885,-3.4551457661
1.13097121876,-3.43749607544
1.12732788503,-3.4602069214
1.12966067596,-3.47696664617
1.13039365738,-3.47049690911
1.13071513229,-3.43508082889
1.1291304645,-3.44785080233
1.13099424103,-3.48627582948
1.12841542846,-3.48840254099
1.12977951162,-3.47399777563
1.13177421427,-3.46676887342
1.13078705753,-3.4711895192
1.12918962912,-3.47136229577
1.13254210092,-3.46053727578
1.13152047206,-3.50212047974
1.13134528357,-3.48416206343
1.13002961441,-3.48748761069
1.12988988572,-3.48145067611
1.12950191203,-3.48307601805
1.13321094295,-3.52742825687
1.12957231933,-3.48723895435
1.12848708531,-3.46879089735
1.12856069536,-3.49062833978
1.13190626444,-3.4979420839
1.13027769945,-3.50194515547
1.12992918526,-3.45386595022
1.12927881345,-3.49781247892
1.12995830179,-3.48893093571
1.13022665882,-3.50368953176
1.13146552388,-3.53029090796
1.12736839133,-3.47187428555
1.13004952448,-3.46999746679
1.13146569585,-3.49490537409
1.1308612174,-3.47957051943
1.12974378902,-3.48983473063
1.13178669187,-3.55223093137
1.12950100797,-3.52043354563
1.13094493129,-3.52484986535
1.13103890967,-3.53486007823
1.1298400296,-3.51513542583
1.1288301519,-3.4922887458
1.13121711861,-3.49281945715
1.13024289456,-3.50538344448
1.13028331268,-3.48577555147
1.13021142602,-3.5177880298
1.12893696685,-3.50221372504
1.12867384863,-3.53579063354
1.13217429667,-3.52843838077
1.12884336091,-3.51909832195
1.12870477926,-3.49051567985
1.12792297073,-3.49377303671
1.13029448943,-3.49036213274
1.12744340953,-3.53230542759
1.12870504522,-3.51543758139
1.12746487578,-3.52554353292
1.12891142381,-3.56067908542
1.12763668495,-3.51719028937
1.12847094586,-3.54365002917
1.12565530291,-3.49567956774
1.12833732174,-3.51455401785
1.12856418552,-3.55690989591
1.12646030667,-3.50798702337
1.12630475312,-3.49608971657
1.12864898182,-3.53713822314
1.12594914546,-3.53504749697
1.12781170904,-3.53937917956
1.12800345836,-3.55978723612
1.12636425679,-3.52823141451
1.12494060082,-3.5439584024
1.12733881487,-3.52187055276
1.12554355108,-3.5079781089
1.12640607789,-3.53623980858
1.1261352583,-3.54707877566
1.12489963727,-3.53187767331
1.12478124352,-3.57668637604
1.12777473341,-3.51859854581
1.12426238744,-3.52593864509
1.12378424648,-3.55106774323
1.12482057145,-3.55247576075
1.12541976224,-3.53116859564
1.12321064565,-3.53475571934
1.12419800184,-3.52238575567
1.12229779401,-3.56950712009
1.12270406084,-3.49804194586
1.12447124486,-3.52048666994
1.12356694092,-3.56030222135
1.12083243789,-3.53521212967
1.12375798516,-3.56622326216
1.1242604601,-3.5253595393
1.123213138,-3.52982131159
1.12306757398,-3.54277058211
1.12217309513,-3.52052754704
1.1205646589,-3.56514324282
1.12305743567,-3.54598911473
1.12437176819,-3.56191776548
1.12317026931,-3.56538474024
1.12206628929,-3.59763364282
1.12316896314,-3.54225195513
1.12191430023,-3.52107025384
1.12356904541,-3.53205276741
1.12268177667,-10.592005144
1.12239562795,-3.75207072664
1.12305491367,-3.49119317263
1.12692232236,-3.47112024753
1.12123834112,-3.50847897274
1.121129469,-3.60046404782
1.12323429658,-3.62896580609
1.12362150812,-3.65371400616
1.12446243903,-1.39751118043
1.12348019607,-3.24084677113
1.12025030438,-3.01074013203
1.12076771163,-3.20469769758
1.12349458761,-3.3468948412
1.12297707742,-3.41979429349
1.11904504623,-3.49687351166
1.12222785495,-3.48440178596
1.12141550897,-3.54163001972
1.12166829395,-3.58549903627
1.12117698232,-3.5707455989
1.12116732276,-3.52168125251
1.12036595925,-3.52065883208
1.12164821075,-3.51526818511
1.12084099054,-3.53990087623
1.11989597169,-3.55972969231
1.12117433461,-3.56187522738
1.12321769537,-3.54403700487
1.12004923419,-3.52980862598
1.12147197897,-3.55542141848
1.12048008818,-3.53273194158
1.12042986268,-3.51142948609
1.12190477058,-3.54160662458
1.12385360943,-3.50880715856
1.11980741152,-3.52278302493
1.11957592893,-3.53521080901
1.12191539059,-3.5396340637
1.12242366704,-3.54326668024
1.12053892836,-3.55357867789
1.12222202574,-3.51814065573
1.11972993654,-3.52315639586
1.1208584073,-3.54840064096
1.12294828309,-3.54751883655
1.12078941845,-3.54371058426
1.11933185469,-3.54945741151
1.12408083166,-3.54373116094
1.12175341571,-3.54463968161
1.1208728471,-3.57782399653
1.12050113444,-3.55553890898
1.12142722344,-3.56159210016
1.11917993719,-3.55835387987
1.12226305418,-3.54579273223
1.12146571955,-3.58032714945
1.12007734138,-3.59482125112
1.12048123954,-3.57708435063
1.12020885277,-3.55646289607
1.11940137039,-3.56146246977
1.12148021583,-3.51298344932
1.12049086019,-3.56356280894
1.11905445539,-3.54117640825
1.12110559755,-3.58764222384
1.12356561968,-3.5573215186
1.12037468467,-3.56675966133
1.12173684617,-3.55768262443
1.12119950312,-3.54609914018
1.12140607151,-3.56266848173
1.12156318562,-3.5640301968
1.12253236099,-3.58097920171
1.12058033112,-3.55867536103
1.12278083252,-3.58073679907
1.12331689852,-3.59314072575
1.1200655074,-3.5593707425
1.11985486067,-3.55270328406
1.12303713686,-3.56275115784
1.12353097872,-3.58873444172
1.12168471311,-3.57111746218
1.12174946058,-3.57811481868
1.12163862493,-3.62301050795
1.12023168725,-3.59231871594
1.12341482188,-3.57093612375
1.12190988134,-3.59279983067
1.12070241669,-3.58686363981
1.11985227679,-3.56380816745
1.12112837512,-3.54778970928
1.12103829439,-3.60279903004
1.12302255338,-3.58741125006
1.12147712645,-3.58159242941
1.11994918189,-3.55379066797
1.12258199924,-3.58711930242
1.12351075716,-3.58836975435
1.11989462355,-3.5599899898
1.12040482002,-3.55063841858
1.12243762601,-3.57102908592
1.12230081112,-3.58418091758
1.12202522889,-3.54788211322
1.12266444649,-3.55135111514
1.12015076075,-3.5581262175
1.12382240864,-3.57810961251
1.12327550309,-3.54783197655
1.12267870115,-3.56508160325
1.12031014221,-3.5760962495
1.12372698923,-3.60115546006
1.12268180691,-3.55277177697
1.12321113307,-3.5608148646
1.12255126051,-3.56822856318
1.12179576748,-3.57439441511
1.1210468831,-3.55202427109
1.12512048419,-3.56691133689
1.12233900135,-3.57485060577
1.12173424289,-3.59669291538
1.12226525127,-3.56224729386
1.12481467912,-3.60642641462
1.1214220578,-3.56932404904
1.123295074,-3.56435072327
1.12159101766,-3.61708986043
1.12221557896,-3.59980258567
1.12462934783,-3.60711367033
1.12384205671,-3.58353123612
1.1214046957,-3.61617688798
1.12297849665,-3.61259761298
1.12336961564,-3.59806492344
1.12364126335,-3.57451890631
1.12315846058,-3.59451414087
1.12429322137,-3.61306689288
1.12106405177,-3.57956529998
1.12450389693,-3.60751053973
1.12452557489,-3.55802067642
1.12257672269,-3.60265895899
1.12180971449,-3.59328662805
1.12543745397,-3.58377176486
1.12355235287,-3.60714787571
1.12420733871,-3.57465194545
1.12364548046,-3.58230111536
1.12306640126,-3.57494903564
1.12329941116,-3.57059010955
1.12451302995,-3.5411217123
1.12183187346,-3.56388209562
1.12245067179,-3.60229887926
1.12391572172,-3.59291985316
1.12388786862,-3.58192522456
1.12194550701,-3.58784809631
1.1250328398,-3.62186035469
1.12125871209,-3.59578118902
1.12221784296,-3.55818044274
1.12210231416,-3.58286242532
1.12360472885,-3.57426918416
1.11998023185,-3.5966585889
1.12094662445,-3.60589817424
1.12008268936,-3.59600764212
1.12073119773,-3.58194117509
1.12082881892,-3.59469220571
1.1210583695,-3.57669963631
1.11900653648,-3.60241999263
1.1215568436,-3.60006403553
1.1215949765,-3.59694648341
1.11816675708,-3.59904486363
1.11878809901,-3.59975662626
1.12415920219,-3.62124318124
1.12036495501,-3.60005255599
1.12193646491,-3.59218671833
1.1199684112,-3.59981156471
1.12063370962,-3.60226434783
1.11946369855,-3.57531151365
1.12246384983,-3.58827650451
1.13723648679,5.24796360352
1.11934382678,-4.68397737175
1.12070163961,-3.38143407226
1.11946586967,-3.04529133917
1.11934763527,-3.21157142623
1.12069335134,-3.3682488147
1.117975488,-3.51889861417
1.118286758,-3.58714265173
1.12064593321,-16.5595853044
1.12001355443,-3.5163226984
1.11576808195,-3.68918690979
1.11765207162,-3.81023124126
1.11749151958,-3.69679461551
1.118328471,-3.67792362915
1.11710777191,-3.54812672105
1.11612218822,-3.55099063111
1.11575077214,-3.55918208294
1.1203496482,-3.79866263745
1.11978985478,-3.54525615405
1.11580471859,-3.570462174
1.1165217633,-3.55008224448
1.11899233326,-3.53914496836
1.11659346209,-3.56556524708
1.11850221256,-3.56637202229
1.11695379966,-3.56193664366
1.11564738842,-3.5557382809
1.11587272257,-3.54889283609
1.11864450561,-3.57181747774
1.11517689639,-3.52788305128
1.11666134642,-3.58171447965
1.11585421468,-3.54814688454
1.11514668992,-3.55201237904
1.11527798286,-3.57337121083
1.11678867401,-3.54754830013
1.11419286153,-3.56854500918
1.11568655707,-3.57790049791
1.1168265916,-3.56572189803
1.11531765481,-3.56867400524
1.11262199228,-3.56232019957
1.11632886866,-3.56602563173
1.11645436122,-3.59327302495
1.1161258439,-3.58695813164
1.11620545446,-3.6042791887
1.11464240548,-3.53622908625
1.11343491895,-3.58233644637
1.1170862514,-3.56800367855
1.1159782079,-3.58003881912
1.11428351935,-3.58256482731
1.11321937178,-3.57066629902
1.11528560036,-3.54050263241
1.11371865642,-3.57352268723
1.11551959681,-3.60599235783
1.11353800464,-3.56789091223
1.11420279415,-3.56539221674
1.11417696271,-3.5762000429
1.11739099485,-3.5743824415
1.11333463565,-3.58250307221
1.11559147092,-3.60361384422
1.11713382561,-3.58307390272
1.11685188145,-3.5817173417
1.11594219469,-3.57538885105
1.11745119783,-3.56844380777
1.11525226296,-3.57150111752
1.11671174815,-3.57251615909
1.11856194955,-3.60132491233
1.11631924499,-3.5738109038
1.11474836318,-3.57744264353
1.11747780939,-3.61592120383
1.11584835002,-3.60075209549
1.11724671277,-3.61928400867
1.11800807211,-3.58211666415
1.11622011751,-3.61009210618
1.11513353003,-3.60104701296
1.1193282619,-3.58554013977
1.11697781403,-3.59310783245
1.1148458261,-3.61939202792
1.11671398438,-3.60139188423
1.11806174852,-3.56402274616
1.11543989939,-3.59083978142
1.11664794604,-3.61439004533
1.11504287762,-3.56988081991
1.11508873465,-3.56936993522
1.11687418436,-3.61987640312
1.11801385262,-3.59790867035
1.11449286344,-3.58974604028
1.1169215818,-3.60765979174
1.11701601377,-3.59822599581
1.11538033573,-3.58242671526
1.11617711327,-3.593399268
1.11951254704,-3.61955048933
1.11434815954,-3.57413778578
1.11738191944,-3.60824485129
1.11669205826,-3.56523387774
1.11660170211,-3.57711467717
1.11568026239,-3.59830837472
1.11771365888,-3.58319556053
1.11001196997,-2.27381215274
1.13686028101,-3.60436271234
1.1374276175,-3.44142887719
1.136011286,-3.53566994733
1.13639521118,-3.54736161004
1.13944673974,-3.53779326333
1.13655341146,-3.55843101966
1.13570993856,-3.59760372957
1.13760872187,-3.60045172754
1.13928931596,-3.52112302951
1.13711192645,-3.54426899426
1.13861291006,-3.53982571516
1.13551820391,-3.53483137421
1.13624661709,-3.51464091159
1.13810792746,-3.54950755673
1.13906586003,-3.5739069762
1.13647742036,-3.58253192136
1.13699142006,-3.56458540207
1.13808988592,-3.58263834869
1.13840150208,-3.60609129308
1.14038213408,-3.61235959258
1.13964225984,-3.60527147968
1.13580754504,-3.60524581405
1.13858595688,-3.63389528978
1.1397441324,-3.59821379247
1.13891595873,-3.62181462774
1.13695616987,-3.61707740166
1.1391059914,-3.65152287398
1.1374603861,-3.63333572452
1.13993104603,-3.65697638917
1.13906145481,-3.63520838886
1.13758633255,-3.63887590533
1.13804799785,-3.62200535114
1.14255446224,-3.66286062464
1.13973687319,-3.64203504238
1.13921740376,-3.59986583907
1.14163416308,-3.62753913126
1.14282840488,-3.64852875775
1.14114020127,-3.67115893899
1.14420888295,-3.68029011978
1.14074609467,-3.66933839062
1.14153131151,-3.66286981208
1.14298857367,-3.68792443047
1.14324726491,-3.68358609115
1.13933923649,-3.67000824427
1.14205951823,-3.70536476387
1.14208024648,-3.74401171494
1.14060585539,-3.70216340919
1.14044493692,-3.69986357562
1.13947201226,-3.69680216987
1.13652934311,-3.67936527819
1.14011995188,-3.6984331343
1.13938626443,-3.68720064591
1.13713157984,-3.69110467654
1.1376818655,-3.69191629627
1.13959631553,-3.71979801854
1.13841384347,-3.71879864849
1.14101341028,-3.72618019377
1.14076181292,-3.74063372893
1.13953048694,-3.72832312396
1.14011209624,-3.70643589768
1.14140112601,-3.67092054348
1.1389136901,-3.72472531158
1.1387726463,-3.72046947972
1.13959478506,-3.7098466931
1.13913077253,-3.72125465911
1.13814480883,-3.69812130517
1.13998366301,-3.74394366455
1.13583064063,-3.70815922715
1.13762201857,-3.72425029437
1.13968393442,-3.75914510574
1.13784693906,-3.72715866547
1.13451218991,-3.7307738887
1.13888896879,-3.73407082113
1.13716247225,-3.74427502693
1.13783180652,-3.74235507783
1.13662101568,-3.72973613114
1.13650150419,-3.72792447269
1.13385904871,-3.72615614931
1.13675600947,-3.75308512716
1.13710626491,-3.78813500201
1.1353390758,-3.72749082171
1.1364251061,-3.73532071275
1.13682537285,-3.74144280022
1.13430519054,-3.74483540626
1.13786784595,-3.75727331909
1.13724229964,-3.76148709382
1.13520860003,-3.75678328985
1.13633490718,-3.7809665053
1.13934423288,-3.74626017846
1.13517011724,-3.76480075617
1.13681946815,-3.74643933846
1.13661268423,-3.75708133624
1.13818271933,-3.74390378332
1.1366981063,-3.74271597845
1.13823718798,-3.76287919953
1.1359247151,-3.75877732938
1.13753502664,-3.75291336993
1.13929321812,-3.76923940298
1.13757552322,-3.74572968777
1.13656180326,-3.72768761988
1.138789513,-3.70039630177
1.13817214182,-3.77650799506
1.13811276991,-3.74523301496
1.1393446981,-3.7622126057
1.13887629905,-3.74199977198
1.13602869834,-3.7577000728
1.13900904461,-3.73538383249
1.13844739488,-3.74243433149
1.1373540634,-3.73726204567
1.13733136083,-3.71214577415
1.13922708923,-3.75181002589
1.13792379846,-3.74686897611
1.13948239988,-3.7564506663
1.13942998901,-3.77274380598
1.1378533014,-3.74137438326
1.13974546927,-3.75687399974
1.14211653155,-3.76023787954
1.13737470463,-3.77015964158
1.137558768,-3.74704275834
1.1383355193,-3.7636827602
1.13996894478,-3.74952523588
1.14045993372,-3.75895088819
1.14081687216,-3.78155324036
1.1360967894,-3.7635947657
1.13905461865,-3.74008927219
1.14125953611,-3.78253248142
1.13964000476,-3.74567164188
1.13873981827,-3.73193850236
1.14110905679,-3.74423454478
1.13976901704,-3.77679283018
1.14001012529,-3.79020701491
1.14122288483,-3.77319092182
1.14041688359,-3.76260121793
1.13974546425,-3.77639796149
1.14321668602,-3.73165788331
1.14157444171,-3.79735642194
1.13923852493,-3.75268955368
1.14023496065,-3.74467697713
1.14144707853,-3.73505751218
1.1399165852,-3.74496350983
1.14321953368,-3.77322951101
1.13935162823,-10.13097973
1.13947581435,-3.83867845461
1.14123855443,-3.69154704676
1.14310222506,-3.68644321061
1.14032108955,-3.7639688119
1.14022523913,-3.82884425171
1.14001010568,-3.86136273943
1.14031229497,-3.86035394959
1.14979129652,0.959180203973
1.14238958664,-3.58581680913
1.13956403586,-3.28151498247
1.14220873503,-3.40484927642
1.1425331238,-3.49238228262
1.14190918927,-3.61630397741
1.14046349813,-3.62378950182
1.14411934033,-3.68656213905
1.14252296416,-3.72046952241
1.14217686964,-3.76091686205
1.1433611055,-3.78456385191
1.14163323609,-3.75397647308
1.14117616662,-3.74459483457
1.14480362872,-3.73209738493
1.14189519011,-3.7318672284
1.1418571968,-3.73083631613
1.14249747272,-3.76292417541
1.14345218014,-3.75284690295
1.14178827015,-3.76410976145
1.1448073245,-3.75923788675
1.14250262297,-3.75809297446
1.14102662016,-3.74675057905
1.14241467403,-3.78127543036
1.14414485327,-3.73747673037
1.14014316407,-3.78039227567
1.14164622257,-3.72213267832
1.1417716769,-3.76694524064
1.14117407928,-3.75555773097
1.14047857061,-3.73008011081
1.14181032501,-3.76168424164
1.13842248697,-3.72998140346
1.14228854317,-3.74836945814
1.14243842558,-3.79525502382
1.1396387342,-3.74261135384
1.1396658517,-3.77961306388
1.14338294964,-3.78764217099
1.14003150442,-3.80571793445
1.14271026194,-3.76836461846
1.14251485757,-3.7547781891
1.14118166295,-3.77598101029
1.1403815167,-3.78073251952
1.14419336615,-3.76757302444
1.14189177562,-3.76908409113
1.14189033248,-3.7494582883
1.1435681279,-3.78627798885
1.14200410954,-3.77934172097
1.14151336155,-3.77991308435
1.14493005015,-3.77916121652
1.1419982533,-3.76940925088
1.14178809842,-3.76353353675
1.14390871822,-3.79327273566
1.1438559965,-3.7832475778
1.13978839828,-3.75122368667
1.14224121122,-3.75529244492
1.14248396871,-3.79218006378
1.14314141563,-3.77736826652
1.14278384096,-3.76271550807
1.14134119731,-3.7542483339
1.13958706783,-3.74976266324
1.14377773234,-3.79352485164
1.14520496003,-3.7888535024
1.14290833155,-3.75382446102
1.14177667129,-3.77506292445
1.14229312079,-3.76378879955
1.14128006818,-3.77130692105
1.14344975317,-3.76495875013
1.14302757014,-3.80872600714
1.14145568956,-3.76567602366
1.14207487416,-3.80039936724
1.14463506736,-3.78604420954
1.1426921719,-3.79298835737
1.14287019419,-3.7578524495
1.14298296562,-3.78130647735
1.14350347942,-3.80645365604
1.1425111692,-3.79300825258
1.14568370042,-3.80024504041
1.14106403218,-3.77228517427
1.14171553798,-3.7749890795
1.14400414242,-3.78588540836
1.14374079671,-3.80881461582
1.14150666277,-3.75967375123
1.14331108549,-3.77008763992
1.14201048531,-3.7991824306
1.1438895732,-3.77899248186
1.14351565773,-3.77725725708
1.14245318924,-3.79421551255
1.13978440519,-3.79410440899
1.1434996589,-3.78035319837
1.14372630403,-3.79094716561
1.14180693608,-3.76433440561
1.14196718518,-3.7770325734
1.14257545695,-3.7845379897
1.1431072037,-3.8249899583
1.14301591061,-3.7553176361
1.14217671885,-3.76833635951
1.14086281076,-3.76656258698
1.14292076044,-3.77847842676
1.14611928245,-3.7971161308
1.14159654085,-3.80037264616
1.14250548767,-3.77086436634
1.14307447935,-3.78049142219
1.14442506974,-3.80262681031
1.14364582616,-3.75374638454
1.14622019598,-3.79848009212
1.14281923841,-3.77657209005
1.14382537226,-3.79275753136
1.14603638643,-3.7731808715
1.14596554996,-3.8066539626
1.14263446045,-3.75884515143
1.14614560095,-3.75842417378
1.14476217419,-3.80029970342
1.14561674551,-3.77026077396
1.14773183343,-3.81799852813
1.14542811431,-3.77393660212
1.14364215748,-3.78526968571
1.14875998408,-3.82414583589
1.14678727755,-3.81785431912
1.14533389573,-3.78424078446
1.14508692158,-3.7417174573
1.14736927661,-3.79655619244
1.14569883107,-3.80589981594
1.14648102708,-3.77664069028
1.14537172286,-3.77852217606
1.14435907745,-3.80782694324
1.14601920416,-3.78721439429
1.1479545519,-3.78907384386
1.14449240282,-3.7626439532
1.14755016571,-3.77333660491
1.14709910268,-3.81617639228
1.14597039572,-3.79165326153
1.14663088557,-3.81998695263
1.15034647593,-3.79121259443
1.14651329959,-3.81280400259
1.14857432325,-3.78222333891
1.14858625118,-3.80529618674
1.14896242453,-3.82128537236
1.14709277934,-3.80923488688
1.14843639405,-3.78983150218
1.1483029252,-3.80665577506
1.14917118316,-3.83457873654
1.14960289679,-3.80534581354
1.14784151864,-3.80057798613
1.14768129608,-3.79761352801
1.15104392198,-3.79374229266
1.1503044919,-3.81802493782
1.14856328219,-3.83201363826
1.14951971035,-3.79398958439
1.14986189388,-3.82354942187
1.14858612517,-3.81537758818
1.15108649443,-3.79718014618
1.14918793604,-3.80609516302
1.14836121737,-3.81223441028
1.14944347564,-3.79900862567
1.15155601885,-3.80532197619
1.1684289484,5.70532281051
1.15103189376,-5.19427680509
1.15063975785,-3.76941910731
1.15102980737,-3.37078831157
1.15175148877,-3.45849235012
1.15335211152,-3.59323107972
1.14883088831,-3.74615340714
1.15256886519,-3.81588153717
1.15305211678,-15.9620468973
1.15399675338,-3.87636989354
1.1517975235,-3.96840185042
1.15335340739,-4.01433367359
1.15354176396,-3.95267240014
1.15604921975,-3.87032725103
1.15659084596,-3.79791196176
1.15345520945,-3.7517722043
1.15293213897,-3.80515398406
1.1601420629,-4.15776930645
1.15664168622,-3.74366544022
1.15643727043,-3.78291842496
1.15647102387,-3.79286066917
1.1577342972,-3.7840230418
1.15637365864,-3.7893807212
1.16050871496,-3.82133739046
1.15747885272,-3.79552863581
1.1576311276,-3.75723402455
1.16012978447,-3.77610951722
1.1613852261,-3.77965594567
1.15721564603,-3.76210739238
1.15958159684,-3.80400828347
1.15952671957,-3.81528471329
1.16071807352,-3.78733515675
1.16171297706,-3.79841448865
1.16227158793,-3.7925025884
1.1596068161,-3.80539742955
1.16255292369,-3.79413989708
1.1640962922,-3.80154891074
1.16446305217,-3.81029621569
1.16345694867,-3.77169069119
1.16555780319,-3.80585774942
1.16395221288,-3.8354284322
1.16710701617,-3.82746132001
1.16835199585,-3.79645260157
1.1665714677,-3.78123245131
1.16737270966,-3.80515303174
1.16947586751,-3.802064799
1.16889960149,-3.79478582055
1.16796781113,-3.79482780118
1.16937126562,-3.77678700086
1.17143216621,-3.84550409966
1.17019323628,-3.823986131
1.17226268879,-3.79937271782
1.16967127364,-3.80637171142
1.17163945185,-3.78003289824
1.17526546891,-3.84699375988
1.17532620917,-3.81359903645
1.17207778569,-3.81114618527
1.17619050338,-3.79933326204
1.17569445535,-3.80002362817
1.17634679724,-3.81201500481
1.17693456281,-3.80005608839
1.17946461072,-3.83819774567
1.17641627952,-3.832348511
1.1790177642,-3.83942666253
1.17971747381,-3.82565541235
1.18020682483,-3.83586479017
1.17972269612,-3.84641645997
1.18486946055,-3.8262821064
1.17990037643,-3.81814178131
1.18401680652,-3.86994469437
1.18418873963,-3.88173817251
1.18256046258,-3.84534812376
1.18428784652,-3.84297329879
1.18905793903,-3.88073812201
1.1863711576,-3.85415323563
1.18747475117,-3.86367748655
1.18847455829,-3.84156329455
1.19027317486,-3.8828354362
1.18995210856,-3.85994844902
1.1938382535,-3.85293791998
1.1915462591,-3.85141015573
1.19223907814,-3.88411625462
1.1948205376,-3.86007720611
1.19495483071,-3.84705580001
1.1936679605,-3.82223514838
1.19890865296,-3.88199283268
1.19700879911,-3.87512722685
1.19796219364,-3.89566756722
1.19984097748,-3.86584212148
1.19984192333,-3.86481765456
1.19746851135,-3.83053397985
1.20170734372,-3.8641440533
1.20191848006,-3.88243050586
1.20105235208,-3.85571279853
1.20279868009,-3.84840892223
1.20340676044,-3.86471826819
