1.14833589459,-1.66394784453
1.13772504507,-1.6692821627
1.14407996289,-1.66769772872
1.14637553313,-1.81187648461
1.14534251833,-1.68243746619
1.14380912199,-1.65342311042
1.14642984494,-1.47563453886
1.14513747421,-1.63904266602
1.1478396718,-1.52933159937
1.14444558901,-1.07761775552
1.14494938003,-1.08578799872
1.14624532365,-1.08215123749
1.14741992444,-1.01154592391
1.14380633998,-1.03509226381
1.14514727357,-1.04288408787
1.14366129591,-1.00550068658
1.14159929995,-1.01190501752
1.14306849277,-1.00828423677
1.14381531093,-0.997415677113
1.14096895731,-0.988363409534
1.1424121892,-1.01576302957
1.14364311423,-0.998943619252
1.14203401036,-1.02193129351
1.14137182551,-0.983308194306
1.14305179788,-0.997863349548
1.14114209658,-0.988769379622
1.14328001567,-0.943991191916
1.14457603821,-0.960811498949
1.14263922755,-0.957302486076
1.14091471092,-0.97395810091
1.14428326408,-0.939617242326
1.14347976898,-0.935182479663
1.14103534538,-0.938387540437
1.13993538667,-0.904266221674
1.13844836428,-0.900138008254
1.13680282752,-0.910551077505
1.13719750951,-0.915710955569
1.13505061887,-0.911172616079
1.13241881094,-0.869254041525
1.13633790003,-0.91967153899
1.13664364604,-0.88667614003
1.13433181076,-0.892686780789
1.13449884518,-0.882446690553
1.13212536844,-0.893762481534
1.13360403525,-0.861230146866
1.13351704204,-0.851129458583
1.13353742668,-0.840223089137
1.13286897292,-0.86078118855
1.13507993393,-0.884883425241
1.13584361535,-0.833355093512
1.13390897105,-0.845503252905
1.13298486585,-0.856893434295
1.13524745896,-0.841846473344
1.13498832397,-0.863158715411
1.13775191223,-0.826544358236
1.13886287681,-0.84731437545
1.13680633502,-0.835126642393
1.13570384162,-0.819825585547
1.14097661736,-0.840138784163
1.1373670047,-0.813763558301
1.13753954026,-0.849265816919
1.13890372812,-0.82780582658
1.13928362444,-0.814997797374
1.13701653014,-0.816740449713
1.14061635877,-0.810295763261
1.13484473845,-0.780119892429
1.13304058074,-0.817868188733
1.13761256128,-0.782042595102
1.14060824969,-0.819464414773
1.13733395918,-0.814085339077
1.13861463746,-0.788604102202
1.140702271,-0.824980401738
1.14020677365,-0.816933678587
1.14215228206,-0.826974132373
1.14303153947,-0.801774009832
1.14324462269,-0.828888057757
1.14706135882,-0.832954476672
1.14451737382,-0.800759388531
1.14334641458,-0.780362854825
1.14289532866,-0.800008684018
1.14475591742,-0.785134178387
1.14118652041,-0.81893829505
1.14335341004,-0.824949286344
1.14402123447,-0.799564763362
1.14048436777,-0.789622409112
1.14034332952,-0.792182941901
1.14209170349,-0.775726267681
1.13935262062,-0.785994998932
1.14007671309,-0.789042572565
1.13957688919,-0.769939545425
1.1387816372,-0.77322530926
1.13868028051,-0.762143592271
1.14130073734,-0.758827453222
1.13836231359,-0.786254824048
1.13781248347,-0.746058283911
1.14033603019,-0.75741180379
1.14322796894,-0.767318222943
1.13955210825,-0.747210688552
1.14033421129,-0.75573022306
1.13838987345,-0.764769054524
1.13596013847,-0.757701930541
1.13605018288,-0.747156340458
1.13490983522,-0.736157534468
1.13312576303,-0.734851693966
1.13649943976,-0.767026716286
1.13613780931,-0.780989788715
1.13388906618,-0.758094320779
1.13455818757,-0.787785660604
1.13433342898,-0.762778308053
1.13269556156,-0.751369569536
1.13787407199,-0.759472682821
1.13716145236,-0.750174044753
1.13329723642,-0.737172251125
1.13328013587,-0.741038016032
1.13628649996,-0.732674167824
1.13367355944,-0.733666453728
1.13417854051,-0.742724117057
1.13294480244,-0.745164490087
1.13361842747,-0.747698335081
1.13593114113,-0.74853938672
1.13642098172,-0.762257184639
1.13305367809,-0.72835383707
1.13328624196,-0.716667791911
1.13558479334,-0.753850963043
1.1367042494,-0.737104092593
1.13330236071,-0.741113112338
1.13532668248,-0.745579319701
1.13480526884,-0.736007204949
1.13420585435,-0.739136228445
1.13276296732,-0.730878170235
1.13196386016,-0.718919845557
1.12739908849,-0.705301977793
1.13119848119,-0.742652613513
1.1321259489,-0.720673071069
1.13128821207,-0.745886839698
1.12961451888,-0.713145655964
1.13013495461,-0.707549111234
1.12765000768,-0.715233799499
1.13098712808,-0.718782191818
1.12949159287,-0.725679576128
1.12949049593,-0.715132443953
1.12943300688,-0.689434834032
1.12970589181,-41.0039355564
1.12999134265,-2.98420548949
1.1281036776,-1.3962320155
1.12794575039,-1.040493544
1.12741261685,-0.897169412963
1.12698222325,-0.843673215147
1.12910900868,-0.823237957932
1.12357235527,-0.782895204136
1.23852482754,19.7216425997
1.12592616011,0.87146539596
1.12577446475,0.133714864782
1.12169258209,-0.203571837454
1.1238190956,-0.412976856409
1.12351746576,-0.497421563218
1.12398438471,-0.569337381112
1.12452376225,-0.573797093341
1.12576850243,-0.625740070099
1.12460235117,-0.369149166462
1.13014158924,-0.527967026368
1.13246101798,-0.66317024899
1.13337853619,-0.646793567598
1.13713028204,-0.672324178675
1.13699033694,-0.673293209613
1.13226058157,-0.638790082397
1.13236701894,-0.66606898657
1.13099780387,-0.650115861137
1.13075932797,-0.708145632847
1.12921783672,-0.640520362261
1.12898758711,-0.659086342907
1.12490962933,-0.663102852036
1.12584832245,-0.663815907554
1.12308092815,-0.66703224149
1.12330048251,-0.653629877639
1.12497230953,-0.658538762966
1.12809755225,-0.668300685796
1.12411614069,-0.653330409213
1.12394764646,-0.638831096085
1.12732410616,-0.635110123121
1.12608184404,-0.664382102823
1.12664154876,-0.659088471423
1.12977576372,-0.661223465343
1.12831062765,-0.648501562834
1.12909076657,-0.659359377279
1.13004492051,-0.638679363607
1.13023207089,-0.679039204496
1.12866511326,-0.65860520582
1.13059141676,-0.656374891654
1.12536632366,-0.666775860761
1.12294965488,-0.638260675264
1.122164385,-0.661193026068
1.1200146323,-0.647251270424
1.11527440174,-0.645710716683
1.11667844431,-0.616898160453
1.11305951509,-0.593936110158
1.11194143354,-0.620131677326
1.11504868875,-0.641900769667
1.11636638245,-0.605846922616
1.11458132006,-0.644145525159
1.11346195507,-0.628970518569
1.11140780838,-0.645496753796
1.11228477186,-0.623552698324
1.11376733546,-0.638097293308
1.1146785136,-0.62891181129
1.11208832834,-0.629136224352
1.11379944235,-0.62633335475
1.11405044238,-0.617870502203
1.11391305811,-0.63598804346
1.11310383666,-0.642640438621
1.11446435106,-0.634429610327
1.11239173283,-0.650370916965
1.11522292062,-0.642707401811
1.11592445926,-0.626229704992
1.11394031597,-0.635139843028
1.11310456157,-0.676432975665
1.11477639039,-0.63425331557
1.11516159205,-0.633636902055
1.11501115125,-0.655170339597
1.11632235395,-0.614814787917
1.11554029015,-0.632047975452
1.11435912465,-0.618975849765
1.11674766729,-0.622055213047
1.11392236951,-0.635538147804
1.11213187032,-0.642260077336
1.11361157451,-0.635713259868
1.11581387791,-0.627524172937
1.11307940507,-0.628742283943
1.11432205508,-0.64566929106
1.11262299917,-0.655630277972
1.11308719284,-0.6406483879
1.11347158321,-0.621226227403
1.11241795366,-0.621218467893
1.10956432671,-0.627527541324
1.11454325762,-0.619328992476
1.11354072215,-0.639437977538
1.11331818985,-0.627885092368
1.11155387612,-0.63052649668
1.11156587529,-0.621023746452
1.11087290667,-0.633050835025
1.11338531915,-0.643794305242
1.11302021873,-0.633594966116
1.11147421839,-0.627848720487
1.11118969001,-0.644203507697
1.11395983753,-0.647994317153
1.11158548868,-0.638647521261
1.1120072446,-0.65228633494
1.1126186979,-0.625774304327
1.11237134357,-0.640488137329
1.11094685264,-0.64010531901
1.11330423739,-0.635453210989
1.1099544665,-0.651989417301
1.11000812498,-0.638986782386
1.11296271609,-0.648088086598
1.11088548734,-0.633749835837
1.10964370577,-0.64492802644
1.11144317384,-0.652572757125
1.11012254236,-0.623972446109
1.11026261797,-0.627977210598
1.1109438948,-0.614373090174
1.109975884,-0.628072544928
1.10488760009,-0.622471877838
1.10953121132,-0.642023707922
1.11102767383,-0.636006157258
1.10995143419,-0.637902939991
1.1068340804,-0.631881874995
1.10839748226,-0.624577281247
1.10549177156,-0.645022596135
1.10814615662,-0.656523215147
1.10569556521,-0.641367388138
1.10719557616,-0.649915745027
1.10631080004,-0.621230398025
1.11016491562,-0.631193430963
1.10494033951,-0.634563051282
1.10554376678,-0.629097838658
1.10590854577,-0.622189317323
1.10688139178,-0.663340013381
1.10642586166,-0.646626660559
1.10728984621,-0.633302869673
1.10348035465,-0.62508265208
1.10442018923,-0.635436741078
1.10416407333,-0.617587179386
1.1032203736,-0.61686841732
1.1037811482,-0.618503011865
1.10463573215,-0.622015175537
1.10370986576,-0.624049159417
1.10425569918,-0.6470555182
1.10418780814,-0.619590681799
1.10365373129,-0.635557165065
1.10057669025,-0.650665034528
1.10473886741,-0.640750240275
1.10532748653,-0.627147601855
1.10439802952,-0.650299630685
1.10408154943,-0.655943888316
1.1024795487,-0.650978189058
1.10214118559,-0.655681694608
1.10349103081,-0.639381109126
1.10152865936,-0.64034704661
1.09971439209,-0.637803266896
1.10347600466,-0.64914926231
1.10330055741,-0.638146734854
1.09979602602,-0.649621383265
1.09918406414,-0.658295036503
1.10022725127,-0.63860693189
1.22872443192,21.8449624036
1.10202962522,-5.60068989117
1.10474079413,-1.69520211572
1.09814649114,-0.904799119461
1.09690905209,-0.715590279397
1.09991672925,-0.708519477109
1.10081606931,-0.675610972367
1.09994201387,-0.740655935512
1.1040903337,-33.4794220063
1.10609841247,2.26923154662
1.10203983608,0.326380584134
1.10714067313,-0.362708633277
1.10327453737,-0.479819815114
1.10138404946,-0.544811787946
1.10450273002,-0.537005441973
1.10230477884,-0.532655016548
1.10255092312,-0.601898397649
1.1019020668,-0.48070001866
1.09816060544,-0.402351577828
1.09662148509,-0.474210841864
1.09966584204,-0.601159675671
1.09510562324,-0.604592712099
1.09535516882,-0.626369694034
1.0984422712,-0.635282863457
1.10085101548,-0.629666007643
1.09788020032,-0.616599341618
1.09807688595,-0.623898480837
1.09561164631,-0.570003358618
1.09694004795,-0.609631661644
1.09936274859,-0.636855141746
1.10056144927,-0.602839536656
1.0982803192,-0.625436987153
1.09933973283,-0.634404774939
1.0998565793,-0.635630672048
1.09913620549,-0.617952876511
1.0967278115,-0.647615718221
1.09798426608,-0.60899187453
1.09652381668,-0.626532929555
1.09791271589,-0.628138949041
1.09498503694,-0.623866741025
1.09358078972,-0.644592442263
1.09025856254,-0.620445553984
1.09215064884,-0.619876650276
1.09096231911,-0.635284945647
1.09170505181,-0.641889815488
1.0919893888,-0.644333021698
1.09042519126,-0.608940110635
1.08974382752,-0.624308268945
1.0913610363,-0.623621603568
1.08769615077,-0.636855353138
1.08862032632,-0.622947870709
1.09053516282,-0.636322132471
1.09049428359,-0.615481946165
1.08878152068,-0.648017083577
1.08821596954,-0.62268763294
1.0872290444,-0.599519320849
1.08754718237,-0.630783190327
1.08598021481,-0.621594717517
1.08635896767,-0.637180142803
1.0842258808,-0.632318954864
1.08686102735,-0.647194344099
1.08613586666,-0.645860227416
1.08518735159,-0.648855463204
1.08517517747,-0.636311886784
1.0861436833,-0.631131621535
1.08337681512,-0.639933724025
1.08537729269,-0.622495544167
1.08666648147,-0.644861870755
1.08497283893,-0.667104493495
1.08383687628,-0.656945699868
1.08418696645,-0.656068415444
1.08437609521,-0.639042179618
1.0845154144,-0.637161860885
1.08506677659,-0.64680951462
1.08495093085,-0.618003487147
1.08524198647,-0.612225159277
1.08607104196,-0.612441567785
1.08333250984,-0.642102862997
1.08252086531,-0.640178900527
1.08572652495,-0.649004801446
1.08611467036,-0.645691157885
1.08384966042,-0.648202253792
1.08623605959,-0.641701189259
1.0851610132,-0.642280904172
1.08347530321,-0.632484375191
1.0844338661,-0.65757211872
1.08428134383,-0.673992072994
1.08153381973,-0.664302155456
1.08569869812,-0.648549085978
1.08649184208,-0.676611236846
1.08568721589,-0.651081352615
1.08569983947,-0.653153256722
1.08527719856,-0.65497582901
1.0828171864,-0.659648206736
1.08531734072,-0.628193525286
1.08676884819,-0.648553602736
1.10620051162,-1.61708851858
1.09520332142,-1.75542016298
1.09813550465,-1.88748085299
1.09558293816,-1.96229507918
1.09691453029,-1.87795691484
1.09633994864,-1.8624165431
1.09681454163,-1.69615252799
1.09726797866,-1.82311668639
1.10086488595,-1.74979184142
1.09894951621,-1.56596612091
1.1004707072,-1.56766628105
1.10362318745,-1.6003563896
1.10731629316,-1.54082331625
1.10774874489,-1.54886186253
1.11061866305,-1.53518694398
1.10765397332,-1.53980912717
1.10748513332,-1.54889649895
1.10899666528,-1.51353556996
1.10702160527,-1.53338987106
1.10326651089,-1.53663841609
1.10682487634,-1.55358486082
1.1052496021,-1.54321129364
1.10385781137,-1.51028149028
1.10355582357,-1.54818888033
1.10380531143,-1.50571475867
1.10066408498,-1.49353085008
1.1035693657,-1.50610305082
1.10318191815,-1.49356153456
1.10227642836,-1.50497744928
1.10222076,-1.48219794077
1.10538456238,-1.48043001718
1.10564685545,-1.48364704552
1.10472675125,-1.45793069267
1.106734715,-1.48538242558
1.10490054401,-1.44898041791
1.10632809237,-1.49421257788
1.10879919926,-1.47308125316
1.10632249308,-1.47690929289
1.10682267652,-1.45680246541
1.10527749961,-1.47019154999
1.10356802011,-1.4669738527
1.10098042388,-1.46441154205
1.10191072274,-1.45163584082
1.09923657189,-1.45759178423
1.09883805748,-1.43093509001
1.10096261052,-1.44380820229
1.09773789348,-1.42566111677
1.09652457041,-1.42677947985
1.10287897737,-1.44691586431
1.10167513719,-1.40921621298
1.10203766872,-1.43195885866
1.10275489568,-1.42103501468
1.10434457429,-1.44867756962
1.10086202506,-1.43412453272
1.10293629558,-1.41664062629
1.10216710694,-1.4281411752
1.0997376372,-1.41332599847
1.10125319611,-1.41171972907
1.10405509376,-1.4288294309
1.10181414707,-1.40132586105
1.10342544139,-1.43509064769
1.10138614601,-1.40408347414
1.10068378838,-1.41174740252
1.1010363287,-1.41255722639
1.10447930321,-1.40284981846
1.10164565419,-1.40647963928
1.10342220696,-1.3963345687
1.10341732235,-1.40243586865
1.10366882161,-1.42924305928
1.10131690101,-1.40650087571
1.10192259727,-1.39018554678
1.10155520767,-1.3906598106
1.10508859821,-1.39856023828
1.10542921137,-1.40931232839
1.10220204583,-1.39071968129
1.10150146842,-1.40009588888
1.10489239513,-1.40338239684
1.10098040488,-1.39198261663
1.10245455658,-1.37506952626
1.1047694792,-1.39315822841
1.10429513245,-1.38725424228
1.10083882237,-1.37041787738
1.10449416968,-1.39463981027
1.10305570322,-1.38757713431
1.10153706604,-1.36635971835
1.10141505322,-1.38448875364
1.10495609329,-1.3908099817
1.10416479648,-1.37826608565
1.10557482387,-1.38919570951
1.10377213164,-1.37098984322
1.10490068184,-1.3798839316
1.10921339958,-1.38891610419
1.11129978555,-1.38644064678
1.11036525855,-1.38756138268
1.11253324286,-1.36577573869
1.11456542807,-1.38036356628
1.11365366439,-1.37904740223
1.11067947167,-1.36816111215
1.11163144378,-1.36613264515
1.10923454682,-1.34733738194
1.11322021212,-1.3699792543
1.11272302798,-1.37598654346
1.11022221969,-1.35444211755
1.10876533413,-1.38492244949
1.10889142984,-1.38484514104
1.10922205746,-1.37287864097
1.11188856858,-1.35406211345
1.11135574367,-1.37418868419
1.11092844307,-1.35782654333
1.10950617642,-1.3496361028
1.11203471035,-1.36281974346
1.11115408596,-1.36334870256
1.10890205207,-1.35697741761
1.11270966849,-1.35463440195
1.11407628397,-1.354127124
1.11319428333,-1.3662466675
1.11580592849,-1.39235607748
1.11260622082,-1.36446688374
1.11170344605,-1.33530953623
1.11087995901,-1.34796611233
1.11186105307,-1.36849005354
1.10659826817,-1.35050226491
1.10772729815,-1.35669687978
1.10527303806,-1.3482296977
1.10340681459,-1.33739909538
1.10183600144,-1.33998674764
1.1000861391,-1.34935762926
1.09974297308,-1.32609422956
1.10264022969,-1.34050683223
1.10446121372,-1.3425093917
1.10356467262,-1.34654521822
1.10137391824,-1.32423942301
1.10315964533,-1.33703961056
1.10150375079,-1.33179053528
1.10141317072,-1.33806745
1.10249204611,-1.34675569905
1.1007443275,-1.31877151884
1.10165606193,-1.35570769747
1.10235345663,-1.29984257646
1.098072978,-1.31944829407
1.09882559029,-1.30394362939
1.10060063493,-1.33132782868
1.10031308566,-6.68507750156
1.09933020274,-1.26456246618
1.10319960459,-1.12463685419
1.10081693288,-1.17173754261
1.09977409167,-1.22109702585
1.10090224377,-1.32198384889
1.10273320054,-1.36030753118
1.09860488602,-1.38461325768
1.10411689569,0.709743643613
1.10286998892,-1.65444525962
1.1021248069,-0.982757864888
1.09978113013,-0.995717573892
1.09981343591,-1.08611183393
1.09859765972,-1.16362585088
1.10130010706,-1.23563476208
1.10018745876,-1.26165463913
1.09974211288,-1.26365089224
1.09893854995,-1.04046807967
1.10194286353,-1.22587046699
1.0990073491,-1.27701654747
1.10077609656,-1.26995768869
1.10066328847,-1.28173055115
1.0988044347,-1.29857541818
1.09920820218,-1.27033985988
1.10045587281,-1.26618934992
1.09728335023,-1.26515213398
1.09683073622,-1.28287774405
1.0980563069,-1.26021978728
1.09629600688,-1.28920631703
1.09861114722,-1.29294771761
1.09973214904,-1.28751294361
1.09792049355,-1.30362883614
1.09604295081,-1.23353828678
1.09688269369,-1.28230031805
1.09795205186,-1.28749314892
1.0943051825,-1.27293393427
1.09893616953,-1.28909717668
1.1000817572,-1.28666733726
1.09838665681,-1.29465992338
1.09736610424,-1.28190883806
1.09846018542,-1.28732562041
1.09749013322,-1.30051244908
1.09998761148,-1.26974534838
1.10064581258,-1.26614065065
1.09801718584,-1.29590095078
1.09991257623,-1.26543560534
1.10095804043,-1.27280738728
1.1019748655,-1.28746320521
1.10221731396,-1.28299083703
1.10238735227,-1.30085389767
1.10022410209,-1.27701187357
1.10092104175,-1.2862530624
1.1040821849,-1.28472510109
1.10031421043,-1.26002245807
1.10238576173,-1.28372226017
1.10125104586,-1.30281461793
1.10202599741,-1.27354178124
1.1028122063,-1.28032436934
1.10418768291,-1.28318339927
1.10152529134,-1.26541161923
1.10317676726,-1.28075163437
1.10514285159,-1.27426292506
1.10389194993,-1.29359941871
1.10150789913,-1.28590144033
1.10408826475,-1.29986837444
1.10294194817,-1.28932123533
1.10402389055,-1.28587342226
1.1057522857,-1.30073506626
1.10304553957,-1.28184609612
1.10022847267,-1.26835680179
1.10505023314,-1.28557423759
1.10294702447,-1.26923241486
1.10208258533,-1.28516450907
1.10344449185,-1.28829956575
1.10543851306,-1.27497011793
1.10257603895,-1.2761670585
1.10514967932,-1.26920758884
1.10168116121,-1.25331230151
1.10216233242,-1.27225401921
1.10333777419,-1.26080700683
1.10414742034,-1.26329077055
1.10291207996,-1.27128951986
1.10225654958,-1.27509884858
1.10324442782,-1.29015430511
1.10337937052,-1.27636663074
1.10335680537,-1.26595061067
1.10466303277,-1.29077992759
1.10277081793,-1.29376228106
1.10464257573,-1.27259592899
1.10636363394,-1.29249700204
1.10680287799,-1.26008862605
1.10330779624,-1.28042571611
1.10746149507,-1.2927777488
1.10624783163,-1.27346859962
1.10696099463,-1.28645305037
1.1087942134,-1.29139068446
1.10632199044,-1.28127674392
1.10551660369,-1.29284701502
1.10811839357,-1.30340720643
1.10650146603,-1.28990744463
1.10454925041,-1.28051725721
1.10583155917,-1.26999779817
1.10891199969,-1.29170497367
1.10586491663,-1.30822109145
1.10588962362,-1.28668818743
1.10545180996,-1.29353914926
1.10563671655,-1.2716621587
1.10645678508,-1.27863883566
1.10621879783,-1.29212929877
1.10515503277,-1.30698218181
1.10625955494,-1.27299397476
1.10704178184,-1.28618510626
1.10443525059,-1.26053436535
1.10634220227,-1.28321348101
1.10792252845,-1.28218663758
1.10267150249,-1.26411136973
1.10555956673,-1.27485044319
1.10664418208,-1.26714447806
1.10568368911,-1.27546620336
1.10436285627,-1.26774084337
1.10587778554,-1.2699735147
1.10393100604,-1.27460195327
1.10305285719,-1.26082251483
1.10538964775,-1.29361494701
1.10358747018,-1.25714302104
1.10336199369,-1.27456189474
1.10691376411,-1.27457641861
1.1032914527,-1.28990249561
1.10201215745,-1.28541683415
1.10093277183,-1.27059008927
1.10501469957,-1.2723015921
1.10280921646,-1.27313147292
1.10685364452,-1.29439884384
1.10699357452,-1.28063347862
1.10776825825,-1.29117371622
1.11193800008,-1.30747180858
1.11486242174,-1.3062890102
1.11534685467,-1.28098586967
1.11806577584,-1.27019341962
1.11828298997,-1.30415118682
1.11880583799,-1.27486217269
1.1185857927,-1.30572336461
1.11635392465,-1.30005709413
1.11219230316,-1.27895247715
1.11460296052,-1.27336774308
1.11500319248,-1.29319094192
1.11188652263,-1.28098340192
1.10953428641,-1.30588080304
1.11380520997,-1.28164203197
1.11129395959,-1.27413913964
1.11255543328,-1.29637605518
1.1120055151,-1.27570537631
1.1114474747,-1.25529063566
1.11492680937,-1.30069459285
1.11832462655,-1.28614710351
1.11640562402,-1.29046433753
1.1169069929,-1.28589313602
1.11745919423,-1.28442265811
1.11867109297,-1.29237408611
1.11855944619,-1.29302626686
1.12096256747,-1.29988434153
1.11913736662,-1.28136282276
1.14923955891,7.9712869462
1.11801151058,-2.41507886567
1.11367924929,-0.89463404365
1.10725328503,-0.685976757363
1.10794323905,-0.851757545824
1.10859607037,-1.06708784692
1.10777464448,-1.18694277864
1.10553563799,-1.30722256262
1.10219194563,-12.2059619862
1.10019222381,-1.04019515795
1.10479142188,-1.56685231577
1.10861748292,-1.66803890018
1.10791232923,-1.51262610987
1.10944365569,-1.45480910749
1.10913982593,-1.32344071297
1.10873660521,-1.30064177098
1.10883855325,-1.31175540452
1.10996842922,-1.35030106987
1.10597468055,-1.18606370656
1.10738076328,-1.21568162285
1.11200098575,-1.27166458216
1.10778236187,-1.28347321252
1.1081918843,-1.2871659497
1.10791160083,-1.27858408848
1.10771494802,-1.27609984743
1.10694145353,-1.2607777377
1.10983662853,-1.26982938694
1.10855216851,-1.23267098292
1.10924307783,-1.25605480643
1.11009904582,-1.27756271395
1.10709797747,-1.260208529
1.10391372112,-1.28681785797
1.10816794509,-1.27239838904
1.10875429586,-1.29409813381
1.1113379151,-1.27157252906
1.11116801882,-1.2986400399
1.10798323701,-1.25824341443
1.10684474783,-1.27176725997
1.10883736819,-1.27914475525
1.10763463776,-1.27886391134
1.10868412931,-1.29939356278
1.11020673227,-1.28391401825
1.10931066357,-1.30110593127
1.10824010208,-1.27215489029
1.10894113121,-1.27826321468
1.10645070002,-1.25246296973
1.10598165361,-1.29333893136
1.1084928477,-1.27610774228
1.11091265328,-1.27002539528
1.10751501307,-1.28465949524
1.10742212449,-1.27280003368
1.10790642636,-1.27323592955
1.10730384732,-1.29922441333
1.10714467493,-1.29647654402
1.10793071035,-1.28276058814
1.10689621437,-1.28828836415
1.10799600237,-1.26476710356
1.10774906223,-1.27720654792
1.10772070891,-1.27110981289
1.10680945538,-1.27628169111
1.10730118657,-1.26710466519
1.10567801465,-1.29605871869
1.10716492027,-1.27059844223
1.10909112552,-1.29914897613
1.10993079996,-1.30546892852
1.10484204351,-1.28380817918
1.10619954969,-1.26923801723
1.10605550304,-1.31139017759
1.10605050174,-1.29103726487
1.10691069957,-1.30990422219
1.10937755915,-1.27929299111
1.1079027687,-1.29070578189
1.1071795237,-1.28116846376
1.10555176504,-1.27533049403
1.10380100409,-1.27152559989
1.10726521087,-1.29723565989
1.10926694945,-1.31184559626
1.10644637368,-1.31662314328
1.10720491867,-1.30933829554
1.10844210838,-1.29514401781
1.10756579854,-1.29145814153
1.10754504324,-1.29194527187
1.10901170043,-1.30474107117
1.10569180286,-1.2847731438
1.10799742498,-1.30046689193
1.10942307659,-1.291368498
1.10830355897,-1.31995929904
1.10793912864,-1.30956300154
1.10860890928,-1.30313348084
1.10808777432,-1.3214128936
1.11026100879,-1.31178377922
1.11094778517,-1.29574590612
1.10982183334,-1.32110211126
1.10897669731,-1.32386166519
1.11129009197,-1.31236855644
1.10943686466,-1.28801655279
1.10147635866,-1.37428030014
1.09767549347,-1.28927630429
1.09918841638,-1.22280595954
1.09850997474,-1.31478170605
1.1003746598,-1.2533261534
1.09752982493,-1.23526716773
1.09635641607,-1.19866116095
1.09745972419,-1.25177609358
1.09984330078,-1.14681686341
1.09615465876,-1.26802437731
1.0995608642,-1.22568261284
1.09834398888,-1.22310603603
1.09945578715,-1.15589088164
1.09851062589,-1.19696604584
1.09919251136,-1.16081154889
1.09764372833,-1.18704399474
1.10056623904,-1.20716765792
1.10187045746,-1.17904324314
1.09928402259,-1.16764498757
1.09715704563,-1.17539830792
1.10139811717,-1.16549082996
1.09944593274,-1.15603593921
1.10075153351,-1.14719566684
1.09921721101,-1.17509196867
1.09959112162,-1.13987628672
1.09942521867,-1.14035139688
1.10202792368,-1.14603850715
1.10005013457,-1.14301634502
1.09933879857,-1.12369917541
1.09920063115,-1.14201370787
1.09935809317,-1.11030375955
1.09901915612,-1.12449879286
1.10211012507,-1.12892301697
1.09926575681,-1.12250128654
1.09838431115,-1.09582578134
1.09959234887,-1.11320750076
1.0993407788,-1.09669468647
1.09651624369,-1.1253392493
1.09958142412,-1.09581028954
1.0995876537,-1.1116357511
1.09944612515,-1.10539022011
1.09951295543,-1.13093009438
1.0965038257,-1.10122185029
1.09626935335,-1.08275517532
1.10083883298,-1.08778130478
1.09936565109,-1.08033992079
1.09769261452,-1.06317693713
1.09716504451,-1.08698528262
1.1011909984,-1.07775200502
1.09736677822,-1.06046253408
1.09835364635,-1.07453998759
1.10017453283,-1.09121303631
1.09917967378,-1.04986005365
1.09960904846,-1.09402775693
1.1011773962,-1.05771564052
1.09791026031,-1.05958184253
1.1005157928,-1.05648136213
1.09995982619,-1.06693257591
1.0995362306,-1.06156265749
1.09950467344,-1.06279938685
1.10148412984,-1.07725283677
1.0990320675,-1.04981233745
1.10070871275,-1.03777593534
1.10162013067,-1.06507276714
1.10177333599,-1.0482716498
1.0968843675,-1.04256271793
1.10062494219,-1.03223943941
1.09928393271,-1.04535556342
1.1002858206,-1.04607377393
1.10165329404,-1.05786543462
1.09906249897,-1.02767318244
1.09727679757,-1.06273890594
1.10052787934,-1.03635085675
1.1005478972,-1.03768785251
1.10060566049,-1.04257747551
1.10050823668,-1.05257536225
1.10340192762,-1.03880121736
1.10017821902,-1.03382396957
1.10306319913,-1.02185835022
1.10099566706,-1.02046442508
1.10005002102,-1.02210511391
1.10058430469,-1.02708437925
1.10680505636,-1.05466765608
1.10363256472,-1.02901198285
1.10430695229,-1.03733188317
1.10185301688,-1.04507945628
1.10428885674,-1.02563237166
1.10500319473,-1.01998322315
1.10432508576,-1.00158260153
1.10284569888,-1.03746553567
1.10559464391,-1.01410421965
1.10701667865,-1.02442859193
1.10593253951,-1.01438674972
1.10360676042,-1.00942659714
1.10377633574,-0.996394379419
1.10385059367,-1.01815886158
1.10677243858,-0.9931834524
1.10698508648,-1.00122930646
1.10579958242,-1.0066607311
1.10234190564,-0.997235764446
1.10725509109,-1.03545112577
1.10515617729,-0.98362300749
1.10433402958,-0.98740076511
1.10394673715,-0.972970059074
1.10575406804,-0.992506901363
1.10495967427,-0.983400444732
1.10668740843,-0.986812533389
1.10394543602,-0.991066872437
1.10304757205,-0.988882140518
1.10281238127,-0.980988245178
1.10649329301,-0.972139976766
1.10496637365,-0.999475994157
1.10376043614,-0.99419893877
1.10399562238,-0.995313441832
1.10380140766,-0.993592402817
1.10412928349,-1.0045197162
1.10460847141,-0.981844781627
1.10236660334,-0.991726243712
1.10355387151,-0.989574715828
1.10460977012,-0.988694452992
1.10511475931,-1.015996264
1.10107211682,-0.982956665248
1.10211527732,-0.962870708671
1.10006392069,-0.99057595767
1.10284351672,-0.972852572903
1.1017871802,-0.981522673166
1.10161196548,-0.967286245306
1.10098473074,-0.983791416072
1.1040568843,-0.991742723969
1.10046629532,-0.948954071558
1.0978699211,-0.966139541747
1.09999204642,-0.975551555824
1.10330015825,-1.00548000496
1.10097876368,-0.972020861071
1.10340465769,-0.966438128867
1.09996615959,-0.964755760725
1.09971002644,-0.96248691783
1.09947994485,-0.972283251537
1.10020045854,-0.939974450883
1.09974654195,-0.989293307337
1.10305764083,-0.960345695216
1.10126022126,-0.968942094451
1.10259510511,-7.00856070556
1.10181244946,-0.969108871272
1.1023181188,-0.702709492404
1.09923315641,-0.77381408118
1.1014830498,-0.860925408454
1.10270129129,-0.968328845673
1.10252004609,-1.0174831873
1.09977129548,-1.01573455406
1.1040287398,0.859584018461
1.09960337069,-1.43572587557
1.10137376868,-0.73496942692
1.09995805556,-0.624647881556
1.09976037115,-0.727740415488
1.10161991245,-0.817086679303
1.1027867851,-0.868518897973
1.09870227423,-0.884049993893
1.09984716749,-0.875570753848
1.09981803666,-0.875603221975
1.10094492476,-0.935099498227
1.09903938539,-0.926320103496
1.10467834228,-0.901145748431
1.10083816433,-0.918566514455
1.09926392871,-0.891092928545
1.09774662875,-0.889341512663
1.09891536503,-0.888585181515
1.09722572257,-0.925989673982
1.09890620676,-0.895703350814
1.10009519062,-0.917581248079
1.09923964082,-0.890165683907
1.09975382491,-0.931083688425
1.09842392765,-0.909346857698
1.09666207647,-0.925348591659
1.09942387482,-0.885954599858
1.1010643955,-0.944191029369
1.10158893317,-0.915979205616
1.09907449373,-0.937604528061
1.10197719337,-0.935076484662
1.0985185694,-0.914169981675
1.10145883963,-0.913888179892
1.10114510357,-0.932756465197
1.10086869094,-0.923752250281
1.10048601575,-0.930290939276
1.10414218626,-0.920997344652
1.10119734814,-0.923549174982
1.10208179158,-0.913268328093
1.10096939927,-0.911209700474
1.09931017935,-0.919636390138
1.10012135298,-0.898801393201
1.10475094661,-0.927074375393
1.10231148703,-0.921201479959
1.1002140364,-0.928003023895
1.10031758147,-0.894802618091
1.10054782726,-0.897379148463
1.09750381864,-0.900016842902
1.10199540136,-0.915699974039
1.1017996467,-0.91561285486
1.10181228043,-0.909380651367
1.1012952993,-0.923678912845
1.09839910027,-0.900386718271
1.09545689008,-0.917470433718
1.09858971975,-0.911629211364
1.09843833919,-0.913248623872
1.0990963881,-0.913838707793
1.0980486214,-0.905371741426
1.09690023026,-0.916407268399
1.09576246106,-0.904894980023
1.09641433577,-0.911906073931
1.09676885797,-0.893285754671
1.09582258056,-0.901330979225
1.09857384523,-0.91553292153
1.1012271671,-0.907670547671
1.09800788096,-0.922976037414
1.09710966198,-0.917682343643
1.09604532278,-0.908984644814
1.09766579343,-0.910204937889
1.09756200981,-0.89436157019
1.10101392717,-0.93122338492
1.09781045867,-0.931363527846
1.09842565254,-0.913992329233
1.09848381379,-0.902376096526
1.09809546016,-0.899077120011
1.0965267901,-0.922272087467
1.09877196594,-0.91048064925
1.09818472768,-0.905797980185
1.09910748527,-0.901038044378
1.10046769146,-0.908938917657
1.09762961266,-0.915378070288
1.09381990309,-0.911209042296
1.09728453771,-0.900214357408
1.09806565258,-0.908710306482
1.09793929318,-0.898431093201
1.09733395134,-0.914795543408
1.09740014657,-0.876095646681
1.09671501229,-0.91780821257
1.09845943925,-0.902855563235
1.09480643926,-0.901878910178
1.0949623611,-0.917146477011
1.09694448011,-0.910494756744
1.10101707582,-0.914368852316
1.09736424782,-0.913678625479
1.0962605519,-0.91099281191
1.09762937893,-0.912147375719
1.09671218526,-0.894404567359
1.09740655966,-0.916160949217
1.09768270942,-0.874701720519
1.0962753448,-0.911022128778
1.09704661947,-0.894968771904
1.09734774314,-0.913492126544
1.09437284455,-0.920713802994
1.0946178038,-0.897134062096
1.09622961546,-0.881407175456
1.09470173201,-0.904837212846
1.09503480623,-0.889597331341
1.09541818683,-0.907873284779
1.0955960008,-0.895323756607
1.09105676479,-0.890365554151
1.09526773484,-0.885183127511
1.09463724136,-0.899555221283
1.09360695352,-0.903514010187
1.09204044082,-0.919908722538
1.09442256086,-0.894971820348
1.09406218706,-0.915892459891
1.09506560716,-0.884731306766
1.09356276804,-0.916968246738
1.09107460444,-0.901304353848
1.09434178037,-0.904570931555
1.09531682304,-0.929094126986
1.09374331589,-0.932524970643
1.09582379152,-0.919747427833
1.09348809594,-0.896413953564
1.09342086261,-0.909783951853
1.09441717084,-0.91395868536
1.09538151061,-0.901227626045
1.09161693819,-0.897771205019
1.09410612367,-0.901976183338
1.09448823362,-0.896686637818
1.09499277334,-0.887613601084
1.09350187325,-0.913419641512
1.09538949491,-0.926200450828
1.09225769632,-0.884181218978
1.09447904417,-0.882732809815
1.09637292376,-0.902130411614
1.09440294581,-0.909833492489
1.09240191147,-0.894578489821
1.0972893322,-0.896334324347
1.09413273569,-0.886259758642
1.09366060993,-0.858872350366
1.09148678673,-0.872725622196
1.09461604309,-0.870393443592
1.0941238455,-0.90185842914
1.09679274367,-0.884454899595
1.09400634635,-0.891742293386
1.09084122597,-0.850401576152
1.09243024935,-0.86780164273
1.0931074219,-0.895147505776
1.0902374227,-0.907561557542
1.09321826927,-0.901247121917
1.09082078642,-0.877016785578
1.09246176964,-0.886424946148
1.09397889313,-0.907013601093
1.09161229084,-0.886761550853
1.08873139282,-0.870707421194
1.11666458254,6.36694618836
1.09337474041,-2.12762706136
1.09192930749,-0.721015180903
1.09148546382,-0.381452121966
1.09265329991,-0.443283829634
1.08939099405,-0.60750827104
1.09354899812,-0.741813113382
1.0929862429,-0.850099926651
1.09270378798,-12.4957125215
1.0916082101,-0.579821784118
1.09332054063,-1.23656444814
1.09250314548,-1.23564922988
1.08942224007,-1.06704782769
1.09116933017,-1.03109856243
1.09070505096,-0.934396610888
1.09039757412,-0.944228016848
1.095140485,-0.907501334267
1.09116373587,-0.92257810678
1.08979731381,-0.908388799902
1.09255387208,-0.947961126972
1.0919860251,-0.911926205646
1.088229565,-0.899537464181
1.09032974526,-0.872408695864
1.09120555165,-0.894336022895
1.09052492905,-0.891350044094
1.09179160786,-0.897061855097
1.08889631522,-0.856614199185
1.08740357663,-0.895556629551
1.09006734663,-0.874808021796
1.08956132294,-0.893129172972
1.0890981756,-0.883342526402
1.09130355037,-0.905333897326
1.09110132988,-0.8793035142
1.08899226919,-0.897643475619
1.09090272604,-0.87312399735
1.09060066289,-0.873069332973
1.08956327331,-0.875312309402
1.09057649333,-0.892029195989
1.09147356974,-0.884999886831
1.08894563887,-0.908683102303
1.09033393015,-0.873793079012
1.08815620669,-0.882455592984
1.08810266028,-0.860672533184
1.09019610756,-0.896559142295
1.09165307109,-0.879952386019
1.08691392685,-0.881388952513
1.08814413279,-0.863171950177
1.08780259023,-0.889670619471
1.09046835013,-0.894314723028
1.08624443548,-0.879908327939
1.09075972925,-0.888700697218
1.08967490909,-0.907462370304
1.09346169994,-0.882524818744
1.09565398044,-0.895416432055
1.09849391404,-0.876938772662
1.09990259255,-0.938208259381
1.10296214327,-0.902030066231
1.10318033578,-0.887170423625
1.10496827488,-0.900225147642
1.10771527326,-0.906947910523
1.10755858934,-0.911599686948
1.10622928459,-0.941655800541
1.10799844119,-0.897033312702
1.10286312493,-0.881536254341
1.10335007439,-0.900982546643
1.10121193005,-0.919010704988
1.10464396762,-0.90281994859
1.09999064165,-0.904563322081
1.1008183413,-0.894473663375
1.0989277772,-0.903578543925
1.09725387643,-0.881581748315
1.10061064408,-0.915141748224
1.10395702905,-0.927468070415
1.10015405545,-0.901635081557
1.10128895529,-0.909730345273
1.1038698696,-0.892436459647
1.10281281251,-0.889131208791
1.10301781104,-0.911277178076
1.10554631309,-0.926159854017
1.10559820321,-0.937232765988
1.10511037829,-0.920058345608
1.10616827374,-0.925479624132
1.10394458498,-0.925445954265
1.09808589424,-0.92570880509
1.09707380869,-0.89618478006
1.09403218225,-0.91662453566
1.09093802948,-0.939042121753
1.08909104491,-0.909759015647
1.08756065409,-0.915469758648
1.08622650496,-0.918713620674
1.08702585877,-0.917231454668
1.08447511035,-0.925593205731
1.08170980016,-0.913829347593
1.08051695501,-0.930356525124
1.08240955776,-0.907239728504
1.08236676237,-0.902426887911
1.0966670647,-1.457146416
1.08865564291,-1.28094786577
1.08594369087,-1.09871378158
1.08712355173,-1.33762660918
1.09076766575,-1.30130313602
1.08784799407,-1.2570070591
1.08855814516,-1.18118048944
1.09178932118,-1.26751543435
1.08981398347,-1.18371343232
1.08715316739,-1.1865383851
1.08733816638,-1.1406476312
1.08678850164,-1.14242311083
1.0894814886,-1.07317396361
1.09095997018,-1.12119345812
1.0892034696,-1.1063907222
1.08628076184,-1.11357867113
1.09080387483,-1.12630070307
1.08751203921,-1.08812262096
1.08696106536,-1.09506197051
1.08720659385,-1.10088946137
1.08869906806,-1.07341731089
1.08811648636,-1.09626291758
1.08987232014,-1.07290343778
1.08741317916,-1.08419009057
1.08537480181,-1.07468576159
1.08556664512,-1.07578968786
1.08792829127,-1.06912994234
1.08796894437,-1.07496492075
1.08963273612,-1.06414721569
1.0875111461,-1.0629137803
1.08721099881,-1.05914181285
1.08692592915,-1.065028369
1.0879927835,-1.03575642578
1.08345908389,-1.05456042391
1.0883354795,-1.04675836563
1.09065691563,-1.06112037016
1.08956455963,-1.03277514509
1.08693200988,-1.02243571855
1.08707481454,-1.02744370003
1.08522466357,-1.01488131413
1.08936860054,-1.03899445874
1.09068757543,-1.03135184174
1.08953731767,-1.01243291883
1.08892825226,-1.03888507705
1.09079920433,-1.00068680319
1.08634627478,-1.01408051767
1.08594852503,-0.993076042388
1.08744281338,-1.01125349188
1.08943256248,-1.03570547704
1.08725906535,-1.01767918377
1.08948277547,-0.995347701474
1.08708735838,-1.00451941159
1.08625117056,-1.01535641113
1.08608977035,-1.01809476611
1.08622547584,-0.992273443111
1.08668989204,-0.996196024737
1.08757502734,-0.980274037208
1.08634927034,-1.0037633738
1.08495814576,-1.00298448441
1.08774617392,-0.981414910112
1.08759430824,-0.958741607876
1.08372710051,-1.00156058582
1.08790059778,-1.00348560704
1.08812392699,-0.99937285545
1.08757422902,-0.980946247336
1.08667304995,-0.990178892576
1.08717672965,-0.979163718674
1.08404828476,-0.988277591812
1.08804942122,-0.985687752662
1.08806609762,-0.995852593428
1.08617378588,-0.966389331632
1.08589565937,-0.982593052125
1.08964758786,-0.985353094893
1.08505862558,-0.982953105177
1.08623728918,-0.955048037074
1.086535973,-0.980768936401
1.0852329833,-0.953281355258
1.08654556495,-0.960413216698
1.08926192165,-0.979452653317
1.08581628457,-0.973178881077
1.08505632196,-0.984488621723
1.08554028419,-0.977889243846
1.08617834926,-0.969965240419
1.08500312941,-0.985498422292
1.08659648298,-0.957458146742
1.08559024625,-0.967412284389
1.08664242945,-0.958423535172
1.08622343891,-0.94488844135
1.08643154771,-0.954918761199
1.0828189728,-0.965653135466
1.08523085521,-0.955792218692
1.08459176309,-0.955393512227
1.0858594694,-0.963123459461
1.08534546445,-0.972705589763
1.08578422336,-0.939086769817
1.08400375306,-0.963861534072
1.0847701297,-0.950029110296
1.08749059153,-0.95720887488
1.08350696232,-0.93648879711
1.08407966439,-0.949278603412
1.087329736,-0.965279370748
1.08425800937,-0.923422210719
1.08458660228,-0.924244805537
1.08450268377,-0.939329770355
1.08354212942,-0.952010988707
1.08484334715,-0.951095460796
1.08731352872,-0.941974658207
1.08660638637,-0.949662003497
1.08488234057,-0.946077230232
1.08536454026,-0.951064401353
1.08466768488,-0.928279030781
1.08271424095,-0.9411237849
1.08491249802,-0.905567578839
1.08408624288,-0.959861514262
1.08404828098,-0.938473050717
1.08793625096,-0.95500161876
1.08498231287,-0.945996856942
1.08258274273,-0.940415157975
1.08492836905,-0.924372462334
1.08502198191,-0.917324835183
1.08335951504,-0.956343836217
1.08442662374,-0.926571601223
1.08466189097,-0.89593147016
1.08366522161,-0.917523492494
1.08623225744,-0.918846892337
1.08345102807,-0.925527855901
1.0816475307,-0.923203369015
1.08291915245,-0.956335568691
1.08646250939,-0.923223845704
1.08318518701,-0.952509642633
1.08369171892,-0.930027575854
1.0845271114,-0.909101371206
1.08286351387,-0.917467657831
1.08207170294,-0.915483339363
1.08436407949,-0.908342052922
1.08369249301,-0.925267679817
1.08451308219,-0.928357756109
1.08482060234,-0.914941263647
1.08345028738,-0.926633706667
1.08381071031,-0.93692608063
1.08315411742,-0.914901283422
1.08152523069,-0.949102420342
1.08285200894,-5.64592649206
1.08502322656,-0.0767637079539
1.08435034308,-0.283877806667
1.08137842816,-0.620435328365
1.0838971472,-0.850044277946
1.08132163932,-0.958634952022
1.08145651928,-1.02036055574
1.08190764241,-1.04101119748
1.0899857769,1.84600894493
1.08191213812,-1.24752576672
1.08563455997,-0.654508256048
1.08318220574,-0.579009378502
1.08395468035,-0.690680576995
1.08549734471,-0.772619529313
1.09054386843,-0.842426345373
1.08971346969,-0.866816577466
1.09527039935,-0.874756280584
1.09683237603,-0.897573631454
1.09437426182,-0.925128881993
1.09354034168,-0.893432045629
1.09675256488,-0.905283091504
1.09355875579,-0.897049353959
1.09742150549,-0.902461056383
1.0952863898,-0.891491813526
1.09497577169,-0.880732286819
1.09266323162,-0.895771027691
1.09114428931,-0.895550608255
1.08789351741,-0.890845578756
1.09178780751,-0.8842152632
1.09543708385,-0.903646774997
1.09419436965,-0.909425992498
1.09036355884,-0.906544181597
1.09205998735,-0.89393090377
1.09199757532,-0.905354575492
1.09211708969,-0.89025785483
1.09416132847,-0.88232676658
1.09472318533,-0.884792595687
1.09357397932,-0.910266037296
1.09716637805,-0.907018782029
1.09640185021,-0.905650119127
1.09185695059,-0.877688708498
1.09249829959,-0.897662614
1.09277229518,-0.88104591287
1.08873397141,-0.893492318991
1.0899796677,-0.893316359742
1.08582081377,-0.897705628683
1.08340988344,-0.859890519647
1.08291805091,-0.884351051909
1.08327285715,-0.872113485381
1.08014252666,-0.865145667206
1.08032188038,-0.893229069795
1.08293439323,-0.884023444888
1.08133572137,-0.873396888154
1.08128928939,-0.853179832085
1.08096837245,-0.840324764935
1.07903199591,-0.881455118423
1.08088699142,-0.851320933498
1.08220362848,-0.864391439192
1.08203929118,-0.881953544339
1.08253655776,-0.874784972976
1.08244248975,-0.855768056698
1.08093869327,-0.889006722572
1.08000717462,-0.865161737267
1.07979318394,-0.850780196019
1.07993941731,-0.855168692355
1.08127368962,-0.885086600082
1.08493653179,-0.853146769952
1.07937421101,-0.856289273512
1.07853642582,-0.869826558315
1.08078567886,-0.881017504614
1.08180258628,-0.893098188413
1.07862056014,-0.872656821825
1.0816852627,-0.866803260006
1.07941335716,-0.850178685278
1.08048647517,-0.866299084866
1.07996255926,-0.864208760632
1.07894281622,-0.87618955721
1.07715070366,-0.874678091726
1.07967499927,-0.864615861168
1.07956549897,-0.853042033268
1.07970038488,-0.862155248731
1.07787999444,-0.861369880373
1.0801380467,-0.864373128893
1.07693939557,-0.878647859668
1.07861655895,-0.866457725379
1.08091336708,-0.879050176086
1.07822113555,-0.848885289457
1.07967720857,-0.864904160439
1.08011822693,-0.856748010054
1.0791997462,-0.881327009061
1.07858461311,-0.856944261623
1.07824086439,-0.873247287009
1.07801487207,-0.857337497506
1.07966267151,-0.881925021927
1.0821139073,-0.843691756729
1.080000418,-0.869849415633
1.07859806654,-0.868214894886
1.07869520579,-0.867539063445
1.07892385527,-0.860580079326
1.07598800005,-0.864606636998
1.07914912912,-0.861055134825
1.07920877782,-0.86184612619
1.07900589183,-0.847511454233
1.08003706883,-0.887444720906
1.07888923007,-0.833457478329
1.07590858345,-0.870376755147
1.07766282232,-0.840774102195
1.07938215965,-0.899931075324
1.07788918981,-0.868718925137
1.08009377754,-0.879025393517
1.07978993776,-0.855984072142
1.0775097334,-0.866183296204
1.07898475465,-0.847852029429
1.07932413086,-0.858090253352
1.07735333816,-0.859037465799
1.07648471278,-0.868262780776
1.08065136733,-0.850074112869
1.07951806574,-0.864410015286
1.07939154029,-0.843576374015
1.07761488986,-0.858775669885
1.07635768425,-0.829968470199
1.07841327832,-0.87425341584
1.08158742988,-0.865454581247
1.07905129265,-0.862410048101
1.07889404818,-0.846655538518
1.08021570982,-0.859383337164
1.07931192265,-0.859111795702
1.07624763321,-0.83645974768
1.07705885063,-0.853449264907
1.07667303701,-0.8565830859
1.07791322876,-0.850916213241
1.08181400933,-0.857732792459
1.07923317262,-0.867802423163
1.07476172761,-0.859994383776
1.07725991575,-0.855637354265
1.07674750091,-0.864240734285
1.07779062809,-0.84182983965
1.07771819993,-0.848086795593
1.07851270438,-0.86769809442
1.07527978592,-0.844358215232
1.07863261447,-0.845388933279
1.0773197627,-0.866495804368
1.07578725584,-0.880173481309
1.07591306347,-0.886479110437
1.07726306331,-0.830260728781
1.07547743365,-0.841252084653
1.07699152253,-0.863519108266
1.07578723068,-0.881174709332
1.07359643331,-0.829626998674
1.0752430755,-0.878841658505
1.07773269581,-0.860470546156
1.07484947146,-0.863328498119
1.07589663114,-0.844280012887
1.07547956947,-0.83848019475
1.07762466108,-0.874484213748
1.07500133946,-0.854366055044
1.07572988394,-0.855012697653
1.0730211173,-0.860660974327
1.07460840966,-0.864608882328
1.07926492863,-0.877450716329
1.07622230653,-0.859687475911
1.0715607211,-0.850893117646
1.09563738452,5.5134889736
1.07311718143,-1.79881781978
1.07224960155,-0.655940709902
1.07524728599,-0.380728190056
1.07373876042,-0.44205558778
1.07175352358,-0.592095618352
1.07390179893,-0.695404905421
1.07477700473,-0.838146231825
1.07194145105,-10.4606536657
1.07351985787,-1.54519452277
1.07473634276,-1.69290677343
1.07378846027,-1.35555729933
1.07658270367,-1.09356604253
1.07527598917,-0.917852665539
1.07631328439,-0.838713168903
1.07630990367,-0.811306528299
1.07829275917,-0.811839282005
1.07454745649,-0.736872235243
1.07596048436,-0.828029958477
1.07846076936,-0.83801420795
1.07611204052,-0.81982418203
1.07469753486,-0.816990963602
1.07461210937,-0.81648318162
1.0717243815,-0.817771240261
1.07443426645,-0.830553576911
1.07564838727,-0.812609367351
1.07400352669,-0.807345778803
1.0736097051,-0.831167235195
1.07547039284,-0.831146365573
1.07309300902,-0.817760276733
1.07297013695,-0.835919513002
1.07456150995,-0.853989186625
1.0754360336,-0.841684135881
1.07359081007,-0.819058910851
1.07776446477,-0.819878631859
1.07542216378,-0.8523257243
1.07182523283,-0.809903775734
1.07306760304,-0.845382907554
1.07408590681,-0.811568376625
1.07205771155,-0.836588905204
1.07424073393,-0.833999387357
1.0722710143,-0.856732279983
1.06982109969,-0.82982224153
1.07120262327,-0.847734739123
1.07100876004,-0.837234166397
1.06600504361,-0.840850332149
1.06803789095,-0.80433360184
1.06766923256,-0.842243003828
1.06900780109,-0.829429893444
1.06808453421,-0.849944353886
1.07026184804,-0.823140073128
1.06607544628,-0.846129724547
1.06766128145,-0.851195586034
1.0690640687,-0.851369312629
1.06561818693,-0.8387769166
1.06774120068,-0.85107974903
1.06965990758,-0.852989548963
1.06838176766,-0.873441962863
1.06843414846,-0.861018167518
1.06624726872,-0.840947814416
1.06579121855,-0.846364930107
1.0670945988,-0.850604200318
1.07169746962,-0.824894296966
1.06855936759,-0.84012652814
1.06659602815,-0.858887692146
1.06571668082,-0.837640755725
1.0657411216,-0.855676066329
1.06643787699,-0.874070442968
1.06856611644,-0.855466437542
1.06818533546,-0.845515005574
1.06789401881,-0.841374639134
1.0714335464,-0.867621815584
1.07163019949,-0.855472924103
1.0694002299,-0.884023349175
1.07099415951,-0.840027149031
1.07141847623,-0.862870901456
1.07203160402,-0.853237518988
1.07312697417,-0.861294701233
1.07238821123,-0.868784857338
1.07021279459,-0.879191223401
1.07089101342,-0.873536028072
1.07154738131,-0.848491701684
1.07010529184,-0.881545966282
1.06868781724,-0.855874091217
1.07031460959,-0.847287778656
1.06982067769,-0.869732240658
1.07043830492,-0.860962408818
1.06736008298,-0.885375984592
1.06779310758,-0.865746973478
1.06794864454,-0.882437563891
1.07249264466,-0.888519116406
1.07100330316,-0.885175995992
1.07090184766,-0.867833465121
1.07209660518,-0.872368389393
1.07071943124,-0.854943310866
1.0679267386,-0.841405359942
1.07393383748,-1.6269738425
1.06698748979,-1.2437768102
1.06846910068,-1.22620456832
1.07145267692,-1.24380609787
1.06908918478,-1.22138236889
1.06318432757,-1.21695071657
1.06208391426,-1.22752399124
1.06229930518,-1.28214785791
1.06292112777,-1.2561342606
1.06152454276,-1.41432257567
1.06141698866,-1.41761554081
1.05769914903,-1.41719754956
1.06202248471,-1.37464943851
1.05898188817,-1.38960099765
1.05825095707,-1.39637620046
1.05949124086,-1.41489819272
1.06250595314,-1.40209068127
1.0604855443,-1.40018332221
1.0608619489,-1.42078688825
1.06027622336,-1.41592500904
1.05852222166,-1.40423775044
1.05825894693,-1.40668447395
1.0614478138,-1.42693933679
1.05885773526,-1.42755363734
1.06025039675,-1.43028650804
1.06103485132,-1.41590748063
1.06126825057,-1.42902546978
1.05883963199,-1.43521937168
1.06035428173,-1.42050779302
1.05827084832,-1.42961066313
1.05819269976,-1.40988445544
1.0616306747,-1.42106393491
1.06266685704,-1.44183381703
1.05701818335,-1.42836546938
1.05912037769,-1.42297957505
1.05889755094,-1.44494346914
1.05605504341,-1.42793499369
1.05816594405,-1.41592853047
1.05989853476,-1.44603232407
1.05832872289,-1.41208302602
1.05920988088,-1.42363702136
1.05924148414,-1.43930303645
1.05566775897,-1.41578424188
1.05796834783,-1.41587659127
1.05816059816,-1.41843406954
1.05835649649,-1.42940770055
1.06043827487,-1.42388856959
1.05826715344,-1.42240964513
1.05688844022,-1.43402739837
1.05701462816,-1.42038415256
1.05976817659,-1.41563232281
1.05610930571,-1.41021676392
1.05843424311,-1.41636254415
1.05918719906,-1.42836540167
1.05759249995,-1.41846856455
1.05782312893,-1.41248967109
1.06011477402,-1.43524742246
1.055701781,-1.42955997684
1.05853222499,-1.43164627898
1.06200831287,-1.43512552451
1.05957908643,-1.4303963757
1.05649272364,-1.40736245618
1.05910428894,-1.41348261423
1.05812362312,-1.4106855382
1.05643368708,-1.41271630322
1.05841314576,-1.42199064584
1.05631742765,-1.39897325727
1.05641142548,-1.44291588519
1.05976721687,-1.41994276093
1.05949234963,-1.43618324215
1.05580674875,-1.40322486269
1.05731551666,-1.41605981367
1.05813602754,-1.43434746609
1.05678566102,-1.41954920956
1.06023427416,-1.43362752751
1.05553071992,-1.40012268627
1.05619833059,-1.41753074949
1.05618291573,-1.40678679485
1.05875417459,-1.39976912975
1.05656632251,-1.39717309869
1.05742010701,-1.43493123338
1.05921092363,-1.43122993705
1.05778455948,-1.40012732094
1.05877024591,-1.40653642689
1.05900501024,-1.42039419784
1.05477352663,-1.40308970664
1.05744889575,-1.41499649298
1.05992419368,-1.40588293268
1.05945812774,-1.42353658759
1.05713420071,-1.42036776219
1.05913183577,-1.4281222433
1.05717065323,-1.41747336164
1.05791361924,-1.41740605085
1.05721476656,-1.40702273365
1.05652174264,-1.42015135403
1.05491835411,-1.39483566224
1.05970335194,-1.41123012809
1.05863486222,-1.41355167785
1.05566422243,-1.4243554345
1.05573279962,-1.39509911723
1.0580446867,-1.41335861621
1.05611186677,-1.41024874672
1.05851906731,-1.4058581059
1.05817814836,-1.40528862081
1.05629008731,-1.41743332305
1.05672651536,-1.40590129609
1.0562966276,-1.39986913295
1.05348284847,-1.40674979576
1.05616775078,-1.41167184325
1.05573433933,-1.40298221854
1.05726319377,-1.39526573678
1.05666967121,-1.42130277326
1.05690621606,-1.39783373584
1.05306841707,-1.37622001082
1.05540647523,-1.41900974844
1.05721585675,-1.41760824529
1.05534906057,-1.39265018347
1.05624136722,-1.42919958941
1.05666287809,-1.40447540518
1.05530559648,-1.40953392065
1.05523393814,-1.40530865608
1.05688183669,-1.4198834662
1.0549762383,-1.40005248376
1.05595373507,-1.41238527215
1.05918323229,-1.392836484
1.05557985196,-1.39523624912
1.0526512819,-1.40074007502
1.05571738512,-1.39527826485
1.05588741455,-1.3842443687
1.05190146658,-1.39219879601
1.05539309232,-1.40958054253
1.05523931116,-1.40965266822
1.05422138491,-1.42315099852
1.05363488956,-1.3848930887
1.05463202599,-1.39105871091
1.05160754957,-1.40564084713
1.05322407935,-1.40366277728
1.05337943058,-1.38924050234
1.05505012597,-1.39974584476
1.05747171207,-1.39531567258
1.05810847363,-1.39087877373
1.05501709284,-1.40276227646
1.05843020645,-4.6614800479
1.06075075352,-0.676570774463
1.06081704983,-0.937137681459
1.06056099092,-1.16882457387
1.06020170019,-1.294114015
1.05857475392,-1.38596756491
1.05929450553,-1.41056455215
1.05857983255,-1.45862589381
1.05645373916,-0.116525801851
1.05665809143,-2.80766763675
1.05831659075,-1.46923750325
1.05547008598,-1.14720547934
1.05480319125,-1.13258844718
1.0569372839,-1.17120766322
1.05739792634,-1.20414985684
1.05350037999,-1.2311196066
1.05701960517,-1.29938363335
1.0561293054,-1.3914999734
1.05572286939,-1.40656705115
1.05858487461,-1.38453346916
1.05935051437,-1.37741522581
1.05597743615,-1.35543761108
1.05731350414,-1.36331202264
1.05640202661,-1.3489654481
1.05796452619,-1.37866012774
1.05984961926,-1.38276152591
1.06120890327,-1.40120748948
1.0580217647,-1.38326163797
1.05969668921,-1.39652966749
1.05649347049,-1.39296854744
1.05534419998,-1.37227233334
1.05386022467,-1.36292330911
1.05467135984,-1.38846984654
1.05284092953,-1.37790607517
1.05285648276,-1.36755386755
1.05277002459,-1.37526328793
1.04900027482,-1.38890277428
1.04944906216,-1.35529860853
1.05410292935,-1.38183499424
1.05188762232,-1.36847614075
1.05268258855,-1.38458661785
1.05295655747,-1.3743167841
1.05445126595,-1.4010458906
1.05326371363,-1.39381168118
1.05426422478,-1.38327126746
1.05075432581,-1.3814639942
1.05176011789,-1.39318585685
1.05348547841,-1.36184757493
1.05349194628,-1.37004715398
1.05313178011,-1.3697964469
1.05383503561,-1.3873254036
1.05218104434,-1.39771157015
1.05130436667,-1.39949011517
1.05183997977,-1.36642078397
1.0516213522,-1.37908033077
1.05105174049,-1.37921251128
1.05315081739,-1.37636526323
1.05341081907,-1.38093382245
1.04925962749,-1.37943869295
1.04898448421,-1.39001989407
1.04949482306,-1.38253224041
1.05068198329,-1.37357952896
1.05442871397,-1.39751080217
1.05065834118,-1.37314434763
1.05102766826,-1.38066183425
1.05127265185,-1.37662339714
1.05370358475,-1.41305996697
1.04934113421,-1.39968570808
1.05169674039,-1.39127776764
1.05411629733,-1.39270406379
1.05370110768,-1.39731719304
1.05262809635,-1.39183634084
1.05212034295,-1.38010793602
1.04903824194,-1.40186295933
1.04966852504,-1.366587517
1.05271362481,-1.38360069391
1.05357086902,-1.38767738266
1.05116284508,-1.38766814964
1.05307671772,-1.38477436405
1.04975682925,-1.3843156937
1.05033448139,-1.36976694588
1.05037371573,-1.38216946451
1.05020541559,-1.39025294778
1.04746318336,-1.39783274198
1.05489436193,-1.384788148
1.05161365571,-1.40838822324
1.04906024843,-1.38198201764
1.04756673179,-1.39580181772
1.04702946748,-1.37491255391
1.04695324144,-1.37647068759
1.05119363315,-1.39283235109
1.05040538784,-1.38356931592
1.04853322922,-1.39863861174
1.04967777817,-1.37718589366
1.04962622549,-1.39051071544
1.04498860683,-1.39146636996
1.04699386212,-1.40562954602
1.05016456214,-1.3707491584
1.05090068397,-1.39063006427
1.05010128924,-1.3894423588
1.05045432473,-1.38930959193
1.04590918196,-1.36850927548
1.04713182413,-1.38079979636
1.04792775643,-1.37023392933
1.04906134002,-1.39830795182
1.04956306046,-1.38222094795
1.05153347574,-1.40800131952
1.04843012366,-1.38451862197
1.04802028557,-1.39438052379
1.04996957884,-1.38317204174
1.04812634949,-1.37599494786
1.04746339781,-1.39566199081
1.05185876516,-1.36227528535
1.05043568428,-1.39741883111
1.04801896492,-1.38470757581
1.0483442736,-1.3816228193
1.04595207343,-1.37913430809
1.04665035146,-1.39123981966
1.04929867529,-1.39345188333
1.04944834813,-1.41357358785
1.04811782942,-1.38625687933
1.04806211917,-1.36153883596
1.04950370419,-1.40647437035
1.0435471852,-1.35045209737
1.04479542991,-1.39059910173
1.04632948571,-1.38107814641
1.04810353222,-1.38747270789
1.04818053545,-1.37497443372
1.04789115963,-1.37667991124
1.04379419552,-1.36108097333
1.04689000117,-1.38616003326
1.04944356965,-1.38837356412
1.0493621918,-1.38387944018
1.05131543347,-1.37438588735
1.05353282064,-1.38174001466
1.05195082915,-1.40333695407
1.05282399615,-1.40279244624
1.05330578859,-1.37650344582
1.05257034932,-1.39811725035
1.05217741362,-1.3861632466
1.05728769727,-1.39912121982
1.05461116008,-1.38627994027
1.05307767247,-1.38988737412
1.05120632093,-1.39887095824
1.05153736108,-1.36938251117
1.05195838605,-1.37629795907
1.05435490861,-1.38639736354
1.05247923343,-1.36920339911
1.0519887832,-1.38321059464
1.05453842688,-1.38240143868
1.05651003455,-1.38794090068
1.05232940403,-1.39266022092
1.05442725084,-1.37747301753
1.05334134784,-1.40382723013
1.0549425906,-1.39164767616
1.05617152882,-1.39050112196
1.05734545755,-1.40183658015
1.0532855813,-1.38865033812
1.05699770708,-1.38794914636
1.05609483336,-1.40595962556
1.05331144256,-1.38015830445
1.05345690139,-1.39877699193
1.07371124813,4.59185957969
1.05179867512,-2.18268325182
1.05076640941,-1.08129711945
1.04962925784,-0.774161649558
1.04776628955,-0.882640929911
1.04602854085,-1.0529954107
1.04820714738,-1.17703172998
1.04791659535,-1.29979481742
1.04747223121,-8.72633605414
1.04818193043,-2.26956921472
1.04683238209,-2.09181020525
1.04632833679,-1.760321899
1.04728579666,-1.63091052097
1.04623756366,-1.53509637572
1.04720574432,-1.43421399127
1.04862491829,-1.40756287644
1.04777430905,-1.40776661581
1.04394959264,-1.43756831652
1.04610963261,-1.40243814706
1.04697758349,-1.41558364944
1.04627157579,-1.39353393516
1.04709322322,-1.37534119718
1.04677468046,-1.35792195105
1.04504451065,-1.37597633973
1.0472475523,-1.37160427515
1.04661895456,-1.37405218724
1.04366150351,-1.35741071597
1.04636632866,-1.35627288346
1.04818449056,-1.36956651824
1.04387165377,-1.36181947136
1.04697514885,-1.36847893527
1.0479924843,-1.36490626657
1.04631395362,-1.37523790127
1.04350101791,-1.3762089069
1.0463058951,-1.36609758695
1.04515604816,-1.36770450836
1.0461090601,-1.37713801455
1.04674658002,-1.35735966571
1.04452451661,-1.36597721917
1.04464673164,-1.3814895821
1.04619608932,-1.38036458087
1.0432647396,-1.38339014436
1.04681552233,-1.37180335127
1.04768965553,-1.38155215403
1.04766893688,-1.38149345643
1.04541057194,-1.36034425209
1.04569114953,-1.35613693227
1.0448498094,-1.37018590459
1.04450189173,-1.36221062196
1.04691851038,-1.3902358232
1.04391086327,-1.34966351447
1.04398144298,-1.36559485156
1.04758750306,-1.35768683134
1.04506003005,-1.38473373664
1.04352958774,-1.3790835518
1.0434626104,-1.37924061404
1.04386105571,-1.37430299371
1.04251388171,-1.38848847251
1.04547836136,-1.37526014637
1.04310133266,-1.3784941074
1.04192936514,-1.37670420964
1.0413913304,-1.37333396682
1.04444904322,-1.38067932268
1.04183392346,-1.37749276859
1.04242342889,-1.38453438973
1.04305013534,-1.3881506007
1.04257215891,-1.38034193
1.04227367733,-1.36283673487
1.04433906945,-1.37990802584
1.04045729323,-1.37578832052
1.04180356344,-1.39100360085
1.04375679946,-1.36186795164
1.04587366303,-1.37686366619
1.04218559046,-1.38791183556
1.04284434661,-1.3898940659
1.04065679152,-1.3887857167
1.0441312332,-1.38484112931
1.04377330102,-1.38217429228
1.04148275806,-1.37084348562
1.0409579016,-1.37532430014
1.04616526815,-1.4091960687
1.04381019375,-1.40433525513
1.04136595782,-1.36878056504
1.04348356536,-1.40966562267
1.04199879108,-1.35887403358
1.0412067641,-1.38429419049
1.04281255017,-1.3809194387
1.04201024186,-1.38588184479
1.04111900815,-1.37589286588
1.04201863321,-1.34760130818
1.04291335782,-1.37441979184
1.04022902601,-1.36285484548
1.04089394683,-1.37728244292
1.04155727189,-1.39858887692
1.04025865955,-1.37776476976
1.04351172272,-1.3853692407
1.04049064411,-1.74826350276
1.03400518069,-1.4379317531
1.03652973466,-1.01059801808
1.03672200697,-1.38346262821
1.03627443395,-1.36115649057
1.03651133296,-1.35989076232
1.03761222256,-1.38529458797
1.03516781972,-1.38117316111
1.0376890133,-1.36545769861
1.03493503383,-1.57098078688
1.0352780696,-1.59922714312
1.03592241996,-1.5984070361
1.03675128709,-1.56283584015
1.03177145838,-1.57361990982
1.03560664487,-1.5921399419
1.0363847174,-1.59897935037
1.03443774147,-1.59937257197
1.03293346961,-1.61666127088
1.03491376116,-1.59923666258
1.0338312847,-1.61502467462
1.03607044388,-1.58607157684
1.03511326406,-1.58643938928
1.03303690068,-1.59859017577
1.03502381503,-1.6231835955
1.03693538589,-1.62512390828
1.03439153841,-1.60757140668
1.03513860041,-1.63385958949
1.03482316938,-1.62771499369
1.03579620393,-1.61085993768
1.03373191078,-1.61403521661
1.03671607558,-1.60334841203
1.0333352602,-1.62016976054
1.03257237477,-1.62208982915
1.03450850782,-1.61569022415
1.03401903496,-1.62101434667
1.03156109804,-1.61905664173
1.03443538676,-1.63273006877
1.03254168153,-1.59677545708
1.03385078572,-1.6312863087
1.03317153323,-1.65164515314
1.03342918949,-1.6499179149
1.03104891447,-1.63381134182
1.03513101912,-1.62515766882
1.03266333498,-1.64946596029
1.03191282008,-1.62068232999
1.03098319313,-1.6423477135
1.03249640353,-1.63571885929
1.03251422865,-1.63360606869
1.0339580953,-1.64783225509
1.03308268788,-1.64265909605
1.03228402343,-1.62923048256
1.03266466232,-1.6405274704
1.03532638197,-1.65035386385
1.03285238185,-1.64044446061
1.03316484285,-1.6382955499
1.03360298418,-1.62995211238
1.03580153031,-1.63003222982
1.03422374152,-1.64841789718
1.03578533548,-1.63475483009
1.03354753754,-1.64474782164
1.03416226043,-1.65849409047
1.03404339252,-1.64550886106
1.03445374249,-1.66871177271
1.03162726637,-1.64195389564
1.03551455017,-1.66117636456
1.03463158292,-1.64328996055
1.03332173409,-1.65680125384
1.03393927822,-1.64634869514
1.03312299294,-1.63288023224
1.0313147851,-1.65277660826
1.03594906621,-1.65413751406
1.03537455462,-1.66084727387
1.0337708743,-1.65256506986
1.03246216638,-1.65764063807
1.03337404864,-1.64381291631
1.03383150835,-1.66538250393
1.03577035629,-1.65307835164
1.03370765538,-1.64961897657
1.03331035976,-1.64473140463
1.03428805684,-1.64225450548
1.03643652438,-1.62481481335
1.03354040497,-1.63985061127
1.03422927256,-1.64705537501
1.03543097155,-1.64332193261
1.03529301677,-1.65852971919
1.0335438955,-1.65124021874
1.03453394964,-1.66024559335
1.0320567605,-1.62968032983
1.03376966354,-1.63701707166
1.03352581348,-1.62815281837
1.03305192149,-1.64855682603
1.03186880038,-1.656707051
1.03603301326,-1.6628696386
1.03227410261,-1.65360869041
1.03450303641,-1.6582026143
1.03518742901,-1.65501149815
1.03277874625,-1.62370799465
1.03130825335,-1.6546589214
1.03521109211,-1.65324402245
1.03382260945,-1.65508459717
1.03294225987,-1.65101559
1.0306319509,-1.63818925412
1.03343686518,-1.63764979694
1.03084601527,-1.62790226569
1.03391099677,-1.67055472583
1.03158093693,-1.65939802886
1.03057800905,-1.6603437041
1.03278953083,-1.66534712075
1.03461869333,-1.66081639742
1.03009204917,-1.62551201217
1.03187028699,-1.65772603405
1.03177658833,-1.6280184037
1.03276505651,-1.67286856443
1.03212092898,-1.63760240129
1.03327491178,-1.63035580688
1.02908034432,-1.63138954771
1.03268634156,-1.65188253825
1.03226386353,-1.63617532003
1.03315482423,-1.63453028131
1.03026457233,-1.63898095227
1.03221218053,-1.65275989864
1.03112313356,-1.64494822291
1.03291051259,-1.65423038844
1.03436950284,-1.65595999794
1.03196094517,-1.63532694443
1.03010990523,-1.63077372068
1.03335192802,-1.6571457158
1.03202541116,-1.67556665377
1.03190782912,-1.66211166448
1.03093961774,-1.6250966789
1.03179706966,-1.66319102462
1.03158832329,-1.64978967421
1.03274802921,-1.6464310231
1.02999396189,-1.64340147154
1.02997930866,-1.64430555724
1.03087991329,-1.6383500085
1.03369376579,-1.64989802445
1.02968479492,-1.65057429483
1.03201769621,-1.63723883357
1.02959199713,-1.62576398262
1.03162382082,-1.6371818254
1.03239345875,-1.65045759754
1.03191854934,-3.67717465396
1.02948881126,-0.957308861773
1.03087659484,-1.23113252845
1.03221027192,-1.37908843604
1.03115088242,-1.53820778036
1.02979653007,-1.62024787062
1.03244769418,-1.64848156839
1.03020143176,-1.69542445675
1.03297079354,-2.19542692488
1.03195743066,-2.40144770603
1.03174924392,-1.47444111543
1.02919241684,-1.33796557767
1.03402192025,-1.44115020147
1.03025107941,-1.53341069254
1.03037953441,-1.54490973633
1.03134632036,-1.57461591586
1.03016446117,-1.59961955979
1.03286647473,-1.8164212827
1.03411646775,-1.72313027772
1.03067433952,-1.67809340631
1.03024885917,-1.63958372351
1.0317963026,-1.61669609738
1.03295841962,-1.6627708362
1.02997971722,-1.63386401952
1.03282331388,-1.6425605138
1.03076679231,-1.6457949041
1.03214592811,-1.6642104566
1.03056208692,-1.64967903938
1.03102279963,-1.66170479929
1.02980454946,-1.6433857642
1.03383346057,-1.63160393212
1.03111809063,-1.65183060496
1.02996692714,-1.62054147865
1.03071101061,-1.6365763591
1.0329943956,-1.62908052905
1.03008928631,-1.64283309471
1.03337268012,-1.65394745735
1.03357735086,-1.63469597148
1.03172118122,-1.63224388106
1.03165866983,-1.64463188069
1.03396422524,-1.63893867606
1.03227732045,-1.63119533062
1.03329678739,-1.62980371029
1.03205844169,-1.62984249124
1.03144173283,-1.64119559381
1.03210052182,-1.63793120642
1.03474114945,-1.64295374488
1.03083963692,-1.63482746333
1.03120154765,-1.64621467591
1.03138473673,-1.62717666427
1.03110586031,-1.63519266961
1.0277730479,-1.61329797751
1.03144090961,-1.62488498492
1.03160245666,-1.62027086107
1.03117153839,-1.64477681069
1.02898431132,-1.6378798104
1.03051877506,-1.64022702616
1.02766440772,-1.64119561782
1.03115422434,-1.64398943844
1.02950060561,-1.63098716175
1.02803574585,-1.62200943548
1.02890564462,-1.61483579589
1.02809051417,-1.62403371868
1.02636503024,-1.61252873614
1.03038004504,-1.62992583509
1.02952555322,-1.6227551793
1.02868758075,-1.63372249409
1.02763179084,-1.62738791965
1.03123695727,-1.62957892648
1.02743014556,-1.64279187564
1.03002689052,-1.64335313102
1.02808844436,-1.6210605102
1.02911252108,-1.63362251225
1.02987114871,-1.65627949916
1.03243140384,-1.62902298665
1.02933994578,-1.62962054891
1.03182888637,-1.661867414
1.0331494353,-1.65355683688
1.0323208164,-1.64314010799
1.0319602231,-1.63335304296
1.03460829072,-1.65114259406
1.03299477011,-1.64772305621
1.03231863044,-1.63643605241
1.03409833462,-1.6242870653
1.03374441322,-1.65702309717
1.03064335746,-1.64419515897
1.033470688,-1.65806200757
1.03257767475,-1.65082839768
1.03072132791,-1.63683375263
1.02947514214,-1.63804046648
1.03166715143,-1.63207595542
1.02927486535,-1.62094775585
1.03316296607,-1.66834251956
1.0284175521,-1.64149872425
1.02813912442,-1.61759777943
1.03065811323,-1.65162280942
1.03288180271,-1.64784328781
1.03192109796,-1.65899941432
1.03155030698,-1.62948238515
1.03158873683,-1.62847951427
1.0324542845,-1.63647181765
1.03290635307,-1.63771185758
1.03433194444,-1.66291594688
1.03073772147,-1.63128965868
1.03256717856,-1.6244805834
1.03314241109,-1.63532318891
1.03286429192,-1.6449817491
1.02896227543,-1.66823135032
1.03194525774,-1.65604551769
1.02999266943,-1.63828257419
1.03120030616,-1.64892087655
1.02911163624,-1.63744402492
1.02765607929,-1.62214197177
1.02637542102,-1.64086089479
1.03138119438,-1.64409972518
1.02977327516,-1.65982089664
1.02733284621,-1.63698537781
1.02788615672,-1.6479840317
1.03009066001,-1.63698411737
1.02681534953,-1.62270484229
1.02994293259,-1.63446799081
1.02810510036,-1.64991886254
1.02708115549,-1.62965468024
1.02941277004,-1.66003350985
1.02842407778,-1.61693520472
1.02745442769,-1.61743447996
1.02875277405,-1.65802172758
1.02768790891,-1.65446164919
1.02783826049,-1.65441932912
1.02912476839,-1.65658252447
1.03034858492,-1.63204460744
1.02502382497,-1.6388516509
1.02973899377,-1.64217563077
1.02978334432,-1.64836027079
1.0294980466,-1.63409994673
1.02746945835,-1.64931037298
1.02973631066,-1.64811456599
1.02996550976,-1.6369479152
1.03131763889,-1.6333349003
1.03063627435,-1.63899211988
1.03046739347,-1.63703178319
1.03062101145,-1.63400004294
1.03409713513,-1.66781184944
1.02967666131,-1.6338756275
1.02941765937,-1.64849213018
1.03144501261,-1.65291476398
1.03071962928,-1.64829151181
1.02805554859,-1.63388083872
1.03120790271,-1.67796461998
1.02794331145,-1.65341605445
1.02733255237,-1.63167505623
1.02784628164,-1.64749426442
1.03029484597,-1.64926602824
1.02757242452,-1.65441627861
1.02896756315,-1.6636199615
1.02727142745,-1.63294352711
1.02773362593,-1.63003930306
1.03077761239,-1.67317434523
1.02968300088,-1.63769764161
1.02698814256,-1.62491981683
1.03010192513,-1.63735363345
1.03118998054,-1.65498014953
1.04573744732,3.71357050491
1.0302387718,-2.23252474841
1.0314516797,-1.31103967261
1.03195106003,-1.12448484289
1.03206277725,-1.22355702039
1.03077413671,-1.39300283863
1.02780154781,-1.5130360023
1.02871518408,-1.59650495881
1.0319454491,-8.07429405498
1.03024601979,-2.47746787978
1.02984724442,-2.33420712283
1.0275069764,-2.0081801507
1.02840630922,-1.86527090817
1.02911122829,-1.76240010918
1.03094181765,-1.68039310767
1.02810159537,-1.64762168789
1.02679649141,-1.62795676037
1.03030983216,-1.71387617747
1.02934557419,-1.69822893037
1.02796850857,-1.71503460055
1.02996946142,-1.65308661466
1.02769988708,-1.65000250876
1.02871858976,-1.6223130985
1.02882158673,-1.62183569005
1.02904280891,-1.62800819712
1.02578388467,-1.6433635353
1.02903310195,-1.62970980927
1.02917518229,-1.66044763557
1.02833573441,-1.64804977919
1.02722719817,-1.64231690166
1.02744594244,-1.63513344517
1.02772205909,-1.61545839229
1.03117936793,-1.6428473885
1.03079568141,-1.62473571831
1.02866013344,-1.63852919169
1.02854071139,-1.63137889715
1.03138736678,-1.65116564817
1.02964336372,-1.64312951775
1.02977665875,-1.63642305332
1.02986284903,-1.62786345914
1.03066599737,-1.62961428408
1.02977064622,-1.62229286491
1.03174494661,-1.62807254615
1.02826541741,-1.65512404267
1.0307379118,-1.65427115804
1.03107536057,-1.64296616498
1.02947519295,-1.64201966558
1.02702004956,-1.62522362609
1.02968161006,-1.62759137991
1.02954832135,-1.66116918863
1.02877256211,-1.64418898964
1.03019939122,-1.64091022385
1.0299516541,-1.64014753626
1.02536891135,-1.61137339662
1.030523401,-1.65797614672
1.03148977159,-1.64415586909
1.02904312767,-1.65164607335
1.02798395928,-1.64784469745
1.02816746443,-1.61386094207
1.02779535449,-1.62812386949
1.03092725203,-1.66469383019
1.02882569353,-1.65705732809
1.02852130349,-1.6450062793
1.02690399532,-1.64217972799
1.03059980193,-1.65956709933
1.02556297948,-1.64077386396
1.02857742933,-1.63328912175
1.02752603763,-1.62948054861
1.02746316688,-1.63550974383
1.02816422203,-1.6348124458
1.02919635973,-1.66593802743
1.02824103525,-1.64261276926
1.02846954011,-1.64145707504
1.02985309587,-1.64771290374
1.02903007524,-1.63799586704
1.02728333167,-1.63390792115
1.02968491099,-1.64857125946
1.0253568619,-1.64922196399
1.02807976719,-1.65888308316
1.02858548324,-1.64421271461
1.02835459979,-1.64963410737
1.02485900243,-1.63209829533
1.02776065832,-1.66800427457
1.02719411264,-1.63987958966
1.02694409803,-1.64638218875
1.02705797859,-1.6447292462
1.0294135845,-1.65670861864
1.02569147888,-1.65172632958
1.02847117919,-1.65453638654
1.02544142673,-1.6464192213
1.02635703102,-1.65197326447
1.02659853854,-1.6283162816
1.02869728882,-1.65777595129
1.0250953422,-1.644653907
1.02604554862,-1.63744446502
1.0271585491,-1.63663167743
1.03601303833,-1.63314697881
1.03262572313,-1.44082498204
1.03388208858,-1.64170935438
1.02898911888,-1.56682189159
1.03128521749,-1.56480339322
1.03124441933,-1.5852350861
1.03156877834,-1.6406518423
1.03123449981,-1.67010332067
1.03319668935,-1.62384886142
1.02877060917,-1.85402709491
1.03242646703,-1.88248022415
1.03341054407,-1.87386195225
1.03019190138,-1.82779003134
1.03037897142,-1.84966682164
1.03343848215,-1.89873594898
1.03169175582,-1.86271323696
1.03019696137,-1.85896352398
1.02935718338,-1.88230712431
1.03179693953,-1.90794067637
1.0301433151,-1.87416392356
1.0320736468,-1.87558143192
1.03101484379,-1.9015161294
1.02889530474,-1.90217061041
1.02932135641,-1.89585019831
1.0327306868,-1.89296222628
1.02920606213,-1.90472514921
1.03051545126,-1.90613385218
1.02962813998,-1.89966330425
1.03135561541,-1.92360706049
1.03158762433,-1.90173110044
1.03270481978,-1.93150696832
1.03048060107,-1.89986709348
1.03115803593,-1.90987002585
1.03280357264,-1.88788901995
1.03271461917,-1.92246910466
1.03313159347,-1.94857805018
1.03388395207,-1.93532567144
1.03084297559,-1.92502912058
1.03509657932,-1.94886852204
1.03466763305,-1.93521741268
1.03309296758,-1.91627183418
1.03194589629,-1.92012274636
1.03474357867,-1.91921533889
1.03274102717,-1.92870360241
1.03228493562,-1.93158333749
1.03105450946,-1.91100186711
1.03130330024,-1.93764036339
1.03133222253,-1.92701645079
1.03378630962,-1.92901127787
1.03094527894,-1.93228290494
1.03037384615,-1.90840331318
1.03287228651,-1.94593320228
1.03344793165,-1.9359987864
1.0301987748,-1.90911792724
1.03302332482,-1.92455297347
1.03249811243,-1.91353176972
1.03292391639,-1.94222844887
1.03332132195,-1.9240932862
1.0325755814,-1.92784908186
1.03109412987,-1.92021036158
1.03302667002,-1.94143064517
1.03208783061,-1.91711125157
1.03215928848,-1.93577472512
1.0307543979,-1.92092634958
1.03108138589,-1.93030869472
1.02866464955,-1.91564341865
1.03058078984,-1.92280209861
1.03182255059,-1.90055983457
1.03059022128,-1.92638612684
1.02858173056,-1.90662216519
1.03225168795,-1.91781835939
1.02936101286,-1.9168431135
1.03114378418,-1.92874403312
1.03090896675,-1.90623564402
1.03168252799,-1.92609461493
1.03220319921,-1.91839069488
1.0335856793,-1.939089118
1.03158291372,-1.92539830982
1.03016205904,-1.91831496824
1.03172811632,-1.91405855203
1.03354177841,-1.94136461988
1.0290063281,-1.89757310874
1.0321636457,-1.91284829219
1.03163370986,-1.91931269727
1.03140640806,-1.9400494352
1.02984687923,-1.91278911685
1.03192833459,-1.92719345904
1.02892156066,-1.91249508584
1.03184344998,-1.92019543485
1.03027662729,-1.90296524676
1.03024866663,-1.91675154047
1.03168812493,-1.9125617364
1.03117874426,-1.91648218706
1.02970161039,-1.91460546499
1.03205433404,-1.92449636612
1.03243623386,-1.91267208259
1.03149981128,-1.92433769226
1.02957235979,-1.91305519739
1.03394213361,-1.94441014616
1.03060336908,-1.90566232086
1.03225342325,-1.92719469918
1.03069882787,-1.93970784319
1.03077054827,-1.91299034727
1.03164596308,-1.91247096183
1.03557576466,-1.9195130279
1.03035636646,-1.90956541535
1.03067440371,-1.91893015878
1.03207643252,-1.9076607593
1.0324657335,-1.92608657784
1.03117232077,-1.90294449214
1.03036654231,-1.90057717587
1.02899679498,-1.9012026141
1.03000164798,-1.89905740885
1.03307487087,-1.90648637634
1.03150291492,-1.92611023395
1.02848445305,-1.89153320782
1.03096693405,-1.92202799848
1.02984163649,-1.91580695359
1.03097796758,-1.9315363816
1.03106413513,-1.90782667953
1.03040650921,-1.8992412305
1.02918003776,-1.90981080005
1.0332012586,-1.92562205793
1.03006698417,-1.8979803842
1.02836505639,-1.88554053487
1.02954493888,-1.91598995321
1.03279088853,-1.91607439564
1.0308630941,-1.91402787584
1.03188070694,-1.90840187892
1.03127767713,-1.91983629012
1.03028784882,-1.92853368686
1.0325080177,-1.91105715156
1.03408819612,-1.9094668092
1.03129491031,-1.92346073747
1.03055282731,-1.92332678124
1.03231362891,-1.91937140592
1.03239518289,-1.92783147638
1.03041646089,-1.91164279904
1.03356949099,-1.91764124868
1.03112253136,-1.92438244827
1.03319993863,-1.92731908277
1.03298656799,-1.92736634428
1.03143282767,-3.2684462259
1.0302288593,-1.15134457308
1.03339935755,-1.45629532005
1.03155977136,-1.69305318043
1.03031152266,-1.82622647693
1.03049445116,-1.90069332116
1.03139195724,-1.96065393733
1.02930774382,-2.00538108575
1.03293232161,-3.59198245883
1.02926638388,-2.75987165504
1.02855894928,-1.7461483073
1.02894592962,-1.65289162879
1.0297380513,-1.76785643025
1.02862486437,-1.82566003368
1.03116704358,-1.87126911054
1.02905491263,-1.87948842198
1.02979192883,-1.91495179046
1.03062523497,-1.79111902969
1.03317895809,-1.94200631122
1.03022134364,-1.95518450449
1.03162660905,-1.93319819255
1.03356440788,-1.94376085253
1.03215800886,-1.94155032267
1.03017612188,-1.9159098495
1.03250257837,-1.93414542999
1.03124061518,-1.91661857282
1.03285659782,-1.95107897995
1.03266677419,-1.97410830309
1.03038977386,-1.95346593228
1.02976907038,-1.93525570381
1.03290335633,-1.95212567222
1.02885222503,-1.94324063565
1.03041281784,-1.97020994689
1.03262140733,-1.92823556004
1.0312004052,-1.93432966716
1.02907435229,-1.92802939963
1.03149564288,-1.9280772011
1.03093057553,-1.92869740338
1.03098415469,-1.9351245093
1.0310199706,-1.92351999565
1.03352561072,-1.95418937734
1.03113996344,-1.92472505467
1.03421279573,-1.9403705588
1.0344133504,-1.93866751854
1.0362466987,-1.96596816408
1.03800199688,-1.94190365843
1.03693251014,-1.93221287705
1.03478777348,-1.92053237036
1.0368905881,-1.95936896686
1.03686178865,-1.91664378271
1.03537999656,-1.92884606886
1.03277712076,-1.91814427926
1.03422177253,-1.92373160597
1.03144143162,-1.93341953588
1.03324133612,-1.90382007416
1.0338386015,-1.89317220329
1.03320535557,-1.92627329966
1.03212751104,-1.91354537957
1.03481965229,-1.92297101314
1.03396288431,-1.92560919555
1.03405685351,-1.89838907155
1.03439162348,-1.91617749647
1.03352708801,-1.90717576488
1.03241321652,-1.91758123644
1.03662362723,-1.90923968829
1.0338638314,-1.93324155028
1.03447725366,-1.90815346091
1.03562715934,-1.89705216687
1.03816973646,-1.93372450942
1.03598740122,-1.90989158299
1.03685888187,-1.89582344976
1.03402773194,-1.91679570129
1.03312424311,-1.92243222937
1.03348902896,-1.90210438896
1.03355702273,-1.89810364065
1.02879106881,-1.90477238407
1.03091788918,-1.91541354686
1.02993252921,-1.89831600952
1.0295594956,-1.90000283179
1.02920400392,-1.89612996943
1.02863608101,-1.89506841067
1.02869939019,-1.90354398184
1.03147846195,-1.91584822572
1.03011101118,-1.89569426752
1.02931780092,-1.89898373483
1.02948840602,-1.9073916985
1.03222242526,-1.92110082092
1.03035472327,-1.92234879625
1.03083212612,-1.91956135379
1.02945651759,-1.92888770806
1.02996297673,-1.91794558106
1.03086783318,-1.90076693872
1.03334529508,-1.9116291239
1.03087481466,-1.89846108578
1.02998584775,-1.91898909622
1.03095192029,-1.90222087189
1.03142937661,-1.91129162378
1.02908077758,-1.91308296468
1.0313945079,-1.91449921045
1.02906630389,-1.88174345901
1.03024434719,-1.92578019757
1.03193986828,-1.90545792664
1.03255619022,-1.91440212997
1.02978543907,-1.92172234735
1.03092459918,-1.91793952726
1.03044145423,-1.91900789146
1.0307932162,-1.92316919764
1.03011536187,-1.90120975802
1.0291974087,-1.90572139097
1.02853354716,-1.89888094163
1.03228367905,-1.90354444848
1.03060198826,-1.92450578186
1.02861881302,-1.91053085384
1.02907264191,-1.9076284128
1.03312763218,-1.92592347328
1.03038406211,-1.91483136368
1.03180761321,-1.92004096295
1.03008368265,-1.89040902783
1.03052616063,-1.89525982901
1.030389063,-1.9042936646
1.03292312753,-1.92433778561
1.02998854638,-1.92850392837
1.03050646389,-1.90756707837
1.03144724133,-1.91257918354
1.03080174856,-1.92316789016
1.0297222891,-1.9205704772
1.03309078582,-1.93648138652
1.03009130082,-1.91883130667
1.03277478334,-1.94498417155
1.03240298934,-1.89725678914
1.03195563079,-1.91172922586
1.02870734354,-1.91633603152
1.03171089405,-1.92779149892
1.03130906887,-1.89528396719
1.03165504478,-1.9226731209
1.02979494227,-1.90204231738
1.03224449535,-1.91924320354
1.0292826013,-1.9063555764
1.03222800438,-1.93381387977
1.0299827933,-1.8983853114
1.02909262414,-1.91153291976
1.03054502239,-1.89785260548
1.03240844918,-1.912484078
1.03015689833,-1.90231684565
1.03242428543,-1.9109257653
1.03044660521,-1.90294541401
1.03027495474,-1.89983046464
1.03083579749,-1.90668419173
1.0350678103,-1.91452894925
1.03058387543,-1.90032637467
1.03218138332,-1.90578737125
1.03132672159,-1.89568682763
1.0321794321,-1.91925969483
1.03230710348,-1.92849523286
1.03262929727,-1.91384044704
1.03106689933,-1.9289807052
1.03385423019,-1.93115288462
1.03427348028,-1.92185335378
1.03190043133,-1.94229398572
1.03004305824,-1.93796887584
1.03329623861,-1.94189206335
1.03224245127,-1.93857491838
1.0461333203,3.63719990412
1.03293665409,-1.89799532453
1.03156958525,-1.11402480885
1.02980660036,-1.17451982759
1.03485289286,-1.45240613128
1.03257075925,-1.69801839175
1.03186679047,-1.8571883138
1.03285743057,-1.95705116417
1.03488914376,-8.27668053441
1.03366875113,-2.82398596146
1.03513840772,-2.57676513223
1.03261321965,-2.32667699139
1.03165527453,-2.16237674626
1.03442800996,-2.05204390225
1.03393301167,-1.99196755193
1.03065603195,-1.96303607639
1.03085740344,-1.9184825332
1.03264289865,-2.02768426438
1.03168510402,-1.88258461024
1.03093845131,-1.9128165023
1.032720581,-1.94800427327
1.02908663263,-1.88516908689
1.03321951775,-1.91895486549
1.03396604832,-1.92123894604
1.03328888516,-1.91046733274
1.0311924793,-1.89757136373
1.03425742618,-1.9345592046
1.03309880817,-1.935020549
1.03178083222,-1.92326367678
1.0327470033,-1.92439676246
1.03186800673,-1.91521455797
1.02973301784,-1.88488744235
1.03465649156,-1.8950392775
1.03086345961,-1.91034680531
1.03036426709,-1.93563642644
1.03221420633,-1.90660083301
1.03413291277,-1.94548041999
1.03014901069,-1.92280262363
1.03133552548,-1.91351207989
1.02852975637,-1.9126786661
1.03122687356,-1.93777263957
1.03128527656,-1.92480512358
1.03171741061,-1.90671978263
1.02830242796,-1.91436013655
1.03057852912,-1.92168411731
1.03097203813,-1.91977445346
1.03116091957,-1.91217604582
1.03158081058,-1.91233902177
1.03293607852,-1.93037220458
1.02997714843,-1.91495451175
1.0320938913,-1.94928127537
1.03274973837,-1.91656416412
1.03237842788,-1.93184602993
1.0311475041,-1.91934490512
1.03379409499,-1.92142894069
1.03154181191,-1.91461964655
1.03213935723,-1.92985405586
1.03206970135,-1.91461484526
1.03184334479,-1.91327191221
1.03209937674,-1.93623901682
1.03598055624,-1.92726060985
1.03202264484,-1.94524572675
1.03149709147,-1.9241486195
1.03244708285,-1.9387692172
1.03369837019,-1.94516531065
1.03086473443,-1.91816878966
1.03427421188,-1.93044343872
1.03193318302,-1.93829498556
1.03169037396,-1.93392152091
1.03175827225,-1.93410733109
1.03444856297,-1.94299165592
1.03033085311,-1.93308194737
1.03291716551,-1.92442824684
1.03069602379,-1.92972184635
1.03131471211,-1.93564146589
1.03233545697,-1.91900871714
1.03307816292,-1.94179584571
1.03113996552,-1.95054032821
1.03316438855,-1.92132035435
1.03252019409,-1.92450664836
1.03114222241,-1.91252383928
1.03075993762,-1.92963908231
1.03371843213,-1.91443723418
1.03177427181,-1.92546413596
1.03307551844,-1.95206775727
1.03057309956,-1.91352947627
1.03086138792,-1.92695055809
1.03073303172,-1.94661757427
1.03448734845,-1.93443053524
1.03202451224,-1.9302121429
1.03183912188,-1.94613950555
1.03181159138,-1.93744711512
1.03307648524,-1.93617646607
1.03072727725,-1.91771286792
1.03349764305,-1.93490691456
1.03069489004,-1.90955793937
1.04040035568,-1.52295695272
1.03743891859,-1.3656252727
1.03861427447,-1.39169244753
1.03496453729,-1.48940184225
1.03728410663,-1.42269306495
1.03701780433,-1.44717645694
1.03683588843,-1.54187168424
1.03720288656,-1.5392172852
1.03740366037,-1.52152547082
1.03386686182,-2.00729282924
1.03690043124,-2.03696144591
1.03685293852,-2.04522419659
1.0356030306,-1.97863306077
1.03572153062,-2.03024474955
1.03644267359,-2.00842965635
1.0370505318,-2.05476949996
1.03626273879,-2.02434736979
1.03578670447,-2.03485565439
1.03411481248,-2.03203842928
1.03548479604,-2.05276218366
1.03959303608,-2.07283997276
1.03631364685,-2.07327816036
1.03669809966,-2.07720256251
1.03643854086,-2.05589835217
1.03890071909,-2.08659837524
1.03684119052,-2.06318836683
1.0380756614,-2.06809036733
1.03555239122,-2.07528684568
1.03765316827,-2.07776835443
1.03979947022,-2.07953902347
1.03682991813,-2.09167858411
1.0348516895,-2.06593963217
1.03872283364,-2.0909375009
1.03746168204,-2.08624387842
1.03831472925,-2.11468831107
1.03932168738,-2.09846605938
1.03802478445,-2.10829603184
1.03671541767,-2.11857756292
1.04017675352,-2.12209747676
1.03894979071,-2.11217593127
1.03750682141,-2.10466084009
1.03731050269,-2.110995759
1.03893495249,-2.12968832691
1.03607883882,-2.09176587716
1.03875786154,-2.09774166515
1.03718945276,-2.09367419707
1.03763606321,-2.12434781094
1.03732749402,-2.09780700481
1.04110333382,-2.10416691594
1.03436809075,-2.08971120411
1.0376577635,-2.13524805213
1.03796581547,-2.12628164271
1.038455796,-2.11307069091
1.03833782042,-2.12822481614
1.03868505069,-2.11866113135
1.03558159257,-2.10098703758
1.03912333329,-2.11892671965
1.03965086308,-2.08846656702
1.03834045759,-2.11218338897
1.03887108104,-2.10502297512
1.0404745247,-2.12009695435
1.03707962043,-2.10272759718
1.03755850628,-2.09635948689
1.03951028281,-2.1116942879
1.03887990516,-2.11651671441
1.0358637595,-2.10112342721
1.03993800085,-2.11039386256
1.03718280257,-2.1218040173
1.03541974587,-2.0762398815
1.03549125733,-2.08455830537
1.03779243837,-2.0870447479
1.03600030413,-2.11128883407
1.03726314324,-2.09845862636
1.03625735633,-2.09407632887
1.0358407102,-2.09078768203
1.03888465595,-2.09756935589
1.03958154559,-2.11953020597
1.03568970222,-2.08187278617
1.03750968817,-2.10817537745
1.03910956913,-2.09435818736
1.0391272761,-2.11467919808
1.03813547375,-2.11351982101
1.04028254934,-2.11491124906
1.03694304772,-2.10904892734
1.03951670599,-2.09063573068
1.03986692796,-2.08664757265
1.03948288117,-2.12091930064
1.0374479919,-2.09294004629
1.04017627743,-2.09625409076
1.03770192962,-2.09537861206
1.03930678052,-2.11570413799
1.03916829213,-2.09777441472
1.03865368417,-2.11427678874
1.03804406627,-2.09857274229
1.04150231693,-2.1064739992
1.03882507988,-2.11032448282
1.03718113424,-2.08365962743
1.03896870087,-2.11708177324
1.04029812899,-2.09442289052
1.03827706758,-2.09622607155
1.04135708633,-2.09062511942
1.03656771436,-2.09411567217
1.03704350549,-2.08019969265
1.0395462313,-2.09184657644
1.04019194222,-2.09581286728
1.03664439678,-2.07371014088
1.03801183808,-2.08703357733
1.03820708809,-2.09428478608
1.03805574405,-2.10210002043
1.03623833157,-2.05687843317
1.03695714859,-2.08912907475
1.03583458588,-2.08282205612
1.0375181902,-2.07800001458
1.03916363015,-2.097036782
1.03774140192,-2.09539495348
1.03654518752,-2.09213954171
1.03935453201,-2.0691344114
1.0384223279,-2.08632333517
1.0396474612,-2.09801498555
1.03880192442,-2.08898620795
1.03921339155,-2.09757266102
1.03806926594,-2.08419009804
1.04243393993,-2.07217191363
1.03981114247,-2.0888384735
1.03945474924,-2.10360853545
1.0390953777,-2.08369036736
1.03840789931,-2.08887398477
1.03969951244,-2.09579874435
1.04253827485,-2.08885063351
1.03885834164,-2.10123624071
1.03876046888,-2.10257917236
1.04088772334,-2.11510731298
1.0423125902,-2.09485268182
1.03721072131,-2.10071909044
1.04022034463,-2.10391674208
1.03976218786,-2.11439341174
1.04029776927,-2.10635816152
1.03825841089,-2.08318215945
1.03706219544,-2.08071223095
1.0377304559,-2.09938139189
1.03972951379,-2.06856583924
1.03849306417,-2.08688582241
1.03727724573,-3.92190000956
1.0366099101,-1.12475969001
1.03935417566,-1.48890213634
1.03722839653,-1.85004966855
1.03879496541,-2.040963983
1.03806803019,-2.1388464119
1.03925571515,-2.20623404773
1.03864840567,-2.22483950319
1.04279182505,-3.6457535467
1.03956756573,-2.94221567543
1.0405912621,-1.97393239467
1.04000204874,-1.86003775956
1.04073069775,-1.97222931097
1.03880332851,-2.02567981754
1.0421575011,-2.05963961063
1.03861614922,-2.05884411856
1.0394714724,-2.08700066272
1.04030284788,-1.88796290849
1.04190469136,-2.16713118991
1.03794433925,-2.17321705547
1.04060524001,-2.16391247614
1.04073042551,-2.13833566257
1.04056234611,-2.13942238594
1.03843729601,-2.10888585289
1.0402664973,-2.13924515352
1.03721073532,-2.13538890058
1.03950994071,-2.1602592077
1.0386160102,-2.17635190292
1.03712103792,-2.12847885392
1.03905640676,-2.13302165152
1.03899562686,-2.14154404951
1.0356361344,-2.14357259318
1.03774754461,-2.14469515663
1.03686528958,-2.09159916099
1.03657564676,-2.10133757938
1.03695854725,-2.10280479346
1.03907003546,-2.11685309666
1.03508497132,-2.10869339376
1.03740406127,-2.12420336304
1.03746567367,-2.1300397798
1.03792852384,-2.12286880915
1.03688957843,-2.11767701731
1.03900655142,-2.10259039158
1.03537291741,-2.09289034391
1.03788022816,-2.12155005373
1.03946023844,-2.09835897224
1.03996102801,-2.09767523911
1.03598346712,-2.08869070613
1.03850975878,-2.10302325723
1.03681546128,-2.10075551625
1.03803869406,-2.1174612318
1.03799756008,-2.08341866303
1.03819625258,-2.1038115031
1.03556305021,-2.05230710873
1.03796653143,-2.06380813702
1.03709058856,-2.06306857381
1.0359421735,-2.05506220679
1.03615982635,-2.08119415502
1.03712129149,-2.07090415349
1.03522239836,-2.08184385427
1.03912369897,-2.0604183073
1.03500476704,-2.0473019883
1.0340540191,-2.0470948934
1.03706451448,-2.07134380406
1.03801264771,-2.08930131164
1.03681579463,-2.08296756777
1.03630801803,-2.06055960985
1.03756094516,-2.05088643434
1.03730809318,-2.06248119538
1.03702923742,-2.06029142833
1.03919827904,-2.06520562259
1.03531409514,-2.07814489912
1.03790318586,-2.07283028063
1.03928066644,-2.08949329389
1.03864430837,-2.06328154807
1.03604281383,-2.07372242558
1.03815755522,-2.07818268315
1.03807012366,-2.09070053544
1.0387021143,-2.06834064813
1.03720059982,-2.06074505722
1.03663915217,-2.0592198274
1.03556355222,-2.06424759463
1.04018137392,-2.04572384267
1.03807843275,-2.0568544824
1.03570166979,-2.07038215813
1.03688201464,-2.09123966303
1.03764007715,-2.04365247414
1.03751386864,-2.08622077305
1.03961827146,-2.07966049125
1.03746630273,-2.08518240604
1.03752598768,-2.07232266022
1.03888549405,-2.07378571508
1.03969751286,-2.09538359076
1.03716254659,-2.10115550333
1.03870815391,-2.08208348705
1.03873168746,-2.07568883294
1.03789439169,-2.07867142993
1.03860742959,-2.08332097727
1.03918214543,-2.08692377343
1.03525936839,-2.08569704044
1.0391938266,-2.09437422997
1.03862036279,-2.08043540271
1.03798387936,-2.06625296629
1.03690341801,-2.05617761866
1.03922788847,-2.04976931816
1.03770134293,-2.04853825266
1.03957105154,-2.06536760611
1.03879247022,-2.06343205826
1.03761381582,-2.07204922924
1.03836188412,-2.0743043501
1.04136316138,-2.07657590098
1.0381882794,-2.06952568441
1.03732659561,-2.04967259292
1.03778990295,-2.05406968585
1.03837473053,-2.05329935164
1.03536562301,-2.05823638015
1.0400445642,-2.08188926931
1.03676755912,-2.05196535061
1.03731811464,-2.0615636837
1.03607598972,-2.04907294585
1.03769309704,-2.06989314822
1.03563476611,-2.09130046851
1.03763238806,-2.08250123163
1.03593772987,-2.05594965221
1.03734985967,-2.0867398837
1.0387335672,-2.09596830758
1.03742766923,-2.05418503226
1.03401181873,-2.08473813891
1.03720903766,-2.07334619171
1.03764312129,-2.06809082327
1.03787311147,-2.06061268295
1.03483849935,-2.06640191267
1.03840528773,-2.05071179208
1.03549439769,-2.06845877529
1.03779869852,-2.07398061331
1.03753251058,-2.05711564557
1.03523122505,-2.0409149939
1.03581112234,-2.06680277749
1.03882779565,-2.09086840447
1.03770925534,-2.07068953073
1.03671951908,-2.07555797075
1.03641800766,-2.07333748822
1.03659767334,-2.06872291824
1.03651950003,-2.07144812104
1.0385282461,-2.08222131039
1.03449515737,-2.05509970218
1.03597605436,-2.03474051675
1.03804380524,-2.07270494364
1.03828169859,-2.04428232371
1.03425090353,-2.05507862917
1.03667368788,-2.04932669085
1.03653089945,-2.06846548198
1.03800006655,-2.08557345117
1.037925475,-2.07653881879
1.03706124415,-2.08709113114
1.03416262583,-2.09388856149
1.03657582061,-2.09076670626
1.03589265039,-2.0594449946
1.03480581294,-2.07446766236
1.03397491374,-2.09048051437
1.03620817668,-2.10662585221
1.03497415831,-2.09695397543
1.04877145432,2.7700794407
1.03564976298,-2.45317290027
1.03472408392,-1.62891521362
1.03461832677,-1.53890378094
1.03877565065,-1.69347757239
1.03487295291,-1.86363856523
1.03665583844,-1.98771645145
1.03705075743,-2.1054223878
1.03739525246,-9.39281950796
1.03688689333,-3.07070137568
1.03950661432,-2.89397752973
1.0361924524,-2.49603895428
1.03711394114,-2.30886482575
1.03856934487,-2.17427127778
1.03760961713,-2.07898967735
1.03596621096,-2.04730202034
1.03725075458,-2.03337050062
1.03595954653,-2.18525605329
1.03726099269,-2.00921604416
1.0373141235,-2.06805596618
1.03768447323,-2.05948479422
1.03449610373,-2.04345570025
1.03723363797,-2.04167003681
1.03705309489,-2.04725937984
1.03565828586,-2.0416739687
1.03601624134,-2.04782774781
1.03718186179,-2.04890404416
1.03449313452,-2.06368409972
1.03710860955,-2.06744750044
1.03525397923,-2.03684133953
1.03445986316,-2.03115874331
1.03581137623,-2.05040594665
1.03873795544,-2.04730449142
1.0350533423,-2.05016777152
1.03623925247,-2.05326245986
1.03624663007,-2.04572422204
1.03682005539,-2.05261117765
1.03462091852,-2.0579084701
1.03692135311,-2.04623535238
1.03639601962,-2.05230700478
1.0374254456,-2.04933389477
1.03608513743,-2.03981908974
1.03729377599,-2.05315548499
1.03578669409,-2.06294733004
1.03751362581,-2.04963677949
1.03482874926,-2.05502205471
1.0358778362,-2.05414126645
1.03665615156,-2.04097903935
1.03688209835,-2.04765848607
1.0335677182,-2.05772525286
1.03863547404,-2.03860406965
1.03648876615,-2.05293836268
1.03567845346,-2.05709438501
1.03449244478,-2.06997317167
1.03523346659,-2.06804504346
1.03557873123,-2.07904530859
1.03691034704,-2.10452641354
1.03420184929,-2.0392764059
1.03359817156,-2.06443003123
1.0358559555,-2.06632616258
1.03694925656,-2.07527958113
1.03350434002,-2.06524782338
1.03553111677,-2.06723741925
1.03628224015,-2.08301441179
1.03578012818,-2.08856109444
1.0338032128,-2.06262150139
1.03793459622,-2.08339017436
1.03433837698,-2.07970353085
1.03618349523,-2.0813179013
1.03646979425,-2.08401316008
1.03509349506,-2.10354202629
1.03543055814,-2.06816559314
1.0375489301,-2.07768818147
1.03478814615,-2.07232219031
1.03651322365,-2.06061475481
1.03728716145,-2.06609632103
1.03543877813,-2.09314197301
1.03465781513,-2.10299945418
1.03688145094,-2.07826719836
1.03723991883,-2.07728124451
1.0358464516,-2.0866799688
1.03515914824,-2.09358144893
1.03491785835,-2.07806770933
1.03323386277,-2.08588785472
1.03765975577,-2.09803075571
1.0352016313,-2.08876544909
1.0342942907,-2.0770996563
1.03483844404,-2.09120332779
1.03707016251,-2.10755012423
1.0343104785,-2.07661739841
1.035721578,-2.08550981974
1.03501990679,-2.0949856035
1.03552808457,-2.0946987155
1.03620618828,-2.08054598464
1.03700061943,-2.07828655065
1.03460206944,-2.06596836198
1.03885293868,-1.53223220724
1.03615137896,-1.44662786862
1.0357835205,-1.28216534355
1.03431814971,-1.55085470992
1.03632497173,-1.57209350564
1.03313582069,-1.55763926017
1.03525366366,-1.40720250721
1.03410085215,-1.47894866675
1.03530254689,-1.51695272929
1.03592305819,-1.30672981112
1.03838373639,-1.23236028722
1.03594362946,-1.20651529969
1.03655133147,-1.18530705091
1.03647703812,-1.18698368774
1.03676922157,-1.17265837478
1.03394400311,-1.19345258549
1.03925849239,-1.21094709043
1.03506083181,-1.21287090831
1.03491116314,-1.19948105132
1.03722599825,-1.22997946857
1.03868560603,-1.20994187269
1.03364758285,-1.21765654162
1.03672132524,-1.21148801162
1.03571957374,-1.23511344029
1.03595444499,-1.18826457017
1.0361553993,-1.19490245604
1.03599155824,-1.21550200356
1.0326629889,-1.21099119223
1.0369100044,-1.22077252866
1.03665734283,-1.22956246778
1.03577335656,-1.21461720869
1.03553637247,-1.23110125293
1.03610498075,-1.22810428227
1.03458853301,-1.20155472038
1.03800343914,-1.23459628014
1.03628276262,-1.22520101324
1.03585628293,-1.22471560209
1.03527031059,-1.22746909555
1.03829649992,-1.22326004719
1.03561219984,-1.23409473747
1.03482264786,-1.22074129711
1.03627673307,-1.22083183017
1.03628069809,-1.19975969428
1.0374744219,-1.22423765401
1.03869732872,-1.21493878186
1.03399207944,-1.23815294659
1.03558318145,-1.20240904758
1.03660243161,-1.19018614669
1.03701280542,-1.19664816383
1.03465320119,-1.20245523259
1.03729467675,-1.20102286078
1.0353871433,-1.19627892124
1.03677740242,-1.20497322202
1.03568777888,-1.19390183604
1.03702490417,-1.16985672057
1.03426981741,-1.21480858178
1.03702393146,-1.21457995154
1.03602028363,-1.18431321686
1.03400946702,-1.17348238508
1.03623525244,-1.2003265935
1.03715933682,-1.22776347151
1.03407364896,-1.1996899941
1.03790522195,-1.19742303009
1.03628944732,-1.21098494643
1.03516605545,-1.19835387284
1.0339054373,-1.20383913283
1.03858393321,-1.18787118597
1.03558784528,-1.18866216944
1.03601320871,-1.17904581162
1.03540836832,-1.17475349808
1.03613570058,-1.18522831435
1.03499454732,-1.14777205782
1.03787650498,-1.1668953332
1.03475332337,-1.1450198968
1.03683316844,-1.16948687875
1.03742741398,-1.17759461694
1.03789478397,-1.17722101282
1.03399068972,-1.18059315942
1.03616868782,-1.12488894358
1.03510402952,-1.1715864385
1.03636768052,-1.16909900534
1.03763675779,-1.17418086462
1.03650848689,-1.16157724418
1.033588647,-1.16089191086
1.03715427907,-1.17378235995
1.03708589521,-1.17665371852
1.03451442231,-1.15008935304
1.03594948941,-1.19068416762
1.03647761005,-1.1699997809
1.0353855597,-1.17323629496
1.03811380062,-1.16629755761
1.03562624958,-1.15704602738
1.03568007735,-1.15204433658
1.03583692062,-1.18982299645
1.03920869192,-1.15389631729
1.03691110124,-1.17182822978
1.03677015954,-1.15426799107
1.03592542696,-1.15339807945
1.03603781452,-1.14623959798
1.03607802467,-1.13078013851
1.03874696122,-1.16793401205
1.03656965791,-1.15867822658
1.03840577078,-1.16325123434
1.03897405924,-1.17698919437
1.03859765315,-1.14819242736
1.03638068036,-1.16952890765
1.03865524401,-1.16996829527
1.03646023361,-1.15712430811
1.03804241763,-1.17215498827
1.03998574541,-1.17656248649
1.03756645582,-1.1752685824
1.03499782467,-1.17151926513
1.03998259807,-1.16762274083
1.03784687595,-1.1604472828
1.03733256789,-1.16065453302
1.03720217123,-1.15403866076
1.03810074568,-1.14918492314
1.03521001654,-1.16786915284
1.0386898827,-1.12659681542
1.03691095,-1.12408714815
1.03644383676,-1.13985365898
1.0362629397,-1.14412653374
1.0390810372,-1.16612276227
1.0349155139,-1.13822112347
1.03773476575,-1.16531321886
1.03631875726,-1.13971277441
1.03760248518,-1.1425900848
1.03657649227,-1.15702935352
1.03927509047,-1.13393230406
1.03391694557,-1.1416616645
1.03694218727,-1.14132081924
1.03851868656,-1.14754759792
1.03882826684,-1.14688057401
1.03656430073,-1.13604163933
1.03850084222,-1.15250592965
1.03692556111,-1.12821623963
1.03802393159,-1.1575290931
1.03773527838,-1.14051964904
1.03702926119,-1.14414624433
1.03734264678,-1.15411448687
1.03970946849,-1.14289699622
1.0362483484,-1.12362462079
1.03676517541,-1.24537102747
1.03663476317,-0.322432715277
1.03860253276,-0.705063487964
1.03573419239,-0.960723089655
1.0398397607,-1.09681136754
1.03778359624,-1.16528892347
1.03719890804,-1.23631992219
1.03767682358,-1.26282565815
1.04101569246,-4.26106020779
1.03894764423,-1.71329062428
1.03792166778,-0.623148048823
1.03711109603,-0.796827249632
1.03706151409,-0.937908660748
1.03832119905,-1.03934370591
1.03884283947,-1.05841558945
1.03442376124,-1.06852286549
1.03797970597,-1.1095373066
1.03594461785,-0.937664117899
1.03708141835,-1.05900363929
1.03557361069,-1.04375992167
1.03903419771,-1.07455496391
1.03604149217,-1.0829344846
1.03811329262,-1.12419088946
1.03767487217,-1.12501403918
1.03789010089,-1.14216320518
1.03840421002,-1.09345050944
1.04132390686,-1.07525378321
1.03805687048,-1.08034080882
1.039109179,-1.0805909341
1.04016213215,-1.07496841935
1.03939589227,-1.07808985379
1.03853715058,-1.04563721542
1.04225257575,-1.07247290164
1.03915959739,-1.11064481805
1.03837740642,-1.11001204143
1.03740415217,-1.10135709789
1.04165256398,-1.08980354197
1.03804595389,-1.14000387275
1.03883434557,-1.12128782712
1.03640970586,-1.12026603182
1.03805241524,-1.07828564828
1.03850113865,-1.13026080638
1.03875468805,-1.11917078321
1.03590570751,-1.12151503633
1.03823862713,-1.12238221709
1.03803028567,-1.13920983977
1.03930622137,-1.13730224557
1.03717560122,-1.13408192668
1.03908948314,-1.12634059896
1.03716322851,-1.14608079844
1.03959277111,-1.1292601477
1.0394520391,-1.15039011253
1.03776624548,-1.12761871521
1.03781290818,-1.18931313571
1.03989669141,-1.18959649979
1.03888522004,-1.16073022141
1.04037838443,-1.19734926793
1.03870808703,-1.17537637032
1.03907974415,-1.17032404055
1.03871238158,-1.17779065225
1.04190124454,-1.19940682358
1.03760088715,-1.1567589215
1.03873407761,-1.20809067022
1.04006573455,-1.18178948674
1.04056723584,-1.1795636465
1.03646861995,-1.18498105253
1.04061446674,-1.21156229488
1.03831428431,-1.19345784209
1.039260384,-1.20300326936
1.04001393875,-1.19141246761
1.03985415852,-1.1908479397
1.03560656001,-1.1687986587
1.03871586122,-1.18037987106
1.03867022567,-1.17781537101
1.03842653117,-1.17444170426
1.03767539877,-1.1695454686
1.03876344541,-1.17293331086
1.03700154644,-1.18390935376
1.03960594819,-1.18493580591
1.03799526458,-1.19081787234
1.03772470583,-1.15458353565
1.03707321947,-1.17804212291
1.04142075277,-1.19084907553
1.03719238067,-1.18711649231
1.04031001486,-1.22662592187
1.03954636507,-1.19341974315
1.03822823969,-1.19905140028
1.03712352538,-1.17531532242
1.03931984336,-1.18704217877
1.03725844066,-1.20043087146
1.03816206727,-1.19093280808
1.04072087159,-1.19595425185
1.03953368651,-1.17718812587
1.03802488475,-1.16206368233
1.0402572102,-1.18141680907
1.03689140343,-1.16362223731
1.03926567954,-1.19450750295
1.03975047533,-1.19397114725
1.03867427907,-1.19487489365
1.03557065093,-1.18224340632
1.03842812728,-1.19188251798
1.03872560719,-1.17353007688
1.03792996919,-1.18432603168
1.03599965676,-1.19688038883
1.03838944517,-1.19587610499
1.03767725133,-1.20684396811
1.03878646119,-1.18667870314
1.03660704048,-1.18378361585
1.03700909073,-1.20458763917
1.03866607968,-1.17167673851
1.03958150457,-1.19563434821
1.03660790385,-1.1724772421
1.03892044605,-1.22119678644
1.03841119409,-1.2156621622
1.03768921419,-1.20913633696
1.03738693396,-1.20029067841
1.04121991031,-1.17868661707
1.03648559085,-1.17091418448
1.03835378416,-1.18832227318
1.03964786159,-1.16333797691
1.03883160796,-1.18040222595
1.03834148246,-1.18503859993
1.04108805794,-1.18920246361
1.03768686756,-1.19248561901
1.04022573423,-1.17714550626
1.04178692733,-1.20905257085
1.04051941452,-1.1809211841
1.03756806977,-1.18132033667
1.0406590698,-1.16582439614
1.03994042691,-1.20509142294
1.03958999102,-1.1914607027
1.03971364254,-1.20234867959
1.03901728285,-1.18644436965
1.03751811717,-1.18536464608
1.04141114586,-1.19782181037
1.03864265645,-1.17662344767
1.03728680907,-1.18151418935
1.03865952135,-1.17344174348
1.0403058816,-1.18515267712
1.03787680084,-1.19137905208
1.0412395914,-1.18959540966
1.03731167167,-1.18556344098
1.0387695187,-1.17173426137
1.04001895568,-1.20823596158
1.04205355172,-1.22453885131
1.03731956529,-1.18113052504
1.03869734478,-1.22992470531
1.0401079504,-1.20041371765
1.0406993856,-1.23218462397
1.03847108476,-1.20016586907
1.04143314805,-1.22997088178
1.03710784667,-1.19698455622
1.03858582494,-1.20432055852
1.04064102061,-1.19886921603
1.0404187421,-1.17003730003
1.03716432112,-1.16457106746
1.04213536061,-1.15096332244
1.0387007616,-1.16104379927
1.03923848392,-1.16529452782
1.0390462018,-1.15479643475
1.03948353203,-1.14930928575
1.03885243005,-1.11768028048
1.05624549469,4.0630175199
1.03926876315,-1.68445877731
1.03926301418,-0.656333397797
1.03880996476,-0.533310304533
1.04164110973,-0.77719765759
1.03856733958,-0.941940102108
1.03960365494,-1.09469996463
1.03755251404,-1.16459728122
1.03917449483,-7.69797382667
1.03913803438,-1.85831437729
1.04203860789,-1.94255863731
1.03671500143,-1.52154483515
1.04013470098,-1.37667243736
1.03974334345,-1.27854493842
1.03969734979,-1.22283514109
1.03907120094,-1.18436184388
1.04172024829,-1.20478632432
1.03660579019,-0.758113520402
1.04084761838,-1.31451409717
1.04118690296,-1.14796711879
1.039811022,-1.16390238391
1.03922750989,-1.14240270246
1.0423177155,-1.1923391449
1.0398971942,-1.15196414164
1.04098600435,-1.17679268324
1.03987888866,-1.16594808676
1.03931119919,-1.1738572558
1.04021892007,-1.19939854247
1.04325717047,-1.23598052538
1.04039011415,-1.17949197686
1.04015098204,-1.20528970871
1.04080312991,-1.18234506543
1.04136242982,-1.19958626168
1.03784745196,-1.18186275642
1.04112314103,-1.19432074685
1.04057039653,-1.18994100837
1.03952192365,-1.1981187894
1.03969597973,-1.17169823896
1.04067285064,-1.20067075351
1.03776133435,-1.19900700116
1.04118133595,-1.18622543558
1.03934752273,-1.17758278941
1.03951070328,-1.17788022039
1.03949906161,-1.19254330729
1.04082519495,-1.19632383523
1.03618068571,-1.18154821959
1.04021220211,-1.19847834616
1.04039282187,-1.19339277193
1.03954002845,-1.21850489547
1.03639755807,-1.1769870082
1.0406891764,-1.17568395315
1.0378567809,-1.191438198
1.0394410597,-1.20759270103
1.04000397563,-1.17609829231
1.03960520839,-1.1433527835
1.03912042163,-1.17480835413
1.04165877817,-1.17331671284
1.03852221228,-1.16747270937
1.03936293185,-1.19935012048
1.04277927731,-1.17845261815
1.04103485279,-1.17739603569
1.03836536207,-1.18966680129
1.04137823027,-1.18180299566
1.03959564985,-1.1768954531
1.03999128001,-1.17670933268
1.03991212058,-1.18866466251
1.04010650535,-1.18290921462
1.03655558928,-1.15822151653
1.04180188218,-1.19827935612
1.04025134693,-1.18309474705
1.0393363545,-1.18946138024
1.04027644602,-1.1733550851
1.04148634643,-1.18117272407
1.03751280436,-1.18417224108
1.04190248502,-1.19565269241
1.03937800505,-1.16734535178
1.03935286023,-1.19446394132
1.03687656306,-1.16794589742
1.04027118714,-1.18278588401
1.0393100419,-1.18480420645
1.03877861795,-1.19753215126
1.03915495022,-1.16475797792
1.03816187342,-1.1563571819
1.03865964858,-1.14961403249
1.04117417807,-1.18814087409
1.03758202926,-1.17836019829
1.03930931708,-1.18466249019
1.04080896485,-1.17821522235
1.04165239233,-1.17486994828
1.04014571317,-1.21125553147
1.04251182833,-1.18982311915
1.03921466112,-1.18331946051
1.04255025404,-1.19461411654
1.04392195146,-1.21061471846
1.04323566841,-1.16755482975
1.04188996517,-1.19914710108
1.05939931314,-1.49356557011
1.05372585026,-1.56396074024
1.05151798134,-1.54926760682
1.05352470544,-1.66365322267
1.05338550767,-1.67081266004
1.05116161571,-1.65751430524
1.05448892289,-1.5982621796
1.05353795332,-1.63770811648
1.05214960146,-1.60505222602
1.05496332572,-1.59647170431
1.05514073611,-1.55128765889
1.0541357968,-1.53430388265
1.05616041924,-1.49359637625
1.05568622897,-1.51342317739
1.05590544233,-1.5014178285
1.05645956821,-1.51115881252
1.06142468621,-1.54444935508
1.05631196431,-1.53411387833
1.05973029768,-1.53718053629
1.06231782781,-1.53368811814
1.06377873415,-1.52518734448
1.06272659353,-1.53395792199
1.06506597626,-1.54193010852
1.062189895,-1.53382226322
1.0651159524,-1.53657745858
1.06567355915,-1.52452878521
1.06547057357,-1.51581777538
1.06605979715,-1.54587767979
1.07112097423,-1.55768383301
1.0701018543,-1.54899263965
1.07071807215,-1.55195153409
1.06937160083,-1.53833675846
1.07274920577,-1.53308447045
1.07037333657,-1.53872416627
1.07364722962,-1.55032144548
1.07231467145,-1.55588938659
1.06845321005,-1.54006894133
1.07029115799,-1.56189653273
1.07109314912,-1.54575105468
1.06796714492,-1.53170462974
1.06974911967,-1.54038999823
1.06738221394,-1.5277064826
1.06838201678,-1.54774180824
1.06892416945,-1.53672739902
1.06966382511,-1.53408584098
1.06482814987,-1.53834005166
1.06767842324,-1.51422579158
1.06839762742,-1.52255786282
1.06630401136,-1.51909806506
1.0632168802,-1.50951757523
1.06728801192,-1.52757181752
1.06167747327,-1.50936131221
1.06452862047,-1.52390090065
1.06356332927,-1.52207868065
1.06097957167,-1.4998908115
1.05883891652,-1.52766922386
1.05953109323,-1.51704846716
1.05787329505,-1.51250593191
1.0562697395,-1.49309705164
1.05393092091,-1.50154260575
1.04978834236,-1.48016325571
1.04991234231,-1.4944529629
1.05157831354,-1.48707661234
1.04987995693,-1.4895979859
1.04778732585,-1.47967250287
1.04861007576,-1.48205441843
1.05033666604,-1.48549485448
1.04956824877,-1.48096973538
1.05050410676,-1.48314670968
1.04899496606,-1.48162409706
1.04870968163,-1.47630149835
1.05057280429,-1.47251120485
1.05179651889,-1.46890333821
1.04604003616,-1.45825073624
1.04894695314,-1.44367367727
1.05013880872,-1.47454016504
1.051951974,-1.48162903274
1.05009594413,-1.49237431114
1.05089162853,-1.45849636489
1.04888400713,-1.46146844486
1.05159509627,-1.48457304198
1.05157899852,-1.46299010686
1.04997707108,-1.48099663306
1.04852917872,-1.46212803273
1.0526678227,-1.47858452706
1.05087998708,-1.47403391996
1.05142198364,-1.4637866651
1.0504892638,-1.47146137529
1.05019494666,-1.46161383719
1.04985302365,-1.47486078909
1.05380052253,-1.46924058956
1.05017579002,-1.45658494079
1.05086448942,-1.46738541147
1.0499738934,-1.48213262355
1.05250572737,-1.46083687389
1.05076334153,-1.45474368408
1.05249356221,-1.4801494357
1.04974196707,-1.4594945354
1.05073560248,-1.45873987999
1.05187786973,-1.492063924
1.05217666476,-1.4698084487
1.04744960852,-1.44810173661
1.05035341481,-1.47329676472
1.0511095617,-1.46673829797
1.05129922835,-1.46461505131
1.05070938542,-1.44931333043
1.04995159595,-1.46817522241
1.04853348566,-1.46372389701
1.05201408881,-1.4733219513
1.05014173381,-1.4558595935
1.05025520476,-1.45591150673
1.05028889639,-1.47069138993
1.05428280172,-1.45940331048
1.05010413541,-1.45778388954
1.05139205479,-1.46754574557
1.05149225285,-1.46192045236
1.05162158369,-1.44837009221
1.05131212747,-1.46054259989
1.05094642639,-1.42675669129
1.05025317097,-1.44258016204
1.05058632333,-1.44843194199
1.05156182516,-1.45398468311
1.05051547449,-1.43127087423
1.05059511903,-1.45905483336
1.05103636541,-1.42935165336
1.04741691099,-1.45615339389
1.05184141508,-1.44084898618
1.05157364089,-1.44764330417
1.05127439427,-1.45597893269
1.04808136769,-1.4348173123
1.05250144656,-1.45895860391
1.04942666452,-1.44582877634
1.04996875846,-1.44412537215
1.04964192703,-1.44073080975
1.05054428132,-1.44464875369
1.04855101177,-1.42916876179
1.04927859261,-1.42827962796
1.04883080199,-1.46176530943
1.04773587767,-1.43678092129
1.04893726346,-1.43938391677
1.05164779137,-1.45168574613
1.04903738269,-1.42359750683
1.05071723302,-2.612872909
1.0489237059,-0.573920751565
1.04906784772,-0.994359241317
1.04766947231,-1.25215236812
1.05142512876,-1.40948695585
1.04926925728,-1.468633193
1.05049819293,-1.51436116836
1.048487572,-1.52990445015
1.0500433807,-2.43169221109
1.0516259997,-2.45328759172
1.04995464202,-1.26140182762
1.04795066086,-1.21907150957
1.05011190582,-1.23340026107
1.05117618029,-1.30635457758
1.05040259077,-1.32253218621
1.04686524101,-1.3464182554
1.05070175137,-1.36722273588
1.0486457033,-1.30759121049
1.04967330114,-1.39342331117
1.04876601781,-1.35024414659
1.05000548683,-1.39739795612
1.04794447521,-1.39323227568
1.05095336674,-1.39508442705
1.05005627307,-1.38228953957
1.04743130091,-1.42439983591
1.04854892018,-1.37270814053
1.05060669246,-1.36092552322
1.05033487654,-1.37674060009
1.05086572214,-1.38420392432
1.04968869236,-1.38225907373
1.04861505112,-1.37700969322
1.04887363402,-1.36652916268
1.05140306652,-1.39114490842
1.04807122149,-1.39165233932
1.05003009729,-1.4017696632
1.05056268761,-1.40896288354
1.04850603935,-1.38348166618
1.05004812977,-1.39772510642
1.05009139816,-1.37618657677
1.04694396991,-1.38936418082
1.04999527746,-1.38621896538
1.05059547414,-1.41514868642
1.04965914977,-1.43514339381
1.04789615559,-1.42627884765
1.04991646131,-1.452788172
1.0475028873,-1.41131835998
1.04953125395,-1.42627944808
1.04936301209,-1.42455315723
1.04699924171,-1.41008517584
1.04688066722,-1.41717169565
1.05085465641,-1.43257335426
1.04877796172,-1.44081114714
1.04680783564,-1.41737612253
1.04753243319,-1.4350415509
1.0483901658,-1.45566081186
1.04685153057,-1.43670515896
1.0485540759,-1.46167877167
1.04811476743,-1.44462393018
1.04652030007,-1.43168397105
1.04695069363,-1.44461330216
1.0483539282,-1.46036490562
1.0448547823,-1.43452932458
1.04701079563,-1.45228090174
1.04734150597,-1.44818881626
1.04877668063,-1.45040747321
1.04733357067,-1.47056880573
1.04797647683,-1.45299619713
1.0444131507,-1.44425137889
1.04879054096,-1.48268039861
1.04954433515,-1.47468719323
1.04812879593,-1.4643270832
1.04522109602,-1.4359280126
1.04807932916,-1.46994355233
1.04814744765,-1.4702010792
1.04774396494,-1.46500323613
1.04700296932,-1.45128367303
1.04749066125,-1.44303545726
1.04747622794,-1.45679351832
1.05038217016,-1.46265861
1.0469545326,-1.43794993094
1.04669833192,-1.43148644133
1.04842187462,-1.45525582052
1.05037392341,-1.45328707661
1.04635214437,-1.45043148064
1.04923599902,-1.47368697736
1.04840920044,-1.45830382796
1.04621936411,-1.46066495711
1.04864483343,-1.46719365091
1.04986033792,-1.46049103177
1.04623756873,-1.43608308296
1.0476098714,-1.46346458191
1.04742312669,-1.45043884616
1.04782360637,-1.4586514197
1.05037257609,-1.44512952081
1.04951062569,-1.48022511466
1.04593722243,-1.42353085234
1.04835768525,-1.46494805831
1.04849017968,-1.45468437278
1.04769708742,-1.46902402541
1.04714848026,-1.460114682
1.05021036127,-1.47659836214
1.0479978765,-1.45342735035
1.04880791291,-1.45895346067
1.04807643886,-1.45774402731
1.04664263029,-1.46662978521
1.04893656123,-1.46573658022
1.05118459138,-1.462165379
1.04853599652,-1.4627774906
1.04802646274,-1.46206952547
1.05022285661,-1.44346125259
1.04870784163,-1.46844890871
1.04767021001,-1.43785132469
1.04928343429,-1.4674067854
1.04635000871,-1.46682109289
1.04780503898,-1.47497029477
1.04918067486,-1.46666967495
1.04977490932,-1.46117105011
1.04639350124,-1.44562939033
1.04815377778,-1.47044526318
1.04661661767,-1.46662442635
1.04762003508,-1.4579244215
1.04837545498,-1.45712762505
1.04823272298,-1.45682766881
1.04557407928,-1.46397098732
1.04938862008,-1.46798132263
1.04713052869,-1.44336856785
1.04735361609,-1.4470133137
1.04508627151,-1.44784905107
1.0485250064,-1.46026212133
1.04798349461,-1.44244813027
1.04974485514,-1.47893528904
1.04627879553,-1.45844218626
1.04648472663,-1.47845652123
1.04606819679,-1.42887199943
1.05002060002,-1.47411644458
1.04688294273,-1.45724443828
1.04899700703,-1.49265876141
1.04752178775,-1.46226348985
1.05056846536,-1.47058472442
1.04708998514,-1.44786152616
1.05055306169,-1.47397013147
1.04535790643,-1.44367227945
1.04666711336,-1.44367228772
1.04795599793,-1.45909349115
1.04834154081,-1.46771328007
1.04532685193,-1.44703165633
1.04882155907,-1.49447179473
1.04751975619,-1.47932977468
1.04744002219,-1.47004642095
1.0482926246,-1.46853008124
1.04846213392,-1.47269815244
1.04539682509,-1.45435197975
1.04957146291,-1.46786336522
1.0483123063,-1.466052056
1.04686712302,-1.44162290426
1.04538320972,-1.4624265142
1.04732183409,-1.45033759972
1.04757345045,-1.43606311972
1.0502610809,-1.44703266422
1.04735018478,-1.43008967019
1.04655357074,-1.41898927276
1.0463155412,-1.40827546227
1.06060211677,3.18561190033
1.04486106065,-1.6106004005
1.04728851163,-0.916291509146
1.04904318672,-0.871576720836
1.04758052617,-1.03970235152
1.04626147504,-1.21845441976
1.04718188454,-1.37722944121
1.04656093663,-1.4292926227
1.04894129028,-7.16841889514
1.04888965394,-2.31258498024
1.04851319348,-2.15862341595
1.04607038399,-1.77393438078
1.04969187134,-1.62961447916
1.04602011378,-1.53982145051
1.04807324345,-1.47925315546
1.04858567998,-1.4547961981
1.04705213407,-1.48167879089
1.04583418327,-1.39089004069
1.05010702009,-1.55176575913
1.04803392136,-1.44420062695
1.04732972351,-1.43018610823
1.04537619964,-1.41619499321
1.04855228465,-1.45355136458
1.04722553241,-1.45182964965
1.04830077848,-1.44404942123
1.04580785603,-1.42563294916
1.04721564716,-1.44069810601
1.04752354171,-1.44503876303
1.04752058122,-1.46250692406
1.04445025756,-1.44362935555
1.04764954465,-1.44723543558
1.04774368919,-1.45926394764
1.04793400942,-1.44006178718
1.04738797723,-1.46808675603
1.0478937232,-1.4456033975
1.04505924057,-1.44183164215
1.04725278073,-1.45159121136
1.04780129755,-1.44090231726
1.04585746753,-1.44019934494
1.04680484681,-1.42493280361
1.04842384297,-1.45138724275
1.04606992474,-1.45633939189
1.04785175409,-1.45698369644
1.04778257044,-1.46060544359
1.04704638884,-1.44122408629
1.04459179978,-1.45059249019
1.04826445682,-1.47098952162
1.04666697823,-1.47153950448
1.04482545516,-1.48762861512
1.04652510263,-1.43535546818
1.04593589667,-1.43518690956
1.04448466854,-1.4600706592
1.04677401509,-1.47422627841
1.0454316751,-1.44930186732
1.04637468246,-1.43821727387
1.04652819562,-1.44021143618
1.04814400411,-1.45959163988
1.04380647073,-1.42877722532
1.04666423116,-1.46294314334
1.04450091823,-1.43623489646
1.04698843462,-1.44824987367
1.04484251284,-1.42910145671
1.0477660204,-1.45371291869
1.0425223303,-1.44205210881
1.04568209067,-1.43865347167
1.04663096711,-1.44334961541
1.04428739216,-1.4393368597
1.04518624102,-1.43206842645
1.04666755591,-1.44611836114
1.0443900304,-1.44846953195
1.04563545464,-1.44991215017
1.04627481209,-1.46030738066
1.04596289295,-1.45364682924
1.04535375013,-1.46603348213
1.04799704418,-1.45271951093
1.04577662439,-1.42944825565
1.04558482922,-1.43625252049
1.0461318856,-1.4571691914
1.04550271229,-1.45112558008
1.04476642393,-1.45123122348
1.04825889207,-1.46507402722
1.0444328897,-1.43294082929
1.04440589045,-1.43675580276
1.04500549917,-1.43682368871
1.04612549917,-1.43425891098
1.04285964069,-1.44954320817
1.04575200193,-1.44522557229
1.04529530054,-1.46140005645
1.04458339992,-1.4400041513
1.04524232326,-1.45375271108
1.04421908195,-1.43806168593
1.04321677596,-1.45981361216
1.04558315423,-1.44402856415
1.04488990856,-1.44151536353
1.04389752785,-1.45278312862
1.04378142966,-1.45602674143
1.048199458,-1.44129176361
1.04216586514,-1.35469101602
1.04467834084,-1.14440747202
1.04212923821,-1.21045240096
1.04143885712,-1.21371784896
1.04225317785,-1.20580272881
1.04457849857,-1.18246663614
1.04259568072,-1.21839399892
1.04310577343,-1.19062317636
1.04328053514,-1.22705857856
1.04309199094,-1.18912978092
1.04196050214,-1.19474859221
1.04413992004,-1.17816257642
1.04190580969,-1.17030324105
1.04352651372,-1.17265143805
1.043837227,-1.18261204686
1.04534572502,-1.20563490996
1.0411308047,-1.18915878306
1.04344710293,-1.17280995617
1.04279537913,-1.17765050699
1.04445611339,-1.19269716649
1.04207629724,-1.16590848956
1.04259974335,-1.18215558671
1.04238483364,-1.18978376382
1.04403387664,-1.18008542381
1.04269785785,-1.18327969285
1.04271281801,-1.19003728029
1.0423218983,-1.18535986436
1.04394592747,-1.1828657395
1.04110429372,-1.20274076728
1.04486198068,-1.18799694375
1.0440912461,-1.20182819392
1.04450171092,-1.19324568069
1.04443441057,-1.2106015238
1.04823137181,-1.20175055383
1.04617948788,-1.1948722373
1.04849327358,-1.19868206939
1.04914318623,-1.22093197991
1.04997387479,-1.20952400885
1.04838295801,-1.19005038767
1.05029220464,-1.20974142546
1.04744164131,-1.19490558306
1.04892351182,-1.21188492305
1.05012808829,-1.20806433409
1.0490523244,-1.20272190353
1.0460738944,-1.19704152154
1.04918799168,-1.20687216375
1.04647808294,-1.17889755226
1.04785775386,-1.17756597527
1.04842300483,-1.18982953588
1.0463910149,-1.19751825361
1.04639741061,-1.19028806959
1.04870746613,-1.16877276407
1.04832391596,-1.2038759904
1.04673324081,-1.16144516121
1.04603255578,-1.18606438049
1.04854171877,-1.18818477303
1.04817148919,-1.19504332049
1.05117037722,-1.17876525225
1.04847847028,-1.18166977729
1.04620209806,-1.17262888853
1.04712669639,-1.1849517212
1.04825977403,-1.17831433723
1.04577483169,-1.15957310732
1.04469980196,-1.15532470968
1.04337539055,-1.16709972257
1.04350148083,-1.15501515429
1.04252696994,-1.17618410907
1.04315458154,-1.16102139628
1.03955672697,-1.14779754143
1.04122711295,-1.15574431561
1.04399997633,-1.1556759126
1.04352829796,-1.14873196546
1.04039520932,-1.17406670314
1.04192333722,-1.148741764
1.04042529141,-1.14314324288
1.04264653661,-1.13882693353
1.0406052095,-1.13873320043
1.04070471514,-1.16269989179
1.0409815573,-1.16410571086
1.04601882358,-1.16967090042
1.0442570265,-1.16702354381
1.04693330947,-1.15785686158
1.04853687847,-1.14778298031
1.05194685314,-1.16160760171
1.05127002813,-1.14923371123
1.05575139735,-1.15416001562
1.05434132638,-1.14262831299
1.05465571399,-1.15506950908
1.05379709637,-1.15794045645
1.05424564067,-1.16422293043
1.0503636975,-1.15046476535
1.05307775233,-1.15625984606
1.05043877154,-1.15721333951
1.05195687045,-1.15252383167
1.04946109393,-1.14447968836
1.05167489369,-1.12921466857
1.04662367901,-1.1561099646
1.04997609479,-1.14451673224
1.05233349326,-1.16726992693
1.052462224,-1.13212778059
1.05073801529,-1.12728290934
1.05400427999,-1.14283362544
1.05400293522,-1.18990378292
1.05605618316,-1.16038824368
1.05538830159,-1.16119801374
1.05465262065,-1.1565000535
1.05704491074,-1.15070236906
1.05969369592,-1.1338982591
1.05515445457,-1.13924918398
1.05397944386,-1.15814539465
1.05365894811,-1.14980966154
1.0522527165,-1.14640990553
1.04877278972,-1.14167515745
1.0480783144,-1.16012199101
1.04563308913,-1.14443427937
1.04388240977,-1.13443494707
1.04286263709,-1.14686030723
1.04287900579,-1.11700395783
1.03850216335,-1.14273120677
1.0419384097,-1.12520870054
1.04086006609,-1.14288877756
1.04080919843,-1.12972043053
1.04335961598,-1.14750149643
1.04288799596,-1.12437388208
1.0401763771,-1.14842978512
1.04329965017,-1.13893266432
1.04227309358,-1.120734921
1.04179316714,-1.15070120844
1.04108523786,-1.13752896553
1.04290837416,-1.11288977473
1.04052874916,-1.12576240858
1.04352712629,-1.14031449048
1.04147607599,-1.13475117711
1.04186655285,-1.13317533791
1.04045758184,-1.15393494046
1.0441239745,-1.12859904394
1.04283396192,-1.14111419162
1.04436083169,-1.14287731284
1.04261821103,-1.13759445306
1.04365301313,-1.14409872328
1.04193552784,-1.1439753694
1.04500799103,-1.29843534446
1.04243546602,-0.345511879228
1.0430597636,-0.737497156773
1.04265704252,-0.95792821956
1.04367214153,-1.07224717368
1.04118009478,-1.15605348615
1.04229227672,-1.20087800923
1.0415166965,-1.19983803056
1.04385589014,-3.72336798533
1.04272661325,-1.6207862187
1.04381735755,-0.841955683953
1.04064755368,-0.917626734341
1.04400916487,-0.994425078984
1.04186510794,-1.05750851214
1.0419768117,-1.08513105048
1.03856706994,-1.10461267028
1.04117388598,-1.09665768787
1.03950050709,-1.04424738495
1.0413507604,-1.06215047657
1.04140120096,-1.10621554637
1.03893954535,-1.10665452288
1.03748375142,-1.10306578389
1.04202771839,-1.11588369893
1.03966689326,-1.11401015178
1.04112848325,-1.09911260428
1.03954979869,-1.10851709409
1.04084208862,-1.11278739005
1.04020413721,-1.12344966228
1.04238381193,-1.08801147636
1.03841144493,-1.11293517022
1.03917247871,-1.10474281892
1.04147549623,-1.13230768155
1.04039432355,-1.10002225434
1.03859222624,-1.12661476357
1.04025521899,-1.11197064284
1.03967418025,-1.12535245723
1.03923235325,-1.10066204581
1.04125773354,-1.11521515433
1.04174502057,-1.11015179665
1.03776803008,-1.11129520562
1.0402674541,-1.11885360668
1.04168045037,-1.13322385502
1.04059304594,-1.09453073907
1.0385639482,-1.12302445132
1.04004091826,-1.10553716373
1.0389489646,-1.12117875722
1.04250473508,-1.10595090331
1.04070289423,-1.13148583007
1.03887928379,-1.10664690902
1.03985874663,-1.14034059755
1.0434477682,-1.11278099679
1.04000802034,-1.12730071725
1.04066298007,-1.12747263285
1.03969180156,-1.11893930425
1.04124702216,-1.12858294501
1.04142927849,-1.12402935838
1.04256488076,-1.13877977292
1.04008863568,-1.13644459483
1.04043081001,-1.0987672467
1.04139499062,-1.13459204474
1.04203897663,-1.13746455013
1.03988814031,-1.10795632996
1.04253176263,-1.1251889622
1.04041310636,-1.1430515359
1.04174463212,-1.14254117669
1.04202137908,-1.1333991191
1.04168982957,-1.14005844576
1.03887844343,-1.14269762866
1.04214592807,-1.12910777588
1.04148098948,-1.12953805277
1.0406763724,-1.12940145545
1.0395640934,-1.14331644692
1.04123165736,-1.11075887727
1.0389590819,-1.1341367491
1.04119058979,-1.11850037354
1.03844619309,-1.13734137299
1.03915875703,-1.11787563341
1.03938879276,-1.1315406958
1.04247718583,-1.12545654932
1.03797013694,-1.13620603652
1.03973168964,-1.12433633207
1.03983294502,-1.11337888855
1.04046730179,-1.12744052613
1.04022261496,-1.11436607207
1.04351868974,-1.1150983483
1.04083197479,-1.14758144165
1.04098642363,-1.11841365677
1.04110746251,-1.11404119811
1.04196494185,-1.13279586665
1.04151728996,-1.12026673872
1.0440901371,-1.11225804562
1.04160337414,-1.09653610715
1.04387758554,-1.13772148099
1.04302204139,-1.12969136229
1.0426521361,-1.12536938369
1.04228089699,-1.13098160355
1.04608323526,-1.12932329617
1.0435723859,-1.14450237414
1.04360014848,-1.14133985662
1.04444774427,-1.1264332101
1.04313633035,-1.12463541636
1.04265171716,-1.10252363783
1.04654822621,-1.13204201596
1.04363393148,-1.12839453392
1.04319336871,-1.11387976029
1.0441356644,-1.12837329106
1.04632266093,-1.11698968876
1.04282385036,-1.13440877597
1.04423559845,-1.08996627495
1.04312715411,-1.14410738354
1.04505454907,-1.14749752241
1.04560243564,-1.13103010754
1.04575454947,-1.11901854205
1.04398554597,-1.1159073961
1.04441518995,-1.10373157709
1.04661299259,-1.12997293314
1.04692643648,-1.13048371762
1.04519724558,-1.13078367352
1.04666084856,-1.11927728922
1.04687438248,-1.13155831741
1.04894864105,-1.13289386771
1.04830628028,-1.12608770566
1.04671767517,-1.12907407811
1.04451408934,-1.11707430417
1.04980775679,-1.11501776894
1.04717442505,-1.10870015388
1.04983335415,-1.12718513282
1.04770201561,-1.12302409081
1.04618871017,-1.10345482347
1.04613978712,-1.11082052712
1.05106004401,-1.12330821212
1.04837286634,-1.13003324087
1.04701088054,-1.13801610864
1.04824078208,-1.13784995626
1.04973627651,-1.15329255352
1.04662679035,-1.12287040562
1.04843427286,-1.14698510836
1.04706181706,-1.12612855132
1.04820646213,-1.12133659654
1.04868418721,-1.12739732919
1.04901302433,-1.11205502022
1.04458669753,-1.12914359
1.04924038086,-1.15359555241
1.04733791658,-1.14436171943
1.04786462567,-1.12956384319
1.04726885288,-1.13192120823
1.04949391548,-1.13253573729
1.0458303542,-1.11849445824
1.04887612831,-1.13311297774
1.04839024683,-1.13348922195
1.04644851514,-1.13601568458
1.04661498477,-1.1391208599
1.0493708875,-1.11080730331
1.04862049039,-1.12816388395
1.04965407121,-1.13459814852
1.0475701224,-1.14032426636
1.04788220135,-1.12726463327
1.04679893714,-1.13272068067
1.04898129142,-1.11051572724
1.04439996287,-1.13705090588
1.04640640404,-1.11904116762
1.0472203284,-1.11585194928
1.0588605865,3.31466036454
1.04332096835,-1.26093243632
1.04558332903,-0.594039923424
1.04543556453,-0.591936657772
1.04430261539,-0.776143458441
1.04468323601,-0.956791475527
1.04593726059,-1.0554961068
1.04274065188,-1.12814908272
1.04571337231,-6.65161913579
1.04394805337,-2.03029123726
1.04439259662,-1.7724674592
1.04381306139,-1.44794580185
1.04562398607,-1.334626487
1.04372464076,-1.2174888206
1.04481479536,-1.16419985874
1.04485226448,-1.13566946651
1.04293905313,-1.11525306236
1.04251794541,-1.14845182814
1.0450981322,-1.13496098089
1.04278024291,-1.09316289675
1.04494872999,-1.12069462932
1.04365030221,-1.11111512624
1.04214664081,-1.08692079374
1.04273675116,-1.09168802334
1.04514032177,-1.10474568639
1.04232578243,-1.11275219776
1.04462684082,-1.12106448777
1.04407182421,-1.11347086223
1.04556394763,-1.11120104987
1.0418462196,-1.09914113868
1.0455263655,-1.11055561965
1.04061905051,-1.09907351905
1.04223447869,-1.09964870227
1.04525881179,-1.11556634815
1.0440065452,-1.10370876468
1.04181116507,-1.11321949618
1.04328460189,-1.10507552291
1.04272805711,-1.11761884258
1.04114882098,-1.10678261857
1.04273621597,-1.10637059219
1.0438285299,-1.09125105404
1.04063468605,-1.12900910802
1.04343117123,-1.09720241222
1.04176444936,-1.10324267226
1.04122688922,-1.118846146
1.04152978117,-1.1174185179
1.04467322838,-1.1111824637
1.04156381233,-1.10327577307
1.04300358023,-1.12737134848
1.04229339332,-1.10920745021
1.04098792646,-1.09758353838
1.04220675841,-1.11182728237
1.0446562328,-1.11397073994
1.04124718638,-1.09781150829
1.04280149644,-1.10886449191
1.04443181604,-1.13420680833
1.04416809559,-1.09275436875
1.04247896434,-1.11521192876
1.04483840897,-1.09688333145
1.03982404266,-1.09874016925
1.04279277337,-1.13285080642
1.04441397891,-1.1265515763
1.04307967332,-1.10805120295
1.04224818686,-1.10483731697
1.0453097418,-1.13168822119
1.04249580592,-1.11533928535
1.04202926949,-1.12362129307
1.04119573892,-1.10230504725
1.04390732849,-1.15915795808
1.04181884425,-1.1102736792
1.04516763558,-1.12385698395
1.04460521791,-1.11797394159
1.04133836204,-1.12093620206
1.04178798405,-1.11071714834
1.04326788383,-1.09356616359
1.04227754857,-1.10438226912
1.04403869166,-1.11594812877
1.0417127865,-1.13690491714
1.04335920226,-1.11672095201
1.04387800744,-1.12347839884
1.04392888612,-1.1197981762
1.04018807513,-1.11469004502
1.0427295869,-1.10865084232
1.04539525691,-1.12704871045
1.04353744076,-1.11539960172
1.04333793404,-1.11550729025
1.04253445569,-1.12264176482
1.04198750743,-1.13100142999
1.04484120957,-1.11553238053
1.04531207942,-1.13843564872
1.04257007265,-1.11867773341
1.0429897936,-1.12499884774
1.04655404685,-1.13369071502
1.04303608243,-1.12096935475
1.04358034094,-1.1482856658
1.04301446025,-1.12565718959
1.0420271388,-1.45476669034
1.03577325896,-1.29925447361
1.03866721476,-1.25806398244
1.03815244265,-1.283177638
1.03596743486,-1.29528962032
1.03666206127,-1.27332533537
1.03682097701,-1.23244139047
1.03550259538,-1.28205851913
1.0360726613,-1.27818034606
1.03569718662,-1.1732607235
1.03837058184,-1.18274090184
1.03941481645,-1.15643179302
1.0386152459,-1.13288896213
1.03421563456,-1.14452257752
1.03847560196,-1.14160860172
1.03919388725,-1.15759088851
1.03870117303,-1.17305974139
1.03555168963,-1.15423705642
1.03890124523,-1.14042665489
1.03724319793,-1.15923879071
1.03912083736,-1.15869271908
1.03915475289,-1.14550938628
1.03819533214,-1.16449625224
1.03734011451,-1.14892223992
1.04147551517,-1.15967730101
1.03937300674,-1.1655277678
1.04087704785,-1.16432934713
1.03976086129,-1.14824900922
1.03989753452,-1.16297348832
1.03871423784,-1.14375166877
1.04124067228,-1.14950405454
1.03876180559,-1.1604177518
1.03829468642,-1.17538777395
1.0400084208,-1.18087957767
1.0395675484,-1.15942627372
1.03892695193,-1.17552432857
1.03973126662,-1.1638143469
1.03911805416,-1.16745106883
1.03913520324,-1.16640795224
1.04035022421,-1.1780180643
1.04066483583,-1.14145736363
1.03693956249,-1.15352309352
1.03967228454,-1.13200719973
1.04036522116,-1.15987580129
1.03897851873,-1.15529480088
1.03930833764,-1.14533557105
1.04023175732,-1.14809673168
1.03884588627,-1.15241828092
1.04178543879,-1.13551569766
1.039643163,-1.14201957768
1.03962423115,-1.15424939023
1.03948225749,-1.1470075307
1.04177019102,-1.16092885368
1.04072823208,-1.15691151725
1.0415887248,-1.15897410359
1.04107593531,-1.13315202104
1.04211442916,-1.13589234125
1.04243350048,-1.15256238629
1.04464389304,-1.13789528221
1.04156028433,-1.14478499527
1.04010390282,-1.13194527861
1.04274161657,-1.1486270213
1.04330886171,-1.13502028372
1.04188725829,-1.1343072155
1.04198854698,-1.14374550874
1.04149273671,-1.1321409499
1.04227088576,-1.14316224699
1.04271176117,-1.12456445077
1.04313749894,-1.12151984462
1.03869160647,-1.11772366799
1.0408904725,-1.11012266102
1.04254645625,-1.12577191868
1.04478657825,-1.10449774931
1.04588773956,-1.1234526971
1.0489307608,-1.12935696849
1.04974272835,-1.13965615059
1.0592207139,-1.13266577141
1.0597923437,-1.13047975883
1.06241109303,-1.13546156671
1.06307374961,-1.12925053155
1.06599378103,-1.13712305075
1.06122385944,-1.12875528999
1.06308427121,-1.15227299585
1.06195151741,-1.13664975838
1.06041072646,-1.13683680621
1.05904249459,-1.14988008774
1.05928425513,-1.13118341797
1.05401255974,-1.11531870453
1.05520298517,-1.1387170975
1.05669121967,-1.10679814506
1.05817831549,-1.13446106016
1.05835437111,-1.14306546834
1.05971758221,-1.13243916813
1.05691374589,-1.1209760569
1.05933248525,-1.12801717561
1.06148161686,-1.13335114832
1.06443676678,-1.1167416087
1.06081596013,-1.13078824801
1.06709529939,-1.13959244366
1.06562663961,-1.13729444487
1.06473058235,-1.1422199214
1.06388103869,-1.1284616982
1.06421703822,-1.13087493782
1.06064235519,-1.12346738856
1.06220355191,-1.12712423686
1.05494557382,-1.12314875239
1.0521147097,-1.1032478908
1.05067190575,-1.11461312515
1.0492090834,-1.10937703101
1.04422432755,-1.12873983323
1.04641124135,-1.10157884836
1.04601234293,-1.10794148855
1.04638919454,-1.11875769156
1.04786345188,-1.12357718387
1.0499691663,-1.1050850231
1.04664388039,-1.11171641383
1.04805578938,-1.09500118508
1.04866611785,-1.10397136527
1.04816636624,-1.09619818235
1.04927659811,-1.13769294603
1.05093460027,-1.12795421583
1.0482587868,-1.12245635932
1.04902048594,-1.09714619787
1.05138714379,-1.1266601883
1.04857601186,-1.11589357315
1.04773576426,-1.108844244
1.05031598447,-1.10859235355
1.04841903233,-1.09806598754
1.04815532565,-1.11206166638
1.04894561489,-1.12156098234
1.04693551857,-1.0960120529
1.04630280824,-1.12702334899
1.04770284979,-1.09387433644
1.04773550676,-1.12436051511
1.04743590571,-1.09129836348
1.04713379758,-1.13337380082
1.04864739773,-1.11494819991
1.04426307581,-1.11329307229
1.04800478316,-1.10769427178
1.04617881979,-1.11100440159
1.04701163789,-1.11664191386
1.04812655437,-1.09434347809
1.04803437545,-1.64097055537
1.04531574332,-0.321149570771
1.04522765301,-0.704836050287
1.04825272379,-0.932525091347
1.0472802832,-1.08146549973
1.04666803418,-1.15405210638
1.04889785303,-1.1738782604
1.04537475264,-1.20709575605
1.04962593796,-3.50851972844
1.04735874533,-1.54987573209
1.04686228431,-0.790257646171
1.04467958139,-0.853921639753
1.04784489044,-0.94459494193
1.0476282416,-1.02748912399
1.04861980449,-1.05364167847
1.04662041639,-1.05985882391
1.04467295884,-1.05435831661
1.04309321327,-0.987567406849
1.04741608562,-1.04206847335
1.04599170812,-1.07023416147
1.04466880984,-1.08250297542
1.04588503953,-1.1000565927
1.04704586977,-1.08772711755
1.04383927737,-1.0833161217
1.04441700279,-1.06583874573
1.04409534622,-1.07970568458
1.04586000184,-1.0884712106
1.04582295426,-1.07444778419
1.04673411153,-1.05394072657
1.04340668069,-1.07275129117
1.04528409625,-1.09932478512
1.04464727796,-1.07009873509
1.04533515867,-1.08650046808
1.0462045262,-1.09189472926
1.04659836513,-1.06974837476
1.0442131029,-1.07981801773
1.0471382142,-1.0911887362
1.04655298659,-1.08451524179
1.04439961796,-1.08042180413
1.04429170376,-1.0734242334
1.04776775357,-1.09356758347
1.04810377864,-1.10457398242
1.04778486807,-1.0648657002
1.04551769148,-1.09915397517
1.04475076877,-1.08820182844
1.04537042161,-1.08926245079
1.04803788581,-1.08369530183
1.04516310954,-1.09687341217
1.04594055432,-1.09109767333
1.04848214642,-1.09553794647
1.04798322481,-1.06990449354
1.04495989201,-1.09088439191
1.04577369471,-1.07055323554
1.04502947783,-1.08762524807
1.04700399455,-1.08749537489
1.04746994747,-1.07523568592
1.04815119921,-1.08707693472
1.0452539448,-1.08438154114
1.04676373776,-1.09520856234
1.04555347774,-1.0833869547
1.04419314974,-1.06974997034
1.04662180168,-1.10009287111
1.04691045266,-1.08966790988
1.04462621911,-1.09946019374
1.04715657397,-1.06537858669
1.04641281904,-1.0877044349
1.04320569258,-1.0686880975
1.04306253929,-1.06924425349
1.04745320361,-1.08665687223
1.04582302219,-1.09729263692
1.04744106358,-1.08132542278
1.04403995327,-1.07747554326
1.0449015831,-1.07575147873
1.04444638569,-1.07283906525
1.04778426936,-1.09761494622
1.04700654453,-1.10909333862
1.04763123938,-1.08303093481
1.04887662588,-1.1059562255
1.04756258045,-1.08708211062
1.04513662191,-1.08500980912
1.04775173092,-1.08043794055
1.04476823395,-1.11178636782
1.04661244304,-1.08259474665
1.0475205433,-1.07558945296
1.04620008788,-1.0674452261
1.0457100369,-1.08610726585
1.0464283606,-1.09098668838
1.0442815642,-1.08654999629
1.04541055049,-1.0698014646
1.04532512095,-1.07556531208
1.04689968508,-1.08852069099
1.04455125646,-1.08333833636
1.04861157057,-1.09451229039
1.04675015437,-1.10646246219
1.04504508722,-1.10482711811
1.04516886744,-1.09271721257
1.04803956069,-1.09688109651
1.04640500608,-1.09637221904
1.04686336135,-1.08034595787
1.0476356144,-1.09309264718
1.04614147712,-1.07601415678
1.04703334399,-1.08776238536
1.04959367461,-1.08434625827
1.0458730298,-1.08796128177
1.04796756317,-1.0727067003
1.04833651186,-1.08434336626
1.04997444906,-1.09886995416
1.04648605458,-1.10274473724
1.04682636157,-1.08202351654
1.04513103449,-1.08908459578
1.0478128386,-1.07973369314
1.04965830339,-1.09896054155
1.04704776754,-1.09543144437
1.04575436988,-1.09899926249
1.04767247476,-1.10865436955
1.0461362929,-1.10524343837
1.04603376547,-1.06393586303
1.04760583076,-1.08005655303
1.04768005721,-1.09251842857
1.04671324867,-1.11255869589
1.04966486954,-1.10504174831
1.04854932773,-1.10315141021
1.04593456532,-1.07987404929
1.0459039745,-1.09372590859
1.04714738182,-1.09352905732
1.04660821509,-1.08133282821
1.0485432027,-1.09566265892
1.0465816115,-1.09281821334
1.04638492828,-1.07940563729
1.04677662537,-1.10597838937
1.04902296661,-1.08385643932
1.04483523139,-1.08201185828
1.0462524723,-1.07220030921
1.04753193627,-1.09472726292
1.04789895281,-1.08844149977
1.04735777163,-1.09740182464
1.04730495322,-1.0742088975
1.04559433932,-1.08750245281
1.04840642366,-1.09102400573
1.04773385853,-1.10499463396
1.04786585592,-1.07922593607
1.04667785281,-1.10017211348
1.04783780084,-1.07351475598
1.04582337531,-1.10214457215
1.04895216607,-1.07763007036
1.04838971209,-1.08244829112
1.04765032128,-1.08181048786
1.04553705414,-1.07651884487
1.04783591366,-1.07985234657
1.048160491,-1.09366065738
1.04620162348,-1.08510356913
1.04723328622,-1.08516532345
1.04902719656,-1.09103387207
1.04635605242,-1.09366008594
1.04778604437,-1.09373517358
1.04642576402,-1.09624544066
1.04648760732,-1.10326798795
1.04704657546,-1.07253030411
1.0486362512,-1.07411671294
1.0453439942,-1.07712307976
1.0461844352,-1.0866327333
1.04862076664,-1.11491650553
1.05838673914,3.37259396151
1.04504900899,-1.25715596143
1.04881326902,-0.552267101323
1.04589299009,-0.596451617479
1.04632402192,-0.760008996428
1.04715181361,-0.923285686079
1.04610803369,-1.02814889717
1.04543511873,-1.10910188693
1.04748865277,-6.64161003524
1.04540338054,-1.98492517521
1.04732309928,-1.71439296463
1.04776334841,-1.41027758454
1.04643285352,-1.26603707152
1.04502109339,-1.17199245803
1.0484562115,-1.10853791144
1.04492919547,-1.06690929428
1.04482338542,-1.07972434467
1.04503303945,-0.958861266865
1.04573651175,-1.08316671475
1.0438148685,-1.06113294737
1.04626878593,-1.06229815602
1.04469292994,-1.05988603988
1.04438554246,-1.07724154363
1.0463910941,-1.0854899084
1.04773347564,-1.06492530647
1.04371355946,-1.0675073218
1.04656551763,-1.03951150642
1.04546343214,-1.07784058901
1.04505228391,-1.05359154136
1.04523330189,-1.08070851083
1.04690760396,-1.0690740873
1.04547990945,-1.08619713878
1.04648878126,-1.06669625727
1.04753344808,-1.09747998315
1.04434427743,-1.08579939026
1.04375638758,-1.05985109162
1.04695199024,-1.07449468923
1.04571945462,-1.08591000526
1.04827272147,-1.08133398376
1.04649079386,-1.0809077842
1.04596533845,-1.08251618217
1.04390885338,-1.0846105602
1.0491711106,-1.07840250605
1.04661235332,-1.0894645171
1.04660598793,-1.07114710259
1.04668561765,-1.06594472444
1.04623298896,-1.07255277332
1.04531007458,-1.09092473474
1.04802998203,-1.09148813901
1.04493680949,-1.07391935668
1.04447384068,-1.09278333098
1.04781875095,-1.09683127399
1.04857949662,-1.06902503285
1.04373658715,-1.06768064337
1.04680650554,-1.09378302498
1.04741011439,-1.07741828268
1.0464598161,-1.07012360204
1.04450410789,-1.09316805495
1.04472634853,-1.08051655785
1.04332708408,-1.07901674963
1.04833275056,-1.09139500368
1.04744153928,-1.08958726842
1.04507214416,-1.07043195894
1.04367821575,-1.06418153509
1.04663952089,-1.09167587931
1.04541563184,-1.0915386566
1.04791226832,-1.09162134923
1.04589103899,-1.07817859251
1.04526323476,-1.07540694675
1.04536492808,-1.07594354585
1.04726285773,-1.11124686885
1.04521870433,-1.07925485535
1.04538990273,-1.08900540855
1.0459943714,-1.08466891578
1.04616847729,-1.0783537711
1.04625317717,-1.08943172652
1.04598954964,-1.07867761701
1.04275661552,-1.08785398208
1.04489061737,-1.08794836652
1.04692488975,-1.09887081096
1.04668065781,-1.09148794134
1.04386422784,-1.08737314489
1.04660193454,-1.09554181107
1.0446379593,-1.09844833631
1.0455696734,-1.08583061475
1.04448114168,-1.07018964404
1.04499591904,-1.07783480468
1.04462722723,-1.0634062605
1.04676144134,-1.06912560781
1.04571233718,-1.0877485534
1.04355785873,-1.08862258594
1.04459326965,-1.11280429057
1.04607761245,-1.10275306428
1.04338166772,-1.09703536262
1.04555978105,-1.07912662331
1.04664513539,-1.09019766113
1.04790854825,-1.59347239489
1.04537516711,-1.53398924323
1.04565514045,-1.29859166375
1.04245182707,-1.286753543
1.04419557029,-1.33652526596
1.04436708292,-1.30685505578
1.04618942979,-1.2838747172
1.04603658529,-1.34239818624
1.04526740669,-1.29005124155
1.04394605508,-1.2520599453
1.04760106418,-1.22919219946
1.04968761279,-1.24417212258
1.04960538076,-1.2158714219
1.04944055619,-1.22740838654
1.05297183131,-1.24985053173
1.05187446826,-1.24231204962
1.04992501651,-1.22062156582
1.05163396772,-1.2353156965
1.04965070777,-1.24507626079
1.04856206006,-1.23121920765
1.05154592194,-1.22409526636
1.04931552082,-1.22286047038
1.04689378907,-1.21958739905
1.04522606352,-1.22237748355
1.04837652165,-1.23838503322
1.04494951349,-1.22089194123
1.04794804368,-1.21075357241
1.04697004928,-1.22429483638
1.04761702806,-1.23878435379
1.04789591963,-1.24787680215
1.04829103667,-1.24259846765
1.04568421495,-1.21181864411
1.04758966617,-1.2333022975
1.05033900454,-1.23491118306
1.05019131069,-1.25177642252
1.05093925604,-1.26584025104
1.05229296492,-1.24305768741
1.04855181195,-1.22135589487
1.05071593751,-1.22415768767
1.05090762424,-1.24098376791
1.04938522067,-1.23381883733
1.04587478183,-1.20994707878
1.04880172969,-1.2396296355
1.04539298558,-1.23390262945
1.0454262903,-1.23161735558
1.04475548994,-1.23738861295
1.04198987342,-1.23777580442
1.04230943792,-1.25585566689
1.04665404365,-1.23343348267
1.04533732784,-1.23582899659
1.04286887405,-1.24301664284
1.04367364248,-1.23199484528
1.04399601209,-1.24535663459
1.04195957034,-1.24412821546
1.04548814561,-1.23052855653
1.04294299789,-1.21908402647
1.0444677596,-1.25728421546
1.04404357452,-1.243865481
1.04471065814,-1.24278101897
1.04263320206,-1.22900223439
1.04290639375,-1.22946172698
1.04176894245,-1.23173482628
1.0421570654,-1.21739054186
1.0439130678,-1.21793443229
1.04528701844,-1.22433752815
1.04106791199,-1.24194350411
1.04278349235,-1.2202137674
1.04507070929,-1.24132767554
1.04254304782,-1.24600078727
1.04247799756,-1.25364657168
1.04488047841,-1.24300947592
1.04240938578,-1.23041624364
1.04485203251,-1.25754079292
1.0426750139,-1.22069565981
1.04158337279,-1.22874813318
1.04147346319,-1.23752785794
1.04536903997,-1.25102274878
1.04449024494,-1.23776427043
1.04246884672,-1.22474935456
1.04501799294,-1.24103849594
1.04507319045,-1.23810980279
1.04245521178,-1.23302913659
1.04490010142,-1.24763650414
1.04487017836,-1.23261567779
1.04481435888,-1.24899651353
1.0449357076,-1.24787690595
1.04692331077,-1.25068119969
1.0437896607,-1.24387375829
1.04338423307,-1.23281989431
1.04429084825,-1.24863531291
1.04392513733,-1.23446427562
1.04585642615,-1.22959225857
1.04637827185,-1.2723174963
1.04357792254,-1.26485674645
1.04666653715,-1.25031012105
1.04685921009,-1.22964948457
1.04333978479,-1.23877935409
1.04343198697,-1.26321201197
1.04616845038,-1.2381935677
1.04350835679,-1.24451063437
1.04423330196,-1.22033957453
1.04409816714,-1.25689516157
1.04277777137,-1.24269057937
1.04288465826,-1.25399833904
1.045750867,-1.25194802883
1.04235742915,-1.24570839746
1.04349523419,-1.24199622648
1.0453251588,-1.24544249743
1.04434436991,-1.2551499961
1.04041960935,-1.23309062736
1.04400899067,-1.25675946657
1.04173487675,-1.23551659827
1.04127236187,-1.23860505411
1.04376326801,-1.23128245692
1.04459570328,-1.23199810112
1.04121398668,-1.21997214931
1.04313206114,-1.24617052006
1.04172850114,-1.23050401343
1.04185431297,-1.22511388291
1.04258687755,-1.23417745387
1.04445704909,-1.25400580348
1.04052432246,-1.25192363757
1.04417748385,-1.25394881341
1.04261742262,-1.26291592152
1.04190659406,-1.24417069715
1.04110004699,-1.2467700626
1.04069610656,-1.21934945525
1.04095249325,-1.2288016846
1.04164560227,-1.2414060314
1.04226229248,-1.25338268263
1.03940195518,-1.22480751991
1.04091178186,-1.24344378353
1.04172635222,-1.22036938676
1.03880351225,-1.24820383494
1.04010023463,-1.2210788258
1.04136618344,-1.23414131494
1.04283888484,-1.23865966031
1.04011827086,-1.22152519713
1.04231096164,-1.23523174673
1.03886352813,-1.23035714198
1.04013987613,-1.24825561656
1.04186916221,-1.24827863204
1.04156574318,-2.21520273278
1.03870540472,-0.455181445236
1.04096966125,-0.881150048392
1.03980275712,-1.09244278393
1.03973411182,-1.20425384545
1.03957960299,-1.27344534911
1.04064913199,-1.32557715128
1.03684734189,-1.31649358656
1.04330522289,-3.07550221615
1.04106335589,-1.78101888832
1.04057269093,-0.984043081023
1.03932308276,-1.03165094139
1.03918187522,-1.11742330847
1.03843051785,-1.1653568406
1.0428260609,-1.18746884645
1.0385709096,-1.18301658957
1.03902633238,-1.21653424683
1.03895384126,-1.17224171239
1.0421702619,-1.24461214046
1.03872560373,-1.20308516615
1.04018407817,-1.21738328837
1.04147634685,-1.21812284718
1.04108986276,-1.2077183048
1.04116075769,-1.22951396667
1.04129055959,-1.21692013705
1.03784663255,-1.22460502759
1.03891499141,-1.20569776947
1.04254509909,-1.25095342416
1.04058017547,-1.23180999742
1.03941368523,-1.23769725361
1.04084020798,-1.23149104104
1.03915962224,-1.25779314829
1.03932527842,-1.25011046421
1.03923301822,-1.23896121472
1.0386153233,-1.22883519833
1.03734964834,-1.24581261574
1.04142382564,-1.23326462629
1.04072899568,-1.24307499982
1.03778651438,-1.22569735753
1.03820922624,-1.24706271705
1.03831195651,-1.26501445331
1.03945593221,-1.23989174471
1.03896524082,-1.21526513501
1.03695147354,-1.24782368645
1.0370869057,-1.21824682477
1.03946408183,-1.2460316679
1.04041993238,-1.24013252206
1.03685615012,-1.25275431193
1.0380892294,-1.24000503822
1.03864306726,-1.23810887009
1.03764395886,-1.22759636061
1.03808108325,-1.21825106671
1.03954087307,-1.23199063444
1.03542084487,-1.20401270437
1.03820308476,-1.1900040656
1.03971544896,-1.2140562105
1.03755621209,-1.2113209624
1.03730735887,-1.22901134426
1.04209358697,-1.22273366874
1.04087126352,-1.22362994664
1.04210630038,-1.2470528975
1.04598282315,-1.23385648367
1.04412570508,-1.21255991336
1.04289497179,-1.20100066293
1.04677214413,-1.21440388591
1.04470552311,-1.21094423932
1.04488132417,-1.2343008479
1.04400741239,-1.2173998322
1.0428606967,-1.22403562733
1.0413170474,-1.24082087278
1.04344183452,-1.22326203232
1.04173160094,-1.21568680791
1.04059924574,-1.20262509743
1.04193750429,-1.21242227573
1.04328981218,-1.19837530273
1.03944278518,-1.2156004492
1.04312311872,-1.23611567884
1.04081626726,-1.21461125259
1.04179719781,-1.23148745504
1.04344056635,-1.23216132799
1.04388339382,-1.20562933409
1.04203332297,-1.21834989377
1.04511024174,-1.2230917205
1.04454818635,-1.22923140219
1.04378891058,-1.21653261141
1.04213575645,-1.23402627649
1.04559361601,-1.21796697524
1.04234881415,-1.21305689333
1.04384234129,-1.23091684606
1.04243667189,-1.21695876703
1.03980430495,-1.21287721994
1.03606515335,-1.2083122872
1.04066140626,-1.2430816437
1.03792228707,-1.2320848018
1.03760592995,-1.22319763654
1.03794897304,-1.22805927055
1.03730158806,-1.22787957679
1.03727224612,-1.22573278749
1.03894196299,-1.20066921482
1.03676019132,-1.24005932442
1.0366734034,-1.23922180174
1.03913684466,-1.19903913747
1.04108344609,-1.22858487071
1.0367103051,-1.22081139112
1.03815411336,-1.2219557524
1.03618182315,-1.2325888882
1.0382896201,-1.23878244337
1.03754955328,-1.24305844892
1.0368769807,-1.21294203756
1.03522998233,-1.2105953232
1.03826691297,-1.23022380218
1.03768930293,-1.21840092668
1.03671508138,-1.21313122499
1.03517351015,-1.21632622057
1.03714524531,-1.21984694102
1.03594311798,-1.22193110443
1.0369533914,-1.22834646332
1.03943494188,-1.22106283009
1.03678882696,-1.22549902285
1.03658315787,-1.23368327296
1.03811503992,-1.21587334454
1.0374571811,-1.21780772242
1.03669565732,-1.22758526413
1.03806704638,-1.23277352764
1.03768129692,-1.21596456341
1.03861430979,-1.24637737439
1.03869736943,-1.22153496614
1.03564817009,-1.19826700412
1.03516028213,-1.20043924984
1.03788507101,-1.21903423345
1.04044220217,-1.22918295278
1.03771636307,-1.22149615598
1.03754329713,-1.21927994868
1.0374184744,-1.24117709744
1.03563891234,-1.22783556778
1.03628828438,-1.23542334282
1.03713422827,-1.21642252856
1.0352644773,-1.22288707609
1.03870021232,-1.22929085566
1.03689414517,-1.2397082777
1.03535424932,-1.22959583636
1.03619229041,-1.24972677078
1.0380578867,-1.20565171207
1.03623709461,-1.23168519319
1.03717734001,-1.22084710351
1.03866995587,-1.22560862213
1.03682087217,-1.24196107804
1.03562041543,-1.21410932896
1.03944050488,-1.24580477658
1.03594787918,-1.22032605281
1.03732707871,-1.24330026888
1.03703072846,-1.21044196347
1.03925334047,-1.22955522391
1.03765714246,-1.22960410048
1.03943780968,-1.23187094235
1.03728131533,-1.24141003321
1.03805831811,-1.26277258996
1.03761198108,-1.23558700636
1.04010529378,-1.24418572305
1.03622079144,-1.23157986593
1.03956390332,-1.23896296668
1.03928326112,-1.28086973664
1.04651179466,2.88282930214
1.03678861454,-1.26879139962
1.03762375167,-0.712974841174
1.03668986961,-0.734429800766
1.04084865201,-0.904353192532
1.03896371556,-1.07293061892
1.03798746851,-1.18678307517
1.03628971789,-1.25612959627
1.03779490007,-6.25824964481
1.03629774947,-2.35691852073
1.03983018222,-1.83592047859
1.03858718131,-1.54616785738
1.03686975827,-1.38927874115
1.03724129085,-1.31721765273
1.03912008292,-1.21666736546
1.03636693152,-1.19508566977
1.03627216304,-1.19112517666
1.03833150932,-1.25602804467
1.03681400121,-1.23675003866
1.03647870401,-1.23098987795
1.0397031843,-1.21049575293
1.03540584623,-1.20183537758
1.03843967385,-1.21175530742
1.03745993082,-1.22135767203
1.03769511147,-1.19618170939
1.0350641489,-1.20101467886
1.04040452743,-1.21381898716
1.03826072471,-1.2056506783
1.03931451121,-1.20808439581
1.03734759792,-1.22232640327
1.03596791399,-1.20509835455
1.03554828935,-1.21785249567
1.03957365437,-1.22504704461
1.03937338701,-1.20892248924
1.03684009652,-1.21069271026
1.0382978943,-1.20413622505
1.03626540391,-1.20942982932
1.03487282993,-1.23635784173
1.03833884529,-1.2248653996
1.03796846655,-1.23132805454
1.03624319372,-1.22557143202
1.03795904055,-1.2219751509
1.03718327318,-1.21020373973
1.0359074731,-1.22036162524
1.03674920381,-1.22186485433
1.03518208077,-1.21498411661
1.0358698867,-1.20950870012
1.03781935876,-1.2221861685
1.03880327504,-1.19815641832
1.03544425598,-1.21788973832
1.03521217297,-1.20758181352
1.03735952205,-1.23064835466
1.03763031202,-1.23269628942
1.03709424541,-1.22795651052
1.0379741697,-1.21877124492
1.03772082277,-1.22811202901
1.0394254087,-1.23393046272
1.0378601429,-1.23009027757
1.03622236358,-1.24093301341
1.0365911019,-1.22838384316
1.03960549074,-1.24208104508
1.0367519551,-1.2520586786
1.03858844105,-1.24059738908
1.03781471703,-1.22186862359
1.03800552911,-1.21971834646
1.0357502899,-1.21813949227
1.03794829011,-1.24464517396
1.03695864462,-1.26373488615
1.03561795147,-1.23655778759
1.038136153,-1.23496670982
1.03901565008,-1.251179148
1.0356499088,-1.21645306689
1.03725620681,-1.23660591972
1.03558599372,-1.22659745605
1.03625606804,-1.23441140684
1.03819530916,-1.24781572892
1.03842110247,-1.23187353787
1.03604582968,-1.24939030528
1.03756726039,-1.24855391852
1.03843110339,-1.23288012871
1.03639779301,-1.23648744497
1.03482134576,-1.23608606529
1.03819500234,-1.23493711461
1.03651404508,-1.24265928603
1.03960921316,-1.21326247879
1.03770959998,-1.22167832187
1.03580657946,-1.24296436107
1.0339859127,-1.23589343626
1.03869800625,-1.23637884402
1.03650152699,-1.24083528911
1.03704041028,-1.25225865059
1.03944356238,-1.23410955223
1.037328582,-1.23935113482
1.03812744693,-1.23953229415
1.03853753883,-1.24712011451
1.03591037094,-1.22350316424
1.03476122636,-1.66762821117
1.03474649075,-1.63941825444
1.03521937394,-1.45405970538
1.03285609354,-1.49142115963
1.03349478864,-1.51209904146
1.0321646017,-1.52081314299
1.03072556734,-1.45772965743
1.03339113751,-1.50371017324
1.03486371983,-1.45687232012
1.03295360581,-1.46380709789
1.03663568471,-1.45433669572
1.0354592704,-1.45052793575
1.03338126661,-1.41628720621
1.03344809395,-1.42731396303
1.03401828417,-1.42896593178
1.03458588909,-1.45983605586
1.03534479782,-1.48134960763
1.03547691218,-1.44190528777
1.03392099931,-1.43470350322
1.03235580157,-1.4585012062
1.03542578763,-1.45750877673
1.03359503601,-1.44597287908
1.03402976677,-1.44173658031
1.03426834919,-1.4426527092
1.03548840622,-1.45836983008
1.03453090808,-1.4446613619
1.0371620733,-1.44907520696
1.03226282987,-1.42615049359
1.03400814068,-1.42734939443
1.03609010187,-1.45487903505
1.0354130478,-1.43590375612
1.03416533392,-1.45456343685
1.03541401705,-1.43482138668
1.03283909415,-1.45123232572
1.03347473211,-1.44373776128
1.03473778099,-1.44117519295
1.03565511937,-1.45710543049
1.03207043229,-1.44842889435
1.03531825086,-1.45162648311
1.03556875026,-1.43999408685
1.03358258533,-1.43970099881
1.03229706747,-1.44904096343
1.03338651444,-1.45238249798
1.03220591887,-1.43775711634
1.03524888487,-1.43706556028
1.03467793359,-1.449134914
1.03181918496,-1.42151570886
1.03200213921,-1.44994555216
1.03698760201,-1.46135088712
1.03339976389,-1.45127748203
1.03383781368,-1.45012948454
1.03348837148,-1.44761378372
1.03448204584,-1.45612925147
1.03467316648,-1.43732460265
1.03522941822,-1.42681149232
1.03243204846,-1.42613748275
1.03369755814,-1.44188798605
1.03560408384,-1.455249733
1.03501939585,-1.45362219271
1.03511258083,-1.44767579972
1.03520105571,-1.4270202602
1.03285374316,-1.44697020951
1.03340812062,-1.46359675456
1.03513367919,-1.45923637987
1.03362820189,-1.448809045
1.03222476063,-1.43924047006
1.03525369297,-1.45407770277
1.03580195029,-1.44251519301
1.03344116827,-1.44881022761
1.03245090298,-1.45369832756
1.03299029441,-1.45216885346
1.03151742179,-1.44821958323
1.0347305503,-1.45064445991
1.0339779949,-1.44523870265
1.03233269986,-1.44746719853
1.03336949009,-1.44689707065
1.03489959174,-1.45327785768
1.03182791094,-1.44845406424
1.03351067499,-1.44194839295
1.03505595298,-1.46008957826
1.03469998431,-1.45983886734
1.03349017894,-1.44338018915
1.03492486261,-1.44146518672
1.03229284351,-1.45241532767
1.03335910916,-1.45989666446
1.03502886508,-1.45000111404
1.0347532514,-1.44931354428
1.03412480725,-1.45301117986
1.03580137852,-1.47314344957
1.03380171517,-1.43662869216
1.03474481328,-1.44340465625
1.03621405289,-1.45512208825
1.03409980024,-1.45326236532
1.03316116646,-1.47867372877
1.03618608747,-1.45237157886
1.03456971481,-1.4446696112
1.03481939846,-1.45101918598
1.03598995921,-1.46201951856
1.03628508778,-1.45844165691
1.03237001723,-1.42410452008
1.03541448575,-1.4498829387
1.03533962237,-1.44670876488
1.03436220384,-1.44489192832
1.03483718982,-1.43988719322
1.03817226167,-1.45744019798
1.03321492666,-1.46078004007
1.03520526286,-1.44026810673
1.03384905965,-1.42928931171
1.03442390276,-1.45083955456
1.03509910173,-1.4494131649
1.03700114772,-1.46053230294
1.03479393129,-1.45215993526
1.03480439608,-1.44975677321
1.0349579389,-1.42476792264
1.03501498341,-1.42331736955
1.03443819384,-1.45292571825
1.03711482428,-1.44371245307
1.03437557091,-1.44278201755
1.03602392402,-1.44117718888
1.03584092981,-1.45958732839
1.03636583867,-1.42562612709
1.03460730034,-1.4586008798
1.03629236883,-1.43414809915
1.0336491819,-1.43731592076
1.03413021635,-1.43231376793
1.03557517255,-1.4612135024
1.03312592421,-1.42483427139
1.03236617848,-1.42109016809
1.03640716005,-1.4528481534
1.03345803994,-1.44428468999
1.03135273956,-1.41890135249
1.03374655194,-1.45058676463
1.03706518838,-1.43197128652
1.03430510787,-1.44426584409
1.0331588769,-1.42196905911
1.03322360027,-1.45367295595
1.03244158013,-1.44228516851
1.03310452351,-1.45362590427
1.03318150698,-1.44288254996
1.0329080891,-1.45291895628
1.03330367383,-1.44240623105
1.0325580793,-1.43088833365
1.03327631934,-1.53078560399
1.03231242164,-0.599020127358
1.0334237699,-0.993010962741
1.0328763079,-1.27608993332
1.03465001439,-1.39820841904
1.03623183743,-1.50363015707
1.0334580049,-1.52369080536
1.03451637986,-1.57637379669
1.03629158861,-4.6938037513
1.03363648332,-1.97858623716
1.03417119358,-1.13344122136
1.03471601903,-1.20639762683
1.03410754808,-1.30846656147
1.03524041113,-1.35280130942
1.03722127992,-1.38900579884
1.0333714,-1.40684612987
1.03242618913,-1.39589894546
1.03407130906,-1.43459149819
1.03673194912,-1.46251669739
1.03331688819,-1.39144027154
1.03477612624,-1.38368845463
1.03342724459,-1.39872047232
1.03276264742,-1.39699900023
1.03259085507,-1.3978552574
1.03423280453,-1.42271364065
1.03144507328,-1.43319658641
1.03322384142,-1.401404667
1.03546312717,-1.4542864446
1.03377300393,-1.41739672587
1.03369918401,-1.44369781725
1.03379829765,-1.44644304713
1.03174899944,-1.45065484411
1.03556414622,-1.46105247106
1.03655734744,-1.4463767219
1.03495042607,-1.44905897301
1.03276516624,-1.44966354291
1.0363614117,-1.45126780409
1.03179803744,-1.42907909935
1.03377837101,-1.4369937178
1.0345566656,-1.44491930435
1.03382204047,-1.44798713996
1.034956779,-1.44839362517
1.03744892662,-1.44653339609
1.03236722963,-1.41328061836
1.03308291605,-1.43402223155
1.03636755645,-1.43250670718
1.03599670027,-1.420772834
1.03359782799,-1.42918944525
1.0362029488,-1.43963987376
1.03536986938,-1.42185759664
1.03371801811,-1.42365861058
1.03455163485,-1.41807539308
1.03469413388,-1.42136072855
1.03183557161,-1.39489028796
1.03655344726,-1.41505073521
1.03604549995,-1.39538356567
1.03383842854,-1.39680028037
1.03457400258,-1.39977569145
1.03397580092,-1.38895510982
1.03255728447,-1.41295813002
1.03415676708,-1.40930733293
1.03461180142,-1.43135545915
1.03526855442,-1.42118573674
1.03565514207,-1.42244415369
1.03514216442,-1.42103934179
1.0327198507,-1.3886859145
1.03270364027,-1.39916647718
1.03529031314,-1.42530173013
1.03428027608,-1.40688308266
1.03651773812,-1.41742904672
1.03844706136,-1.39019024962
1.03337171072,-1.43003218744
1.03368241382,-1.39789678629
1.03602541986,-1.39556764319
1.0364634643,-1.42649103824
1.03590742141,-1.41808543695
1.03874331395,-1.40523848513
1.03731542583,-1.40734569411
1.03605661884,-1.41385353306
1.03744367991,-1.4221343829
1.03442286822,-1.41316212651
1.03363186579,-1.4102911835
1.03831418313,-1.3843093103
1.0374357494,-1.40970890405
1.03541252685,-1.39698475889
1.03587979181,-1.40749577969
1.0347822542,-1.39862480949
1.03339535487,-1.42858817131
1.03524277488,-1.39579246738
1.03577378064,-1.42614128626
1.03580024392,-1.40906353787
1.03471685821,-1.40703268873
1.03574965786,-1.4174485051
1.03474537278,-1.43572663924
1.03439652274,-1.41658327486
1.0333001853,-1.41157223874
1.03498450682,-1.41759123866
1.03564850013,-1.4128391869
1.03877518187,-1.42351498691
1.032309022,-1.39799381036
1.0337164662,-1.40684924946
1.03402107464,-1.41717842442
1.03456594211,-1.40216023962
1.03482173868,-1.41098720274
1.03622091041,-1.42196966294
1.03452850768,-1.41584082667
1.0334626525,-1.3954708858
1.03438456636,-1.39950619975
1.0334319959,-1.40730496561
1.03281467286,-1.42226976729
1.0362392279,-1.4159607283
1.03461714891,-1.41661397246
1.03424322642,-1.40341475136
1.03372312901,-1.40047106764
1.03324197927,-1.41141447777
1.03159166664,-1.40073206982
1.0339598877,-1.39598348285
1.03439144419,-1.41177988979
1.03446621017,-1.39667554694
1.03394866804,-1.38410420603
1.03512734302,-1.41050848224
1.03390683724,-1.41486546037
1.03269682946,-1.40080565012
1.03049974218,-1.39797915414
1.03115310685,-1.40351711715
1.0368434087,-1.41931910291
1.0362303475,-1.42041030847
1.03270038242,-1.40962277878
1.03260828349,-1.39534386614
1.03316477029,-1.4057734622
1.03156183367,-1.38768383007
1.03186140085,-1.41980284682
1.03574003585,-1.41844218226
1.03494001359,-1.41953784521
1.03623719054,-1.42097251507
1.03392157021,-1.4213874434
1.0319990651,-1.40401538244
1.03107662554,-1.41672770323
1.03509931017,-1.41299139545
1.03623277954,-1.40723813656
1.03540301943,-1.41549682489
1.03616529905,-1.41115711009
1.03534415948,-1.40786462247
1.03287724663,-1.39636958468
1.03326610924,-1.40266556115
1.03308286872,-1.42292138069
1.03350544285,-1.41502534196
1.03588249558,-1.41834941789
1.03622892835,-1.40596161502
1.03414472336,-1.41944951396
1.03380119807,-1.42066936615
1.03330262473,-1.40862131079
1.03240603325,-1.40284995522
1.03279713449,-1.39116964518
1.0360975107,-1.43597999798
1.03339259166,-1.42004916367
1.03479243951,-1.43928766247
1.0346651423,-1.43750712088
1.03225469554,-1.43186683713
1.03388664653,-1.45468736906
1.0350604425,-1.4493257202
1.03518394515,-1.46053621581
1.04786783064,3.08155202298
1.03737839575,-1.55501596626
1.0346855559,-0.822776552101
1.03229426411,-0.857322018187
1.03632400932,-1.06094948563
1.03318096882,-1.24109816164
1.03647138425,-1.35052363731
1.03648917769,-1.48392847015
1.03601769912,-6.9813836596
1.03251840777,-2.51695320301
1.03533761702,-2.07021833689
1.03432618156,-1.72615317993
1.03271506465,-1.57103400972
1.03570086017,-1.44953992056
1.03657148403,-1.41118226283
1.03370796983,-1.38437676195
1.03566958071,-1.38858970444
1.03420971646,-1.42667885398
1.03467323846,-1.48491131919
1.03601735081,-1.43005604971
1.03748938669,-1.41205417151
1.03329002474,-1.39729557405
1.0357643846,-1.3882081607
1.03652296559,-1.39317252103
1.03743766309,-1.39353816161
1.03517546248,-1.40329532108
1.0342085186,-1.42255651285
1.03266881265,-1.41743939504
1.03581950176,-1.40307647888
1.03644133419,-1.41130658271
1.03389375574,-1.40689699179
1.03408620645,-1.3876037334
1.03595239269,-1.38774531074
1.0343149619,-1.40343964445
1.03591846534,-1.39359953219
1.03746635063,-1.41415754736
1.03495873279,-1.40777848081
1.03444766,-1.41693481033
1.03742324277,-1.40281806706
1.0339501363,-1.41830613245
1.03311148912,-1.40127664163
1.03551377318,-1.4223312833
1.03724922667,-1.4158785834
1.03598523894,-1.41929530472
1.03537966501,-1.40823782193
1.03357683545,-1.39484741067
1.03335408583,-1.39138784674
1.03555832617,-1.40158369593
1.03585396096,-1.3956047849
1.03378474167,-1.41485524011
1.03642995429,-1.40146160299
1.03506429273,-1.4093881976
1.03598083529,-1.40850773958
1.03394788767,-1.40787058114
1.03432093024,-1.43543830797
1.03470268742,-1.4265882265
1.03707658309,-1.43022185657
1.03524430829,-1.41368200391
1.03310037664,-1.41642387861
1.03543988405,-1.45222777027
1.03606233526,-1.42749146049
1.03267149459,-1.42023719996
1.03457650558,-1.40623953266
1.03530830432,-1.43444370675
1.03443829052,-1.42685101272
1.0342215994,-1.42295214892
1.03658454355,-1.40250848202
1.03168297693,-1.42809883802
1.03314397128,-1.4260322841
1.03562623321,-1.41020511869
1.03588987263,-1.42855877048
1.03375273666,-1.44018347589
1.03623349037,-1.41993629211
1.03386125351,-1.43435136681
1.03636081658,-1.43484975182
1.03588049706,-1.43288028292
1.03418127478,-1.43055065298
1.03321631172,-1.4446398122
1.03588053481,-1.44672340185
1.03550315606,-1.43065636247
1.0351218895,-1.43531306328
1.03581999362,-1.45350350847
1.03546211534,-1.44341547204
1.03415529226,-1.44684823688
1.03622019976,-1.41874707014
1.0342981907,-1.42863867725
1.03280182424,-1.45595125984
1.03534662589,-1.43147288438
1.03562419523,-1.44201453662
1.03365624155,-1.42527623734
1.03543375651,-1.42248240527
1.03331371034,-1.44869395171
1.03142176498,-1.42384978409
1.03513900002,-1.45261832887
1.0357928105,-1.44234648094
1.03455161914,-1.44797017738
1.03714994225,-1.54175240942
1.03557990689,-1.58845838701
1.03365987878,-1.30531245333
1.03316976252,-1.45587719663
1.03562818911,-1.48067478667
1.03328557456,-1.48138378485
1.03557812118,-1.52237054482
1.03539444494,-1.52778577854
1.03416127242,-1.52433558145
1.03239233664,-1.62063818725
1.03395872001,-1.59390100536
1.03508504409,-1.58224226891
1.03459664567,-1.54829338622
1.034528861,-1.57154042961
1.03295436457,-1.58509215855
1.03255345767,-1.56637645162
1.03489067584,-1.58331172575
1.03380948282,-1.58024877914
1.03186399812,-1.57850839212
1.03399648014,-1.56479198786
1.03607122493,-1.58925272677
1.03353107236,-1.58048233986
1.03330185558,-1.56837050808
1.03367390455,-1.56799915281
1.03194451759,-1.55764621042
1.03375899071,-1.56547491768
1.03471995943,-1.5666704276
1.03291437049,-1.57247111216
1.03356223506,-1.56258493234
1.03436322573,-1.58041025326
1.0335955865,-1.56635530572
1.03081619626,-1.56163935664
1.03471327386,-1.56235127655
1.03094719611,-1.57422983859
1.0347651064,-1.58484939731
1.03654600677,-1.58791082498
1.03447650457,-1.57527635867
1.02953689629,-1.57400273363
1.03125614419,-1.57606718615
1.03392209454,-1.59426402247
1.03460448022,-1.56320814011
1.03480888558,-1.55190228029
1.03467779903,-1.57212223049
1.03515320219,-1.59314473038
1.03633550298,-1.58767729546
1.03235770749,-1.56086956004
1.03161860964,-1.57701575851
1.03510231765,-1.5651002209
1.03655462053,-1.58404076712
1.03430087464,-1.58308706167
1.03676401137,-1.56799145248
1.03204699653,-1.56175309486
1.0319638295,-1.56589831982
1.03277437228,-1.58132074905
1.03481732838,-1.57136345994
1.03287143613,-1.57651991157
1.03491517562,-1.58895200586
1.03364514417,-1.5840458142
1.03309875288,-1.56746137299
1.03398735674,-1.55870059441
1.03123276592,-1.55911469116
1.03077152127,-1.5879678561
1.03537864489,-1.59039763694
1.03766795872,-1.58893117491
1.03510017363,-1.569179598
1.03280027663,-1.58301906253
1.03416893737,-1.59211632581
1.03209290773,-1.56529340618
1.03291240717,-1.60149617933
1.03500115372,-1.5952489627
1.03585068967,-1.61466146211
1.03477134157,-1.56493126353
1.03564342775,-1.57757376291
1.0317650235,-1.56777059846
1.03092591313,-1.57275673044
1.03413201924,-1.58796168465
1.03420911534,-1.58887536986
1.03552269238,-1.58419343952
1.03556161145,-1.60788297467
1.03289209277,-1.58720858259
1.03237142968,-1.5874346666
1.03279471901,-1.58006768756
1.03266993472,-1.58510560953
1.03202661245,-1.57624029714
1.03635791185,-1.59952526781
1.03592483147,-1.58441019469
1.03388536156,-1.58883685977
1.03202754496,-1.56618057934
1.03157663393,-1.57214317461
1.03076039696,-1.55910425957
1.03449517318,-1.57743660616
1.03594961105,-1.59765955495
1.03465764783,-1.57275333331
1.03331982086,-1.56364821934
1.03280958665,-1.58265376081
1.03265886204,-1.57870216203
1.03246859296,-1.57769868951
1.033266894,-1.56751578852
1.03464604459,-1.59326328344
1.03505523365,-1.5909840797
1.03749919264,-1.60223831891
1.03286702146,-1.57749866388
1.03072562108,-1.57033169394
1.03109860808,-1.57345055837
1.03383672815,-1.577540381
1.03653256112,-1.58422439304
1.03891675123,-1.5941666464
1.03388456145,-1.56588086023
1.03458890165,-1.58720867558
1.03355496796,-1.60034609244
1.03184686339,-1.57851428397
1.03177874572,-1.57558949362
1.0372810003,-1.57861529563
1.03592066814,-1.59511346225
1.03476572375,-1.5944000063
1.03373011344,-1.57876205617
1.03327795924,-1.57997579122
1.0289548977,-1.58230774557
1.03352143061,-1.59055183085
1.03510771905,-1.58205961205
1.03452053179,-1.59222758447
1.0353577501,-1.59502382437
1.0353363621,-1.59612292371
1.03472946947,-1.59764055355
1.03601590306,-1.59758253763
1.03641995751,-1.59722003282
1.03920178416,-1.6073836222
1.04097762817,-1.6160310844
1.04538392307,-1.62595559134
1.0399956664,-1.60864743212
1.03991148218,-1.60406866716
1.03941861227,-1.60848362759
1.03979420115,-1.6041871877
1.04033127954,-1.60804216056
1.04120502199,-1.61082950825
1.04011471023,-1.61178685374
1.03842111235,-1.58053440881
1.03693779596,-1.60029622785
1.03465757675,-1.60604595567
1.03490115974,-1.58807728909
1.03873268305,-1.60448255634
1.03968207476,-1.62057977466
1.04000064083,-1.5117658238
1.04039106357,-0.766965532217
1.03678214465,-1.15554823403
1.03306306041,-1.39317069955
1.03946668395,-1.57058140914
1.04034536571,-1.65089416312
1.03963011062,-1.69490936998
1.03965430861,-1.72320127724
1.04176357848,-5.04267567863
1.0384044394,-2.08729776866
1.03859263852,-1.31875116768
1.03756556929,-1.37398872599
1.03636871769,-1.46846926521
1.03894999293,-1.53419095731
1.03820805772,-1.55082270333
1.03578173522,-1.55170108921
1.03277949925,-1.55641483919
1.03362046456,-1.57146789767
1.03457289834,-1.58022645106
1.03249436675,-1.54194401501
1.03602187103,-1.57670119472
1.0363353901,-1.57699705266
1.03668791015,-1.59358598931
1.0356652053,-1.56611010051
1.03487464977,-1.59796307191
1.0330961139,-1.58823640003
1.03605771686,-1.57604291235
1.03485675125,-1.59852000087
1.03724825301,-1.59906136932
1.03781487188,-1.59871361112
1.03467312802,-1.59779553064
1.0332749831,-1.60398765071
1.03583139904,-1.62970059666
1.03535777863,-1.58730472969
1.03353736219,-1.57472310231
1.03508583884,-1.57816187637
1.03729554007,-1.60738053281
1.03421414616,-1.60281130606
1.0371313137,-1.60565365475
1.03410739595,-1.59227561382
1.03543005237,-1.60685669468
1.03707626275,-1.58515362161
1.03846967003,-1.5911086414
1.03474418761,-1.56981091243
1.03568978867,-1.59354883115
1.03605469759,-1.60752183358
1.03458446622,-1.59966968888
1.03485606884,-1.59516551145
1.03588644777,-1.59942300749
1.0350970152,-1.59657610126
1.03582266224,-1.58495807217
1.03507129469,-1.580513228
1.03324731434,-1.60083770965
1.03366776335,-1.57418249395
1.03563543456,-1.55734733549
1.03358933282,-1.55472885232
1.03646548446,-1.56838010082
1.03512262328,-1.58446564649
1.035732073,-1.56437216459
1.03533302439,-1.57773956334
1.03694152172,-1.58738842852
1.03640519489,-1.57462687241
1.03421286126,-1.59051110388
1.03677758756,-1.58549360673
1.03576489395,-1.57982842505
1.03584923114,-1.58858191105
1.03689087724,-1.56590621303
1.03486550715,-1.58603196135
1.03263525176,-1.5730826627
1.03649869375,-1.55907189738
1.03640685539,-1.58325217573
1.03357747594,-1.58382406032
1.03536444709,-1.58987849674
1.03659221793,-1.56619938817
1.03590955666,-1.58372573688
1.03533857527,-1.58138517712
1.03339740028,-1.57579377003
1.03364201644,-1.57589217504
1.03618821911,-1.56023972193
1.03753731242,-1.59270252039
1.03614520631,-1.60915906906
1.03431640376,-1.56960432955
1.03697209543,-1.59101174645
1.03507514511,-1.58629225644
1.03684874238,-1.58381011479
1.03602237254,-1.57443631134
1.03519940738,-1.59463049015
1.0360115693,-1.60790712739
1.03702846297,-1.59107075806
1.03551701409,-1.60444073331
1.03434989296,-1.57219005716
1.03493245206,-1.58398751946
1.0361354597,-1.58576687535
1.03655309106,-1.60303036017
1.03990897431,-1.60998975946
1.03435521144,-1.5843110279
1.03425061252,-1.60298699146
1.03650248596,-1.58698464061
1.03790133284,-1.59005573809
1.03304897499,-1.58250353188
1.03631578173,-1.59528934819
1.03625508904,-1.58844111642
1.03622572,-1.58306055769
1.0349369663,-1.60106694089
1.03397755419,-1.60190221547
1.03352754126,-1.58767063437
1.03645254318,-1.57968114375
1.03628039682,-1.59211618136
1.03520320244,-1.59231884061
1.03581619669,-1.59338657727
1.03584628089,-1.60148301877
1.03373239935,-1.57396411839
1.03563266416,-1.58303814271
1.03459139156,-1.57980287106
1.03434092446,-1.57887162377
1.03467620702,-1.58046328198
1.03747494855,-1.58620176552
1.03451101826,-1.60227084211
1.03473897237,-1.58515978653
1.03519833754,-1.58738825922
1.03483168261,-1.59169201655
1.03619547214,-1.57734365081
1.03732331132,-1.59119583386
1.03491877645,-1.59342674694
1.03565160247,-1.58163085178
1.03788006807,-1.58974520486
1.03388938441,-1.57204217123
1.03334962347,-1.59923659368
1.03601143011,-1.5837999549
1.03538563471,-1.57865412783
1.03698427775,-1.57932985207
1.03607300608,-1.59323862662
1.03561494091,-1.5898615861
1.03300002529,-1.57027210845
1.0359908599,-1.59387965144
1.03395740273,-1.58816478518
1.03439242528,-1.57466500188
1.0350501696,-1.58980789219
1.03740922271,-1.60820505044
1.03475360394,-1.57220564874
1.03463519524,-1.59173408962
1.03319638757,-1.57585554916
1.03245656914,-1.5636228067
1.03551416355,-1.60167014668
1.03603356539,-1.59493642205
1.03578060212,-1.59723269427
1.0346254637,-1.60676949758
1.03382399393,-1.5907498273
1.03226657965,-1.5723964549
1.03462896416,-1.62781567124
1.03646348079,-1.61199556387
1.03503719874,-1.58330823956
1.03641760054,-1.59866790579
1.03773335796,-1.59734487804
1.03554454998,-1.60997042468
1.03342522264,-1.58574273502
1.03531653403,-1.6014656231
1.03366480493,-1.59939776965
1.03764795402,-1.59819519527
1.03766803301,-1.61731000315
1.03711746431,-1.62316112992
1.03282495872,-1.60792280212
1.04478623092,2.89171257067
1.0326961911,-1.72384593775
1.03351159096,-1.00058539795
1.03482803093,-1.04931300883
1.03813682896,-1.25289281006
1.0342725269,-1.44344540428
1.03329242791,-1.57271902095
1.03275039881,-1.65571767489
1.03201558399,-7.12558498357
1.03352856679,-2.57525489285
1.03609148698,-2.26460468779
1.03453804646,-1.91498408647
1.03538839417,-1.77762161567
1.03273744661,-1.67989752462
1.03298861921,-1.58470764446
1.03267994812,-1.57122054341
1.03621535359,-1.58496840353
1.03341247495,-1.60426638294
1.03730705361,-1.68143093073
1.03642453238,-1.60632227805
1.03422639052,-1.56266017063
1.03199550747,-1.57120354868
1.03221642713,-1.54863172646
1.03274333422,-1.56299356573
1.03473193637,-1.5808162866
1.03756916555,-1.58066224109
1.03526251485,-1.59783293933
1.03295909167,-1.57991647456
1.03547362266,-1.58876335491
1.03292178492,-1.59338679814
1.03185210237,-1.58015907965
1.03492360756,-1.59210611009
1.03775412769,-1.59255474204
1.03333662219,-1.5813669672
1.03496913641,-1.5742049254
1.03212434317,-1.58790011461
1.0303642256,-1.58478464285
1.03211710658,-1.60600052399
1.03440754868,-1.5903557033
1.03559508961,-1.59948011218
1.03540011796,-1.59583049414
1.03411385523,-1.5842292716
1.03248553183,-1.58464419324
1.033387874,-1.59353034
1.03211791996,-1.60280394344
1.03097049497,-1.57781033336
1.03536970603,-1.59832985345
1.03754965496,-1.58691954082
1.03462447445,-1.59347450616
1.03207427926,-1.59836534257
1.03175050986,-1.58563591347
1.03177219122,-1.59492160054
1.03579867258,-1.60224825182
1.03466661975,-1.59537161719
1.03449150674,-1.6190629474
1.03577639948,-1.61036842608
1.03581268795,-1.62542195708
1.03272101864,-1.6211377708
1.03220768555,-1.60777543578
1.03348120383,-1.59580200859
1.03534299744,-1.61197636337
1.03442285935,-1.60504951826
1.03496619194,-1.59756979851
1.03348092093,-1.60995797919
1.02914905833,-1.59988566359
1.03125548597,-1.60719553444
1.03366185203,-1.60763641541
1.03194771106,-1.60390336474
1.03447622675,-1.60207424252
1.03305149497,-1.60968701662
1.0325836121,-1.60196589659
1.03047206372,-1.59541021675
1.0293491392,-1.5866681813
1.03063425729,-1.59360653661
1.03539579432,-1.5981981264
1.03311935533,-1.60864434307
1.03282826031,-1.58467765523
1.03178508264,-1.60410325816
1.03069964192,-1.57919348388
1.03024935415,-1.60522762629
1.03217530098,-1.59321069558
1.03226577253,-1.61092231988
1.03429056332,-1.60161245582
1.03344390073,-1.5824911622
1.03603716543,-1.63050390283
1.03012062607,-1.61610721443
1.03118130309,-1.59244768708
1.03327164478,-1.60430740365
1.03452193101,-1.61574415341
1.0341106753,-1.60668607025
1.03625979561,-1.61815847433
1.03349307709,-1.6067606362
1.03250944956,-1.60898438002
1.03350548172,-1.6201417719
1.03257669561,-1.5937415958
1.03277908645,-1.6048436806
1.03398586717,-1.49334846056
1.02705820521,-1.49798984029
1.02744903009,-0.985256690304
1.0276971732,-1.20156492606
1.02740201194,-1.25606192968
1.02873267141,-1.27226654119
1.02979214926,-1.33360634384
1.02715163836,-1.32734001013
1.02743753369,-1.3073177567
1.02656068798,-1.41953278912
1.0277159381,-1.34825036276
1.02844899627,-1.33626174288
1.02891563145,-1.29887962483
1.02625194718,-1.34272405067
1.02819486873,-1.33968305706
1.02983703471,-1.33858038255
1.02686098319,-1.36364764215
1.02633967997,-1.32925999349
1.02711395346,-1.34538457191
1.02728702916,-1.32718271941
1.02974178807,-1.33410513586
1.02893909579,-1.31228447714
1.02774185498,-1.37239826673
1.02929208263,-1.34695458188
1.0310597884,-1.3176216774
1.02862959903,-1.34591991525
1.02883933953,-1.34453040863
1.02991180908,-1.3628997477
1.029265451,-1.34643916494
1.02915623973,-1.37269758068
1.03091694511,-1.38954732014
1.02823440258,-1.36651692859
1.02657550514,-1.35407549617
1.02840897699,-1.37174925973
1.02882857327,-1.37685035964
1.02586359819,-1.36357756318
1.02815831845,-1.37891455137
1.02787279334,-1.39287042158
1.02815199193,-1.3965040326
1.02710504152,-1.38060301546
1.02830180928,-1.38702017352
1.02680603915,-1.4024572819
1.03093858587,-1.39012608381
1.02891232389,-1.39460926482
1.02824369185,-1.38993551319
1.02703891577,-1.37866563639
1.02792395299,-1.37998665628
1.02933372579,-1.38218182319
1.02991195504,-1.37296758321
1.02961116673,-1.38774368385
1.02792425787,-1.39196249134
1.02911536969,-1.38805313459
1.03229511834,-1.40908648998
1.02873354715,-1.39297308228
1.02896903016,-1.39254865576
1.03017334713,-1.39491399066
1.03167576546,-1.39531537912
1.02952873741,-1.37848118781
1.03108956159,-1.38073095726
1.02881818014,-1.37727321511
1.03018314769,-1.37158342385
1.03135628187,-1.38929659523
1.02941106902,-1.37505445873
1.02710191199,-1.36128303096
1.03035281493,-1.37538991819
1.03015927915,-1.38337882313
1.02935235235,-1.40174641771
1.03020782907,-1.3719162133
1.02911559279,-1.38697219524
1.02699711686,-1.38092084408
1.03067860286,-1.39194200001
1.03089424061,-1.3802005289
1.02926865252,-1.39175487132
1.02782506887,-1.38176390386
1.02842854473,-1.4030959173
1.02688398896,-1.36515045387
1.02871232387,-1.35794186401
1.02885361449,-1.37981547257
1.02768691055,-1.38332888272
1.0295847302,-1.40803625395
1.03023829427,-1.38097162041
1.02764566863,-1.41048846286
1.02829207982,-1.41076689085
1.0295562024,-1.39175919077
1.0291256121,-1.3688440576
1.02834382814,-1.3851353667
1.02894609075,-1.41110413458
1.02775144076,-1.39600935247
1.02844581791,-1.40470235856
1.02854926079,-1.38752769993
1.02775923844,-1.39942351867
1.02766708092,-1.36836174366
1.02963001067,-1.38228195283
1.02623845618,-1.38310645944
1.02862739718,-1.38590273199
1.02849972623,-1.36355572379
1.02773730955,-1.39653612153
1.02477510423,-1.403629113
1.02975742035,-1.39940748687
1.02891529489,-1.4005238905
1.02715000281,-1.41267060199
1.02636404278,-1.38889967494
1.02847651986,-1.41340160967
1.02632240265,-1.37667288006
1.02842276259,-1.39803929931
1.02641485599,-1.39287885134
1.02523075549,-1.40010267851
1.02813880209,-1.41644757119
1.02889881307,-1.39244146895
1.02617673727,-1.40196642381
1.02715353218,-1.40730712317
1.02637519842,-1.38971883628
1.02766577539,-1.38355311996
1.02906440192,-1.39343580073
1.02958691005,-1.43665968177
1.02499183748,-1.37759940451
1.02846978117,-1.39695660652
1.02893039692,-1.39394124062
1.02923541516,-1.42312772707
1.02662924546,-1.38833220904
1.02901897198,-1.41153352694
1.02791071601,-1.39937478015
1.02917078423,-1.40344354736
1.03052122559,-1.39552913425
1.02886390839,-1.41509996887
1.02723514993,-1.4191652946
1.02894362456,-1.39677457823
1.02907965462,-1.4199802101
1.0271950641,-1.42669152127
1.02817950757,-1.41579782852
1.02804138827,-1.4110705939
1.02842030998,-1.39618045988
1.02983338175,-1.40118413165
1.02839597195,-1.41175153939
1.02642869841,-1.40696073217
1.0272740011,-1.39846548873
1.02991090055,-1.42085177932
1.02762032442,-1.4084133793
1.03049785261,-1.4245167812
1.02761705637,-1.39226730846
1.02705663819,-1.40761243143
1.02925684938,-1.40263475582
1.0282280183,-1.09751632125
1.02660358034,-0.626716806301
1.02674658932,-0.998037692019
1.02973874581,-1.20659465756
1.02754658085,-1.36590274152
1.02682085344,-1.4458734631
1.02862066164,-1.49492857708
1.02777212054,-1.56127012332
1.02994928654,-4.82945210841
1.0282940613,-1.78496616442
1.02813854338,-1.11339166258
1.02761342722,-1.22971793804
1.03071916775,-1.29147915754
1.02854240533,-1.34806296296
1.02802794186,-1.36811106456
1.0295492019,-1.38921869093
1.02875396414,-1.39890660388
1.02967571769,-1.43000495048
1.03074385647,-1.4159850697
1.02791173436,-1.36672991832
1.02695843483,-1.38175055173
1.02993160899,-1.3913325224
1.03036724594,-1.38791232682
1.02703127615,-1.40936481527
1.02959862335,-1.42677538533
1.02895201274,-1.39571060465
1.02876252904,-1.39963624284
1.02813973838,-1.39807451481
1.02872281482,-1.41209447724
1.02802632453,-1.41084877547
1.03059166218,-1.39307470954
1.02984484824,-1.42186229403
1.02789395837,-1.40400900314
1.02860017399,-1.40808137248
1.02988181417,-1.39689737728
1.02765663426,-1.39332075703
1.02997924934,-1.40340297801
1.03162201212,-1.3965981747
1.0292347741,-1.39882362434
1.02911999442,-1.41308683263
1.03076368302,-1.42444659182
1.02940898731,-1.40666835356
1.03164646852,-1.41719853475
1.02972926426,-1.43050867625
1.02896928815,-1.40827871786
1.03065083893,-1.41779480024
1.0316970929,-1.38593315861
1.02891378445,-1.40923422035
1.02827223807,-1.4308459094
1.02921781036,-1.41318372235
1.02873770688,-1.41248581997
1.02699971609,-1.409502101
1.02925765847,-1.41100592231
1.03021180451,-1.4132566212
1.02872364893,-1.38470800617
1.02755974346,-1.38975725869
1.02840692888,-1.41725767932
1.02692759252,-1.41330021525
1.02994616202,-1.40628237939
1.02973945405,-1.41356957029
1.02740183138,-1.39656016666
1.02878140462,-1.42838804632
1.02872339895,-1.41642735361
1.02636499989,-1.40495745856
1.02948130774,-1.42012383268
1.02972025195,-1.4080367384
1.02888344622,-1.40658699657
1.02815633859,-1.41136380447
1.03100330478,-1.42690447096
1.02879001093,-1.41341122974
1.02886184612,-1.39655211224
1.02799155538,-1.38585321038
1.02680362988,-1.38743148036
1.02838724137,-1.3974066913
1.03082456657,-1.3986814275
1.02772562128,-1.41342713713
1.02829698237,-1.39837129414
1.03067633986,-1.39700129089
1.02938835925,-1.42370205851
1.0263004068,-1.4079941214
1.02916387208,-1.41758422602
1.02878980238,-1.38933019774
1.02851536193,-1.39248687355
1.03007438175,-1.43357169224
1.02715338563,-1.42754093968
1.02587605976,-1.41211993838
1.02977491903,-1.41551881841
1.02875984407,-1.41374387029
1.02793977559,-1.39791932611
1.02748949392,-1.42302099897
1.02932589126,-1.43911937165
1.02705374287,-1.41497969016
1.02818479957,-1.40845103943
1.02635933383,-1.4000085277
1.02643360107,-1.43664305131
1.02837896156,-1.43759809418
1.02915086489,-1.42974977276
1.02778624683,-1.4179007741
1.02604188685,-1.38700991204
1.02768975024,-1.40651715498
1.02661566144,-1.41728483927
1.0276020334,-1.41088659902
1.02911990141,-1.41015676283
1.02585557821,-1.41233783454
1.02727131281,-1.41218714528
1.0285377751,-1.42092929889
1.02885868239,-1.43282373639
1.02657364581,-1.40657861238
1.02802227758,-1.39701547736
1.02870051796,-1.43004954341
1.02837540145,-1.41712910514
1.02804695914,-1.42619617756
1.02668253105,-1.44115465669
1.0254740388,-1.40643356565
1.03107263883,-1.42084619589
1.02812381887,-1.417874406
1.02609839631,-1.40632473298
1.02762938262,-1.42391162675
1.02886414064,-1.43470867463
1.02614634671,-1.40810277736
1.02904756015,-1.44448151547
1.02699825374,-1.44258851152
1.02700999735,-1.42503093905
1.028197171,-1.43692038252
1.02847791565,-1.43618794757
1.02656238872,-1.41523059837
1.02783676235,-1.41359841081
1.02722644994,-1.42107011137
1.0275967891,-1.42990928708
1.02777926833,-1.40601173699
1.03096892595,-1.43148609272
1.02636821236,-1.43770984105
1.02812723884,-1.42769517465
1.03083140347,-1.41242331343
1.03027286639,-1.41555574297
1.02812312611,-1.41782642215
1.02979361421,-1.42211395369
1.02965382387,-1.43178154637
1.0312919736,-1.42642540684
1.03023210677,-1.43619903297
1.02871477175,-1.45838893642
1.02996312155,-1.42907980199
1.03091051911,-1.40594380284
1.02815701125,-1.41405744575
1.02650466183,-1.44070789322
1.02893026761,-1.44618267061
1.03004494331,-1.44479602129
1.02796580706,-1.4252294148
1.0304582238,-1.43014909745
1.02865145735,-1.42838836065
1.02639378236,-1.4450881549
1.02710208931,-1.3988633127
1.03105240044,-1.45258428711
1.02893588293,-1.41441713548
1.02962227088,-1.45194852675
1.0273630027,-1.41516703426
1.0277541228,-1.45381463429
1.03037794881,-1.46027677893
1.029680294,-1.44138245201
1.0281455503,-1.45018540694
1.02921941831,-1.43225471968
1.03090422487,-1.45319213783
1.04124562337,3.1658647394
1.02745754493,-1.55348060146
1.02732692581,-0.818469841687
1.02900071454,-0.880696722033
1.03057064832,-1.08539826241
1.03000598605,-1.27896905242
1.02661430854,-1.40329195939
1.0269989749,-1.47965571907
1.02935225383,-7.19810589216
1.02711320193,-2.16741517717
1.02816232207,-2.05342113201
1.02745536138,-1.71624052049
1.02696995498,-1.60482801231
1.02907776271,-1.51765005313
1.0288669689,-1.46395093512
1.02738848626,-1.41524573227
1.02452074105,-1.40455988455
1.02812130346,-1.41715252224
1.02899874455,-1.57676169126
1.02720623051,-1.43494353659
1.02850013228,-1.3982810883
1.02744531503,-1.41672118973
1.02653488594,-1.39682784682
1.02674883464,-1.39479971959
1.02824517379,-1.392274594
1.0256192573,-1.39976110686
1.02898820002,-1.43530277707
1.03050133664,-1.40952508773
1.02887624351,-1.42006397544
1.02906327704,-1.43524589838
1.03076763096,-1.42590895498
1.03007056859,-1.41264079582
1.03312082593,-1.40870721096
1.03336176811,-1.42122797839
1.03073494576,-1.42031093166
1.03103381058,-1.4219634223
1.03307971882,-1.40651651973
1.03072459604,-1.4167592909
1.03098726538,-1.44149396905
1.03092580594,-1.43514305966
1.0312175635,-1.44678411742
1.03078151977,-1.41826638784
1.03210460866,-1.41578556475
1.0284523748,-1.4140127719
1.03073267278,-1.44161226864
1.03258152999,-1.42480535972
1.03073277055,-1.42697792759
1.03003768809,-1.43226929349
1.03323533806,-1.42613798475
1.03321035148,-1.46023526931
1.03246345652,-1.43279511296
1.0359147456,-1.44171850199
1.0356250808,-1.41987166503
1.0321004924,-1.44688427607
1.03458102799,-1.46262414874
1.03361042485,-1.44744629725
1.03172952565,-1.45576774757
1.03003020205,-1.44578845477
1.02938419981,-1.44996225613
1.02764406602,-1.44978994451
1.02895608192,-1.44162093988
1.02729416038,-1.44692233985
1.02628431588,-1.43434820674
1.02732866428,-1.44689787019
1.03109128298,-1.45188376444
1.02734764769,-1.46011649491
1.02897744905,-1.45529532837
1.02900573931,-1.44825562219
1.0284298532,-1.44308560309
1.02979022987,-1.43486203072
1.03112780444,-1.46855016223
1.02923248572,-1.4289100256
1.03033957251,-1.46361471012
1.03094699804,-1.45445458012
1.0295606613,-1.44654348173
1.03071675271,-1.46261073303
1.03145321926,-1.46150500368
1.02879987572,-1.45167836949
1.02933635174,-1.46328287546
1.03002307602,-1.44680447439
1.02991962584,-1.44938828422
1.02597884231,-1.43460076262
1.0297353139,-1.45835251436
1.02796638321,-1.4467157006
1.02606998726,-1.43814918285
1.02621508898,-1.44744656647
1.02842070682,-1.44418688005
1.02680799015,-1.42574675254
1.02980920672,-1.45404798711
1.02694924602,-1.45523575938
1.02694068916,-1.47693325502
1.02864436169,-1.47401446292
1.02924917808,-1.46387377744
1.02605004445,-1.43316683247
1.02790075787,-1.44134706555
1.0291122927,-1.4588749946
1.02987216136,-1.65092527736
1.02639762558,-1.59197007623
1.0259491608,-1.71821954048
1.02357705815,-1.54258675829
1.02438332065,-1.5645748189
1.02633544701,-1.59488997626
1.02705619606,-1.75525272077
1.02647075759,-1.76792147164
1.02785554369,-1.75960149113
1.02792469494,-1.24483994945
1.02901779395,-1.18777031451
1.03092423829,-1.19597464002
1.0281901859,-1.14744068462
1.02706961272,-1.14727633148
1.02943333535,-1.18444305865
1.02941293329,-1.1887027724
1.02784969011,-1.17956857184
1.02826346742,-1.19736392325
1.02819988685,-1.22665785576
1.02782800933,-1.20640454396
1.02986593695,-1.20375154158
1.02884040398,-1.23385560178
1.0263275078,-1.19588867844
1.02696461114,-1.23726011257
1.03087656981,-1.22705819182
1.02839412035,-1.23632884274
1.02808435933,-1.24820572394
1.0267328182,-1.22123036183
1.02849123852,-1.2409812534
1.02905944298,-1.23431209423
1.02857856739,-1.24705758301
1.02650892991,-1.23860031729
1.02821584035,-1.23917012464
1.0303551901,-1.24186577533
1.02842179515,-1.23180343075
1.02808435776,-1.23620336444
1.02830295737,-1.24829151212
1.02641517807,-1.21197552232
1.02865328161,-1.23993423507
1.03088207109,-1.26006399417
1.02880300159,-1.23876351362
1.02788084972,-1.25613721001
1.02944313053,-1.23296229469
1.02884538183,-1.25242152633
1.02896418287,-1.250986589
1.0279748345,-1.2339764712
1.02677458504,-1.27024344846
1.02875207391,-1.23625231245
1.03070504824,-1.26781244946
1.02822585943,-1.25629349978
1.02696874343,-1.27073279147
1.02975154759,-1.23686876566
1.03058963848,-1.26466015369
1.0267092676,-1.25715542197
1.02834746924,-1.26967083211
1.02723310604,-1.24898840458
1.02900059663,-1.25208446403
1.02934664748,-1.27903480633
1.02765189556,-1.24259443878
1.02737731964,-1.28253819235
1.02821061442,-1.25450989295
1.02863631802,-1.26264353165
1.0276465487,-1.27543355499
1.02734557218,-1.26118889327
1.02788585106,-1.25730417964
1.02775557671,-1.30468829325
1.02931585527,-1.30400344546
1.02988692536,-1.29201262514
1.0290091865,-1.27295787488
1.02788014452,-1.28848347466
1.03070880269,-1.31542498569
1.02801726658,-1.29851222066
1.02937218463,-1.30720835703
1.02970086313,-1.28653101106
1.02936681783,-1.27403020664
1.02962875918,-1.2945801375
1.0315885576,-1.29400679723
1.02755444313,-1.28635191271
1.02676083826,-1.27102400572
1.03023603948,-1.27737152329
1.03075526274,-1.28417672541
1.0275425896,-1.30021909124
1.02819121708,-1.27617250933
1.02834467421,-1.28043310846
1.0273642621,-1.29809785577
1.02822639823,-1.3142505543
1.02851314777,-1.30348924942
1.02626718808,-1.27717868211
1.02807310961,-1.29050839745
1.02678343168,-1.31023504103
1.02781811315,-1.28679495922
1.03020575689,-1.31836045896
1.02781859537,-1.30161042955
1.02479386188,-1.2849755434
1.02773069789,-1.29580512232
1.02884112804,-1.30190749989
1.02735842211,-1.30129667005
1.02719703396,-1.3087789402
1.02925417838,-1.32893843104
1.0263562681,-1.30384824349
1.02699035886,-1.30295413719
1.02790658193,-1.30938396679
1.02701405165,-1.30249712792
1.02925909472,-1.29898696734
1.03220878904,-1.32304127823
1.02908413749,-1.29608574154
1.02921485601,-1.29501813031
1.03259320141,-1.29442765239
1.03182307044,-1.31982902385
1.03225757511,-1.31714625009
1.0310334177,-1.28033391173
1.02898330231,-1.30707171837
1.03003966795,-1.30872635782
1.03207189285,-1.30133316134
1.03061115994,-1.30018041044
1.02802359164,-1.30123129327
1.03079477759,-1.3002619477
1.02899525335,-1.30337536205
1.02839960323,-1.31116244387
1.02945044601,-1.30557598878
1.03001761729,-1.29746586901
1.02821720569,-1.31708362748
1.03200938543,-1.31590146172
1.02965608894,-1.31644011227
1.02799854216,-1.30210014608
1.02975416929,-1.31960161755
1.03248503508,-1.31471006739
1.0298867162,-1.30329006014
1.03104782662,-1.32329573753
1.0304970016,-1.29180352488
1.03016224505,-1.29976427367
1.03205028511,-1.28078708975
1.0329087349,-1.30807751172
1.03011467684,-1.30677017004
1.02894315642,-1.29169214532
1.03005243757,-1.28674627627
1.02958989871,-1.31698830458
1.02824796236,-1.31300299366
1.02972968246,-1.29368510341
1.02675029037,-1.29467759706
1.02857233524,-1.32762356295
1.02900069226,-1.29493553013
1.02772706901,-1.40463147839
1.02733323312,-0.572604167397
1.03052291019,-0.980929544879
1.02833799787,-1.18826674106
1.02698645399,-1.27679036928
1.02874385031,-1.35687995842
1.0284621283,-1.40939220035
1.0268953131,-1.42660611983
1.03043846539,-4.48355245213
1.02787425791,-1.59473226172
1.02574782337,-0.944939446861
1.02712139196,-1.04845018758
1.02790854033,-1.16072632201
1.02608514585,-1.20763989088
1.02914589382,-1.25517100573
1.02767987558,-1.2564345772
1.02680139396,-1.24461453053
1.02654369122,-1.04132859882
1.02957490168,-1.28377839858
1.02612349696,-1.2441814717
1.02801715942,-1.2818031451
1.03038361589,-1.27520138433
1.02878260036,-1.27110276356
1.02625204161,-1.29025175376
1.02900348538,-1.29585925728
1.02690071459,-1.24537685225
1.02917131647,-1.20991686101
1.02971867957,-1.23217933004
1.02834556929,-1.2406448044
1.02807178306,-1.24254528204
1.02949199331,-1.24373623911
1.02782335575,-1.22830218227
1.02693741464,-1.1981365128
1.02882092627,-1.24826691002
1.02823451199,-1.25474591577
1.02612364996,-1.27402676557
1.02920406326,-1.23789664393
1.02856528405,-1.2773242134
1.02846387822,-1.27547720614
1.02878829881,-1.27606311842
1.02874679471,-1.24986150663
1.02656044048,-1.26690768887
1.02850184173,-1.27367161361
1.02669158107,-1.27548285386
1.02711344718,-1.27937674958
1.03000016891,-1.28062516112
1.0282098549,-1.28207057307
1.02649066114,-1.29092083292
1.02855641327,-1.28296624149
1.02861371939,-1.27788530648
1.02826397127,-1.29941260272
1.02640368827,-1.29510450695
1.02860911923,-1.26487414256
1.02616529987,-1.30729315994
1.0307250415,-1.3598274465
1.0300553394,-1.34318607264
1.02833035639,-1.35503472067
1.02648742935,-1.30641694065
1.02998788838,-1.34863279699
1.02892973318,-1.32077216039
1.02879248858,-1.33083361038
1.02934537748,-1.32331387742
1.0272239147,-1.31747890116
1.02744469722,-1.33440254376
1.02998980163,-1.32517321951
1.02802830391,-1.31606842728
1.02691221593,-1.34691262371
1.02837627756,-1.30959553859
1.02973560225,-1.32878703544
1.0269645222,-1.34542990227
1.02894513885,-1.33161111202
1.02633741637,-1.34682523637
1.0276186084,-1.34192441724
1.02962365233,-1.34971242961
1.02923172798,-1.34748941459
1.02669455506,-1.35243559923
1.02797582158,-1.3226144782
1.02735462614,-1.32821367357
1.02695312717,-1.35156979114
1.02675520645,-1.36133225172
1.02823833374,-1.35670190055
1.02693251276,-1.35064319751
1.02838389339,-1.35166283029
1.02851246519,-1.35069484208
1.02690304002,-1.36227674827
1.02601271648,-1.33575360846
1.02975160456,-1.36426598277
1.02838032588,-1.36556722404
1.02926785395,-1.36387532948
1.02698971302,-1.30897258842
1.02858572282,-1.33968989253
1.02947957252,-1.35703237909
1.03194512436,-1.36410681853
1.02896605374,-1.34127816858
1.02888168692,-1.34905645811
1.02962490254,-1.34463431187
1.02934262167,-1.33687660298
1.02879411598,-1.34624467089
1.03052650591,-1.33871355235
1.02801395563,-1.35888353207
1.0272330302,-1.32330797214
1.03021513241,-1.3412782407
1.03013452117,-1.35327216962
1.02658455545,-1.36112794889
1.02768304122,-1.35860967889
1.02706422544,-1.30414623114
1.02854939363,-1.33836485472
1.0276428025,-1.32672096902
1.02705887892,-1.34895617325
1.02632837144,-1.35385222254
1.02964141023,-1.33416562539
1.02798618724,-1.33546945782
1.0270658822,-1.34406160112
1.02815206255,-1.33663074948
1.03121435971,-1.35061872765
1.02751680522,-1.32064769105
1.02927474564,-1.3483606558
1.02788855654,-1.30813716338
1.02955864382,-1.33265351547
1.02959560001,-1.32716241066
1.03116892155,-1.37069127618
1.02781665983,-1.30603900453
1.0283163345,-1.32790960166
1.02928890177,-1.33174862103
1.02870522954,-1.31635419795
1.02859868639,-1.31383031429
1.03085361999,-1.33905056833
1.02749135033,-1.30898904226
1.02716674999,-1.33066595091
1.02859326607,-1.34815587762
1.02740862192,-1.31795012886
1.02449354357,-1.31294503934
1.02852438371,-1.33394174355
1.02818443936,-1.32358079851
1.02742867455,-1.32950813663
1.02757827235,-1.35637451265
1.02736556943,-1.33330349951
1.02542807151,-1.30610720256
1.02914395674,-1.32347023736
1.02769442588,-1.30857872023
1.02599617479,-1.33670195861
1.02856459041,-1.33681330962
1.02939725298,-1.31935784047
1.02723950029,-1.34039938045
1.02857930274,-1.32678126815
1.02791907877,-1.33771654933
1.02639959015,-1.31463976944
1.02752572207,-1.33430948925
1.03079586767,-1.33739969613
1.02768578632,-1.3452510558
1.0284629594,-1.34854911754
1.0288898145,-1.35815896378
1.02893281378,-1.34564883197
1.02825950961,-1.2986477377
1.02840102207,-1.30993664003
1.02798314412,-1.29282176376
1.02864441283,-1.30438855514
1.03032146482,-1.28591634941
1.02835336658,-1.29586943053
1.02572699603,-1.2731947931
1.02799482669,-1.29226046206
1.02741335766,-1.25265072837
1.03911630714,4.19393267209
1.02771684956,-1.02815566528
1.02646790967,-0.493295079927
1.02495217212,-0.71541481575
1.02936667903,-0.992142048429
1.02816772622,-1.18838160145
1.0246233814,-1.29498441314
1.02700897415,-1.36159252694
1.02859480724,-7.29167584594
1.0267979643,-2.32340853316
1.02912804341,-1.96918459758
1.02537480283,-1.58096954927
1.02466907921,-1.43060452731
1.02705978678,-1.37199665804
1.02736951644,-1.32568712672
1.02572225333,-1.30273460438
1.02532561871,-1.30878984669
1.02581320785,-1.14807167655
1.02632990914,-1.28744406908
1.02557869593,-1.29720141248
1.0268984135,-1.30529626488
1.02511344842,-1.31669424467
1.0279299931,-1.34937711985
1.02860020645,-1.30142482583
1.02834238379,-1.31126941887
1.02694607471,-1.34178172853
1.0285856729,-1.28927978095
1.02835769206,-1.28722137311
1.0300424566,-1.33758713943
1.03007275796,-1.32989435022
1.02766103182,-1.33213354469
1.02792040468,-1.29747275945
1.03151971242,-1.30876907709
1.02951464601,-1.32079428507
1.02717865236,-1.32282669372
1.02907588396,-1.32260388005
1.03042477491,-1.34431666785
1.02615288499,-1.32802381507
1.02860205668,-1.34766807292
1.02715631615,-1.33245124959
1.02767332161,-1.34963435223
1.02853769851,-1.34522637572
1.02834905535,-1.33825181644
1.02721109538,-1.34787125428
1.02700586851,-1.31542466708
1.02913587263,-1.35032112562
1.02829605667,-1.35152082127
1.02849133492,-1.33517199106
1.0307138557,-1.32721166251
1.0265976296,-1.32986161626
1.02898778021,-1.34903754496
1.02990275043,-1.30709402287
1.02945749495,-1.3273575067
1.02862532208,-1.30681332226
1.03007313864,-1.32269613699
1.02490080081,-1.28670474141
1.02680163293,-1.29107602637
1.02717132565,-1.34146974442
1.02571820204,-1.33081954409
1.02624672076,-1.30514391988
1.02973577775,-1.34927683642
1.02558589738,-1.29483257312
1.0244709279,-1.33038439977
1.02547046422,-1.31205052395
1.02690673227,-1.30391210869
1.02460661657,-1.31951846026
1.02794701278,-1.33024961099
1.02583922795,-1.30533145512
1.0249179062,-1.31018358001
1.02548910005,-1.31557298924
1.02752566124,-1.29913912183
1.0245732748,-1.2790470084
1.02688468341,-1.33187773919
1.02524371286,-1.32527411439
1.02440942033,-1.32556923592
1.02654580674,-1.30804481719
1.02564598764,-1.31101636556
1.02448238126,-1.28583984093
1.02676021373,-1.29367811108
1.0269519185,-1.29459511928
1.02559704257,-1.30284348721
1.02505919911,-1.29668757868
1.02678062247,-1.28365099574
1.02565858681,-1.27947363968
1.02753024834,-1.29722155051
1.02690979977,-1.30530962724
1.0256580593,-1.29746626235
1.02589031798,-1.27940859569
1.02796611867,-1.29324160769
1.02611571938,-1.30085211391
1.02600704613,-1.29500887977
1.02765391487,-1.31061164612
1.02706863435,-1.28516648585
1.02643475005,-1.29584309872
1.02753327699,-1.28885613917
1.0262904542,-1.27131847265
1.04406319527,-1.52428405468
1.04381604945,-1.70196827367
1.04493431688,-1.81964829028
1.04147713732,-1.62971924966
1.04298274574,-1.67203002506
1.04237349812,-1.67526480541
1.04329080973,-1.78747086267
1.0426714223,-1.83944467021
1.04206498646,-1.76943249309
1.04104622965,-1.63122632576
1.0443195429,-1.60864484709
1.04360823091,-1.62399284831
1.04167740153,-1.57316748624
1.04167359203,-1.59315924939
1.04305275189,-1.62496993736
1.04273514474,-1.61752869008
1.04315226221,-1.60437005496
1.04312535455,-1.608733326
1.04129157875,-1.67246222971
1.04161911861,-1.653741845
1.04578101037,-1.65108407445
1.04155317368,-1.64491944245
1.0428634235,-1.67908522773
1.04219772714,-1.63568895907
1.04448569684,-1.68208471319
1.04248754681,-1.6372707646
1.04387903213,-1.65327214282
1.04187133394,-1.6526327902
1.04367736176,-1.67634815662
1.045400726,-1.65786955598
1.04205407887,-1.66053709315
1.04015261962,-1.65580488124
1.04389791748,-1.69163476004
1.04304694969,-1.67846592886
1.04305524518,-1.6879702481
1.04440017335,-1.65754994968
1.04127083295,-1.6792659473
1.0408336084,-1.66076345066
1.04282276447,-1.6744937724
1.04368624683,-1.68770474057
1.04143245988,-1.6761200842
1.04263101449,-1.69162252764
1.0437206743,-1.6822325271
1.04262149764,-1.67939990622
1.04466979081,-1.7059954858
1.04226485908,-1.68794255095
1.04179756389,-1.69377305703
1.04280000899,-1.68200717806
1.04648853194,-1.70782085007
1.04192399449,-1.69527861549
1.04241319572,-1.68414032997
1.0444121011,-1.70755445277
1.04489874668,-1.72588425451
1.04372778733,-1.67544573662
1.04337422407,-1.70584394847
1.0414382617,-1.69519458047
1.043841919,-1.68719823287
1.04366155404,-1.68216857584
1.04288519183,-1.67752156895
1.04191913777,-1.69300292138
1.04413138322,-1.68921971843
1.04113717467,-1.68686914393
1.04277915331,-1.72617168835
1.04395419355,-1.7025316492
1.04310963345,-1.69030788337
1.04202103388,-1.72242650853
1.04462670505,-1.69442218662
1.04357819145,-1.69624046804
1.041877013,-1.70264638029
1.04280324469,-1.68898715124
1.04449905434,-1.73474144656
1.04388806421,-1.71904053037
1.04482872991,-1.70012920144
1.04351664764,-1.70615292738
1.04340329892,-1.71269919533
1.04557748371,-1.71928527568
1.04523135559,-1.72994880757
1.04242639701,-1.70762641888
1.0428205836,-1.70429395909
1.04485372887,-1.6991031146
1.0428420959,-1.72280370241
1.04199498447,-1.72544928863
1.04377547441,-1.71540583682
1.04104834047,-1.6910298702
1.04345219778,-1.71340976111
1.04584881065,-1.70348606215
1.04474312441,-1.73179003434
1.04478260437,-1.7230373724
1.04758278908,-1.71937983833
1.04746979497,-1.75393264004
1.05058220739,-1.73579452434
1.05194114303,-1.73668963642
1.0497568531,-1.73175106354
1.04910491883,-1.72640917959
1.05279891561,-1.73140477933
1.04889811468,-1.73182144494
1.04619917847,-1.72710961525
1.04811471972,-1.71269758486
1.04686547694,-1.71990985784
1.04591607615,-1.72071211101
1.04814414058,-1.71391358678
1.04330781862,-1.70856494638
1.04180689366,-1.70907281501
1.04432091288,-1.71308715756
1.04597111763,-1.7178819742
1.04393609033,-1.70393337143
1.04600795416,-1.74134067111
1.04616939996,-1.72595651717
1.04626034424,-1.72636750192
1.0473763599,-1.74601728252
1.04851675697,-1.71005547221
1.04824793237,-1.72988092676
1.0526308104,-1.74521750742
1.05458440131,-1.73294394864
1.05333370741,-1.74781382453
1.05115228321,-1.74030778407
1.05273642127,-1.74043099435
1.05195697487,-1.74229547406
1.05173221739,-1.75539839686
1.04983791717,-1.74305214138
1.04695270402,-1.72558882927
1.04494939111,-1.72137202574
1.04967524913,-1.73192281572
1.0460401052,-1.74562855979
1.04398381846,-1.73792621461
1.04406116917,-1.71884785364
1.04353148995,-1.74144767093
1.04534507845,-1.70724344489
1.04797099355,-1.75545951918
1.04625746557,-1.72858575363
1.04475536991,-1.73568903221
1.04756257464,-1.72850925627
1.04770328498,-1.71355923202
1.04368578785,-1.72167830965
1.0465282779,-1.74059217986
1.04735871057,-1.73853555076
1.04567155532,-1.74628089377
1.04454752631,-1.74529352868
1.04325722063,-1.73496727157
1.04260724839,-1.71581787075
1.04437884209,-1.7453321388
1.04375030789,-1.72498675138
1.04179436276,-2.68780855175
1.04079264841,-0.793735496101
1.04454539105,-1.28806599307
1.04038185049,-1.57826168771
1.04336149443,-1.74091138618
1.0439694882,-1.79825356791
1.0442075395,-1.85318677134
1.04353331354,-1.84931672505
1.04586161541,-4.11924871361
1.04260394618,-2.10425386423
1.04257487201,-1.43522901205
1.04464993155,-1.49642990353
1.0437875057,-1.58978751903
1.0433979969,-1.69501387368
1.04505821537,-1.70019657644
1.04127045695,-1.72680171332
1.04239845316,-1.73624902102
1.04350319963,-1.66516457605
1.04410820863,-1.72332071333
1.04077028411,-1.68501397473
1.04241847276,-1.71754043965
1.04353779555,-1.71825571162
1.04196911572,-1.7308430832
1.04259059289,-1.753411842
1.04431998327,-1.72655960607
1.0411893174,-1.68282261896
1.04320583904,-1.68486000821
1.04433287827,-1.68511853974
1.04111572598,-1.70018535338
1.0438217432,-1.69035757696
1.04379246642,-1.6978048971
1.04160040275,-1.67585360035
1.04337992779,-1.68821823997
1.04333653589,-1.70298372876
1.04214249663,-1.69736188963
1.04279746375,-1.72242814283
1.04523066644,-1.72391646447
1.04072485587,-1.72481148357
1.04277792099,-1.71414486597
1.0433121038,-1.72965250652
1.04277385642,-1.71840237335
1.04301981644,-1.72327614684
1.04414488215,-1.71308637304
1.04138851593,-1.72802176251
1.04163779172,-1.72479486096
1.04493750627,-1.71053985223
1.04462019243,-1.75295901078
1.04189913954,-1.741626298
1.04266373408,-1.73135482996
1.04372387594,-1.74054966997
1.04250876802,-1.75853351616
1.04329248153,-1.74178406325
1.04418102733,-1.73706801108
1.04000216102,-1.74172492531
1.04306518166,-1.76574193229
1.04266067511,-1.76099747262
1.04100811924,-1.77181528972
1.04068259685,-1.73830706925
1.04164314889,-1.73515001542
1.04116747303,-1.73793855828
1.04448518269,-1.77255180955
1.04306538053,-1.7531154668
1.04299731742,-1.71390934344
1.04686662703,-1.78156062355
1.04986314315,-1.78056158164
1.04911131601,-1.75813972694
1.0505543571,-1.77031916389
1.05353606588,-1.75814195093
1.05358225226,-1.76993031856
1.05485532421,-1.77927045058
1.05516498615,-1.77170710072
1.05152086903,-1.77098860607
1.0526804038,-1.78681063044
1.05330859343,-1.75083068095
1.05269992815,-1.76276451096
1.04923027378,-1.75651764324
1.05254306656,-1.77242741368
1.05140605343,-1.75304799881
1.05207940913,-1.79139006204
1.05089372545,-1.77020275353
1.05019645001,-1.79377148935
1.0502428701,-1.77381200231
1.05550547956,-1.79892038666
1.0535566994,-1.79372942979
1.05076076193,-1.79193355325
1.05326502277,-1.79495251983
1.0534509837,-1.79360828864
1.05306940917,-1.78376241244
1.05609368237,-1.78007147418
1.05452111534,-1.76544432877
1.05298108184,-1.77201054608
1.05439308026,-1.78254608748
1.05348617795,-1.79193119759
1.04940550911,-1.76203738655
1.04962383259,-1.7764094782
1.04811238941,-1.76050578924
1.04549714489,-1.76525854546
1.0460283648,-1.7188700844
1.04471034549,-1.76516132935
1.04129073056,-1.77030234758
1.04303500479,-1.76732966637
1.04449678539,-1.75257543436
1.04188006225,-1.7532661738
1.04172578605,-1.75626835134
1.04488200395,-1.77654652341
1.04289085808,-1.77401436884
1.0437951716,-1.76911167897
1.04325527716,-1.7625270084
1.04032729846,-1.74196604092
1.04182684651,-1.76404100991
1.0452862018,-1.7527250928
1.04299236676,-1.75861755435
1.04122048597,-1.78262266282
1.04285965227,-1.76923452837
1.04166564812,-1.74363057448
1.0404626137,-1.76392405535
1.04456490879,-1.78339233998
1.04273124585,-1.74774198033
1.04223351585,-1.74408583323
1.04222429196,-1.77236751857
1.04401028746,-1.78524817828
1.04182338819,-1.75006855244
1.04376189671,-1.75510869718
1.043207951,-1.74775092808
1.04221929612,-1.75143731473
1.04543913531,-1.75270358574
1.04471580906,-1.76168646256
1.04072036489,-1.72505727083
1.04393698609,-1.75070495995
1.04481775352,-1.76273145351
1.04435527143,-1.78307586548
1.0419783176,-1.75580348122
1.04411077306,-1.77276347102
1.04137252141,-1.73228567236
1.04460731787,-1.76306687175
1.04427742825,-1.76754349443
1.04126869301,-1.77216215127
1.04224649489,-1.75159239874
1.04489254273,-1.75880833148
1.04392924322,-1.75114751971
1.04266611351,-1.7595192921
1.04419486262,-1.76262796916
1.04333019988,-1.77104596385
1.04288242406,-1.7645011742
1.04473259363,-1.76682417012
1.04210318289,-1.74975880981
1.04092374832,-1.7516921674
1.04429301557,-1.74330152483
1.04388628303,-1.79574574955
1.03976776612,-1.74840504025
1.04223121999,-1.75947290042
1.0416496761,-1.75159648224
1.04201516592,-1.76689039628
1.04374596471,-1.74002482894
1.0420592015,-1.74382564052
1.03924496681,-1.72420209966
1.04132141305,-1.74818966747
1.0421768585,-1.72113777934
1.04126864481,-1.73217757598
1.04049238631,-1.73063858471
1.04121529957,-1.72962305618
1.040571555,-1.72356238334
1.05146833921,2.91574604716
1.04215142742,-1.83097270756
1.03998256557,-1.2163697363
1.04073132649,-1.24328031535
1.04423466161,-1.46030747657
1.04180307134,-1.6011063951
1.04207491586,-1.73357139732
1.04202584433,-1.75074067608
1.04223405834,-8.58632857746
1.04258816435,-2.78889142836
1.04532602947,-2.4741587946
1.04199515757,-2.02643163652
1.04051663443,-1.83026932624
1.04369464602,-1.77306154854
1.04260335932,-1.7082388775
1.04121131952,-1.67046727598
1.04198616232,-1.68918284354
1.03978627408,-1.59081177808
1.04141605135,-1.73310236138
1.04240976154,-1.69265028595
1.04395281187,-1.72254868196
1.04071016038,-1.71599451658
1.04381333961,-1.7409812199
1.04459571995,-1.693183057
1.04454548396,-1.74135163303
1.0468547116,-1.73980682827
1.04928801571,-1.70628561368
1.04842422044,-1.71030777732
1.05038612326,-1.72626930945
1.04964569612,-1.73899499535
1.04902298722,-1.75127821986
1.04917111458,-1.72319033563
1.05217746335,-1.73374759551
1.04744411702,-1.73148856165
1.04807590342,-1.74210430207
1.04889542935,-1.74858605253
1.04762066738,-1.71898902649
1.04623528095,-1.74606408534
1.04862855024,-1.75426462631
1.04715298124,-1.74140630444
1.04783846531,-1.72245856197
1.04836778745,-1.75266999703
1.04826902538,-1.74658228976
1.04816695003,-1.74622401662
1.05023405402,-1.73162713248
1.04880620228,-1.74310624349
1.04986281382,-1.75677182828
1.05193349884,-1.77469282388
1.05097829792,-1.75711369011
1.04970152284,-1.74032943693
1.05337010778,-1.73176950982
1.05314695518,-1.74434109433
1.05033100843,-1.74904578066
1.04976837126,-1.73975845893
1.04801955729,-1.73146698828
1.04665676414,-1.70913882337
1.04676118437,-1.73587953511
1.04436695924,-1.7318160404
1.04257836219,-1.73447746919
1.04335687767,-1.7116951307
1.0439806341,-1.71425924963
1.04320467885,-1.73377337188
1.04557440855,-1.73745419156
1.04804332558,-1.72797145421
1.04563904231,-1.72665121837
1.04457548163,-1.70074725518
1.04763760011,-1.72744579016
1.04416021824,-1.72104256394
1.04586893808,-1.73735955636
1.04704502182,-1.73542657467
1.044499595,-1.72026637435
1.04517045362,-1.71371944723
1.04713279724,-1.74569842069
1.04537904237,-1.73601622044
1.04539740109,-1.73068284233
1.04711849347,-1.74021269049
1.04355831862,-1.69599101928
1.04307556123,-1.72107865557
1.0468794706,-1.73076379903
1.04688028617,-1.71817961861
1.04334129453,-1.72581797265
1.04440751951,-1.72012903889
1.04436052035,-1.72145448401
1.04388867266,-1.72362329078
1.0469358839,-1.74693274021
1.04552236036,-1.72210582433
1.04269469955,-1.72232416791
1.04572883503,-1.71069649269
1.04571176842,-1.70920482912
1.04537451311,-1.73208690117
1.0450297042,-1.70603953702
1.04395217472,-1.71592480127
1.04336536615,-1.71876073869
1.04412762386,-1.71162658031
1.04454584149,-1.72116025784
1.04110790072,-1.70399215279
1.04289226883,-1.48809803917
1.04204416421,-1.34952909843
1.04066830637,-1.20105373687
1.03914714289,-1.2337842739
1.04103931169,-1.20819921095
1.0396367629,-1.21740520254
1.04188403542,-1.22593720049
1.04210425555,-1.25005903972
1.04141118772,-1.23822744434
1.04227563233,-1.22875319738
1.04438805841,-1.19613906732
1.04338837941,-1.21536342567
1.04357124911,-1.18671824256
1.04264222804,-1.20480978149
1.04278987771,-1.19685619733
1.04148722525,-1.20698312777
1.04469456577,-1.21339935752
1.04127437484,-1.20074837604
1.04083876461,-1.21776291891
1.04242943538,-1.19573577112
1.04472721187,-1.21088777958
1.04128644938,-1.21553048692
1.04125208089,-1.17510158884
1.04179082639,-1.21075192428
1.0410526056,-1.18479851358
1.04179719617,-1.22159098864
1.04135467727,-1.2004445008
1.03870356416,-1.21545724959
1.04255970388,-1.19831188451
1.04160961285,-1.18971053655
1.04120688668,-1.20224852612
1.04151201768,-1.21241782804
1.04341867372,-1.21316372955
1.04224959888,-1.22489754791
1.04339975025,-1.219703479
1.04250597831,-1.19886514653
1.04154920075,-1.22382930105
1.04096417076,-1.20325996929
1.04420054834,-1.20782249977
1.041136621,-1.22324617853
1.03919409473,-1.20986918659
1.04123765829,-1.22154017652
1.04007292754,-1.18283425534
1.04222929461,-1.21948924728
1.04326860955,-1.21466941088
1.03941129712,-1.21377260738
1.04177580257,-1.23960147526
1.04230198918,-1.21537333006
1.04251450252,-1.20231465384
1.04074420882,-1.19269512963
1.04270419183,-1.23078245792
1.04127700661,-1.21091165637
1.042421225,-1.21225118451
1.04229163553,-1.22665109458
1.04317662992,-1.21790259969
1.04001395899,-1.22511461499
1.04277809726,-1.22081843804
1.04220016706,-1.23767534947
1.0415131525,-1.22308233186
1.04219660608,-1.22443299922
1.0422069811,-1.20913297259
1.04065899759,-1.2445802595
1.04333151692,-1.21010478714
1.0425287963,-1.20587948844
1.04166921574,-1.21860201105
1.04040554998,-1.20857777753
1.04483191333,-1.24063579648
1.04262039926,-1.23289717874
1.04173456602,-1.21205081687
1.04201403681,-1.22096741285
1.04159540118,-1.22656285678
1.04414029884,-1.21619416137
1.04484765135,-1.24026782209
1.04212428606,-1.22741591051
1.04306827501,-1.23071493018
1.04435647061,-1.23131061228
1.04435185766,-1.23382476735
1.0419055491,-1.22980840568
1.04436174819,-1.2192917494
1.04234519961,-1.21119127071
1.04376794839,-1.2275237051
1.04559276853,-1.22909495802
1.04272319673,-1.20990595809
1.04086995585,-1.22220082559
1.04479749412,-1.24024398439
1.04353211186,-1.21083052744
1.04079245737,-1.2318828853
1.04085033145,-1.20330514909
1.04307474518,-1.23509102274
1.0415273574,-1.23154042475
1.04480144672,-1.22757320191
1.04234902351,-1.21940998018
1.0406978853,-1.23319090628
1.04209498641,-1.21242098938
1.04426901072,-1.21164257054
1.04269690686,-1.26208372405
1.04159173792,-1.24027622108
1.04223762305,-1.2308824762
1.04128334531,-1.21998727756
1.04212290457,-1.24300361363
1.04480499067,-1.22470676586
1.04152343925,-1.24486559805
1.04232703164,-1.20000622236
1.04372102628,-1.22928872321
1.04362670546,-1.23162694187
1.04236394964,-1.23680623949
1.04381639377,-1.20607712486
1.04170942785,-1.22767790884
1.04314514279,-1.224742544
1.04458813735,-1.22828432617
1.04132857621,-1.21807930536
1.03950139821,-1.23201636439
1.04541418077,-1.23636339705
1.04440664907,-1.24608095151
1.0411516741,-1.20615618499
1.04252048123,-1.23289412607
1.04303932686,-1.23902263143
1.04071635004,-1.21915991917
1.04412833057,-1.23554171088
1.04247435526,-1.24479132055
1.04065497943,-1.22661376974
1.0422517342,-1.23216780601
1.04379237621,-1.22909294289
1.04110684015,-1.22888660554
1.04236814703,-1.22191565429
1.04333888851,-1.2392741088
1.04348713098,-1.21916496087
1.04326601869,-1.22908067092
1.04583532656,-1.23948700472
1.04151719586,-1.2478147509
1.0429681612,-1.22788048959
1.04442526759,-1.22982258083
1.04477106352,-1.22671399885
1.04379980434,-1.21222325279
1.04302954119,-1.2259944131
1.04407467891,-1.22971421142
1.04456584642,-1.22440425641
1.04517083867,-1.22869343787
1.04349092301,-1.20084877558
1.04381604532,-1.22912785079
1.04643075089,-1.25869453058
1.04415552258,-1.21699753192
1.0434783225,-1.70348103457
1.04354788087,-0.541712815575
1.04501072205,-0.898206824499
1.041321879,-1.10386677193
1.0451406935,-1.20674267059
1.04432076443,-1.28057020999
1.04354466072,-1.33374302838
1.04350502259,-1.32339884059
1.04549593653,-3.6657063161
1.04096391442,-1.46533178138
1.04180476279,-1.00346089773
1.04031054452,-1.02924871544
1.03921367186,-1.10072559153
1.04154510902,-1.1645565678
1.04126357347,-1.14288305318
1.0382751253,-1.20474568737
1.03989556837,-1.18047250721
1.04019051102,-1.09352402567
1.04189158938,-1.20050647973
1.04050050755,-1.19963071938
1.04237817635,-1.18715579541
1.04051113356,-1.20548240666
1.04089948516,-1.1731590443
1.03986413307,-1.17634250613
1.04026043978,-1.18320710162
1.0400200933,-1.20475889466
1.04351224756,-1.20447644129
1.04185355729,-1.21655296044
1.04138539066,-1.19361640756
1.04262163152,-1.2050736199
1.04179970977,-1.19521790365
1.04063702191,-1.19402332566
1.04329413395,-1.19945664263
1.04201824891,-1.21699899058
1.04036843381,-1.20918542102
1.04205490855,-1.22999698928
1.04215125181,-1.19344794848
1.0401945881,-1.22419554019
1.04089365967,-1.21369909727
1.03965795543,-1.20320781064
1.04029901761,-1.21377659654
1.04147035795,-1.2185004624
1.04198945226,-1.20661880468
1.03898048037,-1.2061140905
1.04091792788,-1.20953244
1.04116874474,-1.24064233702
1.0417720263,-1.18727387628
1.04158702757,-1.21198275435
1.04196511539,-1.2194839126
1.040631758,-1.19759069433
1.04209516165,-1.21303433436
1.0421796768,-1.19691047937
1.03986540086,-1.21898744319
1.04140567123,-1.23974657929
1.04368786693,-1.23120220952
1.04235414252,-1.21596464811
1.04251118985,-1.23318671189
1.04155414895,-1.22518380354
1.04086337922,-1.21911861562
1.04171297403,-1.22606996487
1.04385843395,-1.2197325193
1.0413194217,-1.21995119535
1.04103056721,-1.2230372455
1.04278133309,-1.23349034304
1.04327456275,-1.21850149532
1.03987552316,-1.22101720944
1.04232433829,-1.22841643481
1.04167880876,-1.22027309485
1.04154719472,-1.21208796159
1.04353197753,-1.22152164474
1.04393550797,-1.22048018549
1.03948339223,-1.23558501104
1.0417516418,-1.21686772223
1.04252247487,-1.21979480731
1.04157499095,-1.22739068957
1.04103546189,-1.2254967491
1.04095590981,-1.20833388847
1.04158820613,-1.24230096338
1.04263156732,-1.23226945231
1.04160821184,-1.21805031998
1.04068667785,-1.23002400465
1.0407919333,-1.21581576929
1.04485354714,-1.23412898964
1.03998940333,-1.22870075172
1.04224302974,-1.23527585638
1.04234129544,-1.2351238888
1.04204205271,-1.22176629979
1.04145175972,-1.22795775076
1.04185238547,-1.20190529794
1.04086725837,-1.23837276962
1.04105272861,-1.22981691238
1.04451551583,-1.23456785892
1.04250140106,-1.24052564039
1.04109347593,-1.21004429235
1.04279111939,-1.21416014238
1.04154637428,-1.22691916476
1.04280289168,-1.24046699406
1.04277771301,-1.22269013909
1.04260274525,-1.24266316737
1.03919950543,-1.23717832987
1.04186782138,-1.22039234345
1.04297055346,-1.22521929867
1.04224207565,-1.23322146585
1.04054825683,-1.2361905135
1.04256654573,-1.22779444975
1.04101509589,-1.22008733084
1.04165323698,-1.23110688122
1.04093428401,-1.22529534749
1.03990353741,-1.22800769597
1.04126634094,-1.21776472646
1.04314769748,-1.22644450953
1.0409825526,-1.24129535366
1.04112591106,-1.21073100612
1.04058842279,-1.21897741561
1.04033900656,-1.23234538277
1.03965454495,-1.22378831106
1.0443254404,-1.24653803001
1.03982215052,-1.21164936802
1.04163382947,-1.23713549975
1.04288461794,-1.22172950556
1.04205627467,-1.21797097087
1.04064213139,-1.2467088457
1.04345534939,-1.24928617282
1.04011271147,-1.21689803908
1.04113777708,-1.21422061822
1.04351833652,-1.21929648737
1.04251640413,-1.20568351828
1.04089513583,-1.24184588843
1.0425072137,-1.20709384503
1.04166844838,-1.23649034545
1.04118215387,-1.21669215297
1.04154193966,-1.21159105726
1.04064047329,-1.20178823671
1.04051713781,-1.22422859332
1.04257668541,-1.23630622417
1.04099222245,-1.23206645963
1.03824114624,-1.19444951524
1.04116139448,-1.219898144
1.04183074962,-1.22841002012
1.04074960968,-1.23020666025
1.04241478448,-1.23948318749
1.03857042786,-1.22424427129
1.04002218986,-1.22881585724
1.04187870675,-1.23625735369
1.04352184997,-1.22787332941
1.03999792574,-1.2317755968
1.04019363504,-1.22551567901
1.04215661675,-1.22230978383
1.04203220267,-1.20148300393
1.04159329979,-1.21217906492
1.04297947208,-1.23624329351
1.04008301444,-1.23490798437
1.04122259852,-1.2217611033
1.04365882212,-1.19207158486
1.04236915891,-1.22082784882
1.0402864953,-1.21125963017
1.04297583501,-1.21706023261
1.04273018365,-1.23000691509
1.04097227824,-1.22127947002
1.04215128447,-1.23758245678
1.04010739798,-1.22055209137
1.04149061287,-1.20878591059
1.05542793863,3.2430457494
1.04210933716,-1.35342289968
1.03971591005,-0.716151957461
1.0411980079,-0.767610450789
1.04335812729,-0.931902053777
1.04130407584,-1.0930867313
1.04207581498,-1.21407534201
1.04166931014,-1.26595700996
1.04145666615,-6.86745095654
1.04206930741,-2.06942589101
1.04285695856,-1.77478988403
1.03921774079,-1.53923859442
1.0422769131,-1.40215228646
1.04175848659,-1.28831697807
1.04165181985,-1.20090925257
1.04184719659,-1.18596657948
1.04353576186,-1.22108431475
1.04042153987,-1.25128010682
1.04361641337,-1.18548146457
1.04322467979,-1.18875748319
1.04131710998,-1.1928916467
1.04109963351,-1.20815351675
1.04468387891,-1.19941049867
1.04234996759,-1.17861873593
1.04272275647,-1.20658970125
1.04157064701,-1.20055593603
1.04072686739,-1.19331414176
1.041714669,-1.20126168077
1.04432718666,-1.21128650937
1.04192602491,-1.19758003134
1.04042636815,-1.19628171152
1.04159371156,-1.20883193791
1.04301190173,-1.21784873415
1.03999155734,-1.21181318857
1.04278935955,-1.22584393539
1.04282749109,-1.22459835664
1.04266627483,-1.20825208862
1.04092891936,-1.21467166563
1.04196904717,-1.21799427391
1.04016940066,-1.21338019489
1.04251859867,-1.22003986272
1.0424028815,-1.21132574051
1.04150776835,-1.22276150442
1.04183048026,-1.22122351931
1.04270751839,-1.21642928951
1.03939437213,-1.23328637099
1.04098963451,-1.20943242803
1.04209439649,-1.21825560098
1.04108358402,-1.22868671779
1.03879815155,-1.21117869206
1.04259446932,-1.22775259868
1.04016794429,-1.22173032469
1.0414741891,-1.1957390311
1.04230211676,-1.19770806045
1.04085926512,-1.22040883818
1.04142284868,-1.23079414417
1.04310368727,-1.21895726295
1.04236157169,-1.24275181343
1.04109527213,-1.21936324102
1.04393127461,-1.22427006773
1.04238966908,-1.22338169998
1.04105908703,-1.23025064257
1.0431386396,-1.23897828147
1.0414189044,-1.22696562321
1.04081121724,-1.20248558801
1.04277576666,-1.22362223937
1.04186048234,-1.2241469466
1.03802156907,-1.22099986584
1.04207614071,-1.22926980319
1.04239501984,-1.22920622728
1.04102621169,-1.22398781558
1.04246054384,-1.21446629596
1.04255361699,-1.22672871943
1.0394783584,-1.22006050258
1.0430458151,-1.22585223701
1.04203938999,-1.22676540995
1.04199664103,-1.23079033736
1.03958877037,-1.22806382161
1.04210802228,-1.22751045906
1.04158020848,-1.22044132671
1.04152955353,-1.22641962713
1.04196943122,-1.24706672485
1.04026884141,-1.22838697598
1.04082211611,-1.2236960944
1.04418899065,-1.23489353014
1.0400213982,-1.23660998161
1.04158085375,-1.24656178694
1.04266978539,-1.22973509354
1.04291823073,-1.21610167434
1.04201838247,-1.22080094928
1.04224284009,-1.21920923401
1.0399983145,-1.23318708108
1.04181534507,-1.24336090677
1.0434075733,-1.25617709176
1.04239629282,-1.23392005768
1.04067736366,-1.22250539843
1.02501081478,-1.46270962689
1.02128991004,-1.23419799485
1.0202444899,-1.09366145283
1.02182347696,-1.08152306699
1.02067881375,-1.07259178941
1.0199055318,-1.09220704783
1.0223780865,-1.10637115485
1.0221715078,-1.15184956223
1.01790287782,-1.11280857962
1.02008729267,-0.983213547973
1.02244278422,-0.966168409485
1.0218599277,-0.997414255557
1.02234756111,-0.943741325859
1.02103513603,-0.957733169578
1.02091051073,-0.963373622851
1.02180167774,-0.969385614376
1.02443041229,-0.985928443422
1.01969586749,-0.982855240464
1.01948705192,-0.973115305469
1.02354400542,-0.970900872007
1.02231073044,-0.973639705313
1.02167481272,-0.961190674095
1.02302239765,-0.95773112107
1.02300542367,-0.958055960578
1.02619610804,-0.980906183154
1.02826982041,-0.958673070771
1.02771441508,-0.993499546611
1.02969789606,-1.00741921347
1.03429079142,-0.978243888394
1.03361534367,-0.982731787842
1.0313119459,-0.968319490085
1.03077622902,-0.957281979551
1.03109818082,-0.978919321789
1.02930328518,-0.98591002323
1.0311158934,-0.97171312245
1.02959269788,-0.976284372204
1.02642752849,-0.967112242889
1.02702869661,-0.977503882834
1.02781942855,-0.986360059588
1.02665878778,-0.974804014935
1.02685023805,-0.980888258486
1.0263994445,-0.976338909614
1.02654381716,-0.97239380454
1.02808570355,-0.983062735066
1.02959681743,-0.987079190017
1.02633185558,-0.947214657417
1.0299203446,-0.967302866846
1.03107846161,-0.986307810095
1.03218988638,-0.983326848006
1.02968979271,-0.955761571642
1.03382154281,-0.969406517758
1.03132027766,-0.957308878526
1.03255110214,-0.955519818994
1.03242132907,-0.956253225591
1.02969519726,-0.957686879654
1.02877115163,-0.971015005587
1.02804177847,-0.953662809921
1.02742535096,-0.975553360135
1.02605769723,-0.970359717516
1.02438568305,-0.957146928212
1.02065199504,-0.952979898279
1.02118839966,-0.980590828794
1.02344728206,-0.977298533575
1.02224816244,-0.990908510975
1.02068347723,-0.965084103106
1.02269580244,-0.99039510005
1.02387114767,-0.970517946016
1.02176374895,-0.963765888238
1.02244423587,-0.947842413356
1.02170309884,-0.957525635081
1.02081961138,-0.952407268115
1.02301276435,-0.958699752871
1.02398680092,-0.981782792729
1.018850336,-0.964381922542
1.02196462139,-0.952678598013
1.02203696915,-0.970752018999
1.02267318189,-0.959867182512
1.02240889266,-0.993095839191
1.02320066265,-0.973237264348
1.02135236713,-0.954550014793
1.02342692658,-0.969394803155
1.02324058607,-0.977678603993
1.02179195042,-0.950342672351
1.02059967356,-0.978619931823
1.02453196353,-0.970204686399
1.02320270487,-0.94222094954
1.02275040969,-0.965391106639
1.02269260964,-0.962754661438
1.02192907367,-0.977617195319
1.02122076749,-0.96837314962
1.0250759744,-0.958403672533
1.02294729259,-0.989590466914
1.02134138945,-0.94943739903
1.02280350146,-0.96652117859
1.02334217562,-0.973483802769
1.02214169444,-0.976413999838
1.02312853114,-0.970519991768
1.02177252769,-0.956255086257
1.02206764499,-0.995060954844
1.02466606038,-0.988380144496
1.02371512378,-0.96323512935
1.02030810924,-0.986213194111
1.0212644297,-0.948278233897
1.0233505361,-0.969928247175
1.0225055693,-0.954082360859
1.02317292526,-0.961554329491
1.0216456926,-0.965568660868
1.02049152269,-0.996987012445
1.02352264348,-0.977465870313
1.02195938719,-0.946555157282
1.02229947311,-0.974675723269
1.02166455413,-0.990003754334
1.02461416186,-0.960644811288
1.02270165314,-0.985443081485
1.02255444215,-0.977299084524
1.02281204517,-0.962980709942
1.02397375346,-0.980153868193
1.02350632905,-0.968705302662
1.02460702664,-0.973523753479
1.02300747488,-0.962875002392
1.02325370934,-0.968548018721
1.02315577824,-0.964592583133
1.02313660028,-0.954319472382
1.02368640889,-0.98615215184
1.02372170549,-0.987410771656
1.02119651203,-0.977073246855
1.0229814519,-0.959940209818
1.02355835983,-0.97048468979
1.02364181663,-0.978025648503
1.02085590661,-0.953336238765
1.02418133517,-0.96540305856
1.02226706812,-0.96453714339
1.02222338168,-0.957702114458
1.02259432516,-0.946377991944
1.02363231305,-0.970462173464
1.02237658132,-0.969302488757
1.02275073282,-0.958921326301
1.02177789488,-0.963339271467
1.02186855338,-0.972700895218
1.02357130337,-0.988962904468
1.02482628943,-0.992805172385
1.02202609466,-0.967458703821
1.02368435071,-1.29209729328
1.02347123582,-0.213668097998
1.02199104939,-0.637449243832
1.02166033001,-0.818920401851
1.02500892807,-0.936031996403
1.02299281695,-1.01925941911
1.02409703016,-1.0704990335
1.02290842301,-1.06581702694
1.0239012674,-3.28651261329
1.02333628925,-1.59812604808
1.02566944896,-0.824074700418
1.02283140935,-0.719145600229
1.02355963629,-0.765115780391
1.02492285859,-0.826363924475
1.02383782574,-0.867140422001
1.02156033947,-0.873318693062
1.02382339894,-0.866326673974
1.02127173249,-0.743740876235
1.02306985375,-0.903610280921
1.02347334866,-0.884058753721
1.02266366024,-0.906640965066
1.02262962242,-0.906013092664
1.02419958171,-0.904333144018
1.02341299532,-0.903423523352
1.0209883958,-0.922452967756
1.02147312108,-0.93198973903
1.02317751078,-0.915635855316
1.02269755669,-0.912297954914
1.02319249234,-0.909449471881
1.02185571468,-0.922415534227
1.02129392026,-0.924162734259
1.02185910964,-0.924419491784
1.02407350866,-0.929907184124
1.02249677458,-0.934274940626
1.02365526854,-0.94655736101
1.02378545158,-0.93214823972
1.02231899668,-0.929557982345
1.0231520879,-0.926823014052
1.02465620814,-0.960227566191
1.02189350152,-0.930155906412
1.02349132901,-0.940636373168
1.02476140515,-0.940379433595
1.02309754543,-0.927367942666
1.02282783965,-0.920759061054
1.02372443203,-0.927933504565
1.02241472828,-0.935135846823
1.02416532135,-0.932246220192
1.02374351018,-0.927660764502
1.0221452055,-0.936547956078
1.02232824673,-0.906282369993
1.02527965744,-0.932546616909
1.0238836466,-0.932249785693
1.02195721257,-0.927442462888
1.02315408904,-0.945673102433
1.02389227516,-0.907802895397
1.02136088198,-0.941583812803
1.02318502795,-0.915655650994
1.02295914597,-0.953357333715
1.02196519735,-0.933393287425
1.02321042089,-0.935759664501
1.02311606773,-0.951764476822
1.02116067868,-0.937148997436
1.02199492844,-0.925697053768
1.0231255431,-0.928803426665
1.02296229867,-0.921199061645
1.02284987532,-0.94757200203
1.02332796163,-0.935434562968
1.02130558715,-0.942107097357
1.02304717329,-0.923659454261
1.02494909689,-0.940821294044
1.0226703814,-0.919997959538
1.02212462866,-0.943608778651
1.02363997429,-0.933277658301
1.02335468765,-0.929695304163
1.02401584726,-0.951471433162
1.02252016458,-0.946422825933
1.02318656617,-0.93492846675
1.022874662,-0.937208489213
1.0255018018,-0.960750845513
1.0223149225,-0.950740810913
1.02261891242,-0.950393664389
1.02243019026,-0.938111470551
1.02447761424,-0.92788792647
1.02204153892,-0.947295748339
1.02445996304,-0.925214393762
1.02370339212,-0.945747369484
1.02286888611,-0.955651954855
1.02359369203,-0.948618379142
1.02508330721,-0.941209143176
1.02145831012,-0.938989951945
1.02238336081,-0.952843827228
1.02350518179,-0.950589236438
1.02259011765,-0.946904000542
1.02545455095,-0.952256607006
1.02401291853,-0.934177979232
1.02214366253,-0.944018358748
1.02356153539,-0.952257533509
1.02477413039,-0.92156104496
1.02304556606,-0.95311167094
1.02148538726,-0.945081516476
1.02513583662,-0.94983896985
1.02305530068,-0.953103635695
1.02409392316,-0.960501243795
1.02448246839,-0.955917818225
1.02270268805,-0.954054670546
1.02375846548,-0.927466700087
1.02582081363,-0.930437607722
1.02359016058,-0.953281535379
1.02342893806,-0.943184954592
1.02506048141,-0.942546488726
1.02392298305,-0.948238290688
1.02323159972,-0.949532372878
1.02492048092,-0.952950341958
1.02212744605,-0.934366450437
1.0225633248,-0.955853771257
1.02489108105,-0.937227575777
1.02534491646,-0.928308973368
1.02267802145,-0.9488984662
1.02360822205,-0.920270101671
1.02425084019,-0.944334338428
1.0253477579,-0.923498274831
1.02601690441,-0.926966962537
1.0259910215,-0.946861680343
1.02354610763,-0.93406256947
1.0267576689,-0.944154713214
1.02607208249,-0.942794003166
1.02605548181,-0.955860043055
1.02321494929,-0.946700874689
1.02566901651,-0.942146200724
1.02518084174,-0.949440146094
1.02606222969,-0.948582461177
1.02499071507,-0.947969982832
1.0231994793,-0.937955738469
1.02396506575,-0.928782492962
1.0262508197,-0.931106964777
1.02533616325,-0.940722230331
1.02616417045,-0.930146974631
1.02571052335,-0.944598427071
1.02844099599,-0.937032430493
1.02823426012,-0.942260045929
1.03012106807,-0.94633964181
1.02570077416,-0.948889045423
1.02683893407,-0.931337967545
1.02865632838,-0.924853880079
1.03018707975,-0.934226701975
1.02739993313,-0.927422017884
1.02883566717,-0.919233289695
1.0271614293,-0.94438249635
1.02706431197,-0.932087652419
1.02592636558,-0.932567735287
1.02679671618,-0.937500880472
1.02417987983,-0.924067929136
1.02710751635,-0.931825297135
1.02648495665,-0.957310083662
1.02439958383,-0.952150083054
1.02267526781,-0.941989424596
1.02351442899,-0.934509011437
1.02631727396,-0.952041154009
1.02690420103,-0.942670284086
1.02499318538,-0.931396942632
1.02397530303,-0.938898299095
1.02556634371,-0.943260753186
1.03849024506,3.63450165859
1.02398796572,-1.01454465921
1.02323920451,-0.328702002028
1.02564842276,-0.405320164783
1.02457736949,-0.597037382908
1.02338861095,-0.780993260069
1.02428824918,-0.916499906603
1.02281098121,-0.98756017567
1.02414707768,-7.0756871782
1.02715802954,-2.03103554335
1.02389790069,-1.52940208816
1.02208398287,-1.24495336112
1.02440280927,-1.09852113706
1.023127241,-0.999542336629
1.02416868431,-0.925931967487
1.02405527545,-0.912738167218
1.02342892672,-0.934370907576
1.02091374205,-0.849034781005
1.02458702259,-0.929072165705
1.02422836171,-0.933689223186
1.02274095983,-0.920564465766
1.02251762944,-0.914611463583
1.02369106967,-0.912860180311
1.02241941017,-0.915717376164
1.02327521516,-0.912484844902
1.02294169699,-0.926949552564
1.0229595021,-0.911560854863
1.02445879892,-0.918403693773
1.02301772317,-0.904050007224
1.02116108286,-0.928383262852
1.02350168326,-0.917227234511
1.02454278337,-0.942163901079
1.02446283711,-0.915772072811
1.02473681906,-0.91580260229
1.02504449789,-0.922378653787
1.02265330684,-0.937747092175
1.02402703995,-0.924880200325
1.02505569411,-0.932296842763
1.02416251236,-0.902638534672
1.02480124869,-0.935486861771
1.02614100305,-0.935565088922
1.02386582136,-0.93569987424
1.02464656233,-0.931180068947
1.02561743193,-0.939681767814
1.02543089452,-0.924360869794
1.02337100096,-0.940180477172
1.02635925136,-0.952337333827
1.02442217457,-0.95293689058
1.02271399502,-0.933227551538
1.02417722835,-0.943342927529
1.02541267844,-0.935030272636
1.02349104266,-0.931484788263
1.02431119664,-0.93909023596
1.02463824626,-0.931151961933
1.02354917871,-0.932411961138
1.02567896211,-0.941192929621
1.026526159,-0.945112557439
1.02439633022,-0.949879143454
1.02507233364,-0.939906057055
1.02537813319,-0.964053704491
1.02597640532,-0.937975249593
1.02535607383,-0.95197221335
1.02643265684,-0.929876697129
1.02262282121,-0.942447809739
1.02496473328,-0.947405467728
1.02574185006,-0.938653920212
1.02319204319,-0.92822173214
1.02366924438,-0.924394246379
1.02494806931,-0.934153424164
1.02390625855,-0.953855138358
1.02449802573,-0.922475248753
1.02529069013,-0.946642498595
1.02548372448,-0.940977023107
1.02387375822,-0.953291415788
1.02785512168,-0.937169391158
1.02556752168,-0.948895857417
1.02501831015,-0.959338171151
1.02465977422,-0.931864446394
1.02475309279,-0.949358261899
1.02486284666,-0.948517630121
1.02678297952,-0.941750610291
1.02472520239,-0.926145364118
1.02341864312,-0.949242383501
1.02635220396,-0.967387296082
1.026517755,-0.954558126035
1.02284565584,-0.943148606953
1.0234273096,-0.961652906223
1.02331446062,-0.947810791434
1.02350516787,-0.947680608575
1.02384800463,-0.944604122053
1.02323164485,-0.937090326461
1.02167695987,-0.9558972203
1.0248693271,-0.952786406466
1.02499719655,-0.966116231922
1.02165498938,-0.942176688445
1.02279367256,-0.945229263859
1.03082387803,-1.64981384688
1.02614760834,-1.64750935105
1.02851775941,-1.49519408479
1.02675150464,-1.4931113951
1.02567164362,-1.53315389282
1.02677210002,-1.53574326487
1.02896999851,-1.49839928767
1.02728316677,-1.58040729915
1.02626332018,-1.54518434636
1.02678408696,-1.58803358496
1.02794874676,-1.55158299817
1.0262701011,-1.55918553168
1.02803722834,-1.52454745036
1.0247073631,-1.53720063125
1.02663512702,-1.58652034666
1.02821212891,-1.56625478
1.02754569397,-1.55253096011
1.02394486327,-1.54676311008
1.02648065386,-1.56890142254
1.0257184942,-1.55803864438
1.02625876559,-1.57028737053
1.02560924155,-1.58481196081
1.02535543211,-1.58239782598
1.02570449926,-1.57623348983
1.0274873019,-1.58911510828
1.02601479854,-1.56216036582
1.02546112745,-1.56958920075
1.02452188645,-1.56067352918
1.02676596309,-1.57264484822
1.02394751091,-1.58112760517
1.02693507945,-1.57473372906
1.02595513789,-1.58251304586
1.02511571532,-1.59661056044
1.02488738934,-1.60077483934
1.02641212074,-1.58418469321
1.02416797713,-1.58758248927
1.02562816925,-1.59864891519
1.0267417456,-1.60003947706
1.02601857545,-1.57412788699
1.02586666066,-1.57635855295
1.02544785911,-1.60580931094
1.0245862261,-1.58675714952
1.02596255381,-1.58453178618
1.02831661931,-1.60294734505
1.02762246958,-1.60936073117
1.02531674935,-1.60851514349
1.02798282801,-1.58593566072
1.02530741475,-1.58961461572
1.02714971293,-1.58745931517
1.0282236308,-1.61566168276
1.02589244936,-1.60757033871
1.02497790844,-1.59070028996
1.02651805589,-1.5962437707
1.02659134543,-1.59295519192
1.02502123134,-1.59763001717
1.02588419323,-1.60549301936
1.0268527916,-1.60817011276
1.02666498883,-1.59748295946
1.02924296834,-1.6065821548
1.0279630302,-1.62111111769
1.02682570191,-1.60227566429
1.02909475611,-1.60694554084
1.03189310587,-1.60447739693
1.03114823681,-1.60755222975
1.03173403763,-1.61893648406
1.03173864425,-1.61476707742
1.03164385826,-1.6319289242
1.03306967063,-1.61355692488
1.03257933611,-1.60272449409
1.03069562547,-1.62123575066
1.03086417613,-1.62193040208
1.03364547907,-1.61091029269
1.03468096144,-1.61973868219
1.02989397554,-1.6162154736
1.03186148047,-1.62381716469
1.03096784334,-1.60526812622
1.03196661113,-1.61432665787
1.03163054625,-1.60023436905
1.03024574399,-1.61705067811
1.02919408016,-1.60337394898
1.03362692874,-1.61261139711
1.0310212223,-1.62841496429
1.03063866121,-1.63202066512
1.03010412107,-1.61066502959
1.0314788817,-1.62444615861
1.02960594119,-1.61905292664
1.03188316484,-1.62939438306
1.0282535854,-1.60856735091
1.02751458244,-1.6281371152
1.02794804442,-1.61550719679
1.02800731586,-1.61903083272
1.02490589024,-1.60811422435
1.0258932108,-1.6017943578
1.02478725256,-1.60257974228
1.02593727549,-1.61160051252
1.02689031589,-1.62686969284
1.02792700026,-1.61655514696
1.02362451406,-1.62163858465
1.02475376905,-1.60616072867
1.0283028434,-1.6295152722
1.02698376065,-1.60519507391
1.02527197987,-1.59797963729
1.02686730208,-1.61264314245
1.02519454774,-1.60737860745
1.026055268,-1.61794423992
1.02622592905,-1.61547088547
1.02548647459,-1.61450633121
1.02708662221,-1.61211731223
1.02838245065,-1.61609939057
1.02548485079,-1.60446981518
1.02471677141,-1.60522081084
1.02512868981,-1.62331512094
1.02632482982,-1.60736331104
1.02574637549,-1.60469032122
1.02731065378,-1.61519548894
1.02590171842,-1.61641235751
1.02482335885,-1.63175260397
1.02587930783,-1.59763930729
1.02606862838,-1.62310978003
1.02379031934,-1.60993665417
1.02700937535,-1.61322119974
1.02597585948,-1.60180700817
1.02408473211,-1.60260134318
1.02681520302,-1.61631355126
1.02636087104,-1.60800240032
1.02400750963,-1.5999911658
1.02526280972,-1.60985659761
1.0251928871,-1.62469233174
1.02502066563,-1.60650861214
1.02448677146,-1.61939365421
1.02626689191,-1.61627084885
1.02480482877,-1.60694290497
1.0267030305,-1.61024545968
1.0260058126,-1.62575201338
1.024769488,-1.61689936048
1.02501248978,-1.64702520942
1.02819265503,-1.62332348944
1.02689309798,-1.63435642414
1.02701399082,-1.60542735629
1.02649386074,-1.61347093282
1.02688036973,-1.61195633149
1.02621322907,-1.62110136706
1.02728680349,-2.18896988315
1.02499839042,-0.875883429108
1.02520929453,-1.26049515957
1.02629010954,-1.46773292766
1.02555320169,-1.56734639651
1.025061168,-1.65078145846
1.02680021503,-1.72188025855
1.0274287279,-1.7158465433
1.02830680396,-3.86871291461
1.02960831162,-2.08447887022
1.03056234158,-1.36502030627
1.02809108309,-1.41483152321
1.03207471282,-1.53040885166
1.03088824386,-1.58300810653
1.03096996075,-1.59484328813
1.02901923344,-1.60312238325
1.02969122663,-1.5925152976
1.03088706181,-1.67014533729
1.03147042346,-1.60669080625
1.03078975212,-1.59234157789
1.02849548676,-1.62253205681
1.02796645385,-1.60578891087
1.03094520802,-1.60090925226
1.0290579911,-1.62732595739
1.02951182535,-1.62692133014
1.02788373199,-1.60862199415
1.02865830627,-1.60424766331
1.0288210859,-1.62901655257
1.03053367994,-1.62762816663
1.02932025215,-1.63401130413
1.0298907748,-1.63693151138
1.0310754594,-1.62292633459
1.03136131405,-1.63049932888
1.02970927853,-1.62521374105
1.03175800933,-1.61917568476
1.0322442549,-1.64118770626
1.02980843958,-1.61636527902
1.03168418459,-1.59313811407
1.03071033162,-1.62870568281
1.02648167662,-1.61116540048
1.03001583042,-1.63723679103
1.02995840778,-1.61656764972
1.02812806445,-1.61272230177
1.02612551737,-1.63417444739
1.0250347845,-1.61003999888
1.02518334884,-1.6329928727
1.02765325922,-1.61729310919
1.02625158842,-1.62349710075
1.02493458548,-1.61402571437
1.025935935,-1.61537818765
1.02768865479,-1.61012689973
1.0250958816,-1.63163209333
1.02545791228,-1.62658316366
1.02604746969,-1.60264486246
1.02645852926,-1.62645957442
1.02708148002,-1.62990522232
1.0275215987,-1.63099648491
1.02489884273,-1.60980705572
1.02630623927,-1.6368211132
1.02742665039,-1.63798822148
1.02674539849,-1.61829609047
1.02647608439,-1.61893248037
1.0276888246,-1.63180740528
1.02581054679,-1.60683409861
1.02642597525,-1.61266757329
1.02687173184,-1.61869446759
1.02689026026,-1.64386823802
1.02469253141,-1.63273362998
1.02760770359,-1.61855257555
1.02694638058,-1.6318625132
1.02616870468,-1.6221028857
1.02553368307,-1.62125285523
1.02756857383,-1.62513873419
1.02605563752,-1.62835437199
1.02800323739,-1.61482319154
1.02517028871,-1.602913428
1.02602909694,-1.62514087317
1.02706231748,-1.6253815042
1.02860295771,-1.61250616495
1.02623384662,-1.61552066454
1.02533148109,-1.61463844692
1.02669477551,-1.61737345113
1.02724348978,-1.62479991368
1.02627531919,-1.60451163829
1.02840418078,-1.61477774952
1.02567793103,-1.6224637344
1.02605851015,-1.61898971106
1.02616258989,-1.59717119835
1.02619687613,-1.62474647092
1.02592523823,-1.62692953748
1.02769532587,-1.61757001647
1.02644715637,-1.61787708228
1.02733574736,-1.63107631242
1.0270041256,-1.62224734078
1.02614062123,-1.61226865853
1.02519342433,-1.63155587846
1.02902741875,-1.63141660107
1.02580800184,-1.60948014122
1.02632392116,-1.62470314627
1.0280224087,-1.6322631841
1.02632383403,-1.62287474092
1.0252102361,-1.62840372903
1.02826465948,-1.61554382082
1.02648709176,-1.6308160082
1.0252331243,-1.61274996151
1.02624637316,-1.64422581975
1.0268852611,-1.63545238802
1.02490445197,-1.62780422603
1.02726003277,-1.63821607958
1.02559009938,-1.61839767443
1.02554680424,-1.62539861059
1.02603216486,-1.62790489943
1.02716833217,-1.63690153199
1.02395325612,-1.60789042122
1.02501707437,-1.61918039691
1.02740920363,-1.60590028904
1.02634665016,-1.61571493927
1.02708837452,-1.62883450156
1.02634409248,-1.63371488201
1.02623823302,-1.62571103289
1.02857594142,-1.62423691367
1.0277669112,-1.6203536598
1.02520045781,-1.62207963055
1.02529647525,-1.61220085686
1.0284195008,-1.63601899337
1.02676050814,-1.6307411438
1.02850036302,-1.63693208246
1.02788557288,-1.62932769221
1.02505002778,-1.63107667756
1.0266205046,-1.63121141538
1.02945505357,-1.63344801381
1.02784107021,-1.59644265763
1.0251625176,-1.62398772253
1.02825689389,-1.62089260585
1.02822231204,-1.62556568851
1.02570338967,-1.60702570662
1.02714784421,-1.6365256591
1.02705753869,-1.64597521913
1.02721935654,-1.63233303293
1.02691375262,-1.63661341308
1.02783974579,-1.61419009982
1.02410373972,-1.60606287254
1.0278632347,-1.62608756189
1.02597696706,-1.61759617022
1.02615477294,-1.62304659085
1.02612640878,-1.61729228258
1.0288700405,-1.65278373398
1.02681211494,-1.61040132591
1.02823399533,-1.62655968113
1.02915172451,-1.63620603519
1.02695852206,-1.62787470535
1.02636352582,-1.64153660347
1.0278756279,-1.6120742527
1.02729301217,-1.6350825133
1.02834303363,-1.62984138112
1.02691363447,-1.61910098548
1.02633251946,-1.63828546432
1.02664460312,-1.61101321343
1.02859791618,-1.64256488643
1.0257376771,-1.62302610772
1.02762135266,-1.62474672454
1.02774053301,-1.59936038837
1.03898339128,3.35759492328
1.02573774977,-1.74200546862
1.0265344363,-1.08798870256
1.0275826062,-1.12441019213
1.0264853077,-1.31770683454
1.02724369238,-1.46024890979
1.02859414635,-1.57701146392
1.02560006849,-1.64995806249
1.02806631632,-7.651837849
1.02874825775,-2.57494165745
1.02875585115,-2.24366911823
1.03089654618,-1.98554462329
1.03099410519,-1.83000798037
1.03124936664,-1.71970213551
1.03240613844,-1.63964890122
1.03330683369,-1.61650839726
1.03185755444,-1.61383517246
1.03184390813,-1.59209652534
1.03308645019,-1.63934229835
1.02964940223,-1.59610632414
1.03106743373,-1.61738179088
1.03103804986,-1.61891679892
1.02800246703,-1.61513472881
1.02981820579,-1.61676814576
1.03203847406,-1.58636017769
1.02918791959,-1.59143406965
1.0304449527,-1.59728302976
1.03174175153,-1.60646363714
1.03160127947,-1.60475747377
1.02974370941,-1.60886056459
1.03280991207,-1.61577678331
1.03000116911,-1.6068673076
1.03019622652,-1.6097318608
1.03431872133,-1.60745840163
1.03302350523,-1.61701539449
1.03088965531,-1.58740728065
1.0333402938,-1.63070054953
1.03242949129,-1.60895519231
1.0300944768,-1.6110025681
1.03117148268,-1.60801730221
1.03124233523,-1.59918984766
1.02772324557,-1.59569622316
1.03058815722,-1.63396502596
1.02793275235,-1.60924332986
1.02583845879,-1.60385870903
1.02474564041,-1.59263046815
1.02706622362,-1.60974193807
1.02624242529,-1.59575482544
1.02809195115,-1.61203998244
1.02849015425,-1.60390030925
1.02768462411,-1.61085049286
1.02957309119,-1.61586079877
1.03162459436,-1.63141968199
1.03142701301,-1.61787934671
1.03227906422,-1.63800598787
1.03437769447,-1.648261033
1.033072691,-1.62871518134
1.02973672565,-1.61920942134
1.03159515953,-1.61898733161
1.02850356061,-1.62583188637
1.02917245709,-1.6197365963
1.03098767429,-1.63075935755
1.02778982603,-1.63056831503
1.02582219371,-1.59521347332
1.02976940725,-1.60419695919
1.02807498395,-1.60401635255
1.02742594771,-1.6215210042
1.02784531664,-1.63323773618
1.02903398742,-1.61574814324
1.02882973634,-1.61938716218
1.03095525245,-1.61473878948
1.03184057853,-1.62154627001
1.0295935823,-1.61650486116
1.03183284703,-1.62000355796
1.03293802719,-1.64288230354
1.03164548425,-1.62613408458
1.03297396544,-1.63078615555
1.03127717657,-1.6184019281
1.0317917248,-1.60900542419
1.03232973274,-1.62597721119
1.03205657401,-1.6238034923
1.0267887053,-1.62559215041
1.02760634192,-1.62133169914
1.03009909797,-1.62814974092
1.02813639537,-1.62242844919
1.02727506971,-1.62134075102
1.02625434534,-1.62806216746
1.02418308985,-1.6000922597
1.02664050152,-1.60065662878
1.02764314172,-1.62835916585
1.02549564561,-1.63968063894
1.02640376518,-1.62315086558
1.02972396664,-1.62604945183
1.02738335371,-1.6172838495
1.02748407779,-1.62396466407
1.02633736588,-1.61670917063
1.04122240756,-1.86343889527
1.03588600041,-1.74193685276
1.03898373291,-1.97533555521
1.0370936687,-1.72606999507
1.03480803206,-1.74513499428
1.03559818086,-1.71981119103
1.03567473826,-1.73511916276
1.03515820773,-1.81823057413
1.03493130755,-1.74267649068
1.03295241817,-1.83411710545
1.0341317444,-1.82283494097
1.03563558026,-1.84191809635
1.03430260156,-1.76634866131
1.03143689864,-1.81049300466
1.03375222211,-1.8268415096
1.03548037215,-1.83380379883
1.0348198819,-1.84296848485
1.03312394826,-1.84376264159
1.03497855941,-1.84471715181
1.03296067949,-1.83290166273
1.03454984738,-1.8443460108
1.03662272524,-1.86495701205
1.03468504149,-1.84814883487
1.03348465979,-1.85698088896
1.03643575718,-1.84752572584
1.03504950511,-1.84994874274
1.03511279267,-1.88042707192
1.03599296873,-1.86410605532
1.03602563865,-1.86300828394
1.03467204178,-1.88541525664
1.03702466917,-1.87340442962
1.03565947799,-1.84899561272
1.0333500182,-1.88338005823
1.03599956626,-1.87619707376
1.03410103127,-1.85251899526
1.0333365291,-1.86542714082
1.03470393914,-1.88450148309
1.03535900635,-1.87357454601
1.03330353475,-1.85107624294
1.03533296487,-1.87802246515
1.03477092792,-1.88114909883
1.03251322327,-1.88318581294
1.03436541042,-1.88515883374
1.03479932066,-1.87824646645
1.03410361103,-1.89373503068
1.03425836824,-1.88609777441
1.03423002606,-1.9134694168
1.03407438545,-1.90598472037
1.0347281349,-1.89554724323
1.03487544981,-1.88935258813
1.0328997971,-1.89947237944
1.03403094078,-1.87887545727
1.03559900565,-1.88508220409
1.03477278114,-1.88945347736
1.03507532965,-1.89621188259
1.03364096238,-1.87056860085
1.03431588521,-1.88558401323
1.0342933592,-1.89150670262
1.03683352271,-1.89080262421
1.03382175324,-1.90769867028
1.03201245866,-1.87055427552
1.03461070868,-1.90918151815
1.03470456261,-1.91058680508
1.03447013439,-1.90150688695
1.03513838519,-1.90283003948
1.03307276377,-1.89258297271
1.03200224949,-1.87690011978
1.03478607841,-1.89037451488
1.03491969968,-1.90927694702
1.03212821555,-1.89971230831
1.03317968843,-1.89844225542
1.03355345107,-1.89345157521
1.03381674985,-1.89720994521
1.03464400685,-1.90331383609
1.0324683823,-1.91682947653
1.03194542573,-1.90726404351
1.03584758223,-1.91529732245
1.03427240601,-1.91204580535
1.03267009157,-1.89155284881
1.03366724921,-1.89166197775
1.0353951633,-1.88471749775
1.0331367,-1.90586997041
1.03446920099,-1.89809008629
1.03481365902,-1.91419566618
1.03354541693,-1.90399693359
1.03521775899,-1.92032045343
1.03640300215,-1.88951884261
1.03339616437,-1.91447046329
1.03228768452,-1.9145450587
1.03487571993,-1.90710308736
1.03541856368,-1.89520778708
1.03612307838,-1.90778264809
1.0359028434,-1.89682062556
1.03379674864,-1.90307369517
1.03482520855,-1.91237751989
1.03681487616,-1.93820636772
1.03515168956,-1.88546342462
1.0335758573,-1.91932164292
1.03740109094,-1.91442664694
1.03707885746,-1.89873920398
1.03372214464,-1.91001436467
1.03326347635,-1.89953125263
1.03420347819,-1.90850730931
1.03341349335,-1.92067283596
1.03677845197,-1.93168286202
1.03394865963,-1.91089975532
1.03320074024,-1.89609617485
1.03492459397,-1.90387352034
1.03541239482,-1.91275156662
1.03277478154,-1.89863571126
1.0345077945,-1.92046443513
1.0349771689,-1.89883226629
1.03457002363,-1.89446799709
1.03545247237,-1.92062856073
1.03710876903,-1.9358864393
1.03251610986,-1.90025259226
1.03413702546,-1.90146782617
1.03478752908,-1.92547621425
1.03380710423,-1.91053757543
1.03429113628,-1.92394972871
1.0360529233,-1.90205468198
1.03334977553,-1.89923412599
1.03506969534,-1.91107577091
1.03625001625,-1.89963831196
1.03386364843,-1.91087924637
1.03290284214,-1.90821176743
1.03526927634,-1.89907318658
1.03466601894,-1.9247716972
1.03340561269,-1.9245297545
1.03504776616,-1.93046178018
1.03268384809,-1.91652780251
1.0326673444,-1.92661256977
1.03477642042,-1.91781648373
1.03354366942,-1.89153449837
1.03334324448,-1.92598154154
1.03453321516,-1.91129694888
1.03389013861,-1.91253266659
1.03166280837,-1.90173501296
1.03377307544,-1.92570704691
1.03302948028,-1.92837356437
1.03298235612,-1.9453694134
1.0343039136,-1.92304503725
1.03395051795,-3.26625277147
1.03193959582,-1.21897557991
1.03230329014,-1.60288616227
1.03428562644,-1.77991189397
1.0330559809,-1.90416671278
1.03403963489,-1.99670709149
1.03448160858,-2.01898424495
1.03165447805,-2.01976351143
1.03461976951,-3.28180113712
1.0346258018,-2.36241687094
1.03325523788,-1.60312803534
1.03342467833,-1.68171712909
1.03524359561,-1.79932187292
1.03492371144,-1.86784181827
1.03540575476,-1.87359274979
1.03451836344,-1.88142902774
1.0315519429,-1.88066094683
1.03215859999,-1.91744601253
1.03629541459,-1.92306490021
1.0345636999,-1.88865685141
1.0334244406,-1.90386306207
1.03528816695,-1.90447121146
1.03556456549,-1.89386899715
1.03347301491,-1.87860662337
1.03252494633,-1.89275363795
1.03317185617,-1.91872003638
1.03212869474,-1.88421415536
1.03366597903,-1.90699082215
1.03413323506,-1.9059791315
1.03122166558,-1.90133964114
1.03256347467,-1.90693271119
1.03199255977,-1.89597108188
1.03345510375,-1.92920253476
1.03393175613,-1.9070656683
1.03447110634,-1.91760007669
1.03137232065,-1.90920274397
1.0331577919,-1.90017919281
1.03488881552,-1.92854451784
1.03149079766,-1.89953554636
1.0320869396,-1.9043131925
1.03534377429,-1.9328633296
1.03560432877,-1.93036294109
1.03493609694,-1.9125719844
1.03305210117,-1.89101181901
1.0323037101,-1.90388163377
1.03346326344,-1.91880470503
1.03545773384,-1.92264758825
1.03211068918,-1.90862005641
1.03308338736,-1.89139402521
1.03556624361,-1.90575292836
1.03423787862,-1.90772422814
1.03260096182,-1.92071949132
1.03347479021,-1.92391667392
1.03203209097,-1.89262397792
1.03376018713,-1.90572372482
1.03566647508,-1.8994515972
1.035413869,-1.89736469493
1.03266991632,-1.91074739032
1.03293024338,-1.90979265367
1.0324643479,-1.901150346
1.03177608665,-1.89421743271
1.03420429203,-1.92926798947
1.03461621925,-1.90308779606
1.03109936657,-1.89508083514
1.03448788982,-1.9076048042
1.03403238025,-1.89173537239
1.02969357117,-1.89832239401
1.03133162397,-1.91058561285
1.03513934945,-1.91870322719
1.03396935173,-1.90191586177
1.03375163017,-1.89677877676
1.03269513882,-1.89925060094
1.03280864893,-1.91400648415
1.03231600858,-1.8918591774
1.03389397958,-1.92693431257
1.03402303275,-1.91243070263
1.03425960884,-1.91226056758
1.03498335831,-1.89094542721
1.03418101139,-1.90823526725
1.03217503887,-1.90149806425
1.03384236029,-1.9104126274
1.0311684787,-1.89704736383
1.03261732031,-1.90297055881
1.03512328332,-1.92177167568
1.03209207989,-1.89537002691
1.03205193704,-1.9261622982
1.03399997348,-1.92161799303
1.03231076097,-1.89671870394
1.03143271072,-1.90822687929
1.03185316476,-1.88427385014
1.03349236326,-1.92577826779
1.03152670978,-1.88769938976
1.03391084061,-1.89469259299
1.03266483516,-1.90287699007
1.02896846802,-1.8793605537
1.03105744337,-1.87358477529
1.03375318993,-1.93001771233
1.03234317946,-1.90194836618
1.03427728989,-1.90398270928
1.03316831469,-1.90434890791
1.03151621703,-1.90478195118
1.0312662354,-1.89802907141
1.03392713246,-1.89017691422
1.03292381193,-1.91608631115
1.03341511908,-1.90748258525
1.03404910737,-1.90290118578
1.03481577395,-1.92913313661
1.0335526613,-1.90894962942
1.0340009171,-1.93095489925
1.0310027747,-1.91211834812
1.03390164961,-1.89373412026
1.03581309529,-1.9184736809
1.032311252,-1.9060549892
1.03183651886,-1.90368295137
1.03359421067,-1.90316032017
1.03329243112,-1.90819072346
1.0332103348,-1.90639312045
1.03416878234,-1.92510720194
1.03273060862,-1.92284586028
1.03173833785,-1.90698315983
1.03409913781,-1.89204789705
1.03407117095,-1.92563728468
1.03135188005,-1.90141834125
1.03282871876,-1.92956628012
1.03071826945,-1.90962857745
1.03204434707,-1.89750660036
1.03378057701,-1.91851811184
1.03191856198,-1.91629961064
1.0309849852,-1.89765529374
1.03206809785,-1.93452358273
1.03396084761,-1.88723598345
1.0307007615,-1.90154799106
1.03149242297,-1.90289940085
1.03341663618,-1.89873444155
1.03271451914,-1.89660762236
1.03209922316,-1.91744457417
1.03294489542,-1.91489044166
1.03160777921,-1.90532965425
1.03319891159,-1.93114613842
1.03280010409,-1.91877716551
1.03197967111,-1.89067825835
1.03206477388,-1.9199991279
1.03404131795,-1.92026228231
1.03214382717,-1.92503322247
1.03307277463,-1.91331122955
1.03421047489,-1.9246927685
1.0326479831,-1.90230306846
1.03124123386,-1.90141817435
1.03306264214,-1.90678422785
1.03351101101,-1.93436651883
1.03044446501,-1.89076669129
1.03295179719,-1.91514019512
1.03363844732,-1.89796957227
1.03055941666,-1.89967728778
1.03233561258,-1.92048593358
1.03142372729,-1.92147509474
1.0303083763,-1.90828427423
1.03287584698,-1.94022016065
1.03350876582,-1.9230627125
1.03152433088,-1.91555666164
1.03184055289,-1.9133527423
1.03249237456,-1.92477453888
1.0433165436,3.07477333671
1.03099152929,-2.06675391684
1.03342692706,-1.38768905897
1.03103614127,-1.42834869688
1.03285711787,-1.6199112666
1.03269196992,-1.7694857082
1.03262231926,-1.90363843324
1.03267860174,-1.97635119218
1.0340864113,-8.03963756959
1.0333431294,-2.80996632727
1.03313729124,-2.43665042608
1.03420385288,-2.20335113712
1.03319868323,-2.03198276817
1.03159758072,-1.94345242108
1.03429566429,-1.88684576426
1.03148770514,-1.88356990484
1.0311643018,-1.87918034
1.03268678897,-1.8263352487
1.0330983038,-1.94534953618
1.03128491959,-1.89955662886
1.03244119704,-1.88011136079
1.03252580039,-1.87282973991
1.03136308373,-1.8895156256
1.03291377155,-1.91126288294
1.03379113658,-1.92191208012
1.03143002565,-1.89526643771
1.03260296317,-1.88570190246
1.03248175653,-1.92119556865
1.03026444408,-1.89205637856
1.03134399352,-1.88104719879
1.03248759596,-1.88076541768
1.03213534151,-1.90575084273
1.0316682862,-1.88402664486
1.03364486461,-1.89199102295
1.03030744139,-1.89834058776
1.03010483164,-1.8881310936
1.03261853559,-1.8706480611
1.03179521482,-1.88414195356
1.03407608221,-1.89609578056
1.03179880369,-1.8907575218
1.03070001337,-1.9002148651
1.0308859525,-1.88980894164
1.0340245169,-1.89444921705
1.03098425675,-1.89746735989
1.03129437412,-1.92383541634
1.03146602749,-1.90884853686
1.03110592416,-1.87937986765
1.03052018687,-1.89594217891
1.03224877926,-1.88325077793
1.03003058854,-1.90033995215
1.0300695642,-1.90652743351
1.03176854809,-1.89644168479
1.03315795025,-1.89578752403
1.029052071,-1.89208059722
1.03074474272,-1.91746369162
1.03180737507,-1.8987269223
1.03110302373,-1.91977612808
1.02911462373,-1.91640037829
1.0303562629,-1.91147915853
1.02846657588,-1.90279622374
1.03241754059,-1.90683698035
1.03125000539,-1.90330961386
1.03016065678,-1.91021496512
1.0295244098,-1.90158152199
1.03099175038,-1.90270215455
1.03011446929,-1.90192495319
1.03220831031,-1.91503441047
1.0313279307,-1.91614289301
1.03017711112,-1.90171133066
1.0302746839,-1.91165651852
1.03188105495,-1.90201343979
1.03033219389,-1.90587110746
1.02997672619,-1.89764299714
1.03186777179,-1.91510661372
1.031298578,-1.90407676776
1.03358733844,-1.92181569199
1.03235059194,-1.91231547417
1.02938192528,-1.90938954727
1.03043222499,-1.94553529048
1.03264458412,-1.90976791997
1.03270326435,-1.917921737
1.02999623395,-1.93544005733
1.03270541198,-1.91862092823
1.03220008571,-1.93448581753
1.03088169162,-1.90859461011
1.03188335006,-1.90148582179
1.03044329901,-1.9389419046
1.02952261618,-1.90940841793
1.03253671048,-1.92574535265
1.03141269371,-1.92675146792
1.0299737331,-1.93615929421
1.03068981813,-1.92073454585
1.03188182299,-1.9123269952
1.02951768845,-1.92199820455
1.03089681365,-1.9127580257
1.03201528598,-1.91866818343
1.0366018367,-1.61955198127
1.03435992054,-1.76893637506
1.03435620875,-1.59925605375
1.031389182,-1.54425177495
1.03258417385,-1.61882639764
1.03373769661,-1.6086071979
1.03450550155,-1.58995072649
1.03532010224,-1.65667627387
1.03504249466,-1.61560497851
1.0312460759,-1.82247037982
1.03106294124,-1.7530933693
1.03317489833,-1.7424549235
1.03181104342,-1.70304391641
1.03178436636,-1.70476808999
1.03311178783,-1.73918644304
1.03071856463,-1.71222586199
1.03030746663,-1.74613784242
1.03195093409,-1.74608373459
1.03040742997,-1.740087942
1.02950112123,-1.73366228871
1.03318386397,-1.73527900077
1.03429652417,-1.74076870122
1.03060176431,-1.74040186311
1.0311665681,-1.73126324968
1.03298669596,-1.7431360324
1.03022678006,-1.74382875152
1.03344370516,-1.76441293412
1.03330599184,-1.74767750124
1.03314673058,-1.75655608528
1.03211458072,-1.74963828748
1.03254944621,-1.7605272777
1.03152315551,-1.75553578305
1.03035195602,-1.75361720165
1.03269679582,-1.76615283784
1.0322254458,-1.75961303985
1.03309050485,-1.76605332311
1.0345432864,-1.77427315378
1.02992554645,-1.75331676368
1.0318000603,-1.76049580728
1.0340987814,-1.76441332146
1.03319728947,-1.76767021778
1.03249509857,-1.78797296752
1.03500419019,-1.76751497943
1.03429972803,-1.77184295137
1.0330990304,-1.75118948445
1.03480771825,-1.77983963893
1.03179366247,-1.77988377816
1.03128951672,-1.77210945442
1.03756842145,-1.79459115831
1.0352793829,-1.77578576316
1.03286220687,-1.79145924163
1.03349322544,-1.76706140855
1.03394972629,-1.7871456891
1.03172828094,-1.77521166899
1.03456433216,-1.78872520023
1.03259946816,-1.77201455975
1.0333725787,-1.78728625174
1.03304149997,-1.77316034119
1.03431802261,-1.78421944633
1.03197947698,-1.78864870669
1.03256271411,-1.80961881175
1.03159169107,-1.78332203683
1.03217844488,-1.78283798191
1.03430857478,-1.77975500213
1.03458706807,-1.78864481595
1.03119958404,-1.77735885686
1.03286118471,-1.80720593118
1.03518548921,-1.80440237416
1.0332442865,-1.79349041561
1.03195178231,-1.7791239131
1.03497828976,-1.78497406716
1.03264371787,-1.79667071103
1.03415717192,-1.77685395547
1.03368569376,-1.77685320727
1.03087889189,-1.78448213822
1.03121266919,-1.79039721213
1.03483952932,-1.79104297785
1.03421162639,-1.78929861996
1.03229272356,-1.80317944382
1.03494651259,-1.81360275223
1.03354540728,-1.80095369999
1.03230166411,-1.76581213165
1.03381318212,-1.78462350413
1.03305760807,-1.7732214235
1.03294300888,-1.78967652817
1.03319225519,-1.80635068139
1.03460985377,-1.80748910283
1.03240452254,-1.80126275754
1.03385137727,-1.80521136103
1.0335888686,-1.79061272966
1.03337197802,-1.79618942688
1.03513936994,-1.81573291867
1.03535279311,-1.79028139534
1.03331632522,-1.7943068098
1.03533955125,-1.8251212087
1.03610063742,-1.81452248731
1.03422113889,-1.80111260118
1.03281735952,-1.8209937587
1.03659789791,-1.82371520552
1.0345632929,-1.80367028805
1.03703293767,-1.81574390323
1.0354030588,-1.79329663056
1.03399654154,-1.8251312922
1.03429017421,-1.80391677705
1.03727699778,-1.78986559867
1.03524272796,-1.80767138187
1.03678171666,-1.8285894445
1.03869683334,-1.80986876141
1.03639475202,-1.81317849284
1.03466723476,-1.7912971918
1.03711138052,-1.82834150236
1.03469947291,-1.79182792744
1.03467689975,-1.81658344539
1.03591134623,-1.79629178006
1.03670377859,-1.8327780253
1.03519102155,-1.79554878031
1.03557087418,-1.80062252138
1.0356273695,-1.82636382958
1.03519900966,-1.81687125983
1.0362834412,-1.79964691006
1.03735252575,-1.82901393507
1.03437031651,-1.81501941531
1.03752152221,-1.80475765078
1.03602983215,-1.7996501277
1.03606075174,-1.82041238629
1.03590271567,-1.80135134606
1.03555840376,-1.82145721945
1.03535499452,-1.79691373697
1.03760553624,-1.83109663945
1.03720268458,-1.81572327847
1.03548049275,-1.8257684398
1.03532313349,-1.79893902266
1.03677190211,-1.80559115241
1.03417254407,-1.81142911673
1.03572550337,-1.8238164578
1.03747586963,-1.80561428322
1.03704598529,-1.78640066705
1.03597988095,-1.80645376898
1.0373041335,-1.80702496102
1.03496574634,-1.81796544889
1.0349467013,-1.81485620656
1.03712730357,-1.80075976982
1.03628533684,-3.49809350432
1.03586232847,-1.12231629657
1.0367255339,-1.47560551242
1.03621498085,-1.66879482675
1.03600395824,-1.80876142984
1.03652660431,-1.83889698227
1.03707860839,-1.92901307874
1.03476009578,-1.92830615918
1.03845212645,-3.07571730038
1.03698008027,-2.23714220415
1.03616321806,-1.57397251027
1.03595432992,-1.61265398194
1.03677799043,-1.71419813616
1.03484895858,-1.74543744723
1.03873060799,-1.7804741206
1.03633651588,-1.81021344899
1.03539550995,-1.80679268551
1.03622570678,-1.65992102891
1.04008564874,-1.82521456532
1.03722212504,-1.80813318488
1.03682861273,-1.81383326087
1.03788263598,-1.82709420007
1.03771963426,-1.80866174579
1.03854355833,-1.83281894807
1.03909056886,-1.83073440566
1.03620836222,-1.82334651039
1.03783396478,-1.82650016676
1.03969812602,-1.81168735349
1.03883101356,-1.84323429506
1.03730390616,-1.80958781778
1.03950343821,-1.85591319451
1.03840038635,-1.82866174231
1.03759220664,-1.83072933969
1.0396130425,-1.82617946725
1.03764959679,-1.80470502049
1.03598865534,-1.82688040984
1.04029878789,-1.84455292818
1.03936620504,-1.8182198947
1.03597595134,-1.81151662886
1.03710490559,-1.80561284131
1.03712882876,-1.82563307553
1.03925064039,-1.81072000026
1.03811252382,-1.80341817426
1.03671272123,-1.81853168853
1.03634686739,-1.81672492072
1.03968283564,-1.82351045651
1.03862333536,-1.82578004212
1.0363153403,-1.84154947207
1.0376791665,-1.829407461
1.03900544489,-1.82634354479
1.03730292587,-1.82761585988
1.0388007001,-1.81555229797
1.03961732314,-1.84811764853
1.03693709577,-1.82546702883
1.03774899318,-1.81874852774
1.0398998282,-1.84113283052
1.03698167669,-1.83149162511
1.03671002839,-1.8254325727
1.03996532042,-1.82713222372
1.03828734296,-1.82625822469
1.03832251976,-1.82923738654
1.04141473234,-1.82935000868
1.03894870622,-1.81076518571
1.03635765949,-1.81632044193
1.03948321016,-1.8538731512
1.03978301216,-1.80959403664
1.03796227906,-1.82844259169
1.03962751575,-1.82865317091
1.03769364843,-1.83823749609
1.03683766683,-1.80709456164
1.03843874053,-1.81452799959
1.03839996227,-1.80835120503
1.03721969128,-1.83328794212
1.03935124951,-1.83481354646
1.03869805993,-1.84102942488
1.0358155628,-1.82287017271
1.03806673251,-1.80597427361
1.03645313362,-1.8246648126
1.03650812796,-1.80601154576
1.03727816037,-1.81061955013
1.03861218907,-1.83722888455
1.03719155349,-1.81951283726
1.03830372427,-1.82084331003
1.03998381459,-1.80721641465
1.03641022965,-1.8102912876
1.03665606438,-1.83040222759
1.03955924123,-1.82418094157
1.03711392135,-1.83114100886
1.03934675647,-1.83939437702
1.03959217595,-1.81375926321
1.03790818856,-1.8291336736
1.03553560773,-1.82355829535
1.03973267993,-1.84798914615
1.03788665407,-1.83990270402
1.03860243049,-1.82682825423
1.03978979173,-1.83055384322
1.03889764972,-1.83293337315
1.03808282263,-1.80362791429
1.04172860236,-1.80723494988
1.03798623801,-1.82106478566
1.03672156643,-1.82503305506
1.04106578396,-1.82989331037
1.04209783645,-1.82696628771
1.03773529901,-1.83355763774
1.03929865714,-1.84673664228
1.03790414315,-1.82843991167
1.03874262438,-1.83400455266
1.03975004371,-1.81964707279
1.03844597886,-1.84655657694
1.03739488889,-1.81195308895
1.03997014783,-1.84505290507
1.03959297642,-1.81132247626
1.03743384529,-1.81399693618
1.03815137746,-1.82996828279
1.0391023568,-1.81245111618
1.03700314675,-1.83067280545
1.03988005256,-1.83012343695
1.04212884926,-1.84218875856
1.03805643164,-1.83351002519
1.0380625551,-1.83333343604
1.04037220054,-1.8391244178
1.04007875987,-1.84967118025
1.03838724739,-1.81885959802
1.03968217753,-1.82295748342
1.03965542693,-1.82222267509
1.03989273925,-1.8157181528
1.04019265165,-1.84634125321
1.03737882815,-1.84275622302
1.03647156157,-1.81227356475
1.03872603764,-1.82460755897
1.03910737553,-1.84222477201
1.0373525042,-1.82422351949
1.03813735005,-1.856096945
1.03703280941,-1.83120217368
1.03752191575,-1.81441027542
1.03671891232,-1.82738077084
1.03727691977,-1.8252679883
1.03616579195,-1.80771024796
1.03963868077,-1.83772898369
1.03872251037,-1.83612198472
1.03601453051,-1.82549580467
1.0369964883,-1.82482731992
1.03812935963,-1.81315034834
1.03729329664,-1.81783426837
1.03785389194,-1.82796727424
1.03860100687,-1.83973104929
1.03706895465,-1.82269597816
1.03709146863,-1.83640389887
1.03878156153,-1.84051631218
1.03557350457,-1.82080052055
1.03762178806,-1.82996140585
1.03723551356,-1.81030042918
1.03877360822,-1.86062533924
1.0371304517,-1.81027658163
1.03851803842,-1.82451308832
1.03642215509,-1.80835466563
1.03785904256,-1.84969897961
1.03737480858,-1.83796598753
1.03962188944,-1.8492629167
1.03769385003,-1.82493934466
1.03844653095,-1.84230774903
1.03868796564,-1.83106596467
1.04947809243,3.40591427715
1.03664778403,-2.0207044165
1.03719758082,-1.32135768389
1.03673091323,-1.30648483486
1.04062352664,-1.52273223295
1.03886792241,-1.67248075726
1.03737070591,-1.81857275988
1.03636808268,-1.87882333481
1.03799179961,-8.17712092586
1.03451753972,-2.62998280863
1.03972550932,-2.46155536018
1.03869027508,-2.13668160847
1.0352066425,-1.95801230163
1.03755460348,-1.87483501417
1.03916784963,-1.84897640515
1.03694070802,-1.80564783456
1.03671310137,-1.78450399357
1.03979162442,-1.79334021486
1.03805718687,-1.77803748771
1.03783884442,-1.78790869084
1.04029800452,-1.81111227578
1.03822493925,-1.80333553362
1.03869018111,-1.82038362299
1.03814670616,-1.7984482128
1.03841138111,-1.78558431565
1.03633487719,-1.80734012614
1.03898235529,-1.79708044345
1.03756097007,-1.78868849154
1.0391987948,-1.83311913238
1.03950400859,-1.79855088841
1.03707664908,-1.8322040678
1.03653360496,-1.8132924892
1.03996606506,-1.80022414492
1.03989267552,-1.81455980087
1.03786593237,-1.81705017534
1.04008404515,-1.78572243528
1.03758467654,-1.81017460195
1.03618754538,-1.79601248853
1.03928427511,-1.81252964438
1.03886017641,-1.79783966353
1.03750961705,-1.80278487468
1.03972538999,-1.82994895291
1.03787531292,-1.8278328635
1.03733420391,-1.79897005099
1.03796283489,-1.81779171778
1.03783833626,-1.8126125951
1.03586710184,-1.81070748056
1.03936170032,-1.81735594698
1.04021049578,-1.81090780855
1.03692992542,-1.80913805133
1.03680896921,-1.8324508
1.03777593361,-1.81273008057
1.03925594012,-1.82663149546
1.03853300876,-1.82596020716
1.0393470308,-1.83341558133
1.03840099926,-1.80307585
1.04001906148,-1.82390789874
1.04030489049,-1.83102726569
1.03787137821,-1.82111150384
1.03774203492,-1.80348173368
1.0405092036,-1.8274946967
1.03949253244,-1.80943459893
1.03882180512,-1.81055122119
1.03973298655,-1.79013451169
1.03910146053,-1.80371789372
1.03781670562,-1.82917901362
1.04026066861,-1.80364810434
1.03856156177,-1.82783679451
1.03828675516,-1.80796652674
1.0399207793,-1.81169398943
1.04078490909,-1.81052620224
1.03757206836,-1.79709949293
1.0385818361,-1.80037501017
1.03780701725,-1.8303531951
1.03636177503,-1.81789287252
1.04076301978,-1.83230460421
1.04155461249,-1.80993404352
1.03772592786,-1.81803228897
1.03866918869,-1.80962317282
1.04005102311,-1.8035789753
1.03898586723,-1.82734634154
1.03676462746,-1.82299102696
1.04042318613,-1.80328604602
1.04028402777,-1.81227453585
1.04061100667,-1.80632403614
1.03977512269,-1.81445090431
1.03721788458,-1.79812585049
1.03694519693,-1.81088286099
1.04011582151,-1.80734652063
1.03886607964,-1.81719947475
1.03854455883,-1.81868906444
1.04253862478,-1.8226405486
1.03897174245,-1.81050782035
1.04112526947,-1.80912168261
1.0400098818,-1.80564075356
1.03816439661,-1.81141924348
1.02376210454,-1.57808785264
1.02502364102,-2.02863718626
1.02531403273,-1.73853836215
1.02351373713,-1.57233995375
1.02446026869,-1.61318094349
1.02272260917,-1.63285917103
1.02147870476,-1.60843488793
1.02463514954,-1.70168872663
1.02563338584,-1.64117004127
1.02003496171,-2.02696640229
1.02150689052,-1.91058131468
1.02055892636,-1.87752708175
1.01920512677,-1.85630158668
1.02032810499,-1.87780561441
1.02052743058,-1.90036666954
1.02120123544,-1.88931041794
1.01984536815,-1.89120865583
1.0218539857,-1.89352892787
1.01962369296,-1.90835257724
1.0198879701,-1.88895115007
1.02193501902,-1.88129458342
1.02091227342,-1.89989095594
1.02211476444,-1.92270993903
1.02117695142,-1.90727892995
1.0216813371,-1.9035956495
1.02042330279,-1.89939394874
1.02428378554,-1.93465580893
1.02157182626,-1.92674755123
1.02051067628,-1.93515774086
1.02184213097,-1.90544321718
1.02306013239,-1.92300148221
1.02193890694,-1.91395645819
1.02272624774,-1.91594284425
1.02123665068,-1.9100194428
1.02127937417,-1.91682676399
1.02373063144,-1.93309735029
1.02295318122,-1.91141855907
1.01914283361,-1.91163843688
1.0242660598,-1.92509436459
1.02481596759,-1.93657158028
1.02171166447,-1.92508927762
1.0209056943,-1.9278882144
1.02152655272,-1.92588209437
1.02077240847,-1.93388640201
1.02416702187,-1.94275566862
1.0256736538,-1.94742397098
1.02174903323,-1.94091021038
1.02238500726,-1.94833996627
1.02465680951,-1.9418528471
1.02198186941,-1.9437812963
1.02323755419,-1.94942656136
1.02399660509,-1.94654803355
1.02463267535,-1.93352298952
1.02465420093,-1.95345047855
1.02449728045,-1.9319592653
1.02196654615,-1.93154619302
1.0225742168,-1.92984120113
1.0259219312,-1.94215396282
1.02482784501,-1.94900307492
1.02558866542,-1.97230076142
1.02476927339,-1.92980113054
1.0233687187,-1.9495817803
1.02323639324,-1.94661989823
1.02543536482,-1.94892099412
1.02402510431,-1.9663175059
1.02070484332,-1.94214288752
1.02520279834,-1.93733962473
1.0262390044,-1.93097606255
1.02476449258,-1.97208928205
1.02327952943,-1.94750896793
1.02370782932,-1.96353627871
1.02287755257,-1.94993361703
1.02452153125,-1.92447035096
1.02518367122,-1.95816347569
1.02229086923,-1.96560432045
1.02452974255,-1.94923943009
1.02500259862,-1.95604796852
1.0222423587,-1.94427591207
1.02317739839,-1.95438384262
1.02516115234,-1.97579119812
1.02504947627,-1.95027417962
1.02486469158,-1.96827806626
1.02567202078,-1.98309538565
1.02299255434,-1.96308447703
1.02394984757,-1.95849924386
1.02461674907,-1.93904863932
1.02450224441,-1.9440397955
1.02430137881,-1.94848224557
1.02551512067,-1.9648335737
1.02409491549,-1.95838955349
1.02484975707,-1.9767403659
1.02598523563,-1.9460332737
1.02386917863,-1.95089299868
1.02306895384,-1.97543627091
1.02444845387,-1.95068747014
1.02296698744,-1.96365260639
1.0229729966,-1.9395531949
1.0259892221,-1.97368322432
1.02454523577,-1.96205766645
1.02223041075,-1.93781096193
1.02337572655,-1.91936446156
1.02380629645,-1.93771630684
1.02311442653,-1.95169455265
1.02374584327,-1.94643268368
1.0266361938,-1.95062015503
1.0219583361,-1.94362662852
1.02409863619,-1.9793795215
1.02237269993,-1.94656884717
1.02158980958,-1.9347667089
1.02411320943,-1.97476369062
1.02668247537,-1.98552762599
1.02381821904,-1.95132194114
1.0238640307,-1.96044011488
1.02478269665,-1.9634018102
1.02434116173,-1.96718266514
1.02338549724,-1.96275065688
1.02695640379,-1.97148972332
1.02418837241,-1.96207240009
1.02561807817,-1.97631628713
1.0258440305,-1.98115124583
1.02521532362,-1.93070695977
1.02440091782,-1.95422521732
1.02676789318,-1.95895637887
1.02477863687,-1.94373924891
1.02524252473,-1.98699376816
1.02711718095,-1.95555008076
1.0249369548,-1.93612139708
1.02498248117,-1.9600087551
1.02768256389,-1.97838852951
1.02576453248,-1.97467916482
1.02365801879,-1.98871753927
1.02656637906,-1.97312864867
1.02843864426,-1.9717005519
1.02706384341,-1.98971047739
1.02639047963,-1.97764527016
1.02635518802,-1.98879999031
1.02496767115,-1.96566026001
1.02675289863,-1.96269423697
1.02667925946,-1.97527664566
1.02630708237,-1.97550461579
1.0254059092,-1.9681168888
1.02676160611,-1.96129728543
1.02615224625,-2.77665434126
1.02591529462,-1.34120530442
1.02646725279,-1.62109758982
1.02499548273,-1.79398393312
1.02824455938,-1.9595283902
1.02882961832,-2.00231295816
1.02658282046,-2.07261623428
1.02711547925,-2.09863834562
1.02857317657,-4.56694769538
1.02759819763,-2.35916953233
1.0286722588,-1.67439382626
1.02963673667,-1.73650164127
1.0276440619,-1.85960649722
1.02926407053,-1.91557318581
1.03093878614,-1.93732274641
1.02832930788,-1.95119969832
1.02654869983,-1.97011576623
1.02885890629,-1.86634103112
1.03045165632,-1.95374904692
1.02517946877,-1.90134981904
1.02665828605,-1.92823822442
1.02729432471,-1.94407344354
1.0250781453,-1.96019785985
1.02460979816,-1.94629393365
1.02681592107,-1.9652292842
1.02363224365,-1.97986743094
1.02664591846,-1.97928084005
1.02757852574,-1.95743969585
1.02596605209,-1.96591457798
1.02618328718,-1.97208737361
1.02649165312,-1.96143512862
1.02430848089,-1.95457222744
1.02712819505,-1.96352310885
1.02871970936,-1.98418708427
1.0270602549,-1.97208978065
1.02572388538,-1.96245628397
1.02763245465,-1.98957779015
1.02449904183,-1.95632166484
1.0255362854,-1.94541939741
1.02770231117,-1.96006009997
1.02724018131,-1.99820300924
1.02739653524,-1.98728373958
1.02976735242,-1.96448221199
1.02567174199,-1.97228556834
1.02442904985,-1.97906848318
1.02843939331,-1.96289639347
1.02714385968,-1.98267259575
1.02655844235,-2.00465383527
1.02752892852,-1.98029469619
1.0278393003,-1.99690697193
1.02502687762,-1.95692824411
1.02724802424,-1.9728509911
1.02626918808,-1.98055392518
1.02409652398,-1.96613930392
1.02879739259,-1.97302925301
1.02819554264,-1.95706685151
1.02555220712,-1.97097908947
1.02619486939,-1.96720323247
1.02610243784,-1.96456656054
1.02409955255,-1.9644422196
1.02719407883,-1.9898746681
1.02643691047,-1.97173342205
1.02741406107,-1.96534016865
1.02909287634,-1.97253413187
1.02760558356,-1.95663751039
1.02631547104,-1.95727593526
1.02522459917,-1.96830900859
1.02860461472,-1.98012998673
1.02608085541,-1.96510707015
1.0289914676,-1.95271956579
1.0308951036,-1.9792207626
1.0260959042,-1.97977808087
1.02739550717,-1.98214974607
1.02739283373,-1.96463304729
1.02855765204,-1.96082792186
1.02834137699,-1.94884630551
1.03108882688,-1.98588657833
1.02807947028,-1.97196851149
1.02778199545,-1.94349595085
1.02829145428,-1.96608679568
1.0267343155,-1.97807649992
1.0250086211,-1.95892645037
1.02973747043,-1.95677800263
1.03059179355,-1.97224268696
1.02857413715,-1.95855349043
1.02969713211,-1.9591783482
1.02801109279,-1.96865629386
1.02549732737,-1.94182968147
1.0287851182,-1.96495777133
1.02878524057,-1.97382568801
1.02842525509,-1.97181635099
1.02689010015,-1.95956379025
1.02912746683,-1.97613378634
1.02743200728,-1.97462020947
1.02726858515,-1.96179290103
1.02650807109,-1.95870949791
1.0273025664,-1.9715079491
1.02996248485,-1.97048841089
1.03211495672,-1.96650564064
1.02532035046,-1.9720519037
1.02571999458,-1.95831399433
1.02774722195,-1.94982839946
1.02695626207,-1.95069275373
1.02905532382,-1.96443421675
1.02977724329,-1.9837757141
1.02826973524,-1.95777037995
1.02720033007,-1.98324397455
1.02811817896,-1.97092794717
1.02658158378,-1.98613059615
1.02637030847,-1.99423109567
1.02915873149,-1.96757814548
1.02974498928,-1.98756154167
1.02831973391,-2.00234038339
1.02836494537,-1.9673802024
1.02689282703,-1.97844330348
1.02605019461,-1.97744659721
1.02854234084,-1.97930080123
1.02874372392,-1.99668505148
1.02882782927,-1.97880568831
1.02846423248,-1.985036004
1.02844675457,-1.95181435491
1.02921255046,-1.99892462458
1.02634641287,-1.99151217887
1.02520400805,-1.96759602685
1.02520782855,-1.95261820803
1.03065102657,-1.99315696847
1.0301881266,-1.97518732668
1.02694956344,-2.00456270396
1.02598555643,-1.96695978676
1.02706115062,-1.98140718483
1.02534564698,-1.96576622869
1.02437729687,-1.96921356036
1.0281051,-1.97708882471
1.02847472994,-1.97914881999
1.02881296811,-1.96936611349
1.02682527541,-1.9439133648
1.0241214745,-1.96388691456
1.02397476053,-1.96097197256
1.02782659369,-1.96992244227
1.02742264737,-1.95057036004
1.02748326217,-1.99270370079
1.02910833257,-1.98215424625
1.02755191035,-1.95453244722
1.02488354146,-1.97264580405
1.02485442955,-1.97174488802
1.02407090856,-1.98475518053
1.02437302577,-1.95759207432
1.02606195048,-1.96360294967
1.02702419011,-1.97467607034
1.02674872483,-1.96331410995
1.02620366398,-1.96531277528
1.02738231866,-1.98378236352
1.02856007541,-1.96583661302
1.03137690079,-1.96020178474
1.03497892742,-1.9793982981
1.03399410672,-1.97032216725
1.03470777465,-2.00404697639
1.03239228505,-1.98940507429
1.03063464904,-1.99229090951
1.03115698556,-1.96847698682
1.03088780574,-1.99097648605
1.03093671836,-1.98014986788
1.04447137907,3.57537526001
1.03015964437,-2.34620638833
1.02819256976,-1.47603515425
1.0260018796,-1.43337617863
1.02985342839,-1.63658168714
1.02729087926,-1.79070600294
1.03039809159,-1.95454814657
1.03017014416,-2.02821440716
1.03081979391,-9.12844788816
1.02523049832,-2.47414666378
1.03103102036,-2.62671498218
1.03105121856,-2.29842413728
1.02828006029,-2.09264001962
1.0344778039,-2.02804183907
1.03407195429,-1.98977030464
1.03235873276,-1.9486706414
1.03447636156,-1.95474591614
1.03545765439,-2.07744593369
1.03295777085,-1.95439165308
1.03348585463,-1.92087671066
1.03391427266,-1.95991731904
1.02781656276,-1.95466814534
1.02798633733,-1.96628961473
1.02824270154,-1.95360215014
1.026512366,-1.92615655987
1.02481333975,-1.96536522265
1.02253470459,-1.92017104067
1.02288704357,-1.91972369187
1.02619996583,-1.95690037533
1.02722971043,-1.93983555705
1.02382455029,-1.93104182213
1.02405763346,-1.93573124091
1.02605426812,-1.92831435615
1.02441299198,-1.9329709347
1.02752753294,-1.96528237581
1.02783457004,-1.94205503515
1.02527149446,-1.90760257035
1.02680044236,-1.94732907662
1.028181933,-1.94178627974
1.02797542076,-1.95302477977
1.02635895556,-1.94632888845
1.02812414731,-1.95482367004
1.02892597426,-1.9470118823
1.02904693904,-1.95772868169
1.0285735128,-1.95312233995
1.02549346026,-1.94852389196
1.02474575063,-1.94521288594
1.02605583361,-1.93484570982
1.02598367324,-1.93581358127
1.02347909499,-1.94582444006
1.02451635471,-1.95898925575
1.02535635463,-1.94635243236
1.02530974651,-1.97458671144
1.02365559629,-1.95678565389
1.02492044573,-1.97195394322
1.02692519791,-1.95964550677
1.02904609661,-1.97050562294
1.0299413782,-1.96888086419
1.02807349846,-1.97296637378
1.03067886596,-1.97391303322
1.02987137756,-1.95275826125
1.02737496676,-1.93679796061
1.02812678167,-1.97942363993
1.02790253289,-1.95669894358
1.02680434631,-1.94837665831
1.02671093968,-1.95730124839
1.02915465272,-1.98483621231
1.02483588425,-1.96212146693
1.02706938154,-1.97459662063
1.02997783439,-1.96447119926
1.03026845829,-1.96898381361
1.02967065792,-1.97607336155
1.03199975468,-1.97691259935
1.02984303844,-1.96920701365
1.03211165845,-1.99445234849
1.0348720641,-1.96946218349
1.03250563041,-1.9809228436
1.03212828957,-1.99615872283
1.03398224032,-1.9843236601
1.03380953044,-1.95411774762
1.03331483028,-1.97194184519
1.03410778692,-2.00019862264
1.03281822994,-1.97803074366
1.03106428033,-1.98088269931
1.0331561195,-1.97843957564
1.03024698195,-1.96771675496
1.02699531163,-1.9810008351
1.02830060759,-1.96257171832
1.02903697899,-1.9517813224
1.02590617699,-1.96837603364
1.02874305528,-1.99750604517
1.02628440639,-1.95783786359
1.02492644309,-1.96837020533
1.02867472067,-1.9831032835
1.03056036008,-1.98364060213
1.03019563991,-1.98064945718
1.04220459977,-2.04489351048
1.03874746969,-1.91364637919
1.03557383521,-2.19836104556
1.03530781402,-1.9539021706
1.036977454,-1.8923747075
1.03537557313,-1.86217419285
1.03648025259,-1.84245741367
1.03660667863,-1.89960091895
1.03472670233,-1.87987751753
1.03277820192,-1.64393350011
1.03354172128,-1.753398114
1.03605727397,-1.7849898737
1.03520243094,-1.78209257962
1.03672038723,-1.80120574567
1.03356620275,-1.79041957137
1.03473945227,-1.78352406286
1.03755420872,-1.80613791465
1.03725805955,-1.78478330056
1.03658754567,-1.77850526281
1.04043349262,-1.7851982987
1.041853297,-1.78523503872
1.04088323376,-1.79645180061
1.04219664494,-1.82228306978
1.04243363397,-1.77956793789
1.03953458893,-1.77735391701
1.04365584326,-1.77091080359
1.04371712593,-1.79688738701
1.04227915385,-1.77030455928
1.04230092473,-1.80048470831
1.0418019502,-1.79974331989
1.04122353486,-1.81171913369
1.04008547634,-1.77450964204
1.04273796617,-1.78810181299
1.03969913792,-1.7541138958
1.04354816344,-1.7935450032
1.04658277786,-1.80708028955
1.04426730024,-1.82094492201
1.03952460439,-1.75737853558
1.0421662516,-1.80862963153
1.04343629277,-1.76109205837
1.04465991037,-1.793657305
1.04393861993,-1.75753617388
1.04423080249,-1.81329719912
1.0436163079,-1.77329599737
1.04403680208,-1.77765796544
1.04051808431,-1.76432061257
1.04129397038,-1.80542274363
1.04212230561,-1.75551229
1.04271672212,-1.79724301239
1.04002840303,-1.77192181622
1.04140702096,-1.79521255922
1.03685010511,-1.75691170021
1.03584112521,-1.78946250098
1.03696693574,-1.76382198046
1.04070285879,-1.81504521049
1.03843845941,-1.78551458425
1.04091600428,-1.77158276612
1.0416796622,-1.77834753107
1.04037833738,-1.78218937056
1.04367629886,-1.79241959866
1.04179231952,-1.80042265082
1.03985003373,-1.78683696874
1.04317656137,-1.80371234636
1.0457045828,-1.77309529683
1.04406606009,-1.80028700997
1.04170813327,-1.79153991601
1.04231748771,-1.80051178035
1.0401751049,-1.76488506502
1.04063600943,-1.80056084492
1.04340404523,-1.79120944094
1.04356543339,-1.77406947336
1.0443096342,-1.74476425066
1.04401461394,-1.79073514248
1.04016285358,-1.77281503931
1.04070955626,-1.79162250472
1.04293432411,-1.77986701705
1.04296844228,-1.77160617605
1.04592614307,-1.76601749748
1.04622294735,-1.78831809378
1.04280205836,-1.76060769725
1.04166650949,-1.76801128327
1.04250481064,-1.7474796718
1.042109444,-1.76448237793
1.04346239638,-1.75621199036
1.04725981712,-1.77640985079
1.04579473123,-1.76807632459
1.04242302781,-1.78022796629
1.03970372883,-1.74723013494
1.03920022135,-1.74552568274
1.03911825154,-1.74265118158
1.04159380302,-1.76556003955
1.04241583329,-1.76765709128
1.04165677618,-1.77746893139
1.04006718521,-1.75464559822
1.03905954432,-1.75198589837
1.03874302485,-1.76440755688
1.03851735459,-1.75992735371
1.04061273894,-1.76112886057
1.04101816761,-1.76224732994
1.04240034882,-1.77691274293
1.0430806034,-1.77768064711
1.03997694554,-1.77032033733
1.03763176796,-1.79753333248
1.03701586546,-1.74565484097
1.04036106336,-1.78811299245
1.04238667281,-1.78351600753
1.04377562888,-1.75025834239
1.04037637848,-1.78150046704
1.04019355476,-1.78337681937
1.03928699325,-1.74859185413
1.03889672841,-1.78158907628
1.03867747401,-1.76348878437
1.04462340308,-1.77858966237
1.0419137303,-1.76949903996
1.04118034607,-1.76858673078
1.04218285029,-1.78885964379
1.03913687441,-1.78180289875
1.03578052734,-1.74040140694
1.04091386284,-1.76039250173
1.04273367608,-1.76012820033
1.04177969262,-1.78808659345
1.04158202226,-1.76798728778
1.03886463229,-1.75927229715
1.03947832214,-1.74717982064
1.03968535186,-1.77974818005
1.03924271822,-1.74840461283
1.04026541301,-1.79852574954
1.04141626366,-1.78586263349
1.04469884576,-1.78547365365
1.04091927739,-1.7728243085
1.03972815379,-1.77106382456
1.04029149047,-1.77256736079
1.04041595421,-1.76293235954
1.04210149991,-1.78318038827
1.04357454643,-1.78673841541
1.04276080722,-1.77328386773
1.04333805334,-1.7912676047
1.04161674909,-1.7645470424
1.0389215798,-1.79233991757
1.03994035375,-1.78640609761
1.04338650403,-1.8027891479
1.04387829161,-1.77935055851
1.04299415221,-3.02095370172
1.04415846661,-1.24176289267
1.04044076987,-1.48901062938
1.03753810939,-1.62752924854
1.04126517415,-1.72519100732
1.04325807927,-1.81977235558
1.04070511187,-1.86763274075
1.04141326474,-1.86817262732
1.04302348753,-3.71058756554
1.03942594099,-1.77356582811
1.04132556042,-1.49697183067
1.04012772745,-1.58045336824
1.04033590328,-1.65500093488
1.04441150313,-1.69731420937
1.04443600024,-1.71637644426
1.04277986285,-1.70742734841
1.03958623243,-1.73268602867
1.04307937745,-1.8224626954
1.04159133166,-1.66089828216
1.04109779361,-1.78278537215
1.04459613241,-1.79721650394
1.04290813565,-1.74010907556
1.0440923378,-1.74197734828
1.04412713492,-1.75696776277
1.04189953039,-1.74576929684
1.04130170649,-1.76232050323
1.044068536,-1.81380424711
1.04356417488,-1.72085071069
1.04537357105,-1.77708001595
1.0459438271,-1.743270021
1.04274989194,-1.79757599659
1.0404700925,-1.75492408675
1.04328510091,-1.77327869415
1.0435204512,-1.7389309024
1.04310185981,-1.78011132707
1.0436581621,-1.76101682145
1.04543804074,-1.77675985308
1.04182638641,-1.74791588769
1.04299015577,-1.75689181573
1.04135517973,-1.74274343249
1.04207404584,-1.77995349044
1.04431775173,-1.74267793221
1.04594091832,-1.78091031898
1.04284016413,-1.7567875934
1.04265280519,-1.77577695437
1.0432619197,-1.7575179932
1.04260153148,-1.76480684829
1.04240516994,-1.75295119501
1.04240874022,-1.75888755746
1.04245585214,-1.75129285703
1.04378851928,-1.77115760872
1.04462686571,-1.76482305112
1.04163748148,-1.78173809361
1.04314613342,-1.75823699015
1.04446012524,-1.75581364474
1.0429284296,-1.74950986369
1.04505003604,-1.77209660953
1.0440871475,-1.75293026369
1.0434374772,-1.79007530208
1.04387057852,-1.75407805429
1.04449490318,-1.74771737573
1.0437072332,-1.73922387385
1.04206619918,-1.72228785715
1.04489494456,-1.74000251131
1.04246057027,-1.74971943777
1.04344622124,-1.72448699304
1.04477280866,-1.75158425739
1.04248585582,-1.74687326882
1.039978502,-1.75860949697
1.04482916244,-1.73072268862
1.04432882957,-1.74621803534
1.04188135985,-1.75742509607
1.04285290125,-1.7559948784
1.04479929276,-1.75015112624
1.04358250454,-1.74045085419
1.0436762313,-1.74302933582
1.04240558122,-1.74483557145
1.04218408165,-1.74716986789
1.04438179266,-1.74571972413
1.04404075811,-1.77088483756
1.04365491922,-1.74726698562
1.04316653394,-1.77125873294
1.04406874945,-1.75667501303
1.04240101512,-1.77209998206
1.04410921572,-1.76032837006
1.04389630777,-1.74634208217
1.04150120571,-1.76913919051
1.0438662518,-1.75860053664
1.04465365289,-1.78400066076
1.04376259417,-1.77225294836
1.04180715209,-1.76976401156
1.04220137788,-1.74858826437
1.04272167998,-1.77258911044
1.04386312763,-1.75143601316
1.04623678869,-1.77268531144
1.04207818766,-1.75882092995
1.04158857968,-1.75743377025
1.04402316644,-1.7692620536
1.04411754694,-1.75519847701
1.04087087626,-1.73955720962
1.0427773784,-1.73808487213
1.04375169695,-1.73453354098
1.04364826548,-1.76775064919
1.04130840237,-1.74692612326
1.03990598319,-1.71701543652
1.03985275099,-1.75600562526
1.04183899169,-1.75104742129
1.04231219237,-1.74939277613
1.04150988259,-1.74347565803
1.04284146088,-1.75215494622
1.04161592699,-1.75020347922
1.04143237594,-1.75784606408
1.04128204302,-1.77927323363
1.04135703618,-1.75891100168
1.04051023357,-1.75773019492
1.04137201416,-1.75915415451
1.04426690552,-1.77368296981
1.04216754333,-1.76495548401
1.04092246756,-1.77077952918
1.04278727152,-1.77033218358
1.04182943968,-1.76440409245
1.0438496064,-1.76149094154
1.0454733603,-1.78047684198
1.04408249578,-1.73657585651
1.04403511678,-1.75427782314
1.04616008404,-1.74937473898
1.04186409999,-1.76197468726
1.04035589761,-1.7410228942
1.04206167519,-1.72632553531
1.0433596276,-1.7252682386
1.04404782855,-1.75348039401
1.04421954051,-1.73687841291
1.04273763859,-1.74535705961
1.04129299577,-1.76144468261
1.04363007835,-1.74945578205
1.04297194842,-1.75198545342
1.04350659309,-1.77248976022
1.04520391748,-1.76848231247
1.04585831929,-1.76978067482
1.04547597449,-1.7807486224
1.04608421813,-1.75658540601
1.0459270099,-1.74044857996
1.0473515204,-1.75445587904
1.05224395213,-1.73920101515
1.05369910627,-1.77281487782
1.05548121163,-1.77591011082
1.05403932808,-1.77537921387
1.05418697552,-1.76486016136
1.05107019667,-1.78221838535
1.05236880638,-1.7495093991
1.05306626806,-1.76101802129
1.05067125125,-1.75337590752
1.05103205965,-1.78960572617
1.05231482614,-1.76900902663
1.04869929597,-1.75727546565
1.04788021977,-1.75391435213
1.04773112327,-1.73950354901
1.04875706269,-1.74184991664
1.05236661356,-1.76066507353
1.053306285,-1.75693911475
1.05251776513,-1.76767046855
1.04835738473,-1.73930245981
1.06657451054,4.27684768909
1.05090795107,-2.30791438241
1.05149078809,-1.30392024996
1.0538952535,-1.23458039063
1.05584391603,-1.40540277536
1.05307207494,-1.58139741984
1.05275649953,-1.70908345431
1.0520306997,-1.76341929576
1.05101442575,-9.19360585866
1.05060652729,-2.43507187237
1.05153563944,-2.18989137876
1.05009014861,-2.09850497582
1.04902981477,-1.96361730929
1.0435600236,-1.84165407165
1.04266584869,-1.73427688625
1.04202909309,-1.71789146899
1.04475415568,-1.75322876435
1.04088937136,-1.61168721699
1.04323583252,-1.47144174571
1.04564477236,-1.71460372365
1.04401901919,-1.74691846845
1.0426077468,-1.75718052047
1.04197357896,-1.75732826544
1.04173057276,-1.7417535942
1.04441717851,-1.76205149255
1.0467382451,-1.72232451247
1.04590717462,-1.75329884541
1.04247043062,-1.7369764302
1.04472855231,-1.70208657047
1.04197686618,-1.74196685081
1.04124717453,-1.73939237871
1.04581665833,-1.76289164698
1.04560702897,-1.76052528773
1.04390111878,-1.77187956289
1.04517583342,-1.75635291622
1.0427605151,-1.7531751044
1.0402975894,-1.75700928012
1.04248702185,-1.74121512697
1.04527293283,-1.76462303644
1.04559986466,-1.78031768875
1.04452535624,-1.74683550614
1.04326879473,-1.76493590095
1.04133808153,-1.75007426644
1.0431052161,-1.75459735666
1.04303614591,-1.76875062641
1.04213507028,-1.76230971783
1.04432961051,-1.74608609458
1.04797515161,-1.7696989652
1.04431351626,-1.76649310284
1.04204251378,-1.74707445899
1.04325881999,-1.77337483802
1.04287707838,-1.76024581392
1.0465772502,-1.75778327481
1.04749818817,-1.7635903296
1.04494730997,-1.76997965579
1.04682577579,-1.7624113354
1.04672698538,-1.76444102238
1.04514614912,-1.76990923415
1.04331827713,-1.77916651177
1.04516287725,-1.74474911394
1.04702494696,-1.76919164892
1.04609868634,-1.75469585503
1.04715372309,-1.76860266724
1.0438837848,-1.7467814082
1.04075230039,-1.73667599084
1.04330583401,-1.7660867192
1.04419879557,-1.77661743915
1.04385416969,-1.74123055419
1.04602126096,-1.72971395984
1.04526955517,-1.77548116907
1.04374096706,-1.74190617639
1.04430736802,-1.759211142
1.04369253807,-1.78412855283
1.0441791296,-1.73675258028
1.04965765758,-1.78668307148
1.04832428588,-1.75598377998
1.04715849768,-1.78663874222
1.04612547982,-1.71041651416
1.04554822217,-1.73362086848
1.04558325276,-1.75954823857
1.04689243528,-1.75288651903
1.04669926545,-1.74865405866
1.04555599121,-1.72751549585
1.04571460168,-1.73116874195
1.04686354678,-1.75360774653
1.04193048012,-1.72481508856
1.04349023561,-1.73723047731
1.04648478849,-1.74101101414
1.04627516421,-1.75324934137
1.04690946644,-1.77765781832
1.04761725542,-1.7310329372
1.04559094724,-1.71523977152
1.04495848455,-1.73150321891
1.04786458867,-1.74256768553
1.04660629046,-1.7575384041
1.04656093752,-1.73659914911
1.06787000619,-1.73218325932
1.06549923971,-1.74343573025
1.06242872622,-2.06154772941
1.06309435983,-1.91671491406
1.064498252,-1.85792458764
1.06402789868,-1.86188202259
1.06009184099,-1.84799337275
1.06184484578,-1.88645806385
1.06111812266,-1.88206046616
1.06188948757,-1.69493918009
1.06025784064,-1.75722241883
1.06027656566,-1.78418328065
1.05782022918,-1.7422529021
1.0611835747,-1.7669282092
1.06106327927,-1.77285302293
1.05826856986,-1.77994307595
1.05877443523,-1.77603559504
1.05940373756,-1.75795152993
1.05929823862,-1.75322535887
1.05917950798,-1.77746029591
1.05962011611,-1.7812651253
1.0608073923,-1.80433298243
1.05932689189,-1.76193158086
1.06309376537,-1.7605706868
1.06173942652,-1.76764521964
1.0622394021,-1.77648957831
1.06524710259,-1.80566573601
1.06494584631,-1.74183522765
1.06620620525,-1.77541785457
1.06841231837,-1.75924541508
1.06620529956,-1.76740596961
1.06457814778,-1.77668175726
1.06732232818,-1.78902007805
1.06705798872,-1.77082041281
1.06329271797,-1.76466159797
1.06648606646,-1.78790451222
1.06223074385,-1.77802813411
1.06291656511,-1.75364679856
1.0654987141,-1.77215683834
1.06304037761,-1.77490906291
1.06199104222,-1.78761866368
1.06468160636,-1.78637725722
1.06410784538,-1.77766058012
1.0611282973,-1.77200935678
1.0625523973,-1.76182336875
1.06459339782,-1.78451174345
1.06527139224,-1.77939902151
1.06592211885,-1.78034029823
1.06369187253,-1.7512919008
1.06320337821,-1.76398304542
1.06457679222,-1.80475503414
1.06646478131,-1.76370579804
1.06419265487,-1.76324027663
1.06515388098,-1.76081929482
1.06394330012,-1.76938138641
1.06109970973,-1.75990769067
1.06305931663,-1.75504355811
1.06234691343,-1.75209009678
1.0590000742,-1.73614525386
1.06000353358,-1.76448347794
1.05981449101,-1.74861866084
1.05994372102,-1.73626255565
1.05812931912,-1.77442497552
1.05993389141,-1.72896533728
1.05948435949,-1.77562363427
1.0609011978,-1.74087219193
1.06183199429,-1.76021457707
1.05866812816,-1.74342719035
1.05826866991,-1.76200509331
1.06226118941,-1.74551614001
1.06014044353,-1.73541875656
1.06045049038,-1.74461389021
1.06043371648,-1.75760403022
1.0592332905,-1.72655248788
1.0599904598,-1.7812926501
1.06156010022,-1.72964337275
1.05926918656,-1.72939903844
1.0594153453,-1.72031470791
1.05917556931,-1.75655419937
1.06165691723,-1.71321507434
1.05944422658,-1.73938210008
1.05982181378,-1.73984511956
1.05933925728,-1.73027369197
1.06145538665,-1.74063515783
1.06121735057,-1.75017445035
1.06108269829,-1.73210180294
1.05775676416,-1.76134426664
1.05952747567,-1.74062829101
1.06298756194,-1.74771404269
1.06130510282,-1.73079123794
1.05997125092,-1.72391066714
1.06139528532,-1.73022485406
1.06040161921,-1.74489487176
1.0626347623,-1.7185016793
1.06343731289,-1.73776001889
1.06159327175,-1.76307364804
1.06184967235,-1.74698247441
1.0649451768,-1.72831772512
1.06380239824,-1.75286945025
1.06427488891,-1.74571471648
1.06456071434,-1.75367809545
1.06589305772,-1.7619238444
1.06483636233,-1.75187628619
1.06771949726,-1.74636155103
1.06379018669,-1.76149245144
1.06431453627,-1.71133999656
1.06524092403,-1.75181826924
1.06782684739,-1.72843120116
1.06305941015,-1.77609584708
1.06470870005,-1.74348906454
1.0649010547,-1.7556077602
1.06487885226,-1.74154263525
1.06651231402,-1.763012625
1.06747398921,-1.7527060879
1.06268627355,-1.74380825324
1.06664798712,-1.73807118563
1.06436447214,-1.75924767396
1.06445278023,-1.70493935592
1.06362007357,-1.74226134127
1.06443813806,-1.7352824892
1.06155231152,-1.74589394772
1.06321085702,-1.73277120401
1.06355139304,-1.73787879863
1.06201057105,-1.74735570697
1.06279135169,-1.75540978939
1.06529670776,-1.7335282763
1.06389246338,-1.75410895695
1.06173132817,-1.73985866088
1.06289990247,-1.73870126644
1.06338747851,-1.72492069793
1.0635165745,-1.74686743612
1.06622876065,-1.74242877954
1.06268378904,-1.75175454824
1.06447140107,-1.74106120362
1.06540174139,-1.73126294115
1.06620092882,-1.74818152338
1.06529176643,-1.75849532133
1.06584544621,-1.73388927905
1.06677826532,-1.73960897641
1.06610291401,-1.731951758
1.06824695369,-1.7668553177
1.06817362994,-1.7502800064
1.06385724095,-3.86651571224
1.06620023625,-1.30519438331
1.06565585025,-1.48271002011
1.066213083,-1.6001020111
1.06396637441,-1.69498953224
1.06655326863,-1.79714873481
1.06449632474,-1.82774245933
1.06743565731,-1.849072217
1.06768350375,-2.92642108382
1.06315784481,-1.83944760403
1.06713506504,-1.40342957725
1.06895334484,-1.51556588827
1.06915275875,-1.62734380006
1.06786202256,-1.67471084375
1.06707534827,-1.68729295955
1.06764974198,-1.6674249406
1.06776510193,-1.69879645773
1.07121844118,-1.79489071685
1.06696265554,-1.66397362937
1.06732167059,-1.74605188386
1.06923304664,-1.7579596629
1.07093255015,-1.73913601145
1.06803651108,-1.73033548019
1.06884155146,-1.74561909037
1.06628041915,-1.72265450653
1.06676014796,-1.73214374355
1.06942274097,-1.76671178821
1.06683132681,-1.7217616397
1.06419794502,-1.72665511503
1.06546589231,-1.72511678463
1.06655046292,-1.73768660171
1.06440045175,-1.70600803083
1.06480969364,-1.70707257254
1.06584435833,-1.73428937966
1.06424010658,-1.74092049342
1.06731472853,-1.73440563122
1.06616196501,-1.73207951207
1.06383244324,-1.71952004923
1.06401369722,-1.7306162777
1.06675506786,-1.73071405211
1.06599257238,-1.74584331927
1.06602307352,-1.7245139112
1.06475068777,-1.75321026736
1.06531980896,-1.72930992511
1.06706425878,-1.74125806411
1.06708038744,-1.72732387032
1.06568450044,-1.73434856481
1.06754650768,-1.74548203842
1.06680678133,-1.70794635536
1.06783270128,-1.736644305
1.06674399731,-1.73901608625
1.06722576907,-1.74549907099
1.06768694892,-1.74081605079
1.06728320557,-1.7433319362
1.06740501233,-1.7712531192
1.06660670803,-1.76503651416
1.06581756298,-1.75415975735
1.06839645432,-1.75192301797
1.06628093662,-1.73684127295
1.06616189548,-1.74442693962
1.06679769909,-1.76226872522
1.06698441554,-1.7279019655
1.06628947018,-1.7392596244
1.06755293627,-1.74212174398
1.06735658027,-1.76767476576
1.06499780129,-1.73525521673
1.06614203547,-1.74039704436
1.06700789279,-1.73790618959
1.06604530773,-1.76627541137
1.06598913965,-1.73648049898
1.06740833894,-1.78156831842
1.06604655519,-1.75916638995
1.06579649635,-1.7508533758
1.06809481236,-1.7500273755
1.06500045455,-1.76531089437
1.06702906418,-1.73558350632
1.06876855878,-1.76194075871
1.06867935076,-1.75203167705
1.06649373546,-1.7516353936
1.06882416501,-1.74725478772
1.06829887479,-1.75496852342
1.0672119863,-1.75523419806
1.070010781,-1.77380432894
1.06780029423,-1.74584952198
1.06697304,-1.76782360092
1.06887716863,-1.75127648384
1.06866314707,-1.74833797422
1.06929957411,-1.75514870319
1.07128706953,-1.76523785834
1.06970804081,-1.75673997233
1.06747179358,-1.76971201289
1.07069693574,-1.75671716816
1.06792844057,-1.75111535629
1.06754054312,-1.7444189731
1.06905001027,-1.74030311739
1.07053329043,-1.77011330188
1.06645414288,-1.74410380463
1.06901247919,-1.74965530432
1.06782545097,-1.75663544283
1.06912033909,-1.75260155153
1.06893223336,-1.74884071647
1.06988973287,-1.74666508693
1.06503117658,-1.74255503779
1.06848572446,-1.76041387565
1.06956748408,-1.76239007472
1.0686734069,-1.74707980168
1.0675721887,-1.75104123365
1.06924208831,-1.74774310905
1.06808964992,-1.75323747614
1.06947769012,-1.73103287576
1.07050185707,-1.7560851235
1.06855448843,-1.74770543635
1.06835000809,-1.78058669752
1.06930646067,-1.75570439155
1.06813510354,-1.76002746498
1.06872553384,-1.74150786046
1.06883739851,-1.74529371483
1.06846891057,-1.74771550009
1.0681211066,-1.74282730132
1.0716841537,-1.75146525831
1.06932676096,-1.78274194049
1.06865390069,-1.75198841279
1.07032476782,-1.76672330439
1.07161131654,-1.76020781457
1.06940133544,-1.75132350192
1.06997444206,-1.75964282092
1.06885661325,-1.75962716618
1.0688170339,-1.75000370064
1.06976380161,-1.76208365768
1.06990028849,-1.75919635449
1.06651654144,-1.77461091129
1.06938021355,-1.75522715859
1.06980161998,-1.7493693882
1.06801368333,-1.75208445458
1.06854142831,-1.76096578974
1.06858008506,-1.7516956752
1.06770281587,-1.75543377237
1.06985398327,-1.76331845296
1.06998454646,-1.74321998852
1.0669639218,-1.7338695091
1.06851784593,-1.77366344179
1.07030781637,-1.7548527925
1.06918461465,-1.74546434717
1.06831169665,-1.75596942837
1.06770622077,-1.75277083911
1.06893478714,-1.74469374206
1.06835830564,-1.76525563706
1.07222134017,-1.74891313572
1.06786279106,-1.76387726449
1.06741925723,-1.72297821869
1.07051063404,-1.74175064487
1.07039177939,-1.76222281103
1.06757470143,-1.75812834155
1.0704189184,-1.76641253742
1.06780214132,-1.74715819416
1.0692392033,-1.72234742563
1.07018361549,-1.75738242582
1.06959151799,-1.72943355094
1.06751863432,-1.73631696183
1.06907426074,-1.74140355173
1.07140072196,-1.77016507877
1.06898740843,-1.73426419832
1.08406073533,4.55911778671
1.07041322543,-2.32580378354
1.06891635584,-1.31732681865
1.0701422466,-1.20629255725
1.06896151833,-1.39416359931
1.06687697274,-1.53756829535
1.06747200278,-1.67799018292
1.07010978577,-1.72779379511
1.06854909459,-9.82317162724
1.06678163043,-2.23894137107
1.06928446599,-2.11861930225
1.06952661618,-2.05642525418
1.07000063966,-1.94563334816
1.07206068793,-1.84702896461
1.07007096478,-1.76704669963
1.07091544017,-1.72872354961
1.07122400332,-1.72155869923
1.07229649648,-1.68847926962
1.06845260202,-1.57929857074
1.07218494868,-1.72735271795
1.06876269952,-1.72046420038
1.07105856097,-1.74864513165
1.07203790154,-1.74238560252
1.06940440167,-1.75171853015
1.0685114133,-1.7638889073
1.07078419956,-1.72647158779
1.06988023039,-1.74180309912
1.06891000389,-1.74673634358
1.06840612034,-1.70476509659
1.0684530174,-1.71876403096
1.06886343798,-1.73906541529
1.07168259637,-1.74517703936
1.06948037798,-1.75580381141
1.06843399414,-1.7275928807
1.06863554806,-1.74483035682
1.07023247935,-1.74625439046
1.06912360587,-1.76065059144
1.07038011801,-1.74528882681
1.07007428125,-1.75971598118
1.06834759208,-1.7514968003
1.06996759364,-1.73714717661
1.07144582084,-1.75320156477
1.07029550115,-1.75170168277
1.06931912451,-1.75868757898
1.07014328991,-1.73126783619
1.07290934001,-1.77171390881
1.07000523356,-1.76811370131
1.07014770241,-1.75265398296
1.06792944665,-1.75772455916
1.07078376241,-1.75595925948
1.07240864827,-1.75307860957
1.071208024,-1.74797599327
1.06809033967,-1.75783520871
1.07202115564,-1.75625798282
1.07184282288,-1.7656247403
1.07017798169,-1.73401369987
1.06981941041,-1.75715980865
1.069686685,-1.73688845837
1.06893511612,-1.74822702299
1.06987485569,-1.72007281818
1.06991340751,-1.73053315378
1.0677943572,-1.72976284637
1.067860099,-1.73027883325
1.06873020355,-1.74599512112
1.06902456352,-1.75411779601
1.06897579833,-1.75877882569
1.06945141935,-1.75885129877
1.0697685105,-1.73784819816
1.07203249078,-1.73274522053
1.07279884184,-1.76182058296
1.06915242027,-1.74990734464
1.06988369157,-1.75115281652
1.07234042584,-1.76609226075
1.07401356536,-1.75005584054
1.07208890933,-1.73208314634
1.07268612268,-1.74116140894
1.07226041914,-1.7559943316
1.07266644104,-1.72799302933
1.07335962348,-1.73766108967
1.07218753185,-1.74508700994
1.07109462445,-1.71073551043
1.07344349501,-1.74367853465
1.07228881516,-1.72852085587
1.07175283067,-1.73706726385
1.07127306742,-1.74494861741
1.07218788032,-1.74848942777
1.07119816081,-1.73233922542
1.07432232568,-1.74577480197
1.07227275835,-1.73977773015
1.07181779365,-1.74673105067
1.07339956109,-1.74689760997
1.07301820596,-1.72853378805
1.07182212559,-1.71971077304
1.07167062071,-1.71883232329
1.07298488771,-1.75317604625
1.0728412889,-1.74736442562
1.0628876463,-1.36308043759
1.05729243351,-1.34373138141
1.05524927976,-1.34643311704
1.05512569866,-1.30105564074
1.0561183362,-1.2646529049
1.05671390051,-1.25865571134
1.05619871095,-1.27990552369
1.05643636176,-1.26794609173
1.05448828322,-1.24018529768
1.05527791269,-1.258799446
1.05668353854,-1.2778156933
1.0549730585,-1.2703545993
1.05654278966,-1.24574509724
1.05708514562,-1.25485021444
1.05604656802,-1.23043295624
1.05705776979,-1.26103415798
1.05683690927,-1.26275026482
1.05583491359,-1.26658301581
1.05593821735,-1.25145774381
1.05856674268,-1.25287322245
1.05700809218,-1.2497190447
1.05632090451,-1.25980581932
1.05788343053,-1.26524758065
1.05709007986,-1.26395650858
1.05581270571,-1.22623607988
1.05866157491,-1.25886108607
1.05830033103,-1.24833689877
1.05581292693,-1.24068594625
1.05831249338,-1.25629381923
1.05936433904,-1.23609524961
1.05570296014,-1.24022408491
1.05693659856,-1.25045070618
1.05784045086,-1.26001320126
1.05721463589,-1.24553149789
1.05620935957,-1.24545874352
1.05790491729,-1.25218014384
1.05500544597,-1.23877089724
1.05915769423,-1.24471513072
1.05886251448,-1.24607104335
1.05633626794,-1.2550247336
1.05811712127,-1.2548747054
1.05960821306,-1.2310904678
1.05975359839,-1.21599614034
1.05900175759,-1.22706563062
1.05928270988,-1.24806754703
1.05760014649,-1.23631637998
1.05892106669,-1.23321809096
1.06082035451,-1.24287119233
1.05828034902,-1.23553352301
1.05930995133,-1.23616387463
1.05858253726,-1.23579511066
1.05941292182,-1.23323877405
1.05911638894,-1.2143953476
1.05984394038,-1.22218979782
1.05818583408,-1.21970254251
1.05906549941,-1.22033919201
1.06070090222,-1.25690860223
1.05836512568,-1.2228535371
1.05489694112,-1.22256950906
1.05658340627,-1.21667689317
1.057543556,-1.2136918816
1.05722985989,-1.24758678133
1.05588269928,-1.22639719907
1.05634876269,-1.24475193936
1.05509654675,-1.21225978125
1.05767677265,-1.21681344551
1.05815407845,-1.23372963311
1.05437539151,-1.22092770503
1.05432026291,-1.18904135414
1.05709511206,-1.21300721811
1.05677671848,-1.18998154074
1.05763307334,-1.20341074194
1.05779189874,-1.21275611403
1.05886324218,-1.21021027262
1.06140571794,-1.2145478912
1.06228386088,-1.20929926232
1.05912785191,-1.20279911421
1.06017977714,-1.23838347993
1.06070269573,-1.22364636722
1.06035790825,-1.209084551
1.05826013695,-1.21026671888
1.05788440433,-1.19407671329
1.0557334484,-1.18383682934
1.05683931854,-1.21299758332
1.05904187851,-1.19722494291
1.05743797095,-1.19069124639
1.05477817147,-1.19149236749
1.05919211602,-1.20701224428
1.0578624658,-1.20753736309
1.05714345316,-1.20151920715
1.05830228457,-1.18669303594
1.05805125328,-1.22133360376
1.05835402513,-1.20223647698
1.0612044644,-1.2058436776
1.06124160631,-1.19772904947
1.05883518937,-1.20724837595
1.05942915421,-1.20451159456
1.06191869848,-1.21407366904
1.06081755884,-1.17765437289
1.06194752786,-1.20176517192
1.0586943903,-1.1925919868
1.05918515851,-1.21698360603
1.06034791236,-1.21161591473
1.06075933343,-1.19871520752
1.05739482523,-1.19624405145
1.05775387239,-1.19794919195
1.05802342168,-1.20908662261
1.05709679798,-1.21753125172
1.05664901231,-1.20692045913
1.05756565577,-1.20620907453
1.05645641053,-1.20096805707
1.05760445116,-1.20942353047
1.05822259591,-1.21160011339
1.05788249569,-1.20906931593
1.05645892489,-1.20043355416
1.05982930884,-1.18738420926
1.05823183654,-1.21442779974
1.05848082108,-1.17282388453
1.05962673317,-1.20998960157
1.05865200329,-1.20431810662
1.05822063672,-1.19112907834
1.06031283706,-1.20554920377
1.06148555381,-1.19745969641
1.05845786884,-1.21117476931
1.05818493826,-1.19380778516
1.05987025121,-1.19149027653
1.05923029794,-1.21286263196
1.06033536809,-1.2080461379
1.05763609336,-1.18046823875
1.05904540847,-1.2020215297
1.05978008094,-1.20304598784
1.06048858227,-1.19782676075
1.05778559966,-1.18899705479
1.05901153196,-1.2150757134
1.06004715837,-1.19510238761
1.0592752137,-1.19946301393
1.06005061883,-1.17858255684
1.06141475341,-1.21279649754
1.05975245466,-1.18802382263
1.06157538191,-1.19946105889
1.06283906848,-1.23314664934
1.062019394,-1.20237329797
1.05880217375,-4.6247571917
1.06243692256,-0.8482319697
1.06090559214,-1.00218891788
1.06228112331,-1.07576535224
1.06110626498,-1.17699553634
1.06014397146,-1.25174957257
1.06008915861,-1.27852241318
1.06634832699,-1.30711610769
1.06520300966,-1.16248370518
1.06041460024,-1.34072485334
1.06194213468,-0.778522774026
1.06320091131,-0.896662644978
1.06246532378,-1.01518705924
1.06230604298,-1.10671075583
1.05950286848,-1.12648910035
1.06146028097,-1.11204215808
1.06191898007,-1.12632202848
1.06238222502,-1.19884878822
1.05919192679,-1.15481101467
1.06190837438,-1.19165311222
1.06284599329,-1.18232591793
1.06347222382,-1.17858441563
1.06357540609,-1.16790685918
1.06320670038,-1.15289106877
1.06044646633,-1.15476098673
1.06379654661,-1.17855088217
1.06409505169,-1.16487939587
1.06250614955,-1.16453974033
1.06211135807,-1.14798442556
1.06360285083,-1.19546849692
1.06319673621,-1.18479042127
1.06593270432,-1.1857222416
1.06546092392,-1.17365513019
1.06311432722,-1.16272567761
1.06287232401,-1.18479166529
1.06664086319,-1.19229425442
1.06332692579,-1.18083087013
1.06511879153,-1.17176767982
1.06644962504,-1.18960483382
1.06543636301,-1.19074783448
1.06510642333,-1.18162883335
1.06669216541,-1.20025347679
1.06418313967,-1.17486236145
1.06571521878,-1.18079808081
1.06528151198,-1.16066645824
1.06567578581,-1.18621411654
1.06347218153,-1.17508833865
1.06637936955,-1.200124111
1.06615942949,-1.18467927263
1.06548903728,-1.17023022673
1.06485207582,-1.15773403439
1.0656985928,-1.18413772569
1.06444408402,-1.17099927009
1.06646906798,-1.1854546912
1.06505973728,-1.17724180781
1.06613269061,-1.18138506054
1.06588447205,-1.18534979478
1.06636693341,-1.17633872237
1.06512914463,-1.18304814774
1.0676725502,-1.20483037621
1.06720152462,-1.16692780877
1.06707803875,-1.16828624169
1.06752771197,-1.20074457394
1.06713996116,-1.17927216054
1.06624721959,-1.17097570285
1.06707836485,-1.20136994403
1.06723779423,-1.18866764831
1.06866480772,-1.20790249405
1.06766446205,-1.17893748985
1.06938110986,-1.21024831556
1.06653862552,-1.17767965634
1.06729617699,-1.19965656693
1.06985050925,-1.16191260276
1.06958563634,-1.1944374031
1.06684536749,-1.19799365045
1.06850378754,-1.19829686447
1.06755122027,-1.18444253512
1.0678670922,-1.18610086648
1.0673123199,-1.17756277091
1.06890418089,-1.18959412162
1.06581494315,-1.18407950075
1.06738094131,-1.21671266547
1.06784512891,-1.19445314113
1.06734089461,-1.15743165019
1.06704070281,-1.17096654227
1.06987909677,-1.17981282354
1.06749902594,-1.17850876442
1.06782504045,-1.175816931
1.06841044217,-1.17535451256
1.06744872548,-1.17952429654
1.06892084325,-1.16389201579
1.0701497152,-1.18650416553
1.06764426459,-1.16825885733
1.06857623084,-1.20927563902
1.06942557848,-1.16909995882
1.07054575835,-1.19399814739
1.07035135437,-1.17882858213
1.07240181635,-1.21147123412
1.06879171562,-1.18644399352
1.06916394769,-1.15980984004
1.07103050415,-1.17094029858
1.07180691934,-1.17175504433
1.06901712515,-1.1859894072
1.07061743728,-1.16353523263
1.071395701,-1.17011832058
1.06986890541,-1.17666733741
1.07256237964,-1.18977345044
1.07110516126,-1.18896122247
1.06789326245,-1.17252896623
1.07186372333,-1.19835360571
1.07153444817,-1.19923641508
1.07079504285,-1.19018210766
1.07004826221,-1.19768303802
1.07091485811,-1.18557379601
1.0697170827,-1.18787032659
1.07247380024,-1.18943433344
1.07192280406,-1.18437529505
1.07002507313,-1.18840269861
1.07246048091,-1.18541096699
1.07379904449,-1.19839176847
1.07054008517,-1.16791345038
1.07012267975,-1.18832141537
1.07213680392,-1.17688928752
1.07199549094,-1.20317757305
1.07347405966,-1.192395676
1.07316540799,-1.21567147896
1.07101786114,-1.18403243038
1.07484621814,-1.19313561418
1.07482817119,-1.20463490944
1.07418994688,-1.18069757874
1.07191583778,-1.19186023519
1.07574222812,-1.17666455675
1.07512962067,-1.18865585718
1.07471331017,-1.20916607233
1.07393619346,-1.17980848121
1.07424096306,-1.18897940093
1.07320178487,-1.16553271067
1.07750058657,-1.19168445423
1.07642131815,-1.18892062495
1.0728567815,-1.18949078156
1.07395874726,-1.18344404892
1.07688391218,-1.20861775758
1.07405409275,-1.17901717623
1.07661401087,-1.18556803713
1.07470952499,-1.18110374278
1.07511376617,-1.19409965721
1.07494599877,-1.19313970115
1.07816858598,-1.19562750343
1.07479331307,-1.17442283975
1.07486739969,-1.18794996733
1.07616896663,-1.18713876155
1.07618598134,-1.1665250161
1.07693666061,-1.19000952354
1.07655378081,-1.19956580348
1.07525011328,-1.17718391721
1.07694801159,-1.18994487319
1.0786212365,-1.18664460749
1.07760095073,-1.21341090269
1.0762840472,-1.20882174425
1.07930720343,-1.20763262872
1.07732361306,-1.18127054474
1.0789614178,-1.18091357858
1.10535092264,6.72522072276
1.07835429759,-1.79054189334
1.07675802604,-0.63526949005
1.08112635774,-0.648127263001
1.0788528117,-0.85018166487
1.07878702023,-1.04220888722
1.08114057719,-1.1852567099
1.07962075136,-1.29482184723
1.07828469538,-10.4043500325
1.07971996929,-1.75863415053
1.07983182578,-1.60451192334
1.07949174248,-1.50526472182
1.0802559428,-1.41950092957
1.08257557065,-1.33726261152
1.07957590397,-1.24854819591
1.07934333651,-1.21939988577
1.08051428044,-1.19608932821
1.08127580012,-1.37143379405
1.08042210132,-1.11828726552
1.08009831633,-1.19633274881
1.07936006429,-1.17785865421
1.08359227004,-1.19684140253
1.08227494577,-1.17545467463
1.08062571955,-1.22053438149
1.08029768503,-1.18387514855
1.08367224572,-1.20515877379
1.08243402124,-1.19232287235
1.0826479124,-1.17775332665
1.0821916361,-1.20760602697
1.08124441922,-1.21131935874
1.08257986287,-1.19741666565
1.0851236367,-1.20149148188
1.08198995065,-1.20825591293
1.08287307413,-1.21250758522
1.08334260178,-1.19048951477
1.08331430353,-1.18113393359
1.08471736358,-1.2095342509
1.08436883211,-1.20693992113
1.08249846764,-1.17631906294
1.08280418842,-1.21524900677
1.08509891635,-1.21870750618
1.08540638948,-1.21724179306
1.08256829973,-1.1924297479
1.08234992723,-1.20275960296
1.08315687648,-1.18918814505
1.08447092243,-1.20226268139
1.08489714236,-1.19818470968
1.084232617,-1.20423085231
1.08275462197,-1.21002845659
1.08525011185,-1.21824352808
1.08566557416,-1.21467831739
1.08297330247,-1.21037764332
1.08407776951,-1.18990604874
1.0860349096,-1.21419688704
1.08362367697,-1.21289612188
1.0858732499,-1.1959165333
1.08406401659,-1.21542393541
1.08489190583,-1.1960121246
1.08581194513,-1.21677966068
1.08764347668,-1.2331264016
1.08528461411,-1.21447891199
1.08619827732,-1.19594748106
1.08614723463,-1.20514740255
1.08751954023,-1.20837956324
1.08730787799,-1.22525890438
1.08811565217,-1.22319085979
1.08432606058,-1.19942281724
1.08487383601,-1.20152366396
1.08705138144,-1.22399735508
1.08743852891,-1.21597950355
1.08709490982,-1.20676645779
1.08794809115,-1.20346707879
1.08640837204,-1.23557315391
1.08587504511,-1.20273382416
1.08725907962,-1.18852964482
1.0878227042,-1.22633470794
1.08545851192,-1.20605196862
1.09119766157,-1.23986175617
1.08822004831,-1.23227363258
1.08666615679,-1.18913861311
1.08583860332,-1.22011334105
1.08910325976,-1.21657215542
1.08696867223,-1.22641115473
1.08886108163,-1.21673438191
1.08769361931,-1.2104247855
1.08768686528,-1.22557884671
1.08771093773,-1.22212906556
1.09057048601,-1.22765066197
1.08583062424,-1.22672504749
1.08777367158,-1.23457765007
1.08983349945,-1.23205501173
1.08889273729,-1.23073728271
1.08917741147,-1.22682112813
1.08982622164,-1.21000482846
1.08760753107,-1.22846203229
1.08937551506,-1.2200071878
1.10732426029,-1.60863098274
1.10336356874,-1.42972579313
1.1016652424,-1.39674251675
1.10380648783,-1.37300864486
1.10113122477,-1.32118113102
1.10402173603,-1.3201374282
1.10346920108,-1.33769759265
1.10288745463,-1.3680562457
1.10135559022,-1.31841171371
1.10614067881,-1.20324608806
1.10632283899,-1.25422317769
1.10472895522,-1.2550553526
1.10412170845,-1.19939224404
1.10443244108,-1.22044747325
1.10293299907,-1.18451226049
1.1065963918,-1.21868842346
1.10504869282,-1.21719443884
1.10561017108,-1.20193524337
1.10470468929,-1.19729854399
1.10643944534,-1.1870081931
1.10294269424,-1.20927276303
1.10643715637,-1.20557379692
1.10702314748,-1.1935887348
1.10446294587,-1.1839720645
1.10656765162,-1.17980816207
1.10748217796,-1.17159780077
1.10409863788,-1.19183183756
1.10727878816,-1.18810682997
1.10703993115,-1.18056142128
1.10659783472,-1.16602505342
1.10514508278,-1.17987443096
1.10816044462,-1.19896817217
1.1066449401,-1.16914345399
1.10824594394,-1.15293845498
1.10736712843,-1.16289957107
1.1053668234,-1.17517322405
1.10478739606,-1.17843567508
1.10873534818,-1.15813043774
1.11001669185,-1.17985535646
1.1066733316,-1.16388981771
1.10713373933,-1.1719787231
1.10742343122,-1.16080442569
1.10695008922,-1.14645050937
1.10899234502,-1.18112133401
1.10684453077,-1.18493718713
1.1072229091,-1.16142530888
1.10799296063,-1.16763247964
1.10828537993,-1.14719772452
1.10652563494,-1.15113036306
1.1077861905,-1.17037332114
1.10750668952,-1.14898080079
1.10764677989,-1.17889855708
1.10957612337,-1.1482914522
1.1083472821,-1.1414181534
1.10536819534,-1.16525164602
1.10659419089,-1.12826308201
1.11025618926,-1.1579081267
1.1090958163,-1.16243727396
1.10716693419,-1.15130234485
1.10960560126,-1.14909228928
1.10863999126,-1.14838742723
1.10991568866,-1.16561383156
1.109768156,-1.13189717325
1.10946679023,-1.15223529577
1.10859409805,-1.15844251279
1.11282218216,-1.14922175603
1.10988574208,-1.13768663832
1.10857286063,-1.13695708783
1.10856408059,-1.12611088004
1.11020691203,-1.1279012213
1.10910179353,-1.12264615382
1.11161222802,-1.16106443716
1.10819254174,-1.14922516635
1.10869409369,-1.14402390111
1.11067789626,-1.13476263387
1.11139979978,-1.13221348417
1.10928904629,-1.14190494763
1.11069601403,-1.13118640203
1.11145508853,-1.12557794697
1.11049251181,-1.15053017971
1.11188760975,-1.13639103377
1.11171996224,-1.12599409087
1.1094219834,-1.1283423113
1.11341494438,-1.14479721551
1.11115394652,-1.10720415352
1.11135607244,-1.11842225637
1.10977216543,-1.12052753943
1.11323620553,-1.13182970906
1.1113471684,-1.14089216411
1.1131266236,-1.12712204702
1.11292179786,-1.12326256434
1.11300399071,-1.1252879138
1.11258043071,-1.12803400178
1.11572766477,-1.13849427523
1.11367766621,-1.12173805152
1.11442275905,-1.13914883755
1.11274617716,-1.11024585975
1.11477183324,-1.09822269982
1.11489032633,-1.13173874558
1.11665259026,-1.13369268312
1.11353207899,-1.09956794802
1.11566755628,-1.12362966532
1.11790350839,-1.10098896459
1.11728329701,-1.11790355817
1.11484791592,-1.12899167929
1.11804513429,-1.12828231401
1.11769270285,-1.12949592823
1.11668547322,-1.12061297626
1.11683014105,-1.1142320443
1.1179294524,-1.11374977277
1.11500429223,-1.12933642855
1.11919750856,-1.11661655471
1.11810867117,-1.11494092491
1.11730986114,-1.11155466364
1.11718679838,-1.10622567341
1.11859451263,-1.12747515336
1.11675568896,-1.11421505865
1.11986167224,-1.12732374014
1.11999749289,-1.11429762583
1.1170020694,-1.1208325227
1.11877211869,-1.11598912425
1.12136826622,-1.11625019401
1.118967643,-1.1148200514
1.12065927731,-1.11574668861
1.11813559887,-1.1074166211
1.12036254314,-1.13511812262
1.12185020696,-1.11116548518
1.12220696765,-1.11597691923
1.12018921495,-1.11156631403
1.12076983264,-1.12323858177
1.12229812702,-1.12686745909
1.12046339362,-1.10882505483
1.1207536125,-1.12654052825
1.12285634631,-1.13208226157
1.122781546,-1.11838708871
1.12300307361,-1.11433073304
1.12437492237,-1.11589162999
1.12232092739,-1.122678524
1.12072914969,-1.10952109254
1.12378383277,-1.09862298682
1.12457236997,-1.12983950083
1.12448381147,-1.11561993043
1.12211233956,-6.53367429729
1.12287951215,-0.699356632118
1.12086042341,-0.794224229879
1.12508957825,-0.982712928604
1.12366068147,-1.09619239029
1.1216759889,-1.20934608858
1.12460639972,-1.28389306744
1.12457563353,-1.276358001
1.12371709938,0.279455951209
1.12163374448,-1.07916421404
1.12468641771,-0.633498280977
1.1249346814,-0.784315901938
1.12549513067,-0.92678680514
1.12525952776,-1.03535987295
1.12255033296,-1.03043792461
1.12475381032,-1.05950039309
1.12640573691,-1.07719676254
1.12640470762,-1.1450822696
1.12354885054,-1.06824115206
1.12649422753,-1.12481703765
1.12385808401,-1.07936051648
1.12620450686,-1.08553405785
1.12647170426,-1.0738961796
1.12491004638,-1.10119882983
1.12267018149,-1.05075592542
1.12686829583,-1.06822981806
1.12470767839,-1.09443785767
1.12510103964,-1.09895041145
1.12559986826,-1.08366022568
1.12624625434,-1.10295903117
1.12365800612,-1.12250889914
1.12676358784,-1.11236264549
1.1253543455,-1.09367856647
1.12535472234,-1.1319667564
1.1271370974,-1.10939641487
1.12683550144,-1.09627946328
1.1246500546,-1.0968471442
1.12462435471,-1.0975237588
1.12520599334,-1.11725017204
1.12490703959,-1.07863903177
1.12676528291,-1.11677068097
1.12576766584,-1.11236434298
1.12438904753,-1.104254699
1.12558060895,-1.1006843488
1.12675199934,-1.09812927189
1.12656349918,-1.1129250666
1.12618694414,-1.10047584623
1.12639173691,-1.09651589988
1.12598749813,-1.08377393463
1.12770954627,-1.09043746822
1.12758163424,-1.07914507525
1.12716302499,-1.12378580767
1.12692279535,-1.07996025321
1.13122491716,-1.09534810528
1.12705741156,-1.07987021054
1.12989878793,-1.08122109007
1.13120545364,-1.06073677416
1.13119443193,-1.08284313503
1.13046517276,-1.0836744748
1.13347025094,-1.10164454366
1.1312720423,-1.08479267595
1.13006824514,-1.10363729207
1.13113106367,-1.09127512606
1.13162533617,-1.0782923314
1.13016414742,-1.08000430327
1.13015114889,-1.10382103685
1.1288367681,-1.08326201124
1.13023658763,-1.09789172605
1.12995168198,-1.08112777374
1.13130048719,-1.08411389163
1.12894717934,-1.09224814297
1.13204200379,-1.09634371556
1.13054852651,-1.07434627641
1.12997750896,-1.09468529348
1.13105100215,-1.09875998704
1.1337687895,-1.11125563956
1.1325028524,-1.0826189739
1.13479104944,-1.11488165154
1.13127977716,-1.08251526367
1.13304287758,-1.07366015296
1.12974858601,-1.08062694181
1.13455250084,-1.09997786666
1.13229058315,-1.05963586698
1.1323186924,-1.117437446
1.13231950441,-1.08134941822
1.13093325145,-1.10423226871
1.13143749536,-1.07637378649
1.13301844629,-1.08777358342
1.12744951915,-1.04697014383
1.1278873677,-1.11237728538
1.12935259688,-1.08992766865
1.13121083325,-1.09516870079
1.12802372034,-1.06927363851
1.12749491389,-1.0931641035
1.12558403223,-1.09455458187
1.1272836527,-1.07633106355
1.1278222016,-1.08244855836
1.12981284592,-1.08566071825
1.12558765801,-1.06395506314
1.12855333809,-1.10103665764
1.12880292726,-1.05603411584
1.12761376738,-1.09202615308
1.12645227504,-1.08662464222
1.12683142822,-1.04740468173
1.12590238076,-1.04798032077
1.12808077192,-1.09834508211
1.128099169,-1.06059243088
1.12548177618,-1.0867665764
1.12629939846,-1.06800739139
1.12950540822,-1.0844259388
1.12808454531,-1.08280853091
1.1291526764,-1.08505029149
1.12805063601,-1.08298179173
1.12720532545,-1.05824808376
1.12792652117,-1.09401009701
1.13145670828,-1.07149987786
1.12590427016,-1.06998952352
1.12668541484,-1.07498582203
1.13043136256,-1.07151915616
1.13018634429,-1.08947315267
1.12835238128,-1.06086690375
1.12787725842,-1.10072738384
1.12815047627,-1.09771704732
1.12804494831,-1.08653018341
1.13064225224,-1.10250418724
1.12938667868,-1.11166835346
1.12617696226,-1.08779993009
1.13006667424,-1.07554793617
1.12835809194,-1.0594724202
1.12834967179,-1.0892962616
1.12683949708,-1.09027840419
1.12775600833,-1.07063015038
1.12831580188,-1.04875359976
1.12957661495,-1.08673751202
1.1282165271,-1.0777782443
1.12655454875,-1.06980598219
1.12963111405,-1.0882513922
1.13004610116,-1.08203301612
1.12756864872,-1.07973050641
1.12848176424,-1.09508839283
1.12820976418,-1.08045849128
1.12926121421,-1.08319037583
1.12886275907,-1.06379768702
1.13108866449,-1.08153913793
1.1272551184,-1.07583842692
1.12726490205,-1.06199234963
1.12994678179,-1.07174200734
1.13012684693,-1.06587661744
1.12864029245,-1.05674945675
1.12846320443,-1.09973333713
1.12745221207,-1.05870006505
1.1286004252,-1.06687179465
1.13092755076,-1.05211777097
1.12844277931,-1.07676111306
1.12705225348,-1.08404850636
1.13060120576,-1.09410918126
1.12911711668,-1.08642713027
1.12919348138,-1.10249809119
1.12738996033,-1.08086151321
1.1296019977,-1.08376714575
1.12701306514,-1.08233475872
1.13044716377,-1.11420885134
1.15569998941,7.30492770669
1.12973928936,-2.41243209312
1.12886133104,-0.929515470142
1.13075486837,-0.69963593438
1.12809853983,-0.772669451445
1.12881203287,-0.912698030449
1.13081960637,-1.04681233735
1.12933589205,-1.1265773925
1.13187780444,-12.8617018793
1.13295212314,-1.50395592738
1.1290644874,-1.56967200364
1.1308948176,-1.37385437748
1.13005536016,-1.23656160902
1.13222538569,-1.11948562734
1.12897894429,-1.06076582425
1.13020314185,-1.04622742689
1.12758521508,-1.00974696906
1.12991651479,-0.95679216985
1.13069679276,-0.994299506221
1.12915068703,-1.05866142647
1.12792693539,-1.03115104522
1.13121411666,-1.06142998436
1.12973322916,-1.04952474643
1.13007372152,-1.05993763255
1.13023259511,-1.06683687505
1.12959618879,-1.01240179619
1.12928735378,-1.04542998764
1.13302086683,-1.04401846789
1.12821310772,-1.03028749867
1.12693426052,-1.05201762519
1.12836880601,-1.0522813646
1.12766272209,-1.03999150039
1.12784403846,-1.0586884471
1.12807965887,-1.06893141459
1.12667944229,-1.07260970336
1.12597675853,-1.06655425636
1.12661390407,-1.0547854599
1.12653064998,-1.06605259342
1.12404338546,-1.03990156112
1.12437243828,-1.06467706324
1.12586804523,-1.05291686024
1.12484066741,-1.05448568939
1.12628996559,-1.06756399403
1.12651490531,-1.06961284752
1.1259370941,-1.07210518673
1.12784485338,-1.06374604622
1.12891488881,-1.04491998278
1.12575303135,-1.09280347758
1.12504043737,-1.06841468487
1.12873798356,-1.08547797867
1.12690876964,-1.06016976711
1.12422528538,-1.06393826643
1.12678880168,-1.05953035428
1.12529338541,-1.05227618263
1.12553404763,-1.08116491286
1.1294214021,-1.0869761111
1.12552300712,-1.07592333817
1.12326134139,-1.07175026394
1.12496458051,-1.04915598482
1.12647113771,-1.07496057935
1.12383188349,-1.06553626914
1.12499493546,-1.04837054508
1.12351956903,-1.05592154486
1.12382705359,-1.0644336998
1.1239854872,-1.10306001438
1.12279476481,-1.07242209472
1.12086646873,-1.07531902936
1.1238032386,-1.06048793819
1.12323450204,-1.05539853362
1.12123167062,-1.06187461099
1.12220238432,-1.05117867075
1.12253571518,-1.07191980572
1.12139647749,-1.06531907149
1.12413527872,-1.05976320118
1.12502764308,-1.05642262737
1.12356760104,-1.06488503194
1.12357988363,-1.08316559923
1.12668718228,-1.09120109251
1.12286005707,-1.0876574685
1.12368384199,-1.0951592968
1.12412125499,-1.06551593315
1.1220100657,-1.06797612761
1.12111107174,-1.07256820562
1.12345715488,-1.07761911168
1.11988034594,-1.10036999025
1.12161444857,-1.06823653183
1.12241316111,-1.0736505715
1.12198042306,-1.07820663185
1.12069372578,-1.08016836612
1.12379567376,-1.07767013454
1.12038769098,-1.0731510459
1.12022053069,-1.0363242029
1.121790644,-1.06467700107
1.12230110562,-1.04864213488
1.12012753071,-1.08290109343
1.12453937055,-1.09071990209
1.11375255052,-1.74150661872
1.11071208412,-1.58348849428
1.11015569429,-1.53808005658
1.11168781242,-1.46216732673
1.10938232872,-1.47071686236
1.11233023278,-1.48255141716
1.11140240767,-1.48132116361
1.10897727986,-1.51770420073
1.10962909942,-1.50557919858
1.11094249023,-1.5134729705
1.10966338956,-1.50960465259
1.11142530704,-1.54662937346
1.11003929443,-1.54242775688
1.11137910591,-1.56028950184
1.11137366425,-1.59082268063
1.1113763592,-1.5964223621
1.10825709736,-1.58720483264
1.10952657688,-1.60887152777
1.11138182597,-1.60081881226
1.11196555558,-1.58268386551
1.10936706018,-1.59900145774
1.1105125591,-1.63312487535
1.10942035479,-1.58942967198
1.10842770784,-1.61929970409
1.11100341492,-1.62923287991
1.11064969124,-1.63518952563
1.10786747169,-1.63553519243
1.10990530122,-1.63851206615
1.11057617296,-1.63603267733
1.11081080163,-1.6158660392
1.10853944885,-1.65262678962
1.10937147165,-1.64439290526
1.10892265613,-1.67471232194
1.11235699269,-1.63501283996
1.11268313378,-1.67704252102
1.10977732882,-1.64076996245
1.1103325876,-1.66093116725
1.11373960643,-1.6666818133
1.11256565427,-1.67310274823
1.11431362519,-1.66997066885
1.11412621547,-1.6623054212
1.11279944422,-1.67300303497
1.11517866731,-1.69727323994
1.11739043632,-1.68885368488
1.11364889368,-1.68048756706
1.11607964472,-1.67793670266
1.11710446157,-1.69966958508
1.11822292814,-1.70120179584
1.11760569869,-1.70252340301
1.11835399086,-1.67711379705
1.11627254336,-1.71818468143
1.11733928905,-1.68419340854
1.12033342695,-1.73024250589
1.11925325065,-1.71514850684
1.1174758451,-1.71430712938
1.12100220459,-1.71655364746
1.11966020234,-1.73637347204
1.11939203747,-1.75740521028
1.11861098848,-1.7422958356
1.11723282806,-1.70495770208
1.11722392104,-1.71415752729
1.12172779289,-1.74142228256
1.11841881137,-1.74455396512
1.11725806621,-1.71852477626
1.11721604428,-1.74083004636
1.12046233507,-1.71111603279
1.11816666253,-1.73398699754
1.11827699069,-1.72843510391
1.11750895112,-1.7436585846
1.1186757392,-1.73690190314
1.1186770612,-1.73961826625
1.12136027809,-1.75303096795
1.1156729097,-1.72771498267
1.11820934568,-1.74436100074
1.11977583178,-1.75633504076
1.12043081915,-1.75625385767
1.11828504886,-1.73292159561
1.11985360293,-1.73132887108
1.11855152991,-1.74430321674
1.12015969667,-1.74520779893
1.11930656232,-1.76128331033
1.1186591893,-1.7400149675
1.11764070712,-1.77635156934
1.12108957269,-1.74601299838
1.11971171188,-1.77321330979
1.12017791835,-1.77849291922
1.11899935513,-1.75833666742
1.11843285217,-1.7553812146
1.11812206294,-1.76250221229
1.12176955823,-1.75882449594
1.11871998701,-1.77056910414
1.11903332519,-1.7815201873
1.11693320148,-1.75574262692
1.11985915649,-1.76702708262
1.11777041665,-1.79036250664
1.1185520156,-1.76300328067
1.11757644841,-1.77030254163
1.11920805502,-1.76288608194
1.11792417177,-1.76983805416
1.11909899267,-1.77856641993
1.11608051677,-1.77727456668
1.1182674966,-1.7745382825
1.11896038932,-1.79225339771
1.11648500457,-1.77079721558
1.11677095176,-1.78228216271
1.11843851733,-1.77158081937
1.1154983167,-1.77609199633
1.11715400682,-1.74811521477
1.11646967875,-1.77620813345
1.11518595878,-1.77040987576
1.11376716879,-1.76930603243
1.11594126475,-1.78300863052
1.11380533972,-1.76508376417
1.11488612294,-1.76908646641
1.11412106562,-1.78546420444
1.11224413839,-1.76739002878
1.11154573826,-1.77496043891
1.11465644085,-1.76953567618
1.11174665152,-1.76815483124
1.11031748336,-1.7639036888
1.11141114601,-1.79994200375
1.11370121795,-1.77208906384
1.1112879274,-1.78218930532
1.11235767351,-1.75844885141
1.10858343506,-1.76337699133
1.10995403176,-1.76896146242
1.11186850815,-1.79174170478
1.11102381767,-1.77494583737
1.10755948481,-1.78721289429
1.11187885252,-1.77103669587
1.11196137351,-1.77496521739
1.11085450008,-1.78070727876
1.11065588373,-1.78023726863
1.10988175431,-1.77504234897
1.10632328144,-1.75638919842
1.10957632463,-1.76835298562
1.11025997146,-1.77173006415
1.10981341282,-1.76462593641
1.10780569323,-1.78601010352
1.1085628824,-1.76293627689
1.10824878844,-1.78910422193
1.10947733819,-1.76236378727
1.10956126484,-8.72518993754
1.1088513602,-1.99482923271
1.10959018336,-1.71639730891
1.11324282931,-1.680571171
1.10743986836,-1.75691960497
1.10668162049,-1.80584265803
1.10931718547,-1.84987945193
1.11054074896,-1.88762915692
1.11088388853,0.384875484823
1.11041673674,-1.51014406915
1.10673416582,-1.27169356617
1.10748922678,-1.44449724682
1.11135453543,-1.59965792705
1.11059946362,-1.69126597878
1.10538647989,-1.70876532997
1.10952571286,-1.76410421695
1.10836899948,-1.76346104461
1.10825654543,-1.79024469555
1.10812952992,-1.7505116468
1.10791243641,-1.77726714538
1.10633135085,-1.78303710214
1.10748099696,-1.78130530477
1.10719273686,-1.766413371
1.10580613683,-1.75519780149
1.1067527936,-1.77880835334
1.10925106289,-1.76372557636
1.10634919313,-1.78232508838
1.10757819896,-1.76649482412
1.10552492905,-1.76213107897
1.10624152402,-1.77231586081
1.10722181167,-1.78343005742
1.11140188034,-1.79525044472
1.10788763964,-1.79676300643
1.10551798797,-1.76654010177
1.10840601859,-1.78316954838
1.10827975862,-1.74997670567
1.10677416806,-1.7702172724
1.10929146338,-1.77253572664
1.1060875516,-1.77713497773
1.10865901104,-1.78065611537
1.10953268991,-1.79725695607
1.10659716107,-1.78416921292
1.10496471985,-1.77673979601
1.11053593168,-1.78024776505
1.10974929424,-1.81315219001
1.10853100039,-1.7804629243
1.10795774677,-1.79750559581
1.10974910835,-1.8015639034
1.10668544152,-1.78241162874
1.10932782149,-1.8042293856
1.10800599929,-1.79491771326
1.10748507101,-1.79705407243
1.10778390347,-1.80028875836
1.10765840742,-1.79016351119
1.10634931668,-1.78228394777
1.10819023215,-1.78320729374
1.10758716009,-1.78015155764
1.10654839493,-1.79894372942
1.10748690773,-1.78478435121
1.11144305464,-1.80022105219
1.10780847989,-1.79248448114
1.1079606149,-1.77447720877
1.10798059114,-1.79258776035
1.10863025439,-1.81684015225
1.10884806181,-1.80752714001
1.10960056923,-1.80833473182
1.10788688218,-1.81441822606
1.10936110345,-1.80357025488
1.11040708277,-1.82251629864
1.10817387402,-1.802024077
1.10791097178,-1.79020506543
1.11144255574,-1.82248880977
1.1115575259,-1.81509351195
1.10968196891,-1.80762645132
1.10938876918,-1.81116642634
1.10832090518,-1.80010810188
1.1067809678,-1.80499815545
1.10988305414,-1.78586630069
1.10939111919,-1.79915455116
1.10786834002,-1.82379304838
1.10619350728,-1.82052264884
1.10837004961,-1.82507765046
1.10796232103,-1.83217904606
1.10855388556,-1.81889540782
1.10878139071,-1.83132606897
1.10744633926,-1.82807688929
1.10860325094,-1.80023470647
1.11037577274,-1.83971982202
1.10807237802,-1.82227429557
1.10678882866,-1.78899907704
1.10880663544,-1.81282601974
1.10959815609,-1.80995221019
1.10905643909,-1.82526365904
1.10919439315,-1.80881425492
1.10715258354,-1.83586601271
1.11021647426,-1.80943621786
1.10949845008,-1.80834546291
1.10927471661,-1.81567284217
1.10615177506,-1.79214141264
1.11033701527,-1.81178776448
1.10908582996,-1.80815800242
1.11013414973,-1.82383869449
1.10835925857,-1.80740673379
1.10796624083,-1.79584118877
1.10755982355,-1.79451100271
1.11223568364,-1.81498314222
1.1086576343,-1.83962217313
1.10754442217,-1.78859935882
1.11041524371,-1.80529799882
1.11143856621,-1.80160940037
1.10846936908,-1.82401534856
1.11005905695,-1.83072233948
1.1075180219,-1.80046199189
1.109297296,-1.81358487894
1.1113166606,-1.80801429613
1.1104710605,-1.81934661779
1.10883605508,-1.83480753469
1.11004934827,-1.83664946532
1.11010787178,-1.81061287158
1.11014042007,-1.80463039562
1.10921305146,-1.81725639427
1.11065925869,-1.83029833401
1.10778028152,-1.80290678475
1.11072040015,-1.81052539126
1.11132341839,-1.8296125305
1.10962847327,-1.81969068716
1.10879589115,-1.80853929282
1.11149199903,-1.8292266199
1.10982877791,-1.81414189595
1.11195654768,-1.83368787526
1.1105963665,-1.80346719937
1.10970183109,-1.82127181077
1.10900632776,-1.81228097075
1.11126604753,-1.82996047683
1.1080629262,-1.79190592784
1.10844900929,-1.82835842832
1.11047053571,-1.82843197255
1.11060850699,-1.82431447203
1.10873353253,-1.81243671361
1.11071652748,-1.84158367594
1.10789203097,-1.84160235344
1.10848699986,-1.80857223638
1.10891281179,-1.83538421058
1.10956058649,-1.80383418227
1.10650473026,-1.81488171072
1.10688754324,-1.82235709911
1.10774102651,-1.82987310972
1.10670390438,-1.83322255614
1.10744689693,-1.82958773089
1.10793554004,-1.844070967
1.10684630683,-1.82524138197
1.10965017061,-1.8390694074
1.10801805644,-1.83592915435
1.10626436717,-1.83306462555
1.10719620408,-1.80570969422
1.11142748991,-1.83271735006
1.10859004304,-1.83368084839
1.11075538919,-1.84044109247
1.10791945669,-1.8139168135
1.10921093131,-1.81987680847
1.10781060634,-1.8036370387
1.1108084118,-1.83769659446
1.13356018806,6.37056512026
1.10807133124,-2.94764076847
1.10929183075,-1.61636828387
1.10863338504,-1.28147517094
1.10808518553,-1.43275370826
1.11066418339,-1.62887407098
1.10656839631,-1.7564719593
1.10673381071,-1.81157680734
1.10974391116,-14.7194891432
1.10959614026,-1.6868346749
1.10294296652,-1.91689124401
1.10685902275,-2.06204788069
1.10707709494,-2.01482407165
1.10742768962,-1.93619799931
1.10585599423,-1.82861920062
1.10474688869,-1.78543563695
1.10420325349,-1.82329832458
1.10791575433,-1.97036347352
1.1083206197,-1.79064372771
1.10416371952,-1.8100007463
1.10609057811,-1.79805036489
1.10793215556,-1.80411455393
1.10563763568,-1.82669948972
1.1077910565,-1.80979899675
1.10528423679,-1.81239652799
1.10585876073,-1.81686992292
1.10551778706,-1.80465689392
1.10780070405,-1.79586684262
1.10535168292,-1.82118132253
1.1072021653,-1.81243521482
1.10517184346,-1.80688223821
1.10590571875,-1.83208466166
1.10525392525,-1.8147014236
1.10590520569,-1.79768826708
1.1045621172,-1.81239590887
1.10566412537,-1.81153180674
1.10583273644,-1.80566207807
1.10452070705,-1.82687187725
1.10124036994,-1.83910723949
1.10562422775,-1.82190485203
1.10512316178,-1.83007160758
1.10484889462,-1.83583958902
1.10519359234,-1.85406278086
1.10335871997,-1.83856854255
1.10280151806,-1.82883349671
1.10517522419,-1.82662628586
1.10534947233,-1.84257791168
1.10444541687,-1.81787241322
1.10323828931,-1.8473035687
1.10649344676,-1.83438755914
1.10534735228,-1.84626761916
1.1069349763,-1.82115074177
1.10551759349,-1.83865195356
1.10581443867,-1.79888167924
1.10796935827,-1.83499463154
1.10952897997,-1.82065816889
1.10664834325,-1.83227977042
1.108086278,-1.8415193105
1.11063512414,-1.82603060385
1.10972068716,-1.83337488809
1.10939081581,-1.82996234251
1.11019508777,-1.85137480745
1.10769478419,-1.8435521801
1.10938192767,-1.83037347274
1.11045166439,-1.81720872404
1.11028442749,-1.84669104198
1.10783051777,-1.82616761957
1.11123294567,-1.8347823814
1.11013250182,-1.84068397259
1.11124745157,-1.8256544743
1.11255561552,-1.84915918362
1.1104357111,-1.85871852421
1.10890309088,-1.83687301346
1.11315477791,-1.82384673239
1.11062582148,-1.81926837018
1.1087975445,-1.82454366475
1.11040961761,-1.82070815592
1.11198315134,-1.83727702429
1.10926931395,-1.83162240801
1.1100764759,-1.84628377203
1.109039049,-1.83930348858
1.10874876718,-1.82833310848
1.11112349648,-1.85268534839
1.11230604269,-1.84449579506
1.10983446413,-1.8443631621
1.11121939832,-1.85255451399
1.1114205926,-1.83922913455
1.10787277531,-1.81867017436
1.10991414721,-1.8481755435
1.1114822542,-1.84142656445
1.10696593735,-1.82787071805
1.10924177824,-1.82014472393
1.10888475313,-1.83214462683
1.11049493143,-1.86357440225
1.10853206158,-1.83259227878
1.10973819019,-1.8214504345
1.1319968974,-1.90071914326
1.12637669763,-1.70270692467
1.12762717063,-1.59906951722
1.12646919592,-1.65757427
1.12727917672,-1.65770336171
1.12930149714,-1.67678694955
1.12636176046,-1.69280927592
1.12516570816,-1.71984794315
1.12793078795,-1.75447428612
1.13019271062,-1.79960408407
1.12729238228,-1.8141133926
1.12927275002,-1.82068856332
1.12602758666,-1.81935457129
1.12684754789,-1.80256742381
1.12806427704,-1.86694410666
1.12665319245,-1.84718331685
1.12522913405,-1.87402236474
1.12492652344,-1.8808671698
1.12469728482,-1.8672119751
1.12511239359,-1.87318048001
1.12661262142,-1.88701188845
1.12638160936,-1.8824157432
1.12120472023,-1.8894292705
1.12488076133,-1.90631357731
1.12584003532,-1.90692894996
1.12527269907,-1.89347994228
1.12372490535,-1.92468090435
1.12366117782,-1.89432834373
1.12259903014,-1.90595591098
1.12560507335,-1.91075399975
1.12489319337,-1.92483212339
1.12232517447,-1.9370411529
1.12263883463,-1.91652091225
1.12638526576,-1.9272477762
1.12436812172,-1.94740935716
1.12308481757,-1.93039773555
1.1237482381,-1.91554488343
1.12526530683,-1.93446729779
1.1235625671,-1.94763752917
1.12631875479,-1.92711312492
1.12239160954,-1.96216199716
1.12545112541,-1.97383702298
1.1253653911,-1.95877957393
1.12629305134,-1.96877251957
1.12276896045,-1.96864004818
1.12616263055,-1.97731036054
1.12522275632,-1.96187384963
1.12555122261,-1.97667176363
1.12399264547,-1.96536557736
1.12439957155,-1.95974734036
1.12090542446,-1.96562958876
1.12596753266,-1.96427869315
1.12413505589,-1.98747987769
1.12214936015,-1.97746036581
1.12302640555,-1.98020703971
1.12533244477,-2.01127743552
1.12237047519,-1.99424101575
1.12629042019,-1.99350248945
1.12442761445,-2.01424421219
1.1230394218,-1.99395015769
1.12490222442,-1.97079736994
1.12641877298,-1.99883216209
1.12383205354,-1.99227944482
1.12364215817,-1.98738370784
1.12593890837,-2.01698242192
1.12504174934,-1.98928567253
1.12372672248,-2.01632908145
1.12576065667,-1.9895745307
1.12247487078,-2.010434019
1.12248579146,-1.99797838672
1.12538682692,-2.01254890795
1.12407515041,-1.99932281304
1.11992139378,-2.01832285079
1.12401234238,-2.00055079464
1.12340725116,-2.02753250346
1.1236939343,-2.01014396793
1.12193774286,-2.01836108771
1.12270802022,-2.02071152553
1.1184583597,-2.0268467627
1.12219671659,-2.01959229698
1.12302732377,-2.02104327296
1.12334851017,-2.03409964279
1.12353720262,-2.00372114611
1.12307589765,-1.99872422304
1.12061443137,-2.01037603247
1.12384620547,-2.0117411408
1.12414619995,-2.02880993969
1.12261502694,-2.02089338623
1.12305553969,-2.03870010883
1.1270839668,-2.03942112722
1.12159442281,-2.02571370489
1.12298578534,-2.01190705076
1.12430116593,-2.03651349438
1.12634722858,-2.05677000071
1.12455605708,-2.03387682974
1.12663617463,-2.0431926995
1.12339567276,-2.02529641302
1.12559267436,-2.02942858828
1.12674935671,-2.06456274625
1.12522347639,-2.02939919036
1.12476114837,-2.04073356882
1.12609116622,-2.02719160193
1.12594064427,-2.05247867159
1.12595624471,-2.05132484164
1.12664078923,-2.05959029337
1.12620709471,-2.03643403066
1.12314534236,-2.04753423269
1.12623263296,-2.01846553537
1.12544155403,-2.02338404679
1.1243836081,-2.0509134797
1.12545309223,-2.03705934667
1.12660161533,-2.03013746182
1.12450315978,-2.04662145467
1.12636336164,-2.03654967308
1.12641543938,-2.04987045134
1.12544767959,-2.03241756831
1.1267019535,-2.05128733445
1.12831766343,-2.04065604742
1.12427189701,-2.05385743696
1.12383582288,-2.02823869578
1.12618647964,-2.05601540027
1.12677753627,-2.05790679767
1.12818555754,-2.08332765081
1.12866850339,-2.07666655483
1.12354505723,-2.04452063389
1.12702090484,-2.05051090213
1.12923355429,-2.06502263505
1.12676954845,-2.06184897927
1.12614039805,-2.06827237523
1.12798886639,-2.0583807274
1.12794860154,-2.05781901604
1.12650796427,-2.03971933203
1.12778798534,-2.05274542994
1.1271217123,-2.03372127202
1.12753041595,-2.05385676571
1.13047727261,-2.06747846059
1.13092116961,-2.07651495721
1.12868237562,-2.06036500106
1.12915575812,-2.07079896287
1.13001764204,-2.07573530769
1.12854006804,-2.06197699419
1.1319730882,-2.05788397292
1.1297065797,-8.37655454119
1.12983164934,-2.17243748639
1.13119167342,-2.00999841507
1.13424421493,-1.98985459556
1.12986983239,-2.0480297253
1.13154790906,-2.10558961369
1.13166226157,-2.1835834724
1.13225128545,-2.1782204968
1.14389177444,2.43572280053
1.13406671015,-1.88443565205
1.13161456939,-1.61685298891
1.13447255009,-1.7176132629
1.13438546406,-1.83962212764
1.13276824724,-1.91466015842
1.13394505962,-1.95169661189
1.13749752168,-2.00212970429
1.13653169512,-2.04283440165
1.13614383941,-2.02467737528
1.13684780674,-2.02546872141
1.13594481062,-2.03720911934
1.13557370672,-2.05104728955
1.13917858424,-2.05315071533
1.13571703388,-2.03576414857
1.13636792234,-2.06259851816
1.13739683326,-2.08625019856
1.1384402678,-2.07476360984
1.13761468149,-2.0974401246
1.13914776502,-2.08432790734
1.1364409089,-2.09510952463
1.13697003727,-2.06347087643
1.1376830205,-2.08312335433
1.14004067731,-2.08140168436
1.13673774015,-2.09435608072
1.13842861134,-2.0636178728
1.13753032107,-2.0743863742
1.13756897641,-2.05895271099
1.13796112845,-2.08962877351
1.13911015053,-2.08443248562
1.13413908522,-2.07271296299
1.13947458001,-2.06458313056
1.13971090129,-2.10518414706
1.13653712739,-2.09004575517
1.13644557552,-2.10700723336
1.14159895411,-2.10772323261
1.13751930849,-2.09610985902
1.14009793849,-2.09913089327
1.13988034001,-2.09654311218
1.1367308215,-2.07575354111
1.13734189367,-2.10282149772
1.1419574778,-2.12163279321
1.14017216498,-2.12091744351
1.14075096447,-2.10516158558
1.14058324239,-2.1061861975
1.13844575439,-2.07339174279
1.13914418426,-2.09057437084
1.14362903227,-2.09271305347
1.13950474727,-2.08666739587
1.14091867863,-2.08843332783
1.14232457311,-2.10220432377
1.1429238109,-2.10688631252
1.13815435652,-2.09885211696
1.14092568838,-2.09064745612
1.14144363827,-2.09870239069
1.14241640054,-2.07730281217
1.14309490227,-2.1244473113
1.14123356219,-2.10426723493
1.13997249512,-2.11940736027
1.14242817022,-2.08803334074
1.14432702951,-2.12301901842
1.14265180275,-2.08977696463
1.14121394988,-2.11529099535
1.14249596505,-2.11608346818
1.13993091343,-2.09295171991
1.14224256149,-2.13248498189
1.14054540256,-2.12476114685
1.13899234586,-2.1105712221
1.13898964024,-2.10756916035
1.1422200031,-2.10191091285
1.14000212375,-2.12092191198
1.1393936202,-2.09705687903
1.13919324172,-2.10980080252
1.13842054891,-2.09413665724
1.13789465153,-2.13275822576
1.14089438742,-2.10559054273
1.13605740022,-2.10978405298
1.13770560785,-2.11207366657
1.13812865711,-2.0783848321
1.13804826885,-2.11124743139
1.13588419603,-2.11163011881
1.1368168123,-2.08603386119
1.13560578376,-2.12652180837
1.13666982863,-2.07643888454
1.13716868025,-2.1214536314
1.13495135016,-2.10024550407
1.13182291319,-2.11019939254
1.13484611132,-2.08889521348
1.13461810711,-2.1093580551
1.13206844002,-2.08489041281
1.13269115205,-2.08445060262
1.13286397962,-2.08626405661
1.13222568295,-2.10974938326
1.13258046776,-2.10392245375
1.13081937718,-2.09378975588
1.12990448917,-2.08975558677
1.13163706668,-2.06654702143
1.135105561,-2.09010999544
1.13067821463,-2.10102853493
1.1309281056,-2.08724684695
1.13249197724,-2.10318198583
1.13320733337,-2.11332832653
1.13307280142,-2.10710653333
1.13551445013,-2.12401462745
1.13208314566,-2.09215578751
1.13285568495,-2.09504085205
1.13598420747,-2.09728585245
1.13430937111,-2.09236358625
1.13165838429,-2.10914214793
1.1354444376,-2.10143648979
1.13355115781,-2.11285170103
1.13498754397,-2.11578814506
1.13708365392,-2.12092283078
1.13476198311,-2.08925914305
1.13315125576,-2.10856327637
1.13675615514,-2.1075803509
1.13581672938,-2.11976272483
1.13549997757,-2.08907548475
1.13571996753,-2.11958600102
1.13742042962,-2.10440259805
1.13556444152,-2.0844353837
1.13751475455,-2.12591615749
1.13648233312,-2.12870432951
1.13459005009,-2.10833571479
1.1368893152,-2.11595123128
1.13995929328,-2.1077458559
1.13599842276,-2.10590050722
1.13786176634,-2.11133495786
1.13633695464,-2.0999846639
1.13628010732,-2.10975480711
1.13637853862,-2.11946314623
1.14237701595,-2.15093997373
1.13637029599,-2.10663364602
1.14103877537,-2.12142496172
1.13908213613,-2.0911595935
1.13983130048,-2.13595154809
1.13904825735,-2.11930820301
1.13844500155,-2.11609654064
1.13983553138,-2.12771828793
1.14062867933,-2.13092286849
1.14152866856,-2.15477938227
1.13945350257,-2.13795994663
1.1388737749,-2.1134504686
1.1420708391,-2.12496856806
1.14231466849,-2.14949864822
1.14154425238,-2.14547498508
1.14258942272,-2.13976717408
1.14226049653,-2.12327057488
1.14115268817,-2.13235184908
1.14426159297,-2.15187176349
1.14130148058,-2.13691592055
1.14162526032,-2.13127181674
1.14385373808,-2.15715338102
1.14444986455,-2.14359035054
1.170856118,6.7017296374
1.14514975344,-3.53087120013
1.14359788962,-2.09654280992
1.1440225276,-1.67248978755
1.14532964737,-1.77197747895
1.1471165077,-1.93025508792
1.14218098686,-2.0443947418
1.14599614458,-2.1511897074
1.14843124675,-14.3121014587
1.14614023152,-2.03222941933
1.14550815537,-2.27147595856
1.14738013232,-2.36951653436
1.1473931103,-2.30880698337
1.14994455687,-2.19326941573
1.15240079175,-2.14402859462
1.14940680939,-2.12506971197
1.14819319235,-2.15806165906
1.1530988584,-2.35205637341
1.15039630862,-2.07697960405
1.1520966195,-2.16104666369
1.15095937037,-2.14326550881
1.15183142441,-2.1540472871
1.1510066176,-2.13589747042
1.15534557325,-2.15376664
1.15110332121,-2.14791816766
1.15237258252,-2.12001638337
1.15542100498,-2.16764393311
1.15582122182,-2.13536024781
1.15120672771,-2.14845220054
1.15409919806,-2.14209418387
1.15384439154,-2.15074776406
1.15484678385,-2.13731967896
1.15603152621,-2.169639213
1.15715229489,-2.16877032407
1.15440684763,-2.1498913942
1.15643762234,-2.14773982981
1.15876335079,-2.16643302739
1.15888032471,-2.17724559747
1.1573247435,-2.16063941104
1.15960009261,-2.15945035419
1.15861906959,-2.17151476958
1.16046008213,-2.17942517794
1.16384159714,-2.19409619418
1.16243543613,-2.1735413899
1.16190257499,-2.1869747226
1.16453284728,-2.19575059607
1.16399582982,-2.19671100248
1.16293971713,-2.19107743365
1.16404293916,-2.18066094774
1.16608136208,-2.19560104689
1.16443471474,-2.19537080296
1.16735346711,-2.20567298615
1.16440240583,-2.17228539481
1.16740313313,-2.16551784357
1.17087412977,-2.22518098077
1.17071346662,-2.18666641881
1.16777302333,-2.18489349829
1.17130416647,-2.20275445956
1.17166811549,-2.2024459097
1.17239827998,-2.22076487372
1.17195983391,-2.18806280531
1.1762324354,-2.22374313078
1.17163163814,-2.18917916967
1.17539165688,-2.20373344293
1.17555921865,-2.21128231906
1.17376940165,-2.19076457232
1.17489992053,-2.207724981
1.17878828391,-2.21124887826
1.17569245326,-2.18891194651
1.18019788322,-2.20304161686
1.18092308775,-2.20502481402
1.17829318041,-2.20125190446
1.18071925815,-2.2110482756
1.18467376778,-2.21726926525
1.18305704474,-2.2264033657
1.18419933154,-2.22013173077
1.18422217482,-2.1927141161
1.18526294539,-2.20151688039
1.18529955231,-2.19305937071
1.1887850663,-2.20783219077
1.18824973356,-2.22188201426
1.1879948043,-2.24914851762
1.19146902066,-2.23857065029
1.19082122544,-2.23451155652
1.189814848,-2.22435086211
1.19391271674,-2.23450395564
1.19122040424,-2.22544589846
1.1914654073,-2.20180648815
1.19468122504,-2.24755754368
1.1956493532,-2.23831258654
1.19266302853,-2.21709264227
1.19680542328,-2.22321527739
1.19637699259,-2.23540947173
1.1947903973,-2.21796943513
1.19721073185,-2.20668057418
1.19745546288,-2.20018808721
