1.10538764916,-1.82789907703
1.11964275988,-2.69166285
1.1242851393,-2.68699030066
1.12542564639,-2.78590658936
1.12390383111,-2.67264152099
1.12295408615,-2.6621074634
1.1250731694,-2.52383622734
1.12233295363,-2.66599948737
1.12489812176,-2.56936100546
1.12047800268,-1.90922128605
1.11986976095,-1.89636490238
1.12236829732,-1.96704251194
1.12327554795,-1.91897424361
1.11942350073,-1.89874368542
1.1199056303,-1.85845791466
1.11968114573,-1.84887074414
1.11753947121,-1.82306873201
1.11808598983,-1.81617440716
1.12006097024,-1.78512335812
1.11590961309,-1.7696057497
1.11863844713,-1.7833362975
1.11914374053,-1.77496365564
1.1188635223,-1.81219684033
1.11824027968,-1.78728440844
1.11842363086,-1.76949893357
1.11628618154,-1.73494558635
1.11830785117,-1.74902741849
1.11959224453,-1.70396780812
1.11727516749,-1.73838615389
1.11484764464,-1.72238507399
1.11887970461,-1.72741904361
1.1166629825,-1.72908003321
1.11435133166,-1.75681120207
1.11392501073,-1.70532061453
1.11359863236,-1.71217552533
1.11260258589,-1.68636213181
1.11369621187,-1.69587302599
1.11038829915,-1.70957549113
1.10929871385,-1.67895252605
1.11228360095,-1.72627946866
1.11362075493,-1.70155211842
1.10953035425,-1.7117913397
1.11104948143,-1.63683130676
1.11068665449,-1.6820257776
1.11163974368,-1.68430802797
1.11282126384,-1.68121084611
1.11287517157,-1.69661632734
1.11146640563,-1.67142438179
1.11363868046,-1.68244793927
1.11500727569,-1.66320613564
1.11210801238,-1.64073098531
1.11263429027,-1.67030427785
1.11434991565,-1.66604158831
1.11309988257,-1.63504234716
1.11474707257,-1.60803407744
1.11436091649,-1.66538262296
1.11337059853,-1.62668039217
1.11287461554,-1.66263962104
1.1176113151,-1.60813193308
1.11505971858,-1.64161269025
1.1138964057,-1.60864708661
1.11603124374,-1.6691985856
1.11561099498,-1.5891838108
1.11512017226,-1.62910452213
1.11983428616,-1.61451052624
1.11492511359,-1.63319592996
1.11400285626,-1.57934155404
1.11838742086,-1.61064753025
1.12013518674,-1.61880582205
1.11665525301,-1.58883859727
1.11868039864,-1.60965264137
1.11884886287,-1.57799267505
1.11932734898,-1.62309804472
1.11872177422,-1.61163761221
1.11900138981,-1.59460277834
1.11726195091,-1.58250469065
1.12066470617,-1.62979536539
1.11876146493,-1.53284840629
1.11777069477,-1.65410524875
1.1174101548,-1.59006968232
1.11911024405,-1.61057369356
1.11565232223,-1.55623779761
1.1181586041,-1.58013966919
1.11916988532,-1.5506686734
1.11731506614,-1.57626146024
1.11791886558,-1.6108242875
1.1194600065,-1.60018167989
1.11708497371,-1.52715926462
1.11859052594,-1.59119399808
1.1173801953,-1.57092707632
1.11702658731,-1.53515930972
1.11869443837,-1.54153797051
1.12098144508,-1.55627127052
1.11858915977,-1.58365158434
1.11833832166,-1.52866873453
1.12133632878,-1.58298228019
1.1222725856,-1.56440597473
1.11770281044,-1.55657691163
1.12049879874,-1.57261364401
1.11866321956,-1.52967453148
1.11836739862,-1.58424690095
1.11800446318,-1.55057895444
1.11675549807,-1.55515609089
1.1140182176,-1.56627735438
1.11788858407,-1.58267695652
1.11673731596,-1.58769930182
1.11503512532,-1.53387488804
1.11477054808,-1.54783374368
1.11584639258,-1.57948744469
1.11369139565,-1.54346070287
1.1176827261,-1.57587174958
1.11793909611,-1.58303919146
1.11542151285,-1.62114217956
1.11434143575,-1.54342794561
1.11815430763,-1.56062188822
1.11499609929,-1.51864214764
1.11487205249,-1.52586621822
1.11344222031,-1.54164619825
1.11365478945,-1.56109476801
1.11530193005,-1.51590878965
1.11589311602,-1.54984891727
1.11319206139,-1.58088254607
1.11335448235,-1.51656908002
1.11561116772,-1.53745079004
1.11538477509,-1.55002588922
1.1129105405,-1.49552227508
1.11493094614,-1.52176181269
1.11486349807,-1.52917210697
1.11505979613,-1.51413813726
1.11523012228,-1.4991837628
1.11473012338,-1.50089935544
1.11081432099,-1.48877764549
1.11556696258,-1.55611495445
1.11514213221,-1.54260204725
1.11398611277,-1.50236830982
1.11289477806,-1.52592245043
1.11400747152,-1.56276448789
1.1117007552,-1.51373521358
1.11419609512,-1.49528255209
1.11236617142,-1.52290347458
1.11134363662,-1.5167919236
1.11275020052,-1.49984477697
1.10880189606,-40.5359305498
1.11268782323,-3.69139769771
1.11153625901,-2.16425839602
1.11248546597,-1.80684064395
1.11285239715,-1.75118167207
1.11245014329,-1.66238171222
1.11409654896,-1.62473660892
1.11008809904,-1.6628138183
1.28007441387,13.8341741782
1.11055362336,-0.0885770651819
1.11390841885,-0.849266479674
1.1095127748,-1.12771777381
1.11012600803,-1.25193357512
1.10952899144,-1.3868352555
1.10964292798,-1.39673395524
1.1103751542,-1.39958428924
1.10856138821,-1.40449506747
1.10696125632,-1.47874251512
1.10834424839,-1.22582007722
1.11015140853,-1.46685009743
1.10913487341,-1.44249672213
1.11206455462,-1.48313502714
1.1121512053,-1.52050847403
1.10885001745,-1.4985896927
1.10946659746,-1.4830961589
1.10874698061,-1.41786824856
1.10841979231,-1.532187563
1.10783663182,-1.47415494493
1.10924197147,-1.49082425033
1.10673660351,-1.5098999659
1.10732560348,-1.46344106696
1.10525632424,-1.51433908266
1.1053925408,-1.51842091981
1.106242172,-1.47066056123
1.10918966977,-1.48356860989
1.10561732033,-1.54235539478
1.10632775756,-1.47077980193
1.10847777816,-1.50512087172
1.10787221789,-1.4770278522
1.10671145986,-1.4854833021
1.10911175869,-1.48631483195
1.10666518017,-1.44027949185
1.10769567131,-1.46866770758
1.108960654,-1.49906277056
1.10759345533,-1.42339873138
1.10766539761,-1.4818342544
1.11036257754,-1.50937135004
1.10641651193,-1.46703452604
1.10468437646,-1.4540808205
1.10674510891,-1.44216316961
1.1054842739,-1.44982355325
1.10290641555,-1.44407889501
1.10530760424,-1.47987383809
1.10233982804,-1.41248734584
1.10100519788,-1.47964985164
1.10265538688,-1.475044103
1.10494005255,-1.44568640951
1.10164967373,-1.43912240071
1.10214369505,-1.4347190888
1.09947110934,-1.44828413968
1.09953527388,-1.41483230975
1.1017370796,-1.41642718784
1.10258264414,-1.43234632136
1.0993062857,-1.45229246455
1.10128363361,-1.43216731823
1.10292177287,-1.43563397457
1.10343492896,-1.45620116476
1.10157837491,-1.46636321633
1.10210371641,-1.42179393881
1.09934951109,-1.38998508902
1.10296524584,-1.44451467634
1.10353509947,-1.45129904121
1.10126139002,-1.46120960269
1.10034098843,-1.44362251649
1.10407855474,-1.43092556698
1.10164046688,-1.43500699031
1.10214240194,-1.405610864
1.10268811813,-1.44643210475
1.10121089723,-1.47838308155
1.10205824823,-1.4545413411
1.10435726209,-1.41760864493
1.10187607105,-1.4834764658
1.09953800634,-1.44968693711
1.10120249655,-1.4247242652
1.10276810117,-1.41567741218
1.09993320916,-1.40862056566
1.10197437536,-1.46805410258
1.10047508748,-1.42893651028
1.10103066601,-1.43825458953
1.10202023761,-1.43696263239
1.10165433239,-1.43119548217
1.09829134072,-1.42704601084
1.10219446476,-1.43300084991
1.10260225952,-1.46154002156
1.10209876726,-1.48204921579
1.10044738434,-1.43585727057
1.10066214748,-1.4203530442
1.1004253658,-1.48423918683
1.10251120587,-1.50290646402
1.10122532569,-1.43967795295
1.09971497837,-1.46801613225
1.09964689938,-1.42469547749
1.10226979418,-1.458330523
1.10017281125,-1.44779674359
1.10025373937,-1.4334326739
1.10029248502,-1.44001354177
1.10136570565,-1.4782666802
1.09924037583,-1.40121917251
1.10213336849,-1.42741955998
1.0988133435,-1.47040855917
1.098536479,-1.42799851984
1.10175465989,-1.47837450188
1.10029640633,-1.43647795876
1.0977493967,-1.42187169171
1.10046053843,-1.45969524263
1.09845488109,-1.41098958249
1.0988406619,-1.41242139206
1.10102752018,-1.45676734755
1.09970091771,-1.43206162826
1.09529286373,-1.46493298227
1.09980825441,-1.44933547813
1.09988589822,-1.43420383826
1.09973640364,-1.43027346805
1.09825054093,-1.45764964907
1.09818241891,-1.45695695753
1.09634448644,-1.42258171882
1.09931972218,-1.44224227295
1.09731491747,-1.46058027516
1.09700174152,-1.3981131469
1.09804886442,-1.44250193166
1.10162864881,-1.44009156388
1.09755960339,-1.44507770092
1.09814510706,-1.4289110299
1.09886726943,-1.45009942348
1.09838524108,-1.45880706786
1.0977996478,-1.42642794422
1.0999990591,-1.45265366755
1.09623217452,-1.45773266032
1.09727192162,-1.4372050275
1.09851803901,-1.49464272514
1.09779151593,-1.45420398241
1.096850696,-1.4708646478
1.0980969191,-1.45772221945
1.09598307833,-1.47058798447
1.09689087023,-1.45042600967
1.09855200503,-1.46927028857
1.09743626028,-1.43949097902
1.09393940966,-1.46608384134
1.0976607138,-1.42370306952
1.09844646806,-1.44856342061
1.09669172298,-1.45859778599
1.09668128919,-1.46921457701
1.09654465384,-1.45161402947
1.09482219305,-1.4382821539
1.09672563211,-1.483992502
1.09591157713,-1.49262736575
1.09331922695,-1.47454959718
1.09596952916,-1.44901528886
1.09704886353,-1.44024853075
1.09486035555,-1.47849097846
1.09461718035,-1.41594397251
1.09522243828,-1.46474647958
1.28710046897,16.42421662
1.09641560633,-6.39554091854
1.09853460235,-2.47501102235
1.09330517896,-1.71562368905
1.0937834845,-1.52929266021
1.09568745438,-1.5375347261
1.09641787056,-1.51550263052
1.09489562866,-1.5053619703
1.09453832301,-33.7008369508
1.09990343344,0.731225125158
1.09808418318,-0.721318649644
1.10191820359,-1.32589625649
1.09846517962,-1.39673727187
1.09502227093,-1.39460594065
1.09870041578,-1.38238726287
1.09736429927,-1.35276331734
1.09623360469,-1.42690194528
1.09302180099,-1.42802506016
1.09297547768,-1.25792951578
1.09222183193,-1.20407042433
1.09624120834,-1.35637108683
1.09417611169,-1.40443541385
1.09251594765,-1.45041913998
1.09434866371,-1.43805509461
1.09695062538,-1.46585580338
1.09507673048,-1.48238500168
1.09652403435,-1.4958908748
1.0934794132,-1.42139699259
1.09398931249,-1.46864245795
1.09548308495,-1.47230905031
1.09649871296,-1.47653269925
1.09371058727,-1.453467346
1.09560518918,-1.45480821837
1.096435196,-1.50525163932
1.09483896288,-1.45968933563
1.09280887016,-1.452456955
1.09558626409,-1.49936102611
1.09266864445,-1.47807474344
1.09525312334,-1.51822341352
1.09325556328,-1.45242270424
1.09333764085,-1.49113479243
1.09055498587,-1.46075586711
1.09290618891,-1.41091819689
1.09138728731,-1.47280803939
1.09189297644,-1.43933694433
1.09185274192,-1.46108859267
1.09099302361,-1.46980227793
1.0903030398,-1.43833515262
1.09272654247,-1.45946769226
1.09056401832,-1.49039119272
1.08932819825,-1.46370340122
1.09059717619,-1.51591272695
1.09110167431,-1.48556153584
1.08905959106,-1.52752011469
1.08973996386,-1.46008875578
1.08948022814,-1.44714831517
1.08911808566,-1.44320592778
1.08749186751,-1.45804649827
1.08849651748,-1.47246705848
1.0857173298,-1.46572784832
1.08884808918,-1.45788049405
1.08856704604,-1.49932357611
1.0882813527,-1.49655102682
1.0874069284,-1.46097276128
1.08870237842,-1.46097519809
1.08518964831,-1.45722501783
1.08745798999,-1.43251057771
1.08962366221,-1.48181037402
1.08856474586,-1.48079929106
1.08668986015,-1.47299052938
1.08788760146,-1.45126024381
1.08735722527,-1.45080610441
1.08817001484,-1.46017170296
1.08865967546,-1.4997123323
1.08736776657,-1.43939699655
1.08747008111,-1.45341442358
1.08859394238,-1.43482418578
1.08694565388,-1.48489038547
1.08608292712,-1.46886072556
1.08872153686,-1.48608368197
1.08904242128,-1.50221841572
1.08618516127,-1.4762126153
1.08894790443,-1.45744327168
1.08736639739,-1.45640509312
1.08723949564,-1.48290956626
1.0881393154,-1.4982370417
1.08820396605,-1.48884010385
1.08519738822,-1.49530186333
1.08799295155,-1.46253664801
1.08814268079,-1.50403080451
1.08890152963,-1.490971857
1.08940476566,-1.50514074467
1.08801852638,-1.53015188381
1.08532610185,-1.50556298669
1.08832236168,-1.47649150044
1.09036310091,-1.50830433109
1.08496761146,-1.8240603497
1.09823043124,-2.75517946842
1.10259408539,-2.92321218541
1.10074090787,-3.01134420798
1.10098448302,-2.88137472073
1.09977689078,-2.88423913857
1.0998185118,-2.73418965679
1.10045693779,-2.82616787556
1.1044186467,-2.79355901997
1.10120336178,-2.46832401134
1.10167477987,-2.45645842445
1.1043231628,-2.5075594064
1.10612312462,-2.46627730992
1.10509180705,-2.46693324247
1.10761101929,-2.52481370305
1.10332109712,-2.40317969873
1.10410086829,-2.45099255949
1.10655658024,-2.42402530968
1.10476441012,-2.36957270201
1.10078038261,-2.37137392384
1.10391888311,-2.39458120727
1.1036447566,-2.39505950517
1.10267671932,-2.36933296345
1.10316469411,-2.39798581429
1.10312955099,-2.34570857171
1.10117285463,-2.34990402495
1.10373601521,-2.34910651499
1.10238584209,-2.38250830774
1.10001512764,-2.35379977755
1.10106200418,-2.37314137733
1.1055218645,-2.37380512426
1.10476636476,-2.3859452833
1.10311501079,-2.36845764903
1.10433935966,-2.37864007149
1.10313556867,-2.37768813093
1.10362522774,-2.31541007452
1.10694082191,-2.34134626194
1.10377035277,-2.37830985446
1.10478169014,-2.36308026461
1.1050383397,-2.32977982862
1.1042840892,-2.35555906302
1.10221201873,-2.35361305487
1.104098963,-2.30778908659
1.10154535411,-2.32829323075
1.1024238256,-2.31737694376
1.10364883795,-2.32778669466
1.10098388418,-2.29956718607
1.09974087665,-2.30966971566
1.10465794941,-2.32757516324
1.10385016805,-2.29574115556
1.10231518981,-2.32858098689
1.10300448178,-2.31609490698
1.10367792728,-2.30612881997
1.1023540545,-2.2949109614
1.10519490218,-2.31774528309
1.10324960114,-2.28926285466
1.10049467933,-2.2865973366
1.10258831139,-2.27921505827
1.10478717419,-2.29148048207
1.10351915634,-2.30311319508
1.10502801267,-2.28592181865
1.10318713823,-2.31336484149
1.10185554991,-2.26430956665
1.10287336584,-2.28643635757
1.10587275322,-2.25485569415
1.10208391572,-2.30187531449
1.10361816525,-2.25367748674
1.10568721492,-2.30515070634
1.10511087757,-2.30250908605
1.10206351657,-2.22594028434
1.10359633362,-2.25918065268
1.10230772397,-2.30694118201
1.10466665549,-2.22562755841
1.10522702853,-2.28154109788
1.10359096984,-2.2641260551
1.10270179569,-2.26354616163
1.10631037124,-2.30277820125
1.10311281789,-2.27783175079
1.1041522104,-2.25280263183
1.10555613773,-2.26191448141
1.10507870473,-2.26115712658
1.10411393796,-2.28159289276
1.10783690042,-2.26433357609
1.10656145652,-2.23523378698
1.10521893664,-2.23388376494
1.10546150692,-2.2578393023
1.10911189376,-2.29657676524
1.10754690301,-2.22386774219
1.10880896949,-2.25541368875
1.10708358385,-2.22326646011
1.10778237273,-2.20543629602
1.11020683001,-2.26136568274
1.11072417426,-2.20534532517
1.10825282512,-2.3045317749
1.11060133473,-2.23697077239
1.11244462135,-2.23809581941
1.11172371053,-2.26287007474
1.10953645536,-2.26195974754
1.11071355431,-2.21726081627
1.10810992837,-2.21844972406
1.11217076432,-2.26333429578
1.11254622709,-2.26378173257
1.11143806448,-2.24024406948
1.11063358184,-2.24325530934
1.11243294006,-2.25900938633
1.1126959639,-2.28952397389
1.1143333442,-2.247975221
1.11430914535,-2.24891517571
1.11251623254,-2.24886666622
1.11218075961,-2.28384660087
1.11531812367,-2.27645388681
1.11274895714,-2.23804008342
1.10997644753,-2.25982073561
1.11178340498,-2.24868832511
1.11198691469,-2.23392238264
1.11115434514,-2.25112984612
1.11319491933,-2.24467774116
1.11056289586,-2.24000558445
1.11063495474,-2.25376878464
1.11243699076,-2.26421028074
1.11296316196,-2.23721891341
1.10975052619,-2.2358613954
1.11249198575,-2.22433949145
1.111577872,-2.24634326975
1.11156350395,-2.21146380141
1.11101023072,-2.20384315517
1.10986216405,-2.1915854088
1.10842570893,-2.23263449032
1.11061550933,-2.19774253031
1.11169454852,-2.23121441232
1.10943483266,-2.17569420475
1.10896704093,-2.25040911889
1.11200784883,-2.26618891186
1.11040368649,-2.24774144906
1.10959983804,-2.21676013909
1.11061464534,-2.23840875961
1.11059893055,-2.23123892366
1.11049662815,-2.20402765143
1.1129321931,-2.24122734443
1.10936293426,-2.22076240405
1.11075020716,-2.23675338397
1.11174336812,-2.19613234303
1.1123225084,-7.59786402259
1.11165052953,-2.1426098269
1.11478197909,-1.99651660115
1.11200625109,-2.07126347521
1.11192694886,-2.13158572512
1.11267263108,-2.22200507014
1.11377311862,-2.2483050975
1.10819734138,-2.23887392151
1.11441622117,-0.370539948743
1.10834842046,-2.52954923868
1.11075134699,-2.01898970201
1.10937686425,-1.94360124436
1.10914878057,-2.02354787494
1.10760801099,-2.09464433713
1.11019001706,-2.13072797433
1.10956828373,-2.18144207274
1.10892961532,-2.17594110638
1.10717093651,-2.05925656602
1.11189807289,-2.08289329179
1.11008597892,-2.16925748533
1.11199505292,-2.18901926322
1.11232514029,-2.21930541859
1.11114650794,-2.23332297947
1.11015610769,-2.19049661841
1.11215579137,-2.20859674006
1.11016433892,-2.19934353942
1.1103737543,-2.18273790671
1.11065712417,-2.12280680698
1.10961270346,-2.20909991537
1.11028565695,-2.16704681975
1.11111325129,-2.18090369437
1.10835349165,-2.2069511087
1.10783049372,-2.1876745335
1.1089087354,-2.15350601219
1.11028282964,-2.1980631427
1.10570241043,-2.19663866346
1.1096675211,-2.1884562586
1.10931574111,-2.17953157232
1.10833862264,-2.18031172514
1.10831524181,-2.18168849741
1.10952209727,-2.22048409752
1.10807873235,-2.20554317391
1.11095745725,-2.16605753728
1.10961256396,-2.20374602935
1.1073586444,-2.18057105876
1.1091970293,-2.19856680045
1.11105484072,-2.19845230062
1.11079887658,-2.20223698735
1.11170744296,-2.19492344152
1.11105701436,-2.21555683745
1.10862557329,-2.17004075711
1.10910110699,-2.16215846198
1.11282220347,-2.22544735987
1.10953056474,-2.20504799659
1.11055326041,-2.14115978669
1.11039630811,-2.20202860981
1.11070828004,-2.15097461912
1.11180978675,-2.18569563097
1.1128166623,-2.1725957536
1.10947039262,-2.14476167456
1.11199275791,-2.16979457235
1.11396016755,-2.15097161021
1.111779711,-2.13161741534
1.10943347378,-2.14909634878
1.11247411167,-2.13788069754
1.111814786,-2.16298805196
1.1129148337,-2.16712811276
1.11298746166,-2.15423436411
1.1111298153,-2.12948420538
1.10993664747,-2.17522924797
1.11474320118,-2.17677772661
1.11299266957,-2.20504296668
1.11083764615,-2.1687012573
1.11076253769,-2.11900881002
1.11338173663,-2.14024569223
1.11157948498,-2.16182758133
1.11454818402,-2.17501014119
1.11143390561,-2.15968018567
1.11100546771,-2.15549088795
1.11234764005,-2.18034693373
1.1137481486,-2.16308873594
1.11176377721,-2.2039903568
1.11130611085,-2.1590865074
1.11382705371,-2.15916822632
1.11414554699,-2.19892471332
1.11277652594,-2.20001864308
1.11398164107,-2.18489264959
1.11122144998,-2.16899811054
1.11528433453,-2.23890164772
1.11565229683,-2.17865352021
1.11598188765,-2.19975026497
1.11261730303,-2.15149054501
1.11568997586,-2.16965908933
1.11495878638,-2.19062350042
1.11494291259,-2.13302633375
1.11576328481,-2.19521149253
1.11444453052,-2.17415627194
1.11348451335,-2.18763267962
1.11757354138,-2.20175430051
1.11543968142,-2.18075120923
1.11373997697,-2.22414381302
1.1141039113,-2.16757072917
1.11683311666,-2.1764328508
1.11456880892,-2.21671818106
1.11518195411,-2.19663734187
1.11518896244,-2.19365375521
1.1154624527,-2.23413321263
1.11480794234,-2.14636472276
1.11502299807,-2.17897427185
1.1129798935,-2.17213944498
1.11571808099,-2.20558565952
1.11742580598,-2.20873185024
1.11705863798,-2.19546412402
1.11828925034,-2.18283878973
1.1214376552,-2.15120253441
1.11751647787,-2.15559973894
1.12068906918,-2.15305440336
1.12186220847,-2.1902072953
1.12183178214,-2.18354929478
1.12194296202,-2.20268290431
1.12212352739,-2.14992847194
1.12083443216,-2.19499575589
1.1206579655,-2.18205797374
1.12040029775,-2.17715322382
1.11909037646,-2.19078954779
1.1185616164,-2.192433221
1.12168670036,-2.18896046964
1.11817965272,-2.19520678484
1.11761922209,-2.19388873241
1.11768930413,-2.17806668646
1.12047942395,-2.18025372637
1.11727126032,-2.16540715866
1.12083405757,-2.18839267386
1.12040124903,-2.17740044275
1.11995628668,-2.17420795747
1.12290347511,-2.19638475725
1.12424865951,-2.20011318296
1.12283278249,-2.17570715902
1.12465981754,-2.16213052283
1.12528592273,-2.20637376159
1.12579633011,-2.19130352535
1.12526368621,-2.19664545597
1.12404629389,-2.16838527767
1.11929826492,-2.21316412363
1.12055357319,-2.16224306216
1.1197553128,-2.16797658627
1.11736925201,-2.18234943409
1.11451017305,-2.20028182399
1.1189403114,-2.19829612646
1.11647316851,-2.19327545752
1.11754182437,-2.17665648492
1.11574797515,-2.18946272564
1.11696318319,-2.2357956235
1.11813301062,-2.16508321123
1.12146991807,-2.19308031078
1.11970496179,-2.19659525174
1.11943298357,-2.16513822834
1.12086962757,-2.1696616131
1.12095716772,-2.19091788462
1.11962689136,-2.15469283949
1.12312034731,-2.21556214674
1.12058554254,-2.19491981996
1.17657013885,4.40607849999
1.12147830053,-3.27264584514
1.11998634299,-1.77895881961
1.11559780877,-1.59928779843
1.11728928285,-1.77488148863
1.11730496895,-1.97893598197
1.11782467271,-2.10556525431
1.1166959399,-2.17840424359
1.11491013104,-13.2017578851
1.10741739848,-1.90027788471
1.11874340264,-2.60820287426
1.11897748569,-2.63848320521
1.11656788339,-2.48165038755
1.11667832757,-2.30461769444
1.11844307161,-2.2584079187
1.1179733287,-2.23363911685
1.11900723767,-2.27237044311
1.11669278562,-2.24423418418
1.11477236562,-2.0546157405
1.11607773168,-2.08507862088
1.11969225055,-2.20319088636
1.11743199874,-2.233644024
1.11780436799,-2.19648788184
1.11745521567,-2.1988430047
1.11793185843,-2.20674232996
1.11696250886,-2.20160505451
1.11911482059,-2.26299310155
1.11659590046,-2.15051642769
1.11792383601,-2.15318173807
1.11907955167,-2.2039616367
1.11661745194,-2.17929673411
1.11395227307,-2.19232865662
1.11826211363,-2.21331618713
1.11755559812,-2.26793467748
1.11837218322,-2.21987135765
1.11888307076,-2.21904612547
1.11825757527,-2.21998024946
1.1166962186,-2.22867290743
1.11796219915,-2.17369647411
1.11792503062,-2.22129475199
1.11784126448,-2.20407432958
1.11771513048,-2.20346076993
1.1178618565,-2.16908494495
1.11719930962,-2.20254868703
1.11856334053,-2.17558881172
1.1167430158,-2.20519298268
1.11653762709,-2.1957924598
1.1177848599,-2.21582836557
1.11927999952,-2.20376624309
1.11615679298,-2.22827720556
1.1181208634,-2.21797098282
1.11890717032,-2.23274621179
1.11906399115,-2.23744437657
1.11858156075,-2.2191532605
1.11945346877,-2.2116052563
1.11737169949,-2.22576351926
1.11821735128,-2.21698843416
1.11935062039,-2.19162285201
1.11955175378,-2.23248084641
1.11916733309,-2.21922535365
1.11983403863,-2.21033600513
1.11787370073,-2.21840805875
1.1180363358,-2.21510551167
1.11979724119,-2.18916664924
1.11997204969,-2.19446326257
1.11648487512,-2.20405446428
1.11904796357,-2.22568568653
1.11737404685,-2.21110149514
1.11776437193,-2.22018224968
1.11797711518,-2.22487744831
1.12023223477,-2.18501691347
1.11881212171,-2.17846723859
1.11985030785,-2.19806461797
1.11876030832,-2.19981176615
1.11793670644,-2.23169237214
1.12056084927,-2.17513129067
1.12148455497,-2.20511594821
1.11827697867,-2.20545606534
1.11956663425,-2.18392289491
1.12099513542,-2.20564569617
1.12171183426,-2.24605076388
1.12131149057,-2.28269694634
1.12173324545,-2.22211637916
1.11837826129,-2.18776596374
1.12092093378,-2.24907251215
1.12134479048,-2.22987244275
1.11999074862,-2.21015586335
1.12021730963,-2.2584495771
1.1214310439,-2.2291878563
1.11994648799,-2.23365962907
1.12135741037,-2.22974723628
1.12216300042,-2.21247617578
1.12121241002,-2.27057523156
1.12026109278,-2.25036569832
1.12287805115,-2.18941914192
1.12297975325,-2.23561313804
1.09212803227,-1.62463899627
1.10850894025,-2.30624221107
1.10986216863,-2.25646186155
1.10827937895,-2.33802093175
1.11041010194,-2.27012494157
1.10807907768,-2.30126567961
1.10706345645,-2.26610966706
1.10836388744,-2.27343890406
1.11035688384,-2.23269560714
1.10492071449,-2.28145785243
1.1076948602,-2.30059715355
1.10678591102,-2.25424371977
1.10801163647,-2.19829043917
1.10854401918,-2.23083657246
1.10882200778,-2.2325408613
1.1067476709,-2.22499143829
1.10837886396,-2.20530302089
1.1098343766,-2.23194982165
1.10804516542,-2.201296559
1.10722516856,-2.26931518669
1.11028764675,-2.15531147805
1.10858627896,-2.175219242
1.10989536078,-2.18797295706
1.10881291833,-2.20204021193
1.10870738129,-2.18404436205
1.10851804711,-2.17891886306
1.11130517075,-2.13558539017
1.11017343073,-2.15669889168
1.10954131716,-2.21088334833
1.10979355647,-2.20324047173
1.10950502649,-2.1527437651
1.1089287424,-2.19913999639
1.11131335068,-2.16691483088
1.10869668705,-2.21131735945
1.10840400723,-2.15994915446
1.10965591693,-2.126420936
1.11040837698,-2.16004879123
1.10644868816,-2.15864571343
1.10794628224,-2.12729201148
1.10899680325,-2.1441308771
1.10835073993,-2.1450673178
1.10810555943,-2.15356320387
1.10683523299,-2.13841787065
1.10594440773,-2.10650054726
1.1090150279,-2.12275816461
1.10859630958,-2.13388798208
1.10660334769,-2.07880698764
1.10572600909,-2.11354033101
1.11028127773,-2.10389283568
1.10651888102,-2.11186525336
1.10898319136,-2.12757894048
1.10964106087,-2.1311042302
1.10865139954,-2.1337113629
1.10749608457,-2.09542971556
1.10931209376,-2.04701563912
1.10822113021,-2.0822361795
1.10917065182,-2.0798906532
1.11028548759,-2.10662162181
1.10863266516,-2.05055094254
1.10928171923,-2.10544991219
1.11088988198,-2.0736151465
1.10845181721,-2.10239838762
1.10950021559,-2.07651263154
1.1109201581,-2.0845870663
1.11229714275,-2.07959166922
1.10866110244,-2.12552186251
1.11113998912,-2.09450025531
1.11050286528,-2.05102046986
1.11117082419,-2.10134205592
1.11175496506,-2.10922953216
1.11074950091,-2.06398304977
1.1080786226,-2.04568982989
1.11147949495,-2.10661753376
1.11029707965,-2.06266291283
1.10954789227,-2.05958941851
1.10898122528,-2.07888669035
1.11034116502,-2.07046919817
1.10866085229,-2.07739587161
1.11215400955,-2.11044492752
1.11058810272,-2.08370225463
1.10822011307,-2.06172991129
1.10812603362,-2.0324061837
1.11175444025,-2.04837957599
1.10927129722,-2.06289433459
1.11099859257,-2.06152247412
1.11048135116,-2.08218120851
1.11183157314,-2.05780981842
1.11227791548,-2.0451577673
1.11318597708,-2.05714818508
1.11085064292,-2.09618526084
1.11342294719,-2.06646014636
1.11586528177,-2.0380334888
1.11537958799,-2.0620179497
1.11232494645,-2.04354630876
1.11240171108,-2.0214341606
1.11086922875,-2.03420124752
1.11244402401,-2.03372318553
1.11303090398,-2.04272702793
1.11070623887,-2.0430078443
1.10828248403,-2.04068665006
1.11160079765,-2.03477586956
1.11082308854,-2.04657786934
1.10956427977,-2.03787159068
1.10864038848,-2.01448491196
1.11096008515,-2.05712099336
1.11032694728,-2.01062571256
1.11309181038,-2.05036000324
1.10990653195,-2.01996230743
1.10851701121,-2.0516981731
1.11055970489,-2.0468839454
1.1121940466,-1.99784531248
1.11143586672,-2.03326655262
1.11088812973,-2.00122634289
1.11213074752,-2.01822021077
1.11317059168,-2.04511069083
1.1153726604,-2.03653505677
1.11575793947,-2.01538079503
1.11256744012,-2.05488862076
1.11409885297,-2.01259091903
1.11442486054,-2.02340354003
1.11463227161,-2.01296337347
1.11180082142,-2.03414742599
1.11272831346,-2.01561985657
1.11120198509,-2.02434840233
1.11186571937,-2.02502735596
1.11101350072,-1.99816785437
1.11056909177,-2.0212158595
1.11013845861,-2.02718437051
1.11369721227,-2.01929502521
1.11073709934,-2.02188088212
1.10837431074,-1.98900247352
1.10966871411,-2.02625434055
1.1120147174,-2.0308884591
1.10953200427,-2.02547609055
1.11273845671,-2.01426482312
1.11138918439,-2.01536712798
1.10972507299,-1.99460174269
1.11042351729,-2.00752275781
1.11060341949,-2.01793306373
1.10950497209,-2.00507270381
1.113231961,-2.06078586152
1.11165236688,-2.00879298268
1.11066608496,-8.07451843798
1.11044072789,-1.96463977818
1.11091136916,-1.7143415461
1.10640288937,-1.77682469184
1.108161786,-1.90258894903
1.10886446687,-2.01271640162
1.10695806213,-2.01160729472
1.10617272496,-2.05827896463
1.11374415665,-0.462567753047
1.10717645612,-2.51923355283
1.10805029696,-1.78635051335
1.10741709809,-1.68913219942
1.10582484039,-1.73001060268
1.10666728078,-1.84552329183
1.10833272553,-1.87714657375
1.10649648209,-1.92484741677
1.10705889698,-1.9285163568
1.1063877147,-1.92732130072
1.10791929149,-2.00126737744
1.10505539873,-1.92736722678
1.10970537937,-1.95144843979
1.10719656294,-1.96457245071
1.10661387576,-1.9514545862
1.10575769722,-1.92747777802
1.10615656172,-1.93958944266
1.10421742546,-1.93192746417
1.10575171929,-1.94749490612
1.10560909851,-1.96912442477
1.10564389174,-1.934848159
1.10724731898,-1.98584068452
1.1061792157,-1.99000138952
1.10398611484,-1.96008528143
1.10681211265,-1.91707604888
1.10939479023,-1.97535172072
1.10895721157,-1.94669390855
1.1081897097,-1.99757542903
1.11211958566,-1.9270832759
1.11145939518,-1.96962818183
1.11490307776,-1.95655752646
1.11465875812,-1.97584769455
1.11330409765,-1.98686872244
1.11429389493,-1.96265823226
1.11911930593,-1.98949724699
1.11819938616,-1.99889871304
1.11918508991,-1.92855802103
1.12089252369,-1.96832542227
1.12084210047,-1.98236415741
1.12213737341,-1.96746081976
1.12684362532,-1.91142556236
1.12654508379,-2.02302769743
1.12658738602,-1.95073368109
1.13030361307,-1.94398925359
1.13137984663,-1.9895206414
1.12967541101,-1.96802994179
1.1335294546,-1.96463296956
1.13325642124,-1.94049611873
1.13517646389,-1.95023700314
1.13734452442,-1.9782429699
1.1360805622,-1.94460325646
1.13297887389,-1.97417913342
1.13480005845,-1.95346731729
1.13616551402,-2.02367499898
1.13476921973,-1.98278233169
1.13353121729,-1.99769178247
1.13215864241,-1.95657854347
1.13061000634,-1.96488173803
1.13106238407,-1.98464369486
1.13022659952,-1.93829272679
1.12766793801,-1.97855809002
1.12792781481,-1.97240356767
1.13206216822,-1.98593769309
1.12808586561,-1.97516935173
1.12765708568,-1.957629577
1.1268666874,-1.97154101398
1.12846143805,-1.9902535175
1.12695496673,-1.97228079037
1.12778972975,-1.92990980119
1.12379381349,-1.98820483894
1.1226660005,-1.95769577206
1.12254304096,-1.93926859458
1.12067198281,-1.93785816574
1.11646166914,-1.96071949814
1.11645962806,-1.96550839356
1.11298162647,-1.96307852915
1.11139915849,-1.9267845348
1.11123531408,-1.94352798325
1.10852405338,-1.96778402997
1.10546970766,-1.97717669375
1.10756513337,-1.94417985908
1.1058951303,-1.92562382982
1.10521268031,-1.96206285345
1.10403719643,-1.9600968208
1.10491510829,-1.93115818245
1.10519488087,-1.96281043468
1.10796057735,-1.96451792913
1.10434582517,-1.95905206434
1.10449293809,-1.93221053686
1.10574420258,-1.97029371842
1.10950049619,-1.93669130901
1.10529302634,-1.95586974406
1.10553293928,-1.95768206052
1.10681664138,-1.97588000391
1.10564273398,-1.92825813695
1.10553156113,-1.93379732233
1.10502579121,-1.91834113457
1.10386444572,-1.96140881236
1.10476723908,-1.9554823086
1.10454545635,-1.96317373023
1.10348446669,-1.96791575591
1.1034628826,-1.95505129163
1.10584503438,-1.9791823068
1.10367397447,-1.94968391091
1.1031387411,-1.92923054217
1.10521585393,-1.95250155395
1.10544312963,-1.94939456866
1.10229089115,-1.95976311103
1.10625506118,-1.92278127494
1.10574998389,-1.96506738628
1.10351415776,-1.93868988793
1.10270679067,-1.96566355317
1.10402004464,-1.94657859136
1.10213536196,-1.9299383048
1.10505651609,-1.98251214961
1.10284627458,-1.93470439761
1.10054451244,-1.97577714979
1.10282696215,-1.96237547849
1.10282623659,-1.96776683363
1.1004182065,-1.94832393294
1.10272155232,-1.91447975301
1.10163628449,-1.90673344771
1.10260538683,-1.98491737186
1.10234552014,-1.91668842601
1.10449594306,-1.92749318418
1.10111744908,-1.94872167102
1.1032720003,-1.9691365421
1.10401398545,-1.96370485773
1.10371758509,-1.9315754884
1.10298238684,-1.95118651324
1.10455537916,-1.95997231655
1.10253787491,-1.93023492219
1.10539445785,-1.97129576283
1.10462119461,-1.92642112738
1.10262639654,-1.95972508255
1.10114623985,-1.95865613864
1.10560888144,-1.92468156099
1.10380698859,-1.92728628483
1.10208803374,-1.90882660455
1.1008083743,-1.94494087415
1.10217430874,-1.92886642056
1.10121350144,-1.94850889043
1.1052711133,-1.99422929117
1.10139197232,-1.88022517229
1.09986269715,-1.94882744886
1.10108035084,-1.92991752241
1.10200476035,-1.96479568281
1.09980017019,-1.94789881714
1.10102969518,-1.93330169307
1.0999256592,-1.94619238213
1.10116972263,-1.95171592974
1.10235508496,-1.91261620034
1.10098824564,-1.91760986281
1.09808746252,-1.93208822155
1.1459020293,3.15715636265
1.10218570233,-3.11634155442
1.10049163097,-1.71440737536
1.1000361116,-1.40167635018
1.10180480925,-1.46200007742
1.09960523416,-1.63167851146
1.10279611286,-1.8214625559
1.10295924127,-1.90301539912
1.10179102658,-13.5925918529
1.10072560396,-1.70626532371
1.1042889695,-2.37813990123
1.10339916803,-2.30924634539
1.10139899555,-2.16877810162
1.10104194053,-2.04546855756
1.10090973641,-1.97327749314
1.09984593914,-1.92679394538
1.10417221991,-1.93626097622
1.09945209631,-1.81732758208
1.09927903383,-1.99814772977
1.10320050779,-2.02431879286
1.10240387195,-1.94494546132
1.0985364419,-1.94347019889
1.10044232241,-1.9384584923
1.10119389623,-1.9702667876
1.10029716554,-1.97234741971
1.10161326127,-1.96467099799
1.10077851606,-1.95479156546
1.09760423141,-1.9350356897
1.10138029512,-1.94716207106
1.09964395226,-1.93311875107
1.09953374719,-1.92533591869
1.10004199349,-1.94129245504
1.10247056352,-1.96355414654
1.098511942,-1.93449973089
1.10084239029,-1.92858165054
1.1008535388,-1.91315284932
1.09942133154,-1.94379594547
1.09947963994,-1.94708004757
1.10065558265,-1.91638112056
1.09918977245,-1.976670806
1.1000612392,-1.92904064652
1.09950041684,-1.95293187098
1.09862725438,-1.97597488012
1.09937605255,-1.93748236413
1.10196491992,-1.96662367846
1.09793600642,-1.95420405926
1.09852134441,-1.95227102111
1.09974867469,-1.97611656152
1.10065812393,-1.96177161127
1.09713537644,-1.96788358659
1.09978364807,-1.91875433766
1.09863369823,-1.95790212304
1.10003562757,-1.93023882829
1.10180866689,-1.96255145511
1.10343066359,-1.96655799286
1.10261824552,-1.94193816752
1.10568107327,-1.97175612933
1.10484672575,-1.91915788743
1.10511876937,-1.9512946903
1.1069860982,-1.97338741744
1.10724306106,-1.97585284939
1.10536879201,-1.95478376194
1.10787185305,-1.92930687658
1.10478763143,-1.92454678092
1.10462830707,-1.96655915064
1.10259575614,-1.97983166235
1.10480038062,-1.96130529973
1.10199470719,-1.99126391917
1.10282966966,-1.93509749194
1.10206550141,-1.95914951985
1.10209471827,-2.00164809785
1.10374276705,-1.94147900089
1.10570451624,-1.96445643375
1.1017688453,-1.9363280905
1.10182310751,-1.90692272268
1.10528372224,-1.97532492749
1.10468620658,-1.91621241112
1.10449851542,-1.9624883549
1.1054287442,-1.96597152158
1.10365165272,-1.92704700688
1.10403220273,-1.97108839198
1.10624473541,-1.97857890639
1.10493368585,-1.98466979756
1.10094363801,-1.98478298648
1.10213526341,-1.98997093199
1.10026549097,-1.97057829575
1.097528666,-1.98196637129
1.09690728881,-1.98616216649
1.09634952853,-1.98263976484
1.09540670665,-1.97424494632
1.0980029855,-1.97840954467
1.09622678945,-1.99163645459
1.09370867221,-1.9514618697
1.09356621545,-1.99057216107
1.09487629823,-1.997080673
1.09424047994,-1.94940785523
1.08503202522,-1.69539049316
1.10054619874,-2.35763135798
1.09946744923,-2.14813512917
1.09969593405,-2.35338865483
1.10225996791,-2.37834240289
1.09864425505,-2.33704680361
1.09947469896,-2.21126878107
1.10237951972,-2.34452207122
1.1016295544,-2.23512563413
1.09870366585,-2.14779338688
1.10013378171,-2.12892499176
1.09821693563,-2.11435470206
1.10117682812,-2.10019078574
1.101334623,-2.1251898754
1.09908642191,-2.06468676054
1.09688473589,-2.05879569441
1.10165505221,-2.06931180296
1.09939579921,-2.06302044308
1.09856614876,-2.04781491961
1.09873237045,-2.03884425709
1.09936402091,-2.01744768497
1.09794577991,-2.03587680633
1.10058701371,-2.03394758252
1.09908906439,-2.03213057524
1.09878857014,-2.073204607
1.09752944181,-2.05255137487
1.09877566359,-2.01952410602
1.09702378842,-2.02857215448
1.09878169024,-2.05866257312
1.09669837131,-2.0049902674
1.09755578143,-1.98927493836
1.09841832986,-2.02692440628
1.09947219376,-2.02619458396
1.09455619317,-2.01143607913
1.09712146317,-1.98987106267
1.09964428196,-1.99298064439
1.09919384068,-2.0086554993
1.09696858814,-1.9821827508
1.0974041362,-1.97528472728
1.09674922249,-1.98286057066
1.09901243108,-2.02268802411
1.09913391752,-1.97829821423
1.09788429892,-1.97636293418
1.09750707924,-1.98798093998
1.10027173681,-1.96120708211
1.09800368148,-2.02006584703
1.09751045742,-1.99856819879
1.09810519191,-1.96919992641
1.09891381881,-1.98374409528
1.09635507649,-1.99304550253
1.09949629079,-1.9778406658
1.09742101869,-1.98083158404
1.09665499349,-1.98799054224
1.09732606569,-1.97388824776
1.09766809157,-1.9603879297
1.09680709102,-1.97296440229
1.09581959496,-1.9139002777
1.09594261373,-1.9715959549
1.09568613995,-1.95149941227
1.09921636084,-1.98362435919
1.09856073957,-1.96291965071
1.09436629088,-1.94626189245
1.0964372371,-1.92525590489
1.09796558378,-1.9473533969
1.09653046644,-1.92798272905
1.0962963575,-1.98763134118
1.09750323543,-1.96372162077
1.09549262621,-1.95449944936
1.09836389476,-1.94876859619
1.09846950474,-1.94393839014
1.09545671881,-1.93518283813
1.09572528381,-1.96975904803
1.09830201954,-1.91594059327
1.09637773807,-1.97659267035
1.09717742598,-1.9465668579
1.09710590447,-1.95101071083
1.0964192451,-1.94637206117
1.09597838198,-1.92256018321
1.09885721232,-1.94605016321
1.09517809394,-1.9110131422
1.09467980387,-1.94278798299
1.09625772763,-1.8700828969
1.0973718222,-1.92521770654
1.09625413245,-1.94681325532
1.09600738756,-1.950537319
1.09409969269,-1.9414726328
1.09430393517,-1.90575329916
1.09668002645,-1.90949305191
1.09725643642,-1.9156023531
1.09272235304,-1.92012854219
1.09392583679,-1.86842525417
1.09426254327,-1.92431055793
1.09462818659,-1.92591934568
1.09421746172,-1.88258990169
1.0943895719,-1.86944611877
1.09455696841,-1.9529510812
1.09597764836,-1.91438511436
1.09668052162,-1.93830469858
1.0931470851,-1.94010906104
1.09280812926,-1.92172215033
1.09680033692,-1.91079532352
1.09469177584,-1.9092882552
1.09458204315,-1.88866505566
1.09440512784,-1.94615687137
1.09424725098,-1.94480174424
1.09411886344,-1.89686436304
1.09583322826,-1.86806488819
1.09427317171,-1.89748639888
1.09336446061,-1.90855891679
1.09568458386,-1.89540193211
1.09577282168,-1.89184145953
1.09394597401,-1.90686407136
1.09567518551,-1.89334027264
1.09433783855,-1.92547150825
1.09393501918,-1.88984708843
1.09731764552,-1.91474335566
1.09534146828,-1.91310310491
1.0931770792,-1.89415907846
1.0951101724,-1.90767926047
1.09481735997,-1.88311708079
1.09254256886,-1.88648896914
1.09281387908,-1.91351719379
1.09299657389,-1.88203032787
1.09309592593,-1.91269635898
1.09564797731,-1.90643443318
1.09418131947,-1.90738209164
1.09128743007,-1.88830248379
1.09148413966,-1.90151978081
1.09490243123,-1.87261927621
1.09193478352,-1.88822226083
1.09329209956,-1.89486157995
1.09462741525,-1.90438846869
1.09375989015,-1.90488610594
1.09279016745,-1.92179728476
1.09434708411,-1.89270913282
1.092237043,-1.88194759193
1.09288577967,-1.87396029871
1.09450202814,-1.89147783882
1.0925215822,-1.87834306624
1.09291638816,-1.9227657004
1.09363251466,-1.89947718761
1.09109582508,-1.91454990659
1.09141836135,-6.64271328085
1.09351708206,-1.00911402205
1.09338812395,-1.25770302866
1.09020334166,-1.60968702541
1.09235675105,-1.79839448211
1.09179222063,-1.98342587416
1.0911224079,-1.97857120222
1.09126057479,-2.00541410117
1.10344508639,0.324373165583
1.08860385807,-2.23857664189
1.09340224131,-1.66574286006
1.09232012127,-1.57301830442
1.09105224812,-1.65274553695
1.09362644419,-1.83762787076
1.09402458662,-1.82089624519
1.09126089873,-1.79626706494
1.09560642339,-1.82955559094
1.09633301587,-1.94807092105
1.0945743042,-1.86683799435
1.09509324464,-1.89373153037
1.09696733136,-1.86598185757
1.09304459729,-1.8431821302
1.09627031286,-1.89149548615
1.09528768584,-1.8262666092
1.09461018161,-1.85857582544
1.09383119158,-1.87292977731
1.09464664346,-1.8635796298
1.09157481148,-1.82335360011
1.09395899682,-1.83571731273
1.09632335984,-1.87394569567
1.09497586718,-1.86281801748
1.0912891856,-1.86929150315
1.09379050072,-1.88673864597
1.09474439141,-1.8943337908
1.09378090415,-1.85818308369
1.09405539841,-1.8835013879
1.09296641445,-1.83738376766
1.09237542973,-1.87725346416
1.09588922916,-1.87733851162
1.09466436998,-1.85064631479
1.09170048478,-1.86822240989
1.09276619952,-1.85649454043
1.09394069223,-1.8559859657
1.09137762019,-1.85365090252
1.09218168608,-1.86054183982
1.08953817606,-1.88014853777
1.08946521893,-1.87680446219
1.09040682224,-1.85377589758
1.09061782745,-1.83318267796
1.08842239154,-1.87596942095
1.08789591295,-1.86170265536
1.08970646442,-1.81765056901
1.08857693381,-1.84760718335
1.0893010282,-1.85350828397
1.08954530267,-1.86625423604
1.08797068118,-1.8382976498
1.08906710221,-1.84815163766
1.08990685693,-1.83360907204
1.08818264316,-1.83174824033
1.08783874188,-1.82976599683
1.09001692498,-1.82506575912
1.08908002958,-1.83764268085
1.08921680175,-1.86554709845
1.08831806578,-1.85086452091
1.08660497461,-1.82282258028
1.08782164265,-1.84865345324
1.0920194785,-1.87882558958
1.08692204542,-1.83809076795
1.08612611749,-1.82909334875
1.08827310409,-1.83279427857
1.08895235661,-1.84170001935
1.08581522599,-1.82045948001
1.08752571707,-1.84156338073
1.08582487748,-1.8506430888
1.08634293887,-1.81938759791
1.08738546916,-1.82181778246
1.08690673745,-1.81740732888
1.08522816449,-1.85243878695
1.08777639,-1.83731189618
1.08631105211,-1.81353016445
1.0860223164,-1.82481116852
1.08514132847,-1.83769753412
1.08745317481,-1.87290781777
1.08519633867,-1.85438272429
1.08667703911,-1.83292638889
1.08783214303,-1.81196990028
1.08507881639,-1.82459062925
1.08535480412,-1.84754800288
1.08674929088,-1.81037641914
1.08637836229,-1.86924173164
1.0875377296,-1.87976129753
1.08620436632,-1.84253405449
1.08545411282,-1.83398632428
1.08680461664,-1.86310958589
1.08928557164,-1.82950380288
1.08562680376,-1.80498557637
1.08571138608,-1.83245223806
1.08688499776,-1.85811013492
1.08694254554,-1.83161050442
1.08445066702,-1.85484744229
1.08613824235,-1.80467595787
1.08663641648,-1.86077514053
1.08592341409,-1.80532892277
1.08592374169,-1.81990487476
1.08592566043,-1.86645097779
1.08426343891,-1.82516375967
1.08571093757,-1.85278022913
1.08564445152,-1.83526840712
1.08437073098,-1.87830021097
1.08469668297,-1.82653439991
1.08475724961,-1.83006731662
1.08310637406,-1.81616336589
1.08559470318,-1.81516078696
1.08649334463,-1.81050418533
1.08389404894,-1.85151423214
1.08325167172,-1.85880231925
1.08565656449,-1.79389822338
1.08508701641,-1.85809446964
1.0864874113,-1.87479612956
1.08539203208,-1.86400150184
1.08371472702,-1.83447334597
1.08535228598,-1.85138881525
1.08729810659,-1.83949322982
1.08400032718,-1.85713284974
1.08464364661,-1.82321220135
1.08660900788,-1.87324376557
1.08623390039,-1.82020254344
1.08466434462,-1.80754226108
1.08506538172,-1.83568347647
1.0832525972,-1.83637605593
1.08398409745,-1.81372205012
1.08694136096,-1.8339204952
1.08478355249,-1.82644818936
1.08186975459,-1.84362476434
1.08461648711,-1.84997262021
1.08389763241,-1.84589375583
1.08284373907,-1.77278587502
1.08378018827,-1.82390512718
1.08288785815,-1.81935294718
1.08060789715,-1.7894844709
1.0858263303,-1.83760685882
1.08499925685,-1.85960943654
1.08257416401,-1.8000194567
1.08191266517,-1.82212006303
1.08317365414,-1.83109758061
1.0816825118,-1.80788802214
1.08262611261,-1.81684003165
1.0827914256,-1.83410294912
1.08173586004,-1.84015946126
1.0823191887,-1.82300213456
1.08400485825,-1.82884530459
1.08033655897,-1.82526571241
1.08148488356,-1.82582672617
1.08193174227,-1.81652871578
1.08344494634,-1.8522134572
1.08220256008,-1.84767103271
1.08226079641,-1.80003723675
1.07963160936,-1.84304511825
1.08052250206,-1.80472712205
1.08287189567,-1.82744983133
1.08084138947,-1.84297569296
1.07820651923,-1.8375734997
1.11990962108,2.71157433718
1.08142415751,-2.75537387606
1.08045076177,-1.63402885922
1.08191799498,-1.33828760407
1.08204200752,-1.44012114789
1.08052811984,-1.55060074771
1.08451648508,-1.66720346146
1.08445547544,-1.79616560015
1.08286318311,-11.4988652999
1.08221272718,-2.633307476
1.08450798474,-2.76411546991
1.0824178495,-2.34992077754
1.08451956656,-2.05271627864
1.08252430847,-1.90180667879
1.08234484015,-1.76822590794
1.08270795968,-1.78683708411
1.08431932576,-1.76228452153
1.07812006728,-1.67177181782
1.08024988498,-1.81090895042
1.08286956539,-1.83220556943
1.08163352898,-1.82365775815
1.08113913229,-1.79407441258
1.08261627587,-1.80590316695
1.08019478663,-1.82362990697
1.08161116718,-1.81247498675
1.08333168231,-1.8250429603
1.08162082527,-1.81757675863
1.08142431204,-1.80808673473
1.0842024342,-1.82718088479
1.08282193727,-1.85908768572
1.08200591041,-1.80391250791
1.08254302043,-1.84263732025
1.08255179554,-1.80665144646
1.07919009332,-1.80733525587
1.08413617419,-1.81400919027
1.08189162777,-1.80872672472
1.0783848193,-1.78480092433
1.07871049983,-1.78117565742
1.07875514,-1.80552715072
1.07708648815,-1.82934843136
1.07805789254,-1.84077080102
1.07667317277,-1.82981058985
1.07562580458,-1.84094811392
1.07796037177,-1.83736451551
1.07797518842,-1.80394061838
1.07321618229,-1.80865651166
1.07590982142,-1.81334610242
1.07572007309,-1.84564252852
1.07567638817,-1.81752595745
1.07529288353,-1.81108995467
1.0779810127,-1.86782985635
1.07461285727,-1.82162208858
1.07634650516,-1.83679877594
1.07622999175,-1.78651790241
1.07403498482,-1.84354735348
1.07533227376,-1.87087751421
1.07742033643,-1.85721483861
1.07548945254,-1.80829891325
1.07623100741,-1.81492049652
1.07591700954,-1.83424676896
1.07432929115,-1.85980663886
1.07348569538,-1.82906519486
1.07778518689,-1.80687699096
1.07558802212,-1.83127502793
1.07321833072,-1.84562728119
1.07344772244,-1.8087453017
1.07327325775,-1.81327832018
1.07260730939,-1.87798193875
1.07451800148,-1.86557606089
1.07369284776,-1.85248895005
1.07174189321,-1.82390266691
1.07540877919,-1.83098256983
1.0771148048,-1.87016956812
1.07297414916,-1.85691278541
1.0742284023,-1.86125478547
1.07391850124,-1.84306748759
1.07461600826,-1.8795782
1.07418247498,-1.83211745421
1.0744408826,-1.85304863919
1.07306017642,-1.84997048344
1.07422739215,-1.86609979926
1.07519393525,-1.79805409824
1.07331137767,-1.86685253578
1.07236667606,-1.84095761079
1.07421114855,-1.84987524274
1.07380973358,-1.85668470641
1.07458646933,-1.86255390662
1.07355175966,-1.87299542583
1.07304827661,-1.86907183438
1.07267388051,-1.87786908745
1.07604097972,-1.84030451328
1.07374412484,-1.86349945713
1.07355796962,-1.82928019288
1.07476211396,-1.83838098984
1.07490128215,-1.81125130635
1.07393189755,-1.85930545549
1.05411149703,-1.8790923953
1.06748163179,-2.2506918444
1.06774974217,-2.23929745654
1.07111188426,-2.27750158529
1.07058572206,-2.25409847922
1.06601177467,-2.25668494702
1.06589270632,-2.28324014645
1.0673123135,-2.3337717046
1.06751498836,-2.30258761346
1.06627440005,-2.43560900166
1.0647910761,-2.39746257827
1.06233098039,-2.38031293591
1.06721510326,-2.30681719567
1.06482244555,-2.33600049524
1.06354905017,-2.36195981754
1.06384417244,-2.35763588566
1.06666303005,-2.3892791789
1.06336049703,-2.35119360624
1.06587078121,-2.40304456163
1.06521097273,-2.38824540766
1.0636617552,-2.36300311245
1.0635190783,-2.35330156948
1.06533303049,-2.34479471843
1.06281217958,-2.37978658939
1.0633391237,-2.36209434006
1.06422018807,-2.37910699024
1.06510388973,-2.39121410075
1.06307410667,-2.380322112
1.06510390309,-2.40288014886
1.06199070702,-2.39879859404
1.06319937791,-2.39273019548
1.06526988102,-2.38072378734
1.06533576508,-2.40043193569
1.06190467054,-2.41307583114
1.06468980862,-2.39343118413
1.06340167172,-2.35994191797
1.06202187285,-2.41216779291
1.06258298144,-2.3986977224
1.06277113906,-2.38617442851
1.06195317481,-2.4229365702
1.06364818192,-2.405039253
1.06266209235,-2.36805989673
1.06163721856,-2.37992529831
1.06209723942,-2.35739616812
1.06274111349,-2.37172987245
1.06014707672,-2.34920225465
1.06316979797,-2.37580559962
1.06180737674,-2.36014612051
1.06135067008,-2.38090443264
1.0614181789,-2.40660194132
1.06449007051,-2.37918641336
1.06020801862,-2.36142620221
1.06108114878,-2.36619389055
1.0620769966,-2.38091287905
1.06150574118,-2.38605077175
1.0625771578,-2.387511008
1.06341428776,-2.38087053421
1.05952451565,-2.37252559326
1.06135987823,-2.36687936386
1.0644097921,-2.38669504077
1.06252759699,-2.42320101509
1.06027900473,-2.33835223745
1.06274811481,-2.42499513795
1.06200012594,-2.3743402535
1.06110506665,-2.40798668742
1.06160260578,-2.37021048927
1.05914073638,-2.37352496086
1.05901335877,-2.38434784172
1.06291691869,-2.39791202517
1.06157154326,-2.34515591317
1.06003962592,-2.41043555955
1.06067720574,-2.38436231037
1.06153376913,-2.39998796699
1.05956850889,-2.35339880998
1.06158164336,-2.3742402649
1.0581971083,-2.36188806293
1.05865883031,-2.37039577861
1.06039157024,-2.38922558769
1.06318860261,-2.4176748215
1.05999220475,-2.4304087632
1.05926784845,-2.35055188873
1.06027700669,-2.38563206524
1.05906605636,-2.38510128024
1.06102183062,-2.38462634769
1.06167782513,-2.37336114781
1.0584011565,-2.37029716611
1.06109953167,-2.38995955113
1.06245060706,-2.40787218063
1.06076481786,-2.39321622153
1.05820407383,-2.35181649653
1.06182704384,-2.39620216799
1.06001410006,-2.35631693948
1.06153954873,-2.37806160234
1.06061614778,-2.3825570054
1.05878855064,-2.39822550988
1.05710074119,-2.35637347975
1.06295125501,-2.42480521318
1.06113030485,-2.38759090783
1.05860737867,-2.33712683803
1.05978728532,-2.36998028824
1.06091018706,-2.37519768889
1.05821904038,-2.33901175067
1.06059141969,-2.40203036652
1.05979525014,-2.3617667415
1.05930876962,-2.41572606199
1.05944019086,-2.35741841957
1.06059530918,-2.38341028124
1.05756742756,-2.33972439548
1.06006282632,-2.38246504842
1.05909403909,-2.37227175498
1.05896777081,-2.37079547016
1.05870890157,-2.4117251502
1.06085867481,-2.38064950828
1.05730797093,-2.33578484797
1.05995831264,-2.37618553738
1.06205613563,-2.38658606693
1.05908231911,-2.38822488685
1.05747879673,-2.36475009226
1.06000985186,-2.38901304129
1.05877468298,-2.38640802868
1.05971730712,-2.36645140615
1.06060662772,-2.37131131243
1.05872150148,-2.40155432669
1.05858421974,-2.36217781872
1.06097129327,-2.4071995763
1.0585078203,-2.37209010376
1.05740173112,-2.38666445189
1.06033549031,-2.37601236475
1.06102681597,-2.40119037736
1.05637307974,-2.37943238847
1.059236932,-2.4084548018
1.05861086987,-2.41737805413
1.05694038808,-2.41856266397
1.05693586726,-2.32756852634
1.05910223203,-2.36556539878
1.05689684973,-2.36025407272
1.05750188158,-2.36406506666
1.05655793989,-2.36878298482
1.05734709375,-2.40752971453
1.05849378344,-2.36653417275
1.05985816787,-2.41566599794
1.05583195929,-2.39243190305
1.05938223299,-5.65296229696
1.06057216347,-1.61515981155
1.05925802562,-1.86042021481
1.05844933675,-2.13514977821
1.05920466186,-2.24205202637
1.05738901026,-2.3403826031
1.05927520865,-2.40782174218
1.05942205441,-2.43583874935
1.05854388011,-1.16804403193
1.05981221795,-3.76461408371
1.05999114136,-2.40427473927
1.05696495372,-2.08301170816
1.05714575808,-2.08632655811
1.05999893453,-2.15041462754
1.06045216591,-2.20036317696
1.05712598267,-2.21580441358
1.0602051781,-2.27291199854
1.05855091156,-2.41056679703
1.05632630623,-2.36230769269
1.05887531341,-2.33802384706
1.060459843,-2.37563706129
1.05767942648,-2.34760367514
1.05934883343,-2.35253731409
1.05754550533,-2.36184692073
1.05708532156,-2.34868994987
1.0591231367,-2.34854606065
1.05964103751,-2.38623441085
1.05700205059,-2.36170468458
1.06000549335,-2.32720198221
1.05759226268,-2.35013402111
1.05729902325,-2.33775438769
1.0563372386,-2.3182481916
1.05666271415,-2.36577509529
1.05584266388,-2.3330521837
1.05715030405,-2.35358127721
1.05766580983,-2.36245510694
1.05391371187,-2.35227608833
1.05503289629,-2.35023443036
1.05840367731,-2.34360516973
1.05533279152,-2.35205773321
1.05505065761,-2.35770501063
1.05578222491,-2.37589360885
1.05725792847,-2.35704205347
1.05625438815,-2.33261301497
1.05775172216,-2.36518374566
1.0536807186,-2.36217530246
1.05481977311,-2.36140426536
1.05602443786,-2.33971117848
1.05573433796,-2.36131134413
1.05457837486,-2.34791308822
1.0569812638,-2.36733888733
1.05534958435,-2.36090372031
1.05367078212,-2.3492578938
1.05466499499,-2.37311986313
1.05370146927,-2.37369372423
1.0511495505,-2.32264966918
1.05602652589,-2.40209435335
1.05623827142,-2.3311992899
1.05358757324,-2.35894845544
1.05326388655,-2.37605789144
1.05359085013,-2.35428426065
1.05407715891,-2.37146817991
1.05624302433,-2.3318287569
1.05423666781,-2.37540587919
1.05323119312,-2.36406197151
1.05517087776,-2.34835036057
1.05702012644,-2.34864343756
1.05276435768,-2.36421939791
1.05396969654,-2.38465584152
1.05416159442,-2.34997848886
1.05466737721,-2.34901111614
1.05419035983,-2.36812420381
1.05437056757,-2.33922765163
1.05146864898,-2.33837465676
1.0531623014,-2.36336987302
1.05412944003,-2.31597438881
1.05373177515,-2.35141784017
1.05272106192,-2.36524574083
1.05563820334,-2.38859154766
1.05289442682,-2.35050616453
1.05411537972,-2.35608963192
1.05411717207,-2.3534042646
1.05311898677,-2.36807112581
1.05050902701,-2.35028655812
1.05615404215,-2.3784249632
1.05514066207,-2.38200880677
1.05433309401,-2.35615929027
1.05294205495,-2.34147190782
1.05259873389,-2.35205818252
1.05071643729,-2.34769658312
1.05291223779,-2.32712699019
1.05232585763,-2.35760414015
1.05122388589,-2.33917127498
1.05314781784,-2.34955428533
1.053567084,-2.387216302
1.04963501704,-2.38040451646
1.05126029996,-2.37998803366
1.05100353682,-2.30527584566
1.05217068853,-2.36932526926
1.05111172546,-2.40773154523
1.05289332587,-2.39607623847
1.04906527384,-2.33502992576
1.05129117246,-2.38188911564
1.05168435497,-2.37766784126
1.05107015738,-2.38523581401
1.05078841097,-2.37050215308
1.05219709035,-2.36276682094
1.05102482822,-2.36932262722
1.0518629808,-2.35361012956
1.05293963666,-2.35429940683
1.05118229303,-2.36763497202
1.049089401,-2.33507906214
1.05258318226,-2.34438092586
1.05183898098,-2.35549416078
1.05010117198,-2.38830596101
1.05083265118,-2.33096108252
1.04991103575,-2.36860393139
1.04983693821,-2.38784260699
1.05126126113,-2.35449372002
1.04980826617,-2.34712898265
1.04909298638,-2.33983595809
1.05153905255,-2.33043875211
1.05432274838,-2.35974092811
1.04977579735,-2.34769588991
1.04977373876,-2.32456594464
1.05110884536,-2.35941336433
1.05205629209,-2.3367580267
1.05408677909,-2.36781419706
1.05402031936,-2.36311552587
1.05168820853,-2.35157751343
1.05492983675,-2.35352766581
1.05867044954,-2.35613795144
1.05707858752,-2.36054255048
1.05672750244,-2.3715353732
1.05907585824,-2.35742983099
1.05663037053,-2.33013841965
1.05934639094,-2.35605893392
1.06062997499,-2.36005777037
1.05970529529,-2.37750729187
1.05718713962,-2.36675421041
1.06098429443,-2.37032504976
1.05882765837,-2.3746362832
1.05748742892,-2.32852131538
1.05799014644,-2.35472873847
1.05859456941,-2.39069483709
1.05748744686,-2.34231708115
1.05953765894,-2.39499282133
1.05627201373,-2.36239909856
1.0556159073,-2.36688816319
1.05817582322,-2.38047359306
1.06078117081,-2.34588483687
1.05755261668,-2.36898534835
1.05847589095,-2.37461625374
1.05686008534,-2.34812215798
1.05659398781,-2.38179967468
1.05674551088,-2.34417172466
1.05650040815,-2.34975578206
1.05334555739,-2.38172380542
1.05724993779,-2.3557896335
1.05531663103,-2.36558101314
1.05274408874,-2.35481267115
1.05228218127,-2.40050035427
1.08526493779,2.00990066341
1.05046828411,-3.17105903732
1.05055541822,-2.02415527353
1.05232914219,-1.7926494526
1.04951079926,-1.84150018258
1.04927206656,-2.0043183886
1.05197443122,-2.1834957643
1.04988549025,-2.25848847595
1.05008529385,-9.66674415251
1.05244746984,-3.38117795157
1.05122142926,-3.12645728529
1.04967011982,-2.71867396172
1.05218700809,-2.60313528622
1.04851196251,-2.46699795145
1.04881325525,-2.39803379173
1.05064656956,-2.39575672016
1.05110975258,-2.38047550705
1.0477817015,-2.25517352499
1.05042753839,-2.35750828349
1.05019828162,-2.41623983138
1.04978751685,-2.40454497502
1.04974930315,-2.32639244316
1.04992037188,-2.37043591397
1.04809734975,-2.37574235102
1.05189749785,-2.35881445475
1.05170571369,-2.35167400519
1.05007248041,-2.36083915538
1.05109046429,-2.37638216147
1.05092929396,-2.35635526627
1.04788508558,-2.3646343488
1.05013011702,-2.36305892327
1.05181654444,-2.34924636499
1.0500159213,-2.37125380548
1.04824856992,-2.3797266076
1.05086326429,-2.35240780436
1.04772184591,-2.3268182871
1.04920963264,-2.36060491568
1.04946195079,-2.36302426486
1.04821698394,-2.36860027266
1.048635213,-2.37903065
1.05107637091,-2.40742479
1.04751242556,-2.36327487737
1.04999864128,-2.36407018366
1.04989740918,-2.3598161164
1.0501430391,-2.36027537006
1.04775453606,-2.38555985664
1.05002398679,-2.33853134595
1.0484828018,-2.32724979407
1.0493157589,-2.38308240237
1.04962874784,-2.38108235119
1.04687412824,-2.37537761335
1.04551550573,-2.3690108887
1.04917115261,-2.31151974782
1.04955919046,-2.36189911982
1.04794331954,-2.38864542172
1.0470425462,-2.39473862846
1.04657989476,-2.31809624989
1.04437103305,-2.36890734721
1.04797594223,-2.3657391493
1.04633474056,-2.37620787178
1.04568502897,-2.37012276618
1.04573547054,-2.35413858195
1.04813967457,-2.35170291393
1.04599353942,-2.40247253018
1.0458684106,-2.33164915846
1.04573165211,-2.34105508339
1.04486150734,-2.35699756463
1.04535937658,-2.38873641687
1.04785840675,-2.39092372619
1.04369022363,-2.35473561732
1.04477340647,-2.35014842257
1.04590151621,-2.35765689738
1.04699192769,-2.35545000907
1.04371099663,-2.35140828122
1.04530588243,-2.37253249867
1.04352201462,-2.33397103347
1.04662521968,-2.36931367709
1.04600659638,-2.33522488175
1.04428184393,-2.38932926044
1.04197437745,-2.34769421975
1.04673122206,-2.37914619283
1.04535550626,-2.33933838157
1.04441912627,-2.39613587662
1.04548659239,-2.41388743951
1.04428525019,-2.31268322218
1.04309451301,-2.37804636343
1.04493854708,-2.39886537429
1.04298764514,-2.32996109649
1.04227185286,-2.34469684429
1.04441403877,-2.33587442748
1.04619193542,-2.36143358213
1.04340987769,-2.38170269389
1.04429914713,-2.34688876682
1.04308284114,-2.36535102163
1.0427220432,-2.34995604098
1.04504015801,-2.38370342757
1.02570748508,-1.99187500698
1.03894717746,-2.49947808994
1.04081528398,-2.00227064649
1.04096538229,-2.41914503972
1.04007187629,-2.37085726306
1.04106025579,-2.41214274994
1.04228009971,-2.39171141983
1.03964672733,-2.44438413025
1.04139837726,-2.3509325033
1.03935690054,-2.55919512357
1.04076837846,-2.62688398659
1.04116393929,-2.58884372307
1.04113570957,-2.49130289203
1.0368750471,-2.56478912348
1.04042287218,-2.55573060523
1.04169300531,-2.59625783576
1.04038383979,-2.62826583215
1.03782261056,-2.60094294726
1.04061524751,-2.59583380053
1.03855711096,-2.56916105577
1.04129950484,-2.63798255358
1.03958616557,-2.55931052534
1.03884309506,-2.59771405372
1.03939754817,-2.588552595
1.04242206727,-2.59558596477
1.03854695056,-2.57665892185
1.03988523151,-2.64974967783
1.04003762206,-2.64968136147
1.04113238171,-2.62974376354
1.03891994737,-2.60160124687
1.04166388056,-2.63074797025
1.03773212958,-2.6127881179
1.03796375182,-2.64118036993
1.03993767503,-2.61744779513
1.0389741652,-2.6174251616
1.03661698617,-2.64197402995
1.03841824213,-2.64158005586
1.03770495805,-2.61468043
1.03847017113,-2.63210331018
1.03738703824,-2.60948512667
1.03888374446,-2.66329613594
1.03539691828,-2.61756343414
1.03962277275,-2.63618974406
1.03782103845,-2.66586120873
1.03621408458,-2.59059927316
1.03545443393,-2.6177525499
1.03693262994,-2.57328352064
1.03722478564,-2.62741329332
1.03896980818,-2.65509542788
1.03662724048,-2.65193106615
1.03650024271,-2.67361523431
1.03724322459,-2.61970034018
1.04029426514,-2.65275875915
1.03602093567,-2.6059194596
1.03716859779,-2.64163378072
1.03768215197,-2.64402336735
1.03951654968,-2.62383414672
1.03779681446,-2.62245184572
1.0395473162,-2.65181306294
1.03807773157,-2.66253738569
1.03866553376,-2.60761258164
1.03948846648,-2.64812272752
1.03842765773,-2.62133094181
1.03662749893,-2.64639009667
1.03967922832,-2.62933279527
1.03942538583,-2.65552283472
1.03915796472,-2.66092921009
1.03893228967,-2.63041592325
1.03911328364,-2.66080228325
1.03596077893,-2.61695321662
1.04091869169,-2.66076985211
1.03953723922,-2.65526738216
1.03910205706,-2.68638697645
1.03801097547,-2.64186939048
1.03922139625,-2.66110984549
1.03867824413,-2.64305221296
1.04115247888,-2.64997388209
1.03956367497,-2.65771002029
1.03969338222,-2.69374553663
1.04002385332,-2.6180069609
1.04270706992,-2.66320778818
1.03938935911,-2.69442927133
1.04071541255,-2.64058158394
1.04214443006,-2.64927102964
1.04145976426,-2.64086109159
1.03989834929,-2.65581999266
1.04125841818,-2.69918489951
1.0387194795,-2.65253471101
1.04139137062,-2.64905948818
1.03997912445,-2.63340886252
1.04052356087,-2.70896036449
1.03883287685,-2.70339583092
1.041645821,-2.67262627379
1.03778288505,-2.62795915962
1.04026533696,-2.64476376933
1.04050708712,-2.66821021842
1.04029356051,-2.67213344923
1.03669872469,-2.62694436957
1.04085993448,-2.66828071574
1.03924554548,-2.63381288577
1.03842022858,-2.61179771633
1.03718286765,-2.64029041285
1.03974013663,-2.64367697558
1.03787715112,-2.67666713216
1.03923095381,-2.65042704731
1.03667122634,-2.63646009087
1.03722343121,-2.67415648084
1.03846879137,-2.6428264981
1.04030533558,-2.67538184053
1.03573201816,-2.64467218554
1.03747302574,-2.63517806344
1.0380525736,-2.68665173273
1.03769911128,-2.6609077456
1.0372380286,-2.6541805159
1.03810841681,-2.65152121825
1.03445666538,-2.64737054698
1.03747139954,-2.66410174351
1.03833609932,-2.68385303954
1.03855905497,-2.66361189028
1.03563429574,-2.65035469757
1.03789989971,-2.65556618766
1.03640625647,-2.63813282908
1.03909733172,-2.64509115191
1.03980808706,-2.66810681638
1.03820871333,-2.69985096475
1.03628717906,-2.671400223
1.03969574912,-2.69957454777
1.03767672975,-2.65504302903
1.03739655225,-2.70005558189
1.03709480693,-2.65352161982
1.03855262765,-2.6984442035
1.03829240866,-2.6710011903
1.03898440867,-2.64399514013
1.03608221025,-2.65050347293
1.03595092496,-2.64057285344
1.03771853659,-2.67203995436
1.03881380047,-2.65649533848
1.03552470248,-2.65610270551
1.03783359925,-2.67939640573
1.03572067706,-2.63432039793
1.03833779923,-2.68823004307
1.0366972139,-2.66851310637
1.03691858155,-4.64740189385
1.03502077433,-1.969842883
1.03657188465,-2.18951099165
1.03877102617,-2.43295483526
1.03640344003,-2.52036331431
1.03600043395,-2.64903202105
1.03834148804,-2.70222838133
1.03566585127,-2.72384827005
1.03935994104,-3.35055688764
1.03625513923,-3.38498439422
1.03787640672,-2.47735497375
1.03593213173,-2.35817918068
1.03979508886,-2.46055952631
1.03550057509,-2.53008400405
1.03633082731,-2.56532539425
1.03587244304,-2.57455528337
1.03628656318,-2.59478602498
1.03828200982,-2.86453023755
1.03900019411,-2.78246026898
1.03516733534,-2.71245338771
1.03532982641,-2.65162303013
1.03707753307,-2.65093604494
1.03801782419,-2.67284416654
1.03454335931,-2.64858207256
1.03702063148,-2.66949005766
1.03620027214,-2.6305838796
1.03735299355,-2.68707554257
1.03642496724,-2.7008005712
1.03607037328,-2.67240248708
1.03514297198,-2.66320566837
1.03865935687,-2.66906432268
1.03673451696,-2.69219515862
1.03649850041,-2.67538667316
1.03671339521,-2.65818629956
1.03887092144,-2.6463168482
1.03657348782,-2.63276553702
1.03840004475,-2.63375762325
1.03903635224,-2.69191144974
1.03834740506,-2.68154685987
1.0371349991,-2.69827156846
1.03897789298,-2.64063977676
1.03752443596,-2.66272046331
1.03877003081,-2.69196472676
1.03693219307,-2.67934737339
1.0373508069,-2.68207323245
1.03714439505,-2.67269473194
1.03978776854,-2.67391224494
1.03695250847,-2.67060342623
1.03626086549,-2.61402466661
1.03733911059,-2.66233728348
1.0368193165,-2.70894330889
1.0346695414,-2.68918596385
1.03738125984,-2.65338946435
1.0377774871,-2.64998617754
1.03720832677,-2.68785710914
1.03524668527,-2.65866400734
1.03660119766,-2.63889142959
1.03388504282,-2.62578374074
1.03761402742,-2.64073295769
1.03634563742,-2.65100517062
1.0356792593,-2.66946868372
1.03452256749,-2.63574254077
1.03556774869,-2.63846553562
1.03372316664,-2.65049686575
1.03622932927,-2.62701896896
1.03575654597,-2.71498593612
1.0331054111,-2.65236332243
1.03254640273,-2.63138300183
1.0373163618,-2.70187558051
1.03350039601,-2.66064585156
1.03483839207,-2.67121340851
1.0337041756,-2.64765740615
1.03454738026,-2.65787595032
1.03429961135,-2.65926627846
1.037455553,-2.67367707006
1.0337152221,-2.65853999424
1.03564696755,-2.64365074308
1.03672618676,-2.61995524386
1.03678765724,-2.70956565491
1.03501518978,-2.64640169183
1.03712502591,-2.64847790527
1.03583288122,-2.64422556889
1.03618411145,-2.64358080977
1.03722249351,-2.64851938504
1.03650851726,-2.63615353406
1.03415695481,-2.67315467113
1.03782807638,-2.65717895353
1.03618072017,-2.62219614115
1.03541170007,-2.65752062032
1.03472238084,-2.67222873176
1.0366120015,-2.67276698251
1.03452372808,-2.68074817768
1.03807246693,-2.69363563085
1.03488239504,-2.67982604369
1.03410684728,-2.63837225766
1.03502905221,-2.6166513258
1.03780617,-2.67496303481
1.03574833979,-2.65850296628
1.03578021988,-2.68182412434
1.03526853926,-2.67869745732
1.03650795274,-2.64448192013
1.03623658049,-2.65856292846
1.0374380306,-2.72924784604
1.03375456636,-2.65787097268
1.03600400673,-2.64940265746
1.03683421155,-2.64742155505
1.03729993603,-2.66631043976
1.03345770495,-2.65310667122
1.03611387996,-2.67279612741
1.0345291855,-2.64631611114
1.03548910843,-2.64995296028
1.0350003781,-2.66522319411
1.03383070661,-2.62727712822
1.03200615252,-2.64816488948
1.03632277892,-2.65629747013
1.03494539629,-2.68211013073
1.03253376602,-2.68185345144
1.03391479821,-2.67294121985
1.03499406251,-2.63655554494
1.03319655269,-2.67805921984
1.03568661845,-2.64899268112
1.03298468564,-2.68505686525
1.03287871563,-2.62280392691
1.03408776514,-2.65377342623
1.03478943031,-2.62787220512
1.0323649957,-2.64116849722
1.03405492062,-2.65504879834
1.03328365865,-2.64992954974
1.03362131598,-2.6417119481
1.03453342443,-2.61442719757
1.03573148334,-2.64367750563
1.03081718375,-2.62100736732
1.03441500734,-2.60833681856
1.03519040474,-2.64249594791
1.03537524022,-2.67533092639
1.03343677658,-2.68127945627
1.0352807414,-2.63815147198
1.03412316113,-2.66084209092
1.03566056431,-2.62851804891
1.03467076646,-2.64781395791
1.03438293747,-2.63538282456
1.03417339452,-2.65776647299
1.03751288742,-2.65530013905
1.03362546006,-2.64596398871
1.03297943559,-2.66635267763
1.03449046369,-2.66928218783
1.03441832313,-2.65543771288
1.03243688461,-2.61393836686
1.03553619748,-2.62919683339
1.03267021906,-2.63555029831
1.0325547152,-2.64787758427
1.03215855526,-2.65863333002
1.03418120208,-2.66463734917
1.03274728414,-2.64299205087
1.03318262935,-2.6406481147
1.03311114885,-2.6708320433
1.03266622684,-2.65926600262
1.03547253836,-2.64722236739
1.03450665936,-2.66634639661
1.03184907546,-2.65505806025
1.03443412112,-2.66148048406
1.03508780085,-2.67783888681
1.06093757965,1.36995091191
1.03237361531,-3.19087407448
1.03471365544,-2.30416368765
1.03346706776,-2.08515468021
1.03539870918,-2.24514724418
1.03382833152,-2.39381320492
1.03196263714,-2.46374594154
1.03254118281,-2.58532061637
1.03545591069,-9.04125722601
1.03311123584,-3.34168603003
1.03453859097,-3.38826977998
1.0328872951,-2.98595608325
1.03277388469,-2.85172364259
1.03347329723,-2.7641599288
1.03556276067,-2.65723488466
1.03352623155,-2.65006715057
1.03151345982,-2.6384538526
1.03224811319,-2.47433922299
1.03452356119,-2.74906886159
1.03332753629,-2.8010295903
1.03519908413,-2.6958211247
1.03410262468,-2.7055947345
1.03375279198,-2.6395873025
1.03313960368,-2.65137969994
1.03387060314,-2.66834702073
1.02978759195,-2.6353923357
1.03364188648,-2.64579693285
1.03401195103,-2.67856866952
1.03279552844,-2.68237552944
1.03163302504,-2.66299720043
1.03225605235,-2.63141408659
1.03186534931,-2.60651277401
1.03446095971,-2.64514686726
1.03368909418,-2.64450354221
1.03156216479,-2.62568182939
1.03215772912,-2.65386746208
1.03485111888,-2.66647123812
1.0325461589,-2.61104679991
1.03334065997,-2.64973045952
1.03290512189,-2.62461359896
1.03374681984,-2.67999630871
1.03315427227,-2.65456282791
1.03557856974,-2.65273534469
1.03202146382,-2.6347134444
1.03302343759,-2.62913718077
1.03438334424,-2.65216463292
1.03262715645,-2.65685685318
1.03074192447,-2.63545268173
1.03341506672,-2.68659036763
1.03219086258,-2.64846109534
1.0314422405,-2.6221139349
1.03378941503,-2.6505329691
1.03321208237,-2.63715276997
1.0293931625,-2.63976454008
1.03298175776,-2.6351783699
1.03303066923,-2.65619048407
1.03161023944,-2.66163106891
1.03149585503,-2.66345784366
1.03271319569,-2.6508990473
1.03082311393,-2.63384891768
1.03340794675,-2.62565898169
1.03102593054,-2.62154572831
1.03205101072,-2.67565628766
1.03171070483,-2.66914628542
1.0336266076,-2.63151901091
1.03008411924,-2.66525211998
1.03237433204,-2.66035946436
1.03284071682,-2.64125774251
1.03211879484,-2.6753722457
1.03216937886,-2.65313645204
1.0333395901,-2.64724054952
1.03094180063,-2.65592742198
1.03249608733,-2.65711691588
1.0324460172,-2.65219370202
1.03237587614,-2.65202266109
1.03092013884,-2.66237075989
1.03296099737,-2.66277725118
1.02908031636,-2.67099733903
1.03103282484,-2.62370251231
1.03234146179,-2.66881933986
1.03187309068,-2.64136409107
1.0288867828,-2.65085658771
1.03326484489,-2.70664205443
1.03096696198,-2.65135875252
1.03016118752,-2.64074106922
1.029595325,-2.63465179665
1.03337359039,-2.67283343249
1.03066640302,-2.69027181161
1.03256668993,-2.6705154373
1.02935198494,-2.65262718955
1.02999343189,-2.63998416844
1.03259038671,-2.65425480525
1.03480168056,-2.66205910774
1.03163074855,-2.70449743014
1.0323130578,-2.65160477177
1.03320275601,-2.68742495352
1.02022778962,-1.79215645443
1.03768359385,-2.46943986412
1.03857402144,-2.63437150653
1.03484362592,-2.59062113814
1.03584410211,-2.55427637166
1.03594617825,-2.56369979697
1.03654591112,-2.64060831782
1.03487473258,-2.62712756703
1.03728460751,-2.65705267604
1.03235934091,-2.70870301474
1.03530951651,-2.77019040532
1.03602996477,-2.71778642097
1.03387226622,-2.70212649658
1.03311258195,-2.73144307553
1.03633776674,-2.72341814691
1.03509215159,-2.73049286665
1.03442272019,-2.74572827705
1.03290186471,-2.71116639086
1.03453255126,-2.75830232048
1.03331120968,-2.68717588058
1.03612645072,-2.72910097967
1.0340754145,-2.68927709981
1.03206582337,-2.75408566106
1.03190808799,-2.69071577752
1.03469540552,-2.72528989949
1.03173192289,-2.7274195569
1.03228194469,-2.71677210839
1.03151130159,-2.72910505891
1.03210584214,-2.75264082805
1.03297488283,-2.7199920184
1.03353919,-2.75674374396
1.0309883521,-2.71442924743
1.03182366751,-2.7479218641
1.03353356421,-2.75601399552
1.03309098489,-2.73589687322
1.03159013466,-2.70278346993
1.03352246779,-2.76134772959
1.03107302004,-2.75979542771
1.0343664927,-2.75864171427
1.03287774361,-2.71607672086
1.03292283104,-2.7673870501
1.03198834296,-2.74601082807
1.03456411288,-2.74448051183
1.03315713316,-2.75200727469
1.03349312674,-2.78035375929
1.03263487651,-2.74179218286
1.03288851638,-2.73823642709
1.03370432253,-2.76801679885
1.03529605886,-2.72726749748
1.03236675719,-2.73647999275
1.03192758511,-2.75277932806
1.03403047341,-2.72708890352
1.03512411345,-2.7666664563
1.03136687675,-2.73246608486
1.03396517834,-2.7536198309
1.03302737755,-2.77395159043
1.03343035541,-2.77237753042
1.0327189743,-2.71712586143
1.03275226724,-2.75970953795
1.03128317661,-2.75927550026
1.03371583815,-2.73683950828
1.03404760955,-2.79768248749
1.03346692375,-2.77099377369
1.03216741784,-2.73796220958
1.03387796385,-2.76322558093
1.03096211966,-2.73887713415
1.0338931165,-2.76458597353
1.0347665056,-2.7767085324
1.03312105579,-2.76129517065
1.03239096065,-2.77371189272
1.03509414453,-2.77171088899
1.03240763791,-2.76896846136
1.03337958393,-2.75894696282
1.03188575163,-2.71689249773
1.03245031545,-2.73258100817
1.03232433027,-2.7682089864
1.03424631696,-2.74967951942
1.03034815041,-2.71500724231
1.0306200889,-2.7695531612
1.0324068772,-2.76464026646
1.03374280929,-2.79617818655
1.03006347536,-2.74996678572
1.03284726866,-2.76167927371
1.0317979089,-2.75488121363
1.0315227524,-2.74476132401
1.03147612293,-2.71845841016
1.03303038677,-2.78824441387
1.03023965558,-2.7458695787
1.03273560994,-2.75422842974
1.03100889923,-2.75828419901
1.03206517946,-2.78015115886
1.03275291594,-2.7375889705
1.03243236329,-2.76160641733
1.03031247352,-2.76360473433
1.03365300018,-2.77897096529
1.03333291484,-2.73087938271
1.03160910008,-2.75354837328
1.03028180484,-2.76406793567
1.03492356879,-2.76011911699
1.03148482988,-2.74462072422
1.03226213949,-2.77893767042
1.03119299808,-2.74303632278
1.03206663156,-2.78750185761
1.03290490027,-2.75557695306
1.03550084814,-2.7420376395
1.03062683981,-2.75911469247
1.03150241933,-2.77703434947
1.03361822773,-2.77080943416
1.03333665655,-2.7635606447
1.03211706737,-2.76561769044
1.03225894358,-2.82087124619
1.03086495623,-2.80553856348
1.03130968106,-2.78261445079
1.03361642669,-2.75418341541
1.03297561076,-2.7789364243
1.02968136716,-2.74684278824
1.03236132853,-2.76529519651
1.03145388363,-2.76815899778
1.03198264996,-2.77946670322
1.03104966848,-2.75886962953
1.03242182289,-2.77822411054
1.02998809083,-2.73828757849
1.03302369754,-2.73393648266
1.03073298925,-2.75042139513
1.02856622792,-2.7254291703
1.03021022329,-2.75537267409
1.03288939236,-2.78768082179
1.03032285341,-2.77209107361
1.03169218815,-2.79265264795
1.03073552403,-2.73127320058
1.03024861087,-2.78589880015
1.03199350821,-2.78225414311
1.03458070963,-2.79650609361
1.03037795456,-2.78524717136
1.03121235694,-2.76857704963
1.03204671835,-2.77253967454
1.03273274757,-2.780008035
1.03052863937,-2.77517530244
1.03308024885,-2.78969042022
1.03110072571,-2.7620384686
1.03207224377,-2.78254352986
1.03298502894,-2.76284028631
1.03111661954,-4.10747101832
1.0300825176,-1.98607548967
1.03400171687,-2.35683160926
1.03134736523,-2.56611813262
1.03067856838,-2.70225290929
1.03108143803,-2.79807342284
1.03184600146,-2.82791176735
1.0292465252,-2.81873489693
1.03327041381,-4.52726488607
1.03187957566,-3.71602612826
1.02873919846,-2.5405056292
1.02902152274,-2.47435599197
1.03072366667,-2.62082369124
1.02910953452,-2.6945078117
1.03124613115,-2.70865456369
1.02873151472,-2.71594302657
1.0293904658,-2.74417408766
1.03154026047,-2.80055264969
1.03295138004,-2.78743688228
1.02972636381,-2.79693814687
1.03222201196,-2.82184471871
1.0338390081,-2.80943668823
1.03249403577,-2.78466888402
1.03144439974,-2.8168137986
1.03402946237,-2.807550964
1.03214368582,-2.83614082057
1.03363200389,-2.79870406099
1.03383788111,-2.84227578581
1.03192738025,-2.78637339039
1.03153966752,-2.78358152317
1.03422888319,-2.80594101177
1.03093001136,-2.78485924918
1.03232250307,-2.82108927651
1.0329816875,-2.74995468117
1.03334748921,-2.81492855742
1.03096074434,-2.79195002747
1.03381752101,-2.79025339942
1.03318539699,-2.79552466262
1.03302613311,-2.77072350714
1.0333747722,-2.7971543458
1.03575656372,-2.81172875706
1.03450504608,-2.80725430215
1.03747150658,-2.75037573694
1.03665182161,-2.78189126785
1.0387284064,-2.85177000397
1.03927994592,-2.7589424481
1.0390551542,-2.78648438671
1.03614273506,-2.79316487059
1.03854354358,-2.76183338239
1.03921426916,-2.77526922365
1.03754288474,-2.76653280369
1.03522860591,-2.78640738296
1.03687201257,-2.81863015212
1.0337607922,-2.74526592758
1.03647557076,-2.80509885237
1.0360210513,-2.73312145796
1.0347168118,-2.73198946992
1.0329145433,-2.71587265934
1.03626948366,-2.77018491358
1.03534409284,-2.78331604062
1.03648745212,-2.81638218745
1.03560120969,-2.76452481727
1.03560732073,-2.80301255821
1.03450955706,-2.77460126402
1.03872845867,-2.78236262856
1.03631385766,-2.7664783441
1.03520779187,-2.7534825865
1.03627965654,-2.74984457067
1.03727331395,-2.77128806384
1.03464602744,-2.74902679191
1.03497441148,-2.74742712641
1.03246837572,-2.74584119675
1.03215968666,-2.76739568132
1.03216326809,-2.76560903023
1.03250361296,-2.74929583139
1.02773390738,-2.7164840202
1.03004332052,-2.73456996502
1.02968631379,-2.75231538347
1.02944758192,-2.77721340116
1.02980467301,-2.72790005935
1.03054120789,-2.80689456896
1.02881323917,-2.75103753702
1.03059225082,-2.74730940065
1.03040100261,-2.74625384559
1.02941295885,-2.75880304815
1.0296896984,-2.75805583814
1.03305760197,-2.75483257565
1.03142796085,-2.7928671751
1.03168176881,-2.75371273259
1.0303541701,-2.76731119675
1.03066712879,-2.72866680211
1.03165816547,-2.77881379601
1.03403283071,-2.75539197664
1.03084812771,-2.75603614302
1.0312224409,-2.77667836612
1.03223455015,-2.79111081354
1.03198586298,-2.78037746743
1.030614432,-2.74624544705
1.03225374958,-2.7480373759
1.0301362619,-2.76482434512
1.03136265568,-2.78540698277
1.03333368217,-2.75907020164
1.03298166915,-2.76313897905
1.02980303363,-2.77758124028
1.03230910539,-2.77735166207
1.03172734524,-2.79272090388
1.03184613139,-2.74119439817
1.03058551229,-2.75084756689
1.03034652814,-2.78304373996
1.02964460359,-2.77410185288
1.03288583435,-2.78140213422
1.03075464769,-2.74736073202
1.02901756945,-2.79572704453
1.02911439075,-2.72774896855
1.03258069187,-2.76236719644
1.03013208936,-2.77595762455
1.03196957773,-2.75744429365
1.0301529304,-2.77849338062
1.03120037296,-2.75790395079
1.03059812644,-2.76337868333
1.03349971146,-2.79286203998
1.03048267871,-2.74205616755
1.03213219673,-2.78764135173
1.03191978028,-2.77291237367
1.03201497014,-2.7767889314
1.03223250161,-2.7645441864
1.03482507912,-2.78106594178
1.03181016351,-2.79538418694
1.0332365562,-2.77771728401
1.03373303305,-2.76040471214
1.03380187051,-2.79497042955
1.03094049148,-2.76186224126
1.03403989413,-2.79269615057
1.03334624224,-2.76290071243
1.03299312031,-2.73853526889
1.03143043918,-2.76952704108
1.03346991088,-2.78500167498
1.03116024723,-2.7509852255
1.03422184846,-2.76480971473
1.03187030082,-2.76098818119
1.03058795313,-2.76547985114
1.03234640596,-2.7633083706
1.03449546528,-2.79904158196
1.03111254332,-2.77650541354
1.03428439249,-2.79036142764
1.03345884645,-2.78017336525
1.03188786996,-2.73964243969
1.03267096577,-2.75131370692
1.03612598013,-2.72926896755
1.03299220731,-2.74636645624
1.03447846296,-2.77872809433
1.03422852431,-2.78592020034
1.03399529658,-2.77572189793
1.03342143867,-2.75847378715
1.03459707294,-2.80325977095
1.03149759149,-2.77876137946
1.03479640455,-2.78869537614
1.03497452981,-2.77133572541
1.03321016515,-2.79832027299
1.03057226219,-2.76405780254
1.03346715763,-2.80230481389
1.03202877805,-2.77182153106
1.05783731452,1.38561329281
1.03259151701,-2.79043298368
1.03143876519,-2.00019788759
1.03069866618,-2.11933286265
1.03509764281,-2.37272130451
1.03205000338,-2.57210174871
1.03126391283,-2.72302518429
1.03198715684,-2.83147823248
1.03362904949,-9.09274752916
1.03212274743,-3.73490469858
1.03438547335,-3.5253651621
1.03077671421,-3.1144183597
1.03138767299,-3.01169026202
1.03342283669,-2.92852569942
1.03414275227,-2.86507536538
1.03045726006,-2.74177533084
1.03165912188,-2.7878367136
1.03204523392,-2.51163787155
1.03365739108,-2.82002156565
1.03182372627,-2.77966869398
1.03340427028,-2.77593342869
1.03075617547,-2.79878474646
1.03377666227,-2.78023219868
1.03434941677,-2.77475913636
1.03443822423,-2.80023110031
1.03169185618,-2.81017750851
1.03469349456,-2.76702469933
1.03307564501,-2.80722628647
1.03368677139,-2.78544215125
1.03344582169,-2.75942590391
1.03279479466,-2.77516128321
1.03132313659,-2.75740042212
1.03564613244,-2.76370074262
1.03234059081,-2.77717647732
1.03123145637,-2.76661306934
1.03360117605,-2.76290632835
1.03527567316,-2.82242392811
1.03079501355,-2.78831494259
1.03300325722,-2.76639575471
1.03174408005,-2.82361352681
1.03261356115,-2.8015176225
1.03324255939,-2.77560329876
1.03308589256,-2.76952416722
1.02966322656,-2.77238453538
1.03235252038,-2.75256754619
1.03238756304,-2.73691906292
1.03240953387,-2.75109024637
1.03235333092,-2.76446187357
1.0346306729,-2.77716476366
1.03133297751,-2.82864044656
1.03315147785,-2.78096591688
1.03456689558,-2.78034755761
1.03342471617,-2.77236716624
1.03282310912,-2.7857472941
1.03572374154,-2.81706032257
1.03300362818,-2.799724554
1.03319713953,-2.74161391302
1.03364013734,-2.79198006803
1.03288795595,-2.77254501131
1.03275639138,-2.76820741014
1.03687948653,-2.81767007563
1.03239630666,-2.79342484464
1.03219048213,-2.77377325022
1.0331656101,-2.77998733214
1.03389012389,-2.75915407886
1.03126277502,-2.79167647474
1.03506169596,-2.80508839463
1.0327520839,-2.81069401228
1.03211701139,-2.78433060201
1.03243395478,-2.76170030049
1.03443367588,-2.79968566268
1.03090948622,-2.77451959087
1.03339174523,-2.77628754496
1.03167412291,-2.75385104428
1.03212433412,-2.80856428148
1.0331851751,-2.77402490481
1.03352705109,-2.78539914131
1.03138608275,-2.75936105203
1.03367550315,-2.77417468254
1.03392369193,-2.80541414308
1.03307369537,-2.84874693135
1.0312457861,-2.77141681444
1.03474345763,-2.7590827361
1.0333113558,-2.80936348259
1.03392755877,-2.78475724596
1.03229498489,-2.76752721168
1.03164617895,-2.78763834931
1.03230914438,-2.79600587565
1.03625866436,-2.81098633852
1.03272055888,-2.78147571569
1.03302942463,-2.79722353474
1.03353941278,-2.81400949815
1.03410718205,-2.78519894195
1.03287299342,-2.81471960103
1.03438288556,-2.76568559921
1.03226911748,-2.77779256239
1.02315151321,-1.74610634816
1.03983737561,-2.34995665671
1.04097083898,-2.37497813346
1.03761601209,-2.45840019259
1.04038218744,-2.4418046737
1.0381157045,-2.38622948033
1.03943324797,-2.5382248588
1.03941726144,-2.53722653079
1.03993196895,-2.5419246626
1.03486802038,-2.81519903512
1.03852404583,-2.80240961953
1.03705880501,-2.77175562777
1.03615267674,-2.73146150172
1.03587372561,-2.72028573014
1.03771027527,-2.78909956834
1.03637500315,-2.73096855708
1.03749121573,-2.79880792201
1.03568946857,-2.75953273864
1.03534600052,-2.81030792607
1.0355063593,-2.72874166335
1.03901664899,-2.75039033566
1.03476760447,-2.75942752462
1.03624978037,-2.7578754291
1.03721066473,-2.74417079026
1.03792478669,-2.76811833397
1.03581601071,-2.74565262622
1.03791401538,-2.79929188708
1.03492666642,-2.77560110728
1.0370968328,-2.7686831565
1.03896288201,-2.77250895673
1.03696255624,-2.79475529259
1.03498896641,-2.79030748027
1.03825222491,-2.76635049711
1.0361645591,-2.74570451316
1.03707215993,-2.80786449154
1.03697334115,-2.76679623255
1.03748064809,-2.77853407
1.03554736094,-2.80357206843
1.03887774571,-2.80746330433
1.03759704734,-2.82715484229
1.03614866221,-2.79472013598
1.03588079292,-2.78460590671
1.03715071091,-2.78020417321
1.03454958884,-2.78569223498
1.03797693566,-2.80016752063
1.03518663446,-2.73056043883
1.03558504425,-2.78386669389
1.03722668738,-2.75531023861
1.0388922982,-2.76164947967
1.03303376808,-2.7632317765
1.03698938997,-2.84752278478
1.03730682444,-2.78713641927
1.03764235259,-2.76627819359
1.03712126444,-2.7760643474
1.03765234681,-2.83079218627
1.03537373923,-2.7912358742
1.03801583998,-2.77596235343
1.03827399899,-2.81111948672
1.03809840225,-2.82666296859
1.03820690371,-2.81292796365
1.03992978126,-2.80704923586
1.03726815855,-2.84209435139
1.0372351791,-2.79497143386
1.03783786054,-2.77083674284
1.03905134094,-2.86472860426
1.03603297399,-2.82397126269
1.03938632446,-2.8003307218
1.03739147963,-2.80467304811
1.03660115748,-2.75277176145
1.03619149845,-2.8010476428
1.03995934475,-2.83593340814
1.03698354893,-2.83787483769
1.03947630412,-2.82777310872
1.03822661295,-2.81620197798
1.03791584892,-2.82112928807
1.04030334724,-2.8428759536
1.04105005038,-2.77781206905
1.03732217208,-2.81752676353
1.04006719553,-2.8482573534
1.04020357152,-2.82101467963
1.04021643301,-2.84121082083
1.03905838702,-2.82124661037
1.0416339424,-2.82129530738
1.03720442533,-2.82347018867
1.04040885615,-2.8135158317
1.04039657638,-2.80375457417
1.04015266082,-2.84934012462
1.03846459256,-2.83884255716
1.0415928361,-2.79089193357
1.03952245946,-2.83211740042
1.04112800479,-2.86742407698
1.04030999619,-2.81656929517
1.03920867585,-2.82724503137
1.03840478389,-2.76817724915
1.0429249754,-2.82621709105
1.03964731642,-2.78260598617
1.03815461905,-2.76833104842
1.03924403795,-2.79444407735
1.04015282032,-2.78100954496
1.03822205449,-2.79045481067
1.03990101988,-2.79348256286
1.03717830409,-2.85715065673
1.0376134048,-2.85982938134
1.03826744829,-2.78320909175
1.04000749271,-2.80174251609
1.0363703929,-2.7836243491
1.03857187658,-2.83706809635
1.03779530705,-2.81912634622
1.03812757483,-2.85220835111
1.03791446997,-2.80846123952
1.03892700445,-2.79256412776
1.03704746868,-2.81333192076
1.03905886562,-2.8056407859
1.04015939306,-2.82398933902
1.03815141801,-2.81811099699
1.03743422446,-2.79969939705
1.04002751451,-2.80787679263
1.03866159376,-2.80253371744
1.04049032022,-2.82426479276
1.03835657537,-2.75434659701
1.03847012826,-2.83144826807
1.03789105195,-2.83506457062
1.04188508941,-2.78423484839
1.03890897218,-2.7856238586
1.03917691752,-2.83569874525
1.03856134157,-2.79895714625
1.03912311936,-2.84969668859
1.03875999109,-2.8050474859
1.04130325888,-2.79860396957
1.03915337705,-2.82717146024
1.039750175,-2.82516217342
1.0410724285,-2.83059511067
1.04239748566,-2.82471339939
1.03734583362,-2.80399014655
1.04097932823,-2.83258769941
1.04064425619,-2.79641665854
1.04105606886,-2.87581538472
1.03887494285,-2.81355006193
1.03874405241,-2.84643568322
1.03829308563,-2.8190368118
1.04097756914,-2.82441839409
1.04038948089,-2.85128095992
1.03874267888,-4.63482054523
1.03870182867,-1.85045317306
1.04172030202,-2.2279013691
1.03935964973,-2.53896183287
1.04166317215,-2.76146405128
1.04287687495,-2.93990068013
1.04280509405,-2.96863643186
1.04193319305,-2.97642467704
1.04567832439,-4.46735689044
1.04481254034,-3.87502890065
1.04300060231,-2.63103830139
1.04312463629,-2.54645836798
1.04321125744,-2.70796876828
1.04087939434,-2.77564138009
1.04290792165,-2.77957205393
1.04036392519,-2.79275754815
1.04103798073,-2.81185676091
1.04377222418,-3.02861803962
1.04327876152,-2.91716293512
1.03905478304,-2.89690341942
1.04288618865,-2.92682285817
1.04114674341,-2.85890394497
1.04142413449,-2.85700569518
1.04058679255,-2.8491242049
1.04332625748,-2.87447112841
1.03960013521,-2.85872450341
1.04248525594,-2.8469378317
1.04166488916,-2.91379308657
1.04092245123,-2.89234517367
1.04282556589,-2.86549496052
1.04260030838,-2.85380083433
1.03916033758,-2.90958434954
1.04084053322,-2.8975190572
1.0395673016,-2.78679797718
1.03968913932,-2.9129788342
1.03835755748,-2.8395536667
1.04043630507,-2.83870809967
1.03629799967,-2.86841871576
1.03869452036,-2.8420268903
1.03848092664,-2.85198108891
1.03890518217,-2.83335014563
1.03742494087,-2.84910264632
1.04027496081,-2.87418871793
1.03658269387,-2.86372584194
1.0384048206,-2.83583393343
1.04024714129,-2.82951343452
1.04003941096,-2.81745065789
1.03672058951,-2.82598166487
1.03974312416,-2.86794854916
1.03807352789,-2.84385188784
1.03811040292,-2.81009367509
1.03779919141,-2.77884542523
1.03907763141,-2.84309950285
1.03617968661,-2.8446336566
1.04006050981,-2.83472421226
1.03870408278,-2.8388155903
1.03801206273,-2.8143804946
1.0366487081,-2.77961575991
1.03847068663,-2.80484896046
1.03674221028,-2.82034370978
1.04034886616,-2.83372549049
1.03680489851,-2.79770586247
1.03610766315,-2.80202618294
1.03808848078,-2.8142656838
1.0390940704,-2.80087879461
1.03711690799,-2.77452735893
1.03802794399,-2.7999526783
1.03854634322,-2.82739470659
1.03829064929,-2.83812173184
1.03756957206,-2.79904603371
1.04045347636,-2.80869630535
1.03611803063,-2.77274774727
1.03887132392,-2.81701586626
1.03971623125,-2.78669157425
1.03936210907,-2.79434379127
1.03698660283,-2.81808270975
1.03949632429,-2.76625539421
1.03825998219,-2.78757769708
1.03889489042,-2.78467278495
1.03848086056,-2.82068061487
1.03829820134,-2.81558353228
1.03671648417,-2.78484183896
1.04150898292,-2.79138391583
1.03890804746,-2.78690499736
1.03654137903,-2.79212013691
1.03843039344,-2.79343006159
1.03931883723,-2.78993657701
1.03667491825,-2.77929860658
1.03889605155,-2.77537216253
1.03726495209,-2.82208149391
1.0367373647,-2.80465415267
1.03870100768,-2.81828236923
1.0388284514,-2.77989358183
1.03656188449,-2.82382132602
1.03874117433,-2.84352905536
1.0384697544,-2.82590423743
1.03841817321,-2.85054585322
1.03936132297,-2.84312741889
1.04002486214,-2.82182141752
1.03582013934,-2.84781370126
1.03959636564,-2.77167700252
1.04007467106,-2.80339738372
1.03891908426,-2.84819737204
1.03840094747,-2.83550477511
1.04084958419,-2.81147618582
1.0404214066,-2.78832445345
1.04285683115,-2.82282172048
1.04179846768,-2.81591254729
1.0412045942,-2.8577686212
1.04167644817,-2.80461542648
1.04472044199,-2.80455046294
1.04181029292,-2.81684341544
1.04204292551,-2.85163273595
1.04173932014,-2.81220033627
1.04263913816,-2.79199080667
1.038915426,-2.79832191599
1.04274011666,-2.867146403
1.03993359119,-2.7913395898
1.04017359645,-2.83082820673
1.03948745043,-2.78781480989
1.04204665518,-2.83471854487
1.03829507197,-2.7894756697
1.04134336976,-2.81262771043
1.03974675123,-2.80805406251
1.04050638069,-2.82287772045
1.04140771884,-2.81150504304
1.04117083734,-2.82943996653
1.03777043492,-2.79331011018
1.04100051939,-2.76557732813
1.0417250689,-2.79852048579
1.04092540155,-2.79920230967
1.03887463975,-2.84902693454
1.04203160155,-2.81891693643
1.03844796314,-2.77236077023
1.04140815442,-2.83014668109
1.03972242919,-2.80575429679
1.03747118614,-2.80671748256
1.03694864357,-2.83801260184
1.04015487143,-2.79029105121
1.03829873601,-2.80274728228
1.03808446664,-2.82442168103
1.03812950285,-2.81337721084
1.0383053408,-2.78250041797
1.03756836856,-2.7620821015
1.04020747506,-2.81394483609
1.03719341611,-2.78651505739
1.03754667217,-2.80195417095
1.04024342002,-2.8260082701
1.04070613792,-2.79686228392
1.03653200439,-2.78124157234
1.03856656876,-2.78587910852
1.03815028335,-2.80039653568
1.03847668963,-2.78888249851
1.03877386541,-2.82865725864
1.0383177563,-2.81094718371
1.03520975221,-2.83672840266
1.03848118876,-2.80644427392
1.03815088918,-2.80560081137
1.03722515666,-2.81679469328
1.03656564258,-2.82970678124
1.03854817403,-2.84779609376
1.03729525918,-2.89027406897
1.060158509,0.848901309012
1.0392895495,-3.22578975528
1.03798679512,-2.43113189518
1.03698591742,-2.29040449432
1.04167367609,-2.45155802435
1.0373604696,-2.61715399359
1.03888340595,-2.76058387025
1.038915984,-2.83838274579
1.03991705621,-10.1772036541
1.0395786421,-3.95873055488
1.0418889419,-3.7869130395
1.03655479502,-3.18706511732
1.0384606694,-3.0578483806
1.03930228598,-2.86825867539
1.03893299953,-2.80101164969
1.03672703268,-2.78991393842
1.03983368757,-2.80493892411
1.0359468811,-2.42315087655
1.03927664738,-2.87016957112
1.03895440242,-2.83576830348
1.03920121108,-2.79290958422
1.03582890012,-2.81021296211
1.03840099046,-2.7899487105
1.03779242648,-2.73123510968
1.03725126226,-2.80257276093
1.03738706182,-2.81130620052
1.03840141086,-2.81034613854
1.03643046446,-2.82297196524
1.03930909884,-2.87055950356
1.03777722245,-2.80074614612
1.03665211094,-2.81634148888
1.03721529601,-2.80846419098
1.04078986429,-2.78882125853
1.03620247525,-2.78086503444
1.03756020741,-2.78432342324
1.03768685367,-2.74193803732
1.0389453691,-2.82599100084
1.03704518484,-2.84051117671
1.03952994835,-2.82788947432
1.03709655372,-2.82500875761
1.03857318183,-2.82046849122
1.03793496976,-2.77945448521
1.03890084484,-2.80282677393
1.03702040581,-2.80466421754
1.03962285699,-2.80705157631
1.03696779306,-2.82148315554
1.0373918554,-2.79790984916
1.03785020736,-2.77827019245
1.03866533334,-2.81132571546
1.03568561071,-2.82588512099
1.04029649959,-2.80036972352
1.03928788814,-2.84306109051
1.03770953287,-2.84135675081
1.03706369082,-2.82152588247
1.0386562147,-2.86790689716
1.03650729458,-2.83095049559
1.03845345309,-2.82790897865
1.03674539967,-2.82385678751
1.03554052575,-2.81644168613
1.03747429425,-2.83150044245
1.03832109839,-2.81636350601
1.03510008591,-2.79926005158
1.03781344629,-2.81101754566
1.03782887703,-2.80769477987
1.03650599097,-2.81165526688
1.03509151849,-2.78104080628
1.03902472972,-2.81993460608
1.03587602922,-2.82023958753
1.03802111902,-2.84160294851
1.03784731833,-2.83863725936
1.03656151445,-2.81966156659
1.03703737528,-2.8315987395
1.03948717643,-2.83129182577
1.0366267477,-2.80626041228
1.03871655322,-2.86401810115
1.03869589677,-2.84448819181
1.03738103259,-2.85207181723
1.0357223267,-2.83208495027
1.0391698778,-2.84352292719
1.0388970783,-2.82874227839
1.03754988587,-2.85975222734
1.03600402258,-2.77276221802
1.03730374962,-2.82958012181
1.03600227414,-2.84911019092
1.03898484723,-2.81920966288
1.03675363571,-2.82529034559
1.03584514731,-2.82938656583
1.03655035586,-2.83072245871
1.03877141067,-2.83398218243
1.03635626547,-2.84382146187
1.03835503922,-2.89108002941
1.03677546729,-2.8318959497
1.03692798989,-2.84418664377
1.03788666156,-2.8245462507
1.03910830971,-2.88367880374
1.03557615808,-2.82563492789
1.02313421233,-1.77675411694
1.03979311732,-2.50800850546
1.03913495995,-2.30859595457
1.03708197251,-2.54179909914
1.04035111124,-2.60442170995
1.03738271127,-2.58009227677
1.03964624668,-2.47167448809
1.03942800469,-2.50411369178
1.03882274649,-2.55336456249
1.03553440195,-2.09044012725
1.03812091252,-2.03903721943
1.03573879624,-2.01191014498
1.03630174107,-1.98148855216
1.03632751341,-2.03669802466
1.03656551767,-2.01908161226
1.03516122867,-2.04794684275
1.03875966601,-2.06202828406
1.03469244608,-2.05116192954
1.03456949251,-2.0135668939
1.03759749356,-2.03177720846
1.0384504425,-2.01507603899
1.03353341578,-1.9830835242
1.03568171459,-2.0257456755
1.03460273685,-2.00963812939
1.03512865474,-1.9656645435
1.03540479913,-1.99306478192
1.03495963677,-1.97653041177
1.032798169,-2.0028593533
1.03712063792,-2.04142060992
1.03596611657,-2.01338599659
1.03506945701,-1.99941321615
1.03430048355,-1.96876489327
1.03630865805,-2.02318814442
1.03425167634,-1.98407114129
1.03663663545,-1.98996657905
1.03544060069,-2.00910849044
1.03420030884,-1.98179716993
1.03404357102,-1.99157957773
1.03810811919,-2.04851005669
1.03518922376,-2.0343006975
1.03503707805,-2.00264219832
1.03527507347,-1.96379670303
1.03562531225,-2.00974185182
1.036650098,-2.03329385062
1.03832839205,-1.99933438592
1.03383657704,-2.03971955847
1.0350872697,-1.96580004219
1.03691293117,-1.98103663207
1.03712296385,-2.00013476773
1.03404947106,-1.99233313031
1.03628889635,-1.9841407939
1.03544625795,-1.97206172528
1.03495577157,-1.94169556527
1.03528549829,-1.98855868983
1.03637535198,-2.00483344572
1.03295969932,-1.95413953511
1.03629823868,-1.97924826311
1.0354000417,-1.96390131026
1.03372377565,-1.96367036378
1.03623964606,-2.00617129433
1.0361395449,-1.9848674332
1.03386906569,-1.95970989443
1.0368117492,-1.99173448662
1.03532592782,-1.9644194436
1.03469833607,-1.96862493129
1.03331418897,-1.97362251686
1.03808349275,-2.01679361022
1.03512349835,-2.04824000778
1.03551668131,-1.99853765651
1.03429269525,-1.94090608227
1.03586268878,-1.99072703493
1.03488851107,-1.9358410099
1.03836659444,-1.94756471646
1.03564240301,-1.97466188428
1.03627256504,-1.92484695181
1.03891941936,-1.93149587295
1.03923452779,-1.95125615605
1.03608060635,-1.9471380176
1.03815407465,-1.92115375395
1.03667691631,-1.99491175201
1.03806347772,-2.00148305636
1.03815439298,-1.96166697736
1.03782988158,-1.9615941551
1.03488343003,-1.95473549173
1.03809916805,-1.98567634332
1.0386341093,-1.9876738377
1.03560496463,-1.93511622673
1.03572682936,-1.93012098125
1.03709571461,-1.99023901408
1.03580747808,-1.943778793
1.03875812425,-1.91217122068
1.03632529189,-1.94444589469
1.03598599397,-1.98551794769
1.03639380623,-1.94499711945
1.04002079768,-1.95773956135
1.03722214106,-1.93633343313
1.03764611971,-1.96454841045
1.03743994944,-1.96895186567
1.03761856998,-1.95903559679
1.03793065832,-1.95726433884
1.04013619518,-1.98757907468
1.03608528514,-1.97515553428
1.03778940626,-1.95569281072
1.03925099149,-2.01521837586
1.0380831615,-1.94369682377
1.03507773975,-1.91651445348
1.03746995187,-1.96284906261
1.03583377532,-1.97394542103
1.03702382479,-1.94478688475
1.03787135685,-1.99880105619
1.03540549106,-1.94221823708
1.03337252998,-1.93027474587
1.0379833982,-1.93713041438
1.03652104668,-1.9398106944
1.0360284722,-1.95354618307
1.03520143705,-1.94067738779
1.03635323519,-1.91891427185
1.03405858423,-1.92539985709
1.0378878643,-1.93541466499
1.03541240277,-1.93679173761
1.03502702253,-1.93850374678
1.03554351594,-1.95131964163
1.03765952358,-1.97996954746
1.03453154969,-1.93907369791
1.03654736522,-1.95987403442
1.03509388562,-1.98294462632
1.03694233112,-1.97126166803
1.03598137364,-1.97319025492
1.03750013149,-1.93418425777
1.03297027445,-1.91956551367
1.03653536849,-1.96644697335
1.03687355196,-1.93561020127
1.03673565067,-1.90572124002
1.03512972621,-1.92237983489
1.03734414154,-1.97059639098
1.03638978765,-1.9508725839
1.03639389379,-1.89859403752
1.03609204476,-1.93458494401
1.03582004371,-1.94521837639
1.03551661685,-1.92312088359
1.03857859609,-1.92509629425
1.03533862673,-1.91300891186
1.03534794005,-1.99759965653
1.03601477582,-1.11665974056
1.03688645529,-1.49176310049
1.03400330303,-1.72992953965
1.03782408088,-1.9099603298
1.03590822769,-1.99137544434
1.03561435656,-2.01959222675
1.03526415745,-2.02123667648
1.03939542653,-5.18123917746
1.03598782608,-2.60675028622
1.03531547002,-1.33865633172
1.03539100485,-1.56624758312
1.03461764572,-1.68389011429
1.03628783853,-1.80201626554
1.03722917223,-1.87541354421
1.03390203773,-1.89056305598
1.03569357756,-1.91188414508
1.03580115255,-1.73012882499
1.03607691834,-1.89985420348
1.03425097302,-1.83213611948
1.03750767975,-1.85940590023
1.03444224984,-1.86441324957
1.03576318473,-1.91183156813
1.03535949397,-1.90663764405
1.03559794738,-1.90961563819
1.03530919491,-1.84281280479
1.03837664384,-1.86986503987
1.03602386035,-1.87458852632
1.03593053577,-1.87010934061
1.03726476141,-1.8696679579
1.03705651963,-1.86951957439
1.03612653112,-1.8790895257
1.03859287218,-1.85056703088
1.03613708611,-1.93900849984
1.03478300493,-1.89587012351
1.03599745211,-1.9107480831
1.03893230091,-1.89107650417
1.03511586334,-1.86903592447
1.03633380469,-1.89443140117
1.03357885043,-1.88914965601
1.03442573316,-1.87028637197
1.03635364661,-1.89878772322
1.03625455295,-1.86364701399
1.03380721598,-1.86923958382
1.03559283906,-1.89875920269
1.03488043765,-1.87704181137
1.03688616397,-1.92077968981
1.03464107221,-1.87906966265
1.03608574051,-1.92685276426
1.03513701139,-1.91569382571
1.03627281263,-1.87774286307
1.03629766409,-1.94687693338
1.03470513604,-1.90220355779
1.03479251587,-1.98361290938
1.03824112247,-1.96761730533
1.03695254474,-1.96992639061
1.03891007461,-1.92039018198
1.03807986412,-1.93430648136
1.03945530894,-1.98401461846
1.03910059704,-1.92800281995
1.04279765088,-1.9613667798
1.03914744513,-1.94977635561
1.0404876023,-1.93511285607
1.04174114074,-1.93334675093
1.04226169702,-1.93884570566
1.03879835862,-1.93239109658
1.04180272217,-1.97003264348
1.03965283911,-1.9870482605
1.04030130744,-1.97673887226
1.04105693352,-1.99453557874
1.04036544403,-1.97860513269
1.03628501611,-1.92497270216
1.04043733769,-1.99128242504
1.0399658817,-1.97531568202
1.03974338517,-1.9833667675
1.03886793358,-1.97823663519
1.03962421074,-1.98055409947
1.03810217841,-1.95231437883
1.0414362469,-1.97002960301
1.03937438219,-1.93995760655
1.03929656035,-1.98459690328
1.04003333979,-1.99247122514
1.04371742116,-1.99925989791
1.03846911957,-1.94332789
1.04108620559,-2.01293406867
1.04044206772,-1.95337558028
1.03947460354,-1.92770028598
1.03823023212,-1.94918858668
1.03966623841,-2.00039051502
1.0359052213,-1.9766860333
1.03597913509,-1.91066786989
1.03842021194,-1.99030832945
1.03652770605,-1.93478462879
1.03510566004,-1.93029581543
1.03642586046,-1.96131198849
1.03430889754,-1.9622024606
1.03571387459,-1.90241627713
1.0366798733,-1.94589896276
1.03650125174,-1.98527381083
1.03229000533,-1.94965874519
1.03690625368,-1.96957188687
1.03706596457,-1.94948629104
1.03654162866,-1.97923888474
1.03577427992,-1.97467611931
1.0374053115,-1.96784710341
1.03653980615,-1.9272096879
1.03937146521,-1.97380579669
1.03840075243,-1.99641966444
1.0377402879,-1.9599053686
1.03946044512,-1.97417377712
1.04026301691,-1.95604647822
1.03667239812,-1.91439629957
1.0386018859,-1.94255862788
1.0384907402,-1.93693015334
1.03822145505,-1.97522654503
1.03704022203,-1.96788676469
1.04002821188,-1.96198286349
1.03563459147,-1.9727005724
1.03701799731,-1.93738731142
1.03832483841,-2.00215573464
1.03786252835,-1.94678142821
1.03725196534,-1.95799720568
1.03964113668,-1.98686140943
1.03699451437,-1.98307280503
1.0388816033,-1.91637846827
1.04071828498,-1.94941317961
1.03996208741,-1.96324681828
1.03695804377,-1.92752722826
1.04075822551,-1.94058797431
1.04008562867,-1.98652276277
1.03959484336,-1.97188135089
1.03868351824,-1.93218356535
1.03862943281,-1.91561334983
1.03788576184,-1.95865506275
1.04018290285,-1.93541710694
1.03713739303,-1.9700781363
1.03577240619,-1.9728934284
1.03611001461,-1.93564122764
1.03846585016,-1.97232919986
1.03531562252,-1.88622792143
1.03657793237,-1.95130885128
1.03361689855,-1.93330878504
1.03549401498,-1.92577530208
1.03667297888,-1.94779218848
1.03858043858,-1.96969473447
1.03393363496,-1.92598986176
1.0362813707,-1.98531678304
1.03730912248,-1.98848178479
1.03805296155,-1.98215402894
1.03519779524,-1.90253622787
1.03753846179,-1.97084033629
1.03528401012,-1.95078076196
1.03705196545,-1.95773873324
1.03904664238,-1.9934167705
1.0379507973,-1.96983396372
1.03513749427,-1.95090785636
1.04030176324,-1.95305661718
1.03726552888,-1.91590865906
1.03736326982,-1.94832453379
1.03698081063,-1.88364924261
1.03775887564,-1.95153863634
1.0366020711,-1.90527646398
1.06380092885,2.01248904996
1.03714775265,-2.45311179127
1.0363677018,-1.43735370507
1.03631658298,-1.3116819246
1.03922634768,-1.57339191519
1.03525487836,-1.65957218257
1.03727357965,-1.87940206783
1.03627782831,-1.95791728292
1.03673085418,-8.43715260347
1.04297342745,-3.15074439655
1.03731808018,-2.61131717105
1.03455668273,-2.2252029836
1.0382238315,-2.07280435818
1.03685384828,-1.96721312892
1.03762593142,-1.96992617069
1.03646275482,-1.90821412093
1.03922736704,-1.95610226172
1.03880619209,-1.92522508254
1.03876197848,-1.95039051279
1.03901736502,-1.91148109314
1.03646793479,-1.87158613132
1.03601166967,-1.89472405662
1.03880199206,-1.91877952582
1.03789509437,-1.91414931783
1.03725413971,-1.85692673676
1.03727297779,-1.90379599194
1.03737044968,-1.88509608711
1.03802162643,-1.92296014444
1.03940993335,-1.89459628199
1.03701375124,-1.88595315158
1.03693596866,-1.87346608048
1.03801046733,-1.87699348034
1.03887945523,-1.88340302678
1.03507525396,-1.88542822715
1.03843228703,-1.93628227621
1.03737714426,-1.88686984925
1.0371306004,-1.8819144386
1.03733810776,-1.93726902206
1.03803120397,-1.92343791556
1.03563200228,-1.90286656339
1.03762044515,-1.89068595796
1.03644332416,-1.93556594063
1.03631035199,-1.91023326201
1.03696468881,-1.9342871995
1.03703338653,-1.88167990441
1.0347586979,-1.94453860728
1.03786937613,-1.94878877391
1.03746969127,-1.92294737432
1.0371109566,-1.90680540303
1.03333196623,-1.90229875821
1.03854437899,-1.947586868
1.03540740239,-1.93064262698
1.03702746184,-1.93951892
1.03765578736,-1.92457554741
1.03691497175,-1.89936972628
1.03600771402,-1.93312357373
1.03880789774,-1.93742906453
1.03618748496,-1.9169514504
1.03660776607,-1.91128590455
1.03950668317,-1.96594444169
1.03826949653,-1.94330388726
1.03534537433,-1.93587585277
1.03885449781,-1.95714507855
1.03640954866,-1.94264236526
1.0372660527,-1.93115690462
1.03781468719,-1.95163340314
1.03817588757,-1.94541103128
1.03431587043,-1.90830610941
1.03772072437,-1.93545314123
1.03733220247,-1.90779038229
1.03746908339,-1.94336494207
1.0378787893,-1.97545795738
1.0375674379,-1.94501712487
1.03493799202,-1.9459259781
1.0394452415,-1.92968842307
1.03722333811,-1.9232887766
1.03724268288,-1.9372896697
1.03519662756,-1.92191238795
1.03829005421,-1.94331699123
1.03683233859,-1.94633858695
1.03673594037,-1.9429943278
1.037190743,-1.96334378336
1.03659856973,-1.9243667768
1.03712151294,-1.89675069349
1.03893010805,-1.92194087386
1.03593983074,-1.95127668122
1.03709578021,-1.9401850782
1.03862088964,-1.95950880829
1.03909750381,-1.91137669327
1.03802149483,-1.95386431989
1.04016912527,-1.99335456223
1.03662434808,-1.92268244139
1.03920402093,-1.91934411788
1.04037365918,-1.93293043634
1.03953489929,-1.90785978216
1.03776861844,-1.95311988024
1.04085946553,-1.67722726524
1.05596382637,-2.6320982317
1.05506559059,-2.62276752548
1.05525678176,-2.67204654079
1.05646760066,-2.75181522149
1.05336873179,-2.67314121732
1.05617115126,-2.60972526952
1.0554987693,-2.65568324154
1.05357721053,-2.65296364614
1.05321084,-2.50569073579
1.05509209599,-2.57865855251
1.05296504112,-2.51568158901
1.05533399599,-2.51781216976
1.05351381774,-2.48901480107
1.05512516121,-2.50680464924
1.0562509998,-2.53355816438
1.05902333512,-2.50170521499
1.05373983217,-2.49865537696
1.05652444114,-2.50961058593
1.05884844136,-2.50776663297
1.05971203961,-2.5092490429
1.05793709078,-2.47709549289
1.05973817347,-2.47700447358
1.0581049426,-2.53419431678
1.06016940753,-2.52376642862
1.05947291178,-2.49951793273
1.05812421368,-2.50596145408
1.0578671406,-2.53774214004
1.06174013218,-2.52399618356
1.05894663922,-2.50161611014
1.05965205017,-2.47146424054
1.05905743523,-2.52880016827
1.0614025938,-2.50956902808
1.05884629595,-2.49395909878
1.0619547851,-2.46006305086
1.0607970814,-2.51627531493
1.05908325014,-2.51885771155
1.06013991503,-2.50207137986
1.06190217648,-2.52867335785
1.05873058819,-2.52506732952
1.06057205602,-2.4983918115
1.05896746276,-2.49161179855
1.0600896631,-2.5255281753
1.06069757164,-2.50347018767
1.06164968437,-2.49330295602
1.05795066852,-2.51382096452
1.05985632817,-2.50367785612
1.0600256925,-2.50618544835
1.06035730776,-2.54522979936
1.05602904012,-2.48588328899
1.06005279926,-2.48297545755
1.05528850933,-2.46740020072
1.05804321389,-2.49139971699
1.05718275852,-2.4949919569
1.05576631799,-2.48194697947
1.05444868999,-2.4435938658
1.05710534304,-2.47592646945
1.05517057024,-2.47182489729
1.05577270146,-2.44975022023
1.05403600171,-2.42720511817
1.05277746203,-2.47144792569
1.05234009108,-2.46644574612
1.05443638623,-2.46095094986
1.05248272413,-2.45954812539
1.05126290979,-2.4798365004
1.05206375171,-2.46264098417
1.05384890539,-2.47330127285
1.05200030225,-2.4911747283
1.05323426599,-2.45892772222
1.05176611673,-2.43163381157
1.05199610559,-2.47607040946
1.05316255984,-2.46440734327
1.05402668972,-2.46875413882
1.04998862448,-2.47466755859
1.05204860381,-2.45375779313
1.0527371261,-2.43150244004
1.0533789042,-2.44096043697
1.05152804697,-2.42885177117
1.05318208365,-2.42386027168
1.05134854745,-2.43885421292
1.05472697711,-2.47520933312
1.05405777821,-2.42625904196
1.05203186453,-2.43370537995
1.05051217638,-2.40585936637
1.05451015047,-2.49258151915
1.0534368904,-2.45722505837
1.05421719013,-2.44343239266
1.05333711783,-2.4610997715
1.05213754428,-2.42686392599
1.0519608464,-2.45134171732
1.05507468413,-2.38369640905
1.0522192719,-2.46235042563
1.05238865761,-2.40107102023
1.0529271416,-2.42948546267
1.05502666618,-2.46219874965
1.0524769354,-2.43605260195
1.05361197577,-2.41162701652
1.05131802058,-2.41997356111
1.05210507504,-2.40036387558
1.05378302233,-2.41087696868
1.05395492428,-2.41388402593
1.04975559594,-2.40663050843
1.05236719534,-2.43779039607
1.05281910745,-2.4647491478
1.05310083424,-2.45209685489
1.05250264226,-2.41290263992
1.05220120133,-2.45346221908
1.05031000148,-2.45050431732
1.05329694131,-2.41490869254
1.05193396167,-2.43568613066
1.05146289097,-2.43254865977
1.05095317243,-2.40240894874
1.05416233361,-2.37270172594
1.05068282786,-2.41264860693
1.05199531213,-2.42469584757
1.0522864602,-2.4384445397
1.05250888516,-2.41185008155
1.05257222612,-2.40662861625
1.05335371154,-2.41899774835
1.05112351695,-2.38180568384
1.05192877842,-2.39993682957
1.05284432104,-2.421931859
1.05269247621,-2.42409031851
1.05251661185,-2.42063981183
1.05281479848,-2.39050439761
1.04957711474,-2.42449581446
1.05335836966,-2.46818672367
1.05227465004,-2.38953032962
1.05292827446,-2.42056685368
1.04951491304,-2.42502271174
1.0535037801,-2.4221484421
1.05125291753,-2.38972137569
1.0513284121,-2.37160569742
1.05101070693,-2.40351255739
1.05278537795,-2.45543757933
1.05028702155,-2.42764420993
1.05166425093,-2.39205121207
1.05063024943,-2.40515767377
1.04934885627,-2.36882297076
1.05087526378,-2.37958080603
1.05214611381,-2.38223433502
1.05009480783,-2.42318197169
1.05098145006,-3.55040573513
1.05059943693,-1.50399116254
1.05081212723,-1.97410223083
1.04931614514,-2.20364913667
1.05277037827,-2.32238655999
1.05052785679,-2.4473967145
1.05168271686,-2.47176789007
1.05083671012,-2.49490836709
1.05301211247,-3.49577881709
1.05317363693,-3.42673304132
1.05303260558,-2.16132251365
1.05175961424,-2.15504531
1.05434712041,-2.20409570994
1.05509023288,-2.25684869706
1.05480866404,-2.29891197045
1.05303981339,-2.35626754921
1.05603556363,-2.34076652776
1.0539574574,-2.20667297875
1.05556752123,-2.45637021648
1.05312831715,-2.27219984756
1.05403549792,-2.32885270239
1.05133648548,-2.311633584
1.05509290547,-2.35058865477
1.05378271928,-2.40731784959
1.05145269241,-2.3843486423
1.05228680555,-2.37506058207
1.05351504768,-2.29932209582
1.05285764798,-2.34801166115
1.0540343237,-2.30983794439
1.05162907539,-2.31929111158
1.05167238229,-2.32744405286
1.05324411878,-2.34994887003
1.05536187328,-2.30097652241
1.05300090118,-2.39535034497
1.05427183936,-2.37037739105
1.05402052311,-2.38078158886
1.05277622813,-2.34442505041
1.05395041335,-2.39217841158
1.05416616364,-2.35823758625
1.05138310165,-2.40827649604
1.05295305013,-2.33039831626
1.05358625361,-2.36528162121
1.05121330438,-2.31506833488
1.04992155228,-2.37326605036
1.05156663965,-2.37168543851
1.0499806816,-2.35828193415
1.05138968309,-2.36773097597
1.05056453286,-2.32956715781
1.0488450517,-2.37728681094
1.04721755594,-2.3677322187
1.05209722419,-2.37600610715
1.04953405946,-2.37478035349
1.04801697293,-2.37059307142
1.04961697161,-2.40169800291
1.0504919503,-2.43032118693
1.04849420774,-2.38487710434
1.0501285002,-2.40340154136
1.04863860348,-2.39927321303
1.04898996412,-2.40299809459
1.04918669092,-2.40312432631
1.04986008333,-2.3891806123
1.0479465821,-2.41865734875
1.04953170337,-2.41107135776
1.04980498277,-2.41496981281
1.05116188963,-2.42172047576
1.04889614955,-2.39662936204
1.05101594758,-2.43762462001
1.04734954329,-2.38284710675
1.05099218233,-2.43644579451
1.05184308193,-2.44065524441
1.05042476655,-2.43511335996
1.04767863702,-2.37611405916
1.0513060371,-2.40995132825
1.05032451229,-2.44531909592
1.05082632457,-2.42861129993
1.04979820004,-2.38806117677
1.05044398877,-2.43377849511
1.05037186804,-2.41044341526
1.05298579181,-2.41988701064
1.04924285019,-2.42086573634
1.04975723589,-2.44253188752
1.05141627558,-2.42119378368
1.05285466392,-2.39368215334
1.04949772362,-2.41199252708
1.05177874274,-2.43974428621
1.05009976389,-2.39958894818
1.04882502538,-2.39214011905
1.05052351009,-2.40767562814
1.05191961416,-2.41206394958
1.04863056655,-2.4208345922
1.05025885424,-2.4227903252
1.04945664898,-2.42053390766
1.04973662271,-2.4018369996
1.05116385048,-2.38613871251
1.05132938123,-2.42259883265
1.04840230418,-2.43844722092
1.05135838443,-2.42394361925
1.05127018067,-2.3922149867
1.04983354781,-2.40924590328
1.04881397535,-2.45444017067
1.05231687756,-2.43369033378
1.04993730368,-2.38688507114
1.0518671516,-2.41999700873
1.0502878816,-2.40846397144
1.04971647623,-2.4232838191
1.05052994908,-2.38034013962
1.05318351631,-2.44097629629
1.05021435104,-2.46242080436
1.05064643887,-2.42241995864
1.05222563271,-2.43496102962
1.05126091629,-2.42984195918
1.0501480223,-2.39806948092
1.05150563397,-2.39840070662
1.0485820867,-2.36526210455
1.04949592959,-2.42615785759
1.05142341234,-2.44003681829
1.05205307787,-2.45670933709
1.04931656101,-2.44903952852
1.04984041619,-2.40379601045
1.04898114086,-2.39507190338
1.0499954388,-2.43185831479
1.05047416929,-2.40945464071
1.05006462562,-2.40750145513
1.04824981526,-2.42219047787
1.05190275886,-2.41357439688
1.05013724407,-2.38261185358
1.04962521115,-2.42750611422
1.04821377457,-2.41631020455
1.04998127591,-2.39269269749
1.04907279469,-2.39170544553
1.05140839871,-2.42955802492
1.04872649291,-2.39450556006
1.04813798379,-2.41725801341
1.04940150785,-2.37969045707
1.05218488828,-2.39924878367
1.04936820698,-2.4369704373
1.05015104925,-2.44101163519
1.04963552016,-2.40095667884
1.05228401079,-2.4403969731
1.0498862048,-2.38921130649
1.05326120109,-2.42574403619
1.04874612571,-2.42584745943
1.04930009738,-2.3819217945
1.05130485854,-2.46109098746
1.05096589207,-2.40905787957
1.04807355733,-2.39385249875
1.05104347797,-2.44409939025
1.04993756529,-2.43436990311
1.05043338118,-2.4573884521
1.05015735753,-2.37858485117
1.05043722582,-2.44239369825
1.04802969576,-2.41780403797
1.05126350075,-2.39894006524
1.04999222569,-2.38626667185
1.04926551683,-2.42054734197
1.04735554154,-2.37082207116
1.04888803768,-2.38753263747
1.04861697002,-2.37343561427
1.05158005145,-2.41273609671
1.04960655811,-2.40949312399
1.04888445304,-2.37150919047
1.04994972169,-2.41847368477
1.07203510614,1.20876080444
1.04827751601,-2.5910841573
1.05020155069,-1.87301221242
1.05106572221,-1.80785550352
1.05077456119,-1.97944702154
1.04945369223,-2.13151486976
1.05100250133,-2.33170943157
1.04947589583,-2.39102195597
1.05091314736,-8.03503514342
1.05292077894,-3.46288250869
1.04941001186,-3.01814006742
1.04850187975,-2.70966122929
1.05130126254,-2.46959740676
1.04868738965,-2.42115859686
1.05074488912,-2.39926541824
1.05057399294,-2.40938357717
1.05026939955,-2.4106800169
1.05108891116,-2.46750482459
1.05234234563,-2.39415091636
1.05225115383,-2.45437052534
1.05083811484,-2.39484981771
1.04911420577,-2.37844696012
1.05146896731,-2.35432293773
1.05019737748,-2.37849389574
1.05111684611,-2.36272201571
1.04970581898,-2.36500896034
1.05025549063,-2.38999254987
1.05134799334,-2.36582825978
1.05156081289,-2.39617782748
1.04854735103,-2.39908700947
1.05080541521,-2.36615287533
1.05068039922,-2.3700392929
1.05148275089,-2.35880819738
1.05065646948,-2.36144202682
1.05201381232,-2.38585427499
1.04880661416,-2.38345477134
1.05038134104,-2.37726704455
1.05090084072,-2.38358223442
1.049991593,-2.36474229472
1.04942492399,-2.3284250377
1.05179369261,-2.39328647851
1.04932876008,-2.36516008988
1.05081082435,-2.36245309602
1.05161030785,-2.36102525674
1.05159538579,-2.39706156168
1.04810668083,-2.34986500346
1.051876208,-2.3741079813
1.04918557942,-2.37410267734
1.04832356999,-2.39938794781
1.04961114963,-2.37027965565
1.05058907048,-2.39289443614
1.04857654693,-2.37208335242
1.04984267923,-2.39362816468
1.04869171055,-2.38582957535
1.04873030282,-2.40272245008
1.04968823041,-2.38005410508
1.05122638756,-2.45139796611
1.04699211924,-2.39256989369
1.05000053513,-2.40073810922
1.04808366293,-2.3990533063
1.05030453426,-2.41265490084
1.04935533693,-2.39978867501
1.05000030722,-2.38826366317
1.04681295086,-2.39167731416
1.04909758456,-2.38984791328
1.05065361184,-2.40996016467
1.04836032513,-2.39875912774
1.04804956625,-2.39819749639
1.04941624048,-2.37658358033
1.04828213889,-2.40143975226
1.04965303256,-2.36415919778
1.04925352581,-2.3850689239
1.0497267962,-2.4085220206
1.04783948765,-2.35573156709
1.05120320106,-2.38626492928
1.04902055317,-2.39324581963
1.0481201631,-2.38926130566
1.04879848815,-2.35153196098
1.04854454744,-2.38468414135
1.04866621273,-2.38651511688
1.05050986446,-2.38070899319
1.04807918609,-2.37439656772
1.04759896538,-2.39244351481
1.04976844311,-2.40581904237
1.04993644618,-2.4144812528
1.04746794133,-2.44033805453
1.04900888693,-2.39000473055
1.0486852296,-2.38268005365
1.0495823257,-2.39830554915
1.04866022911,-2.40799440741
1.04823261422,-2.37114867592
1.04725921926,-2.44577768581
1.05106368045,-2.41250870219
1.04955520364,-2.40680986264
1.04964107169,-2.40818645359
1.04801036966,-2.3953577501
1.03423770906,-1.68439457331
1.04802034885,-2.39718278814
1.04980797165,-2.14154569111
1.04912369867,-2.26510801491
1.04823651027,-2.25214345249
1.04796722431,-2.22486028504
1.05067526883,-2.20454176908
1.04843302251,-2.24734828946
1.04857625614,-2.18627065513
1.04939776079,-2.31518459506
1.0502399281,-2.36342295588
1.04910596864,-2.32133011733
1.05166634952,-2.28992996303
1.04813634877,-2.25076040356
1.04958702684,-2.27454264514
1.0496428695,-2.27511454861
1.05088786882,-2.32295619033
1.04764875063,-2.31715159932
1.04966292174,-2.25739115342
1.050030058,-2.31769031749
1.04970229117,-2.30211785189
1.04851586302,-2.30217700949
1.04913441879,-2.31581924967
1.04782034245,-2.27637106803
1.04984356206,-2.26387929674
1.04970372261,-2.31434536244
1.04818417242,-2.27874970222
1.04789140568,-2.32339729543
1.04909431492,-2.28106254913
1.04594673855,-2.26415986985
1.04945936308,-2.28091744059
1.04858463275,-2.29237886766
1.04757453076,-2.2981633428
1.04675162045,-2.26375293378
1.05120952836,-2.31351032574
1.04834396892,-2.28001076903
1.04973882781,-2.29793769895
1.04977038366,-2.3051847565
1.05031033186,-2.2911159925
1.04994315928,-2.29388404102
1.05198696215,-2.2511063926
1.05067705545,-2.32403895952
1.05191821569,-2.28490723981
1.05399487989,-2.29840379891
1.05417596122,-2.28856774942
1.05179659738,-2.27443356057
1.05576556384,-2.29930599709
1.05483915075,-2.2934721368
1.05538222821,-2.28596284069
1.05509649813,-2.27934294184
1.05321335266,-2.2656384139
1.05228347995,-2.28700709369
1.0556107926,-2.3110700492
1.05467723084,-2.29329085262
1.05331427007,-2.29867440987
1.05254244929,-2.26703504859
1.05437680373,-2.3150022837
1.05393717638,-2.29614240725
1.05764180757,-2.29687128078
1.05489464375,-2.29829698961
1.0545473573,-2.28951827948
1.0555107816,-2.30622269482
1.05737508567,-2.28284290602
1.05492983807,-2.31195179274
1.05428569411,-2.25198743601
1.05459480998,-2.30581303484
1.05416033289,-2.24440485624
1.05450322351,-2.29768804599
1.05391775212,-2.2325626358
1.05114969559,-2.23438411753
1.05376034676,-2.31448410745
1.05563958676,-2.3157592367
1.05488244251,-2.26585901471
1.0499683122,-2.24474266551
1.05138553296,-2.26610032365
1.04994322141,-2.26569407867
1.0520499757,-2.24783205743
1.05080141779,-2.27170378732
1.04919136435,-2.27501450397
1.04806407055,-2.26706486548
1.05216457078,-2.27857523795
1.05110492264,-2.2769693119
1.05240702137,-2.2831362256
1.05259931526,-2.26165971721
1.05380029077,-2.22710147823
1.05180287086,-2.27573260843
1.05399317188,-2.22316540174
1.05243000735,-2.25148576591
1.05227954715,-2.27493614799
1.05145301146,-2.2813335701
1.05316505214,-2.27343715819
1.04915822189,-2.29373326341
1.05118560103,-2.27330979243
1.04938471629,-2.26649295591
1.05128912561,-2.27930857518
1.05066853294,-2.23837458308
1.05267933318,-2.26223583951
1.04816978716,-2.30447877357
1.05089288096,-2.23432892121
1.05246314424,-2.22424283944
1.05178813284,-2.27063722555
1.05044838234,-2.28438302983
1.05262986211,-2.25720389908
1.05124057757,-2.27568350911
1.05422020566,-2.27600215814
1.05231318142,-2.2765971255
1.05163705618,-2.25144259802
1.05284945819,-2.26507109662
1.05602055103,-2.28215517759
1.05114321747,-2.26561969441
1.05042020327,-2.2326379382
1.05065549083,-2.24166325087
1.05190763619,-2.28588478872
1.04899316542,-2.25624957142
1.04958006926,-2.2504046726
1.04719076956,-2.25914695452
1.04677288968,-2.2890019688
1.04619992887,-2.21914420694
1.04708131872,-2.24350130775
1.04522284701,-2.27164298906
1.04745453906,-2.25601211195
1.04608457053,-2.24258744447
1.0461233663,-2.24750596879
1.04879678847,-2.23788959235
1.0494944081,-2.27043737352
1.04637532377,-2.24365593746
1.04988948149,-2.25523375721
1.04962920124,-2.23396375396
1.04892669861,-2.2318326409
1.04728102343,-2.2471892258
1.04968854215,-2.23181445021
1.04809213943,-2.2570650056
1.04958837167,-2.22936059214
1.04831541269,-2.25391322079
1.04713852431,-2.21823351486
1.04738562776,-2.28169931777
1.05031909796,-2.23977219565
1.04831380517,-2.23927048795
1.0495769259,-2.24788776347
1.04922822065,-2.26779773623
1.04983419529,-2.28855476765
1.04810876375,-2.27382394123
1.05098519099,-2.50589107279
1.04763549173,-1.44332676168
1.04852228529,-1.83364559357
1.04878604308,-2.05667940684
1.04954184399,-2.1648763948
1.04771858055,-2.30448637671
1.04913349993,-2.32399499717
1.0487583678,-2.3311921401
1.04976313606,-4.87979188552
1.04815565438,-2.7606521851
1.04834486053,-1.9310678793
1.04565756657,-2.00465397734
1.04903866793,-2.10488421337
1.04745471261,-2.1807730358
1.04708309647,-2.206652339
1.04470722279,-2.21918454324
1.04668434796,-2.23431147793
1.04560514196,-2.16530026502
1.04806837865,-2.22729589342
1.04782957648,-2.27227157676
1.04585720945,-2.19969672658
1.04514578498,-2.26338386607
1.04864621918,-2.24541737432
1.04632530411,-2.23182411864
1.04694003046,-2.19590155112
1.04576129107,-2.21198565797
1.0480878108,-2.26612706576
1.04616300057,-2.21865037389
1.04927319637,-2.2283262524
1.04560230903,-2.24509355024
1.04636936596,-2.26275342913
1.04783277117,-2.22282304974
1.04721432787,-2.21378207673
1.04505041113,-2.25332187834
1.04727539798,-2.2544307376
1.04593602244,-2.2523380843
1.04580708838,-2.20704309118
1.04792731914,-2.22283144063
1.04682942511,-2.20102701698
1.04410235887,-2.25889138218
1.04574062758,-2.19367730954
1.04729214414,-2.23539560499
1.04638793922,-2.25326748476
1.04399807147,-2.21331518348
1.04567742723,-2.21682445224
1.04399567352,-2.21139432061
1.04793230669,-2.23467119653
1.04601923294,-2.25180761249
1.04517602145,-2.25868056117
1.04547085626,-2.24942948169
1.04954010604,-2.23468798031
1.04524480951,-2.23459414114
1.04531151626,-2.21831141112
1.04565792912,-2.23029207069
1.04720131269,-2.2242858067
1.04624495795,-2.22083143015
1.04703674451,-2.2100222787
1.04515248394,-2.21085006154
1.04612151416,-2.19886346069
1.04751641489,-2.25196059411
1.04727258928,-2.22309665326
1.04561062087,-2.26563725822
1.0475750601,-2.24903930939
1.04589134437,-2.25775995834
1.04691108337,-2.25516183132
1.04772086122,-2.24961480203
1.0468756477,-2.24073047223
1.04311275337,-2.21300524452
1.04792087437,-2.21976118966
1.04680595046,-2.24492181808
1.0467448655,-2.25262083834
1.04530247896,-2.25989517782
1.04671580897,-2.23957329754
1.04553629686,-2.2409606904
1.04725784399,-2.18740170785
1.04485057006,-2.24472944773
1.04409020779,-2.22669270013
1.04572812107,-2.21873044697
1.04834694302,-2.23921717172
1.04417391128,-2.24962194353
1.04608315628,-2.25251238118
1.0458378282,-2.19815130511
1.04667814659,-2.23688973422
1.04528445296,-2.21386330731
1.04905145847,-2.23505065659
1.04594286816,-2.21758065045
1.04672542768,-2.20645944766
1.04742680959,-2.25661178844
1.04645065009,-2.2060324854
1.04595473808,-2.23521110478
1.04840979992,-2.22194084079
1.04615645383,-2.20331292694
1.04792657762,-2.22304808965
1.04861866311,-2.24801721421
1.04777267684,-2.23254480717
1.04599072865,-2.24429348424
1.04937333036,-2.2214853315
1.04617796062,-2.26491507785
1.04611343031,-2.2370031253
1.04806633478,-2.24726476201
1.04759720712,-2.2449450809
1.04654189306,-2.23580333286
1.04967988028,-2.21804438884
1.04750069399,-2.22068837293
1.04705450813,-2.20679830242
1.04891667318,-2.28122130072
1.05090016088,-2.21674395669
1.04807633959,-2.26093428505
1.04975895438,-2.23372214232
1.04796576118,-2.23436018759
1.04892996051,-2.22089772396
1.04927196291,-2.20192464506
1.05017074575,-2.2149098341
1.04759556037,-2.21423167936
1.04907569889,-2.20766749699
1.05001061186,-2.21111560894
1.04951120319,-2.23364372679
1.04901241875,-2.28426435871
1.05001776502,-2.24202096754
1.04969922002,-2.23261044687
1.05262018622,-2.26517752725
1.05117847703,-2.22770956341
1.04995629709,-2.24381051776
1.04825183628,-2.22109718287
1.05314694744,-2.21040270837
1.05061354653,-2.22778919219
1.05315900277,-2.24196769728
1.05154495814,-2.23524536309
1.05078380556,-2.24550105656
1.05135756864,-2.23472450423
1.05487574484,-2.2160263232
1.05154260879,-2.25283035094
1.05002619762,-2.22222571595
1.05159794473,-2.25486959385
1.05261541699,-2.18693593187
1.04982208,-2.23173756517
1.05116527848,-2.21976648746
1.04991331221,-2.22038685466
1.05131063606,-2.27944652797
1.05108166285,-2.25443727511
1.05128205431,-2.2373761532
1.04867751952,-2.26470596553
1.05268821921,-2.19631838222
1.05046805806,-2.20813118612
1.05093039092,-2.22664028251
1.05044097129,-2.25607654506
1.05178009844,-2.22359857359
1.04977179995,-2.24777331705
1.05247531271,-2.20022559026
1.05232969174,-2.24385032062
1.05097688357,-2.28291265114
1.04987104472,-2.2437602515
1.05267352851,-2.21230113457
1.05189200818,-2.23579345075
1.05186644464,-2.21029999749
1.05136396141,-2.22723486767
1.05207037156,-2.22789148016
1.05181605328,-2.22446913023
1.0541360106,-2.26443544962
1.04932390899,-2.20063465465
1.0511833427,-2.22094592208
1.05263925988,-2.24002355322
1.07396441862,1.10937043924
1.04917272897,-2.34139352179
1.0514225087,-1.68122795764
1.05093051274,-1.68696584441
1.05112935599,-1.87670635705
1.05143237656,-2.02114105007
1.05224711746,-2.16821704037
1.04952183923,-2.27477376341
1.05317835218,-7.80581235008
1.05130997807,-3.20433574156
1.05022458098,-2.83942499976
1.05210222333,-2.56387706953
1.05237718705,-2.43322971617
1.05098779873,-2.35718898519
1.05309056409,-2.27519276119
1.05202379223,-2.23357341369
1.05104365787,-2.20621054723
1.05052839335,-2.24102450097
1.05357724441,-2.1998907291
1.05108603509,-2.20378010263
1.05197477282,-2.19556490489
1.05200241419,-2.20160514058
1.05145414634,-2.23832300725
1.05218061054,-2.21672166341
1.05415176709,-2.22846101726
1.05115665127,-2.22651376327
1.05209361465,-2.22049578252
1.05267160755,-2.21790678828
1.05321009523,-2.21388094197
1.05088298238,-2.20729780922
1.05324696092,-2.22188815716
1.05100699485,-2.23810773509
1.0511165123,-2.19471170815
1.05309514565,-2.20925260116
1.05324678846,-2.23377245219
1.0506831681,-2.22498788723
1.05189702416,-2.21098964718
1.05049878495,-2.19426119703
1.04938864531,-2.20057503448
1.05024201243,-2.19755751134
1.05176962611,-2.22466053669
1.04831630758,-2.22665578901
1.05121699793,-2.19012873497
1.04937383567,-2.24488710771
1.04902752259,-2.20919259655
1.04943326995,-2.21068875614
1.05227620576,-2.23444579205
1.05000947684,-2.26095133603
1.05054113254,-2.2531679225
1.04953268385,-2.20794170327
1.04952007277,-2.22181027268
1.05059330563,-2.19524124635
1.05292638934,-2.22963466943
1.04845601615,-2.22263635247
1.04985748655,-2.2198221523
1.05147357496,-2.2358269338
1.0517762885,-2.25673909471
1.04983136782,-2.22580065372
1.05169633912,-2.26408006991
1.04752947035,-2.22669746964
1.05060987834,-2.22616965761
1.05151930314,-2.23424729247
1.05019979431,-2.22351075526
1.04823796839,-2.21690263203
1.05201354505,-2.22020222808
1.05084164876,-2.22691163911
1.0490320275,-2.21550624864
1.049319902,-2.21486498162
1.05090110497,-2.24814155129
1.04879846637,-2.22138091534
1.05113190647,-2.26080138509
1.0509570163,-2.23587636533
1.04858776788,-2.20843766268
1.04879420085,-2.21436140511
1.05103426724,-2.23883241572
1.04873427732,-2.18776368884
1.05076066886,-2.20576346385
1.04933446674,-2.27446789554
1.05010873778,-2.25092931439
1.05069271735,-2.2167993503
1.05162232872,-2.24840279105
1.04769182535,-2.22033862809
1.05027878217,-2.26218442084
1.05242432388,-2.25582599894
1.05108499831,-2.24524572671
1.04992210149,-2.2453774152
1.05035449005,-2.23011791115
1.04929631813,-2.25805897248
1.05303575872,-2.23568439206
1.05190634133,-2.29044904736
1.05048055532,-2.25923185671
1.05018322963,-2.25874317313
1.05363844491,-2.25093896856
1.05071747526,-2.26388269298
1.05156865917,-2.28298925825
1.05143528187,-2.27938116945
1.02911968851,-1.72625669358
1.04353665962,-2.38278900911
1.04649428115,-2.32166986176
1.04452698308,-2.31081200472
1.04408551673,-2.37543966394
1.04421377129,-2.31329059751
1.04559492888,-2.33966396383
1.04441806284,-2.35661321847
1.04492853947,-2.34397402653
1.04219965052,-2.21855808013
1.04408278398,-2.29562922143
1.04571607307,-2.21115149913
1.04469935345,-2.23346314051
1.0417123211,-2.21022311346
1.04594326361,-2.25191185471
1.04586481003,-2.21849394093
1.04509835025,-2.23038510918
1.042908552,-2.25629119746
1.04557417151,-2.25541385729
1.04349631605,-2.21334242584
1.04523090796,-2.21793264625
1.04596467398,-2.20697077454
1.04470509609,-2.20614115997
1.04386814927,-2.21798200786
1.04784539895,-2.24647900622
1.04515475724,-2.20802099617
1.04609198178,-2.2121148198
1.04617417172,-2.209503751
1.04605254248,-2.21435532825
1.04551478793,-2.22118249532
1.04814322721,-2.20591381449
1.04534876089,-2.21366611982
1.04494654223,-2.22081425982
1.04563646325,-2.20438992511
1.04643103901,-2.20935558248
1.04435805706,-2.17991775337
1.04641992085,-2.21610166217
1.04461104334,-2.17413705652
1.0449368083,-2.2235345445
1.04548351933,-2.20201061874
1.04701567476,-2.2122506741
1.0434170834,-2.19684633876
1.04684393269,-2.22996623683
1.04608619677,-2.19692915598
1.04580602819,-2.18884306601
1.04557072074,-2.20510121549
1.04637684908,-2.23417729819
1.04526517006,-2.20911854616
1.04745569826,-2.20228172138
1.04708986383,-2.22538477758
1.04559162193,-2.21511740916
1.04589960131,-2.23576995273
1.0487890749,-2.20191364528
1.04606229324,-2.18886550416
1.04694048764,-2.20602607688
1.04665734228,-2.19708935717
1.04733563637,-2.18943189647
1.04733137395,-2.22486683808
1.05005045651,-2.23575869637
1.0464353722,-2.20848494728
1.04576493212,-2.21410894793
1.04698552675,-2.15928851654
1.04776520886,-2.2100020677
1.04720111298,-2.21593804885
1.04755148324,-2.21075200261
1.0464826791,-2.24062360124
1.04635370565,-2.20670200842
1.048670681,-2.21214467685
1.04905124501,-2.22858962428
1.04495987144,-2.21197473225
1.04734204963,-2.24831330008
1.04743240269,-2.25353015092
1.04905581228,-2.24347137106
1.04864255703,-2.20217920134
1.04975841096,-2.23513131892
1.04822798429,-2.17961656155
1.05479268248,-2.18839574483
1.05340558007,-2.19039152641
1.05430051398,-2.23142962449
1.05408157786,-2.24920109859
1.05738140347,-2.22528859329
1.05333648062,-2.18609166287
1.05466848768,-2.20198825501
1.05519162602,-2.20928426713
1.05340783173,-2.22669883871
1.05370576863,-2.23131925643
1.0559787399,-2.22259707682
1.05206858271,-2.1791277667
1.05171249976,-2.17747107253
1.05329348631,-2.20354573581
1.05493898288,-2.22641574486
1.05348971441,-2.18254995206
1.0560067438,-2.24193568389
1.05310371087,-2.18830557913
1.05427625737,-2.19190246324
1.05555120284,-2.16490650911
1.05669345299,-2.2153568151
1.05327300803,-2.16935853099
1.05765993638,-2.20456833034
1.05693127431,-2.1895308999
1.05631300946,-2.19723584919
1.05539076835,-2.21622965492
1.05601965251,-2.19278543444
1.05443955036,-2.23186463509
1.05632873592,-2.17362905664
1.05171509122,-2.18991283216
1.05083826413,-2.19482754336
1.05213009351,-2.24394867455
1.0521389695,-2.19017516755
1.0480258351,-2.2553363713
1.05002822451,-2.16691307909
1.05052190862,-2.21669454965
1.04942710497,-2.24373320265
1.04975241758,-2.18699723409
1.05242364988,-2.16891206375
1.04987691797,-2.23710896622
1.0507312112,-2.19492108961
1.05100457697,-2.1858830139
1.05002518828,-2.20556972605
1.05044647649,-2.19472166508
1.0524115397,-2.20864415318
1.04969598684,-2.14514767697
1.05182964988,-2.17515410712
1.05246362535,-2.19353119828
1.05058843271,-2.22779559286
1.04863357921,-2.17690515274
1.05147669236,-2.20020503351
1.05078264479,-2.20580262353
1.049839842,-2.16456487976
1.05096512976,-2.20349368422
1.04904628682,-2.17744610637
1.04843879141,-2.18496967902
1.05051157178,-2.16610581143
1.04935833678,-2.18709055617
1.05019926014,-2.22682632304
1.05007778571,-2.20594928733
1.0504440683,-2.15996482381
1.04741216624,-2.18833651977
1.05067260552,-2.17891233216
1.04866400825,-2.21453574428
1.04879162681,-2.19573614394
1.05024570125,-2.17925211232
1.05021701359,-3.30764255042
1.04812066062,-1.3805248375
1.04822282232,-1.79507283455
1.05050334738,-2.02897256479
1.04909223998,-2.12505293391
1.04917006962,-2.25674049708
1.04998386314,-2.23570834542
1.0476657537,-2.28388520782
1.05159172792,-3.88443871539
1.05189498067,-2.7630707939
1.04946629251,-1.8473726637
1.04693794005,-1.87443507267
1.05162083655,-2.07946045275
1.04953121943,-2.11986798005
1.05090265982,-2.13548338387
1.04988250999,-2.12694915286
1.04820074743,-2.17047544234
1.04740938464,-2.12120116568
1.05213506408,-2.19887844159
1.04877896009,-2.12706625682
1.04680471281,-2.11496693833
1.04867726056,-2.12869359899
1.05018667566,-2.16356980601
1.04683707987,-2.10615123799
1.04879643381,-2.16359791764
1.04691323557,-2.17169310476
1.04763775697,-2.12441876926
1.04814065841,-2.13071127821
1.04945564166,-2.12673553536
1.04621545783,-2.17191036002
1.04894861139,-2.19580134205
1.04848664281,-2.1775660226
1.04870308166,-2.18970165344
1.04886014544,-2.21282307851
1.04958300401,-2.17873559534
1.04661714069,-2.179035246
1.04930505874,-2.14286560481
1.05055074571,-2.16701704934
1.04826916746,-2.13029485721
1.04700554343,-2.18886698689
1.04989527353,-2.14091885073
1.04973780625,-2.15255735177
1.05038345126,-2.21760950862
1.04806880004,-2.17046110416
1.04876372731,-2.19106091476
1.04886226442,-2.15897185603
1.05141845923,-2.17917062411
1.04707142344,-2.13490479276
1.04794444516,-2.18868907402
1.04986247219,-2.16533281795
1.05018554733,-2.14477475507
1.0480653475,-2.16382152749
1.04903208126,-2.16392367065
1.04843229827,-2.1756041772
1.04860560854,-2.17024811352
1.04964275128,-2.20020123233
1.05044732609,-2.18828696902
1.0474496446,-2.17009952605
1.04932628496,-2.178039948
1.04788457367,-2.13937755552
1.04786973992,-2.17170586615
1.04891121661,-2.18291413927
1.04957674772,-2.20789539159
1.04646879919,-2.16847081878
1.05022016173,-2.20390240694
1.05002675194,-2.18595309668
1.04733328989,-2.17195113054
1.0468376781,-2.14695838091
1.05061741525,-2.17212016006
1.04914872956,-2.20714048769
1.05025774243,-2.21725522297
1.04821675464,-2.18029838694
1.04880845983,-2.19701453515
1.04859048227,-2.18187087919
1.05091672421,-2.17833257058
1.04857790924,-2.15330560782
1.05037835021,-2.20653895292
1.05067155751,-2.19448953218
1.05023198219,-2.1969750664
1.04872825999,-2.18714992294
1.05116248243,-2.21522933564
1.04792899184,-2.168106072
1.05002995927,-2.18862390871
1.05148585154,-2.21177228033
1.04985924303,-2.17276634261
1.04873806929,-2.18807715927
1.05044277844,-2.16151874491
1.04853494659,-2.17305946022
1.04901859422,-2.15676759203
1.04935815806,-2.17096880655
1.05011132265,-2.17647771044
1.04771283478,-2.212765121
1.05106279459,-2.1830848518
1.04890742285,-2.14155425323
1.0474944231,-2.17182317054
1.04808749907,-2.19196294366
1.05088495791,-2.19276490414
1.04896098162,-2.15755179706
1.05040114837,-2.15837864307
1.04985648687,-2.17534154408
1.04841392399,-2.18155445156
1.04944231358,-2.15180417735
1.05238186837,-2.18808245013
1.0490306575,-2.18690155102
1.04998535267,-2.21857497354
1.05003888554,-2.14199732531
1.05166028694,-2.16511776086
1.0498654682,-2.19478465612
1.05086102077,-2.19281996622
1.04776677439,-2.16689479718
1.05078055906,-2.18719266668
1.05279710476,-2.17220967056
1.04876272419,-2.15759932691
1.04787388878,-2.18448227477
1.0496821498,-2.15984637079
1.04921767484,-2.18914251454
1.04907815846,-2.1839161548
1.05005618657,-2.19049040355
1.04886448724,-2.17002690018
1.04672476598,-2.18784640599
1.0511078351,-2.14925013687
1.05019147036,-2.21628927527
1.04885391659,-2.2264541575
1.04815153503,-2.18665593887
1.04916024684,-2.18665282595
1.04849618384,-2.17129876046
1.04976813296,-2.16582550724
1.04784531375,-2.14406856086
1.04767860341,-2.16943944361
1.04870385927,-2.1550339434
1.0520538102,-2.20345731495
1.04666862726,-2.19189129193
1.04905971769,-2.22213634738
1.0502646203,-2.20865198436
1.05002374847,-2.16821493536
1.04916603106,-2.20305041362
1.04975970871,-2.17939255032
1.04741624896,-2.16515459556
1.04998357425,-2.22732936841
1.05033389115,-2.16728167711
1.04995419752,-2.19291508631
1.04779680744,-2.2019739118
1.05027866375,-2.19044886794
1.04754705539,-2.15198890714
1.05038975841,-2.22477299112
1.04936562599,-2.20957344905
1.04970955936,-2.18255586494
1.04746427306,-2.18357630083
1.04980465986,-2.14494278844
1.048921588,-2.14753495171
1.04779099653,-2.15014560868
1.04850884154,-2.2084280051
1.05068882605,-2.17536035797
1.04759446358,-2.18350164301
1.05014137471,-2.21323532144
1.04740195285,-2.20197842359
1.04716506952,-2.14213177098
1.04869098472,-2.17632443129
1.05065938924,-2.21794856854
1.04627638927,-2.16967492343
1.04866463756,-2.20194522683
1.05022904741,-2.17015676199
1.06920443658,1.24602893311
1.04687283023,-2.27775765226
1.0495775582,-1.62644939151
1.04708356795,-1.7016374939
1.04894574743,-1.86529915595
1.04849669375,-1.97190529303
1.04813449541,-2.12701183603
1.04846450512,-2.23988535037
1.05153445369,-7.64038054772
1.04701710254,-3.00868764034
1.04909178407,-2.79320239008
1.04932202669,-2.43290969965
1.04857370984,-2.28563129347
1.04733243543,-2.21525883948
1.05138908267,-2.21732482872
1.04772275833,-2.15998922692
1.04656393864,-2.17527605107
1.05040099603,-2.199687475
1.04901225649,-2.20609890667
1.04798949699,-2.20615485148
1.05018938644,-2.18582235379
1.04768999854,-2.17162618789
1.04715089839,-2.16449659803
1.04905219589,-2.16421843802
1.05060567131,-2.14864575409
1.04630549989,-2.15075598924
1.04962742944,-2.15090236478
1.04753229166,-2.13864400865
1.04712586605,-2.14747723316
1.04761731324,-2.18057361301
1.04857962447,-2.18244526463
1.04734741134,-2.16024291105
1.04814253624,-2.10882298887
1.04959867828,-2.1734512557
1.04595831283,-2.12299914121
1.04743937524,-2.19250433271
1.04983785603,-2.14766578592
1.04786547849,-2.13267761543
1.0500510936,-2.16733867902
1.048629056,-2.15954673246
1.04812448656,-2.14426862908
1.04767045381,-2.19038530895
1.05218947538,-2.19648560491
1.04888096757,-2.1440515703
1.04827125136,-2.14513184945
1.04850638335,-2.13218663816
1.0485419144,-2.16689518286
1.04762697904,-2.14962622421
1.0510705666,-2.17045888274
1.04725699704,-2.15970201868
1.04654295092,-2.19846200657
1.04964180357,-2.15712619658
1.05096031039,-2.18489552495
1.0465450567,-2.16487778169
1.04914913959,-2.15368548995
1.04918853806,-2.16641126383
1.04917525647,-2.16125132889
1.04757448418,-2.18942598137
1.04763749504,-2.16480364943
1.04592462988,-2.16172562316
1.05089339816,-2.17647089927
1.04943580166,-2.17646857927
1.04863449536,-2.18650762128
1.04723346911,-2.14100895495
1.05029319342,-2.15046221764
1.04840100066,-2.20232103889
1.05083808644,-2.19231730763
1.04950079823,-2.20146943266
1.04951286008,-2.17509976882
1.05014525018,-2.19458449103
1.05160297635,-2.19317764284
1.04850583043,-2.18047445191
1.04988958026,-2.18537821025
1.04979132322,-2.18473831857
1.0502484118,-2.19227536517
1.0502705332,-2.1798767548
1.05025783502,-2.17096439229
1.04684418074,-2.17427595513
1.04807626859,-2.1496566614
1.05003428028,-2.16650488758
1.04999756407,-2.16291077807
1.04689533172,-2.1923556264
1.04984164598,-2.17522076349
1.04920596971,-2.18333824391
1.04903413981,-2.1934035039
1.04846882367,-2.15929208831
1.04885690484,-2.18183727334
1.04839112998,-2.19049052082
1.05007644831,-2.18911238105
1.04921333526,-2.20267876278
1.04754950318,-2.18987023447
1.04906107647,-2.20295634758
1.04970919155,-2.14788438284
1.04681754726,-2.17535098456
1.04895705237,-2.19849178205
1.04880887444,-2.20437271771
1.0321468773,-1.85443153634
1.05003381212,-2.58548914285
1.05063180234,-2.31290215209
1.04665667935,-2.29463469828
1.04924804276,-2.34806034533
1.04904327691,-2.33702750454
1.04957305579,-2.29903434183
1.05002837361,-2.33311954093
1.05050881437,-2.3141389579
1.05022496872,-2.43368921266
1.05356479602,-2.45577084943
1.05508725186,-2.42986741888
1.05480611134,-2.42564753576
1.05289198996,-2.41055559276
1.05581902738,-2.45143663689
1.0542031053,-2.42155665555
1.05316079428,-2.48597254156
1.05443260932,-2.44843084776
1.0538032076,-2.46394481599
1.05232763821,-2.46077204488
1.05477649388,-2.4085835509
1.05319127321,-2.439856176
1.05191936456,-2.4543763962
1.05142580285,-2.43147962419
1.05389233629,-2.4446412622
1.05040925953,-2.46804081437
1.05385341659,-2.4384752785
1.05193037305,-2.44339167216
1.05198795788,-2.45821511007
1.05227818182,-2.45440977442
1.05413770273,-2.45630205289
1.05168373221,-2.46020730813
1.05242465693,-2.43894777824
1.05410029711,-2.46462808884
1.05378236257,-2.44947401613
1.05375954455,-2.41076678467
1.05531431279,-2.45890753681
1.05151760058,-2.4836775329
1.05453339824,-2.4731738034
1.05589120286,-2.47151066862
1.05366891489,-2.46916387987
1.05094130789,-2.45837855995
1.05382814998,-2.48471412815
1.05087984287,-2.41237477725
1.05173486592,-2.45507850673
1.05243015406,-2.47988431793
1.04948187505,-2.46864545477
1.04928190329,-2.41695215729
1.05413576515,-2.452722493
1.05159094027,-2.46152583918
1.04881020997,-2.4348141514
1.04964644611,-2.42433079038
1.05200362398,-2.46318807346
1.04969565896,-2.43162802019
1.05252228968,-2.43898545606
1.04941758709,-2.43982089755
1.04953339156,-2.45765863585
1.05053801545,-2.47466807081
1.05179511506,-2.47655665852
1.04917318323,-2.44309336193
1.04902178069,-2.42271394307
1.04842225712,-2.44597279287
1.04898435701,-2.45503524111
1.0500703851,-2.47789403229
1.05118611926,-2.48160546034
1.04684623794,-2.44065181919
1.0497715316,-2.43586430395
1.05105191917,-2.43645602826
1.0486633152,-2.42952304194
1.04754420637,-2.46349138832
1.05007139659,-2.47067261793
1.04800367426,-2.46324345243
1.04985493832,-2.42754132338
1.04927685955,-2.42126739372
1.04780940864,-2.46915993677
1.04761785006,-2.4764400553
1.05169812627,-2.47135910905
1.0497794768,-2.49313389254
1.04733295703,-2.41833530096
1.04925800694,-2.45593596228
1.04948633489,-2.44186884372
1.04724179081,-2.45027501978
1.04972445225,-2.45133756649
1.04868271119,-2.4271905951
1.04821569293,-2.46308243816
1.04828901648,-2.43270838515
1.04988364124,-2.44834224679
1.04643476724,-2.42733049838
1.04758572918,-2.43266809996
1.04727607638,-2.42734146665
1.04740621294,-2.44680369981
1.04914987106,-2.43983206306
1.04851318748,-2.44576700098
1.04582710763,-2.42765298033
1.04899617083,-2.4375111432
1.04965270861,-2.47124420329
1.04677049278,-2.45355586465
1.0459129084,-2.39865872388
1.04915618501,-2.42642631674
1.04652805695,-2.44769428471
1.04859948775,-2.4605192474
1.04823079015,-2.45972831737
1.0457095518,-2.41180636621
1.04671597377,-2.44512188413
1.04995517934,-2.46209550882
1.04561812796,-2.40323500767
1.04731818195,-2.43282138001
1.0488150226,-2.39462954787
1.04767277239,-2.45283250002
1.04489189213,-2.42031778062
1.04781413315,-2.45933796592
1.04652779566,-2.44759440673
1.04562265422,-2.44388729003
1.04749599356,-2.42165527064
1.04769263423,-2.42000626115
1.04450706505,-2.43262994552
1.04669683768,-2.41534381968
1.04546177912,-2.45021199387
1.04585977353,-2.40904337915
1.04639181943,-2.45044684888
1.04787415026,-2.44165335442
1.04369474976,-2.42115926706
1.04733151222,-2.43966582038
1.04596654868,-2.43093335724
1.0452669048,-2.46820677461
1.04552441426,-2.43767618449
1.04573372688,-2.44674548437
1.04543724193,-2.43602698262
1.04526443193,-2.39372872611
1.0462104424,-2.43309619209
1.04355809226,-2.44155051581
1.04528766953,-2.43008964525
1.04671590092,-2.42978163953
1.04378200906,-2.41592651198
1.04596909678,-2.44498424564
1.04593019792,-2.44748887698
1.04753562217,-2.44091047139
1.04596538074,-2.44883503062
1.04768801761,-2.41324882236
1.04472406366,-2.43749182509
1.04570696211,-2.44122850525
1.0473775385,-2.3971095245
1.04632555757,-3.29853861136
1.04425952764,-1.62249125315
1.04590022901,-2.02579314205
1.04506443374,-2.24207406508
1.04513762608,-2.40201149338
1.04632703538,-2.51117243793
1.04690561184,-2.55422945886
1.04317160041,-2.542632515
1.04761333372,-4.35351168879
1.04646976931,-2.91955210342
1.04532751529,-2.14382468859
1.04451114843,-2.19938929199
1.04436075615,-2.26302339135
1.04417772281,-2.3832297678
1.04756507653,-2.40724361508
1.04339665191,-2.37117371575
1.04408406893,-2.3894927175
1.04364312547,-2.21675098695
1.04774461118,-2.44330458746
1.04399474318,-2.39962000304
1.04441656369,-2.36126781878
1.04522874883,-2.36258234063
1.04589666466,-2.41844277739
1.04453542767,-2.38096910565
1.0457810388,-2.42263755246
1.04298562536,-2.41130970451
1.04425962608,-2.41414592136
1.04606516108,-2.43921929393
1.04526823766,-2.43801222545
1.04356583133,-2.4047844054
1.04638158675,-2.48136746984
1.04376734999,-2.43932086593
1.04401285569,-2.41087419923
1.04520236519,-2.44918892737
1.04363689821,-2.40465999821
1.04114796144,-2.41006397358
1.04534579911,-2.4091465043
1.04426314645,-2.42004302863
1.04270999796,-2.45207278721
1.04197667216,-2.43464059981
1.04384637572,-2.47328910255
1.04366763238,-2.41495171371
1.04373358893,-2.40789480337
1.04137385137,-2.42330139655
1.04120032863,-2.41523872002
1.04403116802,-2.42600916188
1.04473251414,-2.44047280434
1.04103649298,-2.40236121085
1.04258567057,-2.38881277562
1.04327404028,-2.41461427931
1.04278531261,-2.4465815538
1.04193281124,-2.40381634107
1.04428897233,-2.43318433838
1.04073021851,-2.41379709919
1.0427899882,-2.39178053031
1.04309514295,-2.39142637516
1.04206778518,-2.38775660617
1.04099387635,-2.41242256077
1.0443565071,-2.41178170917
1.04367084507,-2.41251538015
1.0446246998,-2.42124403727
1.0466952384,-2.42255410939
1.04380815065,-2.39443888762
1.04345970921,-2.41236972338
1.04647152208,-2.38554738246
1.04554303886,-2.42354163337
1.04520638192,-2.39579518265
1.04568305361,-2.3891036748
1.04353139793,-2.37809944865
1.0417249124,-2.36382225532
1.04506164081,-2.43022868677
1.0429239789,-2.39733396646
1.042392476,-2.41875687182
1.04433297515,-2.41016705434
1.0456557707,-2.39666425931
1.04159006196,-2.39724822861
1.04478267537,-2.39293098735
1.04250575112,-2.37899597547
1.04330741359,-2.40319802086
1.0442221164,-2.37059709682
1.04486599486,-2.39856460756
1.04280012551,-2.37245542555
1.04479692188,-2.36378363316
1.04647480342,-2.42625042717
1.0443277818,-2.37962094535
1.0429496933,-2.38913749413
1.04593786969,-2.39975799677
1.04355370763,-2.41169164168
1.04462322658,-2.36469366715
1.0448972862,-2.4125621858
1.04399432766,-2.40736950874
1.04172832111,-2.41707328575
1.04544296277,-2.44470840543
1.04322346736,-2.40330419941
1.04253668913,-2.42624622308
1.04251685867,-2.37555664955
1.04247512036,-2.42260400485
1.04219804343,-2.39279537962
1.04431844166,-2.40845625901
1.04214806931,-2.41157190111
1.04096824128,-2.41653519213
1.04410645452,-2.3730005859
1.04589292393,-2.42178016829
1.04124585719,-2.43176621654
1.04229567017,-2.39854765142
1.04247680409,-2.42503143771
1.04304705249,-2.40467351457
1.04249270112,-2.36311064503
1.0419931537,-2.39243593236
1.03989358361,-2.41805831183
1.04321197532,-2.42657343385
1.04261694599,-2.39188285275
1.04174473623,-2.40401188167
1.04109270469,-2.3807718028
1.04270644155,-2.41337651639
1.0406237219,-2.41850444261
1.04203690231,-2.38719652935
1.04422618966,-2.43686190406
1.04196161999,-2.40990591742
1.04180437076,-2.43318519733
1.04328843302,-2.41078100024
1.04258923305,-2.41506916842
1.04255064427,-2.42811775287
1.04282571108,-2.4180755692
1.04335250559,-2.40957823925
1.0431091309,-2.41702086354
1.04413427734,-2.40054701582
1.04107272564,-2.39628885795
1.04096148969,-2.38461671676
1.04305222008,-2.38475979399
1.0457196234,-2.4131309167
1.04257048753,-2.42339561404
1.04281234035,-2.41691890302
1.04241045834,-2.42715055647
1.04189618582,-2.40106534019
1.0428393444,-2.39816362026
1.04248435357,-2.39461189467
1.04095333802,-2.41325764842
1.04357092424,-2.38237785874
1.04304688001,-2.38828541323
1.04121238781,-2.40725660714
1.0424089722,-2.42561609551
1.04476748722,-2.4460305645
1.04207200149,-2.3928424171
1.0427302637,-2.36629349825
1.04387096964,-2.41254079849
1.0423635703,-2.44377654682
1.0413398484,-2.36379613266
1.04503787856,-2.40030866842
1.04175614126,-2.4125976492
1.04309586699,-2.38684404399
1.04261616807,-2.40256655621
1.04355493747,-2.38255535285
1.04295519399,-2.40556235109
1.04509889363,-2.40190212551
1.0423986725,-2.41481327358
1.04396493144,-2.46260727157
1.04404823327,-2.42200871625
1.04461418816,-2.4350297289
1.04178604011,-2.41349449544
1.04443269099,-2.41654284137
1.04411012305,-2.46288694924
1.059240833,0.823770706506
1.04353670906,-2.4725459054
1.04341120439,-1.89936313943
1.04203963634,-1.93870876872
1.0450297724,-2.07603980726
1.04374797985,-2.26026609474
1.04295033149,-2.38403757995
1.04233370026,-2.43961269226
1.04405208276,-7.41828352927
1.04024515,-3.39543409442
1.04472638188,-3.01598767248
1.04403875872,-2.70622359776
1.04191292583,-2.54625425633
1.04174363261,-2.43499926996
1.04429723824,-2.4016901404
1.04242267198,-2.40223011076
1.04282762193,-2.38110099211
1.04318885198,-2.38803151594
1.0432687978,-2.4091269153
1.04262549817,-2.39508942686
1.04532722356,-2.42233477935
1.04181542673,-2.37996525808
1.04353092309,-2.36633134704
1.04399180708,-2.41155265219
1.04411508676,-2.41066681897
1.04140172032,-2.39021321771
1.04489700305,-2.39489459976
1.04314017228,-2.38317478009
1.04456037526,-2.41318435221
1.0441199281,-2.40533735196
1.04182503497,-2.37455888884
1.04139790344,-2.38982002573
1.04487278786,-2.37418920045
1.0447367506,-2.37400842811
1.04213702737,-2.39575159314
1.04401918502,-2.41465575599
1.0424370181,-2.42442911021
1.04090814519,-2.39829242294
1.04429837976,-2.4109859412
1.04298731941,-2.41781326185
1.04248059377,-2.43109314646
1.04319796119,-2.40919681791
1.04303327276,-2.40682211104
1.04202589354,-2.43011190748
1.04319175543,-2.37494062688
1.04267263024,-2.41542716731
1.04262917246,-2.42390399577
1.04519243129,-2.43905621236
1.04616843081,-2.38361845336
1.04191793173,-2.39807005908
1.04357899672,-2.43794813259
1.04508925806,-2.39347810992
1.04512394102,-2.43458024863
1.04333491857,-2.39139623296
1.04490591583,-2.38728129307
1.04433646021,-2.44607416483
1.04597390316,-2.42497493779
1.04564248177,-2.4209763119
1.04332371998,-2.43260141825
1.04268314749,-2.43061875225
1.04721570346,-2.43964093194
1.04390699431,-2.44260064928
1.0443059739,-2.44622130828
1.04457301925,-2.38941688289
1.04550455897,-2.42834662514
1.04313999787,-2.42856143133
1.04529322901,-2.4092961458
1.04421948704,-2.46115719872
1.04292490642,-2.40455863289
1.04485299012,-2.43512945595
1.04748059258,-2.46581845255
1.04326184942,-2.44669108021
1.0451491798,-2.45087583303
1.04333537168,-2.43336235858
1.04299136645,-2.39349337605
1.04551688799,-2.42071387729
1.04486947618,-2.42749245802
1.04104877012,-2.42802520258
1.0432170967,-2.39464487746
1.0452070796,-2.43290388851
1.0428793873,-2.39798795826
1.04149150577,-2.42292032824
1.0440903404,-2.44170011365
1.04285491248,-2.42522445307
1.04440103614,-2.43507582124
1.04346589504,-2.43731598619
1.04225163074,-2.45632329871
1.04149754964,-2.43509391656
1.04499420854,-2.42607917005
1.04236202894,-2.41504308608
1.04254870884,-2.43075495401
1.04445824877,-2.42499519059
1.04280184093,-2.40521930869
1.04337612245,-2.44621182206
1.0443832574,-2.39318262986
1.04219077782,-2.42047286057
1.01878704704,-1.86880410247
1.03858804924,-2.66175836254
1.03833899371,-2.46737337437
1.03680303346,-2.53621422053
1.03874642466,-2.53866595165
1.03691604504,-2.52426271494
1.03558611186,-2.45139960574
1.03659810027,-2.46727420918
1.03841696633,-2.48361389152
1.03836952249,-2.61524435864
1.04103887601,-2.63745025633
1.04073069382,-2.63780353227
1.03859692136,-2.60305289209
1.03910418671,-2.61289293593
1.04016045391,-2.61172821621
1.03951174918,-2.58882294776
1.04084616839,-2.62859730089
1.04205702023,-2.6667165801
1.04103967385,-2.66004408468
1.04014545815,-2.63390494365
1.04419867847,-2.64038502565
1.04228808514,-2.63950893751
1.04292592238,-2.63491293844
1.04326520859,-2.62249069619
1.04514716705,-2.70182234672
1.04453605269,-2.65258625031
1.04659044302,-2.61717955057
1.04395308106,-2.66040806102
1.04507207496,-2.63767481965
1.04638902205,-2.61847598325
1.04637963708,-2.60503082419
1.04431780905,-2.61410810795
1.04738354888,-2.64042886898
1.04499295812,-2.61117177039
1.0456055873,-2.65846390974
1.04772309911,-2.64259353415
1.04727716682,-2.62790854611
1.04334277415,-2.65209287223
1.04766146257,-2.64657647415
1.04851528887,-2.68009875715
1.04570963459,-2.61999402854
1.04473559269,-2.65015852057
1.04539617198,-2.65152508971
1.0443194585,-2.64290616263
1.0467998726,-2.62465597546
1.04509425954,-2.64061182607
1.04257770058,-2.67365487407
1.04160874991,-2.63581500586
1.04537413429,-2.64342635821
1.04173413186,-2.66960313095
1.04079329648,-2.61580734522
1.04042018811,-2.60298962113
1.04053408311,-2.63238504659
1.0402876459,-2.6557758442
1.04081795881,-2.6577754687
1.03796640624,-2.63370800438
1.03886911295,-2.61757835363
1.04045319338,-2.6303471143
1.03994063181,-2.64546359719
1.03990096401,-2.63686760891
1.04060646584,-2.65103715663
1.03823037114,-2.61678161058
1.03853981195,-2.58751189196
1.04065354733,-2.64994654819
1.03989871002,-2.61451078455
1.03600061707,-2.60930499705
1.04019102133,-2.64245689017
1.04133990226,-2.60227257539
1.0391858178,-2.63597434693
1.03878625349,-2.65589188535
1.03836158787,-2.61000510442
1.03725501443,-2.64653428933
1.04080885963,-2.68086685132
1.03912612397,-2.61182653985
1.03704381801,-2.59065689567
1.03997030583,-2.64765921682
1.04010139569,-2.62108284862
1.03763275211,-2.63282833263
1.03879115655,-2.62371950292
1.04047123437,-2.64585457918
1.03941636876,-2.59564502963
1.03868131225,-2.65706291529
1.04032951139,-2.62359909239
1.03744223122,-2.6164302339
1.03936772488,-2.64202139531
1.04021894768,-2.63902885989
1.03940245306,-2.62103315228
1.03891198293,-2.62179386841
1.04032686077,-2.63043682153
1.0387987639,-2.6008116827
1.04037323332,-2.61396262317
1.04080685222,-2.63136366321
1.04023678625,-2.64290313809
1.03822560992,-2.57986119858
1.04117768541,-2.6437875681
1.04061896515,-2.64499650471
1.04027265083,-2.61177709677
1.04237876945,-2.65074779301
1.04217593859,-2.60628480069
1.03936653766,-2.64733632747
1.04140786122,-2.62482761445
1.04100465956,-2.66369109256
1.03879471194,-2.63741994573
1.04065024212,-2.62514242812
1.04310710596,-2.6244734979
1.03901760894,-2.63046923241
1.03961122548,-2.62868711625
1.03899727177,-2.59031711078
1.03886662548,-2.63275624011
1.03980248525,-2.59427163862
1.0405788207,-2.62553591225
1.03927409775,-2.62154105247
1.03912871843,-2.61216723082
1.0401585441,-2.62625980121
1.04072849595,-2.63336627408
1.03961517471,-2.61183616708
1.04279129366,-2.62846299074
1.03923136128,-2.62589481509
1.04171625852,-2.66252722775
1.04146832034,-2.63041060055
1.04140267123,-2.60555040368
1.04043607274,-2.66573769401
1.04251107775,-2.60461141002
1.04014603993,-2.62460552509
1.04016747592,-2.6213778622
1.04172840384,-2.61000802045
1.04063233407,-2.6563214944
1.03910339908,-2.64209435873
1.04272464784,-2.64618120503
1.03918310416,-2.61293256094
1.03648434592,-2.62215250299
1.04022578629,-2.64524984366
1.04298814254,-2.64052241981
1.03839657839,-2.55741696841
1.039796437,-2.62396463467
1.03923770462,-2.6630137642
1.03833470321,-2.60946939896
1.03931365968,-2.64223215364
1.0390416549,-2.61599590508
1.03902352475,-2.63586427946
1.03912003782,-2.60808060693
1.04003493679,-2.64737258805
1.03909435653,-2.59361150486
1.03863669353,-1.75610099704
1.03962341662,-2.14719245975
1.03861440365,-2.48140943364
1.04099439125,-2.59553550658
1.04116463692,-2.66248578856
1.03935167044,-2.71481866372
1.03875226267,-2.70664642436
1.04126290077,-5.97364097634
1.03977513748,-3.15782537521
1.03990226448,-2.24217878656
1.03953521262,-2.3364392154
1.03962218192,-2.47100446304
1.04024721344,-2.54565901115
1.04264662449,-2.54904766222
1.0383177888,-2.59323407582
1.03786014022,-2.5700770191
1.03946183944,-2.47483364117
1.0437077153,-2.65822830566
1.03944293851,-2.53154002459
1.04126244352,-2.53327176171
1.04157350024,-2.59345419918
1.04192875269,-2.60057735317
1.04219374239,-2.60790164423
1.04376618084,-2.59428036535
1.04062909366,-2.63609771431
1.04307804456,-2.593322622
1.04364889242,-2.63135124026
1.0422090072,-2.59791591821
1.04175331664,-2.57362737009
1.04270583729,-2.62264098935
1.03972166874,-2.63009204365
1.04289617907,-2.65265427702
1.04398779828,-2.64737835793
1.0414863614,-2.59907145074
1.03982316551,-2.60264537743
1.04365954246,-2.6157763949
1.04057815031,-2.61182084497
1.04168628888,-2.59403963695
1.0421139371,-2.61712257196
1.04186877946,-2.59861031721
1.04188859691,-2.57245472564
1.04536928948,-2.60982297611
1.04152064211,-2.61524801549
1.04115248522,-2.58991375739
1.04576754451,-2.617918919
1.04454645904,-2.59529452779
1.04249824385,-2.63004975453
1.04404349806,-2.59186394784
1.04261574155,-2.63444944774
1.04093719212,-2.61875089522
1.04117806133,-2.59480338452
1.04057913527,-2.6334076524
1.03661261336,-2.55431689217
1.04066862492,-2.55909472247
1.04023208949,-2.57275959431
1.03935848466,-2.5607364187
1.03882704573,-2.57120019632
1.03988159662,-2.59555186214
1.03779785049,-2.58549482093
1.03988518425,-2.56212045489
1.04000853509,-2.58232849092
1.03952208063,-2.56501898058
1.04010179315,-2.58999913368
1.04109728058,-2.61697143297
1.03940992452,-2.58867107861
1.03891028385,-2.57081785949
1.04033308508,-2.58057236442
1.03877443667,-2.56539977596
1.04030307694,-2.56143789421
1.04203555002,-2.57633339725
1.03829805477,-2.59785603703
1.038980326,-2.55747448488
1.04136830366,-2.61784124177
1.04129999436,-2.59445189374
1.04068027726,-2.60276314697
1.04231474986,-2.57682219864
1.0399986786,-2.59364332683
1.0400397388,-2.58351916753
1.04138449851,-2.54178580153
1.03986810435,-2.6028627297
1.03799675437,-2.5708159852
1.04322085266,-2.58204787189
1.04184683406,-2.57890627797
1.04008814143,-2.54019827196
1.0410539463,-2.59441820591
1.04156779467,-2.60710606437
1.03900096429,-2.60562874482
1.04039920051,-2.52839557168
1.04028370919,-2.58599762817
1.03995026243,-2.58886107044
1.03951857686,-2.58749816437
1.04088495833,-2.59121544912
1.03965683412,-2.60083867616
1.03986310891,-2.58254454482
1.03810313705,-2.56060403616
1.03947518959,-2.62499778578
1.04124497853,-2.59088373672
1.04392326232,-2.59668080426
1.03730290089,-2.56126665023
1.039348782,-2.59678127069
1.04041909135,-2.59612694494
1.04138207562,-2.58374042239
1.04037880348,-2.58659792811
1.04194150672,-2.57391044957
1.03953879935,-2.56790603258
1.03956717476,-2.59839252655
1.04106436591,-2.59120854826
1.03973930493,-2.5964490085
1.0389448442,-2.58794172843
1.04219033465,-2.57738103782
1.04129652866,-2.58428858695
1.04010422981,-2.58335828151
1.04020578161,-2.5654001737
1.04001018371,-2.54564568477
1.03889712889,-2.58887946702
1.04097107963,-2.54026871987
1.0407420954,-2.58213753231
1.03995578859,-2.56375214256
1.03919059959,-2.57072195101
1.04080402861,-2.57749275365
1.03968200705,-2.55680725426
1.04070734067,-2.61992999145
1.037987871,-2.58372629152
1.03810884068,-2.58060062782
1.04264742299,-2.60927691134
1.04167710557,-2.59512731379
1.03792086316,-2.54696517115
1.03950293638,-2.5893626428
1.0413250039,-2.58402931424
1.03957870641,-2.57108539141
1.03895605987,-2.60417520189
1.04110682304,-2.56632177492
1.0400546512,-2.59536069945
1.04158565036,-2.56956836098
1.04060921629,-2.57459665851
1.03863385632,-2.57361817972
1.03862751746,-2.55470569157
1.04220765372,-2.63339866939
1.04203265733,-2.60605478582
1.040863411,-2.58855661916
1.04210728325,-2.56904179282
1.04140100997,-2.57508725004
1.03987014332,-2.58196548252
1.04075470407,-2.5528027082
1.04020289972,-2.59535964882
1.03927281723,-2.59154112625
1.0410811236,-2.57129653251
1.04162630307,-2.57303258887
1.04022080266,-2.59459604154
1.04038123873,-2.59185646106
1.04026452994,-2.58916966641
1.0393850496,-2.56232055604
1.03977624273,-2.56015591566
1.04159290029,-2.62488021645
1.03868064477,-2.60678427185
1.04118395197,-2.59359510068
1.04051013242,-2.60741232021
1.03952080885,-2.60346354672
1.03939011314,-2.60090724101
1.03999440265,-2.56585265204
1.04018307475,-2.63314672736
1.06104075369,0.888211355668
1.0427766512,-2.73082492029
1.04029615387,-1.97417828702
1.03864167,-2.00243419418
1.04293900469,-2.25781697546
1.03974424952,-2.43943154407
1.04105710383,-2.5437658088
1.0416810825,-2.6429129713
1.04231763934,-8.21316760289
1.03625991213,-3.36878515505
1.04202606726,-3.25366165218
1.04037443319,-2.89341148181
1.03856757482,-2.69941196105
1.04162359824,-2.63146142159
1.04175356706,-2.59617984784
1.04008103011,-2.59714166884
1.04208861269,-2.59539460573
1.04011921712,-2.61218561067
1.04139547404,-2.6497008217
1.04237839513,-2.62947750539
1.04341923565,-2.62554153861
1.03858937976,-2.56387634702
1.04074692589,-2.54125589564
1.0426778276,-2.56004260446
1.04194701184,-2.55209212304
1.04107766963,-2.5827046934
1.03966520959,-2.56566098444
1.03824751819,-2.60950279597
1.04205994685,-2.57484980624
1.04102392166,-2.55653766847
1.03997969444,-2.56194015544
1.03954350608,-2.55403464703
1.04239799614,-2.5776183318
1.03938604281,-2.56684577913
1.04081667214,-2.57291659454
1.04225919426,-2.60301506925
1.04039664602,-2.59032644907
1.04148448872,-2.62641203519
1.04380854232,-2.58225683978
1.03937619351,-2.60657394797
1.03961308892,-2.59059061928
1.04162528044,-2.59407048499
1.04199816209,-2.57698723493
1.0415241998,-2.58640915019
1.04188465434,-2.59733980097
1.04015587861,-2.61706012728
1.04065557954,-2.62845193044
1.042549935,-2.61268741252
1.04169902317,-2.54550565263
1.03849456334,-2.58384668572
1.04146951821,-2.58650995101
1.04063887677,-2.59878057488
1.04154658695,-2.62039411839
1.04083941568,-2.63908116078
1.04031042535,-2.58657856615
1.04015205438,-2.59743802491
1.04200742505,-2.57583374731
1.04056809127,-2.59067638795
1.03879210006,-2.60896275629
1.04131987916,-2.61669574604
1.04284905327,-2.6299036829
1.03948286907,-2.61020210722
1.04076785172,-2.60991422499
1.04132654225,-2.61832744851
1.04025476835,-2.62270154856
1.04141576809,-2.66356320213
1.04389064997,-2.61917519587
1.03941846002,-2.66560992906
1.0402220412,-2.59486902041
1.04220050155,-2.61652235318
1.04185254369,-2.60427656708
1.04064436768,-2.62047087221
1.0430820208,-2.61723319093
1.04033276356,-2.59345634546
1.04195571306,-2.60728132935
1.04213213112,-2.59886206652
1.04139080583,-2.59415686792
1.03894369626,-2.62652247182
1.04155991375,-2.6124688559
1.04200643108,-2.60407828858
1.04177373563,-2.60080271935
1.04117781414,-2.64677849735
1.04114949366,-2.65809033747
1.03962887742,-2.63805339961
1.0421305273,-2.58648411527
1.04056740946,-2.63343070219
1.0387038581,-2.60751843139
1.04084145896,-2.59921508045
1.04195314632,-2.6169740943
1.03990879294,-2.63724136548
1.04264033621,-2.68694848189
1.03961279486,-2.60854450245
1.03884120786,-2.63150436208
1.04043500293,-2.57948078467
1.04170090331,-2.59198558756
1.04066154008,-2.63545512266
1.02174532649,-1.79502483884
1.03946174396,-2.5978682796
1.03717373429,-2.27521951681
1.037015771,-2.46138063652
1.03942942968,-2.48026160986
1.0377596364,-2.49069317912
1.03951824109,-2.51778034685
1.04033228474,-2.5367314784
1.03838145084,-2.52709749382
1.03641163895,-2.58844608997
1.03902305271,-2.55420711386
1.03999590985,-2.57173910392
1.03954437737,-2.56529169362
1.03935216897,-2.54297413957
1.03774117026,-2.54676572771
1.03739365002,-2.5822376671
1.04054615605,-2.63951067042
1.03865054002,-2.5903402418
1.03718788481,-2.60101848823
1.03989532883,-2.59537450894
1.0415602738,-2.62449390202
1.03882703298,-2.59670567297
1.03893585743,-2.59585435921
1.03877698971,-2.58870577823
1.0375966267,-2.61113825928
1.03915259955,-2.59180311854
1.04026013871,-2.6226756736
1.03812931585,-2.61516011961
1.03963369187,-2.66182951298
1.04053881432,-2.62496210592
1.04000880118,-2.6531601527
1.03766842471,-2.58889429401
1.03980967352,-2.57521301494
1.03649702775,-2.59440233405
1.03990785688,-2.61081338415
1.04209335059,-2.57901876853
1.039718409,-2.58152587511
1.03576334183,-2.62053932916
1.03829545484,-2.5810016804
1.03883979508,-2.60396708435
1.03961527834,-2.59879379978
1.04013372761,-2.61513528191
1.03972539135,-2.6264877778
1.04005324381,-2.64316995248
1.04220607973,-2.6715486085
1.03909215906,-2.63977229001
1.03819495494,-2.62600754369
1.0403967846,-2.62619166986
1.04246769263,-2.63773590496
1.03978765421,-2.66809815274
1.04125163712,-2.59040854831
1.03835290716,-2.62620057491
1.03817208809,-2.60198862132
1.03891738558,-2.62575857763
1.04121617927,-2.63468680185
1.03807314089,-2.64106306411
1.04013004824,-2.62208308304
1.0399456362,-2.63713078847
1.03947664683,-2.64385549711
1.03980369612,-2.58475015384
1.03830714768,-2.61748267759
1.03652543676,-2.63993207827
1.03986351579,-2.62291613193
1.0421775414,-2.61015759176
1.04049599054,-2.65436277731
1.03799562159,-2.59647504873
1.03989556335,-2.59075627523
1.03891242441,-2.62944882705
1.03952786515,-2.63131210956
1.03950897119,-2.57802189829
1.04111115706,-2.62631899798
1.04053879557,-2.60420175018
1.04127010419,-2.59209532188
1.03815480579,-2.58332779599
1.03825616972,-2.65580719909
1.04012614395,-2.60840265836
1.04031062593,-2.60923995609
1.04021549463,-2.58403461383
1.04068962407,-2.60953517323
1.03868320021,-2.60588928393
1.03886836438,-2.61525451741
1.03949711339,-2.59485186375
1.03902348712,-2.58686643725
1.03876974507,-2.62933087075
1.04132168165,-2.63881816972
1.03991667338,-2.60838718059
1.03888842018,-2.60283490322
1.03852499409,-2.59546925471
1.03851829288,-2.60861263675
1.03804808328,-2.60132408947
1.04058297922,-2.60774633259
1.04101031151,-2.61162850871
1.03864586871,-2.57971422107
1.03887431919,-2.62811719873
1.03919363761,-2.59698645268
1.03870031542,-2.62099079502
1.03922422238,-2.61914010327
1.03953305473,-2.62118914798
1.03938344335,-2.61638568664
1.03939559399,-2.60995638842
1.04184201376,-2.61154832452
1.03844929682,-2.62175860788
1.03793164697,-2.61606446024
1.03893708527,-2.6244619354
1.04019496428,-2.61093863219
1.041125311,-2.62843315849
1.04383308361,-2.64324968298
1.04015609758,-2.59575138798
1.04170942645,-2.60826917251
1.04059474245,-2.62086460495
1.0396097744,-2.62643439121
1.0389194618,-2.59713048508
1.04391319611,-2.61472337211
1.04191411308,-2.62966569493
1.04040190872,-2.60132027759
1.03996323576,-2.5678580302
1.04073897147,-2.62072682905
1.03720179209,-2.58798887933
1.04053733427,-2.56565488079
1.04172097351,-2.64804481686
1.0401648626,-2.60420214353
1.04017228346,-2.612224164
1.04115830764,-2.63336323796
1.04055519827,-2.59732998634
1.04112978953,-2.5625900885
1.04084649813,-2.58615811352
1.04137676095,-2.61348362025
1.04313550123,-2.61299092597
1.04625390227,-2.62168163847
1.04261085022,-2.62885447714
1.04202525962,-2.60165798016
1.04231786574,-2.59088462877
1.04297352671,-2.60373196954
1.04232805884,-2.62632546678
1.04325403637,-2.62534275087
1.04189885093,-2.62503954944
1.04161484255,-2.62634412357
1.04090245514,-2.62358853638
1.0400866598,-2.64611424389
1.03972002444,-2.62252460628
1.04119025497,-2.57863041378
1.0415350304,-2.60924881781
1.04118617353,-2.44290455724
1.04188064646,-1.74443898156
1.04002259163,-2.15321801369
1.03748644744,-2.44674328863
1.04256394994,-2.59231420981
1.04160753178,-2.69366948412
1.04052706633,-2.70954049218
1.04079560596,-2.73235118893
1.04299695592,-6.20497901254
1.04021900008,-3.10944016849
1.0407617573,-2.2936300736
1.03958473043,-2.3636599471
1.03921893737,-2.53283794356
1.04179877511,-2.5439399706
1.04169514455,-2.59284516
1.03846816677,-2.56764360874
1.03738379684,-2.56088385765
1.03954909581,-2.48159113975
1.04024643497,-2.5939045975
1.03736726805,-2.57161932453
1.04069967934,-2.64251433142
1.04027898931,-2.62636389833
1.04152443417,-2.59573264139
1.04218668735,-2.63945195501
1.04081304389,-2.63149461359
1.03958132229,-2.60928116688
1.04235825716,-2.59686431654
1.04232653987,-2.64092840919
1.04420208785,-2.64787430871
1.0447248603,-2.61028558481
1.04230315696,-2.61874213877
1.04183610283,-2.64008077448
1.04292736522,-2.62393093397
1.04204376921,-2.61323318489
1.03991030485,-2.56406127918
1.04109009307,-2.57984690235
1.04275445971,-2.55360442504
1.04047332578,-2.66015061622
1.04347649728,-2.63303851673
1.04039471597,-2.6168338861
1.04023922152,-2.64046999107
1.04260962818,-2.64087398956
1.04375438052,-2.60158459206
1.04091705077,-2.6118074569
1.04171135086,-2.61464405183
1.04279066677,-2.63909112601
1.04200359944,-2.61367157284
1.04107775206,-2.56078198006
1.042383631,-2.58631814499
1.04061398948,-2.59396193669
1.0429299194,-2.65249350013
1.04346088671,-2.61883921921
1.0416715472,-2.62202012641
1.04201828585,-2.59316174599
1.04294165888,-2.5872096481
1.04036019294,-2.57335596664
1.04213590669,-2.61655225649
1.04080205544,-2.59551211359
1.04086612051,-2.61700686959
1.0411440413,-2.58679137071
1.04148543536,-2.57224142708
1.04056087271,-2.61032743216
1.03872261297,-2.5948942393
1.04117949172,-2.60540915808
1.04007255947,-2.61048670181
1.0410269441,-2.59315744896
1.04217500475,-2.61876501223
1.0392976219,-2.5968593093
1.03858967934,-2.59158172863
1.04132796665,-2.58426222839
1.04161478575,-2.58623153231
1.03909362939,-2.6228914012
1.03974675508,-2.57241429852
1.04220722104,-2.60289343275
1.04075199089,-2.58424772757
1.04060526758,-2.56330115114
1.03961935799,-2.60617685643
1.03804865415,-2.56351341717
1.04086591203,-2.60195617183
1.04182584066,-2.60871824884
1.04125073265,-2.64021350687
1.04001091275,-2.58663651464
1.0419893866,-2.56539822217
1.03952548396,-2.56783581918
1.04133959898,-2.59577636233
1.04080967674,-2.60951186004
1.04008265491,-2.5933916427
1.04123174887,-2.5982348118
1.04271962563,-2.57220188993
1.04042960879,-2.5900278687
1.03958445002,-2.62207694462
1.03950752672,-2.56409574711
1.04039624326,-2.58774495752
1.04261969594,-2.59849328999
1.04421672186,-2.61368910307
1.0393257732,-2.61832777495
1.03931661178,-2.60672383972
1.04151771963,-2.60789934749
1.04231012066,-2.57525486933
1.03826580705,-2.58879886643
1.04146102598,-2.59987298351
1.04180162824,-2.63863276272
1.04144673185,-2.59956135141
1.04087215716,-2.61479813697
1.03990442578,-2.58840727056
1.03937870859,-2.65221958841
1.042036838,-2.62189556986
1.04192761443,-2.62502564725
1.04041732941,-2.56822216445
1.04121363122,-2.61140038518
1.0413090751,-2.58267708917
1.03992058878,-2.61176562544
1.04136868651,-2.59325582142
1.04024840383,-2.59715554249
1.03966861615,-2.57544048075
1.03956738489,-2.59203293737
1.04308768358,-2.6125050976
1.04051511748,-2.59587837527
1.04049476652,-2.60168891167
1.03958743265,-2.57597491169
1.0401613897,-2.60166699012
1.04162059062,-2.64866152785
1.04301314261,-2.63094781627
1.04059521576,-2.63281752545
1.04115404407,-2.59058279056
1.04338637663,-2.64311925371
1.04007468644,-2.59053738319
1.03874006897,-2.60633598943
1.04141884704,-2.5993733583
1.04121461953,-2.61702216617
1.04270358491,-2.62262696025
1.04129351107,-2.57075780918
1.04093367074,-2.6064794772
1.03884694121,-2.56724194294
1.04092829145,-2.60229388759
1.0406526396,-2.61072664154
1.03962550307,-2.57591886332
1.04021345079,-2.62322358681
1.04179328909,-2.63297661824
1.03955194504,-2.57114918965
1.04048034648,-2.59511988624
1.03898879758,-2.57183006552
1.03886750994,-2.61052833606
1.04045040686,-2.56561183741
1.041689569,-2.61661239584
1.04104811279,-2.625041987
1.0404871724,-2.62275129138
1.0399098489,-2.57474989732
1.03963176384,-2.64451575821
1.04007335177,-2.59925076754
1.04235570728,-2.59463822254
1.04089651135,-2.62137773565
1.0410799748,-2.58497601012
1.04307437742,-2.62248528454
1.04065238484,-2.60198962107
1.0395342649,-2.5922369122
1.04106175724,-2.59290021292
1.04014153617,-2.6195693233
1.04257657868,-2.6050329258
1.04276963415,-2.61728492876
1.04130527109,-2.6063999909
1.03890666428,-2.62675150244
1.06000068726,0.865042271093
1.03961706944,-2.73212169383
1.03890433173,-2.01176231267
1.04060221479,-2.05226647068
1.04255351481,-2.23227989884
1.03922229268,-2.41980944727
1.03974142785,-2.594710098
1.03950060384,-2.67794625195
1.03909039646,-8.15048025659
1.03942919733,-3.68795048551
1.04114504583,-3.23354357267
1.03897647384,-2.89465661706
1.03995568216,-2.75851521414
1.03882146392,-2.69221496833
1.03992282082,-2.59727073982
1.03947890863,-2.56135732737
1.04148851737,-2.60132807092
1.03593482663,-2.57762587637
1.04130980544,-2.62081375379
1.04144794914,-2.54614701381
1.03995583006,-2.52886389462
1.03876747714,-2.5598982975
1.03942106794,-2.60577348173
1.03919215805,-2.5568927853
1.04086568824,-2.57376232874
1.04150938405,-2.57383867423
1.03955159616,-2.58764629621
1.03984997701,-2.61810838053
1.04295095672,-2.63021679108
1.03901449652,-2.61550729963
1.03706023942,-2.55604312123
1.03970295441,-2.57187964084
1.04128542959,-2.52895888987
1.03832264325,-2.59431561039
1.04070336654,-2.56122709547
1.03832939494,-2.57147491838
1.03641968897,-2.60908915291
1.0383105306,-2.61877422976
1.03891878396,-2.55357883391
1.03832932952,-2.5731339598
1.03920410766,-2.62322244249
1.03896374296,-2.58387997507
1.03855356594,-2.61624529195
1.03923499234,-2.5891546433
1.03691655603,-2.5721252832
1.0352201003,-2.56961194202
1.03869714023,-2.60262146492
1.04006226767,-2.56146883191
1.03791622755,-2.5851469678
1.03591123687,-2.61846407436
1.03710213946,-2.59850533532
1.03727225589,-2.61040684594
1.04091933169,-2.63004976211
1.04107487051,-2.60943047224
1.04116330073,-2.59030301041
1.04420927395,-2.61459811799
1.04695123488,-2.60681543754
1.04537228807,-2.60196412773
1.04490477151,-2.61435197974
1.04782999499,-2.59976120425
1.04905044304,-2.63939059997
1.04775937961,-2.60933262992
1.04973591445,-2.65409384864
1.04676483123,-2.59112297609
1.04401308661,-2.61604482305
1.04458149339,-2.62505506857
1.04497226106,-2.62238360285
1.04208681933,-2.61418184601
1.04406766765,-2.62056840876
1.04361016362,-2.63944856861
1.04307283175,-2.5888568268
1.04247557207,-2.61135192757
1.04231865577,-2.62310232847
1.04107354108,-2.63195049232
1.04545777229,-2.5912761808
1.04566719387,-2.63248321201
1.04549195658,-2.61805183204
1.04487794165,-2.59752701214
1.04607567971,-2.58492121453
1.04546007148,-2.60463896862
1.04689351844,-2.62192542075
1.04570093122,-2.58328532075
1.04677863814,-2.62627371949
1.04573700595,-2.61660547084
1.04717273182,-2.64948113178
1.04090175651,-2.62780025911
1.04089223351,-2.63538501587
1.04003425775,-2.62336190883
1.03917886482,-2.58371694437
1.03781946017,-2.60344005124
1.03964266546,-2.62352387968
1.03686041215,-2.5977008302
1.03588598166,-2.57660910982
1.03733673119,-2.56925445786
1.0359137369,-2.58541171166
1.03607952386,-2.60187569391
1.01984706581,-1.70541295172
1.03240611306,-2.4970970009
1.0336492081,-1.98156463313
1.03469954539,-2.24272570634
1.0327005138,-2.26130845129
1.03419248524,-2.28267675256
1.03491594203,-2.33477698716
1.03146873874,-2.28541586495
1.03276699226,-2.34211373416
1.03436934318,-2.42112292361
1.034926887,-2.40795647334
1.0366203611,-2.42142023351
1.03627930308,-2.38534633155
1.03261226608,-2.3926162312
1.03545271928,-2.3866636013
1.03736010661,-2.41913809867
1.03523238121,-2.47441038482
1.03466476469,-2.40931015163
1.0359911813,-2.42477363006
1.03572816282,-2.42623175389
1.03817129644,-2.46257638025
1.0374425993,-2.46876872071
1.03620045185,-2.4746953067
1.03723486836,-2.44099425893
1.04049840295,-2.48049384338
1.03683329287,-2.45176298129
1.03601935403,-2.44777968881
1.03725021325,-2.45922208483
1.03715718919,-2.48975437559
1.03607013611,-2.48873868227
1.0375188947,-2.47043400201
1.03518379317,-2.48128971906
1.0338452119,-2.44928951738
1.03656112708,-2.45939903441
1.03586451761,-2.48225747667
1.03310504881,-2.47108564513
1.0348066414,-2.44306797807
1.03492680151,-2.45039570085
1.03505951129,-2.46819250782
1.03564228755,-2.4923989789
1.03600720998,-2.44493271891
1.03356899503,-2.5145030101
1.03737155057,-2.50845696601
1.03575951337,-2.48149671543
1.03528287782,-2.49069236941
1.03453153863,-2.51623378316
1.03570045433,-2.49741385638
1.03694813158,-2.48317225171
1.03733614853,-2.48561978396
1.03571268912,-2.48264283764
1.03435362813,-2.47036034222
1.03633489208,-2.46367449851
1.03872917517,-2.51485676819
1.03588266904,-2.49172453033
1.03620554041,-2.4909069361
1.03724981403,-2.48233371453
1.03861740097,-2.47164848903
1.0367713662,-2.4889650724
1.03814562063,-2.49330680317
1.03535590861,-2.46157304798
1.03735116505,-2.48579794825
1.03849408403,-2.48933597409
1.03710402315,-2.48736516834
1.03532049197,-2.4919184904
1.03762230774,-2.48098171704
1.03816201966,-2.49333614867
1.03646792313,-2.47361253914
1.03847520269,-2.49441187016
1.0374728177,-2.50540012728
1.03417391665,-2.49522112422
1.03805708471,-2.47054320481
1.03793760762,-2.51973673716
1.03687307703,-2.49761102696
1.03580571746,-2.46092218748
1.03649866851,-2.51504170197
1.03584461784,-2.48489292194
1.03773955921,-2.4705928368
1.03644318871,-2.47560706399
1.03564342881,-2.43833656735
1.03739421804,-2.48424489127
1.03871498564,-2.44368908331
1.03504495404,-2.44487962999
1.03676403058,-2.4584832423
1.03777537461,-2.45453287656
1.0365381119,-2.44226754995
1.03708089852,-2.47477254434
1.03663086293,-2.44738106746
1.03539038033,-2.46167765642
1.0378579424,-2.50498364702
1.03782637685,-2.46689872642
1.03592577489,-2.46952533273
1.03622619896,-2.48769730148
1.03818709649,-2.48115462205
1.03489178622,-2.44229126968
1.03691692921,-2.50171498995
1.03705032342,-2.41916421394
1.03681480948,-2.47588693663
1.03448530167,-2.4762231168
1.03732945686,-2.46314771881
1.03750877989,-2.46576962926
1.03557650975,-2.48580067546
1.03450431036,-2.45755629149
1.03684372326,-2.51786157987
1.0360122677,-2.49026143966
1.03804870652,-2.50892296823
1.03487572924,-2.48314543931
1.03369604066,-2.46265608084
1.03642010172,-2.4841337184
1.03732470984,-2.45773648523
1.03416668669,-2.47751876703
1.03579229686,-2.48554281123
1.03575720696,-2.46789172816
1.03571732535,-2.45725918339
1.03726544791,-2.51701660252
1.0372324968,-2.48842890901
1.03437964559,-2.52536904942
1.03702890703,-2.5010783002
1.03800373625,-2.47900415309
1.03771238891,-2.49999553196
1.03598974447,-2.47672798775
1.03759719758,-2.47650360983
1.03615385961,-2.48309837492
1.0380551149,-2.51798474963
1.03893574928,-2.50409554602
1.03641285434,-2.47051531919
1.03512053656,-2.50599826722
1.03759804668,-2.53557887334
1.03655339795,-2.45187499628
1.03552244649,-2.46199691468
1.03580698696,-2.47189165914
1.03572544486,-2.47226042236
1.03604597088,-2.52222589951
1.03761074197,-2.48579321841
1.03587240313,-2.5000547297
1.03514525442,-2.50061827067
1.03667496911,-2.48332815944
1.03777198836,-2.4825596396
1.03571271301,-2.49434924831
1.03732056311,-2.50036047117
1.03525561118,-2.45609228157
1.03627208237,-2.47401559279
1.03666102923,-2.47487119295
1.03629478103,-2.09201981292
1.03393741097,-1.6458260448
1.03431431726,-2.01817163171
1.03789956627,-2.29223785796
1.03545735528,-2.43178014384
1.03520316301,-2.50806526518
1.03734237289,-2.58271829584
1.03513992459,-2.58071919397
1.03771392312,-6.08676732665
1.03531749263,-2.8906845145
1.03463361308,-2.07951131175
1.03479511603,-2.25607803495
1.03885834063,-2.34827166016
1.03632272885,-2.4427531642
1.03618546151,-2.46056677193
1.03705646838,-2.4445396125
1.03579080671,-2.43712466103
1.03496736159,-2.26566860032
1.0388799063,-2.51492238352
1.03587588396,-2.43950250638
1.03477069804,-2.4164615759
1.03728339716,-2.44297307793
1.03743890282,-2.48105056213
1.03483504664,-2.4569838094
1.03684476938,-2.50647017401
1.03705905477,-2.52467000386
1.03589733716,-2.44396358275
1.03647108926,-2.53047771979
1.03644649047,-2.52062838874
1.03483459624,-2.47577709769
1.0382282729,-2.4831648575
1.03638448122,-2.50408616429
1.03590625762,-2.55248092886
1.03621748368,-2.50529869859
1.03688730974,-2.48013380808
1.03548669575,-2.4900746856
1.03757668193,-2.47148746258
1.03838693896,-2.4584195676
1.03631607931,-2.49823258143
1.0357766152,-2.46441100671
1.03716522485,-2.46598780047
1.03638302514,-2.45347546093
1.03815705645,-2.51092718823
1.03643644071,-2.48076456548
1.03586354158,-2.46206919618
1.03696898174,-2.47303280991
1.03863336396,-2.47271790861
1.03595668191,-2.44924065719
1.03565147027,-2.47673485622
1.03684736866,-2.45068780842
1.0365160874,-2.43847040043
1.03518824006,-2.52435380965
1.03671616036,-2.49518432918
1.03792704366,-2.48939469037
1.03576987528,-2.45395925846
1.03487194073,-2.46232383554
1.03560170892,-2.47049656279
1.03427001534,-2.49271079783
1.03738364961,-2.47938876961
1.03663265069,-2.47902080239
1.03481521859,-2.46156952484
1.0353196725,-2.47486226755
1.03572141014,-2.4693137034
1.03357578639,-2.46647074199
1.03621670155,-2.47471530944
1.03623151796,-2.48275460332
1.03455336121,-2.44986893057
1.03469047348,-2.47094031447
1.03795395418,-2.48406780914
1.03566516112,-2.48848364881
1.03535518237,-2.43477608212
1.03439390313,-2.42958549789
1.03501621443,-2.51186063335
1.03552448824,-2.47326011671
1.03808761512,-2.48962883405
1.0344020755,-2.45222318026
1.03564479045,-2.50031577936
1.03718791361,-2.44858330257
1.03590057836,-2.46713293292
1.03332589823,-2.43923821312
1.03538364744,-2.48004699132
1.03496495989,-2.44994654932
1.03537462417,-2.47961749175
1.03655159168,-2.48104351342
1.0341078888,-2.46254655796
1.03361672645,-2.49472886086
1.0366024677,-2.47394471416
1.03531367861,-2.46030319242
1.03429647289,-2.45779490836
1.03417381493,-2.50163079283
1.03493221836,-2.44705883732
1.03330593437,-2.4697453307
1.03600595433,-2.48563305171
1.03400702049,-2.46124357028
1.03291615016,-2.49001754124
1.03440186285,-2.46706497768
1.0365654137,-2.47011003876
1.03463202568,-2.45607584421
1.03349852044,-2.47164432197
1.0347877838,-2.4970537457
1.03469398242,-2.50602013381
1.03500708398,-2.46564684617
1.03585557355,-2.47945253227
1.03278624161,-2.45793629948
1.03459515803,-2.46473875881
1.03681316475,-2.51824229099
1.03638487986,-2.46906579476
1.0336845424,-2.49354892457
1.03552394202,-2.49891815807
1.0350260744,-2.48357071844
1.0351219942,-2.51705222489
1.03570706531,-2.43170550456
1.03515557792,-2.5039265662
1.03354459533,-2.48241061196
1.03761421971,-2.47276303728
1.03526774802,-2.48753561802
1.03318801272,-2.47357434689
1.03535760035,-2.49547534855
1.03586403885,-2.47729432167
1.0347949503,-2.47448228216
1.03688989309,-2.50875370857
1.03426704956,-2.50704836907
1.03357996887,-2.44635715451
1.03475914144,-2.49040268021
1.03613710386,-2.49820331395
1.03370932851,-2.47600433841
1.03540136765,-2.48116099589
1.03450566939,-2.45048115025
1.03473807294,-2.51297477688
1.03606140029,-2.49932482537
1.03753855584,-2.50532420382
1.03306088369,-2.46974222136
1.03566105296,-2.46450722338
1.0373596538,-2.44506870634
1.03664256588,-2.51475608158
1.03553842672,-2.46480800531
1.036256657,-2.4956939022
1.03577189384,-2.47945564383
1.03789144961,-2.53052929829
1.03658946638,-2.4653685959
1.03511210994,-2.46454618539
1.03559210774,-2.47658101115
1.03769412594,-2.44816223568
1.03491262204,-2.43347745679
1.0337668559,-2.54384489057
1.03645346578,-2.46510326517
1.03651518452,-2.51089552782
1.03505416561,-2.51030839371
1.03779840258,-2.54037989678
1.03579083264,-2.47491465722
1.03442539425,-2.46459871093
1.03490369873,-2.51853038592
1.03753318445,-2.47053642622
1.03578236065,-2.53017576008
1.0359130323,-2.48583711685
1.03487083475,-2.51757651727
1.03465791953,-2.50798143968
1.03740077238,-2.49092870875
1.03722854676,-2.51869714323
1.03462736008,-2.49210986873
1.03621121416,-2.51382911165
1.03785509146,-2.5281448872
1.05692806351,1.01276422661
1.03480495713,-2.56791284286
1.03593486654,-1.88955997834
1.03569510196,-1.92844072996
1.03793845349,-2.17077981978
1.03677319015,-2.31746760254
1.03438500577,-2.45636986517
1.03521342389,-2.57411860538
1.03776022677,-8.28841409097
1.03457942179,-3.26523810306
1.03539001615,-3.06065813423
1.03517154069,-2.71657274448
1.035486794,-2.64877372896
1.03600306659,-2.53772669319
1.03772802057,-2.54019368603
1.0356830708,-2.50811088262
1.0328724106,-2.48143938586
1.0337970624,-2.45972632419
1.03651938569,-2.55377168261
1.0343459105,-2.46818895624
1.03611774702,-2.44575161006
1.03501258459,-2.448023302
1.03502811933,-2.4511493411
1.03529865331,-2.42754888687
1.03587124111,-2.43071222567
1.03189296699,-2.4192905261
1.03588679035,-2.47813358668
1.03703152278,-2.47009896675
1.03508413697,-2.48316347385
1.0353964293,-2.4563821845
1.03586745755,-2.4415926219
1.03557353117,-2.46028186522
1.03715446915,-2.43629891801
1.03696758443,-2.4522733129
1.03492234226,-2.44841771877
1.03554012461,-2.44223042026
1.03815627699,-2.45276912685
1.03624658058,-2.46602659925
1.03583326963,-2.4790933238
1.03564809672,-2.4308733893
1.03618736568,-2.51381663448
1.03550507431,-2.42032587989
1.03798297294,-2.4683144214
1.03544577131,-2.46734407492
1.03635544063,-2.4613196238
1.0379898362,-2.51391461614
1.03564563665,-2.4699900057
1.03442037066,-2.46948927891
1.03686540844,-2.46282401958
1.03675111221,-2.46076242964
1.03657914009,-2.47565170678
1.03889614051,-2.45195833282
1.03805390247,-2.47028674599
1.0344545709,-2.4724590087
1.03745755654,-2.51540026879
1.03674568792,-2.46215383098
1.03540576824,-2.53564056788
1.03512211639,-2.50962778362
1.03540430489,-2.51490500771
1.03418104622,-2.50223692895
1.03549704817,-2.4933145483
1.03379173247,-2.46912466768
1.03303572978,-2.4717419631
1.03510728764,-2.50989547563
1.03709021693,-2.50438389079
1.03409556309,-2.51616114616
1.03563028753,-2.52481930893
1.03663960059,-2.52580165249
1.03442033629,-2.49466801351
1.03620838103,-2.50059771877
1.03712777677,-2.50052944805
1.03554044477,-2.5018562639
1.03627848548,-2.50453214653
1.03689689484,-2.51743453546
1.03591757496,-2.52518340709
1.03616240361,-2.496414495
1.03758046667,-2.50821147236
1.03409071441,-2.48983442584
1.0351092588,-2.50988312713
1.03683335144,-2.51671567447
1.0359085542,-2.48508435345
1.0330683346,-2.50344774463
1.03611654067,-2.47583701892
1.03498272724,-2.4762617273
1.03370878419,-2.51322664787
1.03344683411,-2.52625599027
1.03570453007,-2.5083838017
1.03412053817,-2.50519176449
1.03677957387,-2.52214187602
1.03372360614,-2.51051105442
1.03311179495,-2.50709750236
1.03463714458,-2.47565941939
1.03599298016,-2.50177757132
1.03365537524,-2.4950638165
1.03467213598,-2.47914338449
1.03546025739,-2.46465559265
1.01584512107,-1.94942794986
1.03279758897,-2.6901542856
1.03286887014,-2.7730069206
1.02969581968,-2.60103744309
1.03088124764,-2.67277027861
1.03292829354,-2.6927345233
1.03303622284,-2.78841989574
1.0312766309,-2.82930595257
1.03311741266,-2.81431565669
1.03500462609,-2.61837583786
1.03721065941,-2.60221945839
1.03902493637,-2.56679523251
1.03604256824,-2.54817926522
1.03454409816,-2.5105367803
1.03826131596,-2.60767143977
1.03773080529,-2.62213351759
1.03556522811,-2.55686710643
1.0360355665,-2.5689172275
1.03601882317,-2.64602527951
1.03578769109,-2.6600571768
1.03763945534,-2.66862660418
1.03669679965,-2.67627992688
1.03474067407,-2.69874143253
1.03650398765,-2.67863074943
1.03922837489,-2.7096030067
1.03627904406,-2.67380952783
1.03705680663,-2.7246724944
1.03532335717,-2.68828860774
1.03687764941,-2.71737896317
1.03740633731,-2.66626282919
1.03765802867,-2.70833327369
1.03573821551,-2.66381041461
1.03680937495,-2.70805706448
1.03867489764,-2.72312786792
1.03669264001,-2.69595199618
1.03617312056,-2.70105831603
1.03703460294,-2.71643844541
1.03524862058,-2.68226205622
1.03765541106,-2.70704883671
1.03803985716,-2.67519787505
1.03734010841,-2.71605884157
1.03611537406,-2.67808261315
1.03843713782,-2.69279140592
1.03719429586,-2.69175696443
1.03681129191,-2.69458690165
1.03687955788,-2.7040518401
1.03609404382,-2.70282744072
1.03727858392,-2.70685987366
1.03913265796,-2.70412196011
1.03630237622,-2.70210798301
1.03520841941,-2.74733777145
1.03822680457,-2.72323340587
1.0385375366,-2.71774563453
1.03524446518,-2.74480020137
1.03634817826,-2.7119921435
1.03554513875,-2.73890856631
1.03615375801,-2.70165141278
1.03710712782,-2.74189916914
1.03587200709,-2.73687098466
1.03491200607,-2.66622578885
1.03709694366,-2.70988052345
1.03732053419,-2.74550552561
1.0365134141,-2.69508074749
1.03676841538,-2.76246050712
1.03751403332,-2.72236222885
1.03535516907,-2.68740252999
1.03738921412,-2.71203099093
1.03851676963,-2.70827899259
1.03670960107,-2.68664664088
1.03606440018,-2.70683395319
1.0379408544,-2.73242462313
1.03613718673,-2.79143228895
1.03723557701,-2.7605731225
1.03734187864,-2.7361410911
1.03657698616,-2.71251992565
1.03778265809,-2.76149529681
1.03939600928,-2.75616444188
1.03567795956,-2.76418915027
1.03497563955,-2.72604097878
1.03797566129,-2.71300667718
1.03815956284,-2.73929757728
1.03422658872,-2.70008643932
1.03717166602,-2.76356750778
1.03695637596,-2.74239629736
1.03570454244,-2.716089549
1.03652895207,-2.69141418002
1.03715252097,-2.71636564898
1.03472158858,-2.72613438955
1.03644235001,-2.71829185825
1.03587171848,-2.7858310529
1.03575677513,-2.70431699586
1.03712871142,-2.72583412937
1.03590124879,-2.74250811121
1.0327531968,-2.69072078839
1.03611463892,-2.73365694286
1.03600054283,-2.74147103495
1.03469898034,-2.73410576771
1.03417242844,-2.6986405983
1.03804366228,-2.75437196815
1.03537684245,-2.7463471885
1.03475647469,-2.69359822765
1.03526282955,-2.72656035892
1.03465088959,-2.69323841323
1.03736569451,-2.71653999964
1.0392521994,-2.72373905868
1.03536128352,-2.69952061104
1.03487018459,-2.70425630975
1.03786005155,-2.72890339608
1.03771587719,-2.6907296148
1.03700782033,-2.67792771793
1.03718330767,-2.74654306655
1.03539171554,-2.67126324742
1.03590277913,-2.73710306254
1.03811970978,-2.74726230105
1.03718577264,-2.74404955473
1.03472346452,-2.72005002021
1.03668549081,-2.68631611935
1.03683799463,-2.75593807683
1.03607738529,-2.7618787123
1.03599109451,-2.73051778899
1.03662359611,-2.70556810707
1.03517590209,-2.70980488979
1.0380653736,-2.69413200753
1.03536021627,-2.72389268526
1.03404438909,-2.72067394123
1.03488546038,-2.66722283302
1.03721550224,-2.71508101466
1.03597069945,-2.70845601095
1.03627883692,-2.71455676463
1.03597247049,-2.69837834056
1.03481581604,-2.698608191
1.03760283697,-2.72317008546
1.03878943242,-2.73781102421
1.03480609685,-2.71340637479
1.03542607224,-2.72083736678
1.03620768382,-2.75437308122
1.03714860258,-2.74301668122
1.03469085087,-2.72431133559
1.037469664,-2.75358602578
1.03534556336,-2.74013698488
1.03513330965,-2.69649999676
1.03659025569,-2.71519792249
1.03449239239,-2.75318877679
1.03474118138,-1.97326275303
1.03810324617,-2.38899812957
1.03577456731,-2.54027796955
1.0348192225,-2.69066089983
1.03556528979,-2.75588190246
1.03624893456,-2.8111324347
1.03403764667,-2.79989142166
1.03866637698,-6.05400584393
1.03676485602,-3.00450456792
1.03313587265,-2.2413693695
1.03463782522,-2.42008656345
1.03494198091,-2.56790898079
1.03393052295,-2.59286246041
1.03595117067,-2.62050958188
1.03437135304,-2.6443531279
1.03489105502,-2.65791397915
1.03455972754,-2.28346663096
1.03626112786,-2.59858301714
1.03308065015,-2.60345198641
1.03528296019,-2.68070010467
1.03773659198,-2.67166606977
1.03682031784,-2.70463541452
1.03500563148,-2.6630974224
1.03703302831,-2.70911376291
1.03530873136,-2.69962465835
1.03664825925,-2.58787313017
1.03678229992,-2.61043770103
1.03595031257,-2.68704624612
1.03562958314,-2.63830730808
1.03691949331,-2.66204610887
1.03513591534,-2.63525157905
1.03546419999,-2.64252885967
1.03661311689,-2.65299782605
1.03589510858,-2.68131811443
1.03466306463,-2.70135964222
1.03699601435,-2.65500352686
1.03683848255,-2.69436854492
1.03607986586,-2.64556289818
1.03617285624,-2.68498530599
1.03779527968,-2.70192281247
1.03588333715,-2.70741007317
1.03734821247,-2.69671053496
1.03575321689,-2.75567741936
1.03558673984,-2.68247783651
1.03713021148,-2.65842003191
1.03688052099,-2.76295359809
1.03453007767,-2.7203759917
1.03650602407,-2.71998125471
1.03779878709,-2.72081823874
1.03597371242,-2.67697273293
1.03410976511,-2.69854644006
1.03627950287,-2.68455521078
1.03449219905,-2.70215112902
1.0378870515,-2.76015304385
1.03809279852,-2.7601150032
1.03672999119,-2.74350448005
1.03569470173,-2.71391207173
1.03866107075,-2.78603319015
1.03731195054,-2.74613515992
1.03785704063,-2.71201283853
1.03767274352,-2.72418960097
1.03656438395,-2.7413640703
1.03648511077,-2.69756783876
1.03910949211,-2.73579197883
1.03638145097,-2.74125240951
1.03504250014,-2.74071287336
1.03716323482,-2.746270376
1.03762135278,-2.77075982131
1.03655853796,-2.74509576247
1.0362956145,-2.73697140693
1.034767603,-2.75423037804
1.03469629119,-2.70250256447
1.03689025323,-2.72562954545
1.03738671755,-2.7406449041
1.03395638202,-2.71577765796
1.03620691065,-2.7607257537
1.03645573475,-2.75120212316
1.03562989333,-2.76894918118
1.0345117585,-2.69545224125
1.03550383289,-2.69799777239
1.0345020345,-2.70685347977
1.03603608116,-2.7247807811
1.03740704063,-2.76105978926
1.03538316954,-2.76607118083
1.03438268201,-2.70483962576
1.03834749229,-2.76086600035
1.03679181735,-2.77168681683
1.03684608238,-2.74252909134
1.03608648874,-2.74836960054
1.03607338929,-2.73002604468
1.03716207838,-2.71294328287
1.03975524264,-2.73524498286
1.03682149627,-2.71170060555
1.03585489768,-2.72013787402
1.03755148788,-2.76474690671
1.03654226723,-2.75483142157
1.035623291,-2.69703540897
1.03768634851,-2.75476998699
1.03555565466,-2.74534611627
1.03496173714,-2.73044410538
1.03807909009,-2.73371288799
1.03684001417,-2.73618608458
1.03357848926,-2.73740237849
1.03570171709,-2.72273187424
1.03609587684,-2.71826706711
1.03611091328,-2.73551087899
1.03548691107,-2.75055772454
1.03437912232,-2.80793641105
1.03410434824,-2.69610784951
1.03642492369,-2.68742131439
1.03547301547,-2.75662631643
1.03327890902,-2.70630335476
1.03494496264,-2.75122518358
1.03707666503,-2.74062095311
1.03442141602,-2.75345767231
1.03652898687,-2.74094500897
1.03587986043,-2.70365314616
1.0372548617,-2.74585955349
1.03707665287,-2.69157261002
1.03998291092,-2.72919472589
1.03857526277,-2.74353006396
1.03963040812,-2.70195569788
1.040932356,-2.75635541695
1.0406797207,-2.76219061277
1.04191345912,-2.74581057737
1.04397856936,-2.7700804606
1.04117174913,-2.80527699985
1.04065559719,-2.75853562818
1.04226427252,-2.7884937816
1.04093611158,-2.78404480738
1.03708605085,-2.75533912304
1.04022090249,-2.76200244367
1.03929655918,-2.76725905678
1.03894687516,-2.74077587306
1.03844332365,-2.79875387621
1.03911517366,-2.79320652009
1.03782382284,-2.72782821669
1.04021605555,-2.71085444865
1.03960203446,-2.76211123916
1.0380395031,-2.75937154203
1.04027907249,-2.71889179912
1.04209031352,-2.77991288341
1.03974829867,-2.74076408674
1.04216533878,-2.77515493899
1.04165360372,-2.75212002529
1.04054251428,-2.75998466402
1.04080592274,-2.77574347307
1.04297344386,-2.7687977827
1.03979692065,-2.77096135463
1.03929542263,-2.74416021659
1.03961402402,-2.77771032701
1.03940463399,-2.82513733025
1.03727994681,-2.74115261029
1.03742611366,-2.69320509764
1.03616111252,-2.77635369119
1.03738006481,-2.69581445501
1.03936616101,-2.7485080584
1.03660753947,-2.74157531685
1.03329132827,-2.68308950257
1.03641791379,-2.71763643696
1.03593982857,-2.67273465695
1.05734686637,1.69642397104
1.03655496137,-2.42817626941
1.03483373694,-1.8800956158
1.03346582249,-2.11342887767
1.03760525156,-2.39142417717
1.03609926293,-2.61208877119
1.03404313462,-2.74009053185
1.03528153919,-2.75876195381
1.03751359024,-8.77428591428
1.03181316616,-3.36342481841
1.035047588,-3.14469061695
1.03503685807,-2.96784055502
1.03434530663,-2.83602018525
1.03670253059,-2.79706112811
1.03754390936,-2.74905225858
1.03588589249,-2.77198455008
1.0358963329,-2.76027912189
1.03641189328,-2.67638245485
1.03331064051,-2.42568961394
1.03571427923,-2.63502930891
1.03744112422,-2.73673292827
1.03540311169,-2.7443091654
1.03773471161,-2.78323623623
1.03929391542,-2.80410303537
1.03842697708,-2.78271782805
1.03609647879,-2.73726507073
1.03854505339,-2.71685765693
1.03729520963,-2.72479089978
1.03868825907,-2.76450526654
1.03798279245,-2.77594022303
1.03657414301,-2.76117601701
1.03613340635,-2.77333232604
1.04045859899,-2.78883204852
1.03757207995,-2.76832939162
1.03509306092,-2.78639974921
1.03741847665,-2.76463356897
1.03906030752,-2.78716288093
1.03518627663,-2.77875878254
1.03700452657,-2.77140572128
1.03641505424,-2.78421224921
1.03684231332,-2.77895129804
1.03740630585,-2.78479125259
1.03742919073,-2.78014519578
1.03526350767,-2.75472213412
1.0365137683,-2.78636181335
1.03782426268,-2.81691702083
1.0370684218,-2.80161699286
1.03768720187,-2.78084401611
1.0388511671,-2.76065175881
1.03609170135,-2.80362068542
1.0376137073,-2.72849454325
1.03901563694,-2.74832872964
1.03810695542,-2.79807789212
1.03774223317,-2.73406894093
1.03866662509,-2.74820922027
1.03628800147,-2.73271164469
1.03733465573,-2.69856166368
1.03736445313,-2.78508178994
1.03522598223,-2.74352995843
1.03656053451,-2.74313382449
1.03915568838,-2.75985419926
1.03609554038,-2.7565364444
1.03509020907,-2.76025492963
1.03598294476,-2.7082093352
1.03649623822,-2.71723087047
1.03462979084,-2.70836705328
1.03769490477,-2.76535624717
1.0361696452,-2.72657312608
1.03515596224,-2.71740970287
1.03591783935,-2.76453558144
1.03757590223,-2.74556539522
1.0352468111,-2.72395760823
1.0366046091,-2.732305167
1.03541193897,-2.74710386015
1.0347092616,-2.73113261347
1.03685568707,-2.71842852594
1.03633603919,-2.75208211817
1.03465264765,-2.67241911978
1.03624251263,-2.68548903311
1.03732309061,-2.75539424593
1.03563134251,-2.73384649683
1.03464323341,-2.69684537789
1.0375775965,-2.71382348555
1.03621106745,-2.71533157664
1.03684232065,-2.70988235889
1.03610004501,-2.6898628162
1.03486758339,-2.70376955292
1.03539214259,-2.69210803776
1.03885798439,-2.73961803364
1.03633327371,-2.68550615457
1.03578964704,-2.66293345641
1.03723529428,-2.71134461953
1.0374063378,-2.7321138515
1.03595181668,-2.66068202687
1.03776011612,-2.72303703713
1.03699607341,-2.71851991897
1.03331296018,-1.78891440759
1.05290996395,-2.75721096904
1.05340700281,-2.8910193631
1.05034571946,-2.73520136721
1.05219608089,-2.75855850911
1.05067854581,-2.74677815949
1.05161828682,-2.8135588641
1.05160907899,-2.85721623001
1.05117480968,-2.8266143291
1.05069927608,-2.79426729468
1.05357474123,-2.7727969195
1.05299614338,-2.76028571315
1.05130262769,-2.72515559952
1.05129548426,-2.75177811147
1.05216877811,-2.77749183591
1.05235515386,-2.78473017463
1.05276767249,-2.76103356799
1.05197200454,-2.79677699843
1.05054249716,-2.84284497374
1.05133626596,-2.78513783376
1.05494594709,-2.82413527581
1.05175683844,-2.82377612424
1.05189506366,-2.81524841639
1.05286094842,-2.81719960655
1.05316625403,-2.828719688
1.05282511284,-2.83263078309
1.0535722162,-2.84551607414
1.05098902752,-2.81484943162
1.05262881734,-2.83671893786
1.05484460253,-2.8293209676
1.05237057894,-2.85097918387
1.04990065255,-2.8221885093
1.05301832782,-2.83688600075
1.05174423071,-2.8440548958
1.05136347744,-2.84006549534
1.05344524052,-2.8670053861
1.05135256388,-2.81196033463
1.05011469011,-2.81504972693
1.05284359846,-2.88526800929
1.05246220552,-2.82129637333
1.05065792104,-2.83532432904
1.05167026873,-2.84323365149
1.05177395203,-2.84269502763
1.05144311421,-2.85980728512
1.05366037501,-2.84210281009
1.05116925595,-2.81548711612
1.05172032254,-2.88819283899
1.05304921736,-2.88213325861
1.05512556778,-2.88676796154
1.05062739017,-2.87631448319
1.05221890896,-2.86841879802
1.05370807735,-2.88813680489
1.0540706278,-2.89048672726
1.05281696613,-2.83781975773
1.05272717696,-2.84384001992
1.0505393707,-2.85161124577
1.05265670074,-2.85858828918
1.05313056601,-2.86246364696
1.05230722913,-2.86585891354
1.05228101686,-2.87044358701
1.05420824307,-2.85358675384
1.0510255575,-2.86015908134
1.05171472121,-2.86839846471
1.05285966151,-2.86524580198
1.05293182247,-2.87402081467
1.05145058301,-2.90780527203
1.05371343325,-2.85340364818
1.05208470375,-2.82584411135
1.05111781367,-2.88808626104
1.05112726377,-2.8543738241
1.05437071014,-2.89540516087
1.05168670397,-2.90118292405
1.05279411637,-2.86133348619
1.05189418017,-2.84560819305
1.05106402015,-2.86637182482
1.05386429575,-2.89425238232
1.05409143496,-2.89070090268
1.05085777191,-2.86686775055
1.0520417008,-2.90341543195
1.05394343842,-2.8803587655
1.05237140836,-2.87367364115
1.05129903364,-2.85224051955
1.05405123902,-2.86608074313
1.05031664531,-2.8865922178
1.05284773743,-2.89384342295
1.05389417592,-2.87922176171
1.05246840925,-2.87405490402
1.05256870378,-2.87902984554
1.05501672893,-2.9003862509
1.05419571756,-2.8933401089
1.05499492322,-2.86629527448
1.05530359152,-2.86437780122
1.05326178343,-2.88858916359
1.05343413826,-2.88269793314
1.05682359123,-2.89295891095
1.05382897327,-2.89453864154
1.05166206078,-2.85354397812
1.05293482171,-2.85170588661
1.05337926581,-2.85908646509
1.05296058979,-2.87248232346
1.05460878267,-2.88875326064
1.05103759108,-2.85259391266
1.04986751498,-2.84017554416
1.05265750693,-2.87284201539
1.05376330196,-2.8714355833
1.0515114096,-2.89078541737
1.05226402508,-2.86723693674
1.05215675339,-2.85060908823
1.05240364188,-2.90978592641
1.05318849619,-2.87646738134
1.05340897413,-2.85249703502
1.05257608174,-2.88631923564
1.0551632545,-2.86823931431
1.05638575872,-2.88054186377
1.05460716483,-2.87696500593
1.05334033043,-2.88346841095
1.05575612155,-2.89839685445
1.0538479428,-2.91117943083
1.05518388079,-2.88984911428
1.05411283883,-2.84788784364
1.05194153336,-2.84546476144
1.05152480633,-2.87374692387
1.05592290338,-2.88926377513
1.05270774632,-2.8654244552
1.05070467496,-2.84685697654
1.05215991669,-2.86480400697
1.05151047319,-2.87154574749
1.05202280256,-2.86750414052
1.05368724046,-2.87755474819
1.0525232262,-2.90528635127
1.05110512593,-2.85254629379
1.05380443669,-2.86689139561
1.05398644619,-2.87085774217
1.04993013833,-2.8491597003
1.05290828607,-2.85303218334
1.05311671833,-2.85098407207
1.0522954121,-2.87830272507
1.05146767554,-2.86298250518
1.05079834677,-2.88892541096
1.0505690204,-2.87047858155
1.05254679877,-2.86269230036
1.05220868537,-2.84439963159
1.04991640893,-3.73098261384
1.04978108467,-1.93494298508
1.05357756277,-2.43105453392
1.05086018237,-2.74880500674
1.05184035813,-2.85051882122
1.05363775531,-2.97149659413
1.05226179358,-3.00698231872
1.05173664814,-2.99895579163
1.0548852859,-5.39908943064
1.05167077328,-3.22071597626
1.0516821807,-2.5326016251
1.05309141588,-2.6498410135
1.05234440623,-2.75118602766
1.05122092827,-2.79173968786
1.05334329888,-2.81308841867
1.05116322038,-2.87844043983
1.05121471879,-2.83304709882
1.05356034901,-2.77000458764
1.0528187033,-2.82477849209
1.04960864703,-2.83669587214
1.05168392312,-2.84081654872
1.05183801663,-2.87698593359
1.0517517189,-2.90637412358
1.05178099882,-2.90144904955
1.05364203633,-2.89432236115
1.05031850449,-2.84106603693
1.05227570656,-2.80721599051
1.05220312681,-2.82775717352
1.05004880824,-2.82704870458
1.05283348156,-2.85595891635
1.05269275868,-2.83283066926
1.04969110435,-2.79228694995
1.05213095461,-2.80892553048
1.05204467627,-2.89491400175
1.05083973444,-2.84610794961
1.05208397709,-2.89321298479
1.05394950556,-2.8745826933
1.04968756798,-2.84757189629
1.05175718103,-2.8819161868
1.05186945712,-2.81512329491
1.05263097419,-2.85316662553
1.05213893464,-2.86375778228
1.05315668903,-2.88511614261
1.05113809627,-2.86860770314
1.05168651694,-2.91180092774
1.05422559282,-2.87947879313
1.05346148981,-2.86095047963
1.0509414532,-2.8803534603
1.05284728322,-2.87609766833
1.0521290169,-2.87162308489
1.05187737053,-2.87507165283
1.05249264176,-2.89841231587
1.05203624219,-2.84671770125
1.05024156658,-2.88372950503
1.0529856512,-2.9038377256
1.05275099478,-2.9263921773
1.05047474851,-2.88338514118
1.0503548055,-2.8535052562
1.05147921441,-2.93215513616
1.05117984343,-2.90954657952
1.05356556991,-2.92185544545
1.05101982235,-2.85817865775
1.05089284701,-2.90110291249
1.05290819387,-2.89114073694
1.0550948689,-2.92197893009
1.05293699282,-2.89592271156
1.05402173027,-2.89894544603
1.05482833543,-2.88777523716
1.05572192882,-2.93548514102
1.05598117389,-2.92194508836
1.05712525234,-2.90622434583
1.05328477359,-2.8913805525
1.05427793896,-2.89857778732
1.05669027114,-2.87996235733
1.05593854452,-2.93880924965
1.05319421896,-2.91863363555
1.05561995998,-2.89930680858
1.05407722291,-2.87505816697
1.05496566086,-2.8806757283
1.05421935601,-2.88060654993
1.05308443287,-2.89205182345
1.05321919109,-2.8897441315
1.05805807167,-2.91757635341
1.05515221736,-2.88543980805
1.05296134945,-2.91068002944
1.05460010105,-2.87962753878
1.05541160744,-2.87480936397
1.0547213888,-2.92600229881
1.05635453308,-2.91987538287
1.05547801218,-2.91839652233
1.05374339855,-2.89534835848
1.05557707972,-2.87865919352
1.05500589613,-2.90134084289
1.05280915355,-2.88732614533
1.05361927741,-2.88780690867
1.05342515375,-2.88787830295
1.05197199436,-2.89576529817
1.052755242,-2.88283962575
1.05295123697,-2.90971881539
1.04894907856,-2.87595380192
1.05224357622,-2.90272464565
1.05335943365,-2.87263646063
1.05106816058,-2.8964893641
1.04973537911,-2.87371003978
1.05270640241,-2.88107467983
1.05145768317,-2.87956180758
1.05342224242,-2.90051341694
1.0525061481,-2.89766517175
1.04925013515,-2.88753689634
1.05127814794,-2.87254106199
1.05429675616,-2.89638178144
1.05201168676,-2.93020932275
1.05203355415,-2.91857920968
1.05270642689,-2.93328650492
1.05244226503,-2.91322522689
1.049751291,-2.89943327915
1.053489066,-2.88963570357
1.05167023514,-2.87323395877
1.05169830927,-2.91117477518
1.05166372869,-2.88863319185
1.05346720416,-2.90489000241
1.05059051551,-2.85846467744
1.05282479518,-2.8806276243
1.05279466039,-2.93688243768
1.05157229679,-2.88697207831
1.05427685991,-2.91346981677
1.0529965211,-2.89400543084
1.04976173941,-2.92152115366
1.05266320652,-2.90661457671
1.05399278832,-2.91892653125
1.05298625036,-2.91491665242
1.05089788945,-2.92463725987
1.0532653109,-2.89357834754
1.05107641971,-2.89015042421
1.05330045526,-2.88651860616
1.05227819132,-2.87272351909
1.05057748988,-2.92901993738
1.05099419708,-2.91258994859
1.05326031682,-2.88608820682
1.05205127656,-2.91709158522
1.0516041129,-2.90974274367
1.05269757349,-2.91769440158
1.05217030795,-2.90124312403
1.05137818446,-2.93845119633
1.05281358351,-2.89732617808
1.05098287297,-2.93063668751
1.05022866436,-2.9224786081
1.05303030861,-2.91486968981
1.05325065754,-2.93248811479
1.04917806199,-2.89755764208
1.05115989086,-2.91872034701
1.05063235995,-2.92050246141
1.05114252589,-2.89934342211
1.05295469696,-2.90500494039
1.05132029755,-2.89841854801
1.04871491391,-2.91994715246
1.05150203956,-2.91762419383
1.05192276811,-2.91317858416
1.05015025457,-2.86784701407
1.04991252654,-2.89056323072
1.05046427536,-2.87066081776
1.04959885192,-2.88576979955
1.06653668817,0.965495389981
1.05115150909,-2.91382858258
1.04934105433,-2.37234484937
1.04970267995,-2.37413419594
1.05275395475,-2.56716077838
1.05051834664,-2.74803953587
1.0503729258,-2.84591089876
1.05156192288,-2.91979802885
1.05163268839,-9.74967588474
1.04944855791,-3.8356867755
1.05183996396,-3.40992886844
1.05049989391,-3.12792376172
1.04980110264,-2.94694320449
1.05241015654,-2.90369907689
1.05159814857,-2.87164804831
1.04990868791,-2.82945703454
1.05176176596,-2.88642058444
1.0494056472,-2.80160313222
1.04835728707,-2.72869262837
1.05184122839,-2.82933029897
1.05253268385,-2.87328907755
1.04920784797,-2.89424809089
1.05219740216,-2.91920952872
1.05259043549,-2.89050454623
1.05112074925,-2.88560095336
1.05166456732,-2.86744517243
1.05384449219,-2.86231003462
1.05300880412,-2.87983674315
1.05430264905,-2.92051730742
1.05312020837,-2.89916314325
1.05201633282,-2.88085810885
1.05355510057,-2.88734686731
1.05636435554,-2.91159255438
1.05158781069,-2.87506415447
1.05270707138,-2.93753825786
1.05434428646,-2.91285735425
1.05327398047,-2.92164905864
1.05213953789,-2.8832682599
1.05451625468,-2.91277293686
1.05242355965,-2.90059256279
1.05372212941,-2.90059832501
1.0537891416,-2.89553984729
1.05316471707,-2.87976618136
1.05315351041,-2.88317500028
1.05544933126,-2.91009492508
1.05314721068,-2.91426623362
1.0540891631,-2.97156955411
1.05504528241,-2.92545301407
1.05463130725,-2.95623215133
1.05236039647,-2.90917691538
1.05620516258,-2.90449542231
1.05545526049,-2.90142352097
1.05355842961,-2.93795460333
1.05368173294,-2.93270429656
1.05363425356,-2.88132671247
1.05235600118,-2.86886734191
1.05357542673,-2.87186016764
1.05129571019,-2.90213288569
1.04978164521,-2.86271227186
1.05258777781,-2.90462343407
1.05309076545,-2.89931058829
1.05116455274,-2.89390146493
1.05301915993,-2.89558637513
1.05374283604,-2.89720216275
1.05203560357,-2.87189645744
1.05110833211,-2.90045893627
1.05452804551,-2.88131770132
1.0511550385,-2.86550391121
1.05303104429,-2.86940369709
1.05336540157,-2.87067489559
1.05224432555,-2.89289244564
1.05193234895,-2.88502899971
1.05397501278,-2.89681840841
1.05225845561,-2.86380444862
1.05372889385,-2.84991148866
1.05519949509,-2.90145296937
1.05320323456,-2.88267602317
1.05230714504,-2.8825128359
1.0563827516,-2.86468733093
1.05608759967,-2.84506517178
1.05425846934,-2.85092091677
1.05469768639,-2.87899800404
1.055025691,-2.87377737619
1.05390511503,-2.84049447687
1.05682390014,-2.87795197799
1.05517101471,-2.86711751777
1.05268839732,-2.85331217129
1.05406172896,-2.84450642465
1.0556282251,-2.87982683854
1.05290636927,-2.91027013592
1.05440401352,-2.87975764546
1.05359964975,-2.89344402736
1.05312364602,-2.87336282577
1.05442021663,-2.84890318119
1.05381363457,-2.82975399888
1.05118721983,-2.83184457943
1.03258758735,-1.73453432654
1.05058884008,-2.39052592268
1.04949584994,-2.17827072926
1.0487313768,-2.18476099587
1.05075817397,-2.19466169975
1.04923310793,-2.20198762921
1.0510779138,-2.20214647154
1.05169795303,-2.26138348357
1.05049166448,-2.23581629454
1.05080143641,-2.35592499723
1.05381672966,-2.37475887841
1.05235634703,-2.37891392993
1.05198446334,-2.34734762823
1.05137706024,-2.36285084227
1.05099520953,-2.38448366728
1.04977796596,-2.38226057581
1.0525208944,-2.38231119287
1.04915760033,-2.41193425919
1.04832460418,-2.38355228996
1.05154124169,-2.4002706242
1.05224326644,-2.4009396408
1.04812038066,-2.36873934648
1.04920364688,-2.38414499476
1.04943400201,-2.40943572736
1.04957941668,-2.37963200013
1.05044713262,-2.40889331369
1.04994965098,-2.40623544805
1.04738272475,-2.39296457349
1.05114893743,-2.40610124403
1.05041322001,-2.39656620836
1.04933345388,-2.38188898119
1.04934577474,-2.38805173124
1.05134480044,-2.37092963736
1.04946376032,-2.41313473415
1.05136907215,-2.41146622844
1.05077384076,-2.38880612152
1.04923974492,-2.38212408646
1.04828601706,-2.39620577449
1.0515097572,-2.38349135581
1.04965742913,-2.41110191487
1.04846803937,-2.37715552193
1.04964187244,-2.37759013447
1.04875117114,-2.41451228732
1.05114882769,-2.42867341958
1.05186826941,-2.37872909059
1.04766658325,-2.41193217141
1.04949861664,-2.42350417929
1.05063228035,-2.38623734806
1.05115107331,-2.37640351528
1.04912999814,-2.41196755169
1.05126049501,-2.39892689426
1.05044887443,-2.40929100614
1.04996509699,-2.39279855165
1.05045572321,-2.41936909343
1.05053716838,-2.36671380802
1.04797193268,-2.38418919201
1.05086216858,-2.42295953115
1.04958470971,-2.39591337768
1.04819492666,-2.40034410203
1.04929387566,-2.4096118215
1.0500447802,-2.44143866248
1.04761032803,-2.37913702069
1.05086997424,-2.41481297008
1.05117301984,-2.42036260067
1.04826668452,-2.38099390938
1.04787750391,-2.41677906404
1.0521282224,-2.40573137362
1.04992725761,-2.42423578816
1.05021363192,-2.43758638484
1.04980287186,-2.3997422359
1.0490673758,-2.37007695451
1.05081997767,-2.43082208859
1.05190792686,-2.39098791054
1.0489335917,-2.42789404721
1.04870363781,-2.43006177879
1.05175247895,-2.40412563301
1.05162168619,-2.42350980902
1.04877289677,-2.42214693239
1.05023034936,-2.40478884904
1.04891784557,-2.42350397926
1.04946272505,-2.4158839302
1.05031684197,-2.38138188642
1.04917269286,-2.41698955248
1.04673229983,-2.37480265721
1.05080831274,-2.4210557756
1.05065207796,-2.39793105207
1.04730461103,-2.39760797441
1.04810676831,-2.42605477404
1.04874013967,-2.40263082465
1.04776674986,-2.39375262622
1.05120660928,-2.40831704293
1.04898515481,-2.41157984038
1.04656870209,-2.38425914907
1.04735548985,-2.39193056761
1.05003509697,-2.3973818193
1.04850391991,-2.39530467986
1.04794546908,-2.40860210361
1.04935044493,-2.42542001084
1.04791109357,-2.40018758115
1.04905442656,-2.36860751504
1.05193231986,-2.40969007924
1.0489385848,-2.39906407609
1.04967558167,-2.3691706731
1.05190957513,-2.41602994448
1.05120220269,-2.41740002599
1.04960402139,-2.39261426818
1.0513190998,-2.37967635847
1.04976267998,-2.43188459087
1.05085949411,-2.4399859166
1.05067786716,-2.39645810224
1.04817354532,-2.37227451662
1.046430588,-2.39383642799
1.05137664819,-2.39053052648
1.05023602149,-2.42273028772
1.04821579936,-2.37710703966
1.04930046366,-2.40757706342
1.04946846554,-2.39846215361
1.0475965424,-2.40403342079
1.05100786108,-2.4027825046
1.04990655641,-2.41106279664
1.04870452643,-2.39482040255
1.05082604137,-2.43298033449
1.05152596666,-2.41485008801
1.04920812732,-2.41680511937
1.05181837,-2.40416560594
1.05186712578,-2.41823326555
1.05222785692,-2.36810231823
1.05256562484,-2.41498685442
1.0527613945,-2.40004756826
1.04871231324,-2.39195885213
1.05027229586,-2.38672624049
1.05093773882,-2.37957511207
1.05023219805,-2.39669956464
1.04931807933,-2.40959638478
1.04973505679,-2.41624845876
1.04905199194,-2.39287295285
1.05079529333,-2.41738175011
1.05028913271,-2.44353797792
1.04875983732,-2.35833676123
1.04956321522,-2.41516894009
1.05174513017,-2.41320730002
1.05000015319,-2.42787178419
1.04858462507,-2.83795514199
1.04981519339,-1.71205927897
1.05063032939,-2.05940180022
1.04810581806,-2.28339277039
1.05091386302,-2.33191034252
1.05001695529,-2.44848452374
1.0501937374,-2.50624649406
1.05052544804,-2.52585243698
1.05372734123,-4.93897910511
1.04909143785,-2.69971760428
1.04913340481,-2.13034636043
1.04836652539,-2.19207449641
1.04714988737,-2.27709938128
1.04957736258,-2.34515854176
1.04953927906,-2.34112436488
1.04537816258,-2.32693097102
1.04800938769,-2.38509596553
1.0470076087,-2.20894331362
1.04871328684,-2.38913237091
1.04778707558,-2.4080377923
1.0501041144,-2.37571442125
1.04747070624,-2.37069721564
1.0480196297,-2.35236957431
1.04883406827,-2.40038067577
1.04741680514,-2.35751058685
1.04798039758,-2.39360777929
1.05018190685,-2.34783276338
1.04851380536,-2.34957978467
1.04793182263,-2.35267482993
1.05030851317,-2.38207056447
1.04908534581,-2.37527893044
1.04861592611,-2.36206441696
1.05081175681,-2.38783638319
1.04776365941,-2.40754188644
1.04678623572,-2.36375041132
1.04976086794,-2.4065098821
1.05101118175,-2.40187480472
1.04760188329,-2.39084210435
1.04860950724,-2.37011285617
1.04740954626,-2.39702481019
1.0471109721,-2.37070211262
1.04944595801,-2.41314602759
1.04958213159,-2.39726084637
1.04680617657,-2.42041037226
1.04811068109,-2.38090725956
1.04832241934,-2.42479113402
1.04942607149,-2.40159810551
1.04791046382,-2.36057793752
1.04925014166,-2.40455766556
1.04847934262,-2.37948121956
1.04904401486,-2.37947149837
1.04977128637,-2.40230173194
1.04701007927,-2.3855718692
1.04758822118,-2.38140588112
1.0510892613,-2.42369647524
1.049203545,-2.41370203547
1.04942766996,-2.41574298508
1.04920161732,-2.42426345183
1.04857145525,-2.41464381686
1.04885425488,-2.39483505511
1.05122478609,-2.40613807793
1.04771112969,-2.40282459076
1.04732270019,-2.36066724917
1.04960895268,-2.43528990477
1.05002800002,-2.39467967517
1.04741475412,-2.40318358011
1.04950734671,-2.3915989421
1.04772693197,-2.39450211722
1.04820349232,-2.41255316444
1.05054370836,-2.43699702231
1.04970902103,-2.39345324018
1.04666754045,-2.39314104173
1.04902050997,-2.42031568334
1.05054064071,-2.4449646655
1.04882971972,-2.35508857052
1.04845646112,-2.39206143119
1.0489026282,-2.39641359751
1.04870175451,-2.40031602988
1.0512522157,-2.41487517209
1.04978283444,-2.40677625694
1.04803247917,-2.4019324855
1.04853797761,-2.41816905749
1.05214782917,-2.42798546686
1.04785659143,-2.38642554578
1.0498075498,-2.43222083383
1.05008067187,-2.41968757743
1.0497876055,-2.40294302457
1.04895644576,-2.37520705063
1.05020009321,-2.38697574376
1.04848604525,-2.37373042918
1.04853992372,-2.38823410126
1.05069387314,-2.35631575951
1.05016263368,-2.40556769971
1.04925393579,-2.41965666241
1.05040973002,-2.42390639536
1.04805661374,-2.38290810923
1.05012463639,-2.36821327921
1.05122634642,-2.3933913583
1.04992335001,-2.37322984731
1.0465148204,-2.39049341214
1.05053927315,-2.37044606899
1.05123896216,-2.39863760174
1.04960702587,-2.3538975723
1.04826656755,-2.38441853432
1.04982394044,-2.40160081995
1.04843417011,-2.42057129177
1.05017333523,-2.40329052783
1.04909364811,-2.41447292162
1.04770218851,-2.42047244506
1.04863996364,-2.35245166254
1.05036043179,-2.37308191319
1.0480208531,-2.40322884055
1.04846486745,-2.38655811586
1.04911168847,-2.40541273674
1.0492980541,-2.40213388559
1.04757072273,-2.39992970455
1.05146342575,-2.39534435397
1.04771325057,-2.41320036595
1.0484976289,-2.41623694779
1.04968742677,-2.39586092948
1.04906102036,-2.39386858051
1.04875173672,-2.39423290864
1.0501288493,-2.38724893293
1.04765537727,-2.40384288409
1.04898970487,-2.40238615452
1.05100019134,-2.40669203188
1.04998532931,-2.40372643946
1.04693201352,-2.39569062658
1.0498628328,-2.3753274029
1.04927469926,-2.39879640604
1.04791323876,-2.38980809379
1.04894517628,-2.42190801185
1.04812624642,-2.40618724265
1.04754830283,-2.42766755131
1.05011784266,-2.41322790545
1.04864472613,-2.43639987452
1.04585757042,-2.37861479718
1.04811940852,-2.4129451391
1.04956280381,-2.41637158266
1.04803811927,-2.38452559583
1.04833826081,-2.41017739318
1.04639186593,-2.41388333531
1.04691678465,-2.39230549643
1.04873572397,-2.41044571374
1.05013928386,-2.41182791071
1.04601053195,-2.41012412924
1.04733507485,-2.40927376704
1.04822660001,-2.37601786869
1.04811773428,-2.3664215892
1.0482243127,-2.41958177442
1.04906474591,-2.4051526496
1.04692462252,-2.40661831427
1.04811014084,-2.38867486021
1.04936844479,-2.35772116175
1.04887820042,-2.39208781384
1.04677861113,-2.38158928192
1.05066405771,-2.37958542923
1.04936128636,-2.37001931891
1.04833938366,-2.43091384952
1.04919405535,-2.40643828534
1.04869978439,-2.42337681664
1.04912932534,-2.4339994484
1.07228305213,1.00169845909
1.04971677828,-2.52004155077
1.04702193281,-1.83099306586
1.04921934088,-1.92986184961
1.05119181129,-2.07251752416
1.04884405041,-2.24483504826
1.049647392,-2.3679766575
1.04936509284,-2.46153946673
1.04927384963,-8.03189606715
1.05024716134,-3.28107605177
1.05010150455,-2.92935882318
1.04808424436,-2.70529139993
1.05037605987,-2.57338042542
1.04986296263,-2.46102273629
1.05046386357,-2.41939401191
1.049591364,-2.37997344414
1.05197076532,-2.44501490608
1.04774475445,-2.34962461967
1.05102969593,-2.32143169172
1.05221274839,-2.37412328636
1.04985819116,-2.40275505516
1.04920154995,-2.39937326024
1.0521815001,-2.39582106126
1.05080042071,-2.39547582574
1.0506359472,-2.36667733806
1.04973326582,-2.37491400088
1.04982599014,-2.35926346775
1.0492325135,-2.33483754423
1.05112372196,-2.36752901003
1.04933788187,-2.40649601953
1.04829616639,-2.38473967404
1.04974128774,-2.38239644325
1.05054763847,-2.40185740179
1.04668174753,-2.38211136657
1.04944905027,-2.3784705514
1.04908883612,-2.39195426076
1.04827201423,-2.38439051049
1.04792405939,-2.38499416549
1.04869918434,-2.39047072179
1.0469664158,-2.35787785384
1.04921586973,-2.38407630208
1.04912843539,-2.44459312008
1.0477764937,-2.39591893377
1.04959464941,-2.38997319439
1.04940274408,-2.39394455126
1.04648572229,-2.38984872638
1.04975996795,-2.40824862462
1.04969489727,-2.39493980521
1.04907047514,-2.41320216408
1.04641214791,-2.38085247349
1.0506532425,-2.4091162791
1.04861358384,-2.41412397272
1.04980266054,-2.41736870622
1.05053464762,-2.4180456815
1.04936934173,-2.45018897878
1.04881754891,-2.39203460379
1.05149659457,-2.42058334028
1.04909751272,-2.40542786427
1.04896390937,-2.39433532505
1.05084041207,-2.35081047532
1.05011905956,-2.39232924703
1.04830121951,-2.41845442865
1.05033933228,-2.39378792396
1.04840132755,-2.38986152503
1.04852148213,-2.36587008534
1.05033692124,-2.37302731989
1.04948451697,-2.34739307605
1.04657976021,-2.40305864712
1.04977980766,-2.41371651996
1.05057066769,-2.37760632475
1.04937409021,-2.38699145183
1.04992639026,-2.38774820804
1.04878345976,-2.35423946123
1.04734571764,-2.40985205312
1.05031068091,-2.38815289196
1.04961230699,-2.40173388977
1.04773577341,-2.35309111298
1.04724588276,-2.39364198861
1.04928157398,-2.37461339469
1.04821619918,-2.40010676911
1.04807112516,-2.38863239016
1.04918278913,-2.42812088021
1.04816901351,-2.42606209975
1.04904396817,-2.39124819203
1.05154134506,-2.43900978462
1.04771373779,-2.44328693325
1.04759169716,-2.37138490262
1.0496312436,-2.39144096088
1.05008339638,-2.40465694936
1.04946831025,-2.38182850974
1.04955191166,-2.39424754111
1.04753301335,-2.39804342982
1.04871030948,-2.35283701545
1.05003490883,-2.408788778
1.04849054453,-2.33337980537
1.0469076248,-2.3659543641
1.01223171338,-1.73496717038
1.02712323964,-2.24578723734
1.02568697037,-2.09258731404
1.02696158234,-2.07520952932
1.02655655279,-2.09034185415
1.02541014183,-2.0701734578
1.02695164392,-2.09437602485
1.02798080407,-2.16622663738
1.02437042886,-2.12993959257
1.02679304273,-2.1873073758
1.0289021024,-2.16678546054
1.02659319634,-2.15008465221
1.02792070262,-2.13050274735
1.02699711526,-2.11007012531
1.02680090568,-2.11098752015
1.0284034307,-2.14205602445
1.03005366969,-2.12592438263
1.02566770962,-2.19238830473
1.02576293196,-2.12941103129
1.02875391041,-2.1527418353
1.02804938801,-2.12825703732
1.02710457859,-2.13694793632
1.02845910969,-2.12768741941
1.02829881062,-2.18102745661
1.02957274528,-2.15873223035
1.03053963841,-2.16853795791
1.02985344442,-2.18631426757
1.02994055562,-2.15003131393
1.03368939732,-2.18703228798
1.0322752347,-2.166236827
1.03172053554,-2.14884076187
1.0315023808,-2.15378310773
1.03196023682,-2.15511769037
1.02982571262,-2.19902143917
1.03243884559,-2.16720357364
1.03146782634,-2.15753891663
1.02918317538,-2.18653194761
1.02982157146,-2.18156629041
1.03106191533,-2.15629709877
1.02923304454,-2.15754218799
1.03045259616,-2.19652003638
1.02901649057,-2.15319672322
1.02943558685,-2.1642297245
1.03097012169,-2.13764135876
1.03144728263,-2.12785244004
1.02903091944,-2.17034448513
1.03171793092,-2.16541078748
1.03245436292,-2.20510861207
1.03260931989,-2.14726744467
1.0304446102,-2.15543914407
1.03387817413,-2.15212284495
1.03075427242,-2.12179406361
1.03325143152,-2.17312450976
1.03231892257,-2.15124957442
1.03044086768,-2.18265168075
1.02980932781,-2.13511083293
1.03075910915,-2.13789812784
1.03017408004,-2.17586293905
1.03062603536,-2.20367448497
1.0294647653,-2.12956155494
1.02810106272,-2.19358561926
1.02685593264,-2.14536847884
1.02983093169,-2.17887507346
1.02831873062,-2.13683412738
1.02816126768,-2.197699721
1.02811627315,-2.1691358317
1.02982860578,-2.17417969505
1.02761097321,-2.16114485614
1.02881378055,-2.18480152013
1.02788299773,-2.1402748338
1.02735353238,-2.15677774427
1.02963499819,-2.18645916397
1.02997138956,-2.14949740495
1.02511409867,-2.1532987081
1.02755136405,-2.14404522064
1.02873566034,-2.16907113973
1.02899195486,-2.19823418698
1.02783531081,-2.15266379531
1.0289213485,-2.16254230878
1.02714650899,-2.16166165827
1.02954747443,-2.15495789054
1.02996832163,-2.18021580464
1.02773110982,-2.17035246857
1.02651783375,-2.13743554802
1.02924950223,-2.15300638982
1.02877492251,-2.14071770208
1.02928135484,-2.14511603316
1.02920953494,-2.17642129026
1.02801528144,-2.15260399134
1.02682937745,-2.14546777167
1.03027620487,-2.12487881307
1.02819159472,-2.1515120795
1.02820655022,-2.20865221249
1.02928790863,-2.16008472832
1.02871385244,-2.13451279347
1.02856616226,-2.18430581038
1.02940354299,-2.15056012407
1.02689431346,-2.17142807525
1.02725591229,-2.13464739129
1.0300324042,-2.15899471894
1.03018343506,-2.20960250187
1.02619151726,-2.17824218929
1.0275871556,-2.17092283138
1.02850885106,-2.14735139304
1.02843119379,-2.13396742419
1.02868439427,-2.18433394375
1.02749144623,-2.14289764292
1.0256696475,-2.12576741362
1.02879494538,-2.15370708206
1.02864076205,-2.190415217
1.02775903206,-2.1582039254
1.02715252232,-2.19431457574
1.03058714742,-2.16347727262
1.02773833499,-2.18243154803
1.02835048623,-2.18296086251
1.02840334242,-2.13415591933
1.02878982063,-2.12303387773
1.02925446907,-2.18267145789
1.0302641045,-2.1643707429
1.02836865156,-2.16455014994
1.02852283019,-2.13754125809
1.029109126,-2.13590611866
1.02928564576,-2.15008522023
1.02879896984,-2.13582583228
1.02951184307,-2.15297964287
1.0269772187,-2.18271522538
1.02847549151,-2.11791234403
1.02962349095,-2.19941217725
1.02944530536,-2.1599259157
1.02670936737,-2.17421955237
1.02942926003,-2.14504622396
1.02841895692,-2.1475445175
1.02810261222,-2.1605427709
1.02808985374,-2.14200409197
1.02881604752,-2.16099620921
1.0275529517,-2.16521171663
1.02885583136,-2.18673453719
1.02782558553,-2.18369953019
1.02696092067,-2.13474118079
1.02894372779,-2.13982006233
1.03024022059,-2.20781163136
1.02709633689,-2.14733798055
1.028437598,-2.84641884039
1.02895435624,-1.36755809585
1.0271369,-1.76208660345
1.02751834371,-2.01919272922
1.03104236419,-2.17462224106
1.02831365902,-2.21248350657
1.0287108199,-2.23759932151
1.02799322365,-2.25005382394
1.02946435591,-4.08195400961
1.029498161,-2.84289307905
1.03028829902,-1.97370384063
1.02818593212,-1.89079251958
1.0293115389,-1.97342175862
1.03033629294,-2.03064042765
1.02905555107,-2.04793403765
1.02694233255,-2.06769040856
1.03035099801,-2.08973426222
1.02789843104,-1.93538314565
1.02885398487,-2.08793443681
1.0286553368,-2.05280171717
1.02842712305,-2.08146282969
1.02740014462,-2.10100131482
1.03064394024,-2.13766741492
1.0293458126,-2.10643530208
1.02709364256,-2.09640474945
1.02856956818,-2.11033004949
1.02864983793,-2.06701158847
1.0285638397,-2.07414787585
1.02979641494,-2.13412903167
1.02831604801,-2.13612507424
1.02735730732,-2.12320252755
1.02797758772,-2.11799213081
1.03021045061,-2.11316787467
1.0284324206,-2.09248702504
1.02880907308,-2.13048927971
1.02907790479,-2.12900097001
1.02837961452,-2.15249132851
1.02884626364,-2.11382931985
1.03041313687,-2.14972831702
1.02825753319,-2.11440336231
1.02945483475,-2.13836797539
1.03078828478,-2.13387876139
1.02943560554,-2.11963913831
1.02838356454,-2.14178343382
1.02949267081,-2.08305387105
1.02937838974,-2.15720946096
1.02987901019,-2.12934432593
1.03005018852,-2.13131109587
1.02842783055,-2.11539621285
1.02755517234,-2.14637680611
1.0315159208,-2.1421634253
1.02972726609,-2.12845657636
1.02806921748,-2.16122762889
1.02981052553,-2.12668697496
1.03055562508,-2.12145877064
1.0281805663,-2.13236284772
1.02983200495,-2.11117412601
1.02981613783,-2.16045718917
1.02898640227,-2.1186313362
1.0301455282,-2.13682539384
1.03085879007,-2.14464477609
1.02782413844,-2.08554164494
1.02897780006,-2.10898082489
1.02985450032,-2.1348449777
1.0308041497,-2.15177468216
1.02897132111,-2.1382379654
1.03059620704,-2.10431851379
1.02813356984,-2.13773048639
1.03012516224,-2.11200492375
1.03154572125,-2.1570538582
1.02927130711,-2.14098485808
1.02838657753,-2.11856793259
1.03035247437,-2.1003087911
1.02953088026,-2.10475905819
1.03020936715,-2.11111504712
1.03037496738,-2.13009814149
1.02970281157,-2.12986789285
1.03031822046,-2.13427028867
1.03261274356,-2.16101959765
1.02918056313,-2.15775941666
1.02912252599,-2.12014181332
1.03066339901,-2.14047736496
1.03148139488,-2.13822414559
1.02917855715,-2.12632230094
1.03032810764,-2.11876667141
1.02992781245,-2.14985761954
1.02791390689,-2.08440859951
1.03015152718,-2.14326876995
1.03083000893,-2.09865962533
1.02755104681,-2.1372747283
1.02823490869,-2.11671271567
1.02906131344,-2.11241805582
1.02800276363,-2.12813998926
1.03037766619,-2.13957803799
1.02949651968,-2.09953946769
1.02722979328,-2.10699291409
1.0295836668,-2.14284623227
1.03090484065,-2.1164157648
1.02843191779,-2.13088618335
1.02802738801,-2.15056506641
1.03039613249,-2.10411980119
1.02845952867,-2.11166127789
1.03069670677,-2.15824094432
1.02947995603,-2.11835716445
1.02810797547,-2.09648557226
1.03006644614,-2.14535704987
1.0314291177,-2.1140258447
1.02961815764,-2.15425740453
1.02952638937,-2.16411402195
1.03119293281,-2.135290235
1.02986383557,-2.10980929832
1.02977925404,-2.13500465022
1.03127015191,-2.16869167213
1.02860564761,-2.14321033411
1.02803136856,-2.12652610429
1.03069032224,-2.17519262737
1.03140808118,-2.15479663627
1.02877508498,-2.18221273306
1.0293620512,-2.1303806224
1.02969713811,-2.15068253959
1.03013985348,-2.12373343075
1.02980262683,-2.13549227278
1.02961794945,-2.11832544855
1.02823111239,-2.13252768106
1.03110352747,-2.13486534715
1.03004394967,-2.12469967346
1.03018619061,-2.15929937884
1.02805958214,-2.14086289833
1.03057323036,-2.12493898977
1.02987320783,-2.16092539607
1.03037408319,-2.11685367078
1.02952294897,-2.12117091943
1.02814561403,-2.10950730327
1.03013803091,-2.15825087507
1.03259231029,-2.13988738587
1.03008478674,-2.12419680686
1.03038093635,-2.14444544823
1.03048556908,-2.14215170377
1.03222414699,-2.12890173065
1.03213995352,-2.11233183956
1.03433628733,-2.14778478162
1.03002540687,-2.07197737373
1.0306564752,-2.13113191895
1.03230726596,-2.13153585786
1.03312146917,-2.13747290405
1.03110728163,-2.15172515897
1.03357712059,-2.16740825751
1.0309450422,-2.13122845069
1.03074003145,-2.10241409801
1.03169756203,-2.16092424136
1.03086226599,-2.13019253014
1.0290436232,-2.12263902651
1.03188182582,-2.12762834752
1.03146492213,-2.12773842348
1.03015673089,-2.13001231683
1.02859857341,-2.13185595987
1.02961850462,-2.15170770325
1.03061619492,-2.13953341628
1.03200131526,-2.12460590003
1.03153527341,-2.1566901264
1.03035845596,-2.1752450094
1.03109576466,-2.13650552234
1.05433010906,1.29929252013
1.02959343721,-2.11168619088
1.03028975015,-1.52353361554
1.03216117234,-1.59628954793
1.03074098348,-1.79902820028
1.03060410162,-2.0081588493
1.03129862525,-2.14207909513
1.0293691349,-2.19107216237
1.03141915089,-8.18351611222
1.03085924489,-3.01570199257
1.03046263112,-2.75326158448
1.02919092868,-2.42008295624
1.03165915093,-2.29215984799
1.03053439832,-2.22751425856
1.03145814323,-2.15523955873
1.03123554242,-2.1783375081
1.03061265321,-2.1651900174
1.02805793839,-2.01060720856
1.03129502413,-2.08573813732
1.03222294577,-2.17687475545
1.02997235495,-2.1321393984
1.03024754755,-2.13613376156
1.03068445999,-2.07069600541
1.02978674319,-2.11681888295
1.03083756802,-2.13740974827
1.02945295932,-2.11332724361
1.02989887335,-2.10331714151
1.03122462357,-2.10886863538
1.03084103447,-2.11066076689
1.02794778289,-2.07610019196
1.03012924487,-2.12730289185
1.0304444907,-2.15291100567
1.03044569754,-2.12910061076
1.03054873836,-2.15309267636
1.0316410282,-2.11915382217
1.02924217879,-2.08167163059
1.03013024869,-2.08278441318
1.03099350362,-2.11511167846
1.03039553534,-2.11670779089
1.03032265173,-2.11439133617
1.03202040868,-2.14155784166
1.02992239067,-2.13902102701
1.03077333142,-2.13333392708
1.0319026874,-2.16693176654
1.03109430505,-2.08622341227
1.02964399541,-2.14207418076
1.03285283924,-2.15822483778
1.02998260668,-2.06882986042
1.02934160144,-2.095515064
1.03076803996,-2.1168950279
1.03190847575,-2.12391186285
1.02998148666,-2.13976894094
1.03092241666,-2.10831490246
1.03057493955,-2.11152955448
1.02930883246,-2.14675071633
1.0313121421,-2.14678973291
1.03266879203,-2.15839758476
1.02906306908,-2.14870663083
1.03095378129,-2.14824354184
1.02988356446,-2.10108149317
1.03148988843,-2.15709259042
1.03113623802,-2.14789583173
1.0314781486,-2.10414303325
1.02897488403,-2.09331766521
1.03101537895,-2.10594546152
1.03311427072,-2.14977153387
1.03103953612,-2.15491048193
1.03157943454,-2.14515086849
1.03294906785,-2.16948740886
1.03147720373,-2.13117023055
1.03188066468,-2.09072713901
1.03256467173,-2.15992924241
1.03207795635,-2.11757254849
1.03050464805,-2.096905005
1.03392129063,-2.12073942118
1.03170064495,-2.13533621462
1.0304362645,-2.11726850816
1.03090727725,-2.13263258798
1.0308964164,-2.14977111365
1.03077388297,-2.1454704327
1.03253612145,-2.12139176733
1.03154688417,-2.16832757303
1.02912617917,-2.09561159189
1.0319676301,-2.12039559016
1.03271993977,-2.15260191025
1.02914694199,-2.09726566134
1.03026198799,-2.11025197132
1.03077300014,-2.11259215608
1.03134964008,-2.09744189654
1.03113774937,-2.12338177327
1.03118516219,-2.13038433728
1.02919330677,-2.11163013957
1.03283865472,-2.09688642513
1.03226478972,-2.15723385532
1.03050348791,-2.15364357451
1.03019917603,-2.12989095334
1.01865435495,-1.96334026609
1.03217915177,-2.69130537006
1.03303435269,-2.43477673963
1.03284034305,-2.49266149179
1.03137678147,-2.53428822188
1.03197008641,-2.57076936406
1.0340557916,-2.53042652433
1.03187581429,-2.55585004922
1.03237518457,-2.60204575692
1.03252638964,-2.60330039372
1.03394222425,-2.61145934309
1.03314107953,-2.59978965081
1.03446521923,-2.57054445325
1.03107072485,-2.54069798346
1.03246385464,-2.56489085424
1.03344484744,-2.56137247666
1.03346628483,-2.55819300093
1.03047571649,-2.57722673561
1.03271437362,-2.59432905028
1.03295787941,-2.5526434271
1.03167972164,-2.5839514823
1.03174050479,-2.61575535524
1.03143979672,-2.61754247933
1.03114064448,-2.61076953993
1.03300797243,-2.62241265624
1.03291594397,-2.62285723969
1.03129272163,-2.56309102262
1.03067792293,-2.5716254117
1.03165612534,-2.57451480318
1.02992395275,-2.58726066923
1.03288691777,-2.59887219033
1.03257572101,-2.60130145443
1.03106481689,-2.6074731802
1.03066560126,-2.58493608694
1.03308876182,-2.6147443478
1.03106042113,-2.60787844989
1.03147332486,-2.61254437266
1.03220542565,-2.62182472433
1.03244971838,-2.64314458288
1.03196902311,-2.6105381533
1.03244595026,-2.58830704923
1.031625674,-2.64042762764
1.0314653994,-2.6154604608
1.03361861794,-2.58389609058
1.03257090885,-2.58365866714
1.03011131907,-2.58172029737
1.0329054438,-2.63984953837
1.03074961651,-2.57981349267
1.03231495713,-2.6186065929
1.03297528193,-2.60280085564
1.03134556363,-2.62010208481
1.02978051652,-2.60671156073
1.03192505162,-2.59840317868
1.03214899632,-2.61242388788
1.0312826522,-2.64887000423
1.03092548117,-2.61841444944
1.03170297642,-2.64703935039
1.03141734384,-2.63441366867
1.03273331731,-2.60818541067
1.03177288989,-2.62690008428
1.03168836897,-2.63126882159
1.03333093774,-2.61181480471
1.03575948349,-2.62093382658
1.03406471646,-2.58552304346
1.03401386696,-2.62438393884
1.0345796791,-2.61735367905
1.03449112049,-2.60368450331
1.03597569816,-2.60794980535
1.0361415421,-2.60642568668
1.03428322352,-2.62726229466
1.03523946822,-2.66000901879
1.03723453924,-2.6051987069
1.03804638844,-2.63590466212
1.03353927482,-2.61746707605
1.0363356626,-2.63175421352
1.03515928221,-2.63890441854
1.03658395705,-2.61476187886
1.03683417377,-2.60908603648
1.03461229389,-2.62499810749
1.0332504841,-2.59155925828
1.03643519032,-2.63303521422
1.03514096809,-2.60573850211
1.03473966987,-2.6217677892
1.03540612929,-2.58818501522
1.03699368262,-2.66163366484
1.03495475807,-2.60836313688
1.03712365638,-2.64652739604
1.03465331663,-2.63322729432
1.03423838544,-2.61748276146
1.03540205927,-2.63246939999
1.03589610538,-2.60966902646
1.0333061952,-2.63591157266
1.03395976149,-2.6202771156
1.03215115906,-2.58673001268
1.03327818576,-2.60921410194
1.03427950355,-2.58164057983
1.03529512498,-2.63271146034
1.03083018403,-2.63242870458
1.03342976034,-2.64580404201
1.03539579779,-2.61961396502
1.03383477026,-2.6413291432
1.03252270588,-2.64634703611
1.03427556101,-2.62076688154
1.03258374181,-2.64189483716
1.03387418159,-2.61297237944
1.03310100329,-2.60715348908
1.03264813216,-2.64737055586
1.03376662517,-2.62696365136
1.0356875683,-2.63247513006
1.03281854222,-2.6582584461
1.03175483897,-2.62314933632
1.03220245035,-2.58904274041
1.03368102611,-2.65130779272
1.03195941603,-2.64740156137
1.03354252639,-2.61138864119
1.03224279603,-2.6374507055
1.03079163438,-2.61625941122
1.03213901267,-2.61397695076
1.03277431621,-2.62123865057
1.03072256883,-2.59568894188
1.03291691888,-2.6142405085
1.03243259367,-2.61536432711
1.03156038864,-2.64873861906
1.03394734205,-2.61184679522
1.03431871336,-2.66680641181
1.03114306562,-2.64705694324
1.03336753681,-2.63933433229
1.03376581707,-2.63430705683
1.03277892359,-2.61717931031
1.03157989252,-2.64393425293
1.03245436173,-2.60149717698
1.03161868908,-2.6245883732
1.03299212285,-2.62833023949
1.03267773268,-2.66384895568
1.03083249856,-2.66711244543
1.03038054321,-2.62811426952
1.03355206982,-2.62932287287
1.03171817008,-2.6289026761
1.03221979769,-2.6321047366
1.03182327678,-2.57953322201
1.03191308589,-2.64567267153
1.03097907326,-2.59724635652
1.03268930587,-3.15258419282
1.03129488858,-1.88573810478
1.0311900194,-2.28021509282
1.03190752225,-2.46780612045
1.03177361636,-2.63035822034
1.03121109876,-2.68392611888
1.03246747417,-2.72399760737
1.03268465384,-2.74193413493
1.03266738326,-4.94759170735
1.03209211254,-3.00311364558
1.03334952178,-2.32621657177
1.0318216633,-2.39669509551
1.03524184113,-2.54933656082
1.03434602383,-2.60528611593
1.03390662208,-2.60069298818
1.03215557174,-2.56796582441
1.03384132539,-2.61374121614
1.03397656308,-2.73684506493
1.03405881504,-2.55274014854
1.03392413485,-2.60308929248
1.03332441886,-2.68235118908
1.03234521849,-2.57991734947
1.03480988414,-2.61714737187
1.03289789695,-2.60945233919
1.03330469339,-2.60468987843
1.03343368616,-2.63042535457
1.03429661868,-2.65029768116
1.03347972786,-2.63730237682
1.03588554451,-2.6533736172
1.03347293635,-2.6133835567
1.03368133377,-2.66179499332
1.03543273624,-2.64468090718
1.03498619037,-2.68136548042
1.03303694261,-2.65943717163
1.03483010791,-2.61224489456
1.03446509349,-2.64153528105
1.03359489138,-2.6459585087
1.03500515244,-2.61323234991
1.03384360469,-2.62782413221
1.03046848539,-2.62743610796
1.03227289935,-2.59536448427
1.03369402496,-2.61869767993
1.03223935255,-2.63061190969
1.03042127966,-2.58571387373
1.03141472975,-2.68723745318
1.03051396159,-2.64698519369
1.03296258128,-2.67475881175
1.03132462909,-2.62029553689
1.03011219997,-2.6270090252
1.03184615559,-2.65237883412
1.03354393191,-2.58889712179
1.03108886764,-2.61386256383
1.0313962323,-2.63746650274
1.03248155404,-2.65070699773
1.03288225607,-2.63491570323
1.03356266741,-2.61845650018
1.0342899447,-2.64780063241
1.03199635795,-2.63476351413
1.03298472128,-2.62482208612
1.03403972494,-2.61488061847
1.03314085371,-2.64617687842
1.03206376083,-2.61269613247
1.03354098727,-2.63163132155
1.03219149764,-2.62829509981
1.03347628671,-2.63932355004
1.03374590356,-2.62596384921
1.03307402046,-2.6287048179
1.03007377805,-2.62889367771
1.03407356933,-2.62539339254
1.03412593907,-2.66978699403
1.03260989471,-2.64814572522
1.03182461758,-2.61184538615
1.03358822417,-2.6286109012
1.03262575671,-2.60304869288
1.0341270955,-2.64365009564
1.03184017842,-2.61339343947
1.03191128855,-2.65815411606
1.03376669619,-2.65458904872
1.03552080534,-2.66689412474
1.03228359194,-2.63773659383
1.03235250778,-2.61718526701
1.03291113118,-2.61897031271
1.03330049107,-2.62695742929
1.03264580233,-2.64806453703
1.03429043896,-2.63457709092
1.03158988401,-2.62741727949
1.03229991281,-2.64080347538
1.03237546802,-2.62965621928
1.03160461984,-2.63139859992
1.03165685845,-2.62705203951
1.03332711484,-2.64933111902
1.03258365866,-2.69165698798
1.03238820656,-2.63465465861
1.03356953502,-2.61592591674
1.03251426321,-2.660593293
1.03125785186,-2.63448887348
1.03365521269,-2.58719325719
1.03199451609,-2.64133837296
1.03150219172,-2.63584114892
1.03266634038,-2.62412568166
1.03267522139,-2.67871476074
1.03147591955,-2.6105122857
1.03368376489,-2.61301690423
1.03183914542,-2.63459055256
1.0305314218,-2.66440463873
1.03192846683,-2.64324323189
1.0338965296,-2.64031945562
1.03093833493,-2.61407278901
1.03187983322,-2.62363969512
1.031233089,-2.61313440366
1.03107092695,-2.63299480268
1.03181258401,-2.64038979645
1.03256332253,-2.63768141682
1.03047736174,-2.61829832412
1.03147925484,-2.62244351013
1.03352739521,-2.62870446181
1.03247318715,-2.64407452503
1.03254367815,-2.61496612693
1.03282316879,-2.64044062336
1.03283026809,-2.64262031153
1.03461002867,-2.65096019967
1.0338332666,-2.61247125054
1.03274364737,-2.65291504248
1.03153678515,-2.66189407383
1.03466221548,-2.5972712955
1.0330304396,-2.60500510393
1.03404039033,-2.64466709043
1.03256806919,-2.63500605969
1.03144219456,-2.62326030376
1.03302180435,-2.64676551979
1.03528679455,-2.6140097684
1.03301564572,-2.61485189943
1.03060180315,-2.5971953291
1.03321756398,-2.63512818223
1.03411424967,-2.65306328996
1.03239831496,-2.64355602331
1.03255497443,-2.61513298208
1.0323051582,-2.65215056185
1.03237773031,-2.62096205268
1.03282624676,-2.64767711281
1.03269880994,-2.61914742793
1.03035464544,-2.62987007071
1.03360916773,-2.6088696484
1.03313771668,-2.63179767742
1.03243124177,-2.64539857197
1.03151313196,-2.63734035139
1.03311265323,-2.63625358948
1.03150652611,-2.63859497251
1.0336146494,-2.63301597342
1.03391535609,-2.644223252
1.03153235336,-2.62387224381
1.03112948457,-2.62435158457
1.03305680216,-2.64262331064
1.03220544847,-2.65933957229
1.03305978637,-2.61828899191
1.03258002779,-2.64849492342
1.03221796138,-2.64645797721
1.03305943719,-2.6510402224
1.03412221241,-2.62489259476
1.0315231502,-2.63349104768
1.03173327515,-2.61824111464
1.03359501703,-2.66507749686
1.05430854188,1.20889306428
1.03123182511,-2.75816345691
1.03179609267,-2.08210978601
1.03244012177,-2.1174279357
1.03216771958,-2.30189985549
1.03326957983,-2.47289042082
1.0328031363,-2.58101078817
1.03056461237,-2.65212284323
1.03348530829,-8.65035057543
1.03369316766,-3.715032921
1.03205011102,-3.21196094475
1.03411955973,-2.95903229569
1.03321384561,-2.8003612978
1.03306580716,-2.73536566225
1.03432606022,-2.63964826166
1.03474029336,-2.62630761734
1.03379580151,-2.60569404346
1.03386338308,-2.7565882282
1.03397316647,-2.51550311494
1.03280412974,-2.57463024747
1.03360292249,-2.59300801939
1.03439298567,-2.61564650966
1.03312127084,-2.62057496621
1.03416682426,-2.61142054158
1.03626544618,-2.61066845576
1.03279292488,-2.59104350426
1.03420189593,-2.69376830018
1.03530821453,-2.61587105089
1.03524775518,-2.6090923752
1.03358584036,-2.61372747872
1.03566295819,-2.62573223252
1.03383194805,-2.61334384806
1.03292631544,-2.59417855352
1.03584551261,-2.60630161042
1.03560816023,-2.65009898427
1.03311775863,-2.60161702157
1.0349932482,-2.60521025642
1.03532484408,-2.6282126284
1.03355370458,-2.6295647445
1.03472166833,-2.63671610246
1.03599624797,-2.64989871169
1.03440384052,-2.67586813998
1.03686558939,-2.64770797579
1.03402293982,-2.61674342214
1.03373170723,-2.62225323713
1.03412408956,-2.63367158117
1.03555815719,-2.60713197935
1.03453397979,-2.65424688486
1.03441727452,-2.62733251867
1.03466079458,-2.59871152247
1.03371039904,-2.60237289837
1.03620273822,-2.6116854945
1.03703887528,-2.61293163027
1.03481972697,-2.61773616894
1.03550587448,-2.64938142336
1.03774700976,-2.65030482718
1.03734351938,-2.6186550757
1.03461372464,-2.5855259372
1.0369919341,-2.62535742608
1.03461338603,-2.63001900715
1.0357067693,-2.62406362661
1.03718865613,-2.6246840746
1.03482963988,-2.61226863636
1.03396165161,-2.63540320482
1.03738530611,-2.6600317738
1.03658428705,-2.62593121976
1.0343024685,-2.60559706705
1.03517119225,-2.59241125891
1.03564102272,-2.62786338101
1.0338924156,-2.59243799457
1.03582870506,-2.59993444971
1.03608274327,-2.63588777107
1.03359845683,-2.59809557214
1.03467020125,-2.64068217527
1.03563915322,-2.65013622271
1.03435789007,-2.64237745846
1.03503350023,-2.63884475381
1.03342640143,-2.60378905499
1.03344865863,-2.60444429655
1.03503272407,-2.63046119227
1.03594288086,-2.62615350939
1.03106501078,-2.59886287444
1.03214294807,-2.60682681748
1.03521425038,-2.62164684187
1.03249560893,-2.59282428614
1.03210608507,-2.58060031078
1.0324856745,-2.64105286975
1.03142741552,-2.6153178387
1.0342999844,-2.65266752009
1.03323604462,-2.62104964026
1.03182363974,-2.64917023722
1.0323640235,-2.6418594683
1.03452956193,-2.62001568278
1.03362561017,-2.6252868913
1.03304424664,-2.60744954216
1.03278690057,-2.63890099035
1.02745937344,-2.12023225506
1.04088999229,-2.7559711682
1.04402972121,-2.98093827539
1.04215334195,-2.72215770219
1.04089550312,-2.73780814391
1.04175027526,-2.73557861325
1.04236278138,-2.73751430202
1.0414232252,-2.80656947973
1.04122901613,-2.72607314401
1.04173856513,-2.99683912272
1.0413663594,-2.95628818631
1.0443234934,-3.03661800192
1.04304302787,-2.97256403738
1.04077044732,-2.97114120603
1.04296448245,-3.00206038306
1.04418449048,-2.99167259391
1.04277743835,-2.99043658831
1.04126520643,-2.99906064522
1.04303144659,-3.02979048969
1.0409807554,-3.02044000236
1.04372670566,-3.01474218488
1.04410121539,-3.01570381828
1.04302544531,-3.0121452176
1.0417881533,-3.01381569739
1.04471974706,-3.02987777639
1.04348775566,-3.03787936966
1.04366922541,-3.01877786298
1.04430771523,-3.02435328913
1.04369586548,-3.00485833145
1.04302488046,-3.03085783054
1.04531522872,-3.02695857011
1.04440105167,-3.07333068647
1.0420310844,-3.05720204222
1.04373660828,-3.0346216492
1.04373709977,-3.04086080202
1.04285325363,-3.07378190529
1.04315070974,-3.05558224042
1.0428483101,-3.02518709496
1.04232493919,-3.04152324169
1.04318132548,-3.02753083209
1.04281471763,-3.03444347105
1.04065644663,-3.05631692265
1.0428669495,-3.03977195267
1.04304121867,-3.04622522117
1.04264776201,-3.06568859413
1.04315900716,-3.06015104855
1.04255669385,-3.03612250737
1.04270074914,-3.0935721919
1.0435012767,-3.0155477883
1.04450055967,-3.04929265932
1.04180687422,-3.06531468081
1.04282654956,-3.03057511001
1.04559459367,-3.08320084599
1.04356261176,-3.06847284347
1.04341185633,-3.05842062216
1.04283140871,-3.02285767429
1.04356952662,-3.06940609687
1.04339698986,-3.07260467453
1.04556760125,-3.04752289457
1.04276196476,-3.06557488771
1.04071179737,-3.01624671046
1.04301858251,-3.04053795781
1.04403901956,-3.13162935185
1.04334522303,-3.08027962761
1.04384235345,-3.06790076418
1.04231410478,-3.08904274208
1.04136541091,-3.06791022093
1.04415973436,-3.09698523779
1.04399752617,-3.04293726076
1.04036745266,-3.01366341492
1.04163558323,-3.0320299451
1.04237167501,-3.06090106862
1.04247500592,-3.0333445521
1.04307673401,-3.0901333372
1.04201486733,-3.05319749781
1.04073299241,-3.05132856876
1.04485042082,-3.06297136598
1.042703074,-3.03664455236
1.04182701866,-3.02837567273
1.04217197949,-3.05339431709
1.04495202607,-3.07302351331
1.0415740162,-3.02289511323
1.04233285391,-3.07971398636
1.04414343854,-3.08772645767
1.04165212188,-3.07537617255
1.04314279829,-3.07164527703
1.04470675192,-3.07379037792
1.04262175609,-3.08023440863
1.04127609585,-3.05945719722
1.04322057327,-3.10719517573
1.04315333247,-3.05730864063
1.04351708018,-3.09106246404
1.04412793896,-3.07083009885
1.04208976044,-3.04793795682
1.04221877343,-3.03366469939
1.04390098427,-3.05939649188
1.04365639631,-3.06761139885
1.04135043968,-3.08139561286
1.04390525099,-3.02415708633
1.04437684594,-3.0829964305
1.04224082388,-3.03769114454
1.04173863581,-3.03703067269
1.04254784875,-3.07025968454
1.04149394342,-3.07795571204
1.04463369114,-3.10457449323
1.04205903938,-3.07528765487
1.04086313846,-3.04673768864
1.04383059262,-3.11037263767
1.04338766588,-3.06225186388
1.04140584889,-3.10166470833
1.04258145205,-3.08326366841
1.04325429716,-3.10835503488
1.04197038612,-3.05462590803
1.0422947579,-3.06130261761
1.04491470612,-3.10350065941
1.04147626478,-3.04561224056
1.04235487782,-3.07639486887
1.04389254733,-3.09354944026
1.04172558649,-3.09068713265
1.04191723,-3.04955949725
1.04372097042,-3.05448333428
1.04218336657,-3.09092121746
1.04288168315,-3.03292987585
1.04400217023,-3.07356589552
1.04203141405,-3.05418349763
1.04097886783,-3.08218337847
1.04367340169,-3.09332071923
1.04198000166,-3.09218061334
1.04163282409,-3.06240612528
1.04337440235,-3.08358784523
1.0411977948,-3.08598969361
1.04087163776,-3.06845621097
1.04315042599,-3.10830693793
1.04179709453,-3.06066857431
1.04161155949,-3.07001284659
1.04239648794,-3.04281862013
1.04258574809,-3.05359999001
1.04041049073,-3.06972335821
1.04301506042,-3.08164407085
1.04148552373,-3.08776263681
1.04143187035,-3.08830652393
1.04299742453,-3.05282816502
1.04187931978,-4.49246361686
1.04090479562,-2.43744606222
1.04100123062,-2.80246635722
1.0433557396,-2.98005902244
1.04148556027,-3.06938648172
1.04217849183,-3.14748337096
1.04293478828,-3.18981257655
1.04052446696,-3.18090472193
1.04404291034,-4.40198278941
1.04264708437,-3.41108258714
1.04219645629,-2.71744625313
1.04115595302,-2.84859951593
1.04402968252,-2.96782586417
1.04387265327,-3.05100817613
1.04345441944,-3.08829557946
1.04292187863,-3.03919594663
1.04100307885,-3.03052206971
1.04048036983,-3.03095416289
1.04361947892,-3.04654276252
1.04224351336,-3.00852555205
1.04073947781,-3.07029494899
1.04289640359,-3.07031621949
1.0440536603,-3.06279169879
1.04233449642,-3.07137711862
1.04175210893,-3.05601085164
1.04095847369,-3.08965429647
1.04060051875,-3.02511476601
1.04209852698,-3.07559572063
1.04296840511,-3.06066715786
1.04014770248,-3.07969651082
1.04195678244,-3.08875879634
1.04216017497,-3.09877025481
1.04264175944,-3.11168666948
1.04216872774,-3.05596554746
1.04271122431,-3.07989141015
1.03941072179,-3.04784596755
1.0422014136,-3.07141622111
1.04364783707,-3.05995644393
1.04141043322,-3.06799749302
1.04132506926,-3.07535322525
1.04314530631,-3.05771555324
1.04347040915,-3.07888551359
1.04303964518,-3.06497925587
1.04251161956,-3.05843902999
1.04172865026,-3.08809809588
1.04355511757,-3.10402154711
1.04430052293,-3.06549630814
1.0412109052,-3.07776110803
1.04100168921,-3.03633256824
1.04345021772,-3.04135126867
1.04336824648,-3.04976388078
1.04179198703,-3.09676525087
1.04311030076,-3.10240971683
1.04137534643,-3.03472571688
1.04185868084,-3.06479236065
1.04342626657,-3.07170116511
1.04371733696,-3.07609446904
1.04124554913,-3.05280660852
1.04316316289,-3.08714016853
1.04289491737,-3.08449349005
1.04240722145,-3.07723146066
1.04416299256,-3.09863304941
1.04411798752,-3.07235097821
1.04226687302,-3.07579284124
1.04511194606,-3.05432191936
1.04574138558,-3.07908983326
1.04191617096,-3.07597736865
1.042477039,-3.09434670609
1.04584879763,-3.04508639447
1.04502568986,-3.1134312184
1.04508492834,-3.09840790896
1.04316018941,-3.0528512071
1.0430763897,-3.06928871033
1.04369036047,-3.10111668039
1.04507333555,-3.08284990244
1.04335802495,-3.06835765522
1.04402559992,-3.08326956957
1.04465990958,-3.09802841049
1.04392123277,-3.08493625249
1.04336834005,-3.09926383277
1.04444841114,-3.07443410253
1.04285268815,-3.08834480121
1.04344635759,-3.05514550447
1.04532860381,-3.07551518634
1.04355514021,-3.08895595803
1.04324473177,-3.1151519955
1.04476776843,-3.06362093684
1.04409637596,-3.06487422114
1.04246935358,-3.0333416555
1.04324859979,-3.07065231591
1.04382339505,-3.09084311923
1.04103284344,-3.05597128328
1.04370520192,-3.11881323228
1.04181677978,-3.04359411407
1.04028056192,-3.06583007877
1.04114632293,-3.09358307703
1.04309062102,-3.10197451237
1.04166607069,-3.08415952839
1.04260943758,-3.07655990134
1.04178533111,-3.08466696101
1.03989411146,-3.06057526726
1.04203797957,-3.05856998088
1.04459086585,-3.07829130109
1.0434205112,-3.09781773303
1.04391559806,-3.07292147658
1.04579745489,-3.0856768497
1.04603238214,-3.06131838018
1.04502767582,-3.05750695934
1.0466321537,-3.12966450622
1.0438738602,-3.09838964974
1.04580780142,-3.07230021109
1.0476756119,-3.08248880654
1.04373514354,-3.05136106029
1.04189266179,-3.05210366421
1.04472635757,-3.1308350278
1.04488910571,-3.09079873911
1.04364067099,-3.06045357291
1.0450219166,-3.09124596405
1.04348148239,-3.08934693356
1.04117206161,-3.06124481698
1.04447488452,-3.07673136385
1.04457835194,-3.09761934507
1.04258278502,-3.07125646148
1.04300831586,-3.07461667436
1.0425302182,-3.08988804517
1.04404976711,-3.06726904401
1.04460591003,-3.0518645088
1.04366237465,-3.09633031854
1.04157377116,-3.05273077739
1.04426054817,-3.07236631041
1.04639712138,-3.11396629982
1.04199738205,-3.10546443426
1.04264245892,-3.05495772155
1.0444563638,-3.09550937546
1.04370136325,-3.07728260899
1.04144543289,-3.03733432016
1.04194548911,-3.07239903829
1.039713745,-3.05796669182
1.04112688062,-3.07137906798
1.0420666371,-3.07505656765
1.04162939501,-3.10244900183
1.03978151957,-3.06695602645
1.04150726074,-3.0744674308
1.03949060101,-3.05323425576
1.04066933944,-3.09010148928
1.04108451566,-3.0946579361
1.04108027336,-3.03154700129
1.03884768953,-3.05072846976
1.04140473313,-3.08411477388
1.04063837877,-3.09386025586
1.03888503088,-3.05047467295
1.04051332373,-3.07603073207
1.04167591075,-3.06330764894
1.03871633729,-3.04419163011
1.0407997861,-3.07066543175
1.03850908382,-3.06157320171
1.0386346797,-3.09533908783
1.04058026396,-3.10561783729
1.04145749939,-3.08820102058
1.03773556676,-3.04768112578
1.03923317388,-3.07755718354
1.04115449728,-3.05957033356
1.05969636815,0.988315982784
1.03898763702,-3.16382282689
1.04112777875,-2.58003009911
1.03929635859,-2.60811047236
1.04057166208,-2.77954702364
1.04176360458,-2.98431540507
1.04042931942,-3.04235541598
1.0410547859,-3.13376760118
1.04301140164,-9.19797161036
1.03899284821,-3.88446988921
1.03994853788,-3.46483382273
1.04234228424,-3.32244416812
1.04160401849,-3.2153440671
1.04030102413,-3.12832645349
1.04288303281,-3.0751890851
1.04051344298,-3.05122072882
1.0391625781,-3.07008356712
1.040524211,-3.07113529036
1.04012686371,-3.01579228675
1.04012414102,-3.02370850383
1.04133537636,-3.03385513351
1.04111096274,-3.0771372763
1.03906692601,-3.01673867965
1.04056301658,-3.04155211724
1.0415740826,-3.03045812028
1.03907826273,-3.04444289937
1.04110215066,-3.03889656449
1.03989312084,-3.07338406545
1.03872130966,-3.08216730191
1.03961901551,-3.0825126636
1.03968318892,-3.03333002964
1.03911625753,-3.0488937957
1.03898974335,-3.05982384557
1.04114745023,-3.05913067691
1.03778593075,-3.08570821371
1.03865877808,-3.09081474905
1.04071721101,-3.07023733542
1.03923924393,-3.04890052109
1.04102204497,-3.07808948288
1.0398017502,-3.08653483415
1.03865025357,-3.05037126602
1.03876388514,-3.08463306116
1.04206118165,-3.07834421617
1.03957661267,-3.0570102901
1.03871759422,-3.04895935678
1.03912118138,-3.04382369472
1.03994746815,-3.06770561481
1.03899013236,-3.06399540967
1.04049202742,-3.03883955675
1.03858043805,-3.06202963053
1.03701004574,-3.03383482976
1.03998763325,-3.07303254107
1.04117628867,-3.0529673638
1.03687755105,-3.05368854039
1.03905785385,-3.09545142264
1.03968918066,-3.05273487154
1.03914031142,-3.05117307276
1.03853396652,-3.05119042072
1.03850391307,-3.04031811657
1.03691437462,-3.04970752526
1.04120524227,-3.0430390075
1.04019753649,-3.03675933771
1.03924549042,-3.04157487262
1.03926082733,-3.06136214096
1.04087237704,-3.05575421594
1.03934197787,-3.04238020312
1.04132577113,-3.05893738275
1.04070926542,-3.09206309267
1.03891878446,-3.04905109838
1.03963091644,-3.07112925764
1.04166335602,-3.0845324024
1.03915933323,-3.07380598478
1.03942269078,-3.05981856011
1.04062576184,-3.0974151817
1.03988171605,-3.06356909313
1.04127605922,-3.05763746807
1.04186263378,-3.09063768278
1.03869194961,-3.09107260392
1.03879320959,-3.06992598852
1.04185068942,-3.10444409968
1.04201806944,-3.1078249165
1.0382675171,-3.07081127334
1.04121178791,-3.06034901665
1.04103711813,-3.05169392285
1.04094278636,-3.06305050562
1.04096517153,-3.05760075409
1.040241013,-3.09184196702
1.03919166872,-3.05991054028
1.04189159257,-3.09290987905
1.04041071839,-3.07591562385
1.03862303296,-3.08427610803
1.03928136503,-3.0532719787
1.04058637431,-3.0739509154
1.03799452289,-3.08400740043
1.0391725578,-3.05394015705
1.03993301367,-3.06584351757
1.02413366252,-1.92429503963
1.04022769887,-2.73310056853
1.04140740296,-2.55860280606
1.03903797533,-2.59220517044
1.03964563967,-2.63376656913
1.04041153803,-2.63134369327
1.04013731495,-2.59613366267
1.04132783577,-2.6534720383
1.04126255806,-2.59981508338
1.03786799284,-2.78148921921
1.04024222762,-2.80230239841
1.04143646641,-2.7805506654
1.04021225358,-2.74137188797
1.03954092608,-2.77833980291
1.04065675858,-2.7982174892
1.03925134471,-2.7659862107
1.03855603293,-2.74646491613
1.03969434479,-2.72981662284
1.03897790142,-2.75529354105
1.03783417435,-2.73136211422
1.04086108063,-2.78304185891
1.04043134879,-2.79936785237
1.03792120446,-2.78700521983
1.03824967075,-2.76811368395
1.04054803884,-2.79459701485
1.03748998024,-2.74679082143
1.04026330145,-2.77654561885
1.03856469736,-2.75388206634
1.03920947234,-2.78608101826
1.03827593334,-2.80632272236
1.0395193459,-2.74550671885
1.03832759144,-2.79965368631
1.03782089242,-2.80194413835
1.03903632496,-2.77344548599
1.0384682271,-2.83161321369
1.03899783403,-2.77591057269
1.03943062182,-2.76953439291
1.03650418304,-2.7740880787
1.03906576163,-2.81461755356
1.04050708888,-2.79087056139
1.03934398867,-2.78659553598
1.03814963985,-2.78041551133
1.04048345183,-2.79582943381
1.03894483219,-2.77498830569
1.03920856647,-2.80708158242
1.04019140091,-2.80197870409
1.0377069156,-2.80467574342
1.03784152124,-2.80719601867
1.04217942609,-2.81971813566
1.0405899341,-2.80030841704
1.03788727279,-2.80991279679
1.03842404054,-2.78089242811
1.04036615864,-2.81744466523
1.0383563475,-2.79712909227
1.04020833903,-2.78014914441
1.03814637852,-2.7698670339
1.03788863644,-2.81823517404
1.03887217664,-2.81036477769
1.03979417675,-2.83653490302
1.03844092458,-2.82458229805
1.03817271579,-2.85949665674
1.03807763644,-2.80756587529
1.03849826991,-2.83088801427
1.03996953561,-2.82523634918
1.03983527913,-2.7919025741
1.0372615327,-2.8174576952
1.03851350531,-2.81645747966
1.04139899733,-2.80675367707
1.03887647578,-2.82523091476
1.03763112972,-2.83228264764
1.03988753191,-2.81761980876
1.03857813155,-2.84851077473
1.04025548855,-2.81151083054
1.03994829832,-2.82253054936
1.03746446417,-2.82628311989
1.03793888909,-2.82453217676
1.04165113366,-2.82089184432
1.04006054799,-2.8202182372
1.03784285602,-2.82101685168
1.03946868209,-2.80146134282
1.03987651281,-2.83149442769
1.03793989508,-2.81073545468
1.04008797196,-2.83473686132
1.03963358575,-2.84521940782
1.03857193847,-2.85953247818
1.0390925265,-2.83435031295
1.03996204457,-2.83664805712
1.03799259896,-2.83089799902
1.03872519831,-2.82281746903
1.03925944211,-2.79589406881
1.03851498439,-2.8291431888
1.03992206688,-2.80842711477
1.04035420315,-2.82847216028
1.03769684552,-2.80696112132
1.04043833753,-2.84087791095
1.04110951777,-2.79325321795
1.03918788635,-2.83502271195
1.03826566255,-2.81452843729
1.04217029124,-2.90724596287
1.03934062284,-2.83184869488
1.04077521635,-2.83565773871
1.04080802129,-2.83984925556
1.03831923546,-2.81899498061
1.03914396708,-2.78553292575
1.04198595566,-2.80657098042
1.03965647716,-2.84294838954
1.0404734547,-2.83471333793
1.04286408565,-2.82640747822
1.04069417624,-2.81696810094
1.0391278459,-2.80488388047
1.04142332878,-2.84697007614
1.04030775292,-2.80777447048
1.03979773045,-2.85394748689
1.04118069943,-2.79755945056
1.04158445265,-2.85912090998
1.03954673179,-2.84485509304
1.04060571995,-2.81065116996
1.04019214924,-2.83325593731
1.03939500455,-2.83182543679
1.04053500875,-2.81560508143
1.04147271148,-2.79105125364
1.03841330794,-2.82954274494
1.04150981867,-2.82532507756
1.04021383484,-2.84377175215
1.03955840006,-2.83678150561
1.04037323807,-2.79103558889
1.04117761693,-2.8790185213
1.04090315157,-2.85752962361
1.04097681897,-2.8220898886
1.0413678436,-2.7957620073
1.03942001275,-2.85014856044
1.04072919443,-2.8232754347
1.04234337182,-2.87293007504
1.03958534958,-2.84087729008
1.04074383723,-2.85455421761
1.04153196374,-2.8234724226
1.04237479442,-2.86926868037
1.04106156153,-2.84806196166
1.04301873137,-2.84200431257
1.03996290241,-2.83412524068
1.04053813256,-2.8538884945
1.04264901071,-2.82071954197
1.04083080076,-4.44592381892
1.04059961385,-2.1245132314
1.04094797202,-2.51995099412
1.04080527455,-2.6813679138
1.04073441278,-2.80022144345
1.04270509568,-2.88185891481
1.0425699699,-2.95364509213
1.03933298287,-2.94350211051
1.04267347143,-4.23204644761
1.04153777089,-3.2855574229
1.04128345554,-2.58214146533
1.04088906796,-2.58982428663
1.0414892616,-2.77314589729
1.04041478493,-2.8018640204
1.04276847442,-2.81181154921
1.0402531386,-2.81670996479
1.03957883976,-2.81685330341
1.04087939432,-2.79313938192
1.04315207078,-2.77594319501
1.0411278423,-2.82325223187
1.0417180131,-2.88070177324
1.04207896749,-2.79924003042
1.04242901641,-2.85530939258
1.04161546381,-2.78763476764
1.04294024283,-2.81571626374
1.04024690614,-2.79654603896
1.04201480781,-2.84850982114
1.04286429015,-2.78700096654
1.04217174811,-2.84415080263
1.04117594831,-2.82837046638
1.04317766827,-2.84749285677
1.04195447023,-2.83435377333
1.04188998163,-2.83975617716
1.04330953769,-2.81044965337
1.0411944126,-2.7883003585
1.0400442218,-2.84754786941
1.04338774982,-2.84297151783
1.04319437936,-2.82745982809
1.04117030823,-2.86889398192
1.0411969345,-2.8311209917
1.04179052369,-2.79823254068
1.04276590951,-2.83707778737
1.04326642424,-2.85861712655
1.04133486673,-2.84777734256
1.03988985687,-2.82243025522
1.04399395815,-2.82388038016
1.04342828172,-2.84751716086
1.04096800192,-2.86169585837
1.04190599748,-2.86212401719
1.04301239223,-2.82279757906
1.0418241746,-2.82961414004
1.04241266153,-2.83471512405
1.04425631649,-2.86760867503
1.0405604795,-2.84814383303
1.04222781229,-2.82776837978
1.04338441057,-2.81904604958
1.04177429379,-2.8833223085
1.04172289257,-2.86165932805
1.0436041059,-2.83828606665
1.04265182055,-2.81824595516
1.04341722892,-2.8427376206
1.04657283603,-2.866065262
1.04259216151,-2.84088710338
1.04169121753,-2.87480738259
1.04378205628,-2.82227537682
1.04410451859,-2.84802395191
1.04262090809,-2.84225517806
1.04383015834,-2.81675037642
1.04215167066,-2.84491192223
1.04187309951,-2.85182030214
1.04321264801,-2.83138226239
1.04265756065,-2.82225655128
1.04111372097,-2.82578660991
1.04429162353,-2.83701239216
1.04285170542,-2.80912608311
1.04047200803,-2.85909480029
1.04288311267,-2.85201352508
1.04154749752,-2.84549309013
1.04113638171,-2.82587804532
1.04296336675,-2.82050314561
1.04238956124,-2.86221417245
1.04230848354,-2.86169195461
1.04313028627,-2.83627273879
1.04550304021,-2.8532182055
1.04215921687,-2.84365603541
1.04236657639,-2.84907907233
1.04449764123,-2.83099924991
1.04224041042,-2.81307523061
1.04484787021,-2.89259958091
1.04543163178,-2.87306544816
1.04334384713,-2.85787374252
1.04161679572,-2.85185625352
1.04452749257,-2.84857449315
1.04272869312,-2.82734456638
1.04361349106,-2.85439577124
1.04384091262,-2.83628068522
1.04286304652,-2.84492269559
1.04284738134,-2.83312146325
1.045519792,-2.87302978703
1.04261915816,-2.86512913772
1.04132294207,-2.89324979333
1.04517366089,-2.86005505894
1.04649532971,-2.83093608175
1.04262150735,-2.88137158389
1.04320485079,-2.89679688241
1.04309635882,-2.84572322089
1.04394893407,-2.86336769418
1.04458983937,-2.83204790809
1.04326411568,-2.83887590056
1.04113104512,-2.84319160731
1.044251354,-2.84633713497
1.04413238609,-2.82110862865
1.04314614436,-2.86046606853
1.04319637447,-2.86521375745
1.04402180995,-2.84219066172
1.04175314165,-2.86442244032
1.04353979054,-2.86295249009
1.04575745548,-2.83871216884
1.04259573137,-2.8462010639
1.04273099168,-2.85042059811
1.04465261472,-2.88923353298
1.04409679567,-2.8288744579
1.04298841784,-2.85495407529
1.04427430617,-2.87397979693
1.04418767851,-2.83744219753
1.04485228669,-2.83686187587
1.04580793549,-2.86623085139
1.04270957458,-2.84631837887
1.042714766,-2.88438498807
1.04506691557,-2.87603135167
1.04565894058,-2.84367007334
1.04392890908,-2.85329230252
1.04307999222,-2.86455230929
1.04265294552,-2.83218056762
1.04337602664,-2.85835587615
1.04341881699,-2.84916084748
1.04287412645,-2.84941278146
1.04206716241,-2.85835275153
1.04360144353,-2.84048665605
1.04338497854,-2.8542577392
1.04042484992,-2.84078866475
1.04202544061,-2.8476458064
1.04327203702,-2.80403444741
1.04286100921,-2.86995459567
1.04350053633,-2.86174121256
1.04449461318,-2.83178001064
1.04392102408,-2.84847413938
1.04576189817,-2.85193513597
1.04964506652,-2.88040751496
1.04762061387,-2.86782700714
1.04964443276,-2.89308219919
1.05015610971,-2.87760396044
1.0520006191,-2.89598067353
1.05263131788,-2.87317359871
1.05454063096,-2.87973411319
1.05365804548,-2.88361127794
1.05425590665,-2.84234924925
1.05621953778,-2.89336265767
1.05760541243,-2.87023588616
1.05804020896,-2.90262066365
1.06129760387,-2.9138932791
1.06305732852,-2.89065690353
1.08737690117,1.29696335169
1.0678612313,-3.08302773524
1.07044520649,-2.33450222785
1.07345804716,-2.33144911971
1.0813565845,-2.56460506174
1.08454682452,-2.74118721563
1.08808335788,-2.91063340029
1.09302232364,-2.98808770067
1.09958130095,-9.59833508458
1.10320468284,-4.012584595
1.11008518524,-3.51450898783
1.11735928964,-3.30818567633
1.1197973761,-3.17392316535
1.12531022307,-3.05502232257
1.13049975696,-2.97938013617
1.13297544277,-3.01570934949
1.13573245211,-3.00136004213
1.13842031062,-3.03550089414
1.13709472118,-2.80800693948
1.14203961317,-3.00194779557
1.14597806033,-3.00506340981
1.14417613299,-2.96547580958
1.14698008359,-2.97908054266
1.14852494126,-3.00448299061
1.14845047602,-2.98323357273
1.14590805727,-2.96682457382
1.1489224724,-2.976722901
1.14784482515,-3.00021189955
1.14795977187,-2.98858653207
1.1485828511,-3.0310703127
1.14327348192,-2.99569099869
1.14156764851,-2.96567618681
1.14374846478,-3.00425694759
1.14090018823,-2.98909086247
1.13523743846,-3.02033530657
1.13444391186,-2.99363212414
1.12904013247,-2.99489139549
1.1233002651,-2.97136081841
1.12250296866,-2.97535499899
1.11724337151,-2.99318798915
1.1112067711,-2.9590564735
1.10786451387,-2.96900012218
1.10284052844,-2.98029306031
1.09731133684,-2.94683951233
1.09325245519,-2.9699081275
1.08786618664,-2.91152003644
1.08247848595,-2.94035324693
1.0800928773,-2.90300535943
1.07704566715,-2.92045879728
1.06896987074,-2.8974455813
1.06586711772,-2.88691098421
1.06497633904,-2.89058493302
1.06181385666,-2.87785661264
1.05879015176,-2.8912983127
1.05684737738,-2.87547862334
1.05401155471,-2.84342585467
1.05443800084,-2.88867155754
1.05240719996,-2.84165853245
1.04800933734,-2.87897693873
1.04710860304,-2.83309810413
1.048185154,-2.82970277838
1.0453651985,-2.83253441662
1.04384150321,-2.87136456972
1.04422611419,-2.85327727113
1.04441209413,-2.82050768141
1.04191785362,-2.82860890987
1.04402979595,-2.83864456086
1.04277546453,-2.84366498811
1.04152291699,-2.83670455214
1.04371262904,-2.82960450079
1.04612199071,-2.86871909734
1.04306155882,-2.85813842352
1.04442561014,-2.86714266932
1.04384591227,-2.86934376984
1.0429863823,-2.85190673216
1.04646867051,-2.82804811651
1.04667712384,-2.84255241479
1.04353400314,-2.84583183414
1.04537559244,-2.8622621225
1.0481686954,-2.87115031166
1.04592754409,-2.83776174999
1.04450241555,-2.85451438712
1.04635568929,-2.85949057775
1.04549319259,-2.84870360904
1.04515580869,-2.83641780225
1.04515931988,-2.85296406202
1.04312888303,-2.83292628741
1.04301953859,-2.86646068589
1.04648527125,-2.89362791246
1.04390611701,-2.80630497472
1.04372613957,-2.87409798099
1.04675987237,-2.84828825588
1.04457145269,-2.83773108223
1.04593320904,-2.84965325164
1.04632633138,-2.88026301183
1.04408575125,-2.82336598194
1.00983346548,-1.8689472215
1.02911557731,-3.02233674848
1.02784671955,-2.70935835069
1.02652429361,-2.54689943627
1.02874715949,-2.62012855528
1.02746146681,-2.65271953823
1.02581750375,-2.63040613691
1.02895581524,-2.74204211804
1.02945083428,-2.64729208547
1.02828833176,-3.19832711134
1.03049670027,-3.14497918616
1.02989490658,-3.14810218566
1.028342094,-3.10125453497
1.02939289189,-3.11565817968
1.02972687271,-3.14090382136
1.03008722804,-3.06134373818
1.02961152877,-3.13534799505
1.03090810305,-3.13637229706
1.02900891451,-3.13052762031
1.02852933335,-3.09995264875
1.03146682325,-3.1427101609
1.03023479654,-3.10748235758
1.03031523549,-3.11066169278
1.03005228705,-3.11092623649
1.03056483224,-3.11236308443
1.03064802483,-3.13753811268
1.03229792993,-3.16279479758
1.03024306791,-3.1327105454
1.0295648067,-3.13152715902
1.03114711047,-3.09673515142
1.03142003277,-3.13925227973
1.03048355758,-3.12246944578
1.03189875647,-3.15617108065
1.03018180161,-3.12636355136
1.03046367872,-3.16430568205
1.03307165047,-3.14348095982
1.03202065703,-3.14574456349
1.0289073722,-3.13236466064
1.03295714417,-3.20724394095
1.03267832154,-3.11498672636
1.03045216456,-3.1472140921
1.03017010687,-3.14145027654
1.03012386145,-3.14637676101
1.03031647838,-3.14830740522
1.03305047621,-3.1713174723
1.03310288655,-3.1707419651
1.02991964112,-3.14882700159
1.03072972499,-3.14458503499
1.03386187555,-3.18256771855
1.03111324157,-3.15037120855
1.03187264981,-3.15711055214
1.03227707202,-3.1182736705
1.03242672827,-3.16092629933
1.03296757635,-3.16005849017
1.03322706923,-3.14465807213
1.03026363898,-3.11186885676
1.03180113084,-3.1979933448
1.033772027,-3.160563747
1.03288569916,-3.2077704905
1.03347906509,-3.16327258456
1.03315751916,-3.1678761549
1.03165422314,-3.15188792876
1.03237823778,-3.16464097776
1.03390254014,-3.14022626027
1.03260927929,-3.14090482013
1.02931145821,-3.16233405047
1.03351486612,-3.19981482316
1.03426178199,-3.15118399033
1.03256390797,-3.17167055286
1.03219002562,-3.16245285521
1.03177585111,-3.14604702647
1.03170281527,-3.19806527943
1.03303440158,-3.1660342229
1.03267930128,-3.18222473713
1.03043204957,-3.14920372124
1.03364542165,-3.18642013966
1.03300357375,-3.13139550952
1.03113016685,-3.19083949103
1.03131502772,-3.13761467762
1.03363782139,-3.19233156326
1.03356338497,-3.18390535109
1.03341660318,-3.18630207108
1.03331798946,-3.15134620501
1.03200902721,-3.16785204103
1.0327211567,-3.12385749115
1.03374119608,-3.1491235698
1.03329988864,-3.1696367131
1.03309066953,-3.17047398438
1.03367137498,-3.17824408864
1.03236966815,-3.13486781724
1.03276027915,-3.16324546355
1.03480660967,-3.15615430114
1.03301032805,-3.13714524818
1.03171011102,-3.16910691712
1.03377351006,-3.18393808278
1.03279174105,-3.14319317151
1.03190823282,-3.13081776307
1.03460310839,-3.18378083513
1.03353960634,-3.18069986781
1.03195335399,-3.17750363746
1.03346703283,-3.17974942834
1.03324099155,-3.17962665516
1.03093365013,-3.14990596136
1.03307057998,-3.19453260831
1.03484095767,-3.16110932002
1.03151725161,-3.15971598963
1.03265845303,-3.18126918072
1.03120353444,-3.17766375679
1.03077122004,-3.11700683355
1.03264841173,-3.16991855268
1.03331206821,-3.15461970624
1.03207483799,-3.16919407468
1.03231684319,-3.18925576317
1.03374238238,-3.18047016718
1.03361571673,-3.18749850856
1.03310016369,-3.17542985823
1.03705616081,-3.2158616401
1.03407683299,-3.16902665346
1.03630565328,-3.18503548239
1.03742636498,-3.1926951379
1.03735301161,-3.16429158724
1.03706636896,-3.20035914666
1.03917910942,-3.20423407482
1.03687407061,-3.1512568567
1.03680242384,-3.18719000593
1.03934550482,-3.20441908653
1.03734016501,-3.2162832023
1.03676529327,-3.18303329182
1.03876070194,-3.18110665539
1.03664493425,-3.18430822233
1.034224578,-3.15884343876
1.03824652939,-3.17690210698
1.03974072773,-3.16077999411
1.03749134234,-3.16262339085
1.03766862913,-3.21089446116
1.03837958062,-3.21254180558
1.03745057428,-3.21084665204
1.03883690706,-3.18823167757
1.03830992292,-3.18776829186
1.03821521171,-3.1563364033
1.03886347207,-3.22273304405
1.03981225001,-3.19707432754
1.03828682951,-3.89339457374
1.03835338156,-2.53056991715
1.03911769443,-2.85232390156
1.03766945331,-3.03994122254
1.03914308069,-3.16895840994
1.03970511729,-3.22510992985
1.03698154599,-3.26639095309
1.03701226489,-3.28861681046
1.03805167457,-5.87044332378
1.0351801214,-3.57327837975
1.03660675987,-2.81734552763
1.03736689299,-2.96370462431
1.03616354802,-3.10134724662
1.03758706241,-3.11519002833
1.03998518568,-3.1691167697
1.03634494908,-3.16541950358
1.03421815911,-3.18919402385
1.03730854904,-3.16045983204
1.03779273369,-3.11385159045
1.0349628503,-3.10329376099
1.03756660413,-3.192240393
1.03693407703,-3.18224170525
1.0348025244,-3.15746045394
1.03524335884,-3.14171153028
1.03597940258,-3.17770357399
1.03303686676,-3.18999927512
1.03510017073,-3.18129408555
1.03588917334,-3.12024709512
1.03427969796,-3.17296633367
1.03415241237,-3.17937102873
1.03460743389,-3.16496332362
1.03342165797,-3.15929359039
1.03642616167,-3.2200049623
1.03726308166,-3.19371316846
1.03438240021,-3.1266875925
1.03440509002,-3.1839648093
1.03665584848,-3.20055823798
1.03470320157,-3.1671625592
1.03521844232,-3.17391908983
1.03653748828,-3.17369371821
1.03615718334,-3.1644323436
1.03639368359,-3.15321877232
1.03949090345,-3.16768509706
1.03555205364,-3.14775094902
1.03567981987,-3.17616903326
1.03952051687,-3.18417559485
1.03818016543,-3.20338431379
1.03632553705,-3.17669812862
1.03763779677,-3.20138783133
1.03670065635,-3.19640426765
1.03492870141,-3.17300697984
1.03696196591,-3.18644801943
1.03589948254,-3.19054493682
1.03368624144,-3.17619189814
1.03713097857,-3.17735415661
1.03786303177,-3.19848044818
1.03573166195,-3.1760834246
1.03643335019,-3.20087291106
1.03641008281,-3.20553304341
1.03473677083,-3.15074444487
1.03733908263,-3.19576532711
1.03724940744,-3.20842408292
1.03696721943,-3.20341464986
1.03715841712,-3.13745426967
1.03741875491,-3.14551724668
1.03700901943,-3.17066018986
1.03589514589,-3.16407983251
1.0379565196,-3.17338366961
1.03624352922,-3.17820044774
1.03920297887,-3.17438496465
1.04002911883,-3.16584293376
1.03621303774,-3.14105111086
1.03709044671,-3.16778103849
1.0388897191,-3.19698286142
1.03871162108,-3.16252776018
1.03781168383,-3.16121199727
1.0399919121,-3.24838020229
1.03790897348,-3.19812086327
1.0374881706,-3.20325435657
1.03908808266,-3.19042419247
1.03620399124,-3.15037243584
1.03573728122,-3.20520690615
1.03946070206,-3.18615515636
1.03929882288,-3.17752915197
1.03758792543,-3.19807848751
1.03858854908,-3.18697238045
1.03820319227,-3.20925611716
1.03633431049,-3.19720254934
1.03878344168,-3.22716386213
1.03855545122,-3.21866634153
1.03707919235,-3.17529026212
1.03728724742,-3.19839982587
1.03860022383,-3.21404995228
1.03706274175,-3.1957132647
1.03807693138,-3.21190546566
1.03682291677,-3.18281550997
1.03654245802,-3.21802723096
1.0397665786,-3.21481448089
1.0419428417,-3.20004208931
1.03527255717,-3.13811226387
1.03647139715,-3.20180112188
1.03786750485,-3.1856972718
1.03820062126,-3.20333986665
1.03783074022,-3.16942039431
1.03884531187,-3.19990249022
1.03669723503,-3.15034517296
1.03632461008,-3.18101106389
1.03779771058,-3.1840817556
1.03504134302,-3.12678380424
1.03620111,-3.18628450775
1.03895111865,-3.21227984651
1.03804413705,-3.13702616553
1.03692892467,-3.16955348101
1.03770720833,-3.17871788296
1.0373901626,-3.18798569624
1.03617859172,-3.2017902466
1.03808090869,-3.15562158446
1.03800505,-3.14729786716
1.03777128539,-3.21882958727
1.03692627293,-3.1977755238
1.03787042835,-3.17731395354
1.03754314962,-3.17344272631
1.03759016516,-3.19512714911
1.03627780873,-3.20114502657
1.03512276304,-3.14928176675
1.03998545246,-3.20106360749
1.03904830985,-3.19498778827
1.03640156031,-3.19756004211
1.03697143222,-3.16710812353
1.03827129833,-3.20699925605
1.03685938352,-3.16375876153
1.03619176788,-3.1613865237
1.03838925391,-3.20232100929
1.03780760206,-3.20530824764
1.03888426103,-3.2021403203
1.03811502448,-3.17749027004
1.03538867281,-3.17549723293
1.03562567384,-3.17413568978
1.03797536124,-3.15847369441
1.03791565395,-3.16319559025
1.03824450695,-3.24476841571
1.03916827953,-3.20412324351
1.03866855721,-3.22847465781
1.03762225147,-3.1860902301
1.03746051256,-3.18850659685
1.03678979575,-3.18211404548
1.03644194907,-3.17371800661
1.03928199734,-3.21949521732
1.03876606483,-3.18622901374
1.03788854639,-3.18216742904
1.03846122935,-3.2276270859
1.03860575741,-3.19796264776
1.03861691929,-3.15703094841
1.03954073891,-3.1614045202
1.04111633287,-3.19512431919
1.03986865111,-3.22527367468
1.04096803699,-3.21488496337
1.0400059882,-3.1789662566
1.03831490669,-3.17706049978
1.03932994583,-3.22962640644
1.03999026499,-3.20903542696
1.03923569136,-3.17916132129
1.06570864859,1.12535898266
1.0431205559,-3.59068711915
1.04102428011,-2.61858876406
1.04140011515,-2.62853244783
1.0460215977,-2.84153103336
1.04473162877,-3.015217389
1.04739383042,-3.16496138028
1.04899178737,-3.28614922122
1.05043738121,-10.4521411452
1.04448902914,-3.81208867799
1.04968903577,-3.75778012047
1.05083872797,-3.54617322218
1.04864295341,-3.37514031094
1.05192242706,-3.31260409192
1.05049011289,-3.25522574361
1.04851558196,-3.19290383272
1.0499882049,-3.20542704371
1.04486255662,-3.29264221946
1.04321415621,-2.93494254848
1.04837491025,-3.16927329164
1.04839159858,-3.17026077303
1.04457759485,-3.20457832202
1.04578533488,-3.20296714752
1.04766858643,-3.19379617684
1.04703272487,-3.18192897329
1.04604473266,-3.1717495976
1.0447531131,-3.16274984474
1.04487724509,-3.13935427997
1.04851574619,-3.1883130096
1.04823567247,-3.18096325506
1.04565671547,-3.15846543608
1.04636879123,-3.17191742282
1.04793473464,-3.17240263975
1.04460978278,-3.17999868151
1.04504387252,-3.16896070541
1.04468285173,-3.18084801191
1.04134909865,-3.15898012646
1.04260176144,-3.16150952193
1.04262320125,-3.17114793821
1.039536171,-3.19051510862
1.03839730628,-3.22401915435
1.03928076087,-3.17934973822
1.03905419494,-3.14950307585
1.03904923592,-3.15159705563
1.03932157421,-3.20091724695
1.03720548643,-3.20652733567
1.03754629612,-3.24701220262
1.03916870039,-3.19691838646
1.03893952262,-3.18911562013
1.03576809344,-3.1885516223
1.0383085439,-3.24143784776
1.03804573575,-3.21032470219
1.03716744528,-3.17485682547
1.03743533223,-3.17437943064
1.0373290105,-3.23169178225
1.03813857186,-3.21361248716
1.03904114475,-3.15017676684
1.03987268218,-3.21147522911
1.03694235457,-3.19945058254
1.03967184219,-3.20910608847
1.04013201439,-3.20453090412
1.03748939911,-3.18796754591
1.03801017389,-3.18526464966
1.0383116727,-3.17303029237
1.0362887105,-3.1422840253
1.0372712324,-3.15028092129
1.03932534989,-3.15302621867
1.03546199502,-3.16826496354
1.03744191989,-3.23317516564
1.0394250312,-3.19847267824
1.03839279563,-3.17567219494
1.0380225811,-3.18387627557
1.04047326845,-3.22719394912
1.0381714219,-3.20044701123
1.03900255876,-3.17943367122
1.04119570964,-3.22173335182
1.03895709355,-3.17992641237
1.03821965565,-3.23276759036
1.03955016225,-3.16898192625
1.03995842162,-3.17322944946
1.03944528212,-3.14808263382
1.03928456763,-3.18982216974
1.03868713377,-3.21801725092
1.0372093468,-3.17046506772
1.03990284625,-3.18878513889
1.03815602645,-3.20492833403
1.03581324511,-3.21269530223
1.03777548978,-3.20775723726
1.03813941471,-3.20044819704
1.03618611642,-3.17359106692
1.03773224925,-3.20796195387
1.03645875965,-3.23822366752
1.03490003558,-3.2122466128
1.03801095982,-3.19693133621
1.03879147966,-3.18503074765
1.03754183649,-3.15789045645
1.02742871248,-2.30808150534
1.04326350677,-2.9034348425
1.03992969275,-3.20774969885
1.04038831305,-2.94666442513
1.04272905446,-2.91051796299
1.04141978769,-2.85721028679
1.04241732231,-2.85599238899
1.04279173339,-2.88920625038
1.04127458424,-2.87285020097
1.036952793,-2.55019996293
1.03741570093,-2.57135003966
1.03899326193,-2.63817052525
1.03805783237,-2.60551875175
1.03963797466,-2.62992861387
1.03700568871,-2.65897182511
1.03683245395,-2.58439013657
1.03898457187,-2.59088864297
1.03838566484,-2.61792824309
1.03668091942,-2.57108130641
1.04003279721,-2.59709411648
1.0408453018,-2.65428208186
1.03882247278,-2.60688612864
1.03909456093,-2.60204045949
1.03950303844,-2.56015180647
1.03792409059,-2.63113797615
1.04068476109,-2.5977815803
1.04100482011,-2.62202656297
1.03838738251,-2.5613191091
1.03887468561,-2.57308068609
1.04034688888,-2.61211344668
1.03921752156,-2.58705920326
1.03889213695,-2.57133345022
1.04030976018,-2.6108922384
1.03776673373,-2.58857271984
1.0402761511,-2.57099473223
1.04368397466,-2.5704605421
1.04080496877,-2.56815168288
1.03700840782,-2.58923226111
1.04022620068,-2.65900655401
1.04011862664,-2.6042888772
1.04036669398,-2.56872925252
1.04144919482,-2.59196962955
1.04016113363,-2.58161507045
1.040138851,-2.57837142936
1.04213496641,-2.60307971685
1.03957737741,-2.57138310687
1.03836176498,-2.56011904849
1.03967364142,-2.5863301474
1.04086940142,-2.58075254386
1.0385650748,-2.55976982694
1.04035423675,-2.62361217799
1.03714062399,-2.55749205599
1.03666320079,-2.60699273449
1.03861771988,-2.58028141161
1.04012406039,-2.59665152279
1.03810904281,-2.58286641416
1.04024161367,-2.61198264031
1.04006469224,-2.60503103052
1.03938122057,-2.58795299359
1.04132879605,-2.55238741796
1.03971953303,-2.56227801247
1.03656471357,-2.52354311817
1.03996763114,-2.58405328579
1.04262037022,-2.58947175334
1.04054021249,-2.5933879859
1.03872165541,-2.52936802578
1.04110028429,-2.58816011766
1.03961868185,-2.5663670995
1.03923546944,-2.58057741314
1.04115874711,-2.58830808259
1.04123747589,-2.60194890274
1.04153405161,-2.53722267547
1.0427965866,-2.58078197704
1.04039822046,-2.61588947676
1.04056137177,-2.60892733981
1.04280877166,-2.58400076275
1.04291436455,-2.58403536388
1.04443342321,-2.60370687389
1.0450949394,-2.62712208451
1.04220162615,-2.57796303694
1.0414764667,-2.60676873159
1.04306856152,-2.58237827824
1.04235766931,-2.57986242277
1.04233638188,-2.57432480574
1.04437437434,-2.57177292274
1.04338306684,-2.61424833459
1.04180834101,-2.61621585574
1.04158738909,-2.58362479634
1.04061428565,-2.56183624174
1.03991849881,-2.58115601287
1.04308340294,-2.66663406907
1.04328378222,-2.58983595805
1.04115713942,-2.58204180435
1.04089624571,-2.59949543734
1.04176092354,-2.60224316073
1.04093124799,-2.61791963146
1.04131116555,-2.59393353273
1.0433286823,-2.59605878002
1.04232803178,-2.60923645003
1.04318966095,-2.61311054223
1.04492760878,-2.5925737139
1.04206371521,-2.59929789682
1.04081811537,-2.59310352639
1.04111118903,-2.58819570413
1.04218026813,-2.59517231982
1.04305292696,-2.60274133133
1.04381893675,-2.56308482539
1.04171498287,-2.59954110631
1.04094950691,-2.58175578049
1.04121576374,-2.58358541888
1.04006298528,-2.57627047404
1.0396080677,-2.58216741609
1.04456185103,-2.5887165432
1.04213123468,-2.56424053169
1.04184160573,-2.59951527709
1.04215107035,-2.6202234591
1.04111313697,-2.6342938221
1.03843071151,-2.57326007196
1.04259702184,-2.58881206292
1.04304913733,-2.59398402037
1.04128235455,-2.58573214099
1.04185848638,-2.61157529657
1.04165772462,-2.60497261073
1.04098816659,-2.57456159498
1.04183947216,-2.5857054298
1.04146638357,-2.57899481248
1.04049592079,-2.58090530913
1.0417736901,-2.5670798254
1.04535068512,-2.59281739782
1.04132088717,-2.53864261982
1.04042666451,-2.56330703656
1.04207790978,-2.57168504749
1.04259090445,-2.5944364535
1.04221912559,-2.5778030442
1.04401044607,-2.59581919394
1.04281053244,-2.55370372177
1.0439678301,-2.59150805865
1.04421555153,-2.57816895088
1.0426111087,-2.60255406651
1.04215761062,-2.53824326732
1.04517928911,-2.62201378886
1.04487242297,-2.58522528369
1.04385311516,-3.73598388248
1.04548214246,-2.02735527593
1.04383443805,-2.3353211976
1.04093861576,-2.44659411556
1.04507736966,-2.54622079657
1.04498391803,-2.5994545371
1.04253334305,-2.66980937118
1.04317785083,-2.64878687939
1.04547560995,-4.69405071985
1.04004512582,-2.40575291357
1.04448044477,-2.30939109016
1.04353744808,-2.39073144098
1.04192433482,-2.47307919779
1.04517007697,-2.46935121259
1.04626836262,-2.52442186066
1.0437913118,-2.498938027
1.04279815011,-2.51736834358
1.04482755795,-2.5629768305
1.04641013809,-2.56268825179
1.04562924054,-2.65863384738
1.04763374988,-2.5755532833
1.04615173005,-2.52406026655
1.04721975006,-2.51156968897
1.04750656456,-2.4396161228
1.04515856332,-2.42967584818
1.04422587603,-2.43180383523
1.0463419577,-2.54094897108
1.04539305538,-2.45971474118
1.04593136589,-2.46176268798
1.0474492376,-2.51455596764
1.04374998778,-2.48129340836
1.04304538859,-2.49035577028
1.04480946123,-2.51046542784
1.04442042293,-2.48099700047
1.0434037893,-2.54309008028
1.04469259127,-2.55398995371
1.04710975982,-2.56062957469
1.04349520368,-2.46725997345
1.04566195862,-2.5466059266
1.04431262646,-2.50408828324
1.04298367483,-2.51805568313
1.04564342114,-2.49153084967
1.04709513284,-2.48755093891
1.04396381866,-2.46343993846
1.04428529033,-2.44438844527
1.04558138412,-2.47677756285
1.04366976832,-2.47952702795
1.04349744118,-2.43422561868
1.0442173178,-2.495095884
1.04333151241,-2.480561995
1.04418743166,-2.49355445278
1.04579918305,-2.49781187329
1.04305131373,-2.51977729227
1.04328691587,-2.50166534226
1.04533013843,-2.51443568349
1.04380671138,-2.54995915828
1.04481763344,-2.57893818043
1.04563975649,-2.56511379163
1.04506276174,-2.590500025
1.04630961693,-2.55675310918
1.04707321704,-2.56688877171
1.04602800009,-2.57484584044
1.04405442297,-2.55329688517
1.04664622561,-2.5270452287
1.04561897476,-2.60032357418
1.04610276078,-2.55603211139
1.04843337393,-2.56777961275
1.04497144811,-2.54824232525
1.04320729147,-2.5558380528
1.04728979786,-2.57514485191
1.04708311263,-2.57944372664
1.0439981931,-2.56834234925
1.04572722433,-2.57081297792
1.04755793138,-2.57815817905
1.04537590427,-2.5512919325
1.04596964113,-2.5578377562
1.04511181193,-2.59145837813
1.04338443106,-2.55339855117
1.04600860122,-2.58343422993
1.04708624017,-2.58677625302
1.04611203711,-2.5742783194
1.04476694323,-2.54610799514
1.04683206499,-2.60598031544
1.04447390086,-2.55665137266
1.04622768041,-2.57782919325
1.04614393693,-2.56025789234
1.04444351793,-2.58631287972
1.04589546454,-2.56466927718
1.04664583732,-2.56066241473
1.04617544093,-2.57998376616
1.04394044849,-2.57427276427
1.0448464932,-2.60821511848
1.04422633774,-2.57352394455
1.04718910426,-2.58812240904
1.04857419935,-2.58798019769
1.04394161543,-2.55669771843
1.04381165826,-2.59510083751
1.04518588689,-2.56582503541
1.04580044581,-2.55878110757
1.04245490308,-2.57650003252
1.04615253172,-2.56799960679
1.04654644187,-2.56083240681
1.04727310894,-2.5887748389
1.0464440366,-2.56616622645
1.04619452476,-2.54837334379
1.04530933227,-2.54839275703
1.04870942372,-2.54411263737
1.05023553266,-2.55791569315
1.04874290302,-2.53261616456
1.04906816972,-2.54088020546
1.04896809235,-2.52142045007
1.04747377402,-2.5391358009
1.04853884598,-2.54881307396
1.0483418473,-2.52410973803
1.04675256324,-2.54926754641
1.04718104829,-2.57896897763
1.04985481411,-2.58505098137
1.04717814571,-2.53382156441
1.04684066949,-2.58539491996
1.04792744892,-2.5555851933
1.04645427528,-2.53933282191
1.04818609834,-2.55283782007
1.04971253953,-2.58689926868
1.04784567143,-2.53434287313
1.04924122893,-2.58610777336
1.0515547168,-2.57504540426
1.04723453069,-2.55180045869
1.04758568523,-2.61783239529
1.04848308814,-2.53388923175
1.04938899378,-2.53037473612
1.0498742294,-2.53701854488
1.04982098844,-2.53003712717
1.048341878,-2.56762295724
1.04635642673,-2.57031473584
1.04779346763,-2.61333895662
1.04735478721,-2.61621859771
1.04507027723,-2.561311215
1.04629177832,-2.53565498069
1.04709728246,-2.55452954369
1.0451874025,-2.57174047879
1.04540274929,-2.58299868488
1.04589702342,-2.57504308335
1.0455450343,-2.55429353844
1.0481795192,-2.53088754902
1.04853838629,-2.53750249596
1.04861379734,-2.55326871798
1.04770127033,-2.52203541487
1.04830985293,-2.56419689348
1.04704277399,-2.53908083296
1.04889864328,-2.56238428431
1.04990067694,-2.59318432428
1.04817561718,-2.57464925416
1.04847979674,-2.59089110409
1.05056479566,-2.56233613919
1.04786411076,-2.57752934966
1.04743815325,-2.56281124183
1.04830175068,-2.58713222369
1.04744481451,-2.55048876643
1.04939395658,-2.56272423135
1.05093236002,-2.57864206231
1.04960000099,-2.56491626828
1.04682966059,-2.56688639959
1.07796358752,2.00948043671
1.0491586459,-3.11526147198
1.04790238252,-2.06473665638
1.05043303907,-2.05113135292
1.05223052066,-2.24293684003
1.04866201242,-2.39376633296
1.04979447169,-2.5000854538
1.04940014938,-2.57485024396
1.0467414887,-9.92431523615
1.05516078103,-3.53791396491
1.0515311833,-3.16178123197
1.04781622088,-2.93997128072
1.0477383164,-2.79997007614
1.04582229062,-2.65600573987
1.04472316404,-2.54605480626
1.0448395375,-2.48163242354
1.04624026895,-2.50037581005
1.04671707995,-2.74510058004
1.04762650094,-2.63188302743
1.04704398997,-2.51021037281
1.04536767535,-2.47862165714
1.04504042457,-2.533751118
1.04466359113,-2.5147204613
1.04469951669,-2.50697019519
1.04595662517,-2.48470891335
1.04926466505,-2.55264305331
1.04638779256,-2.55411817834
1.0453618752,-2.4770783756
1.04833038431,-2.45617242825
1.04530494936,-2.49981880576
1.04414654148,-2.51775779786
1.04670407645,-2.48771038607
1.04766262293,-2.54314242602
1.04508492359,-2.50843314775
1.04707682352,-2.50203547607
1.04570259581,-2.53174009267
1.04176525411,-2.4735589305
1.04497456605,-2.49834022394
1.04668563504,-2.52517282643
1.04594734342,-2.52687615627
1.04664388259,-2.5097942073
1.04697393948,-2.52092315282
1.0455784075,-2.47778504997
1.04852498484,-2.49429485703
1.04753684442,-2.50687200059
1.0458161262,-2.4616889457
1.0487439764,-2.52877565213
1.05058693317,-2.40931175908
1.04839103424,-2.47649192476
1.04634211328,-2.51731728368
1.04657548535,-2.42649293585
1.04632287127,-2.47483644388
1.0482331104,-2.47890372736
1.04869854504,-2.47174961962
1.04610985041,-2.44774127746
1.04855736293,-2.47807951205
1.0499077617,-2.49233114646
1.04820333511,-2.50371382274
1.04546399877,-2.48617358171
1.04856189915,-2.49624393685
1.04855354745,-2.4921709892
1.04865138996,-2.53795261996
1.04975720759,-2.46068886415
1.04829213038,-2.52611253321
1.0457187766,-2.51232015654
1.04807218488,-2.53422508497
1.04817237466,-2.48818788321
1.0468514161,-2.48390058801
1.04866545537,-2.51430224516
1.04879355292,-2.49588051344
1.04769651949,-2.525202821
1.04734645717,-2.51147725556
1.04542320356,-2.49569631785
1.04388107416,-2.47139404304
1.04741152733,-2.4952762652
1.04654684918,-2.47517066241
1.04488979988,-2.46543789872
1.04430328083,-2.44944120282
1.04425679033,-2.4576323483
1.04391903235,-2.42009890777
1.04568094528,-2.44140499291
1.04571754762,-2.44100137583
1.04491451492,-2.45113812727
1.04627309488,-2.45447954124
1.04913016639,-2.48209267627
1.04494840489,-2.43100051336
1.04594538222,-2.42978476563
1.04724632295,-2.44124273294
1.04668887971,-2.42058845887
1.04686509364,-2.47456791852
1.04808321622,-2.41472601093
1.04709894526,-2.42607690037
1.045976123,-2.44220259101
1.04787125382,-2.42176786856
1.04670464966,-2.44220931045
1.04703277436,-2.4120699152
1.05709653624,-1.98162313859
1.07441379164,-2.71710029928
1.0708915305,-3.03817303204
1.07325960693,-2.91265716629
1.07390316975,-2.82345930095
1.07380369539,-2.82270279747
1.07105582672,-2.86084368836
1.07308194129,-2.89684669955
1.0719295062,-2.86185873965
1.06917912708,-2.65757357833
1.06959784266,-2.68100631548
1.06962295024,-2.77119730593
1.06677743055,-2.64120276745
1.06965672906,-2.69251984651
1.06995863623,-2.68158797426
1.06723387642,-2.71687953092
1.06775515442,-2.71398400924
1.06893446524,-2.72521703641
1.06801597994,-2.72609349005
1.06771365637,-2.71040119533
1.06697750812,-2.72074704923
1.0670680652,-2.69980230137
1.06701569172,-2.72943299972
1.06911977286,-2.67122124296
1.06783960143,-2.74632317421
1.06760062598,-2.68531681307
1.0703073515,-2.70907913955
1.06870391981,-2.69621023415
1.06943439941,-2.73157024866
1.07158338676,-2.69680826445
1.06794063319,-2.67537560106
1.06605300973,-2.68193787053
1.06865761539,-2.70825024635
1.06906432852,-2.70710960916
1.06573174501,-2.6974204043
1.06807215138,-2.67184870589
1.06469707601,-2.65788616604
1.06678581287,-2.70604236784
1.06840573908,-2.682611766
1.06693474319,-2.70534832933
1.06479085183,-2.71236117102
1.0679778702,-2.67711177343
1.06655619548,-2.6910105275
1.06422048459,-2.68082445247
1.06605772061,-2.68769267112
1.06773363553,-2.75270610235
1.0665756561,-2.72154100336
1.06767044662,-2.67938803789
1.06491353638,-2.62736498832
1.06553064481,-2.69073627226
1.06650562067,-2.68807066923
1.06907037652,-2.66252702431
1.06657324583,-2.7140070588
1.06792913714,-2.69343750192
1.06660139124,-2.69162253354
1.06530707161,-2.69857409092
1.06726781074,-2.69923004759
1.06827672641,-2.713523061
1.06413807219,-2.66953152512
1.06467804882,-2.65254953918
1.06517446456,-2.66097028962
1.06583797782,-2.67349051496
1.06410116997,-2.68688469922
1.06596645721,-2.70339956782
1.06458784399,-2.69282784799
1.06656113666,-2.65802979047
1.06749945474,-2.70499019897
1.06442106323,-2.6995236987
1.06411576484,-2.67128688416
1.06835412674,-2.66057727627
1.06640277291,-2.68387859608
1.06529840695,-2.64917565062
1.06568770477,-2.66302018168
1.06558621554,-2.66445547017
1.06518761027,-2.68436391114
1.06725530623,-2.65590847505
1.06476280633,-2.68026618263
1.06431895327,-2.65654453843
1.065087112,-2.70936402347
1.06717193277,-2.72225151045
1.06510697706,-2.68558860496
1.06571303855,-2.67858421313
1.06493138928,-2.66809080945
1.06561254246,-2.65254176944
1.06665237738,-2.67384488522
1.066882196,-2.69022982248
1.06336568669,-2.70434235381
1.06527906785,-2.66877424414
1.06817121158,-2.65164050719
1.06657484572,-2.67473712826
1.0659363162,-2.67612027135
1.06812265779,-2.71589791827
1.0672131214,-2.69729450745
1.069273925,-2.66255183465
1.07044845073,-2.67083535371
1.06931241963,-2.72922493239
1.06764056581,-2.66424085785
1.07156706242,-2.62707669873
1.06954130787,-2.66234351231
1.06996951805,-2.6997725389
1.06923940779,-2.68891627552
1.07130928999,-2.71190622844
1.06846110134,-2.65486690511
1.07116934171,-2.67170916219
1.06752345391,-2.6676429906
1.06800787302,-2.68586773718
1.06936893802,-2.64554607075
1.07064191002,-2.68824284857
1.0669099682,-2.66765026406
1.06927163954,-2.67455432949
1.06860249321,-2.64381806481
1.06898519433,-2.63964724812
1.06983275787,-2.67080801767
1.07128321443,-2.69411948169
1.0674358698,-2.67222788548
1.07050875846,-2.6827150519
1.07020611138,-2.67628989787
1.06998742965,-2.64484863422
1.06987603969,-2.69784316393
1.07145989312,-2.68247620429
1.06942406974,-2.66928736765
1.07143252563,-2.68765293275
1.07185148843,-2.68505046811
1.070428735,-2.67057325937
1.06986729196,-2.64748589905
1.0721247607,-2.65083229124
1.07070790109,-2.65177431848
1.06813867159,-2.64069259531
1.06963277387,-2.68339730401
1.0693849909,-2.67431123778
1.06877171971,-2.65464646056
1.07144395373,-2.64873992009
1.06788955016,-2.68788858275
1.06897819594,-2.63506640957
1.07115809155,-2.6886620578
1.07154656806,-2.65641476915
1.0689389342,-2.65878327952
1.0706694543,-2.63686254732
1.07034797915,-2.66477963794
1.06987332268,-2.62428511142
1.07159980999,-2.65211175661
1.07219699807,-2.66016648201
1.06819440322,-4.73097680159
1.0702472356,-2.17508353963
1.07011143101,-2.36073642233
1.07059899877,-2.53248548917
1.06962391438,-2.62610095489
1.070996502,-2.68275561902
1.06872640818,-2.74021964631
1.07201532852,-2.75816258217
1.07331987701,-4.01560972155
1.06752961045,-2.60727600189
1.07091869005,-2.34409369689
1.07296218432,-2.42311518112
1.07130020304,-2.51274077483
1.06968906123,-2.51587107818
1.07031500715,-2.59128929657
1.07068291814,-2.55927168554
1.07160549816,-2.65103784113
1.07301656209,-2.63108710894
1.06995609102,-2.63565625751
1.07002572191,-2.67093645727
1.07175441614,-2.64675745477
1.07367769406,-2.68125629997
1.07019809076,-2.64435483018
1.07248364867,-2.66129221625
1.0702469547,-2.624251554
1.07030640551,-2.58572278301
1.07353178738,-2.71742056851
1.07221591328,-2.67672165095
1.06865626613,-2.63439090916
1.07069288952,-2.65415148197
1.07119789526,-2.65768731643
1.06956785292,-2.60748875722
1.06965016276,-2.61015896545
1.06943902494,-2.60387595595
1.06918088532,-2.64022378898
1.07222126036,-2.68810246049
1.0712514064,-2.67687962263
1.06842172824,-2.66044628475
1.06972582645,-2.64521652039
1.07142917658,-2.64045677024
1.06930888163,-2.62817395261
1.07022623548,-2.64471698836
1.06974604791,-2.64687476374
1.06937291488,-2.62602911018
1.07095719583,-2.64736035807
1.07186204784,-2.65523056309
1.06951618549,-2.66034158138
1.07102429307,-2.63436928294
1.07179709179,-2.64714814956
1.07188527511,-2.64028749686
1.07038945898,-2.66274707523
1.07238180186,-2.6522088774
1.07143179697,-2.66904493722
1.07146538961,-2.66994817667
1.0712339518,-2.65622323382
1.07012643773,-2.655822264
1.06951337386,-2.67729243687
1.07332982279,-2.6715119471
1.07145876675,-2.69110751289
1.07078010849,-2.65991743468
1.07042711967,-2.62075735356
1.0722354809,-2.64345555681
1.07047549676,-2.61052919315
1.07262207813,-2.63333888454
1.07175565115,-2.66788851725
1.07072551587,-2.65354223895
1.07124659998,-2.65084146258
1.07198326807,-2.64510034768
1.07085272989,-2.65144489721
1.07096199884,-2.64806637953
1.07118832424,-2.66001473196
1.07128457241,-2.67363120821
1.07014694202,-2.66616726538
1.07270011822,-2.65335232632
1.06883998348,-2.62057846566
1.07126713291,-2.63840446363
1.07346933955,-2.67597256579
1.07342630263,-2.6823706439
1.07196137202,-2.68462942911
1.07486006233,-2.68138646712
1.07354682677,-2.64726202062
1.07353035081,-2.68709856866
1.07527237936,-2.67776540957
1.07362346331,-2.63471262394
1.0722228649,-2.68280331107
1.07408866628,-2.63151808195
1.0734914944,-2.70821806507
1.07398892632,-2.65570271215
1.07402503752,-2.61803632265
1.07341346644,-2.61190062119
1.07178602853,-2.68117732631
1.07492888872,-2.69876654612
1.07239086033,-2.65416388404
1.07051186342,-2.63934310099
1.0724905113,-2.63474868348
1.07375680286,-2.66423438453
1.06973355492,-2.61957786893
1.07272134758,-2.67268921381
1.07192703982,-2.70249700402
1.07285526368,-2.66769675272
1.07379412286,-2.67703281695
1.07331294096,-2.66607806597
1.06978477107,-2.65106276904
1.07255925575,-2.6580200474
1.073241538,-2.66551635073
1.07282043297,-2.63427401799
1.07111333634,-2.62865752677
1.07269638029,-2.62574129192
1.07101585271,-2.67834755434
1.07261008828,-2.67074469792
1.0730730481,-2.68734270568
1.07144312257,-2.68258750302
1.06995972263,-2.6499028342
1.07214060922,-2.67597844342
1.0701943444,-2.6292723834
1.07237764181,-2.68350862435
1.07218682544,-2.68158375543
1.07032815771,-2.61500687132
1.07104108128,-2.66167903202
1.07425943471,-2.66598418469
1.07099250701,-2.64201320468
1.07049429777,-2.619584168
1.07241523994,-2.68084393263
1.07330276879,-2.63331545315
1.07044063438,-2.63652482122
1.0717561385,-2.62039016568
1.07108127683,-2.6172236577
1.07136549871,-2.67846202798
1.07180132587,-2.63688154643
1.07201034721,-2.66419096283
1.06910664031,-2.67213826156
1.07192969002,-2.67105950111
1.07254208016,-2.64993982735
1.07161967212,-2.69177755856
1.07012099878,-2.65579854035
1.07146640192,-2.67931736592
1.07017648936,-2.66249085603
1.07180876848,-2.64450592641
1.0726783575,-2.66696038383
1.06991080944,-2.63715437297
1.07085997546,-2.64320808716
1.07333241042,-2.66608095501
1.07253915311,-2.70171767083
1.07182013456,-2.670766251
1.07135025177,-2.64875870462
1.07150843451,-2.68233825393
1.07124004001,-2.67327320105
1.07421070322,-2.64507367376
1.07040434934,-2.64176784768
1.07078533367,-2.67448383981
1.07336997935,-2.6772549785
1.07298326451,-2.67774996505
1.07048496381,-2.67801093322
1.07297928564,-2.65257766682
1.07168585783,-2.67658841837
1.07136253864,-2.64647855723
1.07365281827,-2.66940429371
1.07252671847,-2.61757753399
1.06950183069,-2.64345641512
1.07252037618,-2.62659343916
1.07305404807,-2.65639740198
1.0710696442,-2.62778675815
1.0995093234,2.13193556802
1.07158970942,-3.19960082044
1.07068887443,-2.2233368889
1.07337912215,-2.12545820233
1.07080575594,-2.2935804123
1.06956365705,-2.497395223
1.06953626738,-2.57149064489
1.07195454594,-2.5949643025
1.07107033519,-10.7477735154
1.07590753012,-3.29166659677
1.07523367837,-3.15031174442
1.07366600837,-2.98677309021
1.0748863015,-2.87340501487
1.07752266429,-2.76327617537
1.07551251708,-2.61751973283
1.07795144937,-2.63772705805
1.07957476122,-2.60614449193
1.08590300208,-2.80764909458
1.08019044299,-2.702287309
1.08112247052,-2.60040782487
1.07930282685,-2.63743535252
1.08076071763,-2.66398096591
1.08127047476,-2.61827933935
1.07926743691,-2.62269505297
1.07686767954,-2.61563691059
1.08001205227,-2.61319008473
1.07908081258,-2.63144204639
1.07727309535,-2.6053559071
1.07708130862,-2.59149267044
1.07823480846,-2.62400231794
1.07671653702,-2.62241585937
1.07976566046,-2.61828387315
1.07810729449,-2.64807168065
1.07841072108,-2.62016554259
1.0778432734,-2.58439044129
1.08121802397,-2.62928364379
1.07840799696,-2.63125304317
1.08066867409,-2.64299343968
1.08085720537,-2.65073103225
1.07924386382,-2.60717426471
1.08129190745,-2.63398504431
1.08252425476,-2.5926506103
1.07953902583,-2.63933662233
1.07851793408,-2.62414991768
1.07842293838,-2.62063022634
1.07892862044,-2.57166003092
1.07545618498,-2.59839010739
1.07537040543,-2.58689799313
1.07374722042,-2.60665200321
1.07505948931,-2.5884691092
1.07614558799,-2.57138035695
1.07379992603,-2.58106457158
1.07095914383,-2.58009786362
1.07475087241,-2.58402840385
1.07424522672,-2.53740069587
1.07357017843,-2.5710437426
1.07382858977,-2.6069268296
1.07304747223,-2.61142779325
1.07230280409,-2.61459824827
1.07396541297,-2.58427966523
1.07385264633,-2.62199226455
1.07237716126,-2.65062172368
1.07262269429,-2.58484217848
1.0731322319,-2.60875898958
1.07271498303,-2.5889191996
1.07352884749,-2.61715678943
1.07283657822,-2.62354302452
1.07298772159,-2.60252740433
1.07484853568,-2.62175271359
1.07455193834,-2.56999740667
1.07141467771,-2.5576151731
1.07317191813,-2.62815227988
1.0750876541,-2.62135443155
1.07578655716,-2.56099528047
1.07450442705,-2.62581057034
1.07449485255,-2.58812732328
1.07343531875,-2.5662409714
1.07526867727,-2.57658900031
1.07564419037,-2.55128863959
1.07383929795,-2.54867295563
1.07354980093,-2.60659774706
1.07669612923,-2.60783717814
1.07433189761,-2.5805331907
1.0736531138,-2.56585819969
1.07364789582,-2.58847774812
1.07474545158,-2.58348673699
1.07349522613,-2.55882965957
1.07674562925,-2.5873137665
1.07398177554,-2.57557737556
1.07348513733,-2.60297341587
1.07521317288,-2.55207082175
1.07503072182,-2.53685289464
1.07422753741,-2.57115106148
1.07450506084,-2.5870489677
1.07426698744,-2.55471189135
1.07436034824,-2.56396724921
1.04955286832,-1.65896018948
1.06502316502,-2.41585174451
1.06288309465,-2.35075760485
1.06305789212,-2.29971436395
1.063028607,-2.25153181867
1.06333945042,-2.27000469173
1.06226321943,-2.24158243642
1.06390471392,-2.28662816408
1.06265057822,-2.24481547048
1.06414195782,-2.34472838029
1.06453999552,-2.36520368644
1.06378997492,-2.36404911733
1.06359755253,-2.30163349742
1.06563199786,-2.31970966703
1.06536933185,-2.33908219231
1.06497051719,-2.34673914724
1.06530894169,-2.3492824197
1.06452818149,-2.35517790997
1.06398258241,-2.30537635376
1.06621856261,-2.30630988184
1.06449468504,-2.31148655026
1.06426114126,-2.27588503653
1.06592741429,-2.31245370167
1.06468987556,-2.29132067142
1.06411894472,-2.32496764042
1.06672656155,-2.31247468705
1.06592576828,-2.32983562601
1.06405459585,-2.3083950244
1.06472506299,-2.32092889808
1.06681778532,-2.31426794505
1.06352618165,-2.34719225096
1.06465921993,-2.32098808581
1.0650029565,-2.34153422775
1.06551737747,-2.35568065808
1.06356551852,-2.2820117517
1.06605055044,-2.30817064393
1.06351573043,-2.31431385343
1.06648322405,-2.29778472832
1.06727866912,-2.32808657106
1.06359699681,-2.32227652271
1.06438206371,-2.34269634118
1.06686048238,-2.28253693635
1.06649046424,-2.29895808635
1.06705715108,-2.31902508272
1.06567672319,-2.30881824191
1.06491633579,-2.29099852554
1.06671766254,-2.36247628023
1.06808872768,-2.32975566365
1.06541171042,-2.30633425272
1.06630515563,-2.35167817927
1.06617186133,-2.30503964038
1.06690569896,-2.3428170183
1.06682117209,-2.3350723778
1.06759340891,-2.31931752556
1.06503572676,-2.31786368827
1.06563029809,-2.30496957821
1.06787995287,-2.29644904666
1.06734998958,-2.32832170729
1.06330627227,-2.28038506928
1.06480986869,-2.30004856286
1.06625876932,-2.31510911404
1.06553846234,-2.35044270826
1.06497927869,-2.30163731502
1.06503187427,-2.30284076033
1.06332092364,-2.31301259886
1.06643860645,-2.30847905857
1.06713953631,-2.30682547296
1.06352157711,-2.29405676045
1.06432911796,-2.31190154825
1.06634135977,-2.33143995405
1.06495663283,-2.28063977209
1.06570246866,-2.30166777401
1.06528235687,-2.27720470993
1.06581810954,-2.31135703872
1.06686788317,-2.2553726451
1.06775777182,-2.26177627774
1.06562856042,-2.29141509559
1.06571006781,-2.27871759906
1.0680503925,-2.30370905218
1.06904889598,-2.29996628177
1.06682491041,-2.28953316188
1.06905750314,-2.31656312104
1.06757903647,-2.28309874561
1.06994922989,-2.28471119769
1.07154281924,-2.28971405575
1.0709295511,-2.29811836944
1.0686393877,-2.28994817265
1.07252595952,-2.30410814226
1.07092374369,-2.28319464046
1.07074401024,-2.28665777675
1.07069379859,-2.30053130813
1.07071108827,-2.29456821582
1.07002773287,-2.33063425716
1.07227028019,-2.32906133243
1.071520229,-2.29844355785
1.06927128325,-2.2942767051
1.06942282998,-2.28521190014
1.07170958737,-2.25547258406
1.07057127693,-2.29044056973
1.07089452344,-2.28303657705
1.06927547712,-2.31006178895
1.07049770773,-2.28181157348
1.07185806919,-2.25811840873
1.07314509563,-2.31151817821
1.06948604611,-2.27468238147
1.07090483437,-2.25306723508
1.07278571196,-2.28956487684
1.07261000897,-2.29289900594
1.07237390277,-2.2799463934
1.07281854576,-2.27652860562
1.07078792187,-2.27566308351
1.07105932997,-2.25304695917
1.0715879886,-2.30618840347
1.07083373822,-2.29869460233
1.0687455777,-2.25071647227
1.0712120856,-2.2675685334
1.06843165484,-2.29424579227
1.06893628685,-2.22948127853
1.07003073444,-2.26868562362
1.06881093284,-2.29968451965
1.06849778463,-2.27687539709
1.07170823915,-2.29608014816
1.07062806634,-2.2693109538
1.06801421134,-2.28845881863
1.06834244119,-2.26525678061
1.07100202128,-2.3111931115
1.06943101301,-2.25499864347
1.06997164941,-2.25590675783
1.06807763546,-2.26948748643
1.06891107361,-2.27818023783
1.06979496814,-2.25539109436
1.07097557716,-2.285315106
1.06916934802,-2.31516629492
1.06931230746,-2.27459166227
1.07085182181,-2.28892530891
1.06981836797,-2.29303052116
1.07002946679,-2.26131875882
1.07207731906,-2.26027610612
1.06947670797,-2.26457151735
1.07129558035,-2.25267373261
1.07307830011,-2.28935659662
1.07281077535,-2.26078644974
1.0700313427,-5.71917954831
1.07384003718,-1.89999353652
1.07181367028,-2.07499823466
1.07327456386,-2.16355489855
1.07219819311,-2.26097921898
1.07067843307,-2.32184749771
1.07219442866,-2.35439052392
1.07589190374,-2.40092473209
1.07568981304,-2.40104671142
1.07133733857,-2.39711605134
1.07248701037,-1.82172858231
1.07435704717,-1.99700691373
1.07351767641,-2.10414105132
1.07331716813,-2.15627110288
1.07184023781,-2.2188797589
1.07232245918,-2.20539539246
1.07287760942,-2.23767097698
1.07334815338,-2.2622316776
1.0709064903,-2.23455776588
1.07327507678,-2.22596922319
1.07413136509,-2.27180103452
1.07354908597,-2.24213677596
1.0743515411,-2.26774543546
1.07417517678,-2.26875065669
1.07202548942,-2.21898173906
1.07465248331,-2.25163652199
1.07546570638,-2.26160761911
1.07439858541,-2.26478967545
1.0732609284,-2.26760546238
1.07455402822,-2.24220339081
1.07440605696,-2.25691543328
1.07586498127,-2.22946265033
1.0758102385,-2.25703516977
1.07461072275,-2.29132748395
1.07400030364,-2.27184643466
1.07739843141,-2.24261189032
1.07442099385,-2.28478495442
1.07501994462,-2.27354584188
1.07608662493,-2.22456617888
1.0764516407,-2.29008043649
1.07506153178,-2.24806692665
1.07680247125,-2.27924116549
1.07529712428,-2.24542472675
1.07632638568,-2.25532055102
1.07678586407,-2.24544249848
1.07667589809,-2.28047303204
1.07359399293,-2.25904611418
1.07667407266,-2.27818848005
1.07659251909,-2.26752414069
1.07627869176,-2.26439035242
1.07512918479,-2.27842708702
1.07561079051,-2.25204195909
1.07471649401,-2.24317005983
1.0763145935,-2.2470150905
1.07623066034,-2.24730032783
1.07579166987,-2.27012047102
1.07512296106,-2.2078374328
1.0776096226,-2.28088427839
1.07570143385,-2.2483082145
1.0781580517,-2.26852530036
1.07708918458,-2.22758854188
1.07746928988,-2.27964061273
1.07784553697,-2.26177325826
1.07918198518,-2.25564138096
1.0780546594,-2.26652911971
1.07703609601,-2.27182206585
1.07834139137,-2.29214888442
1.07953894418,-2.25950185497
1.07837645167,-2.28585227701
1.07958116479,-2.24810121836
1.07753291347,-2.27852255798
1.07843929784,-2.2653880851
1.08025436179,-2.23129057209
1.07947711359,-2.28439262157
1.07742609866,-2.24663849325
1.08035587613,-2.27609017547
1.07988442031,-2.2658187607
1.07978625696,-2.28146861872
1.07906596357,-2.28688452788
1.08110964448,-2.2445453007
1.07874722271,-2.24441512523
1.08109523225,-2.28813863871
1.08079683098,-2.26611805774
1.08132949799,-2.28026912611
1.08090916283,-2.26488104733
1.08276366141,-2.31610459651
1.08037556609,-2.25196664888
1.0814443465,-2.26388211831
1.0815402542,-2.26017549166
1.07987975656,-2.27303974371
1.08259590974,-2.28938922043
1.08401725845,-2.2811844761
1.08083173772,-2.26965145927
1.08101806161,-2.29074939484
1.08231932419,-2.2978135163
1.08304062103,-2.23796600471
1.08207083499,-2.26590235461
1.08305372635,-2.25353993469
1.08031596481,-2.26271454486
1.08069954313,-2.25323854976
1.08283640019,-2.23794908976
1.08259282711,-2.26408847538
1.08021391798,-2.26021100136
1.08339068369,-2.25986894985
1.08340189274,-2.26195889221
1.081286959,-2.2549373102
1.08294478286,-2.21882461536
1.08197005367,-2.27691129019
1.08012166896,-2.2552871449
1.08263188652,-2.24046278756
1.08182653933,-2.23501306695
1.08130211722,-2.26337733188
1.08037983619,-2.22141619148
1.0818446129,-2.25762938153
1.08083255882,-2.24538090833
1.08342342215,-2.26673182774
1.08220404291,-2.26791101415
1.08076832385,-2.27316970532
1.08379964002,-2.31434544707
1.08483462851,-2.27013965955
1.08111836078,-2.22602728585
1.08091386845,-2.2517001048
1.08316129082,-2.3009680637
1.08343937096,-2.28236491632
1.08406161323,-2.25970440733
1.08397141994,-2.31468897946
1.08182831565,-2.26597723005
1.0847762625,-2.27239950655
1.08518123883,-2.25212046228
1.08452608513,-2.26918944927
1.08266428174,-2.30393138817
1.08598436701,-2.25885752699
1.08506170029,-2.23919217691
1.08514336506,-2.28055382585
1.0836294654,-2.26404025431
1.08442602455,-2.27791873161
1.08366916721,-2.26607339437
1.08790189131,-2.25932417165
1.08652528374,-2.28406709286
1.08480203994,-2.28054354901
1.08445333178,-2.24475926271
1.08693277185,-2.23756914855
1.08457780625,-2.26741132235
1.08698415827,-2.28076814848
1.0848969022,-2.24465357753
1.08482979379,-2.24915552838
1.08569866459,-2.27045014826
1.08773822578,-2.24223105774
1.08491259094,-2.24264469848
1.08525829144,-2.24473299318
1.08624638353,-2.25998796259
1.08691814702,-2.24879006457
1.08657638237,-2.23574478534
1.08676302443,-2.27975373638
1.08526407666,-2.27800691224
1.08811274144,-2.25844318823
1.08976666964,-2.28784775849
1.08754933471,-2.25117905804
1.08644431746,-2.25479110703
1.089824278,-2.27435209071
1.08786028595,-2.24513728708
1.0893032395,-2.26479675499
1.13741454845,3.37124990977
1.08856873389,-2.84334221801
1.08650118296,-1.65992407367
1.09045656878,-1.73336374475
1.08846730868,-1.92767379569
1.08864839077,-2.13064286761
1.09083138402,-2.27705004716
1.09008599308,-2.43526267922
1.08870873156,-11.5645023244
1.08944376885,-2.77910363102
1.09095845697,-2.7802119041
1.08839819891,-2.55308796028
1.08961674467,-2.46936071734
1.09155520548,-2.39432227499
1.08813264066,-2.28347560589
1.08955595961,-2.31479390206
1.08969640619,-2.24917000913
1.09136338216,-2.30696862807
1.08996641948,-2.21320052279
1.08978003021,-2.25191237443
1.08733181551,-2.25532722119
1.09197343426,-2.28168459484
1.091195388,-2.22974055399
1.08873171931,-2.21986044843
1.08909039671,-2.25367601989
1.09266571251,-2.24142082065
1.09090823574,-2.23794769809
1.0919589754,-2.23875453326
1.09126052122,-2.24922238792
1.09127788043,-2.28053629367
1.09039856123,-2.25494570785
1.09416171304,-2.26403374821
1.09125755776,-2.2714630885
1.09241391691,-2.28358082978
1.09316447873,-2.28563289002
1.09304974802,-2.3022989813
1.09381666316,-2.25544727056
1.09430933628,-2.27534986202
1.09203273305,-2.28072030503
1.09266251381,-2.29964282483
1.09456673948,-2.27999908205
1.09478376344,-2.27916150201
1.09270364337,-2.29094586833
1.09250890779,-2.29959889444
1.09208889435,-2.26047954095
1.09397803406,-2.27696544546
1.09444663721,-2.26588232155
1.09358914497,-2.27932934384
1.09158646215,-2.25995354886
1.09491852336,-2.30372281583
1.0945817652,-2.2603193847
1.0932661586,-2.29605133483
1.09429085742,-2.27743447404
1.09586860838,-2.27917267442
1.09369780207,-2.26792108848
1.09542017204,-2.26309005478
1.09513322853,-2.31044091983
1.09415919529,-2.2859973812
1.09541980867,-2.29514683662
1.09745018901,-2.26721883221
1.09542294885,-2.30370631042
1.09612323672,-2.30527775956
1.096300727,-2.28339133142
1.0977224329,-2.29523513995
1.09694049105,-2.32178215564
1.09837155337,-2.28233405594
1.09507435061,-2.27229445423
1.09616755887,-2.25226157525
1.09773115774,-2.28804638072
1.09740307079,-2.27310904151
1.09632618916,-2.28656668018
1.09813848724,-2.27485448067
1.09685438364,-2.25637270853
1.09656232044,-2.29066326977
1.0978176797,-2.26616239228
1.09794433119,-2.29107548268
1.09600379961,-2.24872948918
1.10053220458,-2.31120654152
1.09754563245,-2.29544077454
1.0965942595,-2.27488904511
1.09699425109,-2.30866740534
1.09955547003,-2.2969798579
1.09738336266,-2.25809642699
1.09892953363,-2.31872140147
1.09750404453,-2.28495162624
1.09738352792,-2.27311572609
1.09854866174,-2.26856705653
1.10066892126,-2.32090491801
1.09762676075,-2.29271521179
1.09905285929,-2.27669555575
1.10046115496,-2.30275592488
1.09914886599,-2.25392454489
1.09924999399,-2.29950605557
1.10057709198,-2.30129647522
1.09886390589,-2.28250708535
1.10058458835,-2.29411829237
1.09704864627,-1.89014055259
1.11300600071,-2.44684463761
1.11175012412,-2.39174196613
1.11328435432,-2.34095249075
1.11164585109,-2.30724721342
1.11375070026,-2.30099869006
1.11439569694,-2.35774029491
1.11217720639,-2.33214673067
1.11130044152,-2.28520544646
1.11493916652,-2.19480687258
1.11426944307,-2.19263613611
1.11308133592,-2.2273110262
1.11271379188,-2.17396085198
1.1131929084,-2.18290789765
1.1121783843,-2.19828025026
1.11413523839,-2.200965528
1.11236679317,-2.19157774908
1.11288536292,-2.14744992956
1.11248356405,-2.17642564786
1.11446335914,-2.22066348764
1.1111564568,-2.18049102586
1.11378288751,-2.2083785448
1.11486920161,-2.1623514584
1.11232494204,-2.14867973133
1.11399402442,-2.16028320915
1.11494882707,-2.16905805409
1.11292469951,-2.1724239039
1.11487416039,-2.19284535582
1.11431739805,-2.13754558075
1.11478461092,-2.15034719523
1.11176166592,-2.13011427121
1.11455319169,-2.18054430629
1.11390169117,-2.16299494548
1.11539726413,-2.1496848428
1.11556250285,-2.15362381971
1.11233016364,-2.13591390555
1.11249562253,-2.13032579896
1.1166192103,-2.15952555289
1.11669659099,-2.15019079829
1.11384404473,-2.15940120042
1.11501751445,-2.15099263829
1.11563164136,-2.1628986385
1.11421956049,-2.1488299304
1.11643956342,-2.11248956462
1.11457696745,-2.15460447724
1.1151371248,-2.16806668292
1.11531742528,-2.13899504049
1.11703494084,-2.15236524272
1.11512252945,-2.13804185426
1.11603197262,-2.148891034
1.11597626253,-2.1095343185
1.11592037165,-2.1638050749
1.11782625912,-2.16131199528
1.11787493272,-2.14218674085
1.11477190251,-2.13100974614
1.11721776954,-2.16122091463
1.11994289483,-2.14738336147
1.11956092913,-2.14339327154
1.11756037831,-2.16479063657
1.11931383993,-2.13173512671
1.11918450828,-2.13795944841
1.1205035925,-2.13535278833
1.12061045137,-2.11279894807
1.12029267408,-2.14351113061
1.11885209268,-2.12695565137
1.12401919888,-2.14495074222
1.12104837169,-2.12525717332
1.12054253574,-2.14172692635
1.12093726052,-2.12849844936
1.12211263526,-2.13104435537
1.12169897036,-2.12104180974
1.12344802545,-2.11011683864
1.12097162478,-2.14467849831
1.12136518566,-2.10291234141
1.12389958322,-2.11937933432
1.12524385627,-2.15418018698
1.12225661292,-2.13732848686
1.12353440946,-2.09976362533
1.12396188541,-2.1179369975
1.12416209584,-2.12725968381
1.12486410494,-2.1427208736
1.12536085343,-2.17008951808
1.12324103143,-2.13076833834
1.12618240077,-2.09924222779
1.12491099394,-2.08252129205
1.12607826473,-2.18683625174
1.12480741857,-2.14290187343
1.12714720982,-2.15819951022
1.12588033699,-2.12758502362
1.12711328293,-2.14082821721
1.12716240819,-2.15036435133
1.12667874502,-2.14227188326
1.12687368566,-2.13428667248
1.12981475559,-2.1276291017
1.12800357891,-2.10240090571
1.1280459047,-2.14229318706
1.12766557961,-2.15870143334
1.12894892025,-2.16104813666
1.12740631719,-2.06899400033
1.12995381615,-2.14615008524
1.12716496261,-2.12654742301
1.12831371552,-2.1238451192
1.1305532343,-2.10817368068
1.12962099725,-2.14553629444
1.12794846389,-2.11724069846
1.13100114828,-2.15037389843
1.13046718384,-2.1073695178
1.12808528698,-2.06969861524
1.13008087009,-2.10291744212
1.13137752068,-2.12827713998
1.12785389022,-2.11157970686
1.13126444826,-2.11972030362
1.12911232451,-2.09753360074
1.12959771953,-2.0679261685
1.12941127926,-2.10606411149
1.13089059966,-2.10031959865
1.12907893425,-2.11988994339
1.13213665588,-2.09412697959
1.13161848504,-2.12192495883
1.12810145459,-2.11624109256
1.12948372372,-2.0959827094
1.13282229777,-2.12164887749
1.13038284512,-2.08567349952
1.13187443144,-2.1387669354
1.13055749831,-2.10140050901
1.13095933466,-2.06634699439
1.1315451191,-2.10173214025
1.13217337121,-2.10272681491
1.13033896351,-2.13900272211
1.13081178303,-2.09160670992
1.13243049714,-2.10386199213
1.13041474343,-2.0543107873
1.13063123842,-2.13337416458
1.13159493211,-2.09901872588
1.13253476633,-2.12294863296
1.13205727935,-2.08821098307
1.13362343843,-2.08553501855
1.13108517353,-2.12052766046
1.12868523012,-2.05764794048
1.13230577125,-2.07944976372
1.13244147477,-2.08206932295
1.1322523858,-2.08570427003
1.12936252459,-7.50247396213
1.12981330026,-1.65290048317
1.13032048671,-1.80169089891
1.13346868737,-1.96586656447
1.13232813086,-2.09854207573
1.12937353585,-2.19056582491
1.13116427985,-2.23681431029
1.13222107097,-2.26265854777
1.1322006787,-0.849191460778
1.13020331517,-2.06089195849
1.13157336758,-1.53206336948
1.13208235828,-1.76286293843
1.13188062151,-1.86151351335
1.13181881168,-1.99606045921
1.13038389276,-2.06416795409
1.13129861145,-2.03014750732
1.13232753469,-2.07376363485
1.13051036753,-2.02194955271
1.13006084406,-2.05963875902
1.13256055406,-2.0613135808
1.13067230173,-2.06548700724
1.1330588092,-2.04130564299
1.13231917986,-2.03988048913
1.13185608449,-2.07663491882
1.13004794509,-2.0460434313
1.13467496236,-2.10403271325
1.13265156784,-2.12394229831
1.13200656919,-2.08184393045
1.13243335556,-2.08059228106
1.13314212789,-2.13934917235
1.13081317122,-2.08889826924
1.13359089106,-2.11124877689
1.13113125142,-2.06815333539
1.13125952627,-2.10142135076
1.13225261627,-2.0752217485
1.13385497788,-2.11385316323
1.13105858912,-2.11083511575
1.13166270393,-2.10155346133
1.1317597812,-2.09296129442
1.13199148384,-2.09242143959
1.13293525873,-2.07106531654
1.13241027581,-2.07817687729
1.13000663872,-2.08911607269
1.13294862867,-2.12416899164
1.1339538944,-2.0829195273
1.1327621615,-2.10838714162
1.13218635389,-2.06525498202
1.13354262893,-2.10100383642
1.13229167564,-2.04431462603
1.1331783028,-2.0928071997
1.13392016322,-2.10441793379
1.13258483797,-2.11061157265
1.13300823817,-2.0750256995
1.13572627099,-2.09162182325
1.13222881082,-2.07597596836
1.13411762693,-2.07240489099
1.13516072034,-2.05889924255
1.13484249972,-2.07002606606
1.1344559355,-2.0756407328
1.13763193502,-2.08902631285
1.13470349605,-2.04680378471
1.13412605777,-2.07675969206
1.13465220918,-2.10093889371
1.13623746672,-2.09963233751
1.13435835562,-2.08092745789
1.1347708098,-2.10411870669
1.13273986519,-2.0483659571
1.13383253952,-2.08271094315
1.13496101242,-2.10050420757
1.13462212433,-2.08987311436
1.13284787463,-2.06645672823
1.13547633353,-2.07633443006
1.13589304998,-2.04417022383
1.13387069802,-2.0689870523
1.13530491458,-2.12125644883
1.13735297801,-2.10010254094
1.13588527287,-2.02743361456
1.13838149998,-2.05614827235
1.1358670129,-2.06881831112
1.13829022788,-2.09728523623
1.13572798472,-2.07340371242
1.13939647191,-2.09126063236
1.13717307817,-2.05249503919
1.1371634692,-2.08712817069
1.13607380404,-2.04817677039
1.13588429922,-2.10094947726
1.13697435108,-2.04651034148
1.13876529403,-2.06850441006
1.13565836919,-2.0722392447
1.13419428359,-2.09774643897
1.13698392463,-2.09927873397
1.13804305481,-2.06676889328
1.13502240827,-2.11254228297
1.13579127254,-2.05915672271
1.13445353377,-2.04961680654
1.1348541977,-2.05450413084
1.13599250401,-2.0740487424
1.13725911291,-2.03820855517
1.13350531785,-2.09163421715
1.13708792128,-2.10152165494
1.13677150463,-2.0683631626
1.13565133477,-2.059377731
1.13525973948,-2.08223744907
1.13583859001,-2.07042261317
1.13403206274,-2.0659237341
1.13590610232,-2.05554017377
1.13586620238,-2.07016832021
1.13372627132,-2.05632305583
1.1342911351,-2.07593867347
1.13670775129,-2.07053630598
1.13485798984,-2.0327748199
1.13533115645,-2.05680848237
1.13430071337,-2.03371921502
1.13435733651,-2.06310714581
1.13555238035,-2.09054232186
1.1386330963,-2.0923944131
1.13415647266,-2.05929417691
1.13468620493,-2.08340469256
1.13704906842,-2.05273909808
1.13692048656,-2.08538358498
1.13487580005,-2.05123424033
1.13630661803,-2.09821255974
1.13551064127,-2.08487064176
1.13573136159,-2.08314882475
1.13777313728,-2.07959559639
1.13584780547,-2.09268149461
1.13333387272,-2.08052497774
1.13737961455,-2.07166447341
1.1365734171,-2.06876738975
1.13587414944,-2.08731691859
1.13385908644,-2.06116970064
1.13664995763,-2.10363560617
1.13644104299,-2.03626421503
1.13730424914,-2.0715640211
1.13600785094,-2.05908986358
1.13557109179,-2.07733286384
1.13735465458,-2.0717788005
1.1383127296,-2.07375186507
1.1360644707,-2.0470612024
1.13701101509,-2.09928783441
1.13624463896,-2.04688716549
1.13672474443,-2.0113174857
1.13713971815,-2.09021022743
1.1389082678,-2.09058186192
1.13540568353,-2.06303152471
1.13577049778,-2.04809130296
1.13823840068,-2.07431541396
1.13800117578,-2.05140526794
1.13747485122,-2.07450466311
1.13727234238,-2.07427748042
1.13716833656,-2.07989146204
1.1368248284,-2.04926941321
1.13972946694,-2.03417582715
1.1375300642,-2.07024976213
1.13582212668,-2.08907669597
1.13895849331,-2.0656620712
1.13757226028,-2.04421976975
1.13737787495,-2.07776878356
1.13674643206,-2.08210246754
1.13828527259,-2.03949293701
1.13591399436,-2.05968984492
1.1388935995,-2.05480664026
1.18871644852,3.92175926552
1.1367116278,-3.35525171244
1.13683255731,-1.89988294163
1.13940836653,-1.69164424172
1.13645939138,-1.76378352051
1.13796167009,-1.9338675457
1.13719371509,-1.98486690593
1.13647298641,-2.11085182093
1.13790575067,-13.8277386452
1.14130137444,-2.48022830485
1.13804543481,-2.65467019163
1.13804052429,-2.32635301244
1.13811295605,-2.18717627903
1.13918330963,-2.10050410937
1.13724307474,-2.02385068935
1.13789780909,-2.01368052755
1.13611867413,-1.98297438852
1.1410967501,-2.01779930557
1.14024444715,-2.04538663008
1.13700263739,-2.03259268001
1.13644938688,-2.01976740033
1.14012620447,-2.02643277931
1.1383888802,-2.00681447076
1.13728112094,-1.98141313243
1.1381022389,-2.02969559542
1.13867505481,-2.00999596394
1.13798902512,-2.03065750071
1.13998630243,-1.97563174023
1.13639949643,-2.00841889539
1.13586537133,-2.02445256519
1.137360625,-1.9819761796
1.13812047519,-2.00520908719
1.13718969044,-2.02692686951
1.13682157422,-2.03421426724
1.13587063096,-2.02098575354
1.13519815196,-2.00826020697
1.13748543866,-2.01138873819
1.1368874935,-1.99385871837
1.13346242881,-2.03967655856
1.13484202266,-2.04599544013
1.13594104956,-2.00938386795
1.13586281353,-2.02357791521
1.13574969634,-2.02070316375
1.13607362465,-2.00766513025
1.13516680152,-2.00380597491
1.13626027807,-2.01372159565
1.13791265547,-2.0036442915
1.13459956371,-1.99594165575
1.13376402892,-2.02516337539
1.13760720285,-2.00830127495
1.13593009635,-2.01841714812
1.13404893458,-2.00272663361
1.13484581229,-2.01128424424
1.13445501162,-2.01390873443
1.13417118372,-2.02278503106
1.13738622772,-2.05134097399
1.13347640634,-2.03601314223
1.13187306712,-2.03513026529
1.13432138928,-2.04713975369
1.1342904299,-2.03567859371
1.13133375044,-2.02194445596
1.13413788513,-2.03879330934
1.1320053117,-2.01286973624
1.13157848912,-2.03195112324
1.13184503434,-2.02553658963
1.13232942051,-2.08073434403
1.13002853436,-2.02237361341
1.13251031951,-2.03698208679
1.13171676516,-2.03608601663
1.13023336697,-2.0339325456
1.13079350527,-2.01202675345
1.13124790679,-2.03332913159
1.12965993907,-2.0015544808
1.13224140567,-2.03972881589
1.13203905783,-2.04234948097
1.13077181085,-2.04073910068
1.13003323646,-2.02210860637
1.13326127098,-2.03636634272
1.13038362287,-2.00965758592
1.13023851909,-2.03197554895
1.13104162054,-2.05637129519
1.13034731868,-2.0539293118
1.12906002477,-2.07383776438
1.13087711452,-2.03775217409
1.12766335738,-2.02846633539
1.12901897567,-2.01876179719
1.13067266589,-2.0053438873
1.12982205879,-2.05471142899
1.1279412951,-2.0278110456
1.13064928576,-2.03657535338
1.12817858939,-2.00503652073
1.12838440847,-1.99650188569
1.12967333744,-2.02291522117
1.12955490402,-2.02786796516
1.12776531246,-2.01578390359
1.13002695625,-2.02088431491
1.10274085725,-2.06095209994
1.11925520296,-2.56615298562
1.11967604064,-2.54294913353
1.1200918848,-2.49554530558
1.11768619452,-2.49313171271
1.12163320213,-2.47834893137
1.12101867653,-2.52247552311
1.11700087216,-2.50852876462
1.11821379574,-2.50142759507
1.12324731811,-2.61808640759
1.12187739484,-2.64757487078
1.12348354869,-2.63817117878
1.1219762383,-2.62331068555
1.1227755153,-2.6840208671
1.12272805845,-2.67838105028
1.12290308048,-2.67578981396
1.12083020684,-2.68714488068
1.12190693142,-2.70166280444
1.12479099445,-2.72523358106
1.12344754603,-2.69640155729
1.12225239441,-2.70815097409
1.12374763768,-2.74063769131
1.12229615911,-2.66905201493
1.12232914116,-2.70282094675
1.12493379139,-2.70765423573
1.1244165328,-2.73931826155
1.12097248847,-2.71986937658
1.12335825939,-2.71865298132
1.12354468614,-2.72105780222
1.1241116165,-2.74457741726
1.12193031535,-2.74678969284
1.12308305175,-2.77229646283
1.12132408454,-2.7248108263
1.12564146931,-2.76885064747
1.12523732814,-2.75110648028
1.12330535738,-2.76757643725
1.12388905256,-2.75981607322
1.12663428578,-2.77469105751
1.12512364688,-2.775164851
1.12580587248,-2.77788715271
1.1260510043,-2.77837640453
1.12528118755,-2.78230045682
1.12686634908,-2.76391527946
1.12818634756,-2.78281577032
1.12552449143,-2.7838938036
1.12735611914,-2.76670971784
1.12818112928,-2.77688812025
1.12912611839,-2.81620003832
1.12697957256,-2.75680005619
1.12857828997,-2.78657795086
1.12592797656,-2.78853456548
1.12762882231,-2.78352803547
1.12970257627,-2.72748919429
1.12868572185,-2.75501394377
1.12749060823,-2.78882295761
1.13099497651,-2.78258267439
1.12982185316,-2.82443049999
1.12964980649,-2.80922291097
1.12851701086,-2.82088261193
1.12772510357,-2.80301943176
1.12819806057,-2.83626607582
1.13097052199,-2.78664641274
1.12814560739,-2.83755701081
1.12718272574,-2.818805071
1.12725517846,-2.8341363408
1.13034686589,-2.81570370899
1.12849676144,-2.84272418683
1.1287286599,-2.82642318909
1.12738133685,-2.80080776731
1.12816969214,-2.83922539605
1.12811598853,-2.81584507424
1.12973450807,-2.83273747774
1.12633212683,-2.85410355474
1.12855701365,-2.80777255175
1.13036597708,-2.88446531512
1.12995434119,-2.83713031785
1.12807787839,-2.80929791051
1.12995241795,-2.83016864824
1.12799525804,-2.82667337096
1.1294534319,-2.86677868855
1.1300360483,-2.85981205444
1.12835313169,-2.80926769813
1.1276050448,-2.81484536418
1.13013123566,-2.84499518535
1.12900102584,-2.86027025256
1.12927755892,-2.85276952413
1.12909196746,-2.84161349284
1.12791119571,-2.81574102791
1.12791796348,-2.87232651441
1.13134954225,-2.88015507281
1.12754629401,-2.83173239038
1.12780341293,-2.88208071408
1.12686518273,-2.86143029363
1.12865661192,-2.81663988694
1.1252980709,-2.84435521834
1.12713598317,-2.83470524768
1.12542464291,-2.85183217083
1.12754043549,-2.87789155648
1.12676694928,-2.89920267164
1.12628811302,-2.82994153306
1.12406317567,-2.84108967943
1.12662929424,-2.83362669804
1.12697752866,-2.87538746967
1.12484038563,-2.8501600761
1.12545337312,-2.92303702071
1.12632087452,-2.79991731203
1.12353035595,-2.84233745381
1.12473360963,-2.7970260105
1.12524950737,-2.85085558086
1.12445174129,-2.82849415117
1.1232498182,-2.88221418635
1.12534076084,-2.88737421498
1.12334982684,-2.8451789202
1.12394306762,-2.83162571125
1.12391159303,-2.87674782867
1.12267189807,-2.86259642057
1.12219090519,-2.84746573791
1.12592512367,-2.91015337789
1.12130197589,-2.83070682389
1.1208516454,-2.84486601155
1.12233090422,-2.89495100104
1.12300311539,-2.86616086849
1.12097887581,-2.88570421239
1.12200595171,-2.86525507422
1.1188957994,-2.84901785455
1.12085502719,-2.8827976258
1.12169580852,-2.87085879337
1.12040336586,-2.84112262574
1.11810631262,-2.86267146704
1.12057926483,-2.86365071759
1.12191361094,-2.86641081723
1.12017337447,-2.84160695089
1.12032684382,-2.88589525281
1.11893790033,-2.85010285982
1.11759628037,-2.88278397954
1.12034139895,-2.87822893286
1.1212308331,-2.84616769917
1.12024544096,-2.8673649443
1.11879626156,-2.86496048143
1.12017973026,-2.85682953317
1.11867194253,-2.86868065049
1.12040699414,-2.86218201937
1.11994807312,-9.86502002939
1.11924649712,-3.05725211003
1.11996209039,-2.80802221993
1.1235783451,-2.78125746557
1.11790838017,-2.85328103291
1.11819319198,-2.94061242501
1.12022851322,-2.95880361748
1.12042216806,-2.980481002
1.12219618862,-0.839510238723
1.11965487158,-2.53654581741
1.11772262315,-2.35044254588
1.11852363155,-2.58647802263
1.1214624102,-2.73111347706
1.12014447472,-2.75444392795
1.11626602919,-2.78364835965
1.1194853635,-2.81961058301
1.1186174404,-2.8458783724
1.11868024415,-2.93167194986
1.11864179166,-2.90034605078
1.11772975063,-2.86851238408
1.11744582449,-2.88356407672
1.11903222484,-2.85691431886
1.11779227438,-2.82806483176
1.11716994563,-2.8680433252
1.11821261174,-2.86245547622
1.12019178872,-2.85634766297
1.11760478767,-2.86224334542
1.11878377749,-2.87062649575
1.11800386657,-2.91503912098
1.11772706606,-2.84470782965
1.11913570497,-2.87639406107
1.12066249474,-2.84264627307
1.11731190179,-2.8580318945
1.11687427278,-2.84554490061
1.11913180464,-2.86079629129
1.11977345699,-2.87925398951
1.1167926565,-2.85341429092
1.11990599878,-2.86254942429
1.11687310641,-2.84870454518
1.11828585841,-2.86038146521
1.11980960937,-2.87398211906
1.11797872472,-2.8574039291
1.11637361106,-2.85748323272
1.12194586905,-2.90785443255
1.11951954407,-2.89067997082
1.11786159457,-2.85509128989
1.11736221794,-2.83139226765
1.11855500951,-2.85719165158
1.1161883431,-2.88531937938
1.11981492684,-2.86269844189
1.11878963181,-2.8769650259
1.11659356553,-2.84473661096
1.11730136862,-2.86582378621
1.11713762159,-2.87420086562
1.1159029699,-2.86261220615
1.11830009042,-2.84841267008
1.11701762925,-2.85515495708
1.11566944853,-2.86638509152
1.1174609686,-2.86202897186
1.12034096167,-2.85638347037
1.11719241686,-2.88501565926
1.11845958731,-2.89068271716
1.11842527879,-2.87474086962
1.11780146748,-2.86653229903
1.11890611945,-2.90027440593
1.11918487454,-2.86754134919
1.11755232634,-2.87706764815
1.11995347126,-2.91461146075
1.120088887,-2.89622735012
1.11708649671,-2.88758463146
1.11681655584,-2.89404643251
1.12037878792,-2.88260423775
1.12041495782,-2.90866735514
1.11863402033,-2.90404550697
1.11825249686,-2.86465779497
1.11811858471,-2.88647139997
1.11654269699,-2.91444520295
1.12051763364,-2.88164627469
1.11898171708,-2.87422228415
1.11781868882,-2.8992244007
1.11733261227,-2.92339205008
1.11836515078,-2.89297912487
1.11761881961,-2.89555821479
1.12027459113,-2.93221299847
1.1191275959,-2.95883027293
1.11662934636,-2.87186483751
1.11944682027,-2.92733450451
1.12060514774,-2.89427765604
1.11656856648,-2.84310532559
1.11743823951,-2.90465807428
1.119985452,-2.91495294079
1.11931855463,-2.87118908944
1.11943853782,-2.8860891617
1.11990816591,-2.90783210558
1.11764022069,-2.90705367486
1.1213471063,-2.90629647688
1.12076406876,-2.88320531955
1.12020375331,-2.91633649656
1.11826286389,-2.9007576219
1.12111481548,-2.92730771375
1.11976186822,-2.85681593543
1.12147071664,-2.93858725694
1.1203515468,-2.89178654841
1.1194981815,-2.88690711013
1.11922052016,-2.9021986743
1.122665939,-2.87408488092
1.12031704832,-2.91582161291
1.11890313285,-2.86509922576
1.12010953739,-2.89469707915
1.12257317793,-2.90833339126
1.1191868159,-2.89247565537
1.12154901946,-2.89048648734
1.11873773043,-2.86916007325
1.12030200324,-2.90546641228
1.12231526389,-2.90065215731
1.12247322425,-2.91902172658
1.11937180967,-2.9023911123
1.12133037826,-2.91994203882
1.12202628909,-2.9454732081
1.12235063293,-2.89645268307
1.12213260916,-2.92265185525
1.12270252363,-2.89638903391
1.11995821751,-2.88686577874
1.1226210374,-2.89366199385
1.1228322347,-2.87084589296
1.12094582153,-2.89824527391
1.11982192971,-2.86134098385
1.1237657824,-2.89781696936
1.12275750775,-2.94559972219
1.1232588233,-2.91935446624
1.12254095935,-2.94392333773
1.12149356474,-2.91191580358
1.12240307809,-2.93961388439
1.12338276639,-2.87262732216
1.12104948642,-2.92767704053
1.12131181344,-2.8755305314
1.12272991479,-2.89423953767
1.1228064818,-2.9068316709
1.12088903523,-2.89920026066
1.12336976717,-2.87036250031
1.12030407697,-2.9395029365
1.12115800788,-2.90205312138
1.12137455927,-2.93951785592
1.12269118493,-2.92286737676
1.11880085961,-2.9032529832
1.12042826094,-2.93597179247
1.11954304878,-2.91371393505
1.11988230995,-2.91198527908
1.12017384954,-2.91658626307
1.12003168531,-2.90580561621
1.11786768009,-2.87064905838
1.12033194585,-2.89974885156
1.12070432754,-2.94477307823
1.11721721723,-2.89060137683
1.11830061621,-2.90665602383
1.12341158989,-2.91198557311
1.11963648051,-2.92098534864
1.12105060309,-2.89376811066
1.11917042783,-2.89917369449
1.11962912049,-2.88653857951
1.11911063241,-2.91878976151
1.1218004167,-2.91227904791
1.16483472045,3.14022026185
1.11883790321,-3.98694731851
1.11930042358,-2.66808630617
1.11867749595,-2.34959528072
1.11852940962,-2.52328847602
1.12027608559,-2.70308147194
1.11677993108,-2.84019080903
1.11743729451,-2.88554812232
1.12027935336,-15.8646458007
1.11535653481,-2.60013766334
1.11631107567,-3.09595683895
1.11625168422,-3.14674512916
1.11663763754,-3.0796194238
1.1159630838,-2.92336977201
1.11543556078,-2.85999659266
1.11507446257,-2.85874372104
1.11406691922,-2.90732598928
1.11449190946,-2.85948041211
1.11903234062,-2.96128833823
1.1131785863,-2.89745662098
1.11359386879,-2.87137687961
1.11577725257,-2.84682456134
1.11375894881,-2.88959198989
1.11614573257,-2.91709980697
1.11351219722,-2.86658663683
1.11257419882,-2.8821301531
1.11285899163,-2.89680946039
1.11597237595,-2.94224890134
1.11233283417,-2.92045224593
1.11395500716,-2.91111424708
1.11326709776,-2.93521880975
1.1117377732,-2.87468751201
1.11204490808,-2.89117133695
1.11360866545,-2.86597185602
1.11045129471,-2.88958606796
1.1124037621,-2.90916416295
1.11359126381,-2.9462394354
1.11105186561,-2.8942781327
1.10840169913,-2.89330040458
1.11201213083,-2.90994861761
1.11211768372,-2.92288831442
1.11181636273,-2.89664695242
1.11172307276,-2.9059112983
1.1107227478,-2.89809235872
1.10880972769,-2.90417454364
1.11346503542,-2.95678269588
1.11187317109,-2.94534985813
1.11072881412,-2.9192124822
1.11023680917,-2.91710953652
1.11260297418,-2.89453913712
1.11072428231,-2.90567894753
1.11247968123,-2.90922106538
1.11098077445,-2.9000189053
1.1111772121,-2.8762772242
1.11214169859,-2.91613792777
1.11481069847,-2.90878445708
1.11085995944,-2.88683409476
1.11307569443,-2.88820032453
1.11497459399,-2.93900845081
1.11425842923,-2.93089409723
1.11401664,-2.88676768376
1.11504597636,-2.90631674218
1.11296445032,-2.92137826323
1.11473144226,-2.90283731295
1.1162252852,-2.89005151246
1.11461826999,-2.91141752929
1.11252670306,-2.91905103828
1.1153173871,-2.90079294594
1.1137221107,-2.87321155355
1.11535462704,-2.88501668228
1.11611854306,-2.9227282873
1.11473142475,-2.91963116083
1.11319472798,-2.90367748725
1.11705615457,-2.89198382996
1.11531730569,-2.88390274939
1.11349850699,-2.92359436405
1.11536789952,-2.94892862442
1.11701366025,-2.92139114654
1.11383742685,-2.95172225764
1.11473593188,-2.89036322058
1.11349829757,-2.88737912392
1.11405938438,-2.94389866694
1.11590641069,-2.98593077664
1.11651030573,-2.92845416019
1.11361359153,-2.92804791981
1.11600880297,-2.93759205552
1.11570252062,-2.90833381992
1.11405679306,-2.96804903476
1.11520390377,-2.97415870736
1.11847678389,-2.98915998719
1.11299531677,-2.93360447425
1.11556389494,-2.92965614559
1.11562544401,-2.93606714332
1.11480431115,-2.91734337285
1.11441736364,-2.9398092256
1.11694735038,-2.96345738969
1.11612358895,-2.17319916396
1.13255729961,-2.64664033334
1.13320763986,-2.52606094766
1.13211955732,-2.61655989997
1.13204062533,-2.57551038158
1.13517118303,-2.5840773508
1.13257709643,-2.65807776944
1.13172859436,-2.66085335619
1.13385119435,-2.67496446733
1.13681808366,-2.7977651673
1.13397962191,-2.80507673028
1.13563255838,-2.77870902016
1.13271740627,-2.78422013196
1.13324676883,-2.74667756271
1.13563782413,-2.8448777912
1.13619777224,-2.80277184876
1.13393319538,-2.83673928434
1.1345321035,-2.88235475024
1.13583381972,-2.89071154647
1.13617484877,-2.87898234712
1.13811057263,-2.89874763987
1.13770609013,-2.92443390542
1.13301071879,-2.88494804531
1.13613894674,-2.88279120305
1.13693486858,-2.85315150656
1.13579928404,-2.85051729641
1.13418606108,-2.9072627155
1.13578569719,-2.89145695652
1.1347603613,-2.91826850248
1.13686290309,-2.85648734719
1.13695451856,-2.94875394199
1.13499222801,-2.92610813486
1.13545407926,-2.91181120839
1.14059366729,-2.94938925009
1.13836567576,-2.94671087477
1.13756539746,-2.924442582
1.13974018362,-2.92655637714
1.14076488223,-2.92609595185
1.1398555273,-3.00551968972
1.14259318126,-2.96039593398
1.1390248408,-2.96643846804
1.14012853074,-2.96143497503
1.14129527301,-2.9917090942
1.14125798156,-2.93882991153
1.13736249052,-2.94592628581
1.1402716418,-2.95539563448
1.13987389168,-2.98093849202
1.13897884573,-2.97988307109
1.13866230248,-2.98495481797
1.13742375547,-2.96958189579
1.13400644833,-2.95040165839
1.13830546789,-2.95189011545
1.13738513198,-2.97504601497
1.13494945034,-2.96978592815
1.13560045018,-2.95199600624
1.13711735872,-2.93420425378
1.13589894153,-2.97247552876
1.13920544196,-2.9888506504
1.13862122416,-2.99901614513
1.13644117892,-2.98254494917
1.13748279874,-2.9695430046
1.13977407923,-2.99869055967
1.13618124826,-3.00885160455
1.13687806818,-2.99257891524
1.13701671282,-2.9783624689
1.13743738894,-3.04521663645
1.13577605565,-3.01674895294
1.13783108054,-3.03786143101
1.13269589771,-2.98144189493
1.1346818785,-2.97761984643
1.13724272281,-3.03770577505
1.13514238313,-2.99990507566
1.13136656818,-2.98578924969
1.13585573482,-2.9912737804
1.13437444186,-2.99929571991
1.13447111524,-2.99020288551
1.13330464237,-3.03106921632
1.1342908599,-3.04373112337
1.13007876527,-3.00277694864
1.13339574146,-3.02368851918
1.1333775662,-3.02259183239
1.13278940872,-3.0185495526
1.13295390011,-3.00291119327
1.13341853759,-3.01312849465
1.13143232888,-3.02599135958
1.13467463644,-3.0179307803
1.13380501087,-3.01659636353
1.1316286518,-2.99536694817
1.13275818809,-3.0240323602
1.13626153578,-3.02304867764
1.13157686796,-3.01308759209
1.13333681098,-3.01571029012
1.1340144619,-3.04505788127
1.13479609728,-3.02947297521
1.13345065752,-3.02021618502
1.13540169114,-3.05415221874
1.13319916663,-3.04980569253
1.13495451573,-3.04856426599
1.13626389813,-3.05267805647
1.13483189313,-2.99574857506
1.13408414957,-3.03048465867
1.1355101268,-2.97661265063
1.13500981697,-3.04352720244
1.13475601846,-3.01846125561
1.13657711693,-3.0246931272
1.13669449663,-3.05263855976
1.13285708522,-3.01029332733
1.13608738427,-3.00889936658
1.13606291805,-3.03177783942
1.1347045764,-3.02813699372
1.13498734882,-3.06276819894
1.1369497161,-3.05155665832
1.13451935051,-3.04954939646
1.13651109498,-3.02017362443
1.13657499082,-3.02330221305
1.1352751249,-3.03064605193
1.13684301265,-3.04952289409
1.1389148781,-3.02594527311
1.13419451517,-3.03749792958
1.13482566314,-3.04779759325
1.1359001886,-3.0164897152
1.13693053881,-3.03387628946
1.1375032829,-3.04432349745
1.13764937312,-3.0178617891
1.13365412046,-3.05823405355
1.13712635031,-3.05371837041
1.13886691953,-3.04865296185
1.13727874153,-3.04778516377
1.13611342898,-3.00851818511
1.13858960916,-2.98815989425
1.13695629394,-3.03354342667
1.1374237742,-3.00996799665
1.13843753047,-3.0476145112
1.138061173,-3.03037652914
1.13725195834,-3.06983715136
1.14015649904,-3.05219911215
1.13853379671,-3.05022257131
1.13604228589,-3.01856665448
1.13782878015,-3.05232652743
1.13926871884,-3.06906234398
1.1366288296,-3.0387963077
1.14007428561,-3.03559441783
1.13618845071,-9.30810534574
1.13707234325,-3.10594096685
1.13850913765,-2.99531277202
1.14079132451,-2.9424393616
1.13796447771,-3.01930910962
1.13766623805,-3.07135989075
1.13775603752,-3.1485244128
1.13814692317,-3.15179233221
1.15676255921,0.633553768797
1.13967618518,-2.88091719823
1.13758420794,-2.59104292156
1.14085121877,-2.72606960039
1.14086072627,-2.78903805787
1.138810362,-2.86289498182
1.1384274913,-2.94573280492
1.14152928069,-2.93346810293
1.14030937873,-3.01487966284
1.13829220029,-2.79699317913
1.14112154067,-2.99113978888
1.13925109445,-3.03171230802
1.13918335345,-3.02379041055
1.14219814564,-3.04487861394
1.13962204242,-3.02429584811
1.13975647005,-3.03447121524
1.14073491795,-3.05312671175
1.14107697523,-3.04686522199
1.13905448576,-3.0271656288
1.14310097897,-3.05565342479
1.14002475375,-3.03647566013
1.1392050389,-3.02194936252
1.13996507654,-3.03631724342
1.1416338592,-3.02384836982
1.13777112063,-3.03471819916
1.13917635997,-2.99928981574
1.13916882535,-3.02456081646
1.13870578069,-3.0214780831
1.13793349822,-3.016453114
1.1389311244,-3.0173937255
1.13536870741,-3.01142012016
1.13994424812,-3.03307457262
1.1399172501,-3.04825218849
1.13734316567,-3.0471513424
1.13683736168,-3.03891573405
1.14152009941,-3.04614833265
1.13756204989,-3.0528312226
1.14018096806,-3.0141113243
1.14061495738,-3.05634431885
1.13869120648,-3.05695290635
1.13844515858,-3.05262541931
1.14249918964,-3.06334229091
1.13974239723,-3.07400370744
1.13992154352,-3.04460323665
1.14076614227,-3.03260483587
1.13918787751,-3.02819188365
1.13866185022,-2.99468149169
1.14273119197,-3.03965235348
1.13978799303,-3.07879648695
1.13942617225,-3.03445513259
1.14159117409,-3.04259117204
1.14182910182,-3.06642270492
1.1380541666,-3.06440360777
1.14014533165,-3.04557561669
1.14016398434,-3.07939120709
1.14040118668,-3.02451508422
1.14062791336,-3.08104076622
1.13929119343,-3.05481937369
1.13661570369,-2.98379642672
1.14156079188,-3.04410051163
1.14249134622,-3.02992735657
1.1410246202,-3.07033087252
1.13940205384,-3.06428158532
1.14030204193,-3.06326291095
1.13846512411,-3.01822522721
1.14134395204,-3.04765785092
1.14100061609,-3.08047747163
1.13835154971,-3.01604453382
1.13931807803,-3.06372234728
1.14206632396,-3.05099324751
1.14020732934,-3.07840246961
1.1402116595,-3.02592134416
1.14093082661,-3.07674359049
1.14105701233,-3.07936292264
1.13978455546,-3.05692515433
1.14285418635,-3.07174760452
1.13827538033,-3.03733436167
1.13928507565,-3.06933960424
1.14123803531,-3.06089416078
1.14063684697,-3.04480869364
1.13867679477,-3.0380342131
1.14081567825,-3.03673042464
1.13847329242,-3.02408123907
1.14077275931,-3.05391960463
1.14065341528,-3.066027988
1.13948014829,-3.06142169008
1.13672288929,-3.03899862995
1.14093721015,-3.03651994594
1.13995392643,-3.05235854371
1.13855403204,-3.04245019057
1.13849122668,-3.03951887652
1.13892322841,-3.05374700861
1.13885205683,-3.04772198505
1.13968687729,-3.01731315985
1.13916958595,-3.06929048081
1.13745679919,-3.04237579686
1.13956263976,-3.07304586936
1.14291264577,-3.08220866342
1.13800980788,-3.04551347313
1.13925106902,-3.05539147988
1.14043333031,-3.10694568034
1.1408837702,-3.06497275189
1.14005151677,-3.02851021203
1.14263952762,-3.06654938333
1.13920545656,-3.0564764741
1.14040284801,-3.04988894764
1.14269112496,-3.02774063587
1.14201694547,-3.03724841715
1.13855721092,-3.02686732948
1.14272542271,-3.05417294915
1.14135159097,-3.08006613412
1.14250310666,-3.07670234634
1.14404542435,-3.06903727547
1.14162252418,-3.03018373993
1.14001136581,-3.03592489937
1.14476298227,-3.05868153619
1.14313640333,-3.08076464008
1.14206548358,-3.08046925273
1.14151563761,-3.05122118682
1.14352932198,-3.068471869
1.14273615218,-3.08380207358
1.14351948346,-3.06363532527
1.14191325181,-3.05581316606
1.14054941709,-3.0390082414
1.14319433192,-3.07363248401
1.14477243729,-3.08712177254
1.14115456644,-3.06088531565
1.14431956243,-3.05832820316
1.14322446758,-3.01148420602
1.14207066088,-3.04526851827
1.14332694533,-3.04866312557
1.147838398,-3.11954846427
1.14262559076,-3.05064824174
1.14631837142,-3.06578497235
1.14520569521,-3.07131821582
1.14532444393,-3.06716508866
1.1441056511,-3.08285651191
1.1459476987,-3.09253359543
1.14464590466,-3.09244257916
1.14568241947,-3.0694737599
1.14729289677,-3.12067676123
1.1448319491,-3.09352938229
1.14445046528,-3.05230612385
1.14861755157,-3.06389287462
1.14772908325,-3.08277060096
1.14517827262,-3.06665813523
1.14690625276,-3.0957454603
1.14642347312,-3.06863803826
1.1453553617,-3.10051657323
1.14819391846,-3.06327332416
1.14621067096,-3.06332548075
1.1455659581,-3.10125913959
1.14665067968,-3.08329862947
1.14846513694,-3.09043587929
1.19597007684,3.45540627747
1.14855649098,-4.424873532
1.14833484448,-3.0732287359
1.14797529832,-2.6080000366
1.14894117064,-2.69276445459
1.15057701487,-2.87960717932
1.14552853027,-2.97883397924
1.14949084305,-3.08913690693
1.15103694045,-15.2398559972
1.14699645112,-2.86108650283
1.15104133857,-3.34996773426
1.15067347053,-3.31146873962
1.15059479941,-3.24324033017
1.15299209172,-3.11585386907
1.15423232881,-3.06689004521
1.15130156882,-3.06402770904
1.15090988648,-3.06634615807
1.1558862036,-3.14478049526
1.15749909437,-3.16614516419
1.15433326069,-3.10957757367
1.15431589105,-3.11745495399
1.15542615071,-3.06409627631
1.15430498721,-3.09042835836
1.1580037912,-3.06136480398
1.15542251816,-3.10953561146
1.15520439953,-3.09746363519
1.15780213178,-3.06987773096
1.15921298177,-3.12330006364
1.15504756733,-3.09151589041
1.15759395027,-3.11370610394
1.15701764247,-3.05642754852
1.15911517345,-3.13861133213
1.15941978036,-3.05965753432
1.15951438375,-3.06004722638
1.1581561563,-3.1125574631
1.16091852046,-3.15957303335
1.16198562234,-3.16000869504
1.16254067227,-3.09813268028
1.16187149793,-3.10515397282
1.16415184866,-3.13285349223
1.16187444129,-3.12244684638
1.16519131734,-3.08732128872
1.16667581565,-3.13762205905
1.16545165882,-3.13004468602
1.16602100756,-3.13446053055
1.16786220072,-3.09179311892
1.16777174936,-3.15454857259
1.16629408096,-3.1290687005
1.16825476828,-3.14191530233
1.16991173257,-3.12234025866
1.16854749653,-3.13986420706
1.17067488054,-3.12333206993
1.1677193556,-3.10474229608
1.17036417576,-3.08301291028
1.17329056029,-3.12836620091
1.17369903174,-3.12492514133
1.17097276606,-3.14352556297
1.17475976354,-3.15092948921
1.17492527324,-3.13491407568
1.17540421939,-3.17055182097
1.17566601467,-3.12505843067
1.1782830596,-3.13049448479
1.17529699375,-3.15930812482
1.17799304578,-3.15536663604
1.17879320818,-3.1597122266
1.17793463134,-3.07039401751
1.17814743082,-3.14617616298
1.18401044085,-3.14176858251
1.17834234631,-3.11808920403
1.18277954614,-3.14662013576
1.18367174245,-3.19287744718
1.18064881537,-3.14881381211
1.18231725563,-3.1217461821
1.18769523922,-3.15527386563
1.18484135922,-3.13247918831
1.18546455172,-3.12392526131
1.18656680521,-3.13596496592
1.18830108128,-3.12927883469
1.18801377346,-3.13235224392
1.19172817811,-3.14379765276
1.19053818068,-3.14811639173
1.1903244976,-3.14094589381
1.19321935969,-3.14561697046
1.19320212727,-3.14139463454
1.1916007346,-3.11862195733
1.19647237188,-3.15089886302
1.19506218438,-3.13869730142
1.19623306989,-3.16068132457
1.19733786713,-3.16134058077
1.19786594015,-3.11754735841
1.1964094237,-3.18945020085
1.19950312703,-3.10775052131
1.19912800755,-3.11599248757
1.19904823505,-3.13817021206
1.20062739701,-3.10111026072
1.20131462781,-3.16689755862
